

Microchip MPLAB XC8 Assembler V2.50 build 20240725155939 
                                                                                               Sat Aug 30 15:53:34 2025

Microchip MPLAB XC8 C Compiler v2.50 (Free license) build 20240725155939 Og1 
     1                           	processor	16F18326
     2                           	pagewidth 120
     3                           	opt	flic
     4                           	psect	idataBANK0,global,class=CODE,space=0,delta=2,noexec
     5                           	psect	cinit,global,class=CODE,space=0,merge=1,delta=2
     6                           	psect	bssBANK0,global,class=BANK0,space=1,delta=1,noexec
     7                           	psect	dataBANK0,global,class=BANK0,space=1,delta=1,noexec
     8                           	psect	bssBANK1,global,class=BANK1,space=1,delta=1,noexec
     9                           	psect	inittext,global,class=CODE,space=0,delta=2
    10                           	psect	clrtext,global,class=CODE,space=0,delta=2
    11                           	psect	cstackCOMMON,global,class=COMMON,space=1,delta=1,noexec
    12                           	psect	cstackBANK0,global,class=BANK0,space=1,delta=1,noexec
    13                           	psect	maintext,global,class=CODE,space=0,merge=1,split=1,delta=2
    14                           	psect	text1,local,class=CODE,space=0,merge=1,delta=2
    15                           	psect	text2,local,class=CODE,space=0,merge=1,delta=2
    16                           	psect	text3,local,class=CODE,space=0,merge=1,delta=2
    17                           	psect	text4,local,class=CODE,space=0,merge=1,delta=2
    18                           	psect	text5,local,class=CODE,space=0,merge=1,delta=2
    19                           	psect	text6,local,class=CODE,space=0,merge=1,delta=2
    20                           	psect	text7,local,class=CODE,space=0,merge=1,delta=2
    21                           	psect	text8,local,class=CODE,space=0,merge=1,delta=2
    22                           	psect	text9,local,class=CODE,space=0,merge=1,delta=2
    23                           	psect	text10,local,class=CODE,space=0,merge=1,delta=2,group=1
    24                           	psect	text11,local,class=CODE,space=0,merge=1,delta=2
    25                           	psect	text12,local,class=CODE,space=0,merge=1,delta=2
    26                           	psect	text13,local,class=CODE,space=0,merge=1,delta=2,group=1
    27                           	psect	text14,local,class=CODE,space=0,merge=1,delta=2
    28                           	psect	text15,local,class=CODE,space=0,merge=1,delta=2
    29                           	psect	text16,local,class=CODE,space=0,merge=1,delta=2
    30                           	psect	text17,local,class=CODE,space=0,merge=1,delta=2
    31                           	psect	text18,local,class=CODE,space=0,merge=1,delta=2
    32                           	psect	text19,local,class=CODE,space=0,merge=1,delta=2
    33                           	psect	text20,local,class=CODE,space=0,merge=1,delta=2
    34                           	psect	text21,local,class=CODE,space=0,merge=1,delta=2
    35                           	psect	text22,local,class=CODE,space=0,merge=1,delta=2
    36                           	psect	text23,local,class=CODE,space=0,merge=1,delta=2
    37                           	psect	config,global,abs,ovrld,class=CONFIG,space=4,delta=2,noexec
    38                           	dabs	1,0x7E,2
    39     0000                     
    40                           ; Generated 11/01/2024 GMT
    41                           ; 
    42                           ; Copyright © 2024, Microchip Technology Inc. and its subsidiaries ("Microchip")
    43                           ; All rights reserved.
    44                           ; 
    45                           ; This software is developed by Microchip Technology Inc. and its subsidiaries ("Microch
      +                          ip").
    46                           ; 
    47                           ; Redistribution and use in source and binary forms, with or without modification, are
    48                           ; permitted provided that the following conditions are met:
    49                           ; 
    50                           ;     1. Redistributions of source code must retain the above copyright notice, this lis
      +                          t of
    51                           ;        conditions and the following disclaimer.
    52                           ; 
    53                           ;     2. Redistributions in binary form must reproduce the above copyright notice, this 
      +                          list
    54                           ;        of conditions and the following disclaimer in the documentation and/or other
    55                           ;        materials provided with the distribution. Publication is not required when
    56                           ;        this file is used in an embedded application.
    57                           ; 
    58                           ;     3. Microchip's name may not be used to endorse or promote products derived from th
      +                          is
    59                           ;        software without specific prior written permission.
    60                           ; 
    61                           ; THIS SOFTWARE IS PROVIDED BY MICROCHIP "AS IS" AND ANY EXPRESS OR IMPLIED WARRANTIES,
    62                           ; INCLUDING, BUT NOT LIMITED TO, THE IMPLIED WARRANTIES OF MERCHANTABILITY AND FITNESS F
      +                          OR
    63                           ; PURPOSE ARE DISCLAIMED.  IN NO EVENT SHALL MICROCHIP BE LIABLE FOR ANY DIRECT, INDIREC
      +                          T,
    64                           ; INCIDENTAL, SPECIAL, EXEMPLARY, OR CONSEQUENTIAL DAMAGES (INCLUDING BUT NOT LIMITED TO
    65                           ; PROCUREMENT OF SUBSTITUTE GOODS OR SERVICES; LOSS OF USE, DATA OR PROFITS; OR BUSINESS
    66                           ; INTERRUPTION) HOWSOEVER CAUSED AND ON ANY THEORY OF LIABILITY, WHETHER IN CONTRACT, ST
      +                          RICT
    67                           ; LIABILITY, OR TORT (INCLUDING NEGLIGENCE OR OTHERWISE) ARISING IN ANY WAY OUT OF THE U
      +                          SE OF
    68                           ; THIS SOFTWARE, EVEN IF ADVISED OF THE POSSIBILITY OF SUCH DAMAGE.
    69                           ; 
    70                           ; 
    71                           ; Code-generator required, PIC16F18326 Definitions
    72                           ; 
    73                           ; SFR Addresses
    74     0008                     bsr             equ	8
    75     0005                     fsr0h           equ	5
    76     0004                     fsr0l           equ	4
    77     0007                     fsr1h           equ	7
    78     0006                     fsr1l           equ	6
    79     0000                     indf            equ	0
    80     0000                     indf0           equ	0
    81     0001                     indf1           equ	1
    82     000B                     intcon          equ	11
    83     0002                     pc              equ	2
    84     0002                     pcl             equ	2
    85     000A                     pclath          equ	10
    86     0003                     status          equ	3
    87     0009                     wreg            equ	9
    88     0000                     INDF0           equ	0	;# 
    89     0001                     INDF1           equ	1	;# 
    90     0002                     PCL             equ	2	;# 
    91     0003                     STATUS          equ	3	;# 
    92     0004                     FSR0L           equ	4	;# 
    93     0005                     FSR0H           equ	5	;# 
    94     0006                     FSR1L           equ	6	;# 
    95     0007                     FSR1H           equ	7	;# 
    96     0008                     BSR             equ	8	;# 
    97     0009                     WREG            equ	9	;# 
    98     000A                     PCLATH          equ	10	;# 
    99     000B                     INTCON          equ	11	;# 
   100     000C                     PORTA           equ	12	;# 
   101     000E                     PORTC           equ	14	;# 
   102     0010                     PIR0            equ	16	;# 
   103     0011                     PIR1            equ	17	;# 
   104     0012                     PIR2            equ	18	;# 
   105     0013                     PIR3            equ	19	;# 
   106     0014                     PIR4            equ	20	;# 
   107     0015                     TMR0L           equ	21	;# 
   108     0015                     TMR0            equ	21	;# 
   109     0016                     TMR0H           equ	22	;# 
   110     0016                     PR0             equ	22	;# 
   111     0017                     T0CON0          equ	23	;# 
   112     0018                     T0CON1          equ	24	;# 
   113     0019                     TMR1            equ	25	;# 
   114     0019                     TMR1L           equ	25	;# 
   115     001A                     TMR1H           equ	26	;# 
   116     001B                     T1CON           equ	27	;# 
   117     001C                     T1GCON          equ	28	;# 
   118     001D                     TMR2            equ	29	;# 
   119     001E                     PR2             equ	30	;# 
   120     001F                     T2CON           equ	31	;# 
   121     008C                     TRISA           equ	140	;# 
   122     008E                     TRISC           equ	142	;# 
   123     0090                     PIE0            equ	144	;# 
   124     0091                     PIE1            equ	145	;# 
   125     0092                     PIE2            equ	146	;# 
   126     0093                     PIE3            equ	147	;# 
   127     0094                     PIE4            equ	148	;# 
   128     0097                     WDTCON          equ	151	;# 
   129     009B                     ADRES           equ	155	;# 
   130     009B                     ADRESL          equ	155	;# 
   131     009C                     ADRESH          equ	156	;# 
   132     009D                     ADCON0          equ	157	;# 
   133     009E                     ADCON1          equ	158	;# 
   134     009F                     ADACT           equ	159	;# 
   135     010C                     LATA            equ	268	;# 
   136     010E                     LATC            equ	270	;# 
   137     0111                     CM1CON0         equ	273	;# 
   138     0112                     CM1CON1         equ	274	;# 
   139     0113                     CM2CON0         equ	275	;# 
   140     0114                     CM2CON1         equ	276	;# 
   141     0115                     CMOUT           equ	277	;# 
   142     0116                     BORCON          equ	278	;# 
   143     0117                     FVRCON          equ	279	;# 
   144     0118                     DACCON0         equ	280	;# 
   145     0119                     DACCON1         equ	281	;# 
   146     018C                     ANSELA          equ	396	;# 
   147     018E                     ANSELC          equ	398	;# 
   148     0197                     VREGCON         equ	407	;# 
   149     0199                     RC1REG          equ	409	;# 
   150     0199                     RCREG           equ	409	;# 
   151     0199                     RCREG1          equ	409	;# 
   152     019A                     TX1REG          equ	410	;# 
   153     019A                     TXREG1          equ	410	;# 
   154     019A                     TXREG           equ	410	;# 
   155     019B                     SP1BRG          equ	411	;# 
   156     019B                     SPBRG           equ	411	;# 
   157     019B                     SP1BRGL         equ	411	;# 
   158     019B                     SPBRG1          equ	411	;# 
   159     019B                     SPBRGL          equ	411	;# 
   160     019C                     SP1BRGH         equ	412	;# 
   161     019C                     SPBRGH          equ	412	;# 
   162     019C                     SPBRGH1         equ	412	;# 
   163     019D                     RC1STA          equ	413	;# 
   164     019D                     RCSTA1          equ	413	;# 
   165     019D                     RCSTA           equ	413	;# 
   166     019E                     TX1STA          equ	414	;# 
   167     019E                     TXSTA1          equ	414	;# 
   168     019E                     TXSTA           equ	414	;# 
   169     019F                     BAUD1CON        equ	415	;# 
   170     019F                     BAUDCON1        equ	415	;# 
   171     019F                     BAUDCTL1        equ	415	;# 
   172     019F                     BAUDCON         equ	415	;# 
   173     019F                     BAUDCTL         equ	415	;# 
   174     020C                     WPUA            equ	524	;# 
   175     020E                     WPUC            equ	526	;# 
   176     0211                     SSP1BUF         equ	529	;# 
   177     0211                     SSPBUF          equ	529	;# 
   178     0212                     SSP1ADD         equ	530	;# 
   179     0212                     SSPADD          equ	530	;# 
   180     0213                     SSP1MSK         equ	531	;# 
   181     0213                     SSPMSK          equ	531	;# 
   182     0214                     SSP1STAT        equ	532	;# 
   183     0214                     SSPSTAT         equ	532	;# 
   184     0215                     SSP1CON1        equ	533	;# 
   185     0215                     SSPCON          equ	533	;# 
   186     0215                     SSPCON1         equ	533	;# 
   187     0215                     SSP1CON         equ	533	;# 
   188     0216                     SSP1CON2        equ	534	;# 
   189     0216                     SSPCON2         equ	534	;# 
   190     0217                     SSP1CON3        equ	535	;# 
   191     0217                     SSPCON3         equ	535	;# 
   192     0219                     SSP2BUF         equ	537	;# 
   193     021A                     SSP2ADD         equ	538	;# 
   194     021B                     SSP2MSK         equ	539	;# 
   195     021C                     SSP2STAT        equ	540	;# 
   196     021D                     SSP2CON1        equ	541	;# 
   197     021D                     SSP2CON         equ	541	;# 
   198     021E                     SSP2CON2        equ	542	;# 
   199     021F                     SSP2CON3        equ	543	;# 
   200     028C                     ODCONA          equ	652	;# 
   201     028E                     ODCONC          equ	654	;# 
   202     0291                     CCPR1           equ	657	;# 
   203     0291                     CCPR1L          equ	657	;# 
   204     0292                     CCPR1H          equ	658	;# 
   205     0293                     CCP1CON         equ	659	;# 
   206     0294                     CCP1CAP         equ	660	;# 
   207     0295                     CCPR2           equ	661	;# 
   208     0295                     CCPR2L          equ	661	;# 
   209     0296                     CCPR2H          equ	662	;# 
   210     0297                     CCP2CON         equ	663	;# 
   211     0298                     CCP2CAP         equ	664	;# 
   212     029F                     CCPTMRS         equ	671	;# 
   213     030C                     SLRCONA         equ	780	;# 
   214     030E                     SLRCONC         equ	782	;# 
   215     0311                     CCPR3           equ	785	;# 
   216     0311                     CCPR3L          equ	785	;# 
   217     0312                     CCPR3H          equ	786	;# 
   218     0313                     CCP3CON         equ	787	;# 
   219     0314                     CCP3CAP         equ	788	;# 
   220     0315                     CCPR4           equ	789	;# 
   221     0315                     CCPR4L          equ	789	;# 
   222     0316                     CCPR4H          equ	790	;# 
   223     0317                     CCP4CON         equ	791	;# 
   224     0318                     CCP4CAP         equ	792	;# 
   225     038C                     INLVLA          equ	908	;# 
   226     038E                     INLVLC          equ	910	;# 
   227     0391                     IOCAP           equ	913	;# 
   228     0392                     IOCAN           equ	914	;# 
   229     0393                     IOCAF           equ	915	;# 
   230     0397                     IOCCP           equ	919	;# 
   231     0398                     IOCCN           equ	920	;# 
   232     0399                     IOCCF           equ	921	;# 
   233     039A                     CLKRCON         equ	922	;# 
   234     039C                     MDCON           equ	924	;# 
   235     039D                     MDSRC           equ	925	;# 
   236     039E                     MDCARH          equ	926	;# 
   237     039F                     MDCARL          equ	927	;# 
   238     0411                     TMR3            equ	1041	;# 
   239     0411                     TMR3L           equ	1041	;# 
   240     0412                     TMR3H           equ	1042	;# 
   241     0413                     T3CON           equ	1043	;# 
   242     0414                     T3GCON          equ	1044	;# 
   243     0415                     TMR4            equ	1045	;# 
   244     0416                     PR4             equ	1046	;# 
   245     0417                     T4CON           equ	1047	;# 
   246     0418                     TMR5            equ	1048	;# 
   247     0418                     TMR5L           equ	1048	;# 
   248     0419                     TMR5H           equ	1049	;# 
   249     041A                     T5CON           equ	1050	;# 
   250     041B                     T5GCON          equ	1051	;# 
   251     041C                     TMR6            equ	1052	;# 
   252     041D                     PR6             equ	1053	;# 
   253     041E                     T6CON           equ	1054	;# 
   254     041F                     CCDCON          equ	1055	;# 
   255     0498                     NCO1ACC         equ	1176	;# 
   256     0498                     NCO1ACCL        equ	1176	;# 
   257     0499                     NCO1ACCH        equ	1177	;# 
   258     049A                     NCO1ACCU        equ	1178	;# 
   259     049B                     NCO1INC         equ	1179	;# 
   260     049B                     NCO1INCL        equ	1179	;# 
   261     049C                     NCO1INCH        equ	1180	;# 
   262     049D                     NCO1INCU        equ	1181	;# 
   263     049E                     NCO1CON         equ	1182	;# 
   264     049F                     NCO1CLK         equ	1183	;# 
   265     0617                     PWM5DCL         equ	1559	;# 
   266     0618                     PWM5DCH         equ	1560	;# 
   267     0619                     PWM5CON         equ	1561	;# 
   268     0619                     PWM5CON0        equ	1561	;# 
   269     061A                     PWM6DCL         equ	1562	;# 
   270     061B                     PWM6DCH         equ	1563	;# 
   271     061C                     PWM6CON         equ	1564	;# 
   272     061C                     PWM6CON0        equ	1564	;# 
   273     061F                     PWMTMRS         equ	1567	;# 
   274     0691                     CWG1CLKCON      equ	1681	;# 
   275     0692                     CWG1DAT         equ	1682	;# 
   276     0693                     CWG1DBR         equ	1683	;# 
   277     0694                     CWG1DBF         equ	1684	;# 
   278     0695                     CWG1CON0        equ	1685	;# 
   279     0696                     CWG1CON1        equ	1686	;# 
   280     0697                     CWG1AS0         equ	1687	;# 
   281     0698                     CWG1AS1         equ	1688	;# 
   282     0699                     CWG1STR         equ	1689	;# 
   283     0711                     CWG2CLKCON      equ	1809	;# 
   284     0712                     CWG2DAT         equ	1810	;# 
   285     0713                     CWG2DBR         equ	1811	;# 
   286     0714                     CWG2DBF         equ	1812	;# 
   287     0715                     CWG2CON0        equ	1813	;# 
   288     0716                     CWG2CON1        equ	1814	;# 
   289     0717                     CWG2AS0         equ	1815	;# 
   290     0718                     CWG2AS1         equ	1816	;# 
   291     0719                     CWG2STR         equ	1817	;# 
   292     0891                     NVMADR          equ	2193	;# 
   293     0891                     EEADR           equ	2193	;# 
   294     0891                     PMADR           equ	2193	;# 
   295     0891                     NVMADRL         equ	2193	;# 
   296     0891                     EEADRL          equ	2193	;# 
   297     0891                     PMADRL          equ	2193	;# 
   298     0892                     NVMADRH         equ	2194	;# 
   299     0892                     EEADRH          equ	2194	;# 
   300     0892                     PMADRH          equ	2194	;# 
   301     0893                     NVMDAT          equ	2195	;# 
   302     0893                     EEDAT           equ	2195	;# 
   303     0893                     PMDAT           equ	2195	;# 
   304     0893                     NVMDATL         equ	2195	;# 
   305     0893                     EEDATL          equ	2195	;# 
   306     0893                     PMDATL          equ	2195	;# 
   307     0894                     NVMDATH         equ	2196	;# 
   308     0894                     EEDATH          equ	2196	;# 
   309     0894                     PMDATH          equ	2196	;# 
   310     0895                     NVMCON1         equ	2197	;# 
   311     0895                     EECON1          equ	2197	;# 
   312     0895                     PMCON1          equ	2197	;# 
   313     0896                     NVMCON2         equ	2198	;# 
   314     0896                     EECON2          equ	2198	;# 
   315     0896                     PMCON2          equ	2198	;# 
   316     089B                     PCON0           equ	2203	;# 
   317     0911                     PMD0            equ	2321	;# 
   318     0912                     PMD1            equ	2322	;# 
   319     0913                     PMD2            equ	2323	;# 
   320     0914                     PMD3            equ	2324	;# 
   321     0915                     PMD4            equ	2325	;# 
   322     0916                     PMD5            equ	2326	;# 
   323     0918                     CPUDOZE         equ	2328	;# 
   324     0919                     OSCCON1         equ	2329	;# 
   325     091A                     OSCCON2         equ	2330	;# 
   326     091B                     OSCCON3         equ	2331	;# 
   327     091C                     OSCSTAT1        equ	2332	;# 
   328     091D                     OSCEN           equ	2333	;# 
   329     091E                     OSCTUNE         equ	2334	;# 
   330     091F                     OSCFRQ          equ	2335	;# 
   331     0E0F                     PPSLOCK         equ	3599	;# 
   332     0E10                     INTPPS          equ	3600	;# 
   333     0E11                     T0CKIPPS        equ	3601	;# 
   334     0E12                     T1CKIPPS        equ	3602	;# 
   335     0E13                     T1GPPS          equ	3603	;# 
   336     0E14                     CCP1PPS         equ	3604	;# 
   337     0E15                     CCP2PPS         equ	3605	;# 
   338     0E16                     CCP3PPS         equ	3606	;# 
   339     0E17                     CCP4PPS         equ	3607	;# 
   340     0E18                     CWG1PPS         equ	3608	;# 
   341     0E19                     CWG2PPS         equ	3609	;# 
   342     0E1A                     MDCIN1PPS       equ	3610	;# 
   343     0E1B                     MDCIN2PPS       equ	3611	;# 
   344     0E1C                     MDMINPPS        equ	3612	;# 
   345     0E1D                     SSP2CLKPPS      equ	3613	;# 
   346     0E1E                     SSP2DATPPS      equ	3614	;# 
   347     0E1F                     SSP2SSPPS       equ	3615	;# 
   348     0E20                     SSP1CLKPPS      equ	3616	;# 
   349     0E21                     SSP1DATPPS      equ	3617	;# 
   350     0E22                     SSP1SSPPS       equ	3618	;# 
   351     0E24                     RXPPS           equ	3620	;# 
   352     0E25                     TXPPS           equ	3621	;# 
   353     0E28                     CLCIN0PPS       equ	3624	;# 
   354     0E29                     CLCIN1PPS       equ	3625	;# 
   355     0E2A                     CLCIN2PPS       equ	3626	;# 
   356     0E2B                     CLCIN3PPS       equ	3627	;# 
   357     0E2C                     T3CKIPPS        equ	3628	;# 
   358     0E2D                     T3GPPS          equ	3629	;# 
   359     0E2E                     T5CKIPPS        equ	3630	;# 
   360     0E2F                     T5GPPS          equ	3631	;# 
   361     0E90                     RA0PPS          equ	3728	;# 
   362     0E91                     RA1PPS          equ	3729	;# 
   363     0E92                     RA2PPS          equ	3730	;# 
   364     0E94                     RA4PPS          equ	3732	;# 
   365     0E95                     RA5PPS          equ	3733	;# 
   366     0EA0                     RC0PPS          equ	3744	;# 
   367     0EA1                     RC1PPS          equ	3745	;# 
   368     0EA2                     RC2PPS          equ	3746	;# 
   369     0EA3                     RC3PPS          equ	3747	;# 
   370     0EA4                     RC4PPS          equ	3748	;# 
   371     0EA5                     RC5PPS          equ	3749	;# 
   372     0F0F                     CLCDATA         equ	3855	;# 
   373     0F10                     CLC1CON         equ	3856	;# 
   374     0F11                     CLC1POL         equ	3857	;# 
   375     0F12                     CLC1SEL0        equ	3858	;# 
   376     0F13                     CLC1SEL1        equ	3859	;# 
   377     0F14                     CLC1SEL2        equ	3860	;# 
   378     0F15                     CLC1SEL3        equ	3861	;# 
   379     0F16                     CLC1GLS0        equ	3862	;# 
   380     0F17                     CLC1GLS1        equ	3863	;# 
   381     0F18                     CLC1GLS2        equ	3864	;# 
   382     0F19                     CLC1GLS3        equ	3865	;# 
   383     0F1A                     CLC2CON         equ	3866	;# 
   384     0F1B                     CLC2POL         equ	3867	;# 
   385     0F1C                     CLC2SEL0        equ	3868	;# 
   386     0F1D                     CLC2SEL1        equ	3869	;# 
   387     0F1E                     CLC2SEL2        equ	3870	;# 
   388     0F1F                     CLC2SEL3        equ	3871	;# 
   389     0F20                     CLC2GLS0        equ	3872	;# 
   390     0F21                     CLC2GLS1        equ	3873	;# 
   391     0F22                     CLC2GLS2        equ	3874	;# 
   392     0F23                     CLC2GLS3        equ	3875	;# 
   393     0F24                     CLC3CON         equ	3876	;# 
   394     0F25                     CLC3POL         equ	3877	;# 
   395     0F26                     CLC3SEL0        equ	3878	;# 
   396     0F27                     CLC3SEL1        equ	3879	;# 
   397     0F28                     CLC3SEL2        equ	3880	;# 
   398     0F29                     CLC3SEL3        equ	3881	;# 
   399     0F2A                     CLC3GLS0        equ	3882	;# 
   400     0F2B                     CLC3GLS1        equ	3883	;# 
   401     0F2C                     CLC3GLS2        equ	3884	;# 
   402     0F2D                     CLC3GLS3        equ	3885	;# 
   403     0F2E                     CLC4CON         equ	3886	;# 
   404     0F2F                     CLC4POL         equ	3887	;# 
   405     0F30                     CLC4SEL0        equ	3888	;# 
   406     0F31                     CLC4SEL1        equ	3889	;# 
   407     0F32                     CLC4SEL2        equ	3890	;# 
   408     0F33                     CLC4SEL3        equ	3891	;# 
   409     0F34                     CLC4GLS0        equ	3892	;# 
   410     0F35                     CLC4GLS1        equ	3893	;# 
   411     0F36                     CLC4GLS2        equ	3894	;# 
   412     0F37                     CLC4GLS3        equ	3895	;# 
   413     0FE4                     STATUS_SHAD     equ	4068	;# 
   414     0FE5                     WREG_SHAD       equ	4069	;# 
   415     0FE6                     BSR_SHAD        equ	4070	;# 
   416     0FE7                     PCLATH_SHAD     equ	4071	;# 
   417     0FE8                     FSR0L_SHAD      equ	4072	;# 
   418     0FE9                     FSR0H_SHAD      equ	4073	;# 
   419     0FEA                     FSR1L_SHAD      equ	4074	;# 
   420     0FEB                     FSR1H_SHAD      equ	4075	;# 
   421     0FED                     STKPTR          equ	4077	;# 
   422     0FEE                     TOSL            equ	4078	;# 
   423     0FEF                     TOSH            equ	4079	;# 
   424     0000                     INDF0           equ	0	;# 
   425     0001                     INDF1           equ	1	;# 
   426     0002                     PCL             equ	2	;# 
   427     0003                     STATUS          equ	3	;# 
   428     0004                     FSR0L           equ	4	;# 
   429     0005                     FSR0H           equ	5	;# 
   430     0006                     FSR1L           equ	6	;# 
   431     0007                     FSR1H           equ	7	;# 
   432     0008                     BSR             equ	8	;# 
   433     0009                     WREG            equ	9	;# 
   434     000A                     PCLATH          equ	10	;# 
   435     000B                     INTCON          equ	11	;# 
   436     000C                     PORTA           equ	12	;# 
   437     000E                     PORTC           equ	14	;# 
   438     0010                     PIR0            equ	16	;# 
   439     0011                     PIR1            equ	17	;# 
   440     0012                     PIR2            equ	18	;# 
   441     0013                     PIR3            equ	19	;# 
   442     0014                     PIR4            equ	20	;# 
   443     0015                     TMR0L           equ	21	;# 
   444     0015                     TMR0            equ	21	;# 
   445     0016                     TMR0H           equ	22	;# 
   446     0016                     PR0             equ	22	;# 
   447     0017                     T0CON0          equ	23	;# 
   448     0018                     T0CON1          equ	24	;# 
   449     0019                     TMR1            equ	25	;# 
   450     0019                     TMR1L           equ	25	;# 
   451     001A                     TMR1H           equ	26	;# 
   452     001B                     T1CON           equ	27	;# 
   453     001C                     T1GCON          equ	28	;# 
   454     001D                     TMR2            equ	29	;# 
   455     001E                     PR2             equ	30	;# 
   456     001F                     T2CON           equ	31	;# 
   457     008C                     TRISA           equ	140	;# 
   458     008E                     TRISC           equ	142	;# 
   459     0090                     PIE0            equ	144	;# 
   460     0091                     PIE1            equ	145	;# 
   461     0092                     PIE2            equ	146	;# 
   462     0093                     PIE3            equ	147	;# 
   463     0094                     PIE4            equ	148	;# 
   464     0097                     WDTCON          equ	151	;# 
   465     009B                     ADRES           equ	155	;# 
   466     009B                     ADRESL          equ	155	;# 
   467     009C                     ADRESH          equ	156	;# 
   468     009D                     ADCON0          equ	157	;# 
   469     009E                     ADCON1          equ	158	;# 
   470     009F                     ADACT           equ	159	;# 
   471     010C                     LATA            equ	268	;# 
   472     010E                     LATC            equ	270	;# 
   473     0111                     CM1CON0         equ	273	;# 
   474     0112                     CM1CON1         equ	274	;# 
   475     0113                     CM2CON0         equ	275	;# 
   476     0114                     CM2CON1         equ	276	;# 
   477     0115                     CMOUT           equ	277	;# 
   478     0116                     BORCON          equ	278	;# 
   479     0117                     FVRCON          equ	279	;# 
   480     0118                     DACCON0         equ	280	;# 
   481     0119                     DACCON1         equ	281	;# 
   482     018C                     ANSELA          equ	396	;# 
   483     018E                     ANSELC          equ	398	;# 
   484     0197                     VREGCON         equ	407	;# 
   485     0199                     RC1REG          equ	409	;# 
   486     0199                     RCREG           equ	409	;# 
   487     0199                     RCREG1          equ	409	;# 
   488     019A                     TX1REG          equ	410	;# 
   489     019A                     TXREG1          equ	410	;# 
   490     019A                     TXREG           equ	410	;# 
   491     019B                     SP1BRG          equ	411	;# 
   492     019B                     SPBRG           equ	411	;# 
   493     019B                     SP1BRGL         equ	411	;# 
   494     019B                     SPBRG1          equ	411	;# 
   495     019B                     SPBRGL          equ	411	;# 
   496     019C                     SP1BRGH         equ	412	;# 
   497     019C                     SPBRGH          equ	412	;# 
   498     019C                     SPBRGH1         equ	412	;# 
   499     019D                     RC1STA          equ	413	;# 
   500     019D                     RCSTA1          equ	413	;# 
   501     019D                     RCSTA           equ	413	;# 
   502     019E                     TX1STA          equ	414	;# 
   503     019E                     TXSTA1          equ	414	;# 
   504     019E                     TXSTA           equ	414	;# 
   505     019F                     BAUD1CON        equ	415	;# 
   506     019F                     BAUDCON1        equ	415	;# 
   507     019F                     BAUDCTL1        equ	415	;# 
   508     019F                     BAUDCON         equ	415	;# 
   509     019F                     BAUDCTL         equ	415	;# 
   510     020C                     WPUA            equ	524	;# 
   511     020E                     WPUC            equ	526	;# 
   512     0211                     SSP1BUF         equ	529	;# 
   513     0211                     SSPBUF          equ	529	;# 
   514     0212                     SSP1ADD         equ	530	;# 
   515     0212                     SSPADD          equ	530	;# 
   516     0213                     SSP1MSK         equ	531	;# 
   517     0213                     SSPMSK          equ	531	;# 
   518     0214                     SSP1STAT        equ	532	;# 
   519     0214                     SSPSTAT         equ	532	;# 
   520     0215                     SSP1CON1        equ	533	;# 
   521     0215                     SSPCON          equ	533	;# 
   522     0215                     SSPCON1         equ	533	;# 
   523     0215                     SSP1CON         equ	533	;# 
   524     0216                     SSP1CON2        equ	534	;# 
   525     0216                     SSPCON2         equ	534	;# 
   526     0217                     SSP1CON3        equ	535	;# 
   527     0217                     SSPCON3         equ	535	;# 
   528     0219                     SSP2BUF         equ	537	;# 
   529     021A                     SSP2ADD         equ	538	;# 
   530     021B                     SSP2MSK         equ	539	;# 
   531     021C                     SSP2STAT        equ	540	;# 
   532     021D                     SSP2CON1        equ	541	;# 
   533     021D                     SSP2CON         equ	541	;# 
   534     021E                     SSP2CON2        equ	542	;# 
   535     021F                     SSP2CON3        equ	543	;# 
   536     028C                     ODCONA          equ	652	;# 
   537     028E                     ODCONC          equ	654	;# 
   538     0291                     CCPR1           equ	657	;# 
   539     0291                     CCPR1L          equ	657	;# 
   540     0292                     CCPR1H          equ	658	;# 
   541     0293                     CCP1CON         equ	659	;# 
   542     0294                     CCP1CAP         equ	660	;# 
   543     0295                     CCPR2           equ	661	;# 
   544     0295                     CCPR2L          equ	661	;# 
   545     0296                     CCPR2H          equ	662	;# 
   546     0297                     CCP2CON         equ	663	;# 
   547     0298                     CCP2CAP         equ	664	;# 
   548     029F                     CCPTMRS         equ	671	;# 
   549     030C                     SLRCONA         equ	780	;# 
   550     030E                     SLRCONC         equ	782	;# 
   551     0311                     CCPR3           equ	785	;# 
   552     0311                     CCPR3L          equ	785	;# 
   553     0312                     CCPR3H          equ	786	;# 
   554     0313                     CCP3CON         equ	787	;# 
   555     0314                     CCP3CAP         equ	788	;# 
   556     0315                     CCPR4           equ	789	;# 
   557     0315                     CCPR4L          equ	789	;# 
   558     0316                     CCPR4H          equ	790	;# 
   559     0317                     CCP4CON         equ	791	;# 
   560     0318                     CCP4CAP         equ	792	;# 
   561     038C                     INLVLA          equ	908	;# 
   562     038E                     INLVLC          equ	910	;# 
   563     0391                     IOCAP           equ	913	;# 
   564     0392                     IOCAN           equ	914	;# 
   565     0393                     IOCAF           equ	915	;# 
   566     0397                     IOCCP           equ	919	;# 
   567     0398                     IOCCN           equ	920	;# 
   568     0399                     IOCCF           equ	921	;# 
   569     039A                     CLKRCON         equ	922	;# 
   570     039C                     MDCON           equ	924	;# 
   571     039D                     MDSRC           equ	925	;# 
   572     039E                     MDCARH          equ	926	;# 
   573     039F                     MDCARL          equ	927	;# 
   574     0411                     TMR3            equ	1041	;# 
   575     0411                     TMR3L           equ	1041	;# 
   576     0412                     TMR3H           equ	1042	;# 
   577     0413                     T3CON           equ	1043	;# 
   578     0414                     T3GCON          equ	1044	;# 
   579     0415                     TMR4            equ	1045	;# 
   580     0416                     PR4             equ	1046	;# 
   581     0417                     T4CON           equ	1047	;# 
   582     0418                     TMR5            equ	1048	;# 
   583     0418                     TMR5L           equ	1048	;# 
   584     0419                     TMR5H           equ	1049	;# 
   585     041A                     T5CON           equ	1050	;# 
   586     041B                     T5GCON          equ	1051	;# 
   587     041C                     TMR6            equ	1052	;# 
   588     041D                     PR6             equ	1053	;# 
   589     041E                     T6CON           equ	1054	;# 
   590     041F                     CCDCON          equ	1055	;# 
   591     0498                     NCO1ACC         equ	1176	;# 
   592     0498                     NCO1ACCL        equ	1176	;# 
   593     0499                     NCO1ACCH        equ	1177	;# 
   594     049A                     NCO1ACCU        equ	1178	;# 
   595     049B                     NCO1INC         equ	1179	;# 
   596     049B                     NCO1INCL        equ	1179	;# 
   597     049C                     NCO1INCH        equ	1180	;# 
   598     049D                     NCO1INCU        equ	1181	;# 
   599     049E                     NCO1CON         equ	1182	;# 
   600     049F                     NCO1CLK         equ	1183	;# 
   601     0617                     PWM5DCL         equ	1559	;# 
   602     0618                     PWM5DCH         equ	1560	;# 
   603     0619                     PWM5CON         equ	1561	;# 
   604     0619                     PWM5CON0        equ	1561	;# 
   605     061A                     PWM6DCL         equ	1562	;# 
   606     061B                     PWM6DCH         equ	1563	;# 
   607     061C                     PWM6CON         equ	1564	;# 
   608     061C                     PWM6CON0        equ	1564	;# 
   609     061F                     PWMTMRS         equ	1567	;# 
   610     0691                     CWG1CLKCON      equ	1681	;# 
   611     0692                     CWG1DAT         equ	1682	;# 
   612     0693                     CWG1DBR         equ	1683	;# 
   613     0694                     CWG1DBF         equ	1684	;# 
   614     0695                     CWG1CON0        equ	1685	;# 
   615     0696                     CWG1CON1        equ	1686	;# 
   616     0697                     CWG1AS0         equ	1687	;# 
   617     0698                     CWG1AS1         equ	1688	;# 
   618     0699                     CWG1STR         equ	1689	;# 
   619     0711                     CWG2CLKCON      equ	1809	;# 
   620     0712                     CWG2DAT         equ	1810	;# 
   621     0713                     CWG2DBR         equ	1811	;# 
   622     0714                     CWG2DBF         equ	1812	;# 
   623     0715                     CWG2CON0        equ	1813	;# 
   624     0716                     CWG2CON1        equ	1814	;# 
   625     0717                     CWG2AS0         equ	1815	;# 
   626     0718                     CWG2AS1         equ	1816	;# 
   627     0719                     CWG2STR         equ	1817	;# 
   628     0891                     NVMADR          equ	2193	;# 
   629     0891                     EEADR           equ	2193	;# 
   630     0891                     PMADR           equ	2193	;# 
   631     0891                     NVMADRL         equ	2193	;# 
   632     0891                     EEADRL          equ	2193	;# 
   633     0891                     PMADRL          equ	2193	;# 
   634     0892                     NVMADRH         equ	2194	;# 
   635     0892                     EEADRH          equ	2194	;# 
   636     0892                     PMADRH          equ	2194	;# 
   637     0893                     NVMDAT          equ	2195	;# 
   638     0893                     EEDAT           equ	2195	;# 
   639     0893                     PMDAT           equ	2195	;# 
   640     0893                     NVMDATL         equ	2195	;# 
   641     0893                     EEDATL          equ	2195	;# 
   642     0893                     PMDATL          equ	2195	;# 
   643     0894                     NVMDATH         equ	2196	;# 
   644     0894                     EEDATH          equ	2196	;# 
   645     0894                     PMDATH          equ	2196	;# 
   646     0895                     NVMCON1         equ	2197	;# 
   647     0895                     EECON1          equ	2197	;# 
   648     0895                     PMCON1          equ	2197	;# 
   649     0896                     NVMCON2         equ	2198	;# 
   650     0896                     EECON2          equ	2198	;# 
   651     0896                     PMCON2          equ	2198	;# 
   652     089B                     PCON0           equ	2203	;# 
   653     0911                     PMD0            equ	2321	;# 
   654     0912                     PMD1            equ	2322	;# 
   655     0913                     PMD2            equ	2323	;# 
   656     0914                     PMD3            equ	2324	;# 
   657     0915                     PMD4            equ	2325	;# 
   658     0916                     PMD5            equ	2326	;# 
   659     0918                     CPUDOZE         equ	2328	;# 
   660     0919                     OSCCON1         equ	2329	;# 
   661     091A                     OSCCON2         equ	2330	;# 
   662     091B                     OSCCON3         equ	2331	;# 
   663     091C                     OSCSTAT1        equ	2332	;# 
   664     091D                     OSCEN           equ	2333	;# 
   665     091E                     OSCTUNE         equ	2334	;# 
   666     091F                     OSCFRQ          equ	2335	;# 
   667     0E0F                     PPSLOCK         equ	3599	;# 
   668     0E10                     INTPPS          equ	3600	;# 
   669     0E11                     T0CKIPPS        equ	3601	;# 
   670     0E12                     T1CKIPPS        equ	3602	;# 
   671     0E13                     T1GPPS          equ	3603	;# 
   672     0E14                     CCP1PPS         equ	3604	;# 
   673     0E15                     CCP2PPS         equ	3605	;# 
   674     0E16                     CCP3PPS         equ	3606	;# 
   675     0E17                     CCP4PPS         equ	3607	;# 
   676     0E18                     CWG1PPS         equ	3608	;# 
   677     0E19                     CWG2PPS         equ	3609	;# 
   678     0E1A                     MDCIN1PPS       equ	3610	;# 
   679     0E1B                     MDCIN2PPS       equ	3611	;# 
   680     0E1C                     MDMINPPS        equ	3612	;# 
   681     0E1D                     SSP2CLKPPS      equ	3613	;# 
   682     0E1E                     SSP2DATPPS      equ	3614	;# 
   683     0E1F                     SSP2SSPPS       equ	3615	;# 
   684     0E20                     SSP1CLKPPS      equ	3616	;# 
   685     0E21                     SSP1DATPPS      equ	3617	;# 
   686     0E22                     SSP1SSPPS       equ	3618	;# 
   687     0E24                     RXPPS           equ	3620	;# 
   688     0E25                     TXPPS           equ	3621	;# 
   689     0E28                     CLCIN0PPS       equ	3624	;# 
   690     0E29                     CLCIN1PPS       equ	3625	;# 
   691     0E2A                     CLCIN2PPS       equ	3626	;# 
   692     0E2B                     CLCIN3PPS       equ	3627	;# 
   693     0E2C                     T3CKIPPS        equ	3628	;# 
   694     0E2D                     T3GPPS          equ	3629	;# 
   695     0E2E                     T5CKIPPS        equ	3630	;# 
   696     0E2F                     T5GPPS          equ	3631	;# 
   697     0E90                     RA0PPS          equ	3728	;# 
   698     0E91                     RA1PPS          equ	3729	;# 
   699     0E92                     RA2PPS          equ	3730	;# 
   700     0E94                     RA4PPS          equ	3732	;# 
   701     0E95                     RA5PPS          equ	3733	;# 
   702     0EA0                     RC0PPS          equ	3744	;# 
   703     0EA1                     RC1PPS          equ	3745	;# 
   704     0EA2                     RC2PPS          equ	3746	;# 
   705     0EA3                     RC3PPS          equ	3747	;# 
   706     0EA4                     RC4PPS          equ	3748	;# 
   707     0EA5                     RC5PPS          equ	3749	;# 
   708     0F0F                     CLCDATA         equ	3855	;# 
   709     0F10                     CLC1CON         equ	3856	;# 
   710     0F11                     CLC1POL         equ	3857	;# 
   711     0F12                     CLC1SEL0        equ	3858	;# 
   712     0F13                     CLC1SEL1        equ	3859	;# 
   713     0F14                     CLC1SEL2        equ	3860	;# 
   714     0F15                     CLC1SEL3        equ	3861	;# 
   715     0F16                     CLC1GLS0        equ	3862	;# 
   716     0F17                     CLC1GLS1        equ	3863	;# 
   717     0F18                     CLC1GLS2        equ	3864	;# 
   718     0F19                     CLC1GLS3        equ	3865	;# 
   719     0F1A                     CLC2CON         equ	3866	;# 
   720     0F1B                     CLC2POL         equ	3867	;# 
   721     0F1C                     CLC2SEL0        equ	3868	;# 
   722     0F1D                     CLC2SEL1        equ	3869	;# 
   723     0F1E                     CLC2SEL2        equ	3870	;# 
   724     0F1F                     CLC2SEL3        equ	3871	;# 
   725     0F20                     CLC2GLS0        equ	3872	;# 
   726     0F21                     CLC2GLS1        equ	3873	;# 
   727     0F22                     CLC2GLS2        equ	3874	;# 
   728     0F23                     CLC2GLS3        equ	3875	;# 
   729     0F24                     CLC3CON         equ	3876	;# 
   730     0F25                     CLC3POL         equ	3877	;# 
   731     0F26                     CLC3SEL0        equ	3878	;# 
   732     0F27                     CLC3SEL1        equ	3879	;# 
   733     0F28                     CLC3SEL2        equ	3880	;# 
   734     0F29                     CLC3SEL3        equ	3881	;# 
   735     0F2A                     CLC3GLS0        equ	3882	;# 
   736     0F2B                     CLC3GLS1        equ	3883	;# 
   737     0F2C                     CLC3GLS2        equ	3884	;# 
   738     0F2D                     CLC3GLS3        equ	3885	;# 
   739     0F2E                     CLC4CON         equ	3886	;# 
   740     0F2F                     CLC4POL         equ	3887	;# 
   741     0F30                     CLC4SEL0        equ	3888	;# 
   742     0F31                     CLC4SEL1        equ	3889	;# 
   743     0F32                     CLC4SEL2        equ	3890	;# 
   744     0F33                     CLC4SEL3        equ	3891	;# 
   745     0F34                     CLC4GLS0        equ	3892	;# 
   746     0F35                     CLC4GLS1        equ	3893	;# 
   747     0F36                     CLC4GLS2        equ	3894	;# 
   748     0F37                     CLC4GLS3        equ	3895	;# 
   749     0FE4                     STATUS_SHAD     equ	4068	;# 
   750     0FE5                     WREG_SHAD       equ	4069	;# 
   751     0FE6                     BSR_SHAD        equ	4070	;# 
   752     0FE7                     PCLATH_SHAD     equ	4071	;# 
   753     0FE8                     FSR0L_SHAD      equ	4072	;# 
   754     0FE9                     FSR0H_SHAD      equ	4073	;# 
   755     0FEA                     FSR1L_SHAD      equ	4074	;# 
   756     0FEB                     FSR1H_SHAD      equ	4075	;# 
   757     0FED                     STKPTR          equ	4077	;# 
   758     0FEE                     TOSL            equ	4078	;# 
   759     0FEF                     TOSH            equ	4079	;# 
   760     0000                     INDF0           equ	0	;# 
   761     0001                     INDF1           equ	1	;# 
   762     0002                     PCL             equ	2	;# 
   763     0003                     STATUS          equ	3	;# 
   764     0004                     FSR0L           equ	4	;# 
   765     0005                     FSR0H           equ	5	;# 
   766     0006                     FSR1L           equ	6	;# 
   767     0007                     FSR1H           equ	7	;# 
   768     0008                     BSR             equ	8	;# 
   769     0009                     WREG            equ	9	;# 
   770     000A                     PCLATH          equ	10	;# 
   771     000B                     INTCON          equ	11	;# 
   772     000C                     PORTA           equ	12	;# 
   773     000E                     PORTC           equ	14	;# 
   774     0010                     PIR0            equ	16	;# 
   775     0011                     PIR1            equ	17	;# 
   776     0012                     PIR2            equ	18	;# 
   777     0013                     PIR3            equ	19	;# 
   778     0014                     PIR4            equ	20	;# 
   779     0015                     TMR0L           equ	21	;# 
   780     0015                     TMR0            equ	21	;# 
   781     0016                     TMR0H           equ	22	;# 
   782     0016                     PR0             equ	22	;# 
   783     0017                     T0CON0          equ	23	;# 
   784     0018                     T0CON1          equ	24	;# 
   785     0019                     TMR1            equ	25	;# 
   786     0019                     TMR1L           equ	25	;# 
   787     001A                     TMR1H           equ	26	;# 
   788     001B                     T1CON           equ	27	;# 
   789     001C                     T1GCON          equ	28	;# 
   790     001D                     TMR2            equ	29	;# 
   791     001E                     PR2             equ	30	;# 
   792     001F                     T2CON           equ	31	;# 
   793     008C                     TRISA           equ	140	;# 
   794     008E                     TRISC           equ	142	;# 
   795     0090                     PIE0            equ	144	;# 
   796     0091                     PIE1            equ	145	;# 
   797     0092                     PIE2            equ	146	;# 
   798     0093                     PIE3            equ	147	;# 
   799     0094                     PIE4            equ	148	;# 
   800     0097                     WDTCON          equ	151	;# 
   801     009B                     ADRES           equ	155	;# 
   802     009B                     ADRESL          equ	155	;# 
   803     009C                     ADRESH          equ	156	;# 
   804     009D                     ADCON0          equ	157	;# 
   805     009E                     ADCON1          equ	158	;# 
   806     009F                     ADACT           equ	159	;# 
   807     010C                     LATA            equ	268	;# 
   808     010E                     LATC            equ	270	;# 
   809     0111                     CM1CON0         equ	273	;# 
   810     0112                     CM1CON1         equ	274	;# 
   811     0113                     CM2CON0         equ	275	;# 
   812     0114                     CM2CON1         equ	276	;# 
   813     0115                     CMOUT           equ	277	;# 
   814     0116                     BORCON          equ	278	;# 
   815     0117                     FVRCON          equ	279	;# 
   816     0118                     DACCON0         equ	280	;# 
   817     0119                     DACCON1         equ	281	;# 
   818     018C                     ANSELA          equ	396	;# 
   819     018E                     ANSELC          equ	398	;# 
   820     0197                     VREGCON         equ	407	;# 
   821     0199                     RC1REG          equ	409	;# 
   822     0199                     RCREG           equ	409	;# 
   823     0199                     RCREG1          equ	409	;# 
   824     019A                     TX1REG          equ	410	;# 
   825     019A                     TXREG1          equ	410	;# 
   826     019A                     TXREG           equ	410	;# 
   827     019B                     SP1BRG          equ	411	;# 
   828     019B                     SPBRG           equ	411	;# 
   829     019B                     SP1BRGL         equ	411	;# 
   830     019B                     SPBRG1          equ	411	;# 
   831     019B                     SPBRGL          equ	411	;# 
   832     019C                     SP1BRGH         equ	412	;# 
   833     019C                     SPBRGH          equ	412	;# 
   834     019C                     SPBRGH1         equ	412	;# 
   835     019D                     RC1STA          equ	413	;# 
   836     019D                     RCSTA1          equ	413	;# 
   837     019D                     RCSTA           equ	413	;# 
   838     019E                     TX1STA          equ	414	;# 
   839     019E                     TXSTA1          equ	414	;# 
   840     019E                     TXSTA           equ	414	;# 
   841     019F                     BAUD1CON        equ	415	;# 
   842     019F                     BAUDCON1        equ	415	;# 
   843     019F                     BAUDCTL1        equ	415	;# 
   844     019F                     BAUDCON         equ	415	;# 
   845     019F                     BAUDCTL         equ	415	;# 
   846     020C                     WPUA            equ	524	;# 
   847     020E                     WPUC            equ	526	;# 
   848     0211                     SSP1BUF         equ	529	;# 
   849     0211                     SSPBUF          equ	529	;# 
   850     0212                     SSP1ADD         equ	530	;# 
   851     0212                     SSPADD          equ	530	;# 
   852     0213                     SSP1MSK         equ	531	;# 
   853     0213                     SSPMSK          equ	531	;# 
   854     0214                     SSP1STAT        equ	532	;# 
   855     0214                     SSPSTAT         equ	532	;# 
   856     0215                     SSP1CON1        equ	533	;# 
   857     0215                     SSPCON          equ	533	;# 
   858     0215                     SSPCON1         equ	533	;# 
   859     0215                     SSP1CON         equ	533	;# 
   860     0216                     SSP1CON2        equ	534	;# 
   861     0216                     SSPCON2         equ	534	;# 
   862     0217                     SSP1CON3        equ	535	;# 
   863     0217                     SSPCON3         equ	535	;# 
   864     0219                     SSP2BUF         equ	537	;# 
   865     021A                     SSP2ADD         equ	538	;# 
   866     021B                     SSP2MSK         equ	539	;# 
   867     021C                     SSP2STAT        equ	540	;# 
   868     021D                     SSP2CON1        equ	541	;# 
   869     021D                     SSP2CON         equ	541	;# 
   870     021E                     SSP2CON2        equ	542	;# 
   871     021F                     SSP2CON3        equ	543	;# 
   872     028C                     ODCONA          equ	652	;# 
   873     028E                     ODCONC          equ	654	;# 
   874     0291                     CCPR1           equ	657	;# 
   875     0291                     CCPR1L          equ	657	;# 
   876     0292                     CCPR1H          equ	658	;# 
   877     0293                     CCP1CON         equ	659	;# 
   878     0294                     CCP1CAP         equ	660	;# 
   879     0295                     CCPR2           equ	661	;# 
   880     0295                     CCPR2L          equ	661	;# 
   881     0296                     CCPR2H          equ	662	;# 
   882     0297                     CCP2CON         equ	663	;# 
   883     0298                     CCP2CAP         equ	664	;# 
   884     029F                     CCPTMRS         equ	671	;# 
   885     030C                     SLRCONA         equ	780	;# 
   886     030E                     SLRCONC         equ	782	;# 
   887     0311                     CCPR3           equ	785	;# 
   888     0311                     CCPR3L          equ	785	;# 
   889     0312                     CCPR3H          equ	786	;# 
   890     0313                     CCP3CON         equ	787	;# 
   891     0314                     CCP3CAP         equ	788	;# 
   892     0315                     CCPR4           equ	789	;# 
   893     0315                     CCPR4L          equ	789	;# 
   894     0316                     CCPR4H          equ	790	;# 
   895     0317                     CCP4CON         equ	791	;# 
   896     0318                     CCP4CAP         equ	792	;# 
   897     038C                     INLVLA          equ	908	;# 
   898     038E                     INLVLC          equ	910	;# 
   899     0391                     IOCAP           equ	913	;# 
   900     0392                     IOCAN           equ	914	;# 
   901     0393                     IOCAF           equ	915	;# 
   902     0397                     IOCCP           equ	919	;# 
   903     0398                     IOCCN           equ	920	;# 
   904     0399                     IOCCF           equ	921	;# 
   905     039A                     CLKRCON         equ	922	;# 
   906     039C                     MDCON           equ	924	;# 
   907     039D                     MDSRC           equ	925	;# 
   908     039E                     MDCARH          equ	926	;# 
   909     039F                     MDCARL          equ	927	;# 
   910     0411                     TMR3            equ	1041	;# 
   911     0411                     TMR3L           equ	1041	;# 
   912     0412                     TMR3H           equ	1042	;# 
   913     0413                     T3CON           equ	1043	;# 
   914     0414                     T3GCON          equ	1044	;# 
   915     0415                     TMR4            equ	1045	;# 
   916     0416                     PR4             equ	1046	;# 
   917     0417                     T4CON           equ	1047	;# 
   918     0418                     TMR5            equ	1048	;# 
   919     0418                     TMR5L           equ	1048	;# 
   920     0419                     TMR5H           equ	1049	;# 
   921     041A                     T5CON           equ	1050	;# 
   922     041B                     T5GCON          equ	1051	;# 
   923     041C                     TMR6            equ	1052	;# 
   924     041D                     PR6             equ	1053	;# 
   925     041E                     T6CON           equ	1054	;# 
   926     041F                     CCDCON          equ	1055	;# 
   927     0498                     NCO1ACC         equ	1176	;# 
   928     0498                     NCO1ACCL        equ	1176	;# 
   929     0499                     NCO1ACCH        equ	1177	;# 
   930     049A                     NCO1ACCU        equ	1178	;# 
   931     049B                     NCO1INC         equ	1179	;# 
   932     049B                     NCO1INCL        equ	1179	;# 
   933     049C                     NCO1INCH        equ	1180	;# 
   934     049D                     NCO1INCU        equ	1181	;# 
   935     049E                     NCO1CON         equ	1182	;# 
   936     049F                     NCO1CLK         equ	1183	;# 
   937     0617                     PWM5DCL         equ	1559	;# 
   938     0618                     PWM5DCH         equ	1560	;# 
   939     0619                     PWM5CON         equ	1561	;# 
   940     0619                     PWM5CON0        equ	1561	;# 
   941     061A                     PWM6DCL         equ	1562	;# 
   942     061B                     PWM6DCH         equ	1563	;# 
   943     061C                     PWM6CON         equ	1564	;# 
   944     061C                     PWM6CON0        equ	1564	;# 
   945     061F                     PWMTMRS         equ	1567	;# 
   946     0691                     CWG1CLKCON      equ	1681	;# 
   947     0692                     CWG1DAT         equ	1682	;# 
   948     0693                     CWG1DBR         equ	1683	;# 
   949     0694                     CWG1DBF         equ	1684	;# 
   950     0695                     CWG1CON0        equ	1685	;# 
   951     0696                     CWG1CON1        equ	1686	;# 
   952     0697                     CWG1AS0         equ	1687	;# 
   953     0698                     CWG1AS1         equ	1688	;# 
   954     0699                     CWG1STR         equ	1689	;# 
   955     0711                     CWG2CLKCON      equ	1809	;# 
   956     0712                     CWG2DAT         equ	1810	;# 
   957     0713                     CWG2DBR         equ	1811	;# 
   958     0714                     CWG2DBF         equ	1812	;# 
   959     0715                     CWG2CON0        equ	1813	;# 
   960     0716                     CWG2CON1        equ	1814	;# 
   961     0717                     CWG2AS0         equ	1815	;# 
   962     0718                     CWG2AS1         equ	1816	;# 
   963     0719                     CWG2STR         equ	1817	;# 
   964     0891                     NVMADR          equ	2193	;# 
   965     0891                     EEADR           equ	2193	;# 
   966     0891                     PMADR           equ	2193	;# 
   967     0891                     NVMADRL         equ	2193	;# 
   968     0891                     EEADRL          equ	2193	;# 
   969     0891                     PMADRL          equ	2193	;# 
   970     0892                     NVMADRH         equ	2194	;# 
   971     0892                     EEADRH          equ	2194	;# 
   972     0892                     PMADRH          equ	2194	;# 
   973     0893                     NVMDAT          equ	2195	;# 
   974     0893                     EEDAT           equ	2195	;# 
   975     0893                     PMDAT           equ	2195	;# 
   976     0893                     NVMDATL         equ	2195	;# 
   977     0893                     EEDATL          equ	2195	;# 
   978     0893                     PMDATL          equ	2195	;# 
   979     0894                     NVMDATH         equ	2196	;# 
   980     0894                     EEDATH          equ	2196	;# 
   981     0894                     PMDATH          equ	2196	;# 
   982     0895                     NVMCON1         equ	2197	;# 
   983     0895                     EECON1          equ	2197	;# 
   984     0895                     PMCON1          equ	2197	;# 
   985     0896                     NVMCON2         equ	2198	;# 
   986     0896                     EECON2          equ	2198	;# 
   987     0896                     PMCON2          equ	2198	;# 
   988     089B                     PCON0           equ	2203	;# 
   989     0911                     PMD0            equ	2321	;# 
   990     0912                     PMD1            equ	2322	;# 
   991     0913                     PMD2            equ	2323	;# 
   992     0914                     PMD3            equ	2324	;# 
   993     0915                     PMD4            equ	2325	;# 
   994     0916                     PMD5            equ	2326	;# 
   995     0918                     CPUDOZE         equ	2328	;# 
   996     0919                     OSCCON1         equ	2329	;# 
   997     091A                     OSCCON2         equ	2330	;# 
   998     091B                     OSCCON3         equ	2331	;# 
   999     091C                     OSCSTAT1        equ	2332	;# 
  1000     091D                     OSCEN           equ	2333	;# 
  1001     091E                     OSCTUNE         equ	2334	;# 
  1002     091F                     OSCFRQ          equ	2335	;# 
  1003     0E0F                     PPSLOCK         equ	3599	;# 
  1004     0E10                     INTPPS          equ	3600	;# 
  1005     0E11                     T0CKIPPS        equ	3601	;# 
  1006     0E12                     T1CKIPPS        equ	3602	;# 
  1007     0E13                     T1GPPS          equ	3603	;# 
  1008     0E14                     CCP1PPS         equ	3604	;# 
  1009     0E15                     CCP2PPS         equ	3605	;# 
  1010     0E16                     CCP3PPS         equ	3606	;# 
  1011     0E17                     CCP4PPS         equ	3607	;# 
  1012     0E18                     CWG1PPS         equ	3608	;# 
  1013     0E19                     CWG2PPS         equ	3609	;# 
  1014     0E1A                     MDCIN1PPS       equ	3610	;# 
  1015     0E1B                     MDCIN2PPS       equ	3611	;# 
  1016     0E1C                     MDMINPPS        equ	3612	;# 
  1017     0E1D                     SSP2CLKPPS      equ	3613	;# 
  1018     0E1E                     SSP2DATPPS      equ	3614	;# 
  1019     0E1F                     SSP2SSPPS       equ	3615	;# 
  1020     0E20                     SSP1CLKPPS      equ	3616	;# 
  1021     0E21                     SSP1DATPPS      equ	3617	;# 
  1022     0E22                     SSP1SSPPS       equ	3618	;# 
  1023     0E24                     RXPPS           equ	3620	;# 
  1024     0E25                     TXPPS           equ	3621	;# 
  1025     0E28                     CLCIN0PPS       equ	3624	;# 
  1026     0E29                     CLCIN1PPS       equ	3625	;# 
  1027     0E2A                     CLCIN2PPS       equ	3626	;# 
  1028     0E2B                     CLCIN3PPS       equ	3627	;# 
  1029     0E2C                     T3CKIPPS        equ	3628	;# 
  1030     0E2D                     T3GPPS          equ	3629	;# 
  1031     0E2E                     T5CKIPPS        equ	3630	;# 
  1032     0E2F                     T5GPPS          equ	3631	;# 
  1033     0E90                     RA0PPS          equ	3728	;# 
  1034     0E91                     RA1PPS          equ	3729	;# 
  1035     0E92                     RA2PPS          equ	3730	;# 
  1036     0E94                     RA4PPS          equ	3732	;# 
  1037     0E95                     RA5PPS          equ	3733	;# 
  1038     0EA0                     RC0PPS          equ	3744	;# 
  1039     0EA1                     RC1PPS          equ	3745	;# 
  1040     0EA2                     RC2PPS          equ	3746	;# 
  1041     0EA3                     RC3PPS          equ	3747	;# 
  1042     0EA4                     RC4PPS          equ	3748	;# 
  1043     0EA5                     RC5PPS          equ	3749	;# 
  1044     0F0F                     CLCDATA         equ	3855	;# 
  1045     0F10                     CLC1CON         equ	3856	;# 
  1046     0F11                     CLC1POL         equ	3857	;# 
  1047     0F12                     CLC1SEL0        equ	3858	;# 
  1048     0F13                     CLC1SEL1        equ	3859	;# 
  1049     0F14                     CLC1SEL2        equ	3860	;# 
  1050     0F15                     CLC1SEL3        equ	3861	;# 
  1051     0F16                     CLC1GLS0        equ	3862	;# 
  1052     0F17                     CLC1GLS1        equ	3863	;# 
  1053     0F18                     CLC1GLS2        equ	3864	;# 
  1054     0F19                     CLC1GLS3        equ	3865	;# 
  1055     0F1A                     CLC2CON         equ	3866	;# 
  1056     0F1B                     CLC2POL         equ	3867	;# 
  1057     0F1C                     CLC2SEL0        equ	3868	;# 
  1058     0F1D                     CLC2SEL1        equ	3869	;# 
  1059     0F1E                     CLC2SEL2        equ	3870	;# 
  1060     0F1F                     CLC2SEL3        equ	3871	;# 
  1061     0F20                     CLC2GLS0        equ	3872	;# 
  1062     0F21                     CLC2GLS1        equ	3873	;# 
  1063     0F22                     CLC2GLS2        equ	3874	;# 
  1064     0F23                     CLC2GLS3        equ	3875	;# 
  1065     0F24                     CLC3CON         equ	3876	;# 
  1066     0F25                     CLC3POL         equ	3877	;# 
  1067     0F26                     CLC3SEL0        equ	3878	;# 
  1068     0F27                     CLC3SEL1        equ	3879	;# 
  1069     0F28                     CLC3SEL2        equ	3880	;# 
  1070     0F29                     CLC3SEL3        equ	3881	;# 
  1071     0F2A                     CLC3GLS0        equ	3882	;# 
  1072     0F2B                     CLC3GLS1        equ	3883	;# 
  1073     0F2C                     CLC3GLS2        equ	3884	;# 
  1074     0F2D                     CLC3GLS3        equ	3885	;# 
  1075     0F2E                     CLC4CON         equ	3886	;# 
  1076     0F2F                     CLC4POL         equ	3887	;# 
  1077     0F30                     CLC4SEL0        equ	3888	;# 
  1078     0F31                     CLC4SEL1        equ	3889	;# 
  1079     0F32                     CLC4SEL2        equ	3890	;# 
  1080     0F33                     CLC4SEL3        equ	3891	;# 
  1081     0F34                     CLC4GLS0        equ	3892	;# 
  1082     0F35                     CLC4GLS1        equ	3893	;# 
  1083     0F36                     CLC4GLS2        equ	3894	;# 
  1084     0F37                     CLC4GLS3        equ	3895	;# 
  1085     0FE4                     STATUS_SHAD     equ	4068	;# 
  1086     0FE5                     WREG_SHAD       equ	4069	;# 
  1087     0FE6                     BSR_SHAD        equ	4070	;# 
  1088     0FE7                     PCLATH_SHAD     equ	4071	;# 
  1089     0FE8                     FSR0L_SHAD      equ	4072	;# 
  1090     0FE9                     FSR0H_SHAD      equ	4073	;# 
  1091     0FEA                     FSR1L_SHAD      equ	4074	;# 
  1092     0FEB                     FSR1H_SHAD      equ	4075	;# 
  1093     0FED                     STKPTR          equ	4077	;# 
  1094     0FEE                     TOSL            equ	4078	;# 
  1095     0FEF                     TOSH            equ	4079	;# 
  1096     0000                     INDF0           equ	0	;# 
  1097     0001                     INDF1           equ	1	;# 
  1098     0002                     PCL             equ	2	;# 
  1099     0003                     STATUS          equ	3	;# 
  1100     0004                     FSR0L           equ	4	;# 
  1101     0005                     FSR0H           equ	5	;# 
  1102     0006                     FSR1L           equ	6	;# 
  1103     0007                     FSR1H           equ	7	;# 
  1104     0008                     BSR             equ	8	;# 
  1105     0009                     WREG            equ	9	;# 
  1106     000A                     PCLATH          equ	10	;# 
  1107     000B                     INTCON          equ	11	;# 
  1108     000C                     PORTA           equ	12	;# 
  1109     000E                     PORTC           equ	14	;# 
  1110     0010                     PIR0            equ	16	;# 
  1111     0011                     PIR1            equ	17	;# 
  1112     0012                     PIR2            equ	18	;# 
  1113     0013                     PIR3            equ	19	;# 
  1114     0014                     PIR4            equ	20	;# 
  1115     0015                     TMR0L           equ	21	;# 
  1116     0015                     TMR0            equ	21	;# 
  1117     0016                     TMR0H           equ	22	;# 
  1118     0016                     PR0             equ	22	;# 
  1119     0017                     T0CON0          equ	23	;# 
  1120     0018                     T0CON1          equ	24	;# 
  1121     0019                     TMR1            equ	25	;# 
  1122     0019                     TMR1L           equ	25	;# 
  1123     001A                     TMR1H           equ	26	;# 
  1124     001B                     T1CON           equ	27	;# 
  1125     001C                     T1GCON          equ	28	;# 
  1126     001D                     TMR2            equ	29	;# 
  1127     001E                     PR2             equ	30	;# 
  1128     001F                     T2CON           equ	31	;# 
  1129     008C                     TRISA           equ	140	;# 
  1130     008E                     TRISC           equ	142	;# 
  1131     0090                     PIE0            equ	144	;# 
  1132     0091                     PIE1            equ	145	;# 
  1133     0092                     PIE2            equ	146	;# 
  1134     0093                     PIE3            equ	147	;# 
  1135     0094                     PIE4            equ	148	;# 
  1136     0097                     WDTCON          equ	151	;# 
  1137     009B                     ADRES           equ	155	;# 
  1138     009B                     ADRESL          equ	155	;# 
  1139     009C                     ADRESH          equ	156	;# 
  1140     009D                     ADCON0          equ	157	;# 
  1141     009E                     ADCON1          equ	158	;# 
  1142     009F                     ADACT           equ	159	;# 
  1143     010C                     LATA            equ	268	;# 
  1144     010E                     LATC            equ	270	;# 
  1145     0111                     CM1CON0         equ	273	;# 
  1146     0112                     CM1CON1         equ	274	;# 
  1147     0113                     CM2CON0         equ	275	;# 
  1148     0114                     CM2CON1         equ	276	;# 
  1149     0115                     CMOUT           equ	277	;# 
  1150     0116                     BORCON          equ	278	;# 
  1151     0117                     FVRCON          equ	279	;# 
  1152     0118                     DACCON0         equ	280	;# 
  1153     0119                     DACCON1         equ	281	;# 
  1154     018C                     ANSELA          equ	396	;# 
  1155     018E                     ANSELC          equ	398	;# 
  1156     0197                     VREGCON         equ	407	;# 
  1157     0199                     RC1REG          equ	409	;# 
  1158     0199                     RCREG           equ	409	;# 
  1159     0199                     RCREG1          equ	409	;# 
  1160     019A                     TX1REG          equ	410	;# 
  1161     019A                     TXREG1          equ	410	;# 
  1162     019A                     TXREG           equ	410	;# 
  1163     019B                     SP1BRG          equ	411	;# 
  1164     019B                     SPBRG           equ	411	;# 
  1165     019B                     SP1BRGL         equ	411	;# 
  1166     019B                     SPBRG1          equ	411	;# 
  1167     019B                     SPBRGL          equ	411	;# 
  1168     019C                     SP1BRGH         equ	412	;# 
  1169     019C                     SPBRGH          equ	412	;# 
  1170     019C                     SPBRGH1         equ	412	;# 
  1171     019D                     RC1STA          equ	413	;# 
  1172     019D                     RCSTA1          equ	413	;# 
  1173     019D                     RCSTA           equ	413	;# 
  1174     019E                     TX1STA          equ	414	;# 
  1175     019E                     TXSTA1          equ	414	;# 
  1176     019E                     TXSTA           equ	414	;# 
  1177     019F                     BAUD1CON        equ	415	;# 
  1178     019F                     BAUDCON1        equ	415	;# 
  1179     019F                     BAUDCTL1        equ	415	;# 
  1180     019F                     BAUDCON         equ	415	;# 
  1181     019F                     BAUDCTL         equ	415	;# 
  1182     020C                     WPUA            equ	524	;# 
  1183     020E                     WPUC            equ	526	;# 
  1184     0211                     SSP1BUF         equ	529	;# 
  1185     0211                     SSPBUF          equ	529	;# 
  1186     0212                     SSP1ADD         equ	530	;# 
  1187     0212                     SSPADD          equ	530	;# 
  1188     0213                     SSP1MSK         equ	531	;# 
  1189     0213                     SSPMSK          equ	531	;# 
  1190     0214                     SSP1STAT        equ	532	;# 
  1191     0214                     SSPSTAT         equ	532	;# 
  1192     0215                     SSP1CON1        equ	533	;# 
  1193     0215                     SSPCON          equ	533	;# 
  1194     0215                     SSPCON1         equ	533	;# 
  1195     0215                     SSP1CON         equ	533	;# 
  1196     0216                     SSP1CON2        equ	534	;# 
  1197     0216                     SSPCON2         equ	534	;# 
  1198     0217                     SSP1CON3        equ	535	;# 
  1199     0217                     SSPCON3         equ	535	;# 
  1200     0219                     SSP2BUF         equ	537	;# 
  1201     021A                     SSP2ADD         equ	538	;# 
  1202     021B                     SSP2MSK         equ	539	;# 
  1203     021C                     SSP2STAT        equ	540	;# 
  1204     021D                     SSP2CON1        equ	541	;# 
  1205     021D                     SSP2CON         equ	541	;# 
  1206     021E                     SSP2CON2        equ	542	;# 
  1207     021F                     SSP2CON3        equ	543	;# 
  1208     028C                     ODCONA          equ	652	;# 
  1209     028E                     ODCONC          equ	654	;# 
  1210     0291                     CCPR1           equ	657	;# 
  1211     0291                     CCPR1L          equ	657	;# 
  1212     0292                     CCPR1H          equ	658	;# 
  1213     0293                     CCP1CON         equ	659	;# 
  1214     0294                     CCP1CAP         equ	660	;# 
  1215     0295                     CCPR2           equ	661	;# 
  1216     0295                     CCPR2L          equ	661	;# 
  1217     0296                     CCPR2H          equ	662	;# 
  1218     0297                     CCP2CON         equ	663	;# 
  1219     0298                     CCP2CAP         equ	664	;# 
  1220     029F                     CCPTMRS         equ	671	;# 
  1221     030C                     SLRCONA         equ	780	;# 
  1222     030E                     SLRCONC         equ	782	;# 
  1223     0311                     CCPR3           equ	785	;# 
  1224     0311                     CCPR3L          equ	785	;# 
  1225     0312                     CCPR3H          equ	786	;# 
  1226     0313                     CCP3CON         equ	787	;# 
  1227     0314                     CCP3CAP         equ	788	;# 
  1228     0315                     CCPR4           equ	789	;# 
  1229     0315                     CCPR4L          equ	789	;# 
  1230     0316                     CCPR4H          equ	790	;# 
  1231     0317                     CCP4CON         equ	791	;# 
  1232     0318                     CCP4CAP         equ	792	;# 
  1233     038C                     INLVLA          equ	908	;# 
  1234     038E                     INLVLC          equ	910	;# 
  1235     0391                     IOCAP           equ	913	;# 
  1236     0392                     IOCAN           equ	914	;# 
  1237     0393                     IOCAF           equ	915	;# 
  1238     0397                     IOCCP           equ	919	;# 
  1239     0398                     IOCCN           equ	920	;# 
  1240     0399                     IOCCF           equ	921	;# 
  1241     039A                     CLKRCON         equ	922	;# 
  1242     039C                     MDCON           equ	924	;# 
  1243     039D                     MDSRC           equ	925	;# 
  1244     039E                     MDCARH          equ	926	;# 
  1245     039F                     MDCARL          equ	927	;# 
  1246     0411                     TMR3            equ	1041	;# 
  1247     0411                     TMR3L           equ	1041	;# 
  1248     0412                     TMR3H           equ	1042	;# 
  1249     0413                     T3CON           equ	1043	;# 
  1250     0414                     T3GCON          equ	1044	;# 
  1251     0415                     TMR4            equ	1045	;# 
  1252     0416                     PR4             equ	1046	;# 
  1253     0417                     T4CON           equ	1047	;# 
  1254     0418                     TMR5            equ	1048	;# 
  1255     0418                     TMR5L           equ	1048	;# 
  1256     0419                     TMR5H           equ	1049	;# 
  1257     041A                     T5CON           equ	1050	;# 
  1258     041B                     T5GCON          equ	1051	;# 
  1259     041C                     TMR6            equ	1052	;# 
  1260     041D                     PR6             equ	1053	;# 
  1261     041E                     T6CON           equ	1054	;# 
  1262     041F                     CCDCON          equ	1055	;# 
  1263     0498                     NCO1ACC         equ	1176	;# 
  1264     0498                     NCO1ACCL        equ	1176	;# 
  1265     0499                     NCO1ACCH        equ	1177	;# 
  1266     049A                     NCO1ACCU        equ	1178	;# 
  1267     049B                     NCO1INC         equ	1179	;# 
  1268     049B                     NCO1INCL        equ	1179	;# 
  1269     049C                     NCO1INCH        equ	1180	;# 
  1270     049D                     NCO1INCU        equ	1181	;# 
  1271     049E                     NCO1CON         equ	1182	;# 
  1272     049F                     NCO1CLK         equ	1183	;# 
  1273     0617                     PWM5DCL         equ	1559	;# 
  1274     0618                     PWM5DCH         equ	1560	;# 
  1275     0619                     PWM5CON         equ	1561	;# 
  1276     0619                     PWM5CON0        equ	1561	;# 
  1277     061A                     PWM6DCL         equ	1562	;# 
  1278     061B                     PWM6DCH         equ	1563	;# 
  1279     061C                     PWM6CON         equ	1564	;# 
  1280     061C                     PWM6CON0        equ	1564	;# 
  1281     061F                     PWMTMRS         equ	1567	;# 
  1282     0691                     CWG1CLKCON      equ	1681	;# 
  1283     0692                     CWG1DAT         equ	1682	;# 
  1284     0693                     CWG1DBR         equ	1683	;# 
  1285     0694                     CWG1DBF         equ	1684	;# 
  1286     0695                     CWG1CON0        equ	1685	;# 
  1287     0696                     CWG1CON1        equ	1686	;# 
  1288     0697                     CWG1AS0         equ	1687	;# 
  1289     0698                     CWG1AS1         equ	1688	;# 
  1290     0699                     CWG1STR         equ	1689	;# 
  1291     0711                     CWG2CLKCON      equ	1809	;# 
  1292     0712                     CWG2DAT         equ	1810	;# 
  1293     0713                     CWG2DBR         equ	1811	;# 
  1294     0714                     CWG2DBF         equ	1812	;# 
  1295     0715                     CWG2CON0        equ	1813	;# 
  1296     0716                     CWG2CON1        equ	1814	;# 
  1297     0717                     CWG2AS0         equ	1815	;# 
  1298     0718                     CWG2AS1         equ	1816	;# 
  1299     0719                     CWG2STR         equ	1817	;# 
  1300     0891                     NVMADR          equ	2193	;# 
  1301     0891                     EEADR           equ	2193	;# 
  1302     0891                     PMADR           equ	2193	;# 
  1303     0891                     NVMADRL         equ	2193	;# 
  1304     0891                     EEADRL          equ	2193	;# 
  1305     0891                     PMADRL          equ	2193	;# 
  1306     0892                     NVMADRH         equ	2194	;# 
  1307     0892                     EEADRH          equ	2194	;# 
  1308     0892                     PMADRH          equ	2194	;# 
  1309     0893                     NVMDAT          equ	2195	;# 
  1310     0893                     EEDAT           equ	2195	;# 
  1311     0893                     PMDAT           equ	2195	;# 
  1312     0893                     NVMDATL         equ	2195	;# 
  1313     0893                     EEDATL          equ	2195	;# 
  1314     0893                     PMDATL          equ	2195	;# 
  1315     0894                     NVMDATH         equ	2196	;# 
  1316     0894                     EEDATH          equ	2196	;# 
  1317     0894                     PMDATH          equ	2196	;# 
  1318     0895                     NVMCON1         equ	2197	;# 
  1319     0895                     EECON1          equ	2197	;# 
  1320     0895                     PMCON1          equ	2197	;# 
  1321     0896                     NVMCON2         equ	2198	;# 
  1322     0896                     EECON2          equ	2198	;# 
  1323     0896                     PMCON2          equ	2198	;# 
  1324     089B                     PCON0           equ	2203	;# 
  1325     0911                     PMD0            equ	2321	;# 
  1326     0912                     PMD1            equ	2322	;# 
  1327     0913                     PMD2            equ	2323	;# 
  1328     0914                     PMD3            equ	2324	;# 
  1329     0915                     PMD4            equ	2325	;# 
  1330     0916                     PMD5            equ	2326	;# 
  1331     0918                     CPUDOZE         equ	2328	;# 
  1332     0919                     OSCCON1         equ	2329	;# 
  1333     091A                     OSCCON2         equ	2330	;# 
  1334     091B                     OSCCON3         equ	2331	;# 
  1335     091C                     OSCSTAT1        equ	2332	;# 
  1336     091D                     OSCEN           equ	2333	;# 
  1337     091E                     OSCTUNE         equ	2334	;# 
  1338     091F                     OSCFRQ          equ	2335	;# 
  1339     0E0F                     PPSLOCK         equ	3599	;# 
  1340     0E10                     INTPPS          equ	3600	;# 
  1341     0E11                     T0CKIPPS        equ	3601	;# 
  1342     0E12                     T1CKIPPS        equ	3602	;# 
  1343     0E13                     T1GPPS          equ	3603	;# 
  1344     0E14                     CCP1PPS         equ	3604	;# 
  1345     0E15                     CCP2PPS         equ	3605	;# 
  1346     0E16                     CCP3PPS         equ	3606	;# 
  1347     0E17                     CCP4PPS         equ	3607	;# 
  1348     0E18                     CWG1PPS         equ	3608	;# 
  1349     0E19                     CWG2PPS         equ	3609	;# 
  1350     0E1A                     MDCIN1PPS       equ	3610	;# 
  1351     0E1B                     MDCIN2PPS       equ	3611	;# 
  1352     0E1C                     MDMINPPS        equ	3612	;# 
  1353     0E1D                     SSP2CLKPPS      equ	3613	;# 
  1354     0E1E                     SSP2DATPPS      equ	3614	;# 
  1355     0E1F                     SSP2SSPPS       equ	3615	;# 
  1356     0E20                     SSP1CLKPPS      equ	3616	;# 
  1357     0E21                     SSP1DATPPS      equ	3617	;# 
  1358     0E22                     SSP1SSPPS       equ	3618	;# 
  1359     0E24                     RXPPS           equ	3620	;# 
  1360     0E25                     TXPPS           equ	3621	;# 
  1361     0E28                     CLCIN0PPS       equ	3624	;# 
  1362     0E29                     CLCIN1PPS       equ	3625	;# 
  1363     0E2A                     CLCIN2PPS       equ	3626	;# 
  1364     0E2B                     CLCIN3PPS       equ	3627	;# 
  1365     0E2C                     T3CKIPPS        equ	3628	;# 
  1366     0E2D                     T3GPPS          equ	3629	;# 
  1367     0E2E                     T5CKIPPS        equ	3630	;# 
  1368     0E2F                     T5GPPS          equ	3631	;# 
  1369     0E90                     RA0PPS          equ	3728	;# 
  1370     0E91                     RA1PPS          equ	3729	;# 
  1371     0E92                     RA2PPS          equ	3730	;# 
  1372     0E94                     RA4PPS          equ	3732	;# 
  1373     0E95                     RA5PPS          equ	3733	;# 
  1374     0EA0                     RC0PPS          equ	3744	;# 
  1375     0EA1                     RC1PPS          equ	3745	;# 
  1376     0EA2                     RC2PPS          equ	3746	;# 
  1377     0EA3                     RC3PPS          equ	3747	;# 
  1378     0EA4                     RC4PPS          equ	3748	;# 
  1379     0EA5                     RC5PPS          equ	3749	;# 
  1380     0F0F                     CLCDATA         equ	3855	;# 
  1381     0F10                     CLC1CON         equ	3856	;# 
  1382     0F11                     CLC1POL         equ	3857	;# 
  1383     0F12                     CLC1SEL0        equ	3858	;# 
  1384     0F13                     CLC1SEL1        equ	3859	;# 
  1385     0F14                     CLC1SEL2        equ	3860	;# 
  1386     0F15                     CLC1SEL3        equ	3861	;# 
  1387     0F16                     CLC1GLS0        equ	3862	;# 
  1388     0F17                     CLC1GLS1        equ	3863	;# 
  1389     0F18                     CLC1GLS2        equ	3864	;# 
  1390     0F19                     CLC1GLS3        equ	3865	;# 
  1391     0F1A                     CLC2CON         equ	3866	;# 
  1392     0F1B                     CLC2POL         equ	3867	;# 
  1393     0F1C                     CLC2SEL0        equ	3868	;# 
  1394     0F1D                     CLC2SEL1        equ	3869	;# 
  1395     0F1E                     CLC2SEL2        equ	3870	;# 
  1396     0F1F                     CLC2SEL3        equ	3871	;# 
  1397     0F20                     CLC2GLS0        equ	3872	;# 
  1398     0F21                     CLC2GLS1        equ	3873	;# 
  1399     0F22                     CLC2GLS2        equ	3874	;# 
  1400     0F23                     CLC2GLS3        equ	3875	;# 
  1401     0F24                     CLC3CON         equ	3876	;# 
  1402     0F25                     CLC3POL         equ	3877	;# 
  1403     0F26                     CLC3SEL0        equ	3878	;# 
  1404     0F27                     CLC3SEL1        equ	3879	;# 
  1405     0F28                     CLC3SEL2        equ	3880	;# 
  1406     0F29                     CLC3SEL3        equ	3881	;# 
  1407     0F2A                     CLC3GLS0        equ	3882	;# 
  1408     0F2B                     CLC3GLS1        equ	3883	;# 
  1409     0F2C                     CLC3GLS2        equ	3884	;# 
  1410     0F2D                     CLC3GLS3        equ	3885	;# 
  1411     0F2E                     CLC4CON         equ	3886	;# 
  1412     0F2F                     CLC4POL         equ	3887	;# 
  1413     0F30                     CLC4SEL0        equ	3888	;# 
  1414     0F31                     CLC4SEL1        equ	3889	;# 
  1415     0F32                     CLC4SEL2        equ	3890	;# 
  1416     0F33                     CLC4SEL3        equ	3891	;# 
  1417     0F34                     CLC4GLS0        equ	3892	;# 
  1418     0F35                     CLC4GLS1        equ	3893	;# 
  1419     0F36                     CLC4GLS2        equ	3894	;# 
  1420     0F37                     CLC4GLS3        equ	3895	;# 
  1421     0FE4                     STATUS_SHAD     equ	4068	;# 
  1422     0FE5                     WREG_SHAD       equ	4069	;# 
  1423     0FE6                     BSR_SHAD        equ	4070	;# 
  1424     0FE7                     PCLATH_SHAD     equ	4071	;# 
  1425     0FE8                     FSR0L_SHAD      equ	4072	;# 
  1426     0FE9                     FSR0H_SHAD      equ	4073	;# 
  1427     0FEA                     FSR1L_SHAD      equ	4074	;# 
  1428     0FEB                     FSR1H_SHAD      equ	4075	;# 
  1429     0FED                     STKPTR          equ	4077	;# 
  1430     0FEE                     TOSL            equ	4078	;# 
  1431     0FEF                     TOSH            equ	4079	;# 
  1432     0000                     INDF0           equ	0	;# 
  1433     0001                     INDF1           equ	1	;# 
  1434     0002                     PCL             equ	2	;# 
  1435     0003                     STATUS          equ	3	;# 
  1436     0004                     FSR0L           equ	4	;# 
  1437     0005                     FSR0H           equ	5	;# 
  1438     0006                     FSR1L           equ	6	;# 
  1439     0007                     FSR1H           equ	7	;# 
  1440     0008                     BSR             equ	8	;# 
  1441     0009                     WREG            equ	9	;# 
  1442     000A                     PCLATH          equ	10	;# 
  1443     000B                     INTCON          equ	11	;# 
  1444     000C                     PORTA           equ	12	;# 
  1445     000E                     PORTC           equ	14	;# 
  1446     0010                     PIR0            equ	16	;# 
  1447     0011                     PIR1            equ	17	;# 
  1448     0012                     PIR2            equ	18	;# 
  1449     0013                     PIR3            equ	19	;# 
  1450     0014                     PIR4            equ	20	;# 
  1451     0015                     TMR0L           equ	21	;# 
  1452     0015                     TMR0            equ	21	;# 
  1453     0016                     TMR0H           equ	22	;# 
  1454     0016                     PR0             equ	22	;# 
  1455     0017                     T0CON0          equ	23	;# 
  1456     0018                     T0CON1          equ	24	;# 
  1457     0019                     TMR1            equ	25	;# 
  1458     0019                     TMR1L           equ	25	;# 
  1459     001A                     TMR1H           equ	26	;# 
  1460     001B                     T1CON           equ	27	;# 
  1461     001C                     T1GCON          equ	28	;# 
  1462     001D                     TMR2            equ	29	;# 
  1463     001E                     PR2             equ	30	;# 
  1464     001F                     T2CON           equ	31	;# 
  1465     008C                     TRISA           equ	140	;# 
  1466     008E                     TRISC           equ	142	;# 
  1467     0090                     PIE0            equ	144	;# 
  1468     0091                     PIE1            equ	145	;# 
  1469     0092                     PIE2            equ	146	;# 
  1470     0093                     PIE3            equ	147	;# 
  1471     0094                     PIE4            equ	148	;# 
  1472     0097                     WDTCON          equ	151	;# 
  1473     009B                     ADRES           equ	155	;# 
  1474     009B                     ADRESL          equ	155	;# 
  1475     009C                     ADRESH          equ	156	;# 
  1476     009D                     ADCON0          equ	157	;# 
  1477     009E                     ADCON1          equ	158	;# 
  1478     009F                     ADACT           equ	159	;# 
  1479     010C                     LATA            equ	268	;# 
  1480     010E                     LATC            equ	270	;# 
  1481     0111                     CM1CON0         equ	273	;# 
  1482     0112                     CM1CON1         equ	274	;# 
  1483     0113                     CM2CON0         equ	275	;# 
  1484     0114                     CM2CON1         equ	276	;# 
  1485     0115                     CMOUT           equ	277	;# 
  1486     0116                     BORCON          equ	278	;# 
  1487     0117                     FVRCON          equ	279	;# 
  1488     0118                     DACCON0         equ	280	;# 
  1489     0119                     DACCON1         equ	281	;# 
  1490     018C                     ANSELA          equ	396	;# 
  1491     018E                     ANSELC          equ	398	;# 
  1492     0197                     VREGCON         equ	407	;# 
  1493     0199                     RC1REG          equ	409	;# 
  1494     0199                     RCREG           equ	409	;# 
  1495     0199                     RCREG1          equ	409	;# 
  1496     019A                     TX1REG          equ	410	;# 
  1497     019A                     TXREG1          equ	410	;# 
  1498     019A                     TXREG           equ	410	;# 
  1499     019B                     SP1BRG          equ	411	;# 
  1500     019B                     SPBRG           equ	411	;# 
  1501     019B                     SP1BRGL         equ	411	;# 
  1502     019B                     SPBRG1          equ	411	;# 
  1503     019B                     SPBRGL          equ	411	;# 
  1504     019C                     SP1BRGH         equ	412	;# 
  1505     019C                     SPBRGH          equ	412	;# 
  1506     019C                     SPBRGH1         equ	412	;# 
  1507     019D                     RC1STA          equ	413	;# 
  1508     019D                     RCSTA1          equ	413	;# 
  1509     019D                     RCSTA           equ	413	;# 
  1510     019E                     TX1STA          equ	414	;# 
  1511     019E                     TXSTA1          equ	414	;# 
  1512     019E                     TXSTA           equ	414	;# 
  1513     019F                     BAUD1CON        equ	415	;# 
  1514     019F                     BAUDCON1        equ	415	;# 
  1515     019F                     BAUDCTL1        equ	415	;# 
  1516     019F                     BAUDCON         equ	415	;# 
  1517     019F                     BAUDCTL         equ	415	;# 
  1518     020C                     WPUA            equ	524	;# 
  1519     020E                     WPUC            equ	526	;# 
  1520     0211                     SSP1BUF         equ	529	;# 
  1521     0211                     SSPBUF          equ	529	;# 
  1522     0212                     SSP1ADD         equ	530	;# 
  1523     0212                     SSPADD          equ	530	;# 
  1524     0213                     SSP1MSK         equ	531	;# 
  1525     0213                     SSPMSK          equ	531	;# 
  1526     0214                     SSP1STAT        equ	532	;# 
  1527     0214                     SSPSTAT         equ	532	;# 
  1528     0215                     SSP1CON1        equ	533	;# 
  1529     0215                     SSPCON          equ	533	;# 
  1530     0215                     SSPCON1         equ	533	;# 
  1531     0215                     SSP1CON         equ	533	;# 
  1532     0216                     SSP1CON2        equ	534	;# 
  1533     0216                     SSPCON2         equ	534	;# 
  1534     0217                     SSP1CON3        equ	535	;# 
  1535     0217                     SSPCON3         equ	535	;# 
  1536     0219                     SSP2BUF         equ	537	;# 
  1537     021A                     SSP2ADD         equ	538	;# 
  1538     021B                     SSP2MSK         equ	539	;# 
  1539     021C                     SSP2STAT        equ	540	;# 
  1540     021D                     SSP2CON1        equ	541	;# 
  1541     021D                     SSP2CON         equ	541	;# 
  1542     021E                     SSP2CON2        equ	542	;# 
  1543     021F                     SSP2CON3        equ	543	;# 
  1544     028C                     ODCONA          equ	652	;# 
  1545     028E                     ODCONC          equ	654	;# 
  1546     0291                     CCPR1           equ	657	;# 
  1547     0291                     CCPR1L          equ	657	;# 
  1548     0292                     CCPR1H          equ	658	;# 
  1549     0293                     CCP1CON         equ	659	;# 
  1550     0294                     CCP1CAP         equ	660	;# 
  1551     0295                     CCPR2           equ	661	;# 
  1552     0295                     CCPR2L          equ	661	;# 
  1553     0296                     CCPR2H          equ	662	;# 
  1554     0297                     CCP2CON         equ	663	;# 
  1555     0298                     CCP2CAP         equ	664	;# 
  1556     029F                     CCPTMRS         equ	671	;# 
  1557     030C                     SLRCONA         equ	780	;# 
  1558     030E                     SLRCONC         equ	782	;# 
  1559     0311                     CCPR3           equ	785	;# 
  1560     0311                     CCPR3L          equ	785	;# 
  1561     0312                     CCPR3H          equ	786	;# 
  1562     0313                     CCP3CON         equ	787	;# 
  1563     0314                     CCP3CAP         equ	788	;# 
  1564     0315                     CCPR4           equ	789	;# 
  1565     0315                     CCPR4L          equ	789	;# 
  1566     0316                     CCPR4H          equ	790	;# 
  1567     0317                     CCP4CON         equ	791	;# 
  1568     0318                     CCP4CAP         equ	792	;# 
  1569     038C                     INLVLA          equ	908	;# 
  1570     038E                     INLVLC          equ	910	;# 
  1571     0391                     IOCAP           equ	913	;# 
  1572     0392                     IOCAN           equ	914	;# 
  1573     0393                     IOCAF           equ	915	;# 
  1574     0397                     IOCCP           equ	919	;# 
  1575     0398                     IOCCN           equ	920	;# 
  1576     0399                     IOCCF           equ	921	;# 
  1577     039A                     CLKRCON         equ	922	;# 
  1578     039C                     MDCON           equ	924	;# 
  1579     039D                     MDSRC           equ	925	;# 
  1580     039E                     MDCARH          equ	926	;# 
  1581     039F                     MDCARL          equ	927	;# 
  1582     0411                     TMR3            equ	1041	;# 
  1583     0411                     TMR3L           equ	1041	;# 
  1584     0412                     TMR3H           equ	1042	;# 
  1585     0413                     T3CON           equ	1043	;# 
  1586     0414                     T3GCON          equ	1044	;# 
  1587     0415                     TMR4            equ	1045	;# 
  1588     0416                     PR4             equ	1046	;# 
  1589     0417                     T4CON           equ	1047	;# 
  1590     0418                     TMR5            equ	1048	;# 
  1591     0418                     TMR5L           equ	1048	;# 
  1592     0419                     TMR5H           equ	1049	;# 
  1593     041A                     T5CON           equ	1050	;# 
  1594     041B                     T5GCON          equ	1051	;# 
  1595     041C                     TMR6            equ	1052	;# 
  1596     041D                     PR6             equ	1053	;# 
  1597     041E                     T6CON           equ	1054	;# 
  1598     041F                     CCDCON          equ	1055	;# 
  1599     0498                     NCO1ACC         equ	1176	;# 
  1600     0498                     NCO1ACCL        equ	1176	;# 
  1601     0499                     NCO1ACCH        equ	1177	;# 
  1602     049A                     NCO1ACCU        equ	1178	;# 
  1603     049B                     NCO1INC         equ	1179	;# 
  1604     049B                     NCO1INCL        equ	1179	;# 
  1605     049C                     NCO1INCH        equ	1180	;# 
  1606     049D                     NCO1INCU        equ	1181	;# 
  1607     049E                     NCO1CON         equ	1182	;# 
  1608     049F                     NCO1CLK         equ	1183	;# 
  1609     0617                     PWM5DCL         equ	1559	;# 
  1610     0618                     PWM5DCH         equ	1560	;# 
  1611     0619                     PWM5CON         equ	1561	;# 
  1612     0619                     PWM5CON0        equ	1561	;# 
  1613     061A                     PWM6DCL         equ	1562	;# 
  1614     061B                     PWM6DCH         equ	1563	;# 
  1615     061C                     PWM6CON         equ	1564	;# 
  1616     061C                     PWM6CON0        equ	1564	;# 
  1617     061F                     PWMTMRS         equ	1567	;# 
  1618     0691                     CWG1CLKCON      equ	1681	;# 
  1619     0692                     CWG1DAT         equ	1682	;# 
  1620     0693                     CWG1DBR         equ	1683	;# 
  1621     0694                     CWG1DBF         equ	1684	;# 
  1622     0695                     CWG1CON0        equ	1685	;# 
  1623     0696                     CWG1CON1        equ	1686	;# 
  1624     0697                     CWG1AS0         equ	1687	;# 
  1625     0698                     CWG1AS1         equ	1688	;# 
  1626     0699                     CWG1STR         equ	1689	;# 
  1627     0711                     CWG2CLKCON      equ	1809	;# 
  1628     0712                     CWG2DAT         equ	1810	;# 
  1629     0713                     CWG2DBR         equ	1811	;# 
  1630     0714                     CWG2DBF         equ	1812	;# 
  1631     0715                     CWG2CON0        equ	1813	;# 
  1632     0716                     CWG2CON1        equ	1814	;# 
  1633     0717                     CWG2AS0         equ	1815	;# 
  1634     0718                     CWG2AS1         equ	1816	;# 
  1635     0719                     CWG2STR         equ	1817	;# 
  1636     0891                     NVMADR          equ	2193	;# 
  1637     0891                     EEADR           equ	2193	;# 
  1638     0891                     PMADR           equ	2193	;# 
  1639     0891                     NVMADRL         equ	2193	;# 
  1640     0891                     EEADRL          equ	2193	;# 
  1641     0891                     PMADRL          equ	2193	;# 
  1642     0892                     NVMADRH         equ	2194	;# 
  1643     0892                     EEADRH          equ	2194	;# 
  1644     0892                     PMADRH          equ	2194	;# 
  1645     0893                     NVMDAT          equ	2195	;# 
  1646     0893                     EEDAT           equ	2195	;# 
  1647     0893                     PMDAT           equ	2195	;# 
  1648     0893                     NVMDATL         equ	2195	;# 
  1649     0893                     EEDATL          equ	2195	;# 
  1650     0893                     PMDATL          equ	2195	;# 
  1651     0894                     NVMDATH         equ	2196	;# 
  1652     0894                     EEDATH          equ	2196	;# 
  1653     0894                     PMDATH          equ	2196	;# 
  1654     0895                     NVMCON1         equ	2197	;# 
  1655     0895                     EECON1          equ	2197	;# 
  1656     0895                     PMCON1          equ	2197	;# 
  1657     0896                     NVMCON2         equ	2198	;# 
  1658     0896                     EECON2          equ	2198	;# 
  1659     0896                     PMCON2          equ	2198	;# 
  1660     089B                     PCON0           equ	2203	;# 
  1661     0911                     PMD0            equ	2321	;# 
  1662     0912                     PMD1            equ	2322	;# 
  1663     0913                     PMD2            equ	2323	;# 
  1664     0914                     PMD3            equ	2324	;# 
  1665     0915                     PMD4            equ	2325	;# 
  1666     0916                     PMD5            equ	2326	;# 
  1667     0918                     CPUDOZE         equ	2328	;# 
  1668     0919                     OSCCON1         equ	2329	;# 
  1669     091A                     OSCCON2         equ	2330	;# 
  1670     091B                     OSCCON3         equ	2331	;# 
  1671     091C                     OSCSTAT1        equ	2332	;# 
  1672     091D                     OSCEN           equ	2333	;# 
  1673     091E                     OSCTUNE         equ	2334	;# 
  1674     091F                     OSCFRQ          equ	2335	;# 
  1675     0E0F                     PPSLOCK         equ	3599	;# 
  1676     0E10                     INTPPS          equ	3600	;# 
  1677     0E11                     T0CKIPPS        equ	3601	;# 
  1678     0E12                     T1CKIPPS        equ	3602	;# 
  1679     0E13                     T1GPPS          equ	3603	;# 
  1680     0E14                     CCP1PPS         equ	3604	;# 
  1681     0E15                     CCP2PPS         equ	3605	;# 
  1682     0E16                     CCP3PPS         equ	3606	;# 
  1683     0E17                     CCP4PPS         equ	3607	;# 
  1684     0E18                     CWG1PPS         equ	3608	;# 
  1685     0E19                     CWG2PPS         equ	3609	;# 
  1686     0E1A                     MDCIN1PPS       equ	3610	;# 
  1687     0E1B                     MDCIN2PPS       equ	3611	;# 
  1688     0E1C                     MDMINPPS        equ	3612	;# 
  1689     0E1D                     SSP2CLKPPS      equ	3613	;# 
  1690     0E1E                     SSP2DATPPS      equ	3614	;# 
  1691     0E1F                     SSP2SSPPS       equ	3615	;# 
  1692     0E20                     SSP1CLKPPS      equ	3616	;# 
  1693     0E21                     SSP1DATPPS      equ	3617	;# 
  1694     0E22                     SSP1SSPPS       equ	3618	;# 
  1695     0E24                     RXPPS           equ	3620	;# 
  1696     0E25                     TXPPS           equ	3621	;# 
  1697     0E28                     CLCIN0PPS       equ	3624	;# 
  1698     0E29                     CLCIN1PPS       equ	3625	;# 
  1699     0E2A                     CLCIN2PPS       equ	3626	;# 
  1700     0E2B                     CLCIN3PPS       equ	3627	;# 
  1701     0E2C                     T3CKIPPS        equ	3628	;# 
  1702     0E2D                     T3GPPS          equ	3629	;# 
  1703     0E2E                     T5CKIPPS        equ	3630	;# 
  1704     0E2F                     T5GPPS          equ	3631	;# 
  1705     0E90                     RA0PPS          equ	3728	;# 
  1706     0E91                     RA1PPS          equ	3729	;# 
  1707     0E92                     RA2PPS          equ	3730	;# 
  1708     0E94                     RA4PPS          equ	3732	;# 
  1709     0E95                     RA5PPS          equ	3733	;# 
  1710     0EA0                     RC0PPS          equ	3744	;# 
  1711     0EA1                     RC1PPS          equ	3745	;# 
  1712     0EA2                     RC2PPS          equ	3746	;# 
  1713     0EA3                     RC3PPS          equ	3747	;# 
  1714     0EA4                     RC4PPS          equ	3748	;# 
  1715     0EA5                     RC5PPS          equ	3749	;# 
  1716     0F0F                     CLCDATA         equ	3855	;# 
  1717     0F10                     CLC1CON         equ	3856	;# 
  1718     0F11                     CLC1POL         equ	3857	;# 
  1719     0F12                     CLC1SEL0        equ	3858	;# 
  1720     0F13                     CLC1SEL1        equ	3859	;# 
  1721     0F14                     CLC1SEL2        equ	3860	;# 
  1722     0F15                     CLC1SEL3        equ	3861	;# 
  1723     0F16                     CLC1GLS0        equ	3862	;# 
  1724     0F17                     CLC1GLS1        equ	3863	;# 
  1725     0F18                     CLC1GLS2        equ	3864	;# 
  1726     0F19                     CLC1GLS3        equ	3865	;# 
  1727     0F1A                     CLC2CON         equ	3866	;# 
  1728     0F1B                     CLC2POL         equ	3867	;# 
  1729     0F1C                     CLC2SEL0        equ	3868	;# 
  1730     0F1D                     CLC2SEL1        equ	3869	;# 
  1731     0F1E                     CLC2SEL2        equ	3870	;# 
  1732     0F1F                     CLC2SEL3        equ	3871	;# 
  1733     0F20                     CLC2GLS0        equ	3872	;# 
  1734     0F21                     CLC2GLS1        equ	3873	;# 
  1735     0F22                     CLC2GLS2        equ	3874	;# 
  1736     0F23                     CLC2GLS3        equ	3875	;# 
  1737     0F24                     CLC3CON         equ	3876	;# 
  1738     0F25                     CLC3POL         equ	3877	;# 
  1739     0F26                     CLC3SEL0        equ	3878	;# 
  1740     0F27                     CLC3SEL1        equ	3879	;# 
  1741     0F28                     CLC3SEL2        equ	3880	;# 
  1742     0F29                     CLC3SEL3        equ	3881	;# 
  1743     0F2A                     CLC3GLS0        equ	3882	;# 
  1744     0F2B                     CLC3GLS1        equ	3883	;# 
  1745     0F2C                     CLC3GLS2        equ	3884	;# 
  1746     0F2D                     CLC3GLS3        equ	3885	;# 
  1747     0F2E                     CLC4CON         equ	3886	;# 
  1748     0F2F                     CLC4POL         equ	3887	;# 
  1749     0F30                     CLC4SEL0        equ	3888	;# 
  1750     0F31                     CLC4SEL1        equ	3889	;# 
  1751     0F32                     CLC4SEL2        equ	3890	;# 
  1752     0F33                     CLC4SEL3        equ	3891	;# 
  1753     0F34                     CLC4GLS0        equ	3892	;# 
  1754     0F35                     CLC4GLS1        equ	3893	;# 
  1755     0F36                     CLC4GLS2        equ	3894	;# 
  1756     0F37                     CLC4GLS3        equ	3895	;# 
  1757     0FE4                     STATUS_SHAD     equ	4068	;# 
  1758     0FE5                     WREG_SHAD       equ	4069	;# 
  1759     0FE6                     BSR_SHAD        equ	4070	;# 
  1760     0FE7                     PCLATH_SHAD     equ	4071	;# 
  1761     0FE8                     FSR0L_SHAD      equ	4072	;# 
  1762     0FE9                     FSR0H_SHAD      equ	4073	;# 
  1763     0FEA                     FSR1L_SHAD      equ	4074	;# 
  1764     0FEB                     FSR1H_SHAD      equ	4075	;# 
  1765     0FED                     STKPTR          equ	4077	;# 
  1766     0FEE                     TOSL            equ	4078	;# 
  1767     0FEF                     TOSH            equ	4079	;# 
  1768                           
  1769                           	psect	idataBANK0
  1770     0081                     __pidataBANK0:
  1771                           
  1772                           ;initializer for FeatureTest@F6472
  1773     0081  3450               	retlw	80
  1774     0082  3473               	retlw	115
  1775                           
  1776                           ;initializer for FeatureTest@F6469
  1777     0083  3450               	retlw	80
  1778     0084  3473               	retlw	115
  1779                           
  1780                           ;initializer for _readyToTransmit
  1781     0085  3401               	retlw	1
  1782                           
  1783                           ;initializer for _motorSpeed
  1784     0086  3480               	retlw	128
  1785                           
  1786                           ;initializer for FlushTX@F6445
  1787     0087  34E1               	retlw	225
  1788                           
  1789                           ;initializer for FlushRX@F6441
  1790     0088  34E2               	retlw	226
  1791                           
  1792                           ;initializer for sendNOP@F6364
  1793     0089  34FF               	retlw	255
  1794                           
  1795                           ;initializer for _prevSpinDir
  1796     008A  3401               	retlw	1
  1797                           
  1798                           ;initializer for _val
  1799     008B  3401               	retlw	1
  1800                           
  1801                           ;initializer for _address
  1802     008C  3430               	retlw	48
  1803     008D  3430               	retlw	48
  1804     008E  3430               	retlw	48
  1805     008F  3431               	retlw	49
  1806     0090  3431               	retlw	49
  1807     001E                     _PR2            set	30
  1808     001D                     _TMR2           set	29
  1809     001F                     _T2CONbits      set	31
  1810     000E                     _PORTCbits      set	14
  1811     000C                     _PORTAbits      set	12
  1812     009E                     _ADCON1bits     set	158
  1813     009B                     _ADRESL         set	155
  1814     009C                     _ADRESH         set	156
  1815     009D                     _ADCON0bits     set	157
  1816     008E                     _TRISCbits      set	142
  1817     008C                     _TRISAbits      set	140
  1818     010E                     _LATCbits       set	270
  1819     010C                     _LATAbits       set	268
  1820     018E                     _ANSELCbits     set	398
  1821     018C                     _ANSELAbits     set	396
  1822     0215                     _SSP1CON1bits   set	533
  1823     0214                     _SSP1STATbits   set	532
  1824     0211                     _SSP1BUF        set	529
  1825     0416                     _PR4            set	1046
  1826     0415                     _TMR4           set	1045
  1827     0417                     _T4CONbits      set	1047
  1828     061C                     _PWM6CONbits    set	1564
  1829     061F                     _PWMTMRSbits    set	1567
  1830     061B                     _PWM6DCH        set	1563
  1831     061A                     _PWM6DCL        set	1562
  1832     0618                     _PWM5DCH        set	1560
  1833     0617                     _PWM5DCL        set	1559
  1834     0619                     _PWM5CONbits    set	1561
  1835     0E21                     _SSP1DATPPS     set	3617
  1836     0EA3                     _RC3PPS         set	3747
  1837     0E92                     _RA2PPS         set	3730
  1838     0EA5                     _RC5PPS         set	3749
  1839     0EA0                     _RC0PPS         set	3744
  1840     0EA4                     _RC4PPS         set	3748
  1841     0EA2                     _RC2PPS         set	3746
  1842                           
  1843                           	psect	cinit
  1844     07E1                     start_initialization:	
  1845                           ; #config settings
  1846                           
  1847     07E1                     __initialization:
  1848                           
  1849                           ; Initialize objects allocated to BANK0
  1850     07E1  3081               	movlw	low __pidataBANK0
  1851     07E2  0084               	movwf	4
  1852     07E3  3080               	movlw	(high __pidataBANK0)| (0+128)
  1853     07E4  0085               	movwf	5
  1854     07E5  305E               	movlw	low __pdataBANK0
  1855     07E6  0086               	movwf	6
  1856     07E7  3000               	movlw	high __pdataBANK0
  1857     07E8  0087               	movwf	7
  1858     07E9  3010               	movlw	16
  1859     07EA  3180  204A  3187   	fcall	init_ram
  1860                           
  1861                           ; Clear objects allocated to BANK0
  1862     07ED  3043               	movlw	low __pbssBANK0
  1863     07EE  0084               	movwf	4
  1864     07EF  3000               	movlw	high __pbssBANK0
  1865     07F0  0085               	movwf	5
  1866     07F1  301B               	movlw	27
  1867     07F2  3180  2044  3187   	fcall	clear_ram0
  1868                           
  1869                           ; Clear objects allocated to BANK1
  1870     07F5  30A0               	movlw	low __pbssBANK1
  1871     07F6  0084               	movwf	4
  1872     07F7  3000               	movlw	high __pbssBANK1
  1873     07F8  0085               	movwf	5
  1874     07F9  3009               	movlw	9
  1875     07FA  3180  2044  3187   	fcall	clear_ram0
  1876     07FD                     end_of_initialization:	
  1877                           ;End of C runtime variable initialization code
  1878                           
  1879     07FD                     __end_of__initialization:
  1880     07FD  0020               	movlb	0
  1881     07FE  3185  2D88         	ljmp	_main	;jump to C main() function
  1882                           
  1883                           	psect	bssBANK0
  1884     0043                     __pbssBANK0:
  1885     0043                     controlsChanged@prevBytes:
  1886     0043                     	ds	6
  1887     0049                     ReadRegister@F6353:
  1888     0049                     	ds	2
  1889     004B                     _servoPos:
  1890     004B                     	ds	1
  1891     004C                     ChangeRadioMode@F6458:
  1892     004C                     	ds	1
  1893     004D                     _spinDir:
  1894     004D                     	ds	1
  1895     004E                     _currentState:
  1896     004E                     	ds	1
  1897     004F                     _radioType:
  1898     004F                     	ds	1
  1899     0050                     _result:
  1900     0050                     	ds	7
  1901     0057                     _bytes:
  1902     0057                     	ds	7
  1903                           
  1904                           	psect	dataBANK0
  1905     005E                     __pdataBANK0:
  1906     005E                     FeatureTest@F6472:
  1907     005E                     	ds	2
  1908     0060                     FeatureTest@F6469:
  1909     0060                     	ds	2
  1910     0062                     _readyToTransmit:
  1911     0062                     	ds	1
  1912     0063                     _motorSpeed:
  1913     0063                     	ds	1
  1914     0064                     FlushTX@F6445:
  1915     0064                     	ds	1
  1916     0065                     FlushRX@F6441:
  1917     0065                     	ds	1
  1918     0066                     sendNOP@F6364:
  1919     0066                     	ds	1
  1920     0067                     _prevSpinDir:
  1921     0067                     	ds	1
  1922     0068                     _val:
  1923     0068                     	ds	1
  1924     0069                     _address:
  1925     0069                     	ds	5
  1926                           
  1927                           	psect	bssBANK1
  1928     00A0                     __pbssBANK1:
  1929     00A0                     _payload:
  1930     00A0                     	ds	9
  1931                           
  1932                           	psect	inittext
  1933     004A                     init_ram:
  1934     004A  00FE               	movwf	btemp
  1935     004B                     initloop:
  1936     004B  0012               	moviw fsr0++
  1937     004C  001E               	movwi fsr1++
  1938     004D  0BFE               	decfsz	btemp,f
  1939     004E  284B               	goto	initloop
  1940     004F  3400               	retlw	0
  1941                           
  1942                           	psect	clrtext
  1943     0044                     clear_ram0:	
  1944                           ;	Called with FSR0 containing the base address, and
  1945                           ;	WREG with the size to clear
  1946                           
  1947     0044  0064               	clrwdt	;clear the watchdog before getting into this loop
  1948     0045                     clrloop0:
  1949     0045  0180               	clrf	0	;clear RAM location pointed to by FSR
  1950     0046  3101               	addfsr 0,1
  1951     0047  0B89               	decfsz	9,f	;Have we reached the end of clearing yet?
  1952     0048  2845               	goto	clrloop0	;have we reached the end yet?
  1953     0049  3400               	retlw	0	;all done for this memory range, return
  1954                           
  1955                           	psect	cstackCOMMON
  1956     0070                     __pcstackCOMMON:
  1957     0070                     ?_delay:
  1958     0070                     ?_ce:	
  1959                           ; 1 bytes @ 0x0
  1960                           
  1961     0070                     ?_setupSPI:	
  1962                           ; 1 bytes @ 0x0
  1963                           
  1964     0070                     ?_controlsChanged:	
  1965                           ; 1 bytes @ 0x0
  1966                           
  1967     0070                     ?_packagePayload:	
  1968                           ; 1 bytes @ 0x0
  1969                           
  1970     0070                     ?_transmitPayload:	
  1971                           ; 1 bytes @ 0x0
  1972                           
  1973     0070                     ?_FlushRX:	
  1974                           ; 1 bytes @ 0x0
  1975                           
  1976     0070                     ?_FlushTX:	
  1977                           ; 1 bytes @ 0x0
  1978                           
  1979     0070                     ?___wmul:	
  1980                           ; 1 bytes @ 0x0
  1981                           
  1982     0070                     ce@level:	
  1983                           ; 2 bytes @ 0x0
  1984                           
  1985     0070                     packagePayload@bytes:	
  1986                           ; 1 bytes @ 0x0
  1987                           
  1988     0070                     setupSPI@radioType:	
  1989                           ; 1 bytes @ 0x0
  1990                           
  1991     0070                     controlsChanged@bytes:	
  1992                           ; 1 bytes @ 0x0
  1993                           
  1994     0070                     delay@length:	
  1995                           ; 1 bytes @ 0x0
  1996                           
  1997     0070                     ___wmul@multiplier:	
  1998                           ; 2 bytes @ 0x0
  1999                           
  2000     0070                     ??_setupSPI:	
  2001                           ; 2 bytes @ 0x0
  2002                           
  2003                           
  2004                           ; 1 bytes @ 0x0
  2005     0070                     	ds	1
  2006     0071                     ce@radioType:
  2007     0071                     ??_ce:	
  2008                           ; 1 bytes @ 0x1
  2009                           
  2010     0071                     ??_controlsChanged:	
  2011                           ; 1 bytes @ 0x1
  2012                           
  2013     0071                     ??_packagePayload:	
  2014                           ; 1 bytes @ 0x1
  2015                           
  2016                           
  2017                           ; 1 bytes @ 0x1
  2018     0071                     	ds	1
  2019     0072                     ?_SendSPI:
  2020     0072                     SendSPI@bytes:	
  2021                           ; 1 bytes @ 0x2
  2022                           
  2023     0072                     packagePayload@checksum:	
  2024                           ; 1 bytes @ 0x2
  2025                           
  2026     0072                     ___wmul@multiplicand:	
  2027                           ; 1 bytes @ 0x2
  2028                           
  2029     0072                     ??_delay:	
  2030                           ; 2 bytes @ 0x2
  2031                           
  2032                           
  2033                           ; 1 bytes @ 0x2
  2034     0072                     	ds	1
  2035     0073                     SendSPI@result:
  2036     0073                     packagePayload@radioID:	
  2037                           ; 1 bytes @ 0x3
  2038                           
  2039                           
  2040                           ; 1 bytes @ 0x3
  2041     0073                     	ds	1
  2042     0074                     SendSPI@n:
  2043     0074                     packagePayload@i:	
  2044                           ; 1 bytes @ 0x4
  2045                           
  2046     0074                     ___wmul@product:	
  2047                           ; 1 bytes @ 0x4
  2048                           
  2049     0074                     ??___wmul:	
  2050                           ; 2 bytes @ 0x4
  2051                           
  2052                           
  2053                           ; 1 bytes @ 0x4
  2054     0074                     	ds	1
  2055     0075                     SendSPI@i:
  2056     0075                     packagePayload@i_965:	
  2057                           ; 1 bytes @ 0x5
  2058                           
  2059     0075                     controlsChanged@returnVal:	
  2060                           ; 1 bytes @ 0x5
  2061                           
  2062     0075                     ??_SendSPI:	
  2063                           ; 1 bytes @ 0x5
  2064                           
  2065                           
  2066                           ; 1 bytes @ 0x5
  2067     0075                     	ds	1
  2068     0076                     ?_sendNOP:
  2069     0076                     ?_readRXFIFO:	
  2070                           ; 1 bytes @ 0x6
  2071                           
  2072     0076                     ?_SetupPayloadSize:	
  2073                           ; 1 bytes @ 0x6
  2074                           
  2075     0076                     ?_ChangeRadioMode:	
  2076                           ; 1 bytes @ 0x6
  2077                           
  2078     0076                     ?_ReadRegister:	
  2079                           ; 1 bytes @ 0x6
  2080                           
  2081     0076                     ?___lwdiv:	
  2082                           ; 1 bytes @ 0x6
  2083                           
  2084     0076                     ReadRegister@result:	
  2085                           ; 2 bytes @ 0x6
  2086                           
  2087     0076                     sendNOP@result:	
  2088                           ; 1 bytes @ 0x6
  2089                           
  2090     0076                     FlushRX@bytes:	
  2091                           ; 1 bytes @ 0x6
  2092                           
  2093     0076                     FlushTX@bytes:	
  2094                           ; 1 bytes @ 0x6
  2095                           
  2096     0076                     ChangeRadioMode@CRCbytes:	
  2097                           ; 1 bytes @ 0x6
  2098                           
  2099     0076                     SetupPayloadSize@result:	
  2100                           ; 1 bytes @ 0x6
  2101                           
  2102     0076                     readRXFIFO@result:	
  2103                           ; 1 bytes @ 0x6
  2104                           
  2105     0076                     controlsChanged@delta:	
  2106                           ; 1 bytes @ 0x6
  2107                           
  2108     0076                     ___lwdiv@divisor:	
  2109                           ; 1 bytes @ 0x6
  2110                           
  2111     0076                     ??_transmitPayload:	
  2112                           ; 2 bytes @ 0x6
  2113                           
  2114     0076                     ??_FlushRX:	
  2115                           ; 1 bytes @ 0x6
  2116                           
  2117     0076                     ??_FlushTX:	
  2118                           ; 1 bytes @ 0x6
  2119                           
  2120                           
  2121                           ; 1 bytes @ 0x6
  2122     0076                     	ds	1
  2123     0077                     ReadRegister@reg:
  2124     0077                     sendNOP@bytes:	
  2125                           ; 1 bytes @ 0x7
  2126                           
  2127     0077                     FlushRX@result:	
  2128                           ; 1 bytes @ 0x7
  2129                           
  2130     0077                     FlushTX@result:	
  2131                           ; 1 bytes @ 0x7
  2132                           
  2133     0077                     ChangeRadioMode@radioType:	
  2134                           ; 1 bytes @ 0x7
  2135                           
  2136     0077                     SetupPayloadSize@size:	
  2137                           ; 1 bytes @ 0x7
  2138                           
  2139     0077                     controlsChanged@i:	
  2140                           ; 1 bytes @ 0x7
  2141                           
  2142     0077                     ??_sendNOP:	
  2143                           ; 1 bytes @ 0x7
  2144                           
  2145     0077                     ??_readRXFIFO:	
  2146                           ; 1 bytes @ 0x7
  2147                           
  2148     0077                     ??_SetupPayloadSize:	
  2149                           ; 1 bytes @ 0x7
  2150                           
  2151     0077                     ??_ReadRegister:	
  2152                           ; 1 bytes @ 0x7
  2153                           
  2154                           
  2155                           ; 1 bytes @ 0x7
  2156     0077                     	ds	1
  2157     0078                     ReadRegister@bytes:
  2158     0078                     SetupPayloadSize@databytes:	
  2159                           ; 2 bytes @ 0x8
  2160                           
  2161     0078                     ___lwdiv@dividend:	
  2162                           ; 2 bytes @ 0x8
  2163                           
  2164     0078                     ??_ChangeRadioMode:	
  2165                           ; 2 bytes @ 0x8
  2166                           
  2167                           
  2168                           ; 1 bytes @ 0x8
  2169     0078                     	ds	2
  2170     007A                     ?_RFSetup:
  2171     007A                     ?_FeatureTest:	
  2172                           ; 1 bytes @ 0xA
  2173                           
  2174     007A                     RFSetup@power:	
  2175                           ; 1 bytes @ 0xA
  2176                           
  2177     007A                     FeatureTest@result:	
  2178                           ; 1 bytes @ 0xA
  2179                           
  2180     007A                     configureRX@result:	
  2181                           ; 1 bytes @ 0xA
  2182                           
  2183     007A                     ___lwdiv@quotient:	
  2184                           ; 2 bytes @ 0xA
  2185                           
  2186     007A                     ??_configureRX:	
  2187                           ; 2 bytes @ 0xA
  2188                           
  2189     007A                     ??_configureTX:	
  2190                           ; 1 bytes @ 0xA
  2191                           
  2192     007A                     ??_StartListening:	
  2193                           ; 1 bytes @ 0xA
  2194                           
  2195     007A                     ??___lwdiv:	
  2196                           ; 1 bytes @ 0xA
  2197                           
  2198                           
  2199                           ; 1 bytes @ 0xA
  2200     007A                     	ds	1
  2201     007B                     RFSetup@result:
  2202     007B                     ??_FeatureTest:	
  2203                           ; 1 bytes @ 0xB
  2204                           
  2205                           
  2206                           ; 1 bytes @ 0xB
  2207     007B                     	ds	1
  2208     007C                     ___lwdiv@counter:
  2209     007C                     configureRX@bytes:	
  2210                           ; 1 bytes @ 0xC
  2211                           
  2212     007C                     ??_RFSetup:	
  2213                           ; 2 bytes @ 0xC
  2214                           
  2215                           
  2216                           ; 1 bytes @ 0xC
  2217     007C                     	ds	1
  2218     007D                     ??_SetupRetries:
  2219                           
  2220                           ; 1 bytes @ 0xD
  2221     007D                     	ds	1
  2222     007E                     ??_StartRadio:
  2223                           
  2224                           	psect	cstackBANK0
  2225     0020                     __pcstackBANK0:	
  2226                           ; 1 bytes @ 0xE
  2227                           
  2228     0020                     ?_SetupRetries:
  2229     0020                     RFSetup@databytes:	
  2230                           ; 1 bytes @ 0x0
  2231                           
  2232     0020                     ChangeRadioMode@result:	
  2233                           ; 2 bytes @ 0x0
  2234                           
  2235     0020                     FeatureTest@bytes:	
  2236                           ; 2 bytes @ 0x0
  2237                           
  2238     0020                     SetupRetries@autoReTXDelay:	
  2239                           ; 2 bytes @ 0x0
  2240                           
  2241     0020                     readRXFIFO@bytes:	
  2242                           ; 2 bytes @ 0x0
  2243                           
  2244     0020                     transmitPayload@result_959:	
  2245                           ; 9 bytes @ 0x0
  2246                           
  2247                           
  2248                           ; 9 bytes @ 0x0
  2249     0020                     	ds	2
  2250     0022                     RFSetup@datarate:
  2251     0022                     ChangeRadioMode@newMode:	
  2252                           ; 1 bytes @ 0x2
  2253                           
  2254     0022                     SetupRetries@autoReTXCount:	
  2255                           ; 1 bytes @ 0x2
  2256                           
  2257     0022                     FeatureTest@databytes:	
  2258                           ; 1 bytes @ 0x2
  2259                           
  2260                           
  2261                           ; 2 bytes @ 0x2
  2262     0022                     	ds	1
  2263     0023                     RFSetup@Setup:
  2264     0023                     SetupRetries@result:	
  2265                           ; 1 bytes @ 0x3
  2266                           
  2267     0023                     ChangeRadioMode@databytes:	
  2268                           ; 1 bytes @ 0x3
  2269                           
  2270                           
  2271                           ; 2 bytes @ 0x3
  2272     0023                     	ds	1
  2273     0024                     FeatureTest@FeaturesBefore:
  2274     0024                     SetupRetries@ARDbin:	
  2275                           ; 2 bytes @ 0x4
  2276                           
  2277                           
  2278                           ; 2 bytes @ 0x4
  2279     0024                     	ds	1
  2280     0025                     ChangeRadioMode@CONFIGbits:
  2281                           
  2282                           ; 1 bytes @ 0x5
  2283     0025                     	ds	1
  2284     0026                     ?_configureTX:
  2285     0026                     ?_StartListening:	
  2286                           ; 1 bytes @ 0x6
  2287                           
  2288     0026                     StartListening@address:	
  2289                           ; 1 bytes @ 0x6
  2290                           
  2291     0026                     configureTX@address:	
  2292                           ; 1 bytes @ 0x6
  2293                           
  2294     0026                     FeatureTest@FeaturesAfter:	
  2295                           ; 1 bytes @ 0x6
  2296                           
  2297     0026                     SetupRetries@databytes:	
  2298                           ; 2 bytes @ 0x6
  2299                           
  2300                           
  2301                           ; 2 bytes @ 0x6
  2302     0026                     	ds	1
  2303     0027                     StartListening@result:
  2304     0027                     configureTX@result:	
  2305                           ; 2 bytes @ 0x7
  2306                           
  2307                           
  2308                           ; 6 bytes @ 0x7
  2309     0027                     	ds	1
  2310     0028                     ?_StartRadio:
  2311     0028                     StartRadio@payloadSize:	
  2312                           ; 1 bytes @ 0x8
  2313                           
  2314                           
  2315                           ; 1 bytes @ 0x8
  2316     0028                     	ds	1
  2317     0029                     StartRadio@radioType:
  2318     0029                     readRXFIFO@ReturnVal:	
  2319                           ; 1 bytes @ 0x9
  2320                           
  2321     0029                     transmitPayload@result:	
  2322                           ; 1 bytes @ 0x9
  2323                           
  2324     0029                     StartListening@bytes:	
  2325                           ; 2 bytes @ 0x9
  2326                           
  2327                           
  2328                           ; 6 bytes @ 0x9
  2329     0029                     	ds	1
  2330     002A                     StartRadio@channel:
  2331     002A                     readRXFIFO@checksum:	
  2332                           ; 1 bytes @ 0xA
  2333                           
  2334                           
  2335                           ; 1 bytes @ 0xA
  2336     002A                     	ds	1
  2337     002B                     StartRadio@ReturnVal:
  2338     002B                     transmitPayload@statusBits:	
  2339                           ; 1 bytes @ 0xB
  2340                           
  2341     002B                     readRXFIFO@i:	
  2342                           ; 1 bytes @ 0xB
  2343                           
  2344                           
  2345                           ; 2 bytes @ 0xB
  2346     002B                     	ds	1
  2347     002C                     StartRadio@result:
  2348     002C                     transmitPayload@databytes:	
  2349                           ; 2 bytes @ 0xC
  2350                           
  2351                           
  2352                           ; 2 bytes @ 0xC
  2353     002C                     	ds	1
  2354     002D                     readRXFIFO@i_676:
  2355     002D                     configureTX@databytes:	
  2356                           ; 1 bytes @ 0xD
  2357                           
  2358                           
  2359                           ; 6 bytes @ 0xD
  2360     002D                     	ds	1
  2361     002E                     StartRadio@databytes:
  2362                           
  2363                           ; 2 bytes @ 0xE
  2364     002E                     	ds	1
  2365     002F                     ?_configureRX:
  2366     002F                     configureRX@address:	
  2367                           ; 1 bytes @ 0xF
  2368                           
  2369                           
  2370                           ; 1 bytes @ 0xF
  2371     002F                     	ds	4
  2372     0033                     ?_main:
  2373     0033                     main@argc:	
  2374                           ; 2 bytes @ 0x13
  2375                           
  2376                           
  2377                           ; 2 bytes @ 0x13
  2378     0033                     	ds	2
  2379     0035                     main@argv:
  2380                           
  2381                           ; 2 bytes @ 0x15
  2382     0035                     	ds	2
  2383     0037                     ??_main:
  2384                           
  2385                           ; 1 bytes @ 0x17
  2386     0037                     	ds	5
  2387     003C                     main@validData:
  2388                           
  2389                           ; 1 bytes @ 0x1C
  2390     003C                     	ds	1
  2391     003D                     main@i:
  2392                           
  2393                           ; 1 bytes @ 0x1D
  2394     003D                     	ds	1
  2395     003E                     main@i_337:
  2396                           
  2397                           ; 1 bytes @ 0x1E
  2398     003E                     	ds	1
  2399     003F                     main@servoPos:
  2400                           
  2401                           ; 2 bytes @ 0x1F
  2402     003F                     	ds	2
  2403     0041                     main@motorSpeed:
  2404                           
  2405                           ; 2 bytes @ 0x21
  2406     0041                     	ds	2
  2407                           
  2408                           	psect	maintext
  2409     0588                     __pmaintext:	
  2410 ;;
  2411 ;;Main: autosize = 0, tempsize = 5, incstack = 0, save=0
  2412 ;;
  2413 ;; *************** function _main *****************
  2414 ;; Defined at:
  2415 ;;		line 35 in file "SourceFiles/main.c"
  2416 ;; Parameters:    Size  Location     Type
  2417 ;;  argc            2   19[BANK0 ] int 
  2418 ;;  argv            2   21[BANK0 ] PTR PTR unsigned char 
  2419 ;; Auto vars:     Size  Location     Type
  2420 ;;  motorSpeed      2   33[BANK0 ] unsigned short 
  2421 ;;  servoPos        2   31[BANK0 ] unsigned short 
  2422 ;;  validData       1   28[BANK0 ] _Bool 
  2423 ;;  i               1   30[BANK0 ] unsigned char 
  2424 ;;  i               1   29[BANK0 ] unsigned char 
  2425 ;;  radioStarted    1    0        _Bool 
  2426 ;; Return value:  Size  Location     Type
  2427 ;;                  2   19[BANK0 ] int 
  2428 ;; Registers used:
  2429 ;;		wreg, fsr0l, fsr0h, fsr1l, fsr1h, status,2, status,0, pclath, cstack
  2430 ;; Tracked objects:
  2431 ;;		On entry : B1F/0
  2432 ;;		On exit  : 0/0
  2433 ;;		Unchanged: 0/0
  2434 ;; Data sizes:     COMMON   BANK0   BANK1   BANK2   BANK3   BANK4   BANK5   BANK6   BANK7   BANK8   BANK9  BANK10  BANK1
      +1  BANK12  BANK13  BANK14  BANK15  BANK16  BANK17  BANK18  BANK19  BANK20  BANK21  BANK22  BANK23  BANK24  BANK25
  2435 ;;      Params:         0       4       0       0       0       0       0       0       0       0       0       0       
      +0       0       0       0       0       0       0       0       0       0       0       0       0       0       0
  2436 ;;      Locals:         0       7       0       0       0       0       0       0       0       0       0       0       
      +0       0       0       0       0       0       0       0       0       0       0       0       0       0       0
  2437 ;;      Temps:          0       5       0       0       0       0       0       0       0       0       0       0       
      +0       0       0       0       0       0       0       0       0       0       0       0       0       0       0
  2438 ;;      Totals:         0      16       0       0       0       0       0       0       0       0       0       0       
      +0       0       0       0       0       0       0       0       0       0       0       0       0       0       0
  2439 ;;Total ram usage:       16 bytes
  2440 ;; Hardware stack levels required when called: 5
  2441 ;; This function calls:
  2442 ;;		_SendSPI
  2443 ;;		_StartRadio
  2444 ;;		___lwdiv
  2445 ;;		___wmul
  2446 ;;		_ce
  2447 ;;		_configureRX
  2448 ;;		_configureTX
  2449 ;;		_controlsChanged
  2450 ;;		_delay
  2451 ;;		_packagePayload
  2452 ;;		_readRXFIFO
  2453 ;;		_sendNOP
  2454 ;;		_setupSPI
  2455 ;;		_transmitPayload
  2456 ;; This function is called by:
  2457 ;;		Startup code after reset
  2458 ;; This function uses a non-reentrant model
  2459 ;;
  2460                           
  2461     0588                     _main:	
  2462                           ;psect for function _main
  2463                           
  2464     0588                     l2333:	
  2465                           ;incstack = 0
  2466                           ; Regs used in _main: [wreg-fsr1h+status,2+status,0+pclath+cstack]
  2467                           
  2468                           
  2469                           ;SourceFiles/main.c: 38:  }
  2470     0588  0021               	movlb	1	; select bank1
  2471     0589  100C               	bcf	12,0	;volatile
  2472                           
  2473                           ;SourceFiles/main.c: 40:     if (radioType == TRANSMITTER) {
  2474     058A  0022               	movlb	2	; select bank2
  2475     058B  100C               	bcf	12,0	;volatile
  2476                           
  2477                           ;SourceFiles/main.c: 44:             delay(1000);
  2478     058C  0021               	movlb	1	; select bank1
  2479     058D  168C               	bsf	12,5	;volatile
  2480                           
  2481                           ;SourceFiles/main.c: 46:         }
  2482     058E  0023               	movlb	3	; select bank3
  2483     058F  128C               	bcf	12,5	;volatile
  2484                           
  2485                           ;SourceFiles/main.c: 50:             LATAbits.LATA0 = 1;
  2486     0590  0020               	movlb	0	; select bank0
  2487     0591  1E8C               	btfss	12,5	;volatile
  2488     0592  2D94               	goto	u1131
  2489     0593  2D95               	goto	u1130
  2490     0594                     u1131:
  2491     0594  2D97               	goto	l2337
  2492     0595                     u1130:
  2493     0595                     l2335:
  2494                           
  2495                           ;SourceFiles/main.c: 51:             delay(10000);
  2496     0595  3001               	movlw	1
  2497     0596  00CF               	movwf	_radioType
  2498     0597                     l2337:
  2499                           
  2500                           ;SourceFiles/main.c: 54:     }
  2501     0597  034F               	decf	_radioType,w
  2502     0598  1D03               	btfss	3,2
  2503     0599  2D9B               	goto	u1141
  2504     059A  2D9C               	goto	u1140
  2505     059B                     u1141:
  2506     059B  2DB9               	goto	l2355
  2507     059C                     u1140:
  2508     059C                     l2339:
  2509                           
  2510                           ;SourceFiles/main.c: 55: 
  2511     059C  01BD               	clrf	main@i
  2512     059D                     l2345:
  2513                           
  2514                           ;SourceFiles/main.c: 56: 
  2515     059D  30E8               	movlw	232
  2516     059E  00F0               	movwf	delay@length
  2517     059F  3003               	movlw	3
  2518     05A0  00F1               	movwf	delay@length+1
  2519     05A1  3180  2050  3185   	fcall	_delay
  2520     05A4                     l2347:
  2521                           
  2522                           ;SourceFiles/main.c: 57:     if (radioType == TRANSMITTER) {
  2523     05A4  0022               	movlb	2	; select bank2
  2524     05A5  140C               	bsf	12,0	;volatile
  2525                           
  2526                           ;SourceFiles/main.c: 58: 
  2527     05A6  30E8               	movlw	232
  2528     05A7  00F0               	movwf	delay@length
  2529     05A8  3003               	movlw	3
  2530     05A9  00F1               	movwf	delay@length+1
  2531     05AA  3180  2050  3185   	fcall	_delay
  2532     05AD                     l2349:
  2533                           
  2534                           ;SourceFiles/main.c: 59:         TRISAbits.TRISA2 = 0;
  2535     05AD  0022               	movlb	2	; select bank2
  2536     05AE  100C               	bcf	12,0	;volatile
  2537     05AF                     l2351:
  2538                           
  2539                           ;SourceFiles/main.c: 60:     } else if (radioType == RECEIVER) {
  2540     05AF  3001               	movlw	1
  2541     05B0  0020               	movlb	0	; select bank0
  2542     05B1  07BD               	addwf	main@i,f
  2543     05B2                     l2353:
  2544     05B2  300A               	movlw	10
  2545     05B3  023D               	subwf	main@i,w
  2546     05B4  1C03               	skipc
  2547     05B5  2DB7               	goto	u1151
  2548     05B6  2DB8               	goto	u1150
  2549     05B7                     u1151:
  2550     05B7  2D9D               	goto	l2345
  2551     05B8                     u1150:
  2552     05B8  2DDA               	goto	l2373
  2553     05B9                     l2355:
  2554     05B9  084F               	movf	_radioType,w
  2555     05BA  1D03               	btfss	3,2
  2556     05BB  2DBD               	goto	u1161
  2557     05BC  2DBE               	goto	u1160
  2558     05BD                     u1161:
  2559     05BD  2DDA               	goto	l2373
  2560     05BE                     u1160:
  2561     05BE                     l2357:
  2562                           
  2563                           ;SourceFiles/main.c: 62:         TRISCbits.TRISC5 = 0;
  2564     05BE  01BE               	clrf	main@i_337
  2565     05BF                     l2363:
  2566                           
  2567                           ;SourceFiles/main.c: 63:     }
  2568     05BF  3010               	movlw	16
  2569     05C0  00F0               	movwf	delay@length
  2570     05C1  3027               	movlw	39
  2571     05C2  00F1               	movwf	delay@length+1
  2572     05C3  3180  2050  3185   	fcall	_delay
  2573     05C6                     l2365:
  2574                           
  2575                           ;SourceFiles/main.c: 64: 
  2576     05C6  0022               	movlb	2	; select bank2
  2577     05C7  140C               	bsf	12,0	;volatile
  2578                           
  2579                           ;SourceFiles/main.c: 65:  ce(radioType, LOW);
  2580     05C8  3010               	movlw	16
  2581     05C9  00F0               	movwf	delay@length
  2582     05CA  3027               	movlw	39
  2583     05CB  00F1               	movwf	delay@length+1
  2584     05CC  3180  2050  3185   	fcall	_delay
  2585     05CF                     l2367:
  2586                           
  2587                           ;SourceFiles/main.c: 66: 
  2588     05CF  0022               	movlb	2	; select bank2
  2589     05D0  100C               	bcf	12,0	;volatile
  2590     05D1                     l2369:
  2591                           
  2592                           ;SourceFiles/main.c: 67: 
  2593     05D1  3001               	movlw	1
  2594     05D2  0020               	movlb	0	; select bank0
  2595     05D3  07BE               	addwf	main@i_337,f
  2596     05D4                     l2371:
  2597     05D4  3003               	movlw	3
  2598     05D5  023E               	subwf	main@i_337,w
  2599     05D6  1C03               	skipc
  2600     05D7  2DD9               	goto	u1171
  2601     05D8  2DDA               	goto	u1170
  2602     05D9                     u1171:
  2603     05D9  2DBF               	goto	l2363
  2604     05DA                     u1170:
  2605     05DA                     l2373:
  2606                           
  2607                           ;SourceFiles/main.c: 71: 
  2608     05DA  034F               	decf	_radioType,w
  2609     05DB  1D03               	btfss	3,2
  2610     05DC  2DDE               	goto	u1181
  2611     05DD  2DDF               	goto	u1180
  2612     05DE                     u1181:
  2613     05DE  2DE2               	goto	l2377
  2614     05DF                     u1180:
  2615     05DF                     l2375:
  2616                           
  2617                           ;SourceFiles/main.c: 73:     } else if (radioType == RECEIVER) {
  2618     05DF  0021               	movlb	1	; select bank1
  2619     05E0  110C               	bcf	12,2	;volatile
  2620                           
  2621                           ;SourceFiles/main.c: 74: 
  2622     05E1  2DE9               	goto	l2381
  2623     05E2                     l2377:
  2624     05E2  084F               	movf	_radioType,w
  2625     05E3  1D03               	btfss	3,2
  2626     05E4  2DE6               	goto	u1191
  2627     05E5  2DE7               	goto	u1190
  2628     05E6                     u1191:
  2629     05E6  2DE9               	goto	l2381
  2630     05E7                     u1190:
  2631     05E7                     l2379:
  2632                           
  2633                           ;SourceFiles/main.c: 76: 
  2634     05E7  0021               	movlb	1	; select bank1
  2635     05E8  128E               	bcf	14,5	;volatile
  2636     05E9                     l2381:
  2637                           
  2638                           ;SourceFiles/main.c: 79: 
  2639     05E9  01F0               	clrf	ce@level
  2640     05EA  0020               	movlb	0	; select bank0
  2641     05EB  084F               	movf	_radioType,w
  2642     05EC  3180  20C1  3185   	fcall	_ce
  2643     05EF                     l2383:
  2644                           
  2645                           ;SourceFiles/main.c: 82:     setupSPI(radioType);
  2646     05EF  0020               	movlb	0	; select bank0
  2647     05F0  034F               	decf	_radioType,w
  2648     05F1  1D03               	btfss	3,2
  2649     05F2  2DF4               	goto	u1201
  2650     05F3  2DF5               	goto	u1200
  2651     05F4                     u1201:
  2652     05F4  2DFA               	goto	l2387
  2653     05F5                     u1200:
  2654     05F5                     l2385:
  2655                           
  2656                           ;SourceFiles/main.c: 84: 
  2657     05F5  0021               	movlb	1	; select bank1
  2658     05F6  150E               	bsf	14,2	;volatile
  2659                           
  2660                           ;SourceFiles/main.c: 86:     if (StartRadio(42, 8, radioType)) {
  2661     05F7  0023               	movlb	3	; select bank3
  2662     05F8  110E               	bcf	14,2	;volatile
  2663                           
  2664                           ;SourceFiles/main.c: 87:         radioStarted = 1;
  2665     05F9  2E03               	goto	l2391
  2666     05FA                     l2387:
  2667     05FA  084F               	movf	_radioType,w
  2668     05FB  1D03               	btfss	3,2
  2669     05FC  2DFE               	goto	u1211
  2670     05FD  2DFF               	goto	u1210
  2671     05FE                     u1211:
  2672     05FE  2E03               	goto	l2391
  2673     05FF                     u1210:
  2674     05FF                     l2389:
  2675                           
  2676                           ;SourceFiles/main.c: 89: 
  2677     05FF  0021               	movlb	1	; select bank1
  2678     0600  148C               	bsf	12,1	;volatile
  2679                           
  2680                           ;SourceFiles/main.c: 91:         while (1) {
  2681     0601  0023               	movlb	3	; select bank3
  2682     0602  108C               	bcf	12,1	;volatile
  2683     0603                     l2391:
  2684                           
  2685                           ;SourceFiles/main.c: 96:     }
  2686     0603  0020               	movlb	0	; select bank0
  2687     0604  084F               	movf	_radioType,w
  2688     0605  3180  20EC  3185   	fcall	_setupSPI
  2689     0608                     l2393:
  2690     0608                     l2395:
  2691                           
  2692                           ;SourceFiles/main.c: 100: 
  2693     0608  3008               	movlw	8
  2694     0609  0020               	movlb	0	; select bank0
  2695     060A  00A8               	movwf	StartRadio@payloadSize
  2696     060B  084F               	movf	_radioType,w
  2697     060C  00A9               	movwf	StartRadio@radioType
  2698     060D  302A               	movlw	42
  2699     060E  3184  24F3  3185   	fcall	_StartRadio
  2700     0611  3A00               	xorlw	0
  2701     0612  1903               	skipnz
  2702     0613  2E15               	goto	u1221
  2703     0614  2E16               	goto	u1220
  2704     0615                     u1221:
  2705     0615  2E17               	goto	l2399
  2706     0616                     u1220:
  2707     0616                     l2397:
  2708                           
  2709                           ;SourceFiles/main.c: 102:         configureRX(address);
  2710     0616  2E2F               	goto	l2405
  2711     0617                     l2399:
  2712                           
  2713                           ;SourceFiles/main.c: 106:         configureTX(address);
  2714     0617  0020               	movlb	0	; select bank0
  2715     0618  0C68               	rrf	_val,w
  2716     0619  0022               	movlb	2	; select bank2
  2717     061A  1C03               	skipc
  2718     061B  100C               	bcf	12,0	;volatile
  2719     061C  1803               	skipnc
  2720     061D  140C               	bsf	12,0	;volatile
  2721     061E                     l2401:
  2722                           
  2723                           ;SourceFiles/main.c: 107: 
  2724     061E  0020               	movlb	0	; select bank0
  2725     061F  0368               	decf	_val,w
  2726     0620  1D03               	btfss	3,2
  2727     0621  2E23               	goto	u1231
  2728     0622  2E25               	goto	u1230
  2729     0623                     u1231:
  2730     0623  3001               	movlw	1
  2731     0624  2E26               	goto	u1240
  2732     0625                     u1230:
  2733     0625  3000               	movlw	0
  2734     0626                     u1240:
  2735     0626  00E8               	movwf	_val
  2736     0627                     l2403:
  2737                           
  2738                           ;SourceFiles/main.c: 108:         currentState = COLLECT_ADC_DATA;
  2739     0627  3010               	movlw	16
  2740     0628  00F0               	movwf	delay@length
  2741     0629  3027               	movlw	39
  2742     062A  00F1               	movwf	delay@length+1
  2743     062B  3180  2050  3185   	fcall	_delay
  2744     062E  2E17               	goto	l2399
  2745     062F                     l2405:
  2746     062F                     l2407:	
  2747                           ;SourceFiles/main.c: 115:                 if (!ADCON0bits.GO_nDONE) {
  2748                           
  2749     062F  0020               	movlb	0	; select bank0
  2750     0630  084F               	movf	_radioType,w
  2751     0631  1D03               	btfss	3,2
  2752     0632  2E34               	goto	u1251
  2753     0633  2E35               	goto	u1250
  2754     0634                     u1251:
  2755     0634  2E3E               	goto	l2413
  2756     0635                     u1250:
  2757     0635                     l2409:
  2758                           
  2759                           ;SourceFiles/main.c: 116:                     if (ADCON0bits.CHS == 0x14) {
  2760     0635  3069               	movlw	(low (_address| 0))& (0+255)
  2761     0636  00AF               	movwf	configureRX@address
  2762     0637  3184  2432  3185   	fcall	_configureRX
  2763     063A                     l2411:
  2764                           
  2765                           ;SourceFiles/main.c: 118:                         bytes[1] = ADRESL;
  2766     063A  3003               	movlw	3
  2767     063B  0020               	movlb	0	; select bank0
  2768     063C  00CE               	movwf	_currentState
  2769                           
  2770                           ;SourceFiles/main.c: 119:                         ADCON0bits.CHS = 0x13;
  2771     063D  2FC2               	goto	l2539
  2772     063E                     l2413:
  2773     063E                     l2415:
  2774     063E  034F               	decf	_radioType,w
  2775     063F  1D03               	btfss	3,2
  2776     0640  2E42               	goto	u1261
  2777     0641  2E43               	goto	u1260
  2778     0642                     u1261:
  2779     0642  2E4D               	goto	l103
  2780     0643                     u1260:
  2781     0643                     l2417:
  2782                           
  2783                           ;SourceFiles/main.c: 120:                     } else if (ADCON0bits.CHS == 0x13) {
  2784     0643  3069               	movlw	(low (_address| 0))& (0+255)
  2785     0644  00A6               	movwf	configureTX@address
  2786     0645  3183  23DA  3185   	fcall	_configureTX
  2787     0648                     l2419:
  2788                           
  2789                           ;SourceFiles/main.c: 122:                         bytes[3] = ADRESL;
  2790     0648  0020               	movlb	0	; select bank0
  2791     0649  01CE               	clrf	_currentState
  2792     064A                     l2421:
  2793                           
  2794                           ;SourceFiles/main.c: 123:                         ADCON0bits.CHS = 0x01;
  2795     064A  0021               	movlb	1	; select bank1
  2796     064B  149D               	bsf	29,1	;volatile
  2797     064C  2FC2               	goto	l2539
  2798     064D                     l103:	
  2799                           ;SourceFiles/main.c: 126:                         bytes[5] = ADRESL;
  2800                           
  2801                           
  2802                           ;SourceFiles/main.c: 127:                         ADCON0bits.CHS = 0x14;
  2803     064D  2FC2               	goto	l2539
  2804     064E                     l105:	
  2805                           ;SourceFiles/main.c: 128:                         if (controlsChanged(bytes)) {
  2806                           
  2807                           
  2808                           ;SourceFiles/main.c: 129:                             packagePayload(0x01, bytes);
  2809     064E  0021               	movlb	1	; select bank1
  2810     064F  189D               	btfsc	29,1	;volatile
  2811     0650  2E52               	goto	u1271
  2812     0651  2E53               	goto	u1270
  2813     0652                     u1271:
  2814     0652  2FC2               	goto	l2539
  2815     0653                     u1270:
  2816     0653                     l2423:
  2817                           
  2818                           ;SourceFiles/main.c: 130:                             currentState = TRANSMIT_ADC_DATA;
  2819     0653  0C1D               	rrf	29,w	;volatile
  2820     0654  0C89               	rrf	9,f
  2821     0655  393F               	andlw	63
  2822     0656  3A14               	xorlw	20
  2823     0657  1D03               	skipz
  2824     0658  2E5A               	goto	u1281
  2825     0659  2E5B               	goto	u1280
  2826     065A                     u1281:
  2827     065A  2E68               	goto	l2429
  2828     065B                     u1280:
  2829     065B                     l2425:
  2830                           
  2831                           ;SourceFiles/main.c: 131: 
  2832     065B  081C               	movf	28,w	;volatile
  2833     065C  0020               	movlb	0	; select bank0
  2834     065D  00D7               	movwf	_bytes
  2835                           
  2836                           ;SourceFiles/main.c: 132:                         }
  2837     065E  0021               	movlb	1	; select bank1
  2838     065F  081B               	movf	27,w	;volatile
  2839     0660  0020               	movlb	0	; select bank0
  2840     0661  00D8               	movwf	_bytes+1
  2841     0662                     l2427:
  2842                           
  2843                           ;SourceFiles/main.c: 133:                     }
  2844     0662  0021               	movlb	1	; select bank1
  2845     0663  081D               	movf	29,w	;volatile
  2846     0664  3903               	andlw	-253
  2847     0665  384C               	iorlw	76
  2848     0666  009D               	movwf	29	;volatile
  2849                           
  2850                           ;SourceFiles/main.c: 134:                     ADCON0bits.GO_nDONE = 1;
  2851     0667  2EA5               	goto	l2447
  2852     0668                     l2429:
  2853     0668  0C1D               	rrf	29,w	;volatile
  2854     0669  0C89               	rrf	9,f
  2855     066A  393F               	andlw	63
  2856     066B  3A13               	xorlw	19
  2857     066C  1D03               	skipz
  2858     066D  2E6F               	goto	u1291
  2859     066E  2E70               	goto	u1290
  2860     066F                     u1291:
  2861     066F  2E7D               	goto	l2435
  2862     0670                     u1290:
  2863     0670                     l2431:
  2864                           
  2865                           ;SourceFiles/main.c: 135:                 }
  2866     0670  081C               	movf	28,w	;volatile
  2867     0671  0020               	movlb	0	; select bank0
  2868     0672  00D9               	movwf	_bytes+2
  2869                           
  2870                           ;SourceFiles/main.c: 136:                 break;
  2871     0673  0021               	movlb	1	; select bank1
  2872     0674  081B               	movf	27,w	;volatile
  2873     0675  0020               	movlb	0	; select bank0
  2874     0676  00DA               	movwf	_bytes+3
  2875     0677                     l2433:
  2876                           
  2877                           ;SourceFiles/main.c: 137:             }
  2878     0677  0021               	movlb	1	; select bank1
  2879     0678  081D               	movf	29,w	;volatile
  2880     0679  3903               	andlw	-253
  2881     067A  3804               	iorlw	4
  2882     067B  009D               	movwf	29	;volatile
  2883                           
  2884                           ;SourceFiles/main.c: 138: 
  2885     067C  2EA5               	goto	l2447
  2886     067D                     l2435:
  2887     067D  0C1D               	rrf	29,w	;volatile
  2888     067E  0C89               	rrf	9,f
  2889     067F  393F               	andlw	63
  2890     0680  3A01               	xorlw	1
  2891     0681  1D03               	skipz
  2892     0682  2E84               	goto	u1301
  2893     0683  2E85               	goto	u1300
  2894     0684                     u1301:
  2895     0684  2EA5               	goto	l2447
  2896     0685                     u1300:
  2897     0685                     l2437:
  2898                           
  2899                           ;SourceFiles/main.c: 139:             case TRANSMIT_ADC_DATA: {
  2900     0685  081C               	movf	28,w	;volatile
  2901     0686  0020               	movlb	0	; select bank0
  2902     0687  00DB               	movwf	_bytes+4
  2903                           
  2904                           ;SourceFiles/main.c: 140:                 sendNOP(result);
  2905     0688  0021               	movlb	1	; select bank1
  2906     0689  081B               	movf	27,w	;volatile
  2907     068A  0020               	movlb	0	; select bank0
  2908     068B  00DC               	movwf	_bytes+5
  2909     068C                     l2439:
  2910                           
  2911                           ;SourceFiles/main.c: 141:                 transmitPayload(result[0]);
  2912     068C  0021               	movlb	1	; select bank1
  2913     068D  081D               	movf	29,w	;volatile
  2914     068E  3903               	andlw	-253
  2915     068F  3850               	iorlw	80
  2916     0690  009D               	movwf	29	;volatile
  2917     0691                     l2441:
  2918                           
  2919                           ;SourceFiles/main.c: 142:                 currentState = CLEAR_INTERRUPT;
  2920     0691  3057               	movlw	(low (_bytes| 0))& (0+255)
  2921     0692  00F0               	movwf	controlsChanged@bytes
  2922     0693  3183  2386  3185   	fcall	_controlsChanged
  2923     0696  3A00               	xorlw	0
  2924     0697  1903               	skipnz
  2925     0698  2E9A               	goto	u1311
  2926     0699  2E9B               	goto	u1310
  2927     069A                     u1311:
  2928     069A  2EA5               	goto	l110
  2929     069B                     u1310:
  2930     069B                     l2443:
  2931                           
  2932                           ;SourceFiles/main.c: 143:                 break;
  2933     069B  3057               	movlw	(low (_bytes| 0))& (0+255)
  2934     069C  00F0               	movwf	packagePayload@bytes
  2935     069D  3001               	movlw	1
  2936     069E  3181  211A  3185   	fcall	_packagePayload
  2937     06A1                     l2445:
  2938                           
  2939                           ;SourceFiles/main.c: 144:             }
  2940     06A1  3001               	movlw	1
  2941     06A2  0020               	movlb	0	; select bank0
  2942     06A3  00CE               	movwf	_currentState
  2943     06A4  2EA5               	goto	l2447
  2944     06A5                     l110:
  2945     06A5                     l2447:
  2946                           
  2947                           ;SourceFiles/main.c: 148:                     LATAbits.LATA0 = 1;
  2948     06A5  0021               	movlb	1	; select bank1
  2949     06A6  149D               	bsf	29,1	;volatile
  2950     06A7  2FC2               	goto	l2539
  2951     06A8                     l2449:
  2952                           
  2953                           ;SourceFiles/main.c: 154:                     bytes[1] = 0x70;
  2954     06A8  3050               	movlw	(low (_result| 0))& (0+255)
  2955     06A9  00F6               	movwf	sendNOP@result
  2956     06AA  3180  2074  3185   	fcall	_sendNOP
  2957                           
  2958                           ;SourceFiles/main.c: 155:                     while (1) {
  2959     06AD  0020               	movlb	0	; select bank0
  2960     06AE  0850               	movf	_result,w
  2961     06AF  3181  214C  3185   	fcall	_transmitPayload
  2962     06B2                     l2451:
  2963                           
  2964                           ;SourceFiles/main.c: 156:                         SendSPI(bytes, result, 2);
  2965     06B2  3002               	movlw	2
  2966     06B3  0020               	movlb	0	; select bank0
  2967     06B4  00CE               	movwf	_currentState
  2968                           
  2969                           ;SourceFiles/main.c: 157:                         sendNOP(result);
  2970     06B5  2FC2               	goto	l2539
  2971     06B6                     l115:	
  2972                           ;SourceFiles/main.c: 158:                         if (!(result[0] & 0x70)) {;SourceFiles
      +                          /main.c: 160:                         }
  2973                           
  2974                           
  2975                           ;SourceFiles/main.c: 161:                     }
  2976     06B6  190E               	btfsc	14,2	;volatile
  2977     06B7  2EB9               	goto	u1321
  2978     06B8  2EBA               	goto	u1320
  2979     06B9                     u1321:
  2980     06B9  2FC2               	goto	l2539
  2981     06BA                     u1320:
  2982     06BA                     l2453:
  2983                           
  2984                           ;SourceFiles/main.c: 162:                     currentState = DONE;
  2985     06BA  0022               	movlb	2	; select bank2
  2986     06BB  140C               	bsf	12,0	;volatile
  2987     06BC                     l2455:
  2988                           
  2989                           ;SourceFiles/main.c: 163:                 }
  2990     06BC  30E8               	movlw	232
  2991     06BD  00F0               	movwf	delay@length
  2992     06BE  3003               	movlw	3
  2993     06BF  00F1               	movwf	delay@length+1
  2994     06C0  3180  2050  3185   	fcall	_delay
  2995     06C3                     l2457:
  2996                           
  2997                           ;SourceFiles/main.c: 164:                 break;
  2998     06C3  0022               	movlb	2	; select bank2
  2999     06C4  100C               	bcf	12,0	;volatile
  3000                           
  3001                           ;SourceFiles/main.c: 165:             }
  3002     06C5  30E8               	movlw	232
  3003     06C6  00F0               	movwf	delay@length
  3004     06C7  3003               	movlw	3
  3005     06C8  00F1               	movwf	delay@length+1
  3006     06C9  3180  2050  3185   	fcall	_delay
  3007     06CC                     l2459:
  3008                           
  3009                           ;SourceFiles/main.c: 166: 
  3010     06CC  3050               	movlw	(low (_result| 0))& (0+255)
  3011     06CD  00F6               	movwf	sendNOP@result
  3012     06CE  3180  2074  3185   	fcall	_sendNOP
  3013     06D1                     l2461:
  3014                           
  3015                           ;SourceFiles/main.c: 167:             case DONE: {
  3016     06D1  3027               	movlw	39
  3017     06D2  0020               	movlb	0	; select bank0
  3018     06D3  00D7               	movwf	_bytes
  3019     06D4                     l2463:
  3020                           
  3021                           ;SourceFiles/main.c: 168:                 currentState = COLLECT_ADC_DATA;
  3022     06D4  3070               	movlw	112
  3023     06D5  00D8               	movwf	_bytes+1
  3024     06D6                     l2465:
  3025                           
  3026                           ;SourceFiles/main.c: 170:                 break;
  3027     06D6  3057               	movlw	(low (_bytes| 0))& (0+255)
  3028     06D7  00F2               	movwf	SendSPI@bytes
  3029     06D8  3050               	movlw	(low (_result| 0))& (0+255)
  3030     06D9  00F3               	movwf	SendSPI@result
  3031     06DA  3002               	movlw	2
  3032     06DB  00F4               	movwf	SendSPI@n
  3033     06DC  3183  2335  3185   	fcall	_SendSPI
  3034     06DF                     l2467:
  3035                           
  3036                           ;SourceFiles/main.c: 171:             }
  3037     06DF  3050               	movlw	(low (_result| 0))& (0+255)
  3038     06E0  00F6               	movwf	sendNOP@result
  3039     06E1  3180  2074  3185   	fcall	_sendNOP
  3040     06E4                     l2469:
  3041                           
  3042                           ;SourceFiles/main.c: 172: 
  3043     06E4  0020               	movlb	0	; select bank0
  3044     06E5  0850               	movf	_result,w
  3045     06E6  3970               	andlw	112
  3046     06E7  1D03               	btfss	3,2
  3047     06E8  2EEA               	goto	u1331
  3048     06E9  2EEB               	goto	u1330
  3049     06EA                     u1331:
  3050     06EA  2ED6               	goto	l2465
  3051     06EB                     u1330:
  3052     06EB                     l119:
  3053                           
  3054                           ;SourceFiles/main.c: 176:                     if (result[0] & 0x40) {
  3055     06EB  3005               	movlw	5
  3056     06EC  00CE               	movwf	_currentState
  3057     06ED  2FC2               	goto	l2539
  3058     06EE                     l2473:
  3059                           
  3060                           ;SourceFiles/main.c: 182:                     SendSPI(bytes, result, 2);
  3061     06EE  01CE               	clrf	_currentState
  3062     06EF                     l2475:
  3063                           
  3064                           ;SourceFiles/main.c: 183:                 }
  3065     06EF  0021               	movlb	1	; select bank1
  3066     06F0  149D               	bsf	29,1	;volatile
  3067                           
  3068                           ;SourceFiles/main.c: 184:                 break;
  3069     06F1  2FC2               	goto	l2539
  3070     06F2                     l122:	
  3071                           ;SourceFiles/main.c: 185:             };SourceFiles/main.c: 187:             case UPDATE
      +                          _CONTROLS: {
  3072                           
  3073                           
  3074                           ;SourceFiles/main.c: 188:                 _Bool validData = readRXFIFO(result);
  3075     06F2  188C               	btfsc	12,1	;volatile
  3076     06F3  2EF5               	goto	u1341
  3077     06F4  2EF6               	goto	u1340
  3078     06F5                     u1341:
  3079     06F5  2FC2               	goto	l2539
  3080     06F6                     u1340:
  3081     06F6                     l2477:
  3082                           
  3083                           ;SourceFiles/main.c: 189:                 if (validData && result[1] == 0x01) {
  3084     06F6  3050               	movlw	(low (_result| 0))& (0+255)
  3085     06F7  00F6               	movwf	sendNOP@result
  3086     06F8  3180  2074  3185   	fcall	_sendNOP
  3087     06FB                     l2479:
  3088                           
  3089                           ;SourceFiles/main.c: 190:                     uint16_t motorSpeed = (uint16_t)((result[2
      +                          ] << 8) | result[3]);
  3090     06FB  0020               	movlb	0	; select bank0
  3091     06FC  1F50               	btfss	_result,6
  3092     06FD  2EFF               	goto	u1351
  3093     06FE  2F00               	goto	u1350
  3094     06FF                     u1351:
  3095     06FF  2F02               	goto	l124
  3096     0700                     u1350:
  3097     0700                     l2481:
  3098                           
  3099                           ;SourceFiles/main.c: 191:                     uint16_t servoPos = (uint16_t)((result[4] 
      +                          << 8) | result[5]);
  3100     0700  3004               	movlw	4
  3101     0701  00CE               	movwf	_currentState
  3102     0702                     l124:	
  3103                           ;SourceFiles/main.c: 192:                     servoPos = (servoPos * 15 + 15345) / 1023;
  3104                           
  3105                           
  3106                           ;SourceFiles/main.c: 194:                         motorSpeed -= 512;
  3107     0702  3027               	movlw	39
  3108     0703  00D7               	movwf	_bytes
  3109                           
  3110                           ;SourceFiles/main.c: 195:                         spinDir = 1;
  3111     0704  3070               	movlw	112
  3112     0705  00D8               	movwf	_bytes+1
  3113     0706                     l2483:
  3114                           
  3115                           ;SourceFiles/main.c: 196:                     } else {
  3116     0706  3057               	movlw	(low (_bytes| 0))& (0+255)
  3117     0707  00F2               	movwf	SendSPI@bytes
  3118     0708  3050               	movlw	(low (_result| 0))& (0+255)
  3119     0709  00F3               	movwf	SendSPI@result
  3120     070A  3002               	movlw	2
  3121     070B  00F4               	movwf	SendSPI@n
  3122     070C  3183  2335  3185   	fcall	_SendSPI
  3123     070F  2FC2               	goto	l2539
  3124     0710                     l2485:
  3125                           
  3126                           ;SourceFiles/main.c: 202:                     if (prevSpinDir != spinDir) {
  3127     0710  3050               	movlw	(low (_result| 0))& (0+255)
  3128     0711  00F6               	movwf	readRXFIFO@result
  3129     0712  3182  22AB  3185   	fcall	_readRXFIFO
  3130     0715  0020               	movlb	0	; select bank0
  3131     0716  00BC               	movwf	main@validData
  3132     0717                     l2487:
  3133                           
  3134                           ;SourceFiles/main.c: 203:                         if (spinDir) {
  3135     0717  083C               	movf	main@validData,w
  3136     0718  1903               	btfsc	3,2
  3137     0719  2F1B               	goto	u1361
  3138     071A  2F1C               	goto	u1360
  3139     071B                     u1361:
  3140     071B  2E3A               	goto	l2411
  3141     071C                     u1360:
  3142     071C                     l2489:
  3143     071C  0351               	decf	_result+1,w
  3144     071D  1D03               	btfss	3,2
  3145     071E  2F20               	goto	u1371
  3146     071F  2F21               	goto	u1370
  3147     0720                     u1371:
  3148     0720  2E3A               	goto	l2411
  3149     0721                     u1370:
  3150     0721                     l2491:
  3151                           
  3152                           ;SourceFiles/main.c: 204:                             RC2PPS = 0b00010;
  3153     0721  0853               	movf	_result+3,w
  3154     0722  00B7               	movwf	??_main
  3155     0723  01B8               	clrf	??_main+1
  3156     0724  0852               	movf	_result+2,w
  3157     0725  00B9               	movwf	??_main+2
  3158     0726  01BA               	clrf	??_main+3
  3159     0727  0839               	movf	??_main+2,w
  3160     0728  00BA               	movwf	??_main+3
  3161     0729  01B9               	clrf	??_main+2
  3162     072A  0837               	movf	??_main,w
  3163     072B  0439               	iorwf	??_main+2,w
  3164     072C  00C1               	movwf	main@motorSpeed
  3165     072D  0838               	movf	??_main+1,w
  3166     072E  043A               	iorwf	??_main+3,w
  3167     072F  00C2               	movwf	main@motorSpeed+1
  3168                           
  3169                           ;SourceFiles/main.c: 205:                             RC4PPS = 0b00000;
  3170     0730  0855               	movf	_result+5,w
  3171     0731  00B7               	movwf	??_main
  3172     0732  01B8               	clrf	??_main+1
  3173     0733  0854               	movf	_result+4,w
  3174     0734  00B9               	movwf	??_main+2
  3175     0735  01BA               	clrf	??_main+3
  3176     0736  0839               	movf	??_main+2,w
  3177     0737  00BA               	movwf	??_main+3
  3178     0738  01B9               	clrf	??_main+2
  3179     0739  0837               	movf	??_main,w
  3180     073A  0439               	iorwf	??_main+2,w
  3181     073B  00BF               	movwf	main@servoPos
  3182     073C  0838               	movf	??_main+1,w
  3183     073D  043A               	iorwf	??_main+3,w
  3184     073E  00C0               	movwf	main@servoPos+1
  3185     073F                     l2493:
  3186                           
  3187                           ;SourceFiles/main.c: 206:                             LATCbits.LATC4 = 0;
  3188     073F  30FF               	movlw	255
  3189     0740  00F6               	movwf	___lwdiv@divisor
  3190     0741  3003               	movlw	3
  3191     0742  00F7               	movwf	___lwdiv@divisor+1
  3192     0743  0840               	movf	main@servoPos+1,w
  3193     0744  00F1               	movwf	___wmul@multiplier+1
  3194     0745  083F               	movf	main@servoPos,w
  3195     0746  00F0               	movwf	___wmul@multiplier
  3196     0747  300F               	movlw	15
  3197     0748  00F2               	movwf	___wmul@multiplicand
  3198     0749  3000               	movlw	0
  3199     074A  00F3               	movwf	___wmul@multiplicand+1
  3200     074B  3180  20A2  3185   	fcall	___wmul
  3201     074E  0870               	movf	?___wmul,w
  3202     074F  3EF1               	addlw	241
  3203     0750  00F8               	movwf	___lwdiv@dividend
  3204     0751  303B               	movlw	59
  3205     0752  3D71               	addwfc	?___wmul+1,w
  3206     0753  00F9               	movwf	___lwdiv@dividend+1
  3207     0754  3181  21B3  3185   	fcall	___lwdiv
  3208     0757  0877               	movf	?___lwdiv+1,w
  3209     0758  0020               	movlb	0	; select bank0
  3210     0759  00C0               	movwf	main@servoPos+1
  3211     075A  0876               	movf	?___lwdiv,w
  3212     075B  00BF               	movwf	main@servoPos
  3213     075C                     l2495:
  3214                           
  3215                           ;SourceFiles/main.c: 207:                         } else {
  3216     075C  3002               	movlw	2
  3217     075D  0242               	subwf	main@motorSpeed+1,w
  3218     075E  3001               	movlw	1
  3219     075F  1903               	skipnz
  3220     0760  0241               	subwf	main@motorSpeed,w
  3221     0761  1C03               	skipc
  3222     0762  2F64               	goto	u1381
  3223     0763  2F65               	goto	u1380
  3224     0764                     u1381:
  3225     0764  2F6C               	goto	l2501
  3226     0765                     u1380:
  3227     0765                     l2497:
  3228                           
  3229                           ;SourceFiles/main.c: 208:                             RC2PPS = 0b00000;
  3230     0765  3000               	movlw	0
  3231     0766  02C1               	subwf	main@motorSpeed,f
  3232     0767  3002               	movlw	2
  3233     0768  3BC2               	subwfb	main@motorSpeed+1,f
  3234     0769                     l2499:
  3235                           
  3236                           ;SourceFiles/main.c: 209:                             RC4PPS = 0b00010;
  3237     0769  3001               	movlw	1
  3238     076A  00CD               	movwf	_spinDir
  3239                           
  3240                           ;SourceFiles/main.c: 210:                             LATCbits.LATC2 = 0;
  3241     076B  2F77               	goto	l2505
  3242     076C                     l2501:
  3243                           
  3244                           ;SourceFiles/main.c: 211:                         }
  3245     076C  3000               	movlw	0
  3246     076D  00B7               	movwf	??_main
  3247     076E  3002               	movlw	2
  3248     076F  00B8               	movwf	??_main+1
  3249     0770  0841               	movf	main@motorSpeed,w
  3250     0771  0237               	subwf	??_main,w
  3251     0772  00C1               	movwf	main@motorSpeed
  3252     0773  0842               	movf	main@motorSpeed+1,w
  3253     0774  3B38               	subwfb	??_main+1,w
  3254     0775  00C2               	movwf	main@motorSpeed+1
  3255     0776                     l2503:
  3256                           
  3257                           ;SourceFiles/main.c: 213:                     }
  3258     0776  01CD               	clrf	_spinDir
  3259     0777                     l2505:
  3260                           
  3261                           ;SourceFiles/main.c: 215:                     PWM5DCH = (uint8_t)(motorSpeed >> 2);
  3262     0777  002C               	movlb	12	; select bank12
  3263     0778  1399               	bcf	25,7	;volatile
  3264     0779                     l2507:
  3265                           
  3266                           ;SourceFiles/main.c: 216: 
  3267     0779  0020               	movlb	0	; select bank0
  3268     077A  0867               	movf	_prevSpinDir,w
  3269     077B  064D               	xorwf	_spinDir,w
  3270     077C  1903               	skipnz
  3271     077D  2F7F               	goto	u1391
  3272     077E  2F80               	goto	u1390
  3273     077F                     u1391:
  3274     077F  2F95               	goto	l2525
  3275     0780                     u1390:
  3276     0780                     l2509:
  3277                           
  3278                           ;SourceFiles/main.c: 217:                     PWM6DCL = (uint8_t)(servoPos << 6);
  3279     0780  084D               	movf	_spinDir,w
  3280     0781  1903               	btfsc	3,2
  3281     0782  2F84               	goto	u1401
  3282     0783  2F85               	goto	u1400
  3283     0784                     u1401:
  3284     0784  2F8C               	goto	l2517
  3285     0785                     u1400:
  3286     0785                     l2511:
  3287                           
  3288                           ;SourceFiles/main.c: 218:                     PWM6DCH = (uint8_t)(servoPos >> 2);
  3289     0785  3002               	movlw	2
  3290     0786  003D               	movlb	29	; select bank29
  3291     0787  00A2               	movwf	34	;volatile
  3292     0788                     l2513:
  3293                           
  3294                           ;SourceFiles/main.c: 219:                     PWM5CONbits.PWM5EN = 1;
  3295     0788  01A4               	clrf	36	;volatile
  3296     0789                     l2515:
  3297                           
  3298                           ;SourceFiles/main.c: 220:                 }
  3299     0789  0022               	movlb	2	; select bank2
  3300     078A  120E               	bcf	14,4	;volatile
  3301                           
  3302                           ;SourceFiles/main.c: 221:                 currentState = READ_RX;
  3303     078B  2F92               	goto	l2523
  3304     078C                     l2517:
  3305                           
  3306                           ;SourceFiles/main.c: 222:                 break;
  3307     078C  003D               	movlb	29	; select bank29
  3308     078D  01A2               	clrf	34	;volatile
  3309     078E                     l2519:
  3310                           
  3311                           ;SourceFiles/main.c: 223:             }
  3312     078E  3002               	movlw	2
  3313     078F  00A4               	movwf	36	;volatile
  3314     0790                     l2521:
  3315                           
  3316                           ;SourceFiles/main.c: 224:         }
  3317     0790  0022               	movlb	2	; select bank2
  3318     0791  110E               	bcf	14,2	;volatile
  3319     0792                     l2523:
  3320                           
  3321                           ;SourceFiles/main.c: 226:     return 1;
  3322     0792  0020               	movlb	0	; select bank0
  3323     0793  084D               	movf	_spinDir,w
  3324     0794  00E7               	movwf	_prevSpinDir
  3325     0795                     l2525:
  3326     0795  0841               	movf	main@motorSpeed,w
  3327     0796  00B7               	movwf	??_main
  3328     0797  3006               	movlw	6
  3329     0798                     u1415:
  3330     0798  35B7               	lslf	??_main,f
  3331     0799  0B89               	decfsz	9,f
  3332     079A  2F98               	goto	u1415
  3333     079B  0837               	movf	??_main,w
  3334     079C  002C               	movlb	12	; select bank12
  3335     079D  0097               	movwf	23	;volatile
  3336     079E                     l2527:
  3337     079E  0020               	movlb	0	; select bank0
  3338     079F  0842               	movf	main@motorSpeed+1,w
  3339     07A0  00B8               	movwf	??_main+1
  3340     07A1  0841               	movf	main@motorSpeed,w
  3341     07A2  00B7               	movwf	??_main
  3342     07A3  36B8               	lsrf	??_main+1,f
  3343     07A4  0CB7               	rrf	??_main,f
  3344     07A5  36B8               	lsrf	??_main+1,f
  3345     07A6  0CB7               	rrf	??_main,f
  3346     07A7  0837               	movf	??_main,w
  3347     07A8  002C               	movlb	12	; select bank12
  3348     07A9  0098               	movwf	24	;volatile
  3349     07AA                     l2529:
  3350     07AA  0020               	movlb	0	; select bank0
  3351     07AB  083F               	movf	main@servoPos,w
  3352     07AC  00B7               	movwf	??_main
  3353     07AD  3006               	movlw	6
  3354     07AE                     u1425:
  3355     07AE  35B7               	lslf	??_main,f
  3356     07AF  0B89               	decfsz	9,f
  3357     07B0  2FAE               	goto	u1425
  3358     07B1  0837               	movf	??_main,w
  3359     07B2  002C               	movlb	12	; select bank12
  3360     07B3  009A               	movwf	26	;volatile
  3361     07B4                     l2531:
  3362     07B4  0020               	movlb	0	; select bank0
  3363     07B5  0840               	movf	main@servoPos+1,w
  3364     07B6  00B8               	movwf	??_main+1
  3365     07B7  083F               	movf	main@servoPos,w
  3366     07B8  00B7               	movwf	??_main
  3367     07B9  36B8               	lsrf	??_main+1,f
  3368     07BA  0CB7               	rrf	??_main,f
  3369     07BB  36B8               	lsrf	??_main+1,f
  3370     07BC  0CB7               	rrf	??_main,f
  3371     07BD  0837               	movf	??_main,w
  3372     07BE  002C               	movlb	12	; select bank12
  3373     07BF  009B               	movwf	27	;volatile
  3374     07C0                     l2533:
  3375     07C0  1799               	bsf	25,7	;volatile
  3376     07C1  2E3A               	goto	l2411
  3377     07C2                     l2539:
  3378     07C2  0020               	movlb	0	; select bank0
  3379     07C3  084E               	movf	_currentState,w
  3380     07C4  00B7               	movwf	??_main
  3381     07C5  01B8               	clrf	??_main+1
  3382                           
  3383                           ; Switch on 2 bytes has been partitioned into a top level switch of size 1, and 1 sub-sw
      +                          itches
  3384                           ; Switch size 1, requested type "simple"
  3385                           ; Number of cases is 1, Range of values is 0 to 0
  3386                           ; switch strategies available:
  3387                           ; Name         Instructions Cycles
  3388                           ; simple_byte            4     3 (average)
  3389                           ; direct_byte            8     6 (fixed)
  3390                           ; jumptable            260     6 (fixed)
  3391                           ;	Chosen strategy is simple_byte
  3392     07C6  0838               	movf	??_main+1,w
  3393     07C7  3A00               	xorlw	0	; case 0
  3394     07C8  1903               	skipnz
  3395     07C9  2FCB               	goto	l2597
  3396     07CA  2FC2               	goto	l2539
  3397     07CB                     l2597:
  3398                           
  3399                           ; Switch size 1, requested type "simple"
  3400                           ; Number of cases is 6, Range of values is 0 to 5
  3401                           ; switch strategies available:
  3402                           ; Name         Instructions Cycles
  3403                           ; direct_byte           18     6 (fixed)
  3404                           ; simple_byte           19    10 (average)
  3405                           ; jumptable            260     6 (fixed)
  3406                           ;	Chosen strategy is simple_byte
  3407     07CB  0837               	movf	??_main,w
  3408     07CC  3A00               	xorlw	0	; case 0
  3409     07CD  1903               	skipnz
  3410     07CE  2E4E               	goto	l105
  3411     07CF  3A01               	xorlw	1	; case 1
  3412     07D0  1903               	skipnz
  3413     07D1  2EA8               	goto	l2449
  3414     07D2  3A03               	xorlw	3	; case 2
  3415     07D3  1903               	skipnz
  3416     07D4  2EB6               	goto	l115
  3417     07D5  3A01               	xorlw	1	; case 3
  3418     07D6  1903               	skipnz
  3419     07D7  2EF2               	goto	l122
  3420     07D8  3A07               	xorlw	7	; case 4
  3421     07D9  1903               	skipnz
  3422     07DA  2F10               	goto	l2485
  3423     07DB  3A01               	xorlw	1	; case 5
  3424     07DC  1903               	skipnz
  3425     07DD  2EEE               	goto	l2473
  3426     07DE  2FC2               	goto	l2539
  3427     07DF  3180  2802         	ljmp	start
  3428     07E1                     __end_of_main:
  3429                           
  3430                           	psect	text1
  3431     014C                     __ptext1:	
  3432 ;; *************** function _transmitPayload *****************
  3433 ;; Defined at:
  3434 ;;		line 24 in file "SourceFiles/TransmitService.c"
  3435 ;; Parameters:    Size  Location     Type
  3436 ;;  statusBits      1    wreg     unsigned char 
  3437 ;; Auto vars:     Size  Location     Type
  3438 ;;  statusBits      1   11[BANK0 ] unsigned char 
  3439 ;;  databytes       2   12[BANK0 ] unsigned char [2]
  3440 ;;  result          2    9[BANK0 ] unsigned char [2]
  3441 ;;  result          9    0[BANK0 ] unsigned char [9]
  3442 ;; Return value:  Size  Location     Type
  3443 ;;                  1    wreg      void 
  3444 ;; Registers used:
  3445 ;;		wreg, fsr1l, fsr1h, status,2, status,0, pclath, cstack
  3446 ;; Tracked objects:
  3447 ;;		On entry : 0/0
  3448 ;;		On exit  : 0/0
  3449 ;;		Unchanged: 0/0
  3450 ;; Data sizes:     COMMON   BANK0   BANK1   BANK2   BANK3   BANK4   BANK5   BANK6   BANK7   BANK8   BANK9  BANK10  BANK1
      +1  BANK12  BANK13  BANK14  BANK15  BANK16  BANK17  BANK18  BANK19  BANK20  BANK21  BANK22  BANK23  BANK24  BANK25
  3451 ;;      Params:         0       0       0       0       0       0       0       0       0       0       0       0       
      +0       0       0       0       0       0       0       0       0       0       0       0       0       0       0
  3452 ;;      Locals:         0      14       0       0       0       0       0       0       0       0       0       0       
      +0       0       0       0       0       0       0       0       0       0       0       0       0       0       0
  3453 ;;      Temps:          0       0       0       0       0       0       0       0       0       0       0       0       
      +0       0       0       0       0       0       0       0       0       0       0       0       0       0       0
  3454 ;;      Totals:         0      14       0       0       0       0       0       0       0       0       0       0       
      +0       0       0       0       0       0       0       0       0       0       0       0       0       0       0
  3455 ;;Total ram usage:       14 bytes
  3456 ;; Hardware stack levels used: 1
  3457 ;; Hardware stack levels required when called: 2
  3458 ;; This function calls:
  3459 ;;		_SendSPI
  3460 ;;		_ce
  3461 ;;		_delay
  3462 ;; This function is called by:
  3463 ;;		_main
  3464 ;; This function uses a non-reentrant model
  3465 ;;
  3466                           
  3467     014C                     _transmitPayload:	
  3468                           ;psect for function _transmitPayload
  3469                           
  3470                           
  3471                           ;incstack = 0
  3472                           ; Regs used in _transmitPayload: [wreg+fsr1l+fsr1h+status,2+status,0+pclath+cstack]
  3473                           ;transmitPayload@statusBits stored from wreg
  3474     014C  0020               	movlb	0	; select bank0
  3475     014D  00AB               	movwf	transmitPayload@statusBits
  3476     014E                     l2265:
  3477                           
  3478                           ;SourceFiles/TransmitService.c: 25:  readyToTransmit = 0;
  3479     014E  01E2               	clrf	_readyToTransmit
  3480     014F                     l2267:
  3481                           
  3482                           ;SourceFiles/TransmitService.c: 27:  if (statusBits & 0x70) {
  3483     014F  082B               	movf	transmitPayload@statusBits,w
  3484     0150  3970               	andlw	112
  3485     0151  1903               	btfsc	3,2
  3486     0152  2954               	goto	u1051
  3487     0153  2955               	goto	u1050
  3488     0154                     u1051:
  3489     0154  2962               	goto	l357
  3490     0155                     u1050:
  3491     0155                     l2269:
  3492                           
  3493                           ;SourceFiles/TransmitService.c: 29:   uint8_t databytes[2];;SourceFiles/TransmitService.
      +                          c: 30:         uint8_t result[2];;SourceFiles/TransmitService.c: 31:         databytes[0
      +                          ] = 0x20 | 0x07;
  3494     0155  3027               	movlw	39
  3495     0156  00AC               	movwf	transmitPayload@databytes
  3496                           
  3497                           ;SourceFiles/TransmitService.c: 32:         databytes[1] = 0x70;
  3498     0157  3070               	movlw	112
  3499     0158  00AD               	movwf	transmitPayload@databytes+1
  3500     0159                     l2271:
  3501                           
  3502                           ;SourceFiles/TransmitService.c: 33:         SendSPI(databytes, result, 2);
  3503     0159  302C               	movlw	(low (transmitPayload@databytes| 0))& (0+255)
  3504     015A  00F2               	movwf	SendSPI@bytes
  3505     015B  3029               	movlw	(low (transmitPayload@result| 0))& (0+255)
  3506     015C  00F3               	movwf	SendSPI@result
  3507     015D  3002               	movlw	2
  3508     015E  00F4               	movwf	SendSPI@n
  3509     015F  3183  2335  3181   	fcall	_SendSPI
  3510     0162                     l357:	
  3511                           ;SourceFiles/TransmitService.c: 34:  }
  3512                           
  3513                           
  3514                           ;SourceFiles/TransmitService.c: 35:  uint8_t result[8 + 1];;SourceFiles/TransmitService.
      +                          c: 36:  SendSPI(payload, result, 8 + 1);
  3515     0162  30A0               	movlw	(low (_payload| 0))& (0+255)
  3516     0163  00F2               	movwf	SendSPI@bytes
  3517     0164  3020               	movlw	(low (transmitPayload@result_959| 0))& (0+255)
  3518     0165  00F3               	movwf	SendSPI@result
  3519     0166  3009               	movlw	9
  3520     0167  00F4               	movwf	SendSPI@n
  3521     0168  3183  2335  3181   	fcall	_SendSPI
  3522     016B                     l2273:
  3523                           
  3524                           ;SourceFiles/TransmitService.c: 37:  ce(TRANSMITTER, HIGH);
  3525     016B  01F0               	clrf	ce@level
  3526     016C  0AF0               	incf	ce@level,f
  3527     016D  3001               	movlw	1
  3528     016E  3180  20C1  3181   	fcall	_ce
  3529     0171                     l2275:
  3530                           
  3531                           ;SourceFiles/TransmitService.c: 38:  delay(45);
  3532     0171  302D               	movlw	45
  3533     0172  00F0               	movwf	delay@length
  3534     0173  3000               	movlw	0
  3535     0174  00F1               	movwf	delay@length+1
  3536     0175  3180  2050  3181   	fcall	_delay
  3537     0178                     l2277:
  3538                           
  3539                           ;SourceFiles/TransmitService.c: 39:  ce(TRANSMITTER, LOW);
  3540     0178  01F0               	clrf	ce@level
  3541     0179  3001               	movlw	1
  3542     017A  3180  20C1  3181   	fcall	_ce
  3543     017D                     l358:
  3544     017D  0008               	return
  3545     017E                     __end_of_transmitPayload:
  3546                           
  3547                           	psect	text2
  3548     00EC                     __ptext2:	
  3549 ;; *************** function _setupSPI *****************
  3550 ;; Defined at:
  3551 ;;		line 55 in file "SourceFiles/TransmitService.c"
  3552 ;; Parameters:    Size  Location     Type
  3553 ;;  radioType       1    wreg     enum E6378
  3554 ;; Auto vars:     Size  Location     Type
  3555 ;;  radioType       1    0[COMMON] enum E6378
  3556 ;; Return value:  Size  Location     Type
  3557 ;;                  1    wreg      void 
  3558 ;; Registers used:
  3559 ;;		wreg, status,2, status,0
  3560 ;; Tracked objects:
  3561 ;;		On entry : 0/0
  3562 ;;		On exit  : 0/0
  3563 ;;		Unchanged: 0/0
  3564 ;; Data sizes:     COMMON   BANK0   BANK1   BANK2   BANK3   BANK4   BANK5   BANK6   BANK7   BANK8   BANK9  BANK10  BANK1
      +1  BANK12  BANK13  BANK14  BANK15  BANK16  BANK17  BANK18  BANK19  BANK20  BANK21  BANK22  BANK23  BANK24  BANK25
  3565 ;;      Params:         0       0       0       0       0       0       0       0       0       0       0       0       
      +0       0       0       0       0       0       0       0       0       0       0       0       0       0       0
  3566 ;;      Locals:         1       0       0       0       0       0       0       0       0       0       0       0       
      +0       0       0       0       0       0       0       0       0       0       0       0       0       0       0
  3567 ;;      Temps:          0       0       0       0       0       0       0       0       0       0       0       0       
      +0       0       0       0       0       0       0       0       0       0       0       0       0       0       0
  3568 ;;      Totals:         1       0       0       0       0       0       0       0       0       0       0       0       
      +0       0       0       0       0       0       0       0       0       0       0       0       0       0       0
  3569 ;;Total ram usage:        1 bytes
  3570 ;; Hardware stack levels used: 1
  3571 ;; This function calls:
  3572 ;;		Nothing
  3573 ;; This function is called by:
  3574 ;;		_main
  3575 ;; This function uses a non-reentrant model
  3576 ;;
  3577                           
  3578     00EC                     _setupSPI:	
  3579                           ;psect for function _setupSPI
  3580                           
  3581                           
  3582                           ;incstack = 0
  3583                           ; Regs used in _setupSPI: [wreg+status,2+status,0]
  3584                           ;setupSPI@radioType stored from wreg
  3585     00EC  00F0               	movwf	setupSPI@radioType
  3586     00ED                     l2031:
  3587                           
  3588                           ;SourceFiles/TransmitService.c: 58:     TRISCbits.TRISC0 = 0;
  3589     00ED  0021               	movlb	1	; select bank1
  3590     00EE  100E               	bcf	14,0	;volatile
  3591                           
  3592                           ;SourceFiles/TransmitService.c: 60:     RC0PPS = 0b11000;
  3593     00EF  3018               	movlw	24
  3594     00F0  003D               	movlb	29	; select bank29
  3595     00F1  00A0               	movwf	32	;volatile
  3596                           
  3597                           ;SourceFiles/TransmitService.c: 64:     TRISCbits.TRISC1 = 1;
  3598     00F2  0021               	movlb	1	; select bank1
  3599     00F3  148E               	bsf	14,1	;volatile
  3600                           
  3601                           ;SourceFiles/TransmitService.c: 66:     ANSELCbits.ANSC1 = 0;
  3602     00F4  0023               	movlb	3	; select bank3
  3603     00F5  108E               	bcf	14,1	;volatile
  3604                           
  3605                           ;SourceFiles/TransmitService.c: 68:     SSP1DATPPS = 0b10001;
  3606     00F6  3011               	movlw	17
  3607     00F7  003C               	movlb	28	; select bank28
  3608     00F8  00A1               	movwf	33	;volatile
  3609     00F9                     l2033:
  3610                           
  3611                           ;SourceFiles/TransmitService.c: 71:     if (radioType == TRANSMITTER) {
  3612     00F9  0370               	decf	setupSPI@radioType,w
  3613     00FA  1D03               	btfss	3,2
  3614     00FB  28FD               	goto	u971
  3615     00FC  28FE               	goto	u970
  3616     00FD                     u971:
  3617     00FD  2904               	goto	l2037
  3618     00FE                     u970:
  3619     00FE                     l2035:
  3620                           
  3621                           ;SourceFiles/TransmitService.c: 73:         TRISCbits.TRISC5 = 0;
  3622     00FE  0021               	movlb	1	; select bank1
  3623     00FF  128E               	bcf	14,5	;volatile
  3624                           
  3625                           ;SourceFiles/TransmitService.c: 75:         RC5PPS = 0b11001;
  3626     0100  3019               	movlw	25
  3627     0101  003D               	movlb	29	; select bank29
  3628     0102  00A5               	movwf	37	;volatile
  3629                           
  3630                           ;SourceFiles/TransmitService.c: 76:     } else if (radioType == RECEIVER) {
  3631     0103  290E               	goto	l369
  3632     0104                     l2037:
  3633     0104  0870               	movf	setupSPI@radioType,w
  3634     0105  1D03               	btfss	3,2
  3635     0106  2908               	goto	u981
  3636     0107  2909               	goto	u980
  3637     0108                     u981:
  3638     0108  290E               	goto	l369
  3639     0109                     u980:
  3640     0109                     l2039:
  3641                           
  3642                           ;SourceFiles/TransmitService.c: 78:         TRISAbits.TRISA2 = 0;
  3643     0109  0021               	movlb	1	; select bank1
  3644     010A  110C               	bcf	12,2	;volatile
  3645                           
  3646                           ;SourceFiles/TransmitService.c: 80:         RA2PPS = 0b11001;
  3647     010B  3019               	movlw	25
  3648     010C  003D               	movlb	29	; select bank29
  3649     010D  0092               	movwf	18	;volatile
  3650     010E                     l369:
  3651                           
  3652                           ;SourceFiles/TransmitService.c: 85:     TRISAbits.TRISA4 = 0;
  3653     010E  0021               	movlb	1	; select bank1
  3654     010F  120C               	bcf	12,4	;volatile
  3655                           
  3656                           ;SourceFiles/TransmitService.c: 87:     LATAbits.LATA4 = 1;
  3657     0110  0022               	movlb	2	; select bank2
  3658     0111  160C               	bsf	12,4	;volatile
  3659                           
  3660                           ;SourceFiles/TransmitService.c: 90:     SSP1CON1bits.SSPEN = 1;
  3661     0112  0024               	movlb	4	; select bank4
  3662     0113  1695               	bsf	21,5	;volatile
  3663     0114                     l2041:
  3664                           
  3665                           ;SourceFiles/TransmitService.c: 92:     SSP1CON1bits.SSPM = 0b0000;
  3666     0114  30F0               	movlw	-16
  3667     0115  0595               	andwf	21,f	;volatile
  3668     0116                     l2043:
  3669                           
  3670                           ;SourceFiles/TransmitService.c: 95:     SSP1STATbits.SMP = 1;
  3671     0116  1794               	bsf	20,7	;volatile
  3672     0117                     l2045:
  3673                           
  3674                           ;SourceFiles/TransmitService.c: 97:     SSP1STATbits.CKE = 1;
  3675     0117  1714               	bsf	20,6	;volatile
  3676     0118                     l2047:
  3677                           
  3678                           ;SourceFiles/TransmitService.c: 99:     SSP1CON1bits.CKP = 0;
  3679     0118  1215               	bcf	21,4	;volatile
  3680     0119                     l371:
  3681     0119  0008               	return
  3682     011A                     __end_of_setupSPI:
  3683                           
  3684                           	psect	text3
  3685     0074                     __ptext3:	
  3686 ;; *************** function _sendNOP *****************
  3687 ;; Defined at:
  3688 ;;		line 44 in file "SourceFiles/SPI.c"
  3689 ;; Parameters:    Size  Location     Type
  3690 ;;  result          1    6[COMMON] PTR unsigned char 
  3691 ;;		 -> result(7), 
  3692 ;; Auto vars:     Size  Location     Type
  3693 ;;  bytes           1    7[COMMON] unsigned char [1]
  3694 ;; Return value:  Size  Location     Type
  3695 ;;                  1    wreg      void 
  3696 ;; Registers used:
  3697 ;;		wreg, fsr1l, fsr1h, status,2, status,0, pclath, cstack
  3698 ;; Tracked objects:
  3699 ;;		On entry : 0/0
  3700 ;;		On exit  : 0/0
  3701 ;;		Unchanged: 0/0
  3702 ;; Data sizes:     COMMON   BANK0   BANK1   BANK2   BANK3   BANK4   BANK5   BANK6   BANK7   BANK8   BANK9  BANK10  BANK1
      +1  BANK12  BANK13  BANK14  BANK15  BANK16  BANK17  BANK18  BANK19  BANK20  BANK21  BANK22  BANK23  BANK24  BANK25
  3703 ;;      Params:         1       0       0       0       0       0       0       0       0       0       0       0       
      +0       0       0       0       0       0       0       0       0       0       0       0       0       0       0
  3704 ;;      Locals:         1       0       0       0       0       0       0       0       0       0       0       0       
      +0       0       0       0       0       0       0       0       0       0       0       0       0       0       0
  3705 ;;      Temps:          0       0       0       0       0       0       0       0       0       0       0       0       
      +0       0       0       0       0       0       0       0       0       0       0       0       0       0       0
  3706 ;;      Totals:         2       0       0       0       0       0       0       0       0       0       0       0       
      +0       0       0       0       0       0       0       0       0       0       0       0       0       0       0
  3707 ;;Total ram usage:        2 bytes
  3708 ;; Hardware stack levels used: 1
  3709 ;; Hardware stack levels required when called: 2
  3710 ;; This function calls:
  3711 ;;		_SendSPI
  3712 ;; This function is called by:
  3713 ;;		_main
  3714 ;; This function uses a non-reentrant model
  3715 ;;
  3716                           
  3717     0074                     _sendNOP:	
  3718                           ;psect for function _sendNOP
  3719                           
  3720     0074                     l2261:	
  3721                           ;incstack = 0
  3722                           ; Regs used in _sendNOP: [wreg+fsr1l+fsr1h+status,2+status,0+pclath+cstack]
  3723                           
  3724                           
  3725                           ;SourceFiles/SPI.c: 45:     uint8_t bytes[1] = {0xFF};
  3726     0074  0020               	movlb	0	; select bank0
  3727     0075  0866               	movf	sendNOP@F6364,w
  3728     0076  00F7               	movwf	sendNOP@bytes
  3729     0077                     l2263:
  3730                           
  3731                           ;SourceFiles/SPI.c: 46:     SendSPI(bytes, result, 1);
  3732     0077  3077               	movlw	(low (sendNOP@bytes| 0))& (0+255)
  3733     0078  00F2               	movwf	SendSPI@bytes
  3734     0079  0876               	movf	sendNOP@result,w
  3735     007A  00F3               	movwf	SendSPI@result
  3736     007B  01F4               	clrf	SendSPI@n
  3737     007C  0AF4               	incf	SendSPI@n,f
  3738     007D  3183  2335  3180   	fcall	_SendSPI
  3739     0080                     l181:
  3740     0080  0008               	return
  3741     0081                     __end_of_sendNOP:
  3742                           
  3743                           	psect	text4
  3744     02AB                     __ptext4:	
  3745 ;; *************** function _readRXFIFO *****************
  3746 ;; Defined at:
  3747 ;;		line 232 in file "SourceFiles/nRF24L01.c"
  3748 ;; Parameters:    Size  Location     Type
  3749 ;;  result          1    6[COMMON] PTR unsigned char 
  3750 ;;		 -> result(7), 
  3751 ;; Auto vars:     Size  Location     Type
  3752 ;;  i               1   13[BANK0 ] unsigned char 
  3753 ;;  i               2   11[BANK0 ] int 
  3754 ;;  bytes           9    0[BANK0 ] unsigned char [9]
  3755 ;;  checksum        1   10[BANK0 ] unsigned char 
  3756 ;;  ReturnVal       1    9[BANK0 ] _Bool 
  3757 ;; Return value:  Size  Location     Type
  3758 ;;                  1    wreg      _Bool 
  3759 ;; Registers used:
  3760 ;;		wreg, fsr1l, fsr1h, status,2, status,0, pclath, cstack
  3761 ;; Tracked objects:
  3762 ;;		On entry : 0/0
  3763 ;;		On exit  : 0/0
  3764 ;;		Unchanged: 0/0
  3765 ;; Data sizes:     COMMON   BANK0   BANK1   BANK2   BANK3   BANK4   BANK5   BANK6   BANK7   BANK8   BANK9  BANK10  BANK1
      +1  BANK12  BANK13  BANK14  BANK15  BANK16  BANK17  BANK18  BANK19  BANK20  BANK21  BANK22  BANK23  BANK24  BANK25
  3766 ;;      Params:         1       0       0       0       0       0       0       0       0       0       0       0       
      +0       0       0       0       0       0       0       0       0       0       0       0       0       0       0
  3767 ;;      Locals:         0      14       0       0       0       0       0       0       0       0       0       0       
      +0       0       0       0       0       0       0       0       0       0       0       0       0       0       0
  3768 ;;      Temps:          1       0       0       0       0       0       0       0       0       0       0       0       
      +0       0       0       0       0       0       0       0       0       0       0       0       0       0       0
  3769 ;;      Totals:         2      14       0       0       0       0       0       0       0       0       0       0       
      +0       0       0       0       0       0       0       0       0       0       0       0       0       0       0
  3770 ;;Total ram usage:       16 bytes
  3771 ;; Hardware stack levels used: 1
  3772 ;; Hardware stack levels required when called: 2
  3773 ;; This function calls:
  3774 ;;		_SendSPI
  3775 ;; This function is called by:
  3776 ;;		_main
  3777 ;; This function uses a non-reentrant model
  3778 ;;
  3779                           
  3780     02AB                     _readRXFIFO:	
  3781                           ;psect for function _readRXFIFO
  3782                           
  3783     02AB                     l2279:	
  3784                           ;incstack = 0
  3785                           ; Regs used in _readRXFIFO: [wreg+fsr1l+fsr1h+status,2+status,0+pclath+cstack]
  3786                           
  3787                           
  3788                           ;SourceFiles/nRF24L01.c: 233:  _Bool ReturnVal = 0;
  3789     02AB  0020               	movlb	0	; select bank0
  3790     02AC  01A9               	clrf	readRXFIFO@ReturnVal
  3791     02AD                     l2281:
  3792                           
  3793                           ;SourceFiles/nRF24L01.c: 234:  uint8_t bytes[8 + 1];;SourceFiles/nRF24L01.c: 235:  bytes
      +                          [0] = 0x61;
  3794     02AD  3061               	movlw	97
  3795     02AE  00A0               	movwf	readRXFIFO@bytes
  3796     02AF                     l2283:
  3797                           
  3798                           ;SourceFiles/nRF24L01.c: 236:  for (int i = 1; i < 8 + 1; i++) {
  3799     02AF  3001               	movlw	1
  3800     02B0  00AB               	movwf	readRXFIFO@i
  3801     02B1  3000               	movlw	0
  3802     02B2  00AC               	movwf	readRXFIFO@i+1
  3803     02B3                     l2289:
  3804                           
  3805                           ;SourceFiles/nRF24L01.c: 237:   bytes[i] = 0xFF;
  3806     02B3  0020               	movlb	0	; select bank0
  3807     02B4  082B               	movf	readRXFIFO@i,w
  3808     02B5  3E20               	addlw	(low (readRXFIFO@bytes| 0))& (0+255)
  3809     02B6  0086               	movwf	6
  3810     02B7  0187               	clrf	7
  3811     02B8  30FF               	movlw	255
  3812     02B9  0081               	movwf	1
  3813     02BA                     l2291:
  3814                           
  3815                           ;SourceFiles/nRF24L01.c: 238:  }
  3816     02BA  3001               	movlw	1
  3817     02BB  07AB               	addwf	readRXFIFO@i,f
  3818     02BC  3000               	movlw	0
  3819     02BD  3DAC               	addwfc	readRXFIFO@i+1,f
  3820     02BE                     l2293:
  3821     02BE  082C               	movf	readRXFIFO@i+1,w
  3822     02BF  3A80               	xorlw	128
  3823     02C0  00F7               	movwf	??_readRXFIFO
  3824     02C1  3080               	movlw	128
  3825     02C2  0277               	subwf	??_readRXFIFO,w
  3826     02C3  1D03               	skipz
  3827     02C4  2AC7               	goto	u1065
  3828     02C5  3009               	movlw	9
  3829     02C6  022B               	subwf	readRXFIFO@i,w
  3830     02C7                     u1065:
  3831     02C7  1C03               	skipc
  3832     02C8  2ACA               	goto	u1061
  3833     02C9  2ACB               	goto	u1060
  3834     02CA                     u1061:
  3835     02CA  2AB3               	goto	l2289
  3836     02CB                     u1060:
  3837     02CB                     l2295:
  3838                           
  3839                           ;SourceFiles/nRF24L01.c: 239:  SendSPI(bytes, result, 8 + 1);
  3840     02CB  3020               	movlw	(low (readRXFIFO@bytes| 0))& (0+255)
  3841     02CC  00F2               	movwf	SendSPI@bytes
  3842     02CD  0876               	movf	readRXFIFO@result,w
  3843     02CE  00F3               	movwf	SendSPI@result
  3844     02CF  3009               	movlw	9
  3845     02D0  00F4               	movwf	SendSPI@n
  3846     02D1  3183  2335  3182   	fcall	_SendSPI
  3847     02D4                     l2297:
  3848                           
  3849                           ;SourceFiles/nRF24L01.c: 240:  uint8_t checksum = 0;
  3850     02D4  0020               	movlb	0	; select bank0
  3851     02D5  01AA               	clrf	readRXFIFO@checksum
  3852     02D6                     l2299:
  3853                           
  3854                           ;SourceFiles/nRF24L01.c: 241:     for (uint8_t i = 1; i < 8 + 1; i++) {
  3855     02D6  3001               	movlw	1
  3856     02D7  00AD               	movwf	readRXFIFO@i_676
  3857     02D8                     l2305:
  3858                           
  3859                           ;SourceFiles/nRF24L01.c: 242:         checksum += result[i];
  3860     02D8  0876               	movf	readRXFIFO@result,w
  3861     02D9  072D               	addwf	readRXFIFO@i_676,w
  3862     02DA  0086               	movwf	6
  3863     02DB  0187               	clrf	7
  3864     02DC  0801               	movf	1,w
  3865     02DD  07AA               	addwf	readRXFIFO@checksum,f
  3866     02DE                     l2307:
  3867                           
  3868                           ;SourceFiles/nRF24L01.c: 243:     }
  3869     02DE  3001               	movlw	1
  3870     02DF  07AD               	addwf	readRXFIFO@i_676,f
  3871     02E0                     l2309:
  3872     02E0  3009               	movlw	9
  3873     02E1  022D               	subwf	readRXFIFO@i_676,w
  3874     02E2  1C03               	skipc
  3875     02E3  2AE5               	goto	u1071
  3876     02E4  2AE6               	goto	u1070
  3877     02E5                     u1071:
  3878     02E5  2AD8               	goto	l2305
  3879     02E6                     u1070:
  3880     02E6                     l2311:
  3881                           
  3882                           ;SourceFiles/nRF24L01.c: 244:  if (checksum == 0xFF) {
  3883     02E6  0A2A               	incf	readRXFIFO@checksum,w
  3884     02E7  1D03               	btfss	3,2
  3885     02E8  2AEA               	goto	u1081
  3886     02E9  2AEB               	goto	u1080
  3887     02EA                     u1081:
  3888     02EA  2AED               	goto	l2315
  3889     02EB                     u1080:
  3890     02EB                     l2313:
  3891                           
  3892                           ;SourceFiles/nRF24L01.c: 245:   ReturnVal = 1;
  3893     02EB  3001               	movlw	1
  3894     02EC  00A9               	movwf	readRXFIFO@ReturnVal
  3895     02ED                     l2315:
  3896                           
  3897                           ;SourceFiles/nRF24L01.c: 247:  return ReturnVal;
  3898     02ED  0829               	movf	readRXFIFO@ReturnVal,w
  3899     02EE                     l273:
  3900     02EE  0008               	return
  3901     02EF                     __end_of_readRXFIFO:
  3902                           
  3903                           	psect	text5
  3904     011A                     __ptext5:	
  3905 ;; *************** function _packagePayload *****************
  3906 ;; Defined at:
  3907 ;;		line 42 in file "SourceFiles/TransmitService.c"
  3908 ;; Parameters:    Size  Location     Type
  3909 ;;  radioID         1    wreg     unsigned char 
  3910 ;;  bytes           1    0[COMMON] PTR unsigned char 
  3911 ;;		 -> bytes(7), 
  3912 ;; Auto vars:     Size  Location     Type
  3913 ;;  radioID         1    3[COMMON] unsigned char 
  3914 ;;  i               1    5[COMMON] unsigned char 
  3915 ;;  i               1    4[COMMON] unsigned char 
  3916 ;;  checksum        1    2[COMMON] unsigned char 
  3917 ;; Return value:  Size  Location     Type
  3918 ;;                  1    wreg      void 
  3919 ;; Registers used:
  3920 ;;		wreg, fsr0l, fsr0h, fsr1l, fsr1h, status,2, status,0
  3921 ;; Tracked objects:
  3922 ;;		On entry : 0/0
  3923 ;;		On exit  : 0/0
  3924 ;;		Unchanged: 0/0
  3925 ;; Data sizes:     COMMON   BANK0   BANK1   BANK2   BANK3   BANK4   BANK5   BANK6   BANK7   BANK8   BANK9  BANK10  BANK1
      +1  BANK12  BANK13  BANK14  BANK15  BANK16  BANK17  BANK18  BANK19  BANK20  BANK21  BANK22  BANK23  BANK24  BANK25
  3926 ;;      Params:         1       0       0       0       0       0       0       0       0       0       0       0       
      +0       0       0       0       0       0       0       0       0       0       0       0       0       0       0
  3927 ;;      Locals:         4       0       0       0       0       0       0       0       0       0       0       0       
      +0       0       0       0       0       0       0       0       0       0       0       0       0       0       0
  3928 ;;      Temps:          1       0       0       0       0       0       0       0       0       0       0       0       
      +0       0       0       0       0       0       0       0       0       0       0       0       0       0       0
  3929 ;;      Totals:         6       0       0       0       0       0       0       0       0       0       0       0       
      +0       0       0       0       0       0       0       0       0       0       0       0       0       0       0
  3930 ;;Total ram usage:        6 bytes
  3931 ;; Hardware stack levels used: 1
  3932 ;; This function calls:
  3933 ;;		Nothing
  3934 ;; This function is called by:
  3935 ;;		_main
  3936 ;; This function uses a non-reentrant model
  3937 ;;
  3938                           
  3939     011A                     _packagePayload:	
  3940                           ;psect for function _packagePayload
  3941                           
  3942                           
  3943                           ;incstack = 0
  3944                           ; Regs used in _packagePayload: [wreg-fsr1h+status,2+status,0]
  3945                           ;packagePayload@radioID stored from wreg
  3946     011A  00F3               	movwf	packagePayload@radioID
  3947     011B                     l2235:
  3948                           
  3949                           ;SourceFiles/TransmitService.c: 43:  uint8_t checksum = 0xFF - radioID;
  3950     011B  0973               	comf	packagePayload@radioID,w
  3951     011C  00F2               	movwf	packagePayload@checksum
  3952     011D                     l2237:
  3953                           
  3954                           ;SourceFiles/TransmitService.c: 44:     for (uint8_t i = 0; i < 6; i++) {
  3955     011D  01F4               	clrf	packagePayload@i
  3956     011E                     l2241:
  3957                           
  3958                           ;SourceFiles/TransmitService.c: 45:         checksum -= bytes[i];
  3959     011E  0870               	movf	packagePayload@bytes,w
  3960     011F  0774               	addwf	packagePayload@i,w
  3961     0120  0086               	movwf	6
  3962     0121  0187               	clrf	7
  3963     0122  0801               	movf	1,w
  3964     0123  02F2               	subwf	packagePayload@checksum,f
  3965     0124                     l2243:
  3966                           
  3967                           ;SourceFiles/TransmitService.c: 46:     }
  3968     0124  3001               	movlw	1
  3969     0125  07F4               	addwf	packagePayload@i,f
  3970     0126                     l2245:
  3971     0126  3006               	movlw	6
  3972     0127  0274               	subwf	packagePayload@i,w
  3973     0128  1C03               	skipc
  3974     0129  292B               	goto	u1031
  3975     012A  292C               	goto	u1030
  3976     012B                     u1031:
  3977     012B  291E               	goto	l2241
  3978     012C                     u1030:
  3979     012C                     l362:
  3980                           
  3981                           ;SourceFiles/TransmitService.c: 47:  payload[0] = 0xA0;
  3982     012C  30A0               	movlw	160
  3983     012D  0021               	movlb	1	; select bank1
  3984     012E  00A0               	movwf	_payload^(0+128)
  3985     012F                     l2247:
  3986                           
  3987                           ;SourceFiles/TransmitService.c: 48:  payload[1] = radioID;
  3988     012F  0873               	movf	packagePayload@radioID,w
  3989     0130  00A1               	movwf	(_payload^(0+128)+1)
  3990     0131                     l2249:
  3991                           
  3992                           ;SourceFiles/TransmitService.c: 49:  for (uint8_t i = 2; i < 8; i++) {
  3993     0131  3002               	movlw	2
  3994     0132  00F5               	movwf	packagePayload@i_965
  3995     0133                     l2253:
  3996                           
  3997                           ;SourceFiles/TransmitService.c: 50:         payload[i] = bytes[i-2];
  3998     0133  0875               	movf	packagePayload@i_965,w
  3999     0134  3EA0               	addlw	(low (_payload| 0))& (0+255)
  4000     0135  0086               	movwf	6
  4001     0136  0187               	clrf	7
  4002     0137  0875               	movf	packagePayload@i_965,w
  4003     0138  0770               	addwf	packagePayload@bytes,w
  4004     0139  00F1               	movwf	??_packagePayload
  4005     013A  0871               	movf	??_packagePayload,w
  4006     013B  3EFE               	addlw	-2
  4007     013C  0084               	movwf	4
  4008     013D  0185               	clrf	5
  4009     013E  0800               	movf	0,w
  4010     013F  0081               	movwf	1
  4011     0140                     l2255:
  4012                           
  4013                           ;SourceFiles/TransmitService.c: 51:     }
  4014     0140  3001               	movlw	1
  4015     0141  07F5               	addwf	packagePayload@i_965,f
  4016     0142                     l2257:
  4017     0142  3008               	movlw	8
  4018     0143  0275               	subwf	packagePayload@i_965,w
  4019     0144  1C03               	skipc
  4020     0145  2947               	goto	u1041
  4021     0146  2948               	goto	u1040
  4022     0147                     u1041:
  4023     0147  2933               	goto	l2253
  4024     0148                     u1040:
  4025     0148                     l2259:
  4026                           
  4027                           ;SourceFiles/TransmitService.c: 52:     payload[8] = checksum;
  4028     0148  0872               	movf	packagePayload@checksum,w
  4029     0149  0021               	movlb	1	; select bank1
  4030     014A  00A8               	movwf	(_payload^(0+128)+8)
  4031     014B                     l365:
  4032     014B  0008               	return
  4033     014C                     __end_of_packagePayload:
  4034                           
  4035                           	psect	text6
  4036     0386                     __ptext6:	
  4037 ;; *************** function _controlsChanged *****************
  4038 ;; Defined at:
  4039 ;;		line 219 in file "SourceFiles/TransmitService.c"
  4040 ;; Parameters:    Size  Location     Type
  4041 ;;  bytes           1    0[COMMON] PTR unsigned char 
  4042 ;;		 -> bytes(7), 
  4043 ;; Auto vars:     Size  Location     Type
  4044 ;;  i               1    7[COMMON] unsigned char 
  4045 ;;  delta           1    6[COMMON] unsigned char 
  4046 ;;  returnVal       1    5[COMMON] _Bool 
  4047 ;; Return value:  Size  Location     Type
  4048 ;;                  1    wreg      _Bool 
  4049 ;; Registers used:
  4050 ;;		wreg, fsr0l, fsr0h, fsr1l, fsr1h, status,2, status,0
  4051 ;; Tracked objects:
  4052 ;;		On entry : 0/0
  4053 ;;		On exit  : 0/0
  4054 ;;		Unchanged: 0/0
  4055 ;; Data sizes:     COMMON   BANK0   BANK1   BANK2   BANK3   BANK4   BANK5   BANK6   BANK7   BANK8   BANK9  BANK10  BANK1
      +1  BANK12  BANK13  BANK14  BANK15  BANK16  BANK17  BANK18  BANK19  BANK20  BANK21  BANK22  BANK23  BANK24  BANK25
  4056 ;;      Params:         1       0       0       0       0       0       0       0       0       0       0       0       
      +0       0       0       0       0       0       0       0       0       0       0       0       0       0       0
  4057 ;;      Locals:         3       0       0       0       0       0       0       0       0       0       0       0       
      +0       0       0       0       0       0       0       0       0       0       0       0       0       0       0
  4058 ;;      Temps:          4       0       0       0       0       0       0       0       0       0       0       0       
      +0       0       0       0       0       0       0       0       0       0       0       0       0       0       0
  4059 ;;      Totals:         8       0       0       0       0       0       0       0       0       0       0       0       
      +0       0       0       0       0       0       0       0       0       0       0       0       0       0       0
  4060 ;;Total ram usage:        8 bytes
  4061 ;; Hardware stack levels used: 1
  4062 ;; This function calls:
  4063 ;;		Nothing
  4064 ;; This function is called by:
  4065 ;;		_main
  4066 ;; This function uses a non-reentrant model
  4067 ;;
  4068                           
  4069     0386                     _controlsChanged:	
  4070                           ;psect for function _controlsChanged
  4071                           
  4072     0386                     l2213:	
  4073                           ;incstack = 0
  4074                           ; Regs used in _controlsChanged: [wreg-fsr1h+status,2+status,0]
  4075                           
  4076                           
  4077                           ;SourceFiles/TransmitService.c: 220:     static uint8_t prevBytes[] = {0x00, 0x00, 0x00,
      +                           0x00, 0x00, 0x00};;SourceFiles/TransmitService.c: 221:     uint8_t delta = 20;
  4078     0386  3014               	movlw	20
  4079     0387  00F6               	movwf	controlsChanged@delta
  4080     0388                     l2215:
  4081                           
  4082                           ;SourceFiles/TransmitService.c: 222:     _Bool returnVal = 0;
  4083     0388  01F5               	clrf	controlsChanged@returnVal
  4084                           
  4085                           ;SourceFiles/TransmitService.c: 223:     for (uint8_t i = 0; i < 6; i++) {
  4086     0389  01F7               	clrf	controlsChanged@i
  4087     038A                     l2221:
  4088                           
  4089                           ;SourceFiles/TransmitService.c: 224:         if (((prevBytes[i] - bytes[i]) > delta) || 
      +                          ((bytes[i] - prevBytes[i]) > delta)) {
  4090     038A  0870               	movf	controlsChanged@bytes,w
  4091     038B  0777               	addwf	controlsChanged@i,w
  4092     038C  0086               	movwf	6
  4093     038D  0187               	clrf	7
  4094     038E  0877               	movf	controlsChanged@i,w
  4095     038F  3E43               	addlw	(low (controlsChanged@prevBytes| 0))& (0+255)
  4096     0390  0084               	movwf	4
  4097     0391  0185               	clrf	5
  4098     0392  0800               	movf	0,w
  4099     0393  00F1               	movwf	??_controlsChanged
  4100     0394  01F2               	clrf	??_controlsChanged+1
  4101     0395  0872               	movf	??_controlsChanged+1,w
  4102     0396  00F4               	movwf	??_controlsChanged+3
  4103     0397  0801               	movf	1,w
  4104     0398  0271               	subwf	??_controlsChanged,w
  4105     0399  00F3               	movwf	??_controlsChanged+2
  4106     039A  1C03               	skipc
  4107     039B  03F4               	decf	??_controlsChanged+3,f
  4108     039C  0874               	movf	??_controlsChanged+3,w
  4109     039D  3A80               	xorlw	128
  4110     039E  3C80               	sublw	128
  4111     039F  1D03               	skipz
  4112     03A0  2BA3               	goto	u1005
  4113     03A1  0873               	movf	??_controlsChanged+2,w
  4114     03A2  0276               	subwf	controlsChanged@delta,w
  4115     03A3                     u1005:
  4116     03A3  1C03               	skipc
  4117     03A4  2BA6               	goto	u1001
  4118     03A5  2BA7               	goto	u1000
  4119     03A6                     u1001:
  4120     03A6  2BC4               	goto	l386
  4121     03A7                     u1000:
  4122     03A7                     l2223:
  4123     03A7  0877               	movf	controlsChanged@i,w
  4124     03A8  3E43               	addlw	(low (controlsChanged@prevBytes| 0))& (0+255)
  4125     03A9  0086               	movwf	6
  4126     03AA  0187               	clrf	7
  4127     03AB  0870               	movf	controlsChanged@bytes,w
  4128     03AC  0777               	addwf	controlsChanged@i,w
  4129     03AD  0084               	movwf	4
  4130     03AE  0185               	clrf	5
  4131     03AF  0800               	movf	0,w
  4132     03B0  00F1               	movwf	??_controlsChanged
  4133     03B1  01F2               	clrf	??_controlsChanged+1
  4134     03B2  0872               	movf	??_controlsChanged+1,w
  4135     03B3  00F4               	movwf	??_controlsChanged+3
  4136     03B4  0801               	movf	1,w
  4137     03B5  0271               	subwf	??_controlsChanged,w
  4138     03B6  00F3               	movwf	??_controlsChanged+2
  4139     03B7  1C03               	skipc
  4140     03B8  03F4               	decf	??_controlsChanged+3,f
  4141     03B9  0874               	movf	??_controlsChanged+3,w
  4142     03BA  3A80               	xorlw	128
  4143     03BB  3C80               	sublw	128
  4144     03BC  1D03               	skipz
  4145     03BD  2BC0               	goto	u1015
  4146     03BE  0873               	movf	??_controlsChanged+2,w
  4147     03BF  0276               	subwf	controlsChanged@delta,w
  4148     03C0                     u1015:
  4149     03C0  1803               	skipnc
  4150     03C1  2BC3               	goto	u1011
  4151     03C2  2BC4               	goto	u1010
  4152     03C3                     u1011:
  4153     03C3  2BD0               	goto	l2227
  4154     03C4                     u1010:
  4155     03C4                     l386:
  4156                           
  4157                           ;SourceFiles/TransmitService.c: 225:             returnVal = 1;
  4158     03C4  3001               	movlw	1
  4159     03C5  00F5               	movwf	controlsChanged@returnVal
  4160     03C6                     l2225:
  4161                           
  4162                           ;SourceFiles/TransmitService.c: 226:             prevBytes[i] = bytes[i];
  4163     03C6  0877               	movf	controlsChanged@i,w
  4164     03C7  3E43               	addlw	(low (controlsChanged@prevBytes| 0))& (0+255)
  4165     03C8  0086               	movwf	6
  4166     03C9  0187               	clrf	7
  4167     03CA  0870               	movf	controlsChanged@bytes,w
  4168     03CB  0777               	addwf	controlsChanged@i,w
  4169     03CC  0084               	movwf	4
  4170     03CD  0185               	clrf	5
  4171     03CE  0800               	movf	0,w
  4172     03CF  0081               	movwf	1
  4173     03D0                     l2227:
  4174                           
  4175                           ;SourceFiles/TransmitService.c: 228:     }
  4176     03D0  3001               	movlw	1
  4177     03D1  07F7               	addwf	controlsChanged@i,f
  4178     03D2                     l2229:
  4179     03D2  3006               	movlw	6
  4180     03D3  0277               	subwf	controlsChanged@i,w
  4181     03D4  1C03               	skipc
  4182     03D5  2BD7               	goto	u1021
  4183     03D6  2BD8               	goto	u1020
  4184     03D7                     u1021:
  4185     03D7  2B8A               	goto	l2221
  4186     03D8                     u1020:
  4187     03D8                     l2231:
  4188                           
  4189                           ;SourceFiles/TransmitService.c: 229:     return returnVal;
  4190     03D8  0875               	movf	controlsChanged@returnVal,w
  4191     03D9                     l387:
  4192     03D9  0008               	return
  4193     03DA                     __end_of_controlsChanged:
  4194                           
  4195                           	psect	text7
  4196     03DA                     __ptext7:	
  4197 ;; *************** function _configureTX *****************
  4198 ;; Defined at:
  4199 ;;		line 175 in file "SourceFiles/TransmitService.c"
  4200 ;; Parameters:    Size  Location     Type
  4201 ;;  address         1    6[BANK0 ] PTR unsigned char 
  4202 ;;		 -> address(5), 
  4203 ;; Auto vars:     Size  Location     Type
  4204 ;;  databytes       6   13[BANK0 ] unsigned char [6]
  4205 ;;  result          6    7[BANK0 ] unsigned char [6]
  4206 ;; Return value:  Size  Location     Type
  4207 ;;                  1    wreg      void 
  4208 ;; Registers used:
  4209 ;;		wreg, fsr0l, fsr0h, fsr1l, fsr1h, status,2, status,0, pclath, cstack
  4210 ;; Tracked objects:
  4211 ;;		On entry : 0/0
  4212 ;;		On exit  : 0/0
  4213 ;;		Unchanged: 0/0
  4214 ;; Data sizes:     COMMON   BANK0   BANK1   BANK2   BANK3   BANK4   BANK5   BANK6   BANK7   BANK8   BANK9  BANK10  BANK1
      +1  BANK12  BANK13  BANK14  BANK15  BANK16  BANK17  BANK18  BANK19  BANK20  BANK21  BANK22  BANK23  BANK24  BANK25
  4215 ;;      Params:         0       1       0       0       0       0       0       0       0       0       0       0       
      +0       0       0       0       0       0       0       0       0       0       0       0       0       0       0
  4216 ;;      Locals:         0      12       0       0       0       0       0       0       0       0       0       0       
      +0       0       0       0       0       0       0       0       0       0       0       0       0       0       0
  4217 ;;      Temps:          0       0       0       0       0       0       0       0       0       0       0       0       
      +0       0       0       0       0       0       0       0       0       0       0       0       0       0       0
  4218 ;;      Totals:         0      13       0       0       0       0       0       0       0       0       0       0       
      +0       0       0       0       0       0       0       0       0       0       0       0       0       0       0
  4219 ;;Total ram usage:       13 bytes
  4220 ;; Hardware stack levels used: 1
  4221 ;; Hardware stack levels required when called: 3
  4222 ;; This function calls:
  4223 ;;		_ChangeRadioMode
  4224 ;;		_SendSPI
  4225 ;; This function is called by:
  4226 ;;		_main
  4227 ;; This function uses a non-reentrant model
  4228 ;;
  4229                           
  4230     03DA                     _configureTX:	
  4231                           ;psect for function _configureTX
  4232                           
  4233     03DA                     l2169:	
  4234                           ;incstack = 0
  4235                           ; Regs used in _configureTX: [wreg-fsr1h+status,2+status,0+pclath+cstack]
  4236                           
  4237                           
  4238                           ;SourceFiles/TransmitService.c: 177:     uint8_t databytes[6];;SourceFiles/TransmitServi
      +                          ce.c: 178:     uint8_t result[6];;SourceFiles/TransmitService.c: 179:     databytes[0] =
      +                           0x20 | 0x0A;
  4239     03DA  302A               	movlw	42
  4240     03DB  0020               	movlb	0	; select bank0
  4241     03DC  00AD               	movwf	configureTX@databytes
  4242     03DD                     l2171:
  4243                           
  4244                           ;SourceFiles/TransmitService.c: 180:     databytes[1] = address[0];
  4245     03DD  0826               	movf	configureTX@address,w
  4246     03DE  0086               	movwf	6
  4247     03DF  0187               	clrf	7
  4248     03E0  0801               	movf	1,w
  4249     03E1  00AE               	movwf	configureTX@databytes+1
  4250                           
  4251                           ;SourceFiles/TransmitService.c: 181:     databytes[2] = address[1];
  4252     03E2  0A26               	incf	configureTX@address,w
  4253     03E3  0086               	movwf	6
  4254     03E4  0187               	clrf	7
  4255     03E5  0801               	movf	1,w
  4256     03E6  00AF               	movwf	configureTX@databytes+2
  4257     03E7                     l2173:
  4258                           
  4259                           ;SourceFiles/TransmitService.c: 182:     databytes[3] = address[2];
  4260     03E7  0826               	movf	configureTX@address,w
  4261     03E8  3E02               	addlw	2
  4262     03E9  0086               	movwf	6
  4263     03EA  0187               	clrf	7
  4264     03EB  0801               	movf	1,w
  4265     03EC  00B0               	movwf	configureTX@databytes+3
  4266     03ED                     l2175:
  4267                           
  4268                           ;SourceFiles/TransmitService.c: 183:     databytes[4] = address[3];
  4269     03ED  0826               	movf	configureTX@address,w
  4270     03EE  3E03               	addlw	3
  4271     03EF  0086               	movwf	6
  4272     03F0  0187               	clrf	7
  4273     03F1  0801               	movf	1,w
  4274     03F2  00B1               	movwf	configureTX@databytes+4
  4275     03F3                     l2177:
  4276                           
  4277                           ;SourceFiles/TransmitService.c: 184:     databytes[5] = address[4];
  4278     03F3  0826               	movf	configureTX@address,w
  4279     03F4  3E04               	addlw	4
  4280     03F5  0086               	movwf	6
  4281     03F6  0187               	clrf	7
  4282     03F7  0801               	movf	1,w
  4283     03F8  00B2               	movwf	configureTX@databytes+5
  4284     03F9                     l2179:
  4285                           
  4286                           ;SourceFiles/TransmitService.c: 185:     SendSPI(databytes, result, 5 + 1);
  4287     03F9  302D               	movlw	(low (configureTX@databytes| 0))& (0+255)
  4288     03FA  00F2               	movwf	SendSPI@bytes
  4289     03FB  3027               	movlw	(low (configureTX@result| 0))& (0+255)
  4290     03FC  00F3               	movwf	SendSPI@result
  4291     03FD  3006               	movlw	6
  4292     03FE  00F4               	movwf	SendSPI@n
  4293     03FF  3183  2335  3183   	fcall	_SendSPI
  4294     0402                     l2181:
  4295                           
  4296                           ;SourceFiles/TransmitService.c: 186:     databytes[0] = 0x20 | 0x10;
  4297     0402  3030               	movlw	48
  4298     0403  0020               	movlb	0	; select bank0
  4299     0404  00AD               	movwf	configureTX@databytes
  4300     0405                     l2183:
  4301                           
  4302                           ;SourceFiles/TransmitService.c: 187:     SendSPI(databytes, result, 5 + 1);
  4303     0405  302D               	movlw	(low (configureTX@databytes| 0))& (0+255)
  4304     0406  00F2               	movwf	SendSPI@bytes
  4305     0407  3027               	movlw	(low (configureTX@result| 0))& (0+255)
  4306     0408  00F3               	movwf	SendSPI@result
  4307     0409  3006               	movlw	6
  4308     040A  00F4               	movwf	SendSPI@n
  4309     040B  3183  2335  3183   	fcall	_SendSPI
  4310     040E                     l2185:
  4311                           
  4312                           ;SourceFiles/TransmitService.c: 190:     ChangeRadioMode(Standby1, 1, TRANSMITTER);
  4313     040E  01F6               	clrf	ChangeRadioMode@CRCbytes
  4314     040F  0AF6               	incf	ChangeRadioMode@CRCbytes,f
  4315     0410  01F7               	clrf	ChangeRadioMode@radioType
  4316     0411  0AF7               	incf	ChangeRadioMode@radioType,f
  4317     0412  3003               	movlw	3
  4318     0413  3184  248B  3183   	fcall	_ChangeRadioMode
  4319     0416                     l2187:
  4320                           
  4321                           ;SourceFiles/TransmitService.c: 194:     TRISCbits.TRISC4 = 1;
  4322     0416  0021               	movlb	1	; select bank1
  4323     0417  160E               	bsf	14,4	;volatile
  4324     0418                     l2189:
  4325                           
  4326                           ;SourceFiles/TransmitService.c: 196:     ANSELCbits.ANSC4 = 1;
  4327     0418  0023               	movlb	3	; select bank3
  4328     0419  160E               	bsf	14,4	;volatile
  4329     041A                     l2191:
  4330                           
  4331                           ;SourceFiles/TransmitService.c: 200:     TRISCbits.TRISC3 = 1;
  4332     041A  0021               	movlb	1	; select bank1
  4333     041B  158E               	bsf	14,3	;volatile
  4334     041C                     l2193:
  4335                           
  4336                           ;SourceFiles/TransmitService.c: 202:     ANSELCbits.ANSC3 = 1;
  4337     041C  0023               	movlb	3	; select bank3
  4338     041D  158E               	bsf	14,3	;volatile
  4339     041E                     l2195:
  4340                           
  4341                           ;SourceFiles/TransmitService.c: 206:     TRISAbits.TRISA1 = 1;
  4342     041E  0021               	movlb	1	; select bank1
  4343     041F  148C               	bsf	12,1	;volatile
  4344     0420                     l2197:
  4345                           
  4346                           ;SourceFiles/TransmitService.c: 208:     ANSELAbits.ANSA1 = 1;
  4347     0420  0023               	movlb	3	; select bank3
  4348     0421  148C               	bsf	12,1	;volatile
  4349     0422                     l2199:
  4350                           
  4351                           ;SourceFiles/TransmitService.c: 210:     ADCON0bits.ADON = 0;
  4352     0422  0021               	movlb	1	; select bank1
  4353     0423  101D               	bcf	29,0	;volatile
  4354     0424                     l2201:
  4355                           
  4356                           ;SourceFiles/TransmitService.c: 211:     ADCON1bits.ADCS = 0b110;
  4357     0424  081E               	movf	30,w	;volatile
  4358     0425  398F               	andlw	-113
  4359     0426  3860               	iorlw	96
  4360     0427  009E               	movwf	30	;volatile
  4361     0428                     l2203:
  4362                           
  4363                           ;SourceFiles/TransmitService.c: 212:     ADCON1bits.ADNREF = 0;
  4364     0428  111E               	bcf	30,2	;volatile
  4365     0429                     l2205:
  4366                           
  4367                           ;SourceFiles/TransmitService.c: 213:     ADCON1bits.ADPREF = 0;
  4368     0429  30FC               	movlw	-4
  4369     042A  059E               	andwf	30,f	;volatile
  4370     042B                     l2207:
  4371                           
  4372                           ;SourceFiles/TransmitService.c: 214:     ADCON0bits.CHS = 0x14;
  4373     042B  081D               	movf	29,w	;volatile
  4374     042C  3903               	andlw	-253
  4375     042D  3850               	iorlw	80
  4376     042E  009D               	movwf	29	;volatile
  4377     042F                     l2209:
  4378                           
  4379                           ;SourceFiles/TransmitService.c: 215:     ADCON1bits.ADFM = 1;
  4380     042F  179E               	bsf	30,7	;volatile
  4381     0430                     l2211:
  4382                           
  4383                           ;SourceFiles/TransmitService.c: 216:     ADCON0bits.ADON = 1;
  4384     0430  141D               	bsf	29,0	;volatile
  4385     0431                     l377:
  4386     0431  0008               	return
  4387     0432                     __end_of_configureTX:
  4388                           
  4389                           	psect	text8
  4390     0432                     __ptext8:	
  4391 ;; *************** function _configureRX *****************
  4392 ;; Defined at:
  4393 ;;		line 102 in file "SourceFiles/TransmitService.c"
  4394 ;; Parameters:    Size  Location     Type
  4395 ;;  address         1   15[BANK0 ] PTR unsigned char 
  4396 ;;		 -> address(5), 
  4397 ;; Auto vars:     Size  Location     Type
  4398 ;;  bytes           2   12[COMMON] unsigned char [2]
  4399 ;;  result          2   10[COMMON] unsigned char [2]
  4400 ;; Return value:  Size  Location     Type
  4401 ;;                  1    wreg      void 
  4402 ;; Registers used:
  4403 ;;		wreg, fsr0l, fsr0h, fsr1l, fsr1h, status,2, status,0, pclath, cstack
  4404 ;; Tracked objects:
  4405 ;;		On entry : 0/0
  4406 ;;		On exit  : 0/0
  4407 ;;		Unchanged: 0/0
  4408 ;; Data sizes:     COMMON   BANK0   BANK1   BANK2   BANK3   BANK4   BANK5   BANK6   BANK7   BANK8   BANK9  BANK10  BANK1
      +1  BANK12  BANK13  BANK14  BANK15  BANK16  BANK17  BANK18  BANK19  BANK20  BANK21  BANK22  BANK23  BANK24  BANK25
  4409 ;;      Params:         0       1       0       0       0       0       0       0       0       0       0       0       
      +0       0       0       0       0       0       0       0       0       0       0       0       0       0       0
  4410 ;;      Locals:         4       0       0       0       0       0       0       0       0       0       0       0       
      +0       0       0       0       0       0       0       0       0       0       0       0       0       0       0
  4411 ;;      Temps:          0       0       0       0       0       0       0       0       0       0       0       0       
      +0       0       0       0       0       0       0       0       0       0       0       0       0       0       0
  4412 ;;      Totals:         4       1       0       0       0       0       0       0       0       0       0       0       
      +0       0       0       0       0       0       0       0       0       0       0       0       0       0       0
  4413 ;;Total ram usage:        5 bytes
  4414 ;; Hardware stack levels used: 1
  4415 ;; Hardware stack levels required when called: 4
  4416 ;; This function calls:
  4417 ;;		_SendSPI
  4418 ;;		_StartListening
  4419 ;; This function is called by:
  4420 ;;		_main
  4421 ;; This function uses a non-reentrant model
  4422 ;;
  4423                           
  4424     0432                     _configureRX:	
  4425                           ;psect for function _configureRX
  4426                           
  4427     0432                     l2101:	
  4428                           ;incstack = 0
  4429                           ; Regs used in _configureRX: [wreg-fsr1h+status,2+status,0+pclath+cstack]
  4430                           
  4431                           
  4432                           ;SourceFiles/TransmitService.c: 104:     uint8_t bytes[2];;SourceFiles/TransmitService.c
      +                          : 105:     uint8_t result[2];;SourceFiles/TransmitService.c: 106:     bytes[0] = 0x20 | 
      +                          0x02;
  4433     0432  3022               	movlw	34
  4434     0433  00FC               	movwf	configureRX@bytes
  4435                           
  4436                           ;SourceFiles/TransmitService.c: 107:     bytes[1] = 0x01;
  4437     0434  3001               	movlw	1
  4438     0435  00FD               	movwf	configureRX@bytes+1
  4439     0436                     l2103:
  4440                           
  4441                           ;SourceFiles/TransmitService.c: 108:     SendSPI(bytes, result, 2);
  4442     0436  307C               	movlw	(low (configureRX@bytes| 0))& (0+255)
  4443     0437  00F2               	movwf	SendSPI@bytes
  4444     0438  307A               	movlw	(low (configureRX@result| 0))& (0+255)
  4445     0439  00F3               	movwf	SendSPI@result
  4446     043A  3002               	movlw	2
  4447     043B  00F4               	movwf	SendSPI@n
  4448     043C  3183  2335  3184   	fcall	_SendSPI
  4449     043F                     l2105:
  4450                           
  4451                           ;SourceFiles/TransmitService.c: 111:     StartListening(address);
  4452     043F  0020               	movlb	0	; select bank0
  4453     0440  082F               	movf	configureRX@address,w
  4454     0441  00A6               	movwf	StartListening@address
  4455     0442  3181  21ED  3184   	fcall	_StartListening
  4456     0445                     l2107:
  4457                           
  4458                           ;SourceFiles/TransmitService.c: 114:     bytes[0] = 0x20 | 0x07;
  4459     0445  3027               	movlw	39
  4460     0446  00FC               	movwf	configureRX@bytes
  4461     0447                     l2109:
  4462                           
  4463                           ;SourceFiles/TransmitService.c: 115:     bytes[1] = 0x70;
  4464     0447  3070               	movlw	112
  4465     0448  00FD               	movwf	configureRX@bytes+1
  4466     0449                     l2111:
  4467                           
  4468                           ;SourceFiles/TransmitService.c: 116:     SendSPI(bytes, result, 2);
  4469     0449  307C               	movlw	(low (configureRX@bytes| 0))& (0+255)
  4470     044A  00F2               	movwf	SendSPI@bytes
  4471     044B  307A               	movlw	(low (configureRX@result| 0))& (0+255)
  4472     044C  00F3               	movwf	SendSPI@result
  4473     044D  3002               	movlw	2
  4474     044E  00F4               	movwf	SendSPI@n
  4475     044F  3183  2335  3184   	fcall	_SendSPI
  4476     0452                     l2113:
  4477                           
  4478                           ;SourceFiles/TransmitService.c: 119:     T2CONbits.TMR2ON = 0;
  4479     0452  0020               	movlb	0	; select bank0
  4480     0453  111F               	bcf	31,2	;volatile
  4481     0454                     l2115:
  4482                           
  4483                           ;SourceFiles/TransmitService.c: 120:     T2CONbits.T2CKPS = 0b01;
  4484     0454  081F               	movf	31,w	;volatile
  4485     0455  39FC               	andlw	-4
  4486     0456  3801               	iorlw	1
  4487     0457  009F               	movwf	31	;volatile
  4488     0458                     l2117:
  4489                           
  4490                           ;SourceFiles/TransmitService.c: 121:     TMR2 = 0;
  4491     0458  019D               	clrf	29	;volatile
  4492     0459                     l2119:
  4493                           
  4494                           ;SourceFiles/TransmitService.c: 122:     PR2 = 125;
  4495     0459  307D               	movlw	125
  4496     045A  009E               	movwf	30	;volatile
  4497     045B                     l2121:
  4498                           
  4499                           ;SourceFiles/TransmitService.c: 123:     T2CONbits.TMR2ON = 1;
  4500     045B  151F               	bsf	31,2	;volatile
  4501     045C                     l2123:
  4502                           
  4503                           ;SourceFiles/TransmitService.c: 126:     T4CONbits.TMR4ON = 0;
  4504     045C  0028               	movlb	8	; select bank8
  4505     045D  1117               	bcf	23,2	;volatile
  4506     045E                     l2125:
  4507                           
  4508                           ;SourceFiles/TransmitService.c: 127:     T4CONbits.T4CKPS = 0b11;
  4509     045E  3003               	movlw	3
  4510     045F  0497               	iorwf	23,f	;volatile
  4511     0460                     l2127:
  4512                           
  4513                           ;SourceFiles/TransmitService.c: 128:     TMR4 = 0;
  4514     0460  0195               	clrf	21	;volatile
  4515     0461                     l2129:
  4516                           
  4517                           ;SourceFiles/TransmitService.c: 129:     PR4 = 77;
  4518     0461  304D               	movlw	77
  4519     0462  0096               	movwf	22	;volatile
  4520     0463                     l2131:
  4521                           
  4522                           ;SourceFiles/TransmitService.c: 130:     T4CONbits.TMR4ON = 1;
  4523     0463  1517               	bsf	23,2	;volatile
  4524     0464                     l2133:
  4525                           
  4526                           ;SourceFiles/TransmitService.c: 134:     TRISCbits.TRISC4 = 0;
  4527     0464  0021               	movlb	1	; select bank1
  4528     0465  120E               	bcf	14,4	;volatile
  4529     0466                     l2135:
  4530                           
  4531                           ;SourceFiles/TransmitService.c: 136:     LATCbits.LATC4 = 0;
  4532     0466  0022               	movlb	2	; select bank2
  4533     0467  120E               	bcf	14,4	;volatile
  4534     0468                     l2137:
  4535                           
  4536                           ;SourceFiles/TransmitService.c: 140:     TRISCbits.TRISC2 = 0;
  4537     0468  0021               	movlb	1	; select bank1
  4538     0469  110E               	bcf	14,2	;volatile
  4539     046A                     l2139:
  4540                           
  4541                           ;SourceFiles/TransmitService.c: 142:     PWM5CONbits.PWM5EN = 0;
  4542     046A  002C               	movlb	12	; select bank12
  4543     046B  1399               	bcf	25,7	;volatile
  4544     046C                     l2141:
  4545                           
  4546                           ;SourceFiles/TransmitService.c: 144:     PWM5CONbits.PWM5POL = 0;
  4547     046C  1219               	bcf	25,4	;volatile
  4548     046D                     l2143:
  4549                           
  4550                           ;SourceFiles/TransmitService.c: 146:     RC2PPS = 0b00010;
  4551     046D  3002               	movlw	2
  4552     046E  003D               	movlb	29	; select bank29
  4553     046F  00A2               	movwf	34	;volatile
  4554     0470                     l2145:
  4555                           
  4556                           ;SourceFiles/TransmitService.c: 148:     PWM5DCL = 0x00;
  4557     0470  002C               	movlb	12	; select bank12
  4558     0471  0197               	clrf	23	;volatile
  4559     0472                     l2147:
  4560                           
  4561                           ;SourceFiles/TransmitService.c: 150:     PWM5DCH = 0x00;
  4562     0472  0198               	clrf	24	;volatile
  4563     0473                     l2149:
  4564                           
  4565                           ;SourceFiles/TransmitService.c: 152:     PWMTMRSbits.P5TSEL = 0x01;
  4566     0473  081F               	movf	31,w	;volatile
  4567     0474  39FC               	andlw	-4
  4568     0475  3801               	iorlw	1
  4569     0476  009F               	movwf	31	;volatile
  4570     0477                     l2151:
  4571                           
  4572                           ;SourceFiles/TransmitService.c: 154:     PWM5CONbits.PWM5EN = 1;
  4573     0477  1799               	bsf	25,7	;volatile
  4574     0478                     l2153:
  4575                           
  4576                           ;SourceFiles/TransmitService.c: 158:     TRISCbits.TRISC3 = 0;
  4577     0478  0021               	movlb	1	; select bank1
  4578     0479  118E               	bcf	14,3	;volatile
  4579     047A                     l2155:
  4580                           
  4581                           ;SourceFiles/TransmitService.c: 160:     PWM6CONbits.PWM6EN = 0;
  4582     047A  002C               	movlb	12	; select bank12
  4583     047B  139C               	bcf	28,7	;volatile
  4584     047C                     l2157:
  4585                           
  4586                           ;SourceFiles/TransmitService.c: 162:     PWM6CONbits.PWM6POL = 0;
  4587     047C  121C               	bcf	28,4	;volatile
  4588     047D                     l2159:
  4589                           
  4590                           ;SourceFiles/TransmitService.c: 164:     RC3PPS = 0b00011;
  4591     047D  3003               	movlw	3
  4592     047E  003D               	movlb	29	; select bank29
  4593     047F  00A3               	movwf	35	;volatile
  4594     0480                     l2161:
  4595                           
  4596                           ;SourceFiles/TransmitService.c: 166:     PWM6DCL = 0xC0;
  4597     0480  30C0               	movlw	192
  4598     0481  002C               	movlb	12	; select bank12
  4599     0482  009A               	movwf	26	;volatile
  4600     0483                     l2163:
  4601                           
  4602                           ;SourceFiles/TransmitService.c: 168:     PWM6DCH = 0x07;
  4603     0483  3007               	movlw	7
  4604     0484  009B               	movwf	27	;volatile
  4605     0485                     l2165:
  4606                           
  4607                           ;SourceFiles/TransmitService.c: 170:     PWMTMRSbits.P6TSEL = 0x02;
  4608     0485  081F               	movf	31,w	;volatile
  4609     0486  39F3               	andlw	-13
  4610     0487  3808               	iorlw	8
  4611     0488  009F               	movwf	31	;volatile
  4612     0489                     l2167:
  4613                           
  4614                           ;SourceFiles/TransmitService.c: 172:     PWM6CONbits.PWM6EN = 1;
  4615     0489  179C               	bsf	28,7	;volatile
  4616     048A                     l374:
  4617     048A  0008               	return
  4618     048B                     __end_of_configureRX:
  4619                           
  4620                           	psect	text9
  4621     01ED                     __ptext9:	
  4622 ;; *************** function _StartListening *****************
  4623 ;; Defined at:
  4624 ;;		line 250 in file "SourceFiles/nRF24L01.c"
  4625 ;; Parameters:    Size  Location     Type
  4626 ;;  address         1    6[BANK0 ] PTR unsigned char 
  4627 ;;		 -> address(5), 
  4628 ;; Auto vars:     Size  Location     Type
  4629 ;;  bytes           6    9[BANK0 ] unsigned char [6]
  4630 ;;  result          2    7[BANK0 ] unsigned char [2]
  4631 ;; Return value:  Size  Location     Type
  4632 ;;                  1    wreg      void 
  4633 ;; Registers used:
  4634 ;;		wreg, fsr0l, fsr0h, fsr1l, fsr1h, status,2, status,0, pclath, cstack
  4635 ;; Tracked objects:
  4636 ;;		On entry : 0/0
  4637 ;;		On exit  : 0/0
  4638 ;;		Unchanged: 0/0
  4639 ;; Data sizes:     COMMON   BANK0   BANK1   BANK2   BANK3   BANK4   BANK5   BANK6   BANK7   BANK8   BANK9  BANK10  BANK1
      +1  BANK12  BANK13  BANK14  BANK15  BANK16  BANK17  BANK18  BANK19  BANK20  BANK21  BANK22  BANK23  BANK24  BANK25
  4640 ;;      Params:         0       1       0       0       0       0       0       0       0       0       0       0       
      +0       0       0       0       0       0       0       0       0       0       0       0       0       0       0
  4641 ;;      Locals:         0       8       0       0       0       0       0       0       0       0       0       0       
      +0       0       0       0       0       0       0       0       0       0       0       0       0       0       0
  4642 ;;      Temps:          0       0       0       0       0       0       0       0       0       0       0       0       
      +0       0       0       0       0       0       0       0       0       0       0       0       0       0       0
  4643 ;;      Totals:         0       9       0       0       0       0       0       0       0       0       0       0       
      +0       0       0       0       0       0       0       0       0       0       0       0       0       0       0
  4644 ;;Total ram usage:        9 bytes
  4645 ;; Hardware stack levels used: 1
  4646 ;; Hardware stack levels required when called: 3
  4647 ;; This function calls:
  4648 ;;		_ChangeRadioMode
  4649 ;;		_SendSPI
  4650 ;; This function is called by:
  4651 ;;		_configureRX
  4652 ;; This function uses a non-reentrant model
  4653 ;;
  4654                           
  4655     01ED                     _StartListening:	
  4656                           ;psect for function _StartListening
  4657                           
  4658     01ED                     l2009:	
  4659                           ;incstack = 0
  4660                           ; Regs used in _StartListening: [wreg-fsr1h+status,2+status,0+pclath+cstack]
  4661                           
  4662                           
  4663                           ;SourceFiles/nRF24L01.c: 251:     uint8_t result[2];;SourceFiles/nRF24L01.c: 253:  Chang
      +                          eRadioMode(RX, 1, RECEIVER);
  4664     01ED  01F6               	clrf	ChangeRadioMode@CRCbytes
  4665     01EE  0AF6               	incf	ChangeRadioMode@CRCbytes,f
  4666     01EF  01F7               	clrf	ChangeRadioMode@radioType
  4667     01F0  3000               	movlw	0
  4668     01F1  3184  248B  3181   	fcall	_ChangeRadioMode
  4669     01F4                     l2011:
  4670                           
  4671                           ;SourceFiles/nRF24L01.c: 256:     uint8_t bytes[6];;SourceFiles/nRF24L01.c: 257:     byt
      +                          es[0] = 0x20 | 0x07;
  4672     01F4  3027               	movlw	39
  4673     01F5  0020               	movlb	0	; select bank0
  4674     01F6  00A9               	movwf	StartListening@bytes
  4675     01F7                     l2013:
  4676                           
  4677                           ;SourceFiles/nRF24L01.c: 258:     bytes[1] = 0x70;
  4678     01F7  3070               	movlw	112
  4679     01F8  00AA               	movwf	StartListening@bytes+1
  4680     01F9                     l2015:
  4681                           
  4682                           ;SourceFiles/nRF24L01.c: 259:     SendSPI(bytes, result, 2);
  4683     01F9  3029               	movlw	(low (StartListening@bytes| 0))& (0+255)
  4684     01FA  00F2               	movwf	SendSPI@bytes
  4685     01FB  3027               	movlw	(low (StartListening@result| 0))& (0+255)
  4686     01FC  00F3               	movwf	SendSPI@result
  4687     01FD  3002               	movlw	2
  4688     01FE  00F4               	movwf	SendSPI@n
  4689     01FF  3183  2335  3181   	fcall	_SendSPI
  4690     0202                     l2017:
  4691                           
  4692                           ;SourceFiles/nRF24L01.c: 262:     bytes[0] = 0x20 | 0x0A;
  4693     0202  302A               	movlw	42
  4694     0203  0020               	movlb	0	; select bank0
  4695     0204  00A9               	movwf	StartListening@bytes
  4696     0205                     l2019:
  4697                           
  4698                           ;SourceFiles/nRF24L01.c: 263:     bytes[1] = address[0];
  4699     0205  0826               	movf	StartListening@address,w
  4700     0206  0086               	movwf	6
  4701     0207  0187               	clrf	7
  4702     0208  0801               	movf	1,w
  4703     0209  00AA               	movwf	StartListening@bytes+1
  4704     020A                     l2021:
  4705                           
  4706                           ;SourceFiles/nRF24L01.c: 264:     bytes[2] = address[1];
  4707     020A  0A26               	incf	StartListening@address,w
  4708     020B  0086               	movwf	6
  4709     020C  0187               	clrf	7
  4710     020D  0801               	movf	1,w
  4711     020E  00AB               	movwf	StartListening@bytes+2
  4712     020F                     l2023:
  4713                           
  4714                           ;SourceFiles/nRF24L01.c: 265:     bytes[3] = address[2];
  4715     020F  0826               	movf	StartListening@address,w
  4716     0210  3E02               	addlw	2
  4717     0211  0086               	movwf	6
  4718     0212  0187               	clrf	7
  4719     0213  0801               	movf	1,w
  4720     0214  00AC               	movwf	StartListening@bytes+3
  4721     0215                     l2025:
  4722                           
  4723                           ;SourceFiles/nRF24L01.c: 266:     bytes[4] = address[3];
  4724     0215  0826               	movf	StartListening@address,w
  4725     0216  3E03               	addlw	3
  4726     0217  0086               	movwf	6
  4727     0218  0187               	clrf	7
  4728     0219  0801               	movf	1,w
  4729     021A  00AD               	movwf	StartListening@bytes+4
  4730     021B                     l2027:
  4731                           
  4732                           ;SourceFiles/nRF24L01.c: 267:     bytes[5] = address[4];
  4733     021B  0826               	movf	StartListening@address,w
  4734     021C  3E04               	addlw	4
  4735     021D  0086               	movwf	6
  4736     021E  0187               	clrf	7
  4737     021F  0801               	movf	1,w
  4738     0220  00AE               	movwf	StartListening@bytes+5
  4739     0221                     l2029:
  4740                           
  4741                           ;SourceFiles/nRF24L01.c: 268:     SendSPI(bytes, result, 6);
  4742     0221  3029               	movlw	(low (StartListening@bytes| 0))& (0+255)
  4743     0222  00F2               	movwf	SendSPI@bytes
  4744     0223  3027               	movlw	(low (StartListening@result| 0))& (0+255)
  4745     0224  00F3               	movwf	SendSPI@result
  4746     0225  3006               	movlw	6
  4747     0226  00F4               	movwf	SendSPI@n
  4748     0227  3183  2335  3181   	fcall	_SendSPI
  4749     022A                     l276:
  4750     022A  0008               	return
  4751     022B                     __end_of_StartListening:
  4752                           
  4753                           	psect	text10
  4754     00A2                     __ptext10:	
  4755 ;; *************** function ___wmul *****************
  4756 ;; Defined at:
  4757 ;;		line 15 in file "C:\Program Files\Microchip\xc8\v2.50\pic\sources\c99\common\Umul16.c"
  4758 ;; Parameters:    Size  Location     Type
  4759 ;;  multiplier      2    0[COMMON] unsigned int 
  4760 ;;  multiplicand    2    2[COMMON] unsigned int 
  4761 ;; Auto vars:     Size  Location     Type
  4762 ;;  product         2    4[COMMON] unsigned int 
  4763 ;; Return value:  Size  Location     Type
  4764 ;;                  2    0[COMMON] unsigned int 
  4765 ;; Registers used:
  4766 ;;		wreg, status,2, status,0
  4767 ;; Tracked objects:
  4768 ;;		On entry : 0/0
  4769 ;;		On exit  : 0/0
  4770 ;;		Unchanged: 0/0
  4771 ;; Data sizes:     COMMON   BANK0   BANK1   BANK2   BANK3   BANK4   BANK5   BANK6   BANK7   BANK8   BANK9  BANK10  BANK1
      +1  BANK12  BANK13  BANK14  BANK15  BANK16  BANK17  BANK18  BANK19  BANK20  BANK21  BANK22  BANK23  BANK24  BANK25
  4772 ;;      Params:         4       0       0       0       0       0       0       0       0       0       0       0       
      +0       0       0       0       0       0       0       0       0       0       0       0       0       0       0
  4773 ;;      Locals:         2       0       0       0       0       0       0       0       0       0       0       0       
      +0       0       0       0       0       0       0       0       0       0       0       0       0       0       0
  4774 ;;      Temps:          0       0       0       0       0       0       0       0       0       0       0       0       
      +0       0       0       0       0       0       0       0       0       0       0       0       0       0       0
  4775 ;;      Totals:         6       0       0       0       0       0       0       0       0       0       0       0       
      +0       0       0       0       0       0       0       0       0       0       0       0       0       0       0
  4776 ;;Total ram usage:        6 bytes
  4777 ;; Hardware stack levels used: 1
  4778 ;; This function calls:
  4779 ;;		Nothing
  4780 ;; This function is called by:
  4781 ;;		_main
  4782 ;; This function uses a non-reentrant model
  4783 ;;
  4784                           
  4785     00A2                     ___wmul:	
  4786                           ;psect for function ___wmul
  4787                           
  4788     00A2                     l2319:	
  4789                           ;incstack = 0
  4790                           ; Regs used in ___wmul: [wreg+status,2+status,0]
  4791                           
  4792     00A2  01F4               	clrf	___wmul@product
  4793     00A3  01F5               	clrf	___wmul@product+1
  4794     00A4                     l2321:
  4795     00A4  1C70               	btfss	___wmul@multiplier,0
  4796     00A5  28A7               	goto	u1091
  4797     00A6  28A8               	goto	u1090
  4798     00A7                     u1091:
  4799     00A7  28AC               	goto	l539
  4800     00A8                     u1090:
  4801     00A8                     l2323:
  4802     00A8  0872               	movf	___wmul@multiplicand,w
  4803     00A9  07F4               	addwf	___wmul@product,f
  4804     00AA  0873               	movf	___wmul@multiplicand+1,w
  4805     00AB  3DF5               	addwfc	___wmul@product+1,f
  4806     00AC                     l539:
  4807     00AC  3001               	movlw	1
  4808     00AD                     u1105:
  4809     00AD  35F2               	lslf	___wmul@multiplicand,f
  4810     00AE  0DF3               	rlf	___wmul@multiplicand+1,f
  4811     00AF  0B89               	decfsz	9,f
  4812     00B0  28AD               	goto	u1105
  4813     00B1                     l2325:
  4814     00B1  3001               	movlw	1
  4815     00B2                     u1115:
  4816     00B2  36F1               	lsrf	___wmul@multiplier+1,f
  4817     00B3  0CF0               	rrf	___wmul@multiplier,f
  4818     00B4  0B89               	decfsz	9,f
  4819     00B5  28B2               	goto	u1115
  4820     00B6                     l2327:
  4821     00B6  0870               	movf	___wmul@multiplier,w
  4822     00B7  0471               	iorwf	___wmul@multiplier+1,w
  4823     00B8  1D03               	btfss	3,2
  4824     00B9  28BB               	goto	u1121
  4825     00BA  28BC               	goto	u1120
  4826     00BB                     u1121:
  4827     00BB  28A4               	goto	l2321
  4828     00BC                     u1120:
  4829     00BC                     l2329:
  4830     00BC  0875               	movf	___wmul@product+1,w
  4831     00BD  00F1               	movwf	?___wmul+1
  4832     00BE  0874               	movf	___wmul@product,w
  4833     00BF  00F0               	movwf	?___wmul
  4834     00C0                     l541:
  4835     00C0  0008               	return
  4836     00C1                     __end_of___wmul:
  4837                           
  4838                           	psect	text11
  4839     04F3                     __ptext11:	
  4840 ;; *************** function _StartRadio *****************
  4841 ;; Defined at:
  4842 ;;		line 4 in file "SourceFiles/nRF24L01.c"
  4843 ;; Parameters:    Size  Location     Type
  4844 ;;  channel         1    wreg     unsigned char 
  4845 ;;  payloadSize     1    8[BANK0 ] unsigned char 
  4846 ;;  radioType       1    9[BANK0 ] enum E6378
  4847 ;; Auto vars:     Size  Location     Type
  4848 ;;  channel         1   10[BANK0 ] unsigned char 
  4849 ;;  databytes       2   14[BANK0 ] unsigned char [2]
  4850 ;;  result          2   12[BANK0 ] unsigned char [2]
  4851 ;;  ReturnVal       1   11[BANK0 ] _Bool 
  4852 ;; Return value:  Size  Location     Type
  4853 ;;                  1    wreg      _Bool 
  4854 ;; Registers used:
  4855 ;;		wreg, fsr0l, fsr0h, fsr1l, fsr1h, status,2, status,0, pclath, cstack
  4856 ;; Tracked objects:
  4857 ;;		On entry : 0/0
  4858 ;;		On exit  : 0/0
  4859 ;;		Unchanged: 0/0
  4860 ;; Data sizes:     COMMON   BANK0   BANK1   BANK2   BANK3   BANK4   BANK5   BANK6   BANK7   BANK8   BANK9  BANK10  BANK1
      +1  BANK12  BANK13  BANK14  BANK15  BANK16  BANK17  BANK18  BANK19  BANK20  BANK21  BANK22  BANK23  BANK24  BANK25
  4861 ;;      Params:         0       2       0       0       0       0       0       0       0       0       0       0       
      +0       0       0       0       0       0       0       0       0       0       0       0       0       0       0
  4862 ;;      Locals:         0       6       0       0       0       0       0       0       0       0       0       0       
      +0       0       0       0       0       0       0       0       0       0       0       0       0       0       0
  4863 ;;      Temps:          0       0       0       0       0       0       0       0       0       0       0       0       
      +0       0       0       0       0       0       0       0       0       0       0       0       0       0       0
  4864 ;;      Totals:         0       8       0       0       0       0       0       0       0       0       0       0       
      +0       0       0       0       0       0       0       0       0       0       0       0       0       0       0
  4865 ;;Total ram usage:        8 bytes
  4866 ;; Hardware stack levels used: 1
  4867 ;; Hardware stack levels required when called: 4
  4868 ;; This function calls:
  4869 ;;		_ChangeRadioMode
  4870 ;;		_FeatureTest
  4871 ;;		_FlushRX
  4872 ;;		_FlushTX
  4873 ;;		_RFSetup
  4874 ;;		_ReadRegister
  4875 ;;		_SendSPI
  4876 ;;		_SetupPayloadSize
  4877 ;;		_SetupRetries
  4878 ;; This function is called by:
  4879 ;;		_main
  4880 ;; This function uses a non-reentrant model
  4881 ;;
  4882                           
  4883     04F3                     _StartRadio:	
  4884                           ;psect for function _StartRadio
  4885                           
  4886                           
  4887                           ;incstack = 0
  4888                           ; Regs used in _StartRadio: [wreg-fsr1h+status,2+status,0+pclath+cstack]
  4889                           ;StartRadio@channel stored from wreg
  4890     04F3  0020               	movlb	0	; select bank0
  4891     04F4  00AA               	movwf	StartRadio@channel
  4892     04F5                     l2049:
  4893                           
  4894                           ;SourceFiles/nRF24L01.c: 5:  _Bool ReturnVal = 0;
  4895     04F5  01AB               	clrf	StartRadio@ReturnVal
  4896     04F6                     l2051:
  4897                           
  4898                           ;SourceFiles/nRF24L01.c: 6:  uint8_t databytes[2];;SourceFiles/nRF24L01.c: 7:     uint8_
      +                          t result[2];;SourceFiles/nRF24L01.c: 10:  SetupRetries(1500, 15, result);
  4899     04F6  30DC               	movlw	220
  4900     04F7  00A0               	movwf	SetupRetries@autoReTXDelay
  4901     04F8  3005               	movlw	5
  4902     04F9  00A1               	movwf	SetupRetries@autoReTXDelay+1
  4903     04FA  300F               	movlw	15
  4904     04FB  00A2               	movwf	SetupRetries@autoReTXCount
  4905     04FC  302C               	movlw	(low (StartRadio@result| 0))& (0+255)
  4906     04FD  00A3               	movwf	SetupRetries@result
  4907     04FE  3181  217E  3184   	fcall	_SetupRetries
  4908     0501                     l2053:
  4909                           
  4910                           ;SourceFiles/nRF24L01.c: 13:  RFSetup(RF_DR_1Mbps, RF_PWR_18dBm, result);
  4911     0501  01FA               	clrf	RFSetup@power
  4912     0502  302C               	movlw	(low (StartRadio@result| 0))& (0+255)
  4913     0503  00FB               	movwf	RFSetup@result
  4914     0504  3000               	movlw	0
  4915     0505  3182  222B  3184   	fcall	_RFSetup
  4916     0508                     l2055:
  4917                           
  4918                           ;SourceFiles/nRF24L01.c: 16:  FeatureTest(result);
  4919     0508  302C               	movlw	(low (StartRadio@result| 0))& (0+255)
  4920     0509  00FA               	movwf	FeatureTest@result
  4921     050A  3182  226A  3184   	fcall	_FeatureTest
  4922     050D                     l2057:
  4923                           
  4924                           ;SourceFiles/nRF24L01.c: 19:  databytes[0] = 0x20 | 0x1C;
  4925     050D  303C               	movlw	60
  4926     050E  0020               	movlb	0	; select bank0
  4927     050F  00AE               	movwf	StartRadio@databytes
  4928     0510                     l2059:
  4929                           
  4930                           ;SourceFiles/nRF24L01.c: 20:     databytes[1] = 0x00;
  4931     0510  01AF               	clrf	StartRadio@databytes+1
  4932                           
  4933                           ;SourceFiles/nRF24L01.c: 21:     SendSPI(databytes, result, 2);
  4934     0511  302E               	movlw	(low (StartRadio@databytes| 0))& (0+255)
  4935     0512  00F2               	movwf	SendSPI@bytes
  4936     0513  302C               	movlw	(low (StartRadio@result| 0))& (0+255)
  4937     0514  00F3               	movwf	SendSPI@result
  4938     0515  3002               	movlw	2
  4939     0516  00F4               	movwf	SendSPI@n
  4940     0517  3183  2335  3184   	fcall	_SendSPI
  4941     051A                     l2061:
  4942                           
  4943                           ;SourceFiles/nRF24L01.c: 24:     databytes[0] = 0x20 | 0x01;
  4944     051A  3021               	movlw	33
  4945     051B  0020               	movlb	0	; select bank0
  4946     051C  00AE               	movwf	StartRadio@databytes
  4947     051D                     l2063:
  4948                           
  4949                           ;SourceFiles/nRF24L01.c: 25:  databytes[1] = 0x3F;
  4950     051D  303F               	movlw	63
  4951     051E  00AF               	movwf	StartRadio@databytes+1
  4952                           
  4953                           ;SourceFiles/nRF24L01.c: 26:     SendSPI(databytes, result, 2);
  4954     051F  302E               	movlw	(low (StartRadio@databytes| 0))& (0+255)
  4955     0520  00F2               	movwf	SendSPI@bytes
  4956     0521  302C               	movlw	(low (StartRadio@result| 0))& (0+255)
  4957     0522  00F3               	movwf	SendSPI@result
  4958     0523  3002               	movlw	2
  4959     0524  00F4               	movwf	SendSPI@n
  4960     0525  3183  2335  3184   	fcall	_SendSPI
  4961     0528                     l2065:
  4962                           
  4963                           ;SourceFiles/nRF24L01.c: 29:     databytes[0] = 0x20 | 0x02;
  4964     0528  3022               	movlw	34
  4965     0529  0020               	movlb	0	; select bank0
  4966     052A  00AE               	movwf	StartRadio@databytes
  4967     052B                     l2067:
  4968                           
  4969                           ;SourceFiles/nRF24L01.c: 30:  databytes[1] = 0x03;
  4970     052B  3003               	movlw	3
  4971     052C  00AF               	movwf	StartRadio@databytes+1
  4972                           
  4973                           ;SourceFiles/nRF24L01.c: 31:     SendSPI(databytes, result, 2);
  4974     052D  302E               	movlw	(low (StartRadio@databytes| 0))& (0+255)
  4975     052E  00F2               	movwf	SendSPI@bytes
  4976     052F  302C               	movlw	(low (StartRadio@result| 0))& (0+255)
  4977     0530  00F3               	movwf	SendSPI@result
  4978     0531  3002               	movlw	2
  4979     0532  00F4               	movwf	SendSPI@n
  4980     0533  3183  2335  3184   	fcall	_SendSPI
  4981                           
  4982                           ;SourceFiles/nRF24L01.c: 34:  SetupPayloadSize(payloadSize, result);
  4983     0536  302C               	movlw	(low (StartRadio@result| 0))& (0+255)
  4984     0537  00F6               	movwf	SetupPayloadSize@result
  4985     0538  0020               	movlb	0	; select bank0
  4986     0539  0828               	movf	StartRadio@payloadSize,w
  4987     053A  3182  22EF  3184   	fcall	_SetupPayloadSize
  4988     053D                     l2069:
  4989                           
  4990                           ;SourceFiles/nRF24L01.c: 37:     databytes[0] = 0x20 | 0x03;
  4991     053D  3023               	movlw	35
  4992     053E  0020               	movlb	0	; select bank0
  4993     053F  00AE               	movwf	StartRadio@databytes
  4994     0540                     l2071:
  4995                           
  4996                           ;SourceFiles/nRF24L01.c: 38:  databytes[1] = 0x03;
  4997     0540  3003               	movlw	3
  4998     0541  00AF               	movwf	StartRadio@databytes+1
  4999                           
  5000                           ;SourceFiles/nRF24L01.c: 39:     SendSPI(databytes, result, 2);
  5001     0542  302E               	movlw	(low (StartRadio@databytes| 0))& (0+255)
  5002     0543  00F2               	movwf	SendSPI@bytes
  5003     0544  302C               	movlw	(low (StartRadio@result| 0))& (0+255)
  5004     0545  00F3               	movwf	SendSPI@result
  5005     0546  3002               	movlw	2
  5006     0547  00F4               	movwf	SendSPI@n
  5007     0548  3183  2335  3184   	fcall	_SendSPI
  5008     054B                     l2073:
  5009                           
  5010                           ;SourceFiles/nRF24L01.c: 42:     databytes[0] = 0x20 | 0x05;
  5011     054B  3025               	movlw	37
  5012     054C  0020               	movlb	0	; select bank0
  5013     054D  00AE               	movwf	StartRadio@databytes
  5014     054E                     l2075:
  5015                           
  5016                           ;SourceFiles/nRF24L01.c: 43:  databytes[1] = channel & 0x7F;
  5017     054E  082A               	movf	StartRadio@channel,w
  5018     054F  397F               	andlw	127
  5019     0550  00AF               	movwf	StartRadio@databytes+1
  5020     0551                     l2077:
  5021                           
  5022                           ;SourceFiles/nRF24L01.c: 44:     SendSPI(databytes, result, 2);
  5023     0551  302E               	movlw	(low (StartRadio@databytes| 0))& (0+255)
  5024     0552  00F2               	movwf	SendSPI@bytes
  5025     0553  302C               	movlw	(low (StartRadio@result| 0))& (0+255)
  5026     0554  00F3               	movwf	SendSPI@result
  5027     0555  3002               	movlw	2
  5028     0556  00F4               	movwf	SendSPI@n
  5029     0557  3183  2335  3184   	fcall	_SendSPI
  5030     055A                     l2079:
  5031                           
  5032                           ;SourceFiles/nRF24L01.c: 47:     databytes[0] = 0x20 | 0x07;
  5033     055A  3027               	movlw	39
  5034     055B  0020               	movlb	0	; select bank0
  5035     055C  00AE               	movwf	StartRadio@databytes
  5036     055D                     l2081:
  5037                           
  5038                           ;SourceFiles/nRF24L01.c: 48:  databytes[1] = 0x70;
  5039     055D  3070               	movlw	112
  5040     055E  00AF               	movwf	StartRadio@databytes+1
  5041     055F                     l2083:
  5042                           
  5043                           ;SourceFiles/nRF24L01.c: 49:     SendSPI(databytes, result, 2);
  5044     055F  302E               	movlw	(low (StartRadio@databytes| 0))& (0+255)
  5045     0560  00F2               	movwf	SendSPI@bytes
  5046     0561  302C               	movlw	(low (StartRadio@result| 0))& (0+255)
  5047     0562  00F3               	movwf	SendSPI@result
  5048     0563  3002               	movlw	2
  5049     0564  00F4               	movwf	SendSPI@n
  5050     0565  3183  2335  3184   	fcall	_SendSPI
  5051     0568                     l2085:
  5052                           
  5053                           ;SourceFiles/nRF24L01.c: 52:  FlushRX();
  5054     0568  3180  205A  3184   	fcall	_FlushRX
  5055     056B                     l2087:
  5056                           
  5057                           ;SourceFiles/nRF24L01.c: 53:  FlushTX();
  5058     056B  3180  2067  3184   	fcall	_FlushTX
  5059     056E                     l2089:
  5060                           
  5061                           ;SourceFiles/nRF24L01.c: 56:  ChangeRadioMode(PowerDown, 1, radioType);
  5062     056E  01F6               	clrf	ChangeRadioMode@CRCbytes
  5063     056F  0AF6               	incf	ChangeRadioMode@CRCbytes,f
  5064     0570  0020               	movlb	0	; select bank0
  5065     0571  0829               	movf	StartRadio@radioType,w
  5066     0572  00F7               	movwf	ChangeRadioMode@radioType
  5067     0573  3004               	movlw	4
  5068     0574  3184  248B  3184   	fcall	_ChangeRadioMode
  5069     0577                     l2091:
  5070                           
  5071                           ;SourceFiles/nRF24L01.c: 59:  ReadRegister(0x00, result);
  5072     0577  302C               	movlw	(low (StartRadio@result| 0))& (0+255)
  5073     0578  00F6               	movwf	ReadRegister@result
  5074     0579  3000               	movlw	0
  5075     057A  3180  2091  3184   	fcall	_ReadRegister
  5076     057D                     l2093:
  5077                           
  5078                           ;SourceFiles/nRF24L01.c: 60:     if (result[1] & 0x0c) {
  5079     057D  0020               	movlb	0	; select bank0
  5080     057E  082D               	movf	StartRadio@result+1,w
  5081     057F  390C               	andlw	12
  5082     0580  1903               	btfsc	3,2
  5083     0581  2D83               	goto	u991
  5084     0582  2D84               	goto	u990
  5085     0583                     u991:
  5086     0583  2D86               	goto	l2097
  5087     0584                     u990:
  5088     0584                     l2095:
  5089                           
  5090                           ;SourceFiles/nRF24L01.c: 61:         ReturnVal = 1;
  5091     0584  3001               	movlw	1
  5092     0585  00AB               	movwf	StartRadio@ReturnVal
  5093     0586                     l2097:
  5094                           
  5095                           ;SourceFiles/nRF24L01.c: 64:  return ReturnVal;
  5096     0586  082B               	movf	StartRadio@ReturnVal,w
  5097     0587                     l209:
  5098     0587  0008               	return
  5099     0588                     __end_of_StartRadio:
  5100                           
  5101                           	psect	text12
  5102     017E                     __ptext12:	
  5103 ;; *************** function _SetupRetries *****************
  5104 ;; Defined at:
  5105 ;;		line 221 in file "SourceFiles/nRF24L01.c"
  5106 ;; Parameters:    Size  Location     Type
  5107 ;;  autoReTXDela    2    0[BANK0 ] unsigned short 
  5108 ;;  autoReTXCoun    1    2[BANK0 ] unsigned char 
  5109 ;;  result          1    3[BANK0 ] PTR unsigned char 
  5110 ;;		 -> StartRadio@result(2), 
  5111 ;; Auto vars:     Size  Location     Type
  5112 ;;  databytes       2    6[BANK0 ] unsigned char [2]
  5113 ;;  ARDbin          2    4[BANK0 ] unsigned short 
  5114 ;; Return value:  Size  Location     Type
  5115 ;;                  1    wreg      void 
  5116 ;; Registers used:
  5117 ;;		wreg, fsr1l, fsr1h, status,2, status,0, pclath, cstack
  5118 ;; Tracked objects:
  5119 ;;		On entry : 0/0
  5120 ;;		On exit  : 0/0
  5121 ;;		Unchanged: 0/0
  5122 ;; Data sizes:     COMMON   BANK0   BANK1   BANK2   BANK3   BANK4   BANK5   BANK6   BANK7   BANK8   BANK9  BANK10  BANK1
      +1  BANK12  BANK13  BANK14  BANK15  BANK16  BANK17  BANK18  BANK19  BANK20  BANK21  BANK22  BANK23  BANK24  BANK25
  5123 ;;      Params:         0       4       0       0       0       0       0       0       0       0       0       0       
      +0       0       0       0       0       0       0       0       0       0       0       0       0       0       0
  5124 ;;      Locals:         0       4       0       0       0       0       0       0       0       0       0       0       
      +0       0       0       0       0       0       0       0       0       0       0       0       0       0       0
  5125 ;;      Temps:          1       0       0       0       0       0       0       0       0       0       0       0       
      +0       0       0       0       0       0       0       0       0       0       0       0       0       0       0
  5126 ;;      Totals:         1       8       0       0       0       0       0       0       0       0       0       0       
      +0       0       0       0       0       0       0       0       0       0       0       0       0       0       0
  5127 ;;Total ram usage:        9 bytes
  5128 ;; Hardware stack levels used: 1
  5129 ;; Hardware stack levels required when called: 2
  5130 ;; This function calls:
  5131 ;;		_SendSPI
  5132 ;;		___lwdiv
  5133 ;; This function is called by:
  5134 ;;		_StartRadio
  5135 ;; This function uses a non-reentrant model
  5136 ;;
  5137                           
  5138     017E                     _SetupRetries:	
  5139                           ;psect for function _SetupRetries
  5140                           
  5141     017E                     l1923:	
  5142                           ;incstack = 0
  5143                           ; Regs used in _SetupRetries: [wreg+fsr1l+fsr1h+status,2+status,0+pclath+cstack]
  5144                           
  5145                           
  5146                           ;SourceFiles/nRF24L01.c: 222:  uint16_t ARDbin = autoReTXDelay / 250 - 1;
  5147     017E  30FA               	movlw	250
  5148     017F  00F6               	movwf	___lwdiv@divisor
  5149     0180  3000               	movlw	0
  5150     0181  00F7               	movwf	___lwdiv@divisor+1
  5151     0182  0020               	movlb	0	; select bank0
  5152     0183  0821               	movf	SetupRetries@autoReTXDelay+1,w
  5153     0184  00F9               	movwf	___lwdiv@dividend+1
  5154     0185  0820               	movf	SetupRetries@autoReTXDelay,w
  5155     0186  00F8               	movwf	___lwdiv@dividend
  5156     0187  3181  21B3  3181   	fcall	___lwdiv
  5157     018A  0876               	movf	?___lwdiv,w
  5158     018B  3EFF               	addlw	255
  5159     018C  0020               	movlb	0	; select bank0
  5160     018D  00A4               	movwf	SetupRetries@ARDbin
  5161     018E  30FF               	movlw	255
  5162     018F  3D77               	addwfc	?___lwdiv+1,w
  5163     0190  00A5               	movwf	SetupRetries@ARDbin+1
  5164     0191                     l1925:
  5165                           
  5166                           ;SourceFiles/nRF24L01.c: 223:  if (autoReTXDelay > 4000) {
  5167     0191  300F               	movlw	15
  5168     0192  0221               	subwf	SetupRetries@autoReTXDelay+1,w
  5169     0193  30A1               	movlw	161
  5170     0194  1903               	skipnz
  5171     0195  0220               	subwf	SetupRetries@autoReTXDelay,w
  5172     0196  1C03               	skipc
  5173     0197  2999               	goto	u921
  5174     0198  299A               	goto	u920
  5175     0199                     u921:
  5176     0199  299E               	goto	l1929
  5177     019A                     u920:
  5178     019A                     l1927:
  5179                           
  5180                           ;SourceFiles/nRF24L01.c: 224:   ARDbin = 15;
  5181     019A  300F               	movlw	15
  5182     019B  00A4               	movwf	SetupRetries@ARDbin
  5183     019C  3000               	movlw	0
  5184     019D  00A5               	movwf	SetupRetries@ARDbin+1
  5185     019E                     l1929:
  5186                           
  5187                           ;SourceFiles/nRF24L01.c: 226:  uint8_t databytes[2];;SourceFiles/nRF24L01.c: 227:     da
      +                          tabytes[0] = 0x20 | 0x04;
  5188     019E  3024               	movlw	36
  5189     019F  00A6               	movwf	SetupRetries@databytes
  5190     01A0                     l1931:
  5191                           
  5192                           ;SourceFiles/nRF24L01.c: 228:     databytes[1] = (uint8_t)(ARDbin << 4 | autoReTXCount);
  5193     01A0  0824               	movf	SetupRetries@ARDbin,w
  5194     01A1  00FD               	movwf	??_SetupRetries
  5195     01A2  3004               	movlw	4
  5196     01A3                     u935:
  5197     01A3  35FD               	lslf	??_SetupRetries,f
  5198     01A4  0B89               	decfsz	9,f
  5199     01A5  29A3               	goto	u935
  5200     01A6  087D               	movf	??_SetupRetries,w
  5201     01A7  0422               	iorwf	SetupRetries@autoReTXCount,w
  5202     01A8  00A7               	movwf	SetupRetries@databytes+1
  5203     01A9                     l1933:
  5204                           
  5205                           ;SourceFiles/nRF24L01.c: 229:     SendSPI(databytes, result, 2);
  5206     01A9  3026               	movlw	(low (SetupRetries@databytes| 0))& (0+255)
  5207     01AA  00F2               	movwf	SendSPI@bytes
  5208     01AB  0823               	movf	SetupRetries@result,w
  5209     01AC  00F3               	movwf	SendSPI@result
  5210     01AD  3002               	movlw	2
  5211     01AE  00F4               	movwf	SendSPI@n
  5212     01AF  3183  2335  3181   	fcall	_SendSPI
  5213     01B2                     l265:
  5214     01B2  0008               	return
  5215     01B3                     __end_of_SetupRetries:
  5216                           
  5217                           	psect	text13
  5218     01B3                     __ptext13:	
  5219 ;; *************** function ___lwdiv *****************
  5220 ;; Defined at:
  5221 ;;		line 5 in file "C:\Program Files\Microchip\xc8\v2.50\pic\sources\c99\common\lwdiv.c"
  5222 ;; Parameters:    Size  Location     Type
  5223 ;;  divisor         2    6[COMMON] unsigned int 
  5224 ;;  dividend        2    8[COMMON] unsigned int 
  5225 ;; Auto vars:     Size  Location     Type
  5226 ;;  quotient        2   10[COMMON] unsigned int 
  5227 ;;  counter         1   12[COMMON] unsigned char 
  5228 ;; Return value:  Size  Location     Type
  5229 ;;                  2    6[COMMON] unsigned int 
  5230 ;; Registers used:
  5231 ;;		wreg, status,2, status,0
  5232 ;; Tracked objects:
  5233 ;;		On entry : 0/0
  5234 ;;		On exit  : 0/0
  5235 ;;		Unchanged: 0/0
  5236 ;; Data sizes:     COMMON   BANK0   BANK1   BANK2   BANK3   BANK4   BANK5   BANK6   BANK7   BANK8   BANK9  BANK10  BANK1
      +1  BANK12  BANK13  BANK14  BANK15  BANK16  BANK17  BANK18  BANK19  BANK20  BANK21  BANK22  BANK23  BANK24  BANK25
  5237 ;;      Params:         4       0       0       0       0       0       0       0       0       0       0       0       
      +0       0       0       0       0       0       0       0       0       0       0       0       0       0       0
  5238 ;;      Locals:         3       0       0       0       0       0       0       0       0       0       0       0       
      +0       0       0       0       0       0       0       0       0       0       0       0       0       0       0
  5239 ;;      Temps:          0       0       0       0       0       0       0       0       0       0       0       0       
      +0       0       0       0       0       0       0       0       0       0       0       0       0       0       0
  5240 ;;      Totals:         7       0       0       0       0       0       0       0       0       0       0       0       
      +0       0       0       0       0       0       0       0       0       0       0       0       0       0       0
  5241 ;;Total ram usage:        7 bytes
  5242 ;; Hardware stack levels used: 1
  5243 ;; This function calls:
  5244 ;;		Nothing
  5245 ;; This function is called by:
  5246 ;;		_main
  5247 ;;		_SetupRetries
  5248 ;; This function uses a non-reentrant model
  5249 ;;
  5250                           
  5251     01B3                     ___lwdiv:	
  5252                           ;psect for function ___lwdiv
  5253                           
  5254     01B3                     l1897:	
  5255                           ;incstack = 0
  5256                           ; Regs used in ___lwdiv: [wreg+status,2+status,0]
  5257                           
  5258     01B3  01FA               	clrf	___lwdiv@quotient
  5259     01B4  01FB               	clrf	___lwdiv@quotient+1
  5260     01B5                     l1899:
  5261     01B5  0876               	movf	___lwdiv@divisor,w
  5262     01B6  0477               	iorwf	___lwdiv@divisor+1,w
  5263     01B7  1903               	btfsc	3,2
  5264     01B8  29BA               	goto	u851
  5265     01B9  29BB               	goto	u850
  5266     01BA                     u851:
  5267     01BA  29E8               	goto	l1919
  5268     01BB                     u850:
  5269     01BB                     l1901:
  5270     01BB  3001               	movlw	1
  5271     01BC  00FC               	movwf	___lwdiv@counter
  5272     01BD  29C5               	goto	l1907
  5273     01BE                     l1903:
  5274     01BE  3001               	movlw	1
  5275     01BF                     u865:
  5276     01BF  35F6               	lslf	___lwdiv@divisor,f
  5277     01C0  0DF7               	rlf	___lwdiv@divisor+1,f
  5278     01C1  0B89               	decfsz	9,f
  5279     01C2  29BF               	goto	u865
  5280     01C3                     l1905:
  5281     01C3  3001               	movlw	1
  5282     01C4  07FC               	addwf	___lwdiv@counter,f
  5283     01C5                     l1907:
  5284     01C5  1FF7               	btfss	___lwdiv@divisor+1,7
  5285     01C6  29C8               	goto	u871
  5286     01C7  29C9               	goto	u870
  5287     01C8                     u871:
  5288     01C8  29BE               	goto	l1903
  5289     01C9                     u870:
  5290     01C9                     l1909:
  5291     01C9  3001               	movlw	1
  5292     01CA                     u885:
  5293     01CA  35FA               	lslf	___lwdiv@quotient,f
  5294     01CB  0DFB               	rlf	___lwdiv@quotient+1,f
  5295     01CC  0B89               	decfsz	9,f
  5296     01CD  29CA               	goto	u885
  5297     01CE  0877               	movf	___lwdiv@divisor+1,w
  5298     01CF  0279               	subwf	___lwdiv@dividend+1,w
  5299     01D0  1D03               	skipz
  5300     01D1  29D4               	goto	u895
  5301     01D2  0876               	movf	___lwdiv@divisor,w
  5302     01D3  0278               	subwf	___lwdiv@dividend,w
  5303     01D4                     u895:
  5304     01D4  1C03               	skipc
  5305     01D5  29D7               	goto	u891
  5306     01D6  29D8               	goto	u890
  5307     01D7                     u891:
  5308     01D7  29DD               	goto	l1915
  5309     01D8                     u890:
  5310     01D8                     l1911:
  5311     01D8  0876               	movf	___lwdiv@divisor,w
  5312     01D9  02F8               	subwf	___lwdiv@dividend,f
  5313     01DA  0877               	movf	___lwdiv@divisor+1,w
  5314     01DB  3BF9               	subwfb	___lwdiv@dividend+1,f
  5315     01DC                     l1913:
  5316     01DC  147A               	bsf	___lwdiv@quotient,0
  5317     01DD                     l1915:
  5318     01DD  3001               	movlw	1
  5319     01DE                     u905:
  5320     01DE  36F7               	lsrf	___lwdiv@divisor+1,f
  5321     01DF  0CF6               	rrf	___lwdiv@divisor,f
  5322     01E0  0B89               	decfsz	9,f
  5323     01E1  29DE               	goto	u905
  5324     01E2                     l1917:
  5325     01E2  3001               	movlw	1
  5326     01E3  02FC               	subwf	___lwdiv@counter,f
  5327     01E4  1D03               	btfss	3,2
  5328     01E5  29E7               	goto	u911
  5329     01E6  29E8               	goto	u910
  5330     01E7                     u911:
  5331     01E7  29C9               	goto	l1909
  5332     01E8                     u910:
  5333     01E8                     l1919:
  5334     01E8  087B               	movf	___lwdiv@quotient+1,w
  5335     01E9  00F7               	movwf	?___lwdiv+1
  5336     01EA  087A               	movf	___lwdiv@quotient,w
  5337     01EB  00F6               	movwf	?___lwdiv
  5338     01EC                     l819:
  5339     01EC  0008               	return
  5340     01ED                     __end_of___lwdiv:
  5341                           
  5342                           	psect	text14
  5343     02EF                     __ptext14:	
  5344 ;; *************** function _SetupPayloadSize *****************
  5345 ;; Defined at:
  5346 ;;		line 167 in file "SourceFiles/nRF24L01.c"
  5347 ;; Parameters:    Size  Location     Type
  5348 ;;  size            1    wreg     unsigned char 
  5349 ;;  result          1    6[COMMON] PTR unsigned char 
  5350 ;;		 -> StartRadio@result(2), 
  5351 ;; Auto vars:     Size  Location     Type
  5352 ;;  size            1    7[COMMON] unsigned char 
  5353 ;;  databytes       2    8[COMMON] unsigned char [2]
  5354 ;; Return value:  Size  Location     Type
  5355 ;;                  1    wreg      void 
  5356 ;; Registers used:
  5357 ;;		wreg, fsr1l, fsr1h, status,2, status,0, pclath, cstack
  5358 ;; Tracked objects:
  5359 ;;		On entry : 0/0
  5360 ;;		On exit  : 0/0
  5361 ;;		Unchanged: 0/0
  5362 ;; Data sizes:     COMMON   BANK0   BANK1   BANK2   BANK3   BANK4   BANK5   BANK6   BANK7   BANK8   BANK9  BANK10  BANK1
      +1  BANK12  BANK13  BANK14  BANK15  BANK16  BANK17  BANK18  BANK19  BANK20  BANK21  BANK22  BANK23  BANK24  BANK25
  5363 ;;      Params:         1       0       0       0       0       0       0       0       0       0       0       0       
      +0       0       0       0       0       0       0       0       0       0       0       0       0       0       0
  5364 ;;      Locals:         3       0       0       0       0       0       0       0       0       0       0       0       
      +0       0       0       0       0       0       0       0       0       0       0       0       0       0       0
  5365 ;;      Temps:          0       0       0       0       0       0       0       0       0       0       0       0       
      +0       0       0       0       0       0       0       0       0       0       0       0       0       0       0
  5366 ;;      Totals:         4       0       0       0       0       0       0       0       0       0       0       0       
      +0       0       0       0       0       0       0       0       0       0       0       0       0       0       0
  5367 ;;Total ram usage:        4 bytes
  5368 ;; Hardware stack levels used: 1
  5369 ;; Hardware stack levels required when called: 2
  5370 ;; This function calls:
  5371 ;;		_SendSPI
  5372 ;; This function is called by:
  5373 ;;		_StartRadio
  5374 ;; This function uses a non-reentrant model
  5375 ;;
  5376                           
  5377     02EF                     _SetupPayloadSize:	
  5378                           ;psect for function _SetupPayloadSize
  5379                           
  5380                           
  5381                           ;incstack = 0
  5382                           ; Regs used in _SetupPayloadSize: [wreg+fsr1l+fsr1h+status,2+status,0+pclath+cstack]
  5383                           ;SetupPayloadSize@size stored from wreg
  5384     02EF  00F7               	movwf	SetupPayloadSize@size
  5385     02F0                     l1975:
  5386                           
  5387                           ;SourceFiles/nRF24L01.c: 168:  uint8_t databytes[2];;SourceFiles/nRF24L01.c: 169:     da
      +                          tabytes[0] = 0x20 | 0x11;
  5388     02F0  3031               	movlw	49
  5389     02F1  00F8               	movwf	SetupPayloadSize@databytes
  5390     02F2                     l1977:
  5391                           
  5392                           ;SourceFiles/nRF24L01.c: 170:     databytes[1] = size;
  5393     02F2  0877               	movf	SetupPayloadSize@size,w
  5394     02F3  00F9               	movwf	SetupPayloadSize@databytes+1
  5395     02F4                     l1979:
  5396                           
  5397                           ;SourceFiles/nRF24L01.c: 171:     SendSPI(databytes, result, 2);
  5398     02F4  3078               	movlw	(low (SetupPayloadSize@databytes| 0))& (0+255)
  5399     02F5  00F2               	movwf	SendSPI@bytes
  5400     02F6  0876               	movf	SetupPayloadSize@result,w
  5401     02F7  00F3               	movwf	SendSPI@result
  5402     02F8  3002               	movlw	2
  5403     02F9  00F4               	movwf	SendSPI@n
  5404     02FA  3183  2335  3182   	fcall	_SendSPI
  5405     02FD                     l1981:
  5406                           
  5407                           ;SourceFiles/nRF24L01.c: 173:     databytes[0] = 0x20 | 0x12;
  5408     02FD  3032               	movlw	50
  5409     02FE  00F8               	movwf	SetupPayloadSize@databytes
  5410     02FF                     l1983:
  5411                           
  5412                           ;SourceFiles/nRF24L01.c: 174:     SendSPI(databytes, result, 2);
  5413     02FF  3078               	movlw	(low (SetupPayloadSize@databytes| 0))& (0+255)
  5414     0300  00F2               	movwf	SendSPI@bytes
  5415     0301  0876               	movf	SetupPayloadSize@result,w
  5416     0302  00F3               	movwf	SendSPI@result
  5417     0303  3002               	movlw	2
  5418     0304  00F4               	movwf	SendSPI@n
  5419     0305  3183  2335  3182   	fcall	_SendSPI
  5420     0308                     l1985:
  5421                           
  5422                           ;SourceFiles/nRF24L01.c: 176:     databytes[0] = 0x20 | 0x13;
  5423     0308  3033               	movlw	51
  5424     0309  00F8               	movwf	SetupPayloadSize@databytes
  5425     030A                     l1987:
  5426                           
  5427                           ;SourceFiles/nRF24L01.c: 177:     SendSPI(databytes, result, 2);
  5428     030A  3078               	movlw	(low (SetupPayloadSize@databytes| 0))& (0+255)
  5429     030B  00F2               	movwf	SendSPI@bytes
  5430     030C  0876               	movf	SetupPayloadSize@result,w
  5431     030D  00F3               	movwf	SendSPI@result
  5432     030E  3002               	movlw	2
  5433     030F  00F4               	movwf	SendSPI@n
  5434     0310  3183  2335  3182   	fcall	_SendSPI
  5435     0313                     l1989:
  5436                           
  5437                           ;SourceFiles/nRF24L01.c: 179:     databytes[0] = 0x20 | 0x14;
  5438     0313  3034               	movlw	52
  5439     0314  00F8               	movwf	SetupPayloadSize@databytes
  5440     0315                     l1991:
  5441                           
  5442                           ;SourceFiles/nRF24L01.c: 180:     SendSPI(databytes, result, 2);
  5443     0315  3078               	movlw	(low (SetupPayloadSize@databytes| 0))& (0+255)
  5444     0316  00F2               	movwf	SendSPI@bytes
  5445     0317  0876               	movf	SetupPayloadSize@result,w
  5446     0318  00F3               	movwf	SendSPI@result
  5447     0319  3002               	movlw	2
  5448     031A  00F4               	movwf	SendSPI@n
  5449     031B  3183  2335  3182   	fcall	_SendSPI
  5450     031E                     l1993:
  5451                           
  5452                           ;SourceFiles/nRF24L01.c: 182:     databytes[0] = 0x20 | 0x15;
  5453     031E  3035               	movlw	53
  5454     031F  00F8               	movwf	SetupPayloadSize@databytes
  5455     0320                     l1995:
  5456                           
  5457                           ;SourceFiles/nRF24L01.c: 183:     SendSPI(databytes, result, 2);
  5458     0320  3078               	movlw	(low (SetupPayloadSize@databytes| 0))& (0+255)
  5459     0321  00F2               	movwf	SendSPI@bytes
  5460     0322  0876               	movf	SetupPayloadSize@result,w
  5461     0323  00F3               	movwf	SendSPI@result
  5462     0324  3002               	movlw	2
  5463     0325  00F4               	movwf	SendSPI@n
  5464     0326  3183  2335  3182   	fcall	_SendSPI
  5465     0329                     l1997:
  5466                           
  5467                           ;SourceFiles/nRF24L01.c: 185:     databytes[0] = 0x20 | 0x16;
  5468     0329  3036               	movlw	54
  5469     032A  00F8               	movwf	SetupPayloadSize@databytes
  5470     032B                     l1999:
  5471                           
  5472                           ;SourceFiles/nRF24L01.c: 186:     SendSPI(databytes, result, 2);
  5473     032B  3078               	movlw	(low (SetupPayloadSize@databytes| 0))& (0+255)
  5474     032C  00F2               	movwf	SendSPI@bytes
  5475     032D  0876               	movf	SetupPayloadSize@result,w
  5476     032E  00F3               	movwf	SendSPI@result
  5477     032F  3002               	movlw	2
  5478     0330  00F4               	movwf	SendSPI@n
  5479     0331  3183  2335  3182   	fcall	_SendSPI
  5480     0334                     l249:
  5481     0334  0008               	return
  5482     0335                     __end_of_SetupPayloadSize:
  5483                           
  5484                           	psect	text15
  5485     022B                     __ptext15:	
  5486 ;; *************** function _RFSetup *****************
  5487 ;; Defined at:
  5488 ;;		line 96 in file "SourceFiles/nRF24L01.c"
  5489 ;; Parameters:    Size  Location     Type
  5490 ;;  datarate        1    wreg     enum E6382
  5491 ;;  power           1   10[COMMON] enum E6387
  5492 ;;  result          1   11[COMMON] PTR unsigned char 
  5493 ;;		 -> StartRadio@result(2), 
  5494 ;; Auto vars:     Size  Location     Type
  5495 ;;  datarate        1    2[BANK0 ] enum E6382
  5496 ;;  databytes       2    0[BANK0 ] unsigned char [2]
  5497 ;;  Setup           1    3[BANK0 ] struct .
  5498 ;; Return value:  Size  Location     Type
  5499 ;;                  1    wreg      void 
  5500 ;; Registers used:
  5501 ;;		wreg, fsr1l, fsr1h, status,2, status,0, pclath, cstack
  5502 ;; Tracked objects:
  5503 ;;		On entry : 0/0
  5504 ;;		On exit  : 0/0
  5505 ;;		Unchanged: 0/0
  5506 ;; Data sizes:     COMMON   BANK0   BANK1   BANK2   BANK3   BANK4   BANK5   BANK6   BANK7   BANK8   BANK9  BANK10  BANK1
      +1  BANK12  BANK13  BANK14  BANK15  BANK16  BANK17  BANK18  BANK19  BANK20  BANK21  BANK22  BANK23  BANK24  BANK25
  5507 ;;      Params:         2       0       0       0       0       0       0       0       0       0       0       0       
      +0       0       0       0       0       0       0       0       0       0       0       0       0       0       0
  5508 ;;      Locals:         0       4       0       0       0       0       0       0       0       0       0       0       
      +0       0       0       0       0       0       0       0       0       0       0       0       0       0       0
  5509 ;;      Temps:          2       0       0       0       0       0       0       0       0       0       0       0       
      +0       0       0       0       0       0       0       0       0       0       0       0       0       0       0
  5510 ;;      Totals:         4       4       0       0       0       0       0       0       0       0       0       0       
      +0       0       0       0       0       0       0       0       0       0       0       0       0       0       0
  5511 ;;Total ram usage:        8 bytes
  5512 ;; Hardware stack levels used: 1
  5513 ;; Hardware stack levels required when called: 3
  5514 ;; This function calls:
  5515 ;;		_ReadRegister
  5516 ;;		_SendSPI
  5517 ;; This function is called by:
  5518 ;;		_StartRadio
  5519 ;; This function uses a non-reentrant model
  5520 ;;
  5521                           
  5522     022B                     _RFSetup:	
  5523                           ;psect for function _RFSetup
  5524                           
  5525                           
  5526                           ;incstack = 0
  5527                           ; Regs used in _RFSetup: [wreg+fsr1l+fsr1h+status,2+status,0+pclath+cstack]
  5528                           ;RFSetup@datarate stored from wreg
  5529     022B  0020               	movlb	0	; select bank0
  5530     022C  00A2               	movwf	RFSetup@datarate
  5531     022D                     l1935:
  5532                           
  5533                           ;SourceFiles/nRF24L01.c: 97:  ReadRegister(0x06, result);
  5534     022D  087B               	movf	RFSetup@result,w
  5535     022E  00F6               	movwf	ReadRegister@result
  5536     022F  3006               	movlw	6
  5537     0230  3180  2091  3182   	fcall	_ReadRegister
  5538     0233                     l1937:
  5539                           
  5540                           ;SourceFiles/nRF24L01.c: 98:  RF_SETUPbits_t Setup;;SourceFiles/nRF24L01.c: 99:  Setup.w
      +                           = result[1];
  5541     0233  0A7B               	incf	RFSetup@result,w
  5542     0234  0086               	movwf	6
  5543     0235  0187               	clrf	7
  5544     0236  0801               	movf	1,w
  5545     0237  0020               	movlb	0	; select bank0
  5546     0238  00A3               	movwf	RFSetup@Setup
  5547     0239                     l1939:
  5548                           
  5549                           ;SourceFiles/nRF24L01.c: 100:  Setup.RF_PWR = power;
  5550     0239  087A               	movf	RFSetup@power,w
  5551     023A  00FC               	movwf	??_RFSetup
  5552     023B  0DFC               	rlf	??_RFSetup,f
  5553     023C  0823               	movf	RFSetup@Setup,w
  5554     023D  067C               	xorwf	??_RFSetup,w
  5555     023E  39F9               	andlw	-7
  5556     023F  067C               	xorwf	??_RFSetup,w
  5557     0240  00A3               	movwf	RFSetup@Setup
  5558     0241                     l1941:
  5559                           
  5560                           ;SourceFiles/nRF24L01.c: 101:  Setup.RF_DR_LOW = (datarate & 0x02) >> 1;
  5561     0241  0822               	movf	RFSetup@datarate,w
  5562     0242  00FC               	movwf	??_RFSetup
  5563     0243  3001               	movlw	1
  5564     0244                     u945:
  5565     0244  36FC               	lsrf	??_RFSetup,f
  5566     0245  0B89               	decfsz	9,f
  5567     0246  2A44               	goto	u945
  5568     0247  087C               	movf	??_RFSetup,w
  5569     0248  3901               	andlw	1
  5570     0249  00FD               	movwf	??_RFSetup+1
  5571     024A  0EFD               	swapf	??_RFSetup+1,f
  5572     024B  0DFD               	rlf	??_RFSetup+1,f
  5573     024C  0823               	movf	RFSetup@Setup,w
  5574     024D  067D               	xorwf	??_RFSetup+1,w
  5575     024E  39DF               	andlw	-33
  5576     024F  067D               	xorwf	??_RFSetup+1,w
  5577     0250  00A3               	movwf	RFSetup@Setup
  5578     0251                     l1943:
  5579                           
  5580                           ;SourceFiles/nRF24L01.c: 102:  Setup.RF_DR_HIGH = datarate & 0x01;
  5581     0251  0822               	movf	RFSetup@datarate,w
  5582     0252  3901               	andlw	1
  5583     0253  00FC               	movwf	??_RFSetup
  5584     0254  0DFC               	rlf	??_RFSetup,f
  5585     0255  0DFC               	rlf	??_RFSetup,f
  5586     0256  0DFC               	rlf	??_RFSetup,f
  5587     0257  0823               	movf	RFSetup@Setup,w
  5588     0258  067C               	xorwf	??_RFSetup,w
  5589     0259  39F7               	andlw	-9
  5590     025A  067C               	xorwf	??_RFSetup,w
  5591     025B  00A3               	movwf	RFSetup@Setup
  5592     025C                     l1945:
  5593                           
  5594                           ;SourceFiles/nRF24L01.c: 103:  uint8_t databytes[2];;SourceFiles/nRF24L01.c: 104:     da
      +                          tabytes[0] = 0x20 | 0x06;
  5595     025C  3026               	movlw	38
  5596     025D  00A0               	movwf	RFSetup@databytes
  5597     025E                     l1947:
  5598                           
  5599                           ;SourceFiles/nRF24L01.c: 105:     databytes[1] = Setup.w;
  5600     025E  0823               	movf	RFSetup@Setup,w
  5601     025F  00A1               	movwf	RFSetup@databytes+1
  5602     0260                     l1949:
  5603                           
  5604                           ;SourceFiles/nRF24L01.c: 106:     SendSPI(databytes, result, 2);
  5605     0260  3020               	movlw	(low (RFSetup@databytes| 0))& (0+255)
  5606     0261  00F2               	movwf	SendSPI@bytes
  5607     0262  087B               	movf	RFSetup@result,w
  5608     0263  00F3               	movwf	SendSPI@result
  5609     0264  3002               	movlw	2
  5610     0265  00F4               	movwf	SendSPI@n
  5611     0266  3183  2335  3182   	fcall	_SendSPI
  5612     0269                     l234:
  5613     0269  0008               	return
  5614     026A                     __end_of_RFSetup:
  5615                           
  5616                           	psect	text16
  5617     0067                     __ptext16:	
  5618 ;; *************** function _FlushTX *****************
  5619 ;; Defined at:
  5620 ;;		line 90 in file "SourceFiles/nRF24L01.c"
  5621 ;; Parameters:    Size  Location     Type
  5622 ;;		None
  5623 ;; Auto vars:     Size  Location     Type
  5624 ;;  result          1    7[COMMON] unsigned char [1]
  5625 ;;  bytes           1    6[COMMON] unsigned char [1]
  5626 ;; Return value:  Size  Location     Type
  5627 ;;                  1    wreg      void 
  5628 ;; Registers used:
  5629 ;;		wreg, fsr1l, fsr1h, status,2, status,0, pclath, cstack
  5630 ;; Tracked objects:
  5631 ;;		On entry : 0/0
  5632 ;;		On exit  : 0/0
  5633 ;;		Unchanged: 0/0
  5634 ;; Data sizes:     COMMON   BANK0   BANK1   BANK2   BANK3   BANK4   BANK5   BANK6   BANK7   BANK8   BANK9  BANK10  BANK1
      +1  BANK12  BANK13  BANK14  BANK15  BANK16  BANK17  BANK18  BANK19  BANK20  BANK21  BANK22  BANK23  BANK24  BANK25
  5635 ;;      Params:         0       0       0       0       0       0       0       0       0       0       0       0       
      +0       0       0       0       0       0       0       0       0       0       0       0       0       0       0
  5636 ;;      Locals:         2       0       0       0       0       0       0       0       0       0       0       0       
      +0       0       0       0       0       0       0       0       0       0       0       0       0       0       0
  5637 ;;      Temps:          0       0       0       0       0       0       0       0       0       0       0       0       
      +0       0       0       0       0       0       0       0       0       0       0       0       0       0       0
  5638 ;;      Totals:         2       0       0       0       0       0       0       0       0       0       0       0       
      +0       0       0       0       0       0       0       0       0       0       0       0       0       0       0
  5639 ;;Total ram usage:        2 bytes
  5640 ;; Hardware stack levels used: 1
  5641 ;; Hardware stack levels required when called: 2
  5642 ;; This function calls:
  5643 ;;		_SendSPI
  5644 ;; This function is called by:
  5645 ;;		_StartRadio
  5646 ;; This function uses a non-reentrant model
  5647 ;;
  5648                           
  5649     0067                     _FlushTX:	
  5650                           ;psect for function _FlushTX
  5651                           
  5652     0067                     l2005:	
  5653                           ;incstack = 0
  5654                           ; Regs used in _FlushTX: [wreg+fsr1l+fsr1h+status,2+status,0+pclath+cstack]
  5655                           
  5656                           
  5657                           ;SourceFiles/nRF24L01.c: 91:  uint8_t bytes[] = {0xE1};
  5658     0067  0020               	movlb	0	; select bank0
  5659     0068  0864               	movf	FlushTX@F6445,w
  5660     0069  00F6               	movwf	FlushTX@bytes
  5661     006A                     l2007:
  5662                           
  5663                           ;SourceFiles/nRF24L01.c: 92:  uint8_t result[1];;SourceFiles/nRF24L01.c: 93:  SendSPI(by
      +                          tes, result, 1);
  5664     006A  3076               	movlw	(low (FlushTX@bytes| 0))& (0+255)
  5665     006B  00F2               	movwf	SendSPI@bytes
  5666     006C  3077               	movlw	(low (FlushTX@result| 0))& (0+255)
  5667     006D  00F3               	movwf	SendSPI@result
  5668     006E  01F4               	clrf	SendSPI@n
  5669     006F  0AF4               	incf	SendSPI@n,f
  5670     0070  3183  2335  3180   	fcall	_SendSPI
  5671     0073                     l231:
  5672     0073  0008               	return
  5673     0074                     __end_of_FlushTX:
  5674                           
  5675                           	psect	text17
  5676     005A                     __ptext17:	
  5677 ;; *************** function _FlushRX *****************
  5678 ;; Defined at:
  5679 ;;		line 84 in file "SourceFiles/nRF24L01.c"
  5680 ;; Parameters:    Size  Location     Type
  5681 ;;		None
  5682 ;; Auto vars:     Size  Location     Type
  5683 ;;  result          1    7[COMMON] unsigned char [1]
  5684 ;;  bytes           1    6[COMMON] unsigned char [1]
  5685 ;; Return value:  Size  Location     Type
  5686 ;;                  1    wreg      void 
  5687 ;; Registers used:
  5688 ;;		wreg, fsr1l, fsr1h, status,2, status,0, pclath, cstack
  5689 ;; Tracked objects:
  5690 ;;		On entry : 0/0
  5691 ;;		On exit  : 0/0
  5692 ;;		Unchanged: 0/0
  5693 ;; Data sizes:     COMMON   BANK0   BANK1   BANK2   BANK3   BANK4   BANK5   BANK6   BANK7   BANK8   BANK9  BANK10  BANK1
      +1  BANK12  BANK13  BANK14  BANK15  BANK16  BANK17  BANK18  BANK19  BANK20  BANK21  BANK22  BANK23  BANK24  BANK25
  5694 ;;      Params:         0       0       0       0       0       0       0       0       0       0       0       0       
      +0       0       0       0       0       0       0       0       0       0       0       0       0       0       0
  5695 ;;      Locals:         2       0       0       0       0       0       0       0       0       0       0       0       
      +0       0       0       0       0       0       0       0       0       0       0       0       0       0       0
  5696 ;;      Temps:          0       0       0       0       0       0       0       0       0       0       0       0       
      +0       0       0       0       0       0       0       0       0       0       0       0       0       0       0
  5697 ;;      Totals:         2       0       0       0       0       0       0       0       0       0       0       0       
      +0       0       0       0       0       0       0       0       0       0       0       0       0       0       0
  5698 ;;Total ram usage:        2 bytes
  5699 ;; Hardware stack levels used: 1
  5700 ;; Hardware stack levels required when called: 2
  5701 ;; This function calls:
  5702 ;;		_SendSPI
  5703 ;; This function is called by:
  5704 ;;		_StartRadio
  5705 ;; This function uses a non-reentrant model
  5706 ;;
  5707                           
  5708     005A                     _FlushRX:	
  5709                           ;psect for function _FlushRX
  5710                           
  5711     005A                     l2001:	
  5712                           ;incstack = 0
  5713                           ; Regs used in _FlushRX: [wreg+fsr1l+fsr1h+status,2+status,0+pclath+cstack]
  5714                           
  5715                           
  5716                           ;SourceFiles/nRF24L01.c: 85:  uint8_t bytes[] = {0xE2};
  5717     005A  0020               	movlb	0	; select bank0
  5718     005B  0865               	movf	FlushRX@F6441,w
  5719     005C  00F6               	movwf	FlushRX@bytes
  5720     005D                     l2003:
  5721                           
  5722                           ;SourceFiles/nRF24L01.c: 86:  uint8_t result[1];;SourceFiles/nRF24L01.c: 87:  SendSPI(by
      +                          tes, result, 1);
  5723     005D  3076               	movlw	(low (FlushRX@bytes| 0))& (0+255)
  5724     005E  00F2               	movwf	SendSPI@bytes
  5725     005F  3077               	movlw	(low (FlushRX@result| 0))& (0+255)
  5726     0060  00F3               	movwf	SendSPI@result
  5727     0061  01F4               	clrf	SendSPI@n
  5728     0062  0AF4               	incf	SendSPI@n,f
  5729     0063  3183  2335  3180   	fcall	_SendSPI
  5730     0066                     l226:
  5731     0066  0008               	return
  5732     0067                     __end_of_FlushRX:
  5733                           
  5734                           	psect	text18
  5735     026A                     __ptext18:	
  5736 ;; *************** function _FeatureTest *****************
  5737 ;; Defined at:
  5738 ;;		line 189 in file "SourceFiles/nRF24L01.c"
  5739 ;; Parameters:    Size  Location     Type
  5740 ;;  result          1   10[COMMON] PTR unsigned char 
  5741 ;;		 -> StartRadio@result(2), 
  5742 ;; Auto vars:     Size  Location     Type
  5743 ;;  databytes       2    2[BANK0 ] unsigned char [2]
  5744 ;;  FeaturesAfte    2    6[BANK0 ] unsigned char [2]
  5745 ;;  FeaturesBefo    2    4[BANK0 ] unsigned char [2]
  5746 ;;  bytes           2    0[BANK0 ] unsigned char [2]
  5747 ;; Return value:  Size  Location     Type
  5748 ;;                  1    wreg      void 
  5749 ;; Registers used:
  5750 ;;		wreg, fsr1l, fsr1h, status,2, status,0, pclath, cstack
  5751 ;; Tracked objects:
  5752 ;;		On entry : 0/0
  5753 ;;		On exit  : 0/0
  5754 ;;		Unchanged: 0/0
  5755 ;; Data sizes:     COMMON   BANK0   BANK1   BANK2   BANK3   BANK4   BANK5   BANK6   BANK7   BANK8   BANK9  BANK10  BANK1
      +1  BANK12  BANK13  BANK14  BANK15  BANK16  BANK17  BANK18  BANK19  BANK20  BANK21  BANK22  BANK23  BANK24  BANK25
  5756 ;;      Params:         1       0       0       0       0       0       0       0       0       0       0       0       
      +0       0       0       0       0       0       0       0       0       0       0       0       0       0       0
  5757 ;;      Locals:         0       8       0       0       0       0       0       0       0       0       0       0       
      +0       0       0       0       0       0       0       0       0       0       0       0       0       0       0
  5758 ;;      Temps:          0       0       0       0       0       0       0       0       0       0       0       0       
      +0       0       0       0       0       0       0       0       0       0       0       0       0       0       0
  5759 ;;      Totals:         1       8       0       0       0       0       0       0       0       0       0       0       
      +0       0       0       0       0       0       0       0       0       0       0       0       0       0       0
  5760 ;;Total ram usage:        9 bytes
  5761 ;; Hardware stack levels used: 1
  5762 ;; Hardware stack levels required when called: 3
  5763 ;; This function calls:
  5764 ;;		_ReadRegister
  5765 ;;		_SendSPI
  5766 ;; This function is called by:
  5767 ;;		_StartRadio
  5768 ;; This function uses a non-reentrant model
  5769 ;;
  5770                           
  5771     026A                     _FeatureTest:	
  5772                           ;psect for function _FeatureTest
  5773                           
  5774     026A                     l1951:	
  5775                           ;incstack = 0
  5776                           ; Regs used in _FeatureTest: [wreg+fsr1l+fsr1h+status,2+status,0+pclath+cstack]
  5777                           
  5778                           
  5779                           ;SourceFiles/nRF24L01.c: 190:  uint8_t FeaturesBefore[2];;SourceFiles/nRF24L01.c: 191:  
      +                          ReadRegister(0x1D, FeaturesBefore);
  5780     026A  3024               	movlw	(low (FeatureTest@FeaturesBefore| 0))& (0+255)
  5781     026B  00F6               	movwf	ReadRegister@result
  5782     026C  301D               	movlw	29
  5783     026D  3180  2091  3182   	fcall	_ReadRegister
  5784     0270                     l1953:
  5785                           
  5786                           ;SourceFiles/nRF24L01.c: 194:  uint8_t bytes[] = {0x50, 0x73};
  5787     0270  0020               	movlb	0	; select bank0
  5788     0271  0861               	movf	FeatureTest@F6469+1,w
  5789     0272  00A1               	movwf	FeatureTest@bytes+1
  5790     0273  0860               	movf	FeatureTest@F6469,w
  5791     0274  00A0               	movwf	FeatureTest@bytes
  5792     0275                     l1955:
  5793                           
  5794                           ;SourceFiles/nRF24L01.c: 195:  SendSPI(bytes, result, 2);
  5795     0275  3020               	movlw	(low (FeatureTest@bytes| 0))& (0+255)
  5796     0276  00F2               	movwf	SendSPI@bytes
  5797     0277  087A               	movf	FeatureTest@result,w
  5798     0278  00F3               	movwf	SendSPI@result
  5799     0279  3002               	movlw	2
  5800     027A  00F4               	movwf	SendSPI@n
  5801     027B  3183  2335  3182   	fcall	_SendSPI
  5802     027E                     l1957:
  5803                           
  5804                           ;SourceFiles/nRF24L01.c: 197:  uint8_t FeaturesAfter[2];;SourceFiles/nRF24L01.c: 198:  R
      +                          eadRegister(0x1D, FeaturesAfter);
  5805     027E  3026               	movlw	(low (FeatureTest@FeaturesAfter| 0))& (0+255)
  5806     027F  00F6               	movwf	ReadRegister@result
  5807     0280  301D               	movlw	29
  5808     0281  3180  2091  3182   	fcall	_ReadRegister
  5809     0284                     l1963:	
  5810                           ;SourceFiles/nRF24L01.c: 200:  if (0) {
  5811                           
  5812                           
  5813                           ;SourceFiles/nRF24L01.c: 210:     if (FeaturesAfter[1]) {
  5814     0284  0020               	movlb	0	; select bank0
  5815     0285  0827               	movf	FeatureTest@FeaturesAfter+1,w
  5816     0286  1903               	btfsc	3,2
  5817     0287  2A89               	goto	u951
  5818     0288  2A8A               	goto	u950
  5819     0289                     u951:
  5820     0289  2AAA               	goto	l261
  5821     028A                     u950:
  5822     028A                     l1965:
  5823                           
  5824                           ;SourceFiles/nRF24L01.c: 211:         uint8_t databytes[2] = {0x50, 0x73};
  5825     028A  085F               	movf	FeatureTest@F6472+1,w
  5826     028B  00A3               	movwf	FeatureTest@databytes+1
  5827     028C  085E               	movf	FeatureTest@F6472,w
  5828     028D  00A2               	movwf	FeatureTest@databytes
  5829                           
  5830                           ;SourceFiles/nRF24L01.c: 212:   if (FeaturesBefore[1] == FeaturesAfter[1]) {
  5831     028E  0825               	movf	FeatureTest@FeaturesBefore+1,w
  5832     028F  0627               	xorwf	FeatureTest@FeaturesAfter+1,w
  5833     0290  1D03               	skipz
  5834     0291  2A93               	goto	u961
  5835     0292  2A94               	goto	u960
  5836     0293                     u961:
  5837     0293  2A9D               	goto	l1969
  5838     0294                     u960:
  5839     0294                     l1967:
  5840                           
  5841                           ;SourceFiles/nRF24L01.c: 213:    SendSPI(databytes, result, 2);
  5842     0294  3022               	movlw	(low (FeatureTest@databytes| 0))& (0+255)
  5843     0295  00F2               	movwf	SendSPI@bytes
  5844     0296  087A               	movf	FeatureTest@result,w
  5845     0297  00F3               	movwf	SendSPI@result
  5846     0298  3002               	movlw	2
  5847     0299  00F4               	movwf	SendSPI@n
  5848     029A  3183  2335  3182   	fcall	_SendSPI
  5849     029D                     l1969:
  5850                           
  5851                           ;SourceFiles/nRF24L01.c: 215:         databytes[0] = 0x1D;
  5852     029D  301D               	movlw	29
  5853     029E  0020               	movlb	0	; select bank0
  5854     029F  00A2               	movwf	FeatureTest@databytes
  5855     02A0                     l1971:
  5856                           
  5857                           ;SourceFiles/nRF24L01.c: 216:   databytes[1] = 0x00;
  5858     02A0  01A3               	clrf	FeatureTest@databytes+1
  5859     02A1                     l1973:
  5860                           
  5861                           ;SourceFiles/nRF24L01.c: 217:   SendSPI(databytes, result, 2);
  5862     02A1  3022               	movlw	(low (FeatureTest@databytes| 0))& (0+255)
  5863     02A2  00F2               	movwf	SendSPI@bytes
  5864     02A3  087A               	movf	FeatureTest@result,w
  5865     02A4  00F3               	movwf	SendSPI@result
  5866     02A5  3002               	movlw	2
  5867     02A6  00F4               	movwf	SendSPI@n
  5868     02A7  3183  2335  3182   	fcall	_SendSPI
  5869     02AA                     l261:
  5870     02AA  0008               	return
  5871     02AB                     __end_of_FeatureTest:
  5872                           
  5873                           	psect	text19
  5874     0091                     __ptext19:	
  5875 ;; *************** function _ReadRegister *****************
  5876 ;; Defined at:
  5877 ;;		line 3 in file "SourceFiles/SPI.c"
  5878 ;; Parameters:    Size  Location     Type
  5879 ;;  reg             1    wreg     unsigned char 
  5880 ;;  result          1    6[COMMON] PTR unsigned char 
  5881 ;;		 -> FeatureTest@FeaturesAfter(2), FeatureTest@FeaturesBefore(2), StartRadio@result(2), 
  5882 ;; Auto vars:     Size  Location     Type
  5883 ;;  reg             1    7[COMMON] unsigned char 
  5884 ;;  bytes           2    8[COMMON] unsigned char [2]
  5885 ;; Return value:  Size  Location     Type
  5886 ;;                  1    wreg      void 
  5887 ;; Registers used:
  5888 ;;		wreg, fsr1l, fsr1h, status,2, status,0, pclath, cstack
  5889 ;; Tracked objects:
  5890 ;;		On entry : 0/0
  5891 ;;		On exit  : 0/0
  5892 ;;		Unchanged: 0/0
  5893 ;; Data sizes:     COMMON   BANK0   BANK1   BANK2   BANK3   BANK4   BANK5   BANK6   BANK7   BANK8   BANK9  BANK10  BANK1
      +1  BANK12  BANK13  BANK14  BANK15  BANK16  BANK17  BANK18  BANK19  BANK20  BANK21  BANK22  BANK23  BANK24  BANK25
  5894 ;;      Params:         1       0       0       0       0       0       0       0       0       0       0       0       
      +0       0       0       0       0       0       0       0       0       0       0       0       0       0       0
  5895 ;;      Locals:         3       0       0       0       0       0       0       0       0       0       0       0       
      +0       0       0       0       0       0       0       0       0       0       0       0       0       0       0
  5896 ;;      Temps:          0       0       0       0       0       0       0       0       0       0       0       0       
      +0       0       0       0       0       0       0       0       0       0       0       0       0       0       0
  5897 ;;      Totals:         4       0       0       0       0       0       0       0       0       0       0       0       
      +0       0       0       0       0       0       0       0       0       0       0       0       0       0       0
  5898 ;;Total ram usage:        4 bytes
  5899 ;; Hardware stack levels used: 1
  5900 ;; Hardware stack levels required when called: 2
  5901 ;; This function calls:
  5902 ;;		_SendSPI
  5903 ;; This function is called by:
  5904 ;;		_StartRadio
  5905 ;;		_RFSetup
  5906 ;;		_FeatureTest
  5907 ;; This function uses a non-reentrant model
  5908 ;;
  5909                           
  5910     0091                     _ReadRegister:	
  5911                           ;psect for function _ReadRegister
  5912                           
  5913                           
  5914                           ;incstack = 0
  5915                           ; Regs used in _ReadRegister: [wreg+fsr1l+fsr1h+status,2+status,0+pclath+cstack]
  5916                           ;ReadRegister@reg stored from wreg
  5917     0091  00F7               	movwf	ReadRegister@reg
  5918     0092                     l1853:
  5919                           
  5920                           ;SourceFiles/SPI.c: 4:  uint8_t bytes[] = {0x00 | reg, 0xFF};
  5921     0092  01F8               	clrf	ReadRegister@bytes
  5922     0093  01F9               	clrf	ReadRegister@bytes+1
  5923     0094                     l1855:
  5924     0094  0877               	movf	ReadRegister@reg,w
  5925     0095  00F8               	movwf	ReadRegister@bytes
  5926     0096                     l1857:
  5927     0096  30FF               	movlw	255
  5928     0097  00F9               	movwf	ReadRegister@bytes+1
  5929     0098                     l1859:
  5930                           
  5931                           ;SourceFiles/SPI.c: 5:  SendSPI(bytes, result, 2);
  5932     0098  3078               	movlw	(low (ReadRegister@bytes| 0))& (0+255)
  5933     0099  00F2               	movwf	SendSPI@bytes
  5934     009A  0876               	movf	ReadRegister@result,w
  5935     009B  00F3               	movwf	SendSPI@result
  5936     009C  3002               	movlw	2
  5937     009D  00F4               	movwf	SendSPI@n
  5938     009E  3183  2335  3180   	fcall	_SendSPI
  5939     00A1                     l151:
  5940     00A1  0008               	return
  5941     00A2                     __end_of_ReadRegister:
  5942                           
  5943                           	psect	text20
  5944     048B                     __ptext20:	
  5945 ;; *************** function _ChangeRadioMode *****************
  5946 ;; Defined at:
  5947 ;;		line 109 in file "SourceFiles/nRF24L01.c"
  5948 ;; Parameters:    Size  Location     Type
  5949 ;;  newMode         1    wreg     enum E6393
  5950 ;;  CRCbytes        1    6[COMMON] unsigned char 
  5951 ;;  radioType       1    7[COMMON] enum E6378
  5952 ;; Auto vars:     Size  Location     Type
  5953 ;;  newMode         1    2[BANK0 ] enum E6393
  5954 ;;  databytes       2    3[BANK0 ] unsigned char [2]
  5955 ;;  result          2    0[BANK0 ] unsigned char [2]
  5956 ;;  CONFIGbits      1    5[BANK0 ] struct .
  5957 ;; Return value:  Size  Location     Type
  5958 ;;                  1    wreg      void 
  5959 ;; Registers used:
  5960 ;;		wreg, fsr0l, fsr0h, fsr1l, fsr1h, status,2, status,0, pclath, cstack
  5961 ;; Tracked objects:
  5962 ;;		On entry : 0/0
  5963 ;;		On exit  : 0/0
  5964 ;;		Unchanged: 0/0
  5965 ;; Data sizes:     COMMON   BANK0   BANK1   BANK2   BANK3   BANK4   BANK5   BANK6   BANK7   BANK8   BANK9  BANK10  BANK1
      +1  BANK12  BANK13  BANK14  BANK15  BANK16  BANK17  BANK18  BANK19  BANK20  BANK21  BANK22  BANK23  BANK24  BANK25
  5966 ;;      Params:         2       0       0       0       0       0       0       0       0       0       0       0       
      +0       0       0       0       0       0       0       0       0       0       0       0       0       0       0
  5967 ;;      Locals:         0       6       0       0       0       0       0       0       0       0       0       0       
      +0       0       0       0       0       0       0       0       0       0       0       0       0       0       0
  5968 ;;      Temps:          2       0       0       0       0       0       0       0       0       0       0       0       
      +0       0       0       0       0       0       0       0       0       0       0       0       0       0       0
  5969 ;;      Totals:         4       6       0       0       0       0       0       0       0       0       0       0       
      +0       0       0       0       0       0       0       0       0       0       0       0       0       0       0
  5970 ;;Total ram usage:       10 bytes
  5971 ;; Hardware stack levels used: 1
  5972 ;; Hardware stack levels required when called: 2
  5973 ;; This function calls:
  5974 ;;		_SendSPI
  5975 ;;		_ce
  5976 ;;		_delay
  5977 ;; This function is called by:
  5978 ;;		_StartRadio
  5979 ;;		_StartListening
  5980 ;;		_configureTX
  5981 ;; This function uses a non-reentrant model
  5982 ;;
  5983                           
  5984     048B                     _ChangeRadioMode:	
  5985                           ;psect for function _ChangeRadioMode
  5986                           
  5987                           
  5988                           ;incstack = 0
  5989                           ; Regs used in _ChangeRadioMode: [wreg-fsr1h+status,2+status,0+pclath+cstack]
  5990                           ;ChangeRadioMode@newMode stored from wreg
  5991     048B  0020               	movlb	0	; select bank0
  5992     048C  00A2               	movwf	ChangeRadioMode@newMode
  5993     048D                     l1861:
  5994                           
  5995                           ;SourceFiles/nRF24L01.c: 110:  CONFIGbits_t CONFIGbits = {0};
  5996     048D  084C               	movf	ChangeRadioMode@F6458,w
  5997     048E  00A5               	movwf	ChangeRadioMode@CONFIGbits
  5998     048F                     l1863:
  5999                           
  6000                           ;SourceFiles/nRF24L01.c: 111:  CONFIGbits.EN_CRC = 1;
  6001     048F  15A5               	bsf	ChangeRadioMode@CONFIGbits,3
  6002     0490                     l1865:
  6003                           
  6004                           ;SourceFiles/nRF24L01.c: 112:  CONFIGbits.CRCO = CRCbytes;
  6005     0490  0876               	movf	ChangeRadioMode@CRCbytes,w
  6006     0491  3901               	andlw	1
  6007     0492  1125               	bcf	ChangeRadioMode@CONFIGbits,2
  6008     0493  1D03               	skipz
  6009     0494  1525               	bsf	ChangeRadioMode@CONFIGbits,2
  6010     0495                     l1867:
  6011                           
  6012                           ;SourceFiles/nRF24L01.c: 113:  CONFIGbits.MASK_RX_DR = 0;
  6013     0495  1325               	bcf	ChangeRadioMode@CONFIGbits,6
  6014     0496                     l1869:
  6015                           
  6016                           ;SourceFiles/nRF24L01.c: 114:  CONFIGbits.MASK_TX_DS = 0;
  6017     0496  12A5               	bcf	ChangeRadioMode@CONFIGbits,5
  6018     0497                     l1871:
  6019                           
  6020                           ;SourceFiles/nRF24L01.c: 115:  CONFIGbits.MASK_MAX_RT = 0;
  6021     0497  1225               	bcf	ChangeRadioMode@CONFIGbits,4
  6022                           
  6023                           ;SourceFiles/nRF24L01.c: 116:  switch (newMode) {
  6024     0498  2CC4               	goto	l1885
  6025     0499                     l240:	
  6026                           ;SourceFiles/nRF24L01.c: 117:  case RX:
  6027                           
  6028                           
  6029                           ;SourceFiles/nRF24L01.c: 118:   {;SourceFiles/nRF24L01.c: 119:    CONFIGbits.PWR_UP = 1;
  6030     0499  14A5               	bsf	ChangeRadioMode@CONFIGbits,1
  6031                           
  6032                           ;SourceFiles/nRF24L01.c: 120:    CONFIGbits.PRIM_RX = 1;
  6033     049A  1425               	bsf	ChangeRadioMode@CONFIGbits,0
  6034     049B                     l1873:
  6035                           
  6036                           ;SourceFiles/nRF24L01.c: 121:    ce(radioType, HIGH);
  6037     049B  01F0               	clrf	ce@level
  6038     049C  0AF0               	incf	ce@level,f
  6039     049D  0877               	movf	ChangeRadioMode@radioType,w
  6040     049E  3180  20C1  3184   	fcall	_ce
  6041                           
  6042                           ;SourceFiles/nRF24L01.c: 122:    break;
  6043     04A1  2CDD               	goto	l241
  6044     04A2                     l242:	
  6045                           ;SourceFiles/nRF24L01.c: 123:   };SourceFiles/nRF24L01.c: 125:  case TX:
  6046                           
  6047                           
  6048                           ;SourceFiles/nRF24L01.c: 126:   {;SourceFiles/nRF24L01.c: 127:    CONFIGbits.PWR_UP = 1;
  6049     04A2  14A5               	bsf	ChangeRadioMode@CONFIGbits,1
  6050                           
  6051                           ;SourceFiles/nRF24L01.c: 128:    CONFIGbits.PRIM_RX = 0;
  6052     04A3  1025               	bcf	ChangeRadioMode@CONFIGbits,0
  6053     04A4                     l1875:
  6054                           
  6055                           ;SourceFiles/nRF24L01.c: 129:    ce(radioType, HIGH);
  6056     04A4  01F0               	clrf	ce@level
  6057     04A5  0AF0               	incf	ce@level,f
  6058     04A6  0877               	movf	ChangeRadioMode@radioType,w
  6059     04A7  3180  20C1  3184   	fcall	_ce
  6060                           
  6061                           ;SourceFiles/nRF24L01.c: 130:    break;
  6062     04AA  2CDD               	goto	l241
  6063     04AB                     l243:	
  6064                           ;SourceFiles/nRF24L01.c: 131:   };SourceFiles/nRF24L01.c: 133:  case Standby2:
  6065                           
  6066                           
  6067                           ;SourceFiles/nRF24L01.c: 134:   {;SourceFiles/nRF24L01.c: 137:    CONFIGbits.PWR_UP = 1;
  6068     04AB  14A5               	bsf	ChangeRadioMode@CONFIGbits,1
  6069                           
  6070                           ;SourceFiles/nRF24L01.c: 138:    CONFIGbits.PRIM_RX = 0;
  6071     04AC  1025               	bcf	ChangeRadioMode@CONFIGbits,0
  6072     04AD                     l1877:
  6073                           
  6074                           ;SourceFiles/nRF24L01.c: 139:    ce(radioType, HIGH);
  6075     04AD  01F0               	clrf	ce@level
  6076     04AE  0AF0               	incf	ce@level,f
  6077     04AF  0877               	movf	ChangeRadioMode@radioType,w
  6078     04B0  3180  20C1  3184   	fcall	_ce
  6079                           
  6080                           ;SourceFiles/nRF24L01.c: 140:    break;
  6081     04B3  2CDD               	goto	l241
  6082     04B4                     l244:	
  6083                           ;SourceFiles/nRF24L01.c: 141:   };SourceFiles/nRF24L01.c: 143:  case Standby1:
  6084                           
  6085                           
  6086                           ;SourceFiles/nRF24L01.c: 144:   {;SourceFiles/nRF24L01.c: 145:    CONFIGbits.PWR_UP = 1;
  6087     04B4  14A5               	bsf	ChangeRadioMode@CONFIGbits,1
  6088                           
  6089                           ;SourceFiles/nRF24L01.c: 146:    CONFIGbits.PRIM_RX = 0;
  6090     04B5  1025               	bcf	ChangeRadioMode@CONFIGbits,0
  6091     04B6                     l1879:
  6092                           
  6093                           ;SourceFiles/nRF24L01.c: 147:    ce(radioType, LOW);
  6094     04B6  01F0               	clrf	ce@level
  6095     04B7  0877               	movf	ChangeRadioMode@radioType,w
  6096     04B8  3180  20C1  3184   	fcall	_ce
  6097                           
  6098                           ;SourceFiles/nRF24L01.c: 148:    break;
  6099     04BB  2CDD               	goto	l241
  6100     04BC                     l245:	
  6101                           ;SourceFiles/nRF24L01.c: 149:   };SourceFiles/nRF24L01.c: 151:  case PowerDown:
  6102                           
  6103                           
  6104                           ;SourceFiles/nRF24L01.c: 152:   {;SourceFiles/nRF24L01.c: 153:    CONFIGbits.PWR_UP = 0;
  6105     04BC  10A5               	bcf	ChangeRadioMode@CONFIGbits,1
  6106                           
  6107                           ;SourceFiles/nRF24L01.c: 154:    CONFIGbits.PRIM_RX = 0;
  6108     04BD  1025               	bcf	ChangeRadioMode@CONFIGbits,0
  6109     04BE                     l1881:
  6110                           
  6111                           ;SourceFiles/nRF24L01.c: 155:    ce(radioType, LOW);
  6112     04BE  01F0               	clrf	ce@level
  6113     04BF  0877               	movf	ChangeRadioMode@radioType,w
  6114     04C0  3180  20C1  3184   	fcall	_ce
  6115                           
  6116                           ;SourceFiles/nRF24L01.c: 156:    break;
  6117     04C3  2CDD               	goto	l241
  6118     04C4                     l1885:
  6119     04C4  0822               	movf	ChangeRadioMode@newMode,w
  6120     04C5  00F8               	movwf	??_ChangeRadioMode
  6121     04C6  01F9               	clrf	??_ChangeRadioMode+1
  6122                           
  6123                           ; Switch on 2 bytes has been partitioned into a top level switch of size 1, and 1 sub-sw
      +                          itches
  6124                           ; Switch size 1, requested type "simple"
  6125                           ; Number of cases is 1, Range of values is 0 to 0
  6126                           ; switch strategies available:
  6127                           ; Name         Instructions Cycles
  6128                           ; simple_byte            4     3 (average)
  6129                           ; direct_byte            8     6 (fixed)
  6130                           ; jumptable            260     6 (fixed)
  6131                           ;	Chosen strategy is simple_byte
  6132     04C7  0879               	movf	??_ChangeRadioMode+1,w
  6133     04C8  3A00               	xorlw	0	; case 0
  6134     04C9  1903               	skipnz
  6135     04CA  2CCC               	goto	l2599
  6136     04CB  2CDD               	goto	l241
  6137     04CC                     l2599:
  6138                           
  6139                           ; Switch size 1, requested type "simple"
  6140                           ; Number of cases is 5, Range of values is 0 to 4
  6141                           ; switch strategies available:
  6142                           ; Name         Instructions Cycles
  6143                           ; direct_byte           16     6 (fixed)
  6144                           ; simple_byte           16     9 (average)
  6145                           ; jumptable            260     6 (fixed)
  6146                           ;	Chosen strategy is simple_byte
  6147     04CC  0878               	movf	??_ChangeRadioMode,w
  6148     04CD  3A00               	xorlw	0	; case 0
  6149     04CE  1903               	skipnz
  6150     04CF  2C99               	goto	l240
  6151     04D0  3A01               	xorlw	1	; case 1
  6152     04D1  1903               	skipnz
  6153     04D2  2CA2               	goto	l242
  6154     04D3  3A03               	xorlw	3	; case 2
  6155     04D4  1903               	skipnz
  6156     04D5  2CAB               	goto	l243
  6157     04D6  3A01               	xorlw	1	; case 3
  6158     04D7  1903               	skipnz
  6159     04D8  2CB4               	goto	l244
  6160     04D9  3A07               	xorlw	7	; case 4
  6161     04DA  1903               	skipnz
  6162     04DB  2CBC               	goto	l245
  6163     04DC  2CDD               	goto	l241
  6164     04DD                     l241:
  6165                           
  6166                           ;SourceFiles/nRF24L01.c: 159:  uint8_t databytes[2];;SourceFiles/nRF24L01.c: 160:     ui
      +                          nt8_t result[2];;SourceFiles/nRF24L01.c: 161:     databytes[0] = 0x20 | 0x00;
  6167     04DD  3020               	movlw	32
  6168     04DE  0020               	movlb	0	; select bank0
  6169     04DF  00A3               	movwf	ChangeRadioMode@databytes
  6170     04E0                     l1887:
  6171                           
  6172                           ;SourceFiles/nRF24L01.c: 162:     databytes[1] = CONFIGbits.w;
  6173     04E0  0825               	movf	ChangeRadioMode@CONFIGbits,w
  6174     04E1  00A4               	movwf	ChangeRadioMode@databytes+1
  6175     04E2                     l1889:
  6176                           
  6177                           ;SourceFiles/nRF24L01.c: 163:     SendSPI(databytes, result, 2);
  6178     04E2  3023               	movlw	(low (ChangeRadioMode@databytes| 0))& (0+255)
  6179     04E3  00F2               	movwf	SendSPI@bytes
  6180     04E4  3020               	movlw	(low (ChangeRadioMode@result| 0))& (0+255)
  6181     04E5  00F3               	movwf	SendSPI@result
  6182     04E6  3002               	movlw	2
  6183     04E7  00F4               	movwf	SendSPI@n
  6184     04E8  3183  2335  3184   	fcall	_SendSPI
  6185     04EB                     l1891:
  6186                           
  6187                           ;SourceFiles/nRF24L01.c: 164:  delay(10000);
  6188     04EB  3010               	movlw	16
  6189     04EC  00F0               	movwf	delay@length
  6190     04ED  3027               	movlw	39
  6191     04EE  00F1               	movwf	delay@length+1
  6192     04EF  3180  2050  3184   	fcall	_delay
  6193     04F2                     l246:
  6194     04F2  0008               	return
  6195     04F3                     __end_of_ChangeRadioMode:
  6196                           
  6197                           	psect	text21
  6198     00C1                     __ptext21:	
  6199 ;; *************** function _ce *****************
  6200 ;; Defined at:
  6201 ;;		line 67 in file "SourceFiles/nRF24L01.c"
  6202 ;; Parameters:    Size  Location     Type
  6203 ;;  radioType       1    wreg     enum E6378
  6204 ;;  level           1    0[COMMON] enum E6335
  6205 ;; Auto vars:     Size  Location     Type
  6206 ;;  radioType       1    1[COMMON] enum E6378
  6207 ;; Return value:  Size  Location     Type
  6208 ;;                  1    wreg      void 
  6209 ;; Registers used:
  6210 ;;		wreg, status,2, status,0
  6211 ;; Tracked objects:
  6212 ;;		On entry : 0/0
  6213 ;;		On exit  : 0/0
  6214 ;;		Unchanged: 0/0
  6215 ;; Data sizes:     COMMON   BANK0   BANK1   BANK2   BANK3   BANK4   BANK5   BANK6   BANK7   BANK8   BANK9  BANK10  BANK1
      +1  BANK12  BANK13  BANK14  BANK15  BANK16  BANK17  BANK18  BANK19  BANK20  BANK21  BANK22  BANK23  BANK24  BANK25
  6216 ;;      Params:         1       0       0       0       0       0       0       0       0       0       0       0       
      +0       0       0       0       0       0       0       0       0       0       0       0       0       0       0
  6217 ;;      Locals:         1       0       0       0       0       0       0       0       0       0       0       0       
      +0       0       0       0       0       0       0       0       0       0       0       0       0       0       0
  6218 ;;      Temps:          0       0       0       0       0       0       0       0       0       0       0       0       
      +0       0       0       0       0       0       0       0       0       0       0       0       0       0       0
  6219 ;;      Totals:         2       0       0       0       0       0       0       0       0       0       0       0       
      +0       0       0       0       0       0       0       0       0       0       0       0       0       0       0
  6220 ;;Total ram usage:        2 bytes
  6221 ;; Hardware stack levels used: 1
  6222 ;; This function calls:
  6223 ;;		Nothing
  6224 ;; This function is called by:
  6225 ;;		_main
  6226 ;;		_ChangeRadioMode
  6227 ;;		_transmitPayload
  6228 ;; This function uses a non-reentrant model
  6229 ;;
  6230                           
  6231     00C1                     _ce:	
  6232                           ;psect for function _ce
  6233                           
  6234                           
  6235                           ;incstack = 0
  6236                           ; Regs used in _ce: [wreg+status,2+status,0]
  6237                           ;ce@radioType stored from wreg
  6238     00C1  00F1               	movwf	ce@radioType
  6239     00C2                     l1803:
  6240                           
  6241                           ;SourceFiles/nRF24L01.c: 68:     if (radioType == TRANSMITTER) {
  6242     00C2  0371               	decf	ce@radioType,w
  6243     00C3  1D03               	btfss	3,2
  6244     00C4  28C6               	goto	u731
  6245     00C5  28C7               	goto	u730
  6246     00C6                     u731:
  6247     00C6  28D7               	goto	l1813
  6248     00C7                     u730:
  6249     00C7                     l1805:
  6250                           
  6251                           ;SourceFiles/nRF24L01.c: 69:         if (level == LOW) {
  6252     00C7  0870               	movf	ce@level,w
  6253     00C8  1D03               	btfss	3,2
  6254     00C9  28CB               	goto	u741
  6255     00CA  28CC               	goto	u740
  6256     00CB                     u741:
  6257     00CB  28CF               	goto	l1809
  6258     00CC                     u740:
  6259     00CC                     l1807:
  6260                           
  6261                           ;SourceFiles/nRF24L01.c: 70:             LATAbits.LATA2 = 0;
  6262     00CC  0022               	movlb	2	; select bank2
  6263     00CD  110C               	bcf	12,2	;volatile
  6264                           
  6265                           ;SourceFiles/nRF24L01.c: 71:         } else if (level == HIGH) {
  6266     00CE  28EB               	goto	l221
  6267     00CF                     l1809:
  6268     00CF  0370               	decf	ce@level,w
  6269     00D0  1D03               	btfss	3,2
  6270     00D1  28D3               	goto	u751
  6271     00D2  28D4               	goto	u750
  6272     00D3                     u751:
  6273     00D3  28EB               	goto	l221
  6274     00D4                     u750:
  6275     00D4                     l1811:
  6276                           
  6277                           ;SourceFiles/nRF24L01.c: 72:             LATAbits.LATA2 = 1;
  6278     00D4  0022               	movlb	2	; select bank2
  6279     00D5  150C               	bsf	12,2	;volatile
  6280     00D6  28EB               	goto	l221
  6281     00D7                     l1813:
  6282     00D7  0871               	movf	ce@radioType,w
  6283     00D8  1D03               	btfss	3,2
  6284     00D9  28DB               	goto	u761
  6285     00DA  28DC               	goto	u760
  6286     00DB                     u761:
  6287     00DB  28EB               	goto	l221
  6288     00DC                     u760:
  6289     00DC                     l1815:
  6290                           
  6291                           ;SourceFiles/nRF24L01.c: 75:         if (level == LOW) {
  6292     00DC  0870               	movf	ce@level,w
  6293     00DD  1D03               	btfss	3,2
  6294     00DE  28E0               	goto	u771
  6295     00DF  28E1               	goto	u770
  6296     00E0                     u771:
  6297     00E0  28E4               	goto	l1819
  6298     00E1                     u770:
  6299     00E1                     l1817:
  6300                           
  6301                           ;SourceFiles/nRF24L01.c: 76:             LATCbits.LATC5 = 0;
  6302     00E1  0022               	movlb	2	; select bank2
  6303     00E2  128E               	bcf	14,5	;volatile
  6304                           
  6305                           ;SourceFiles/nRF24L01.c: 77:         } else if (level == HIGH) {
  6306     00E3  28EB               	goto	l221
  6307     00E4                     l1819:
  6308     00E4  0370               	decf	ce@level,w
  6309     00E5  1D03               	btfss	3,2
  6310     00E6  28E8               	goto	u781
  6311     00E7  28E9               	goto	u780
  6312     00E8                     u781:
  6313     00E8  28EB               	goto	l221
  6314     00E9                     u780:
  6315     00E9                     l1821:
  6316                           
  6317                           ;SourceFiles/nRF24L01.c: 78:             LATCbits.LATC5 = 1;
  6318     00E9  0022               	movlb	2	; select bank2
  6319     00EA  168E               	bsf	14,5	;volatile
  6320     00EB                     l221:
  6321     00EB  0008               	return
  6322     00EC                     __end_of_ce:
  6323                           
  6324                           	psect	text22
  6325     0335                     __ptext22:	
  6326 ;; *************** function _SendSPI *****************
  6327 ;; Defined at:
  6328 ;;		line 8 in file "SourceFiles/SPI.c"
  6329 ;; Parameters:    Size  Location     Type
  6330 ;;  bytes           1    2[COMMON] PTR unsigned char 
  6331 ;;		 -> configureTX@databytes(6), configureRX@bytes(2), payload(9), transmitPayload@databytes(2), 
  6332 ;;		 -> StartListening@bytes(6), readRXFIFO@bytes(9), SetupRetries@databytes(2), FeatureTest@databytes(2), 
  6333 ;;		 -> FeatureTest@bytes(2), SetupPayloadSize@databytes(2), ChangeRadioMode@databytes(2), RFSetup@databytes(2), 
  6334 ;;		 -> FlushTX@bytes(1), FlushRX@bytes(1), StartRadio@databytes(2), sendNOP@bytes(1), 
  6335 ;;		 -> ReadRegister@bytes(2), bytes(7), 
  6336 ;;  result          1    3[COMMON] PTR unsigned char 
  6337 ;;		 -> configureTX@result(6), configureRX@result(2), transmitPayload@result_959(9), transmitPayload@result(2), 
  6338 ;;		 -> StartListening@result(2), FeatureTest@FeaturesAfter(2), FeatureTest@FeaturesBefore(2), ChangeRadioMode@result(2)
      +, 
  6339 ;;		 -> FlushTX@result(1), FlushRX@result(1), StartRadio@result(2), result(7), 
  6340 ;;  n               1    4[COMMON] unsigned char 
  6341 ;; Auto vars:     Size  Location     Type
  6342 ;;  i               1    5[COMMON] unsigned char 
  6343 ;; Return value:  Size  Location     Type
  6344 ;;                  1    wreg      void 
  6345 ;; Registers used:
  6346 ;;		wreg, fsr1l, fsr1h, status,2, status,0, pclath, cstack
  6347 ;; Tracked objects:
  6348 ;;		On entry : 0/0
  6349 ;;		On exit  : 0/0
  6350 ;;		Unchanged: 0/0
  6351 ;; Data sizes:     COMMON   BANK0   BANK1   BANK2   BANK3   BANK4   BANK5   BANK6   BANK7   BANK8   BANK9  BANK10  BANK1
      +1  BANK12  BANK13  BANK14  BANK15  BANK16  BANK17  BANK18  BANK19  BANK20  BANK21  BANK22  BANK23  BANK24  BANK25
  6352 ;;      Params:         3       0       0       0       0       0       0       0       0       0       0       0       
      +0       0       0       0       0       0       0       0       0       0       0       0       0       0       0
  6353 ;;      Locals:         1       0       0       0       0       0       0       0       0       0       0       0       
      +0       0       0       0       0       0       0       0       0       0       0       0       0       0       0
  6354 ;;      Temps:          0       0       0       0       0       0       0       0       0       0       0       0       
      +0       0       0       0       0       0       0       0       0       0       0       0       0       0       0
  6355 ;;      Totals:         4       0       0       0       0       0       0       0       0       0       0       0       
      +0       0       0       0       0       0       0       0       0       0       0       0       0       0       0
  6356 ;;Total ram usage:        4 bytes
  6357 ;; Hardware stack levels used: 1
  6358 ;; Hardware stack levels required when called: 1
  6359 ;; This function calls:
  6360 ;;		_delay
  6361 ;; This function is called by:
  6362 ;;		_main
  6363 ;;		_ReadRegister
  6364 ;;		_sendNOP
  6365 ;;		_StartRadio
  6366 ;;		_FlushRX
  6367 ;;		_FlushTX
  6368 ;;		_RFSetup
  6369 ;;		_ChangeRadioMode
  6370 ;;		_SetupPayloadSize
  6371 ;;		_FeatureTest
  6372 ;;		_SetupRetries
  6373 ;;		_readRXFIFO
  6374 ;;		_StartListening
  6375 ;;		_transmitPayload
  6376 ;;		_configureRX
  6377 ;;		_configureTX
  6378 ;; This function uses a non-reentrant model
  6379 ;;
  6380                           
  6381     0335                     _SendSPI:	
  6382                           ;psect for function _SendSPI
  6383                           
  6384     0335                     l1823:	
  6385                           ;incstack = 0
  6386                           ; Regs used in _SendSPI: [wreg+fsr1l+fsr1h+status,2+status,0+pclath+cstack]
  6387                           
  6388                           
  6389                           ;SourceFiles/SPI.c: 9:  if (n == 1) {
  6390     0335  0374               	decf	SendSPI@n,w
  6391     0336  1D03               	btfss	3,2
  6392     0337  2B39               	goto	u791
  6393     0338  2B3A               	goto	u790
  6394     0339                     u791:
  6395     0339  2B4E               	goto	l154
  6396     033A                     u790:
  6397     033A                     l1825:
  6398                           
  6399                           ;SourceFiles/SPI.c: 10:   LATAbits.LATA4 = 0;
  6400     033A  0022               	movlb	2	; select bank2
  6401     033B  120C               	bcf	12,4	;volatile
  6402     033C                     l1827:
  6403                           
  6404                           ;SourceFiles/SPI.c: 11:   SSP1BUF = bytes[0];
  6405     033C  0872               	movf	SendSPI@bytes,w
  6406     033D  0086               	movwf	6
  6407     033E  0187               	clrf	7
  6408     033F  0801               	movf	1,w
  6409     0340  0024               	movlb	4	; select bank4
  6410     0341  0091               	movwf	17	;volatile
  6411     0342                     l155:	
  6412                           ;SourceFiles/SPI.c: 12:   while (!SSP1STATbits.BF);
  6413                           
  6414     0342  1C14               	btfss	20,0	;volatile
  6415     0343  2B45               	goto	u801
  6416     0344  2B46               	goto	u800
  6417     0345                     u801:
  6418     0345  2B42               	goto	l155
  6419     0346                     u800:
  6420     0346                     l1829:
  6421                           
  6422                           ;SourceFiles/SPI.c: 13:   result[0] = SSP1BUF;
  6423     0346  0873               	movf	SendSPI@result,w
  6424     0347  0086               	movwf	6
  6425     0348  0187               	clrf	7
  6426     0349  0811               	movf	17,w	;volatile
  6427     034A  0081               	movwf	1
  6428     034B                     l1831:
  6429                           
  6430                           ;SourceFiles/SPI.c: 14:   LATAbits.LATA4 = 1;
  6431     034B  0022               	movlb	2	; select bank2
  6432     034C  160C               	bsf	12,4	;volatile
  6433                           
  6434                           ;SourceFiles/SPI.c: 15:  } else {
  6435     034D  2B7E               	goto	l1851
  6436     034E                     l154:
  6437                           
  6438                           ;SourceFiles/SPI.c: 16:   LATAbits.LATA4 = 0;
  6439     034E  0022               	movlb	2	; select bank2
  6440     034F  120C               	bcf	12,4	;volatile
  6441     0350                     l1833:
  6442                           
  6443                           ;SourceFiles/SPI.c: 17:   for (uint8_t i = 0; i < n; i++) {
  6444     0350  01F5               	clrf	SendSPI@i
  6445     0351  2B76               	goto	l1849
  6446     0352                     l1835:
  6447                           
  6448                           ;SourceFiles/SPI.c: 19:                 SSP1BUF;
  6449     0352  0811               	movf	17,w	;volatile
  6450     0353                     l1837:
  6451                           
  6452                           ;SourceFiles/SPI.c: 18:             while (SSP1STATbits.BF) {
  6453     0353  0024               	movlb	4	; select bank4
  6454     0354  1814               	btfsc	20,0	;volatile
  6455     0355  2B57               	goto	u811
  6456     0356  2B58               	goto	u810
  6457     0357                     u811:
  6458     0357  2B52               	goto	l1835
  6459     0358                     u810:
  6460     0358                     l1839:
  6461                           
  6462                           ;SourceFiles/SPI.c: 21:    SSP1BUF = bytes[i];
  6463     0358  0872               	movf	SendSPI@bytes,w
  6464     0359  0775               	addwf	SendSPI@i,w
  6465     035A  0086               	movwf	6
  6466     035B  0187               	clrf	7
  6467     035C  0801               	movf	1,w
  6468     035D  0091               	movwf	17	;volatile
  6469     035E                     l164:	
  6470                           ;SourceFiles/SPI.c: 24:             }
  6471                           
  6472                           
  6473                           ;SourceFiles/SPI.c: 22:    while (!SSP1STATbits.BF) {
  6474     035E  1C14               	btfss	20,0	;volatile
  6475     035F  2B61               	goto	u821
  6476     0360  2B62               	goto	u820
  6477     0361                     u821:
  6478     0361  2B5E               	goto	l164
  6479     0362                     u820:
  6480     0362                     l166:
  6481                           
  6482                           ;SourceFiles/SPI.c: 26:             if (SSP1CON1bits.WCOL) {
  6483     0362  1F95               	btfss	21,7	;volatile
  6484     0363  2B65               	goto	u831
  6485     0364  2B66               	goto	u830
  6486     0365                     u831:
  6487     0365  2B6E               	goto	l1845
  6488     0366                     u830:
  6489     0366                     l1841:
  6490                           
  6491                           ;SourceFiles/SPI.c: 27:                 SSP1CON1bits.WCOL = 0;
  6492     0366  1395               	bcf	21,7	;volatile
  6493     0367                     l1843:
  6494                           
  6495                           ;SourceFiles/SPI.c: 28:                 result[i] = 0xFF;
  6496     0367  0873               	movf	SendSPI@result,w
  6497     0368  0775               	addwf	SendSPI@i,w
  6498     0369  0086               	movwf	6
  6499     036A  0187               	clrf	7
  6500     036B  30FF               	movlw	255
  6501     036C  0081               	movwf	1
  6502                           
  6503                           ;SourceFiles/SPI.c: 29:             } else {
  6504     036D  2B74               	goto	l1847
  6505     036E                     l1845:
  6506                           
  6507                           ;SourceFiles/SPI.c: 30:                 result[i] = SSP1BUF;
  6508     036E  0873               	movf	SendSPI@result,w
  6509     036F  0775               	addwf	SendSPI@i,w
  6510     0370  0086               	movwf	6
  6511     0371  0187               	clrf	7
  6512     0372  0811               	movf	17,w	;volatile
  6513     0373  0081               	movwf	1
  6514     0374                     l1847:
  6515                           
  6516                           ;SourceFiles/SPI.c: 32:   }
  6517     0374  3001               	movlw	1
  6518     0375  07F5               	addwf	SendSPI@i,f
  6519     0376                     l1849:
  6520     0376  0874               	movf	SendSPI@n,w
  6521     0377  0275               	subwf	SendSPI@i,w
  6522     0378  1C03               	skipc
  6523     0379  2B7B               	goto	u841
  6524     037A  2B7C               	goto	u840
  6525     037B                     u841:
  6526     037B  2B53               	goto	l1837
  6527     037C                     u840:
  6528     037C                     l169:
  6529                           
  6530                           ;SourceFiles/SPI.c: 33:   LATAbits.LATA4 = 1;
  6531     037C  0022               	movlb	2	; select bank2
  6532     037D  160C               	bsf	12,4	;volatile
  6533     037E                     l1851:
  6534                           
  6535                           ;SourceFiles/SPI.c: 35:  delay(45);
  6536     037E  302D               	movlw	45
  6537     037F  00F0               	movwf	delay@length
  6538     0380  3000               	movlw	0
  6539     0381  00F1               	movwf	delay@length+1
  6540     0382  3180  2050  3183   	fcall	_delay
  6541     0385                     l170:
  6542     0385  0008               	return
  6543     0386                     __end_of_SendSPI:
  6544                           
  6545                           	psect	text23
  6546     0050                     __ptext23:	
  6547 ;; *************** function _delay *****************
  6548 ;; Defined at:
  6549 ;;		line 38 in file "SourceFiles/SPI.c"
  6550 ;; Parameters:    Size  Location     Type
  6551 ;;  length          2    0[COMMON] volatile int 
  6552 ;; Auto vars:     Size  Location     Type
  6553 ;;		None
  6554 ;; Return value:  Size  Location     Type
  6555 ;;                  1    wreg      void 
  6556 ;; Registers used:
  6557 ;;		wreg
  6558 ;; Tracked objects:
  6559 ;;		On entry : 0/0
  6560 ;;		On exit  : 0/0
  6561 ;;		Unchanged: 0/0
  6562 ;; Data sizes:     COMMON   BANK0   BANK1   BANK2   BANK3   BANK4   BANK5   BANK6   BANK7   BANK8   BANK9  BANK10  BANK1
      +1  BANK12  BANK13  BANK14  BANK15  BANK16  BANK17  BANK18  BANK19  BANK20  BANK21  BANK22  BANK23  BANK24  BANK25
  6563 ;;      Params:         2       0       0       0       0       0       0       0       0       0       0       0       
      +0       0       0       0       0       0       0       0       0       0       0       0       0       0       0
  6564 ;;      Locals:         0       0       0       0       0       0       0       0       0       0       0       0       
      +0       0       0       0       0       0       0       0       0       0       0       0       0       0       0
  6565 ;;      Temps:          0       0       0       0       0       0       0       0       0       0       0       0       
      +0       0       0       0       0       0       0       0       0       0       0       0       0       0       0
  6566 ;;      Totals:         2       0       0       0       0       0       0       0       0       0       0       0       
      +0       0       0       0       0       0       0       0       0       0       0       0       0       0       0
  6567 ;;Total ram usage:        2 bytes
  6568 ;; Hardware stack levels used: 1
  6569 ;; This function calls:
  6570 ;;		Nothing
  6571 ;; This function is called by:
  6572 ;;		_main
  6573 ;;		_SendSPI
  6574 ;;		_ChangeRadioMode
  6575 ;;		_transmitPayload
  6576 ;; This function uses a non-reentrant model
  6577 ;;
  6578                           
  6579     0050                     _delay:	
  6580                           ;psect for function _delay
  6581                           
  6582     0050                     l1797:	
  6583                           ;incstack = 0
  6584                           ; Regs used in _delay: [wreg]
  6585                           
  6586                           
  6587                           ;SourceFiles/SPI.c: 39:  while (length >= 0) {
  6588     0050  2855               	goto	l1801
  6589     0051                     l1799:
  6590                           
  6591                           ;SourceFiles/SPI.c: 40:      length--;
  6592     0051  30FF               	movlw	255
  6593     0052  07F0               	addwf	delay@length,f	;volatile
  6594     0053  30FF               	movlw	255
  6595     0054  3DF1               	addwfc	delay@length+1,f	;volatile
  6596     0055                     l1801:
  6597                           
  6598                           ;SourceFiles/SPI.c: 39:  while (length >= 0) {
  6599     0055  1FF1               	btfss	delay@length+1,7	;volatile
  6600     0056  2858               	goto	u721
  6601     0057  2859               	goto	u720
  6602     0058                     u721:
  6603     0058  2851               	goto	l1799
  6604     0059                     u720:
  6605     0059                     l176:
  6606     0059  0008               	return
  6607     005A                     __end_of_delay:
  6608     0003                     ___latbits      equ	3
  6609     007E                     btemp           set	126	;btemp
  6610     007E                     wtemp0          set	126
  6611                           
  6612                           	psect	config
  6613                           
  6614                           ;Config register CONFIG1 @ 0x8007
  6615                           ;	FEXTOSC External Oscillator mode Selection bits
  6616                           ;	FEXTOSC = OFF, Oscillator not enabled
  6617                           ;	Power-up default value for COSC bits
  6618                           ;	RSTOSC = HFINT1, HFINTOSC (1MHz)
  6619                           ;	Clock Out Enable bit
  6620                           ;	CLKOUTEN = 0x1, unprogrammed default
  6621                           ;	Clock Switch Enable bit
  6622                           ;	CSWEN = 0x1, unprogrammed default
  6623                           ;	Fail-Safe Clock Monitor Enable
  6624                           ;	FCMEN = 0x1, unprogrammed default
  6625     8007                     	org	32775
  6626     8007  3FEC               	dw	16364
  6627                           
  6628                           ;Config register CONFIG2 @ 0x8008
  6629                           ;	Master Clear Enable bit
  6630                           ;	MCLRE = ON, MCLR/VPP pin function is MCLR; Weak pull-up enabled
  6631                           ;	Power-up Timer Enable bit
  6632                           ;	PWRTE = 0x1, unprogrammed default
  6633                           ;	Watchdog Timer Enable bits
  6634                           ;	WDTE = OFF, WDT disabled; SWDTEN is ignored
  6635                           ;	Low-power BOR enable bit
  6636                           ;	LPBOREN = 0x1, unprogrammed default
  6637                           ;	Brown-out Reset Enable bits
  6638                           ;	BOREN = 0x3, unprogrammed default
  6639                           ;	Brown-out Reset Voltage selection bit
  6640                           ;	BORV = 0x1, unprogrammed default
  6641                           ;	PPSLOCK bit One-Way Set Enable bit
  6642                           ;	PPS1WAY = 0x1, unprogrammed default
  6643                           ;	Stack Overflow/Underflow Reset Enable bit
  6644                           ;	STVREN = 0x1, unprogrammed default
  6645                           ;	Debugger enable bit
  6646                           ;	DEBUG = 0x1, unprogrammed default
  6647     8008                     	org	32776
  6648     8008  3FF3               	dw	16371

Data Sizes:
    Strings     0
    Constant    0
    Data        16
    BSS         36
    Persistent  32
    Stack       0

Auto Spaces:
    Space          Size  Autos    Used
    COMMON           14     14      14
    BANK0            80     35      78
    BANK1            80      0       9
    BANK2            80      0       0
    BANK3            80      0       0
    BANK4            80      0       0
    BANK5            80      0       0
    BANK6            80      0       0
    BANK7            80      0       0
    BANK8            80      0       0
    BANK9            80      0       0
    BANK10           80      0       0
    BANK11           80      0       0
    BANK12           80      0       0
    BANK13           80      0       0
    BANK14           80      0       0
    BANK15           80      0       0
    BANK16           80      0       0
    BANK17           80      0       0
    BANK18           80      0       0
    BANK19           80      0       0
    BANK20           80      0       0
    BANK21           80      0       0
    BANK22           80      0       0
    BANK23           80      0       0
    BANK24           80      0       0
    BANK25           32      0       0

Pointer List with Targets:

    configureRX@address	PTR unsigned char  size(1) Largest target is 5
		 -> address(BANK0[5]), 

    configureTX@address	PTR unsigned char  size(1) Largest target is 5
		 -> address(BANK0[5]), 

    controlsChanged@bytes	PTR unsigned char  size(1) Largest target is 7
		 -> bytes(BANK0[7]), 

    FeatureTest@result	PTR unsigned char  size(1) Largest target is 2
		 -> StartRadio@result(BANK0[2]), 

    packagePayload@bytes	PTR unsigned char  size(1) Largest target is 7
		 -> bytes(BANK0[7]), 

    ReadRegister@result	PTR unsigned char  size(1) Largest target is 2
		 -> FeatureTest@FeaturesAfter(BANK0[2]), FeatureTest@FeaturesBefore(BANK0[2]), StartRadio@result(BANK0[2]), 

    readRXFIFO@result	PTR unsigned char  size(1) Largest target is 7
		 -> result(BANK0[7]), 

    RFSetup@result	PTR unsigned char  size(1) Largest target is 2
		 -> StartRadio@result(BANK0[2]), 

    sendNOP@result	PTR unsigned char  size(1) Largest target is 7
		 -> result(BANK0[7]), 

    SendSPI@bytes	PTR unsigned char  size(1) Largest target is 9
		 -> bytes(BANK0[7]), ChangeRadioMode@databytes(BANK0[2]), configureRX@bytes(COMMON[2]), configureTX@databytes(BANK0[6]), 
		 -> FeatureTest@bytes(BANK0[2]), FeatureTest@databytes(BANK0[2]), FlushRX@bytes(COMMON[1]), FlushTX@bytes(COMMON[1]), 
		 -> payload(BANK1[9]), ReadRegister@bytes(COMMON[2]), readRXFIFO@bytes(BANK0[9]), RFSetup@databytes(BANK0[2]), 
		 -> sendNOP@bytes(COMMON[1]), SetupPayloadSize@databytes(COMMON[2]), SetupRetries@databytes(BANK0[2]), StartListening@bytes(BANK0[6]), 
		 -> StartRadio@databytes(BANK0[2]), transmitPayload@databytes(BANK0[2]), 

    SendSPI@result	PTR unsigned char  size(1) Largest target is 9
		 -> ChangeRadioMode@result(BANK0[2]), configureRX@result(COMMON[2]), configureTX@result(BANK0[6]), FeatureTest@FeaturesAfter(BANK0[2]), 
		 -> FeatureTest@FeaturesBefore(BANK0[2]), FlushRX@result(COMMON[1]), FlushTX@result(COMMON[1]), result(BANK0[7]), 
		 -> StartListening@result(BANK0[2]), StartRadio@result(BANK0[2]), transmitPayload@result(BANK0[2]), transmitPayload@result_959(BANK0[9]), 

    SetupPayloadSize@result	PTR unsigned char  size(1) Largest target is 2
		 -> StartRadio@result(BANK0[2]), 

    SetupRetries@result	PTR unsigned char  size(1) Largest target is 2
		 -> StartRadio@result(BANK0[2]), 

    StartListening@address	PTR unsigned char  size(1) Largest target is 5
		 -> address(BANK0[5]), 


Critical Paths under _main in COMMON

    _main->_configureRX
    _transmitPayload->_SendSPI
    _sendNOP->_SendSPI
    _readRXFIFO->_SendSPI
    _configureTX->_ChangeRadioMode
    _StartListening->_ChangeRadioMode
    _StartRadio->_RFSetup
    _StartRadio->_SetupRetries
    _SetupRetries->___lwdiv
    ___lwdiv->___wmul
    _SetupPayloadSize->_SendSPI
    _RFSetup->_ReadRegister
    _FlushTX->_SendSPI
    _FlushRX->_SendSPI
    _FeatureTest->_ReadRegister
    _ReadRegister->_SendSPI
    _ChangeRadioMode->_SendSPI
    _SendSPI->_delay

Critical Paths under _main in BANK0

    _main->_configureTX
    _configureTX->_ChangeRadioMode
    _configureRX->_StartListening
    _StartListening->_ChangeRadioMode
    _StartRadio->_FeatureTest
    _StartRadio->_SetupRetries

Critical Paths under _main in BANK1

    None.

Critical Paths under _main in BANK2

    None.

Critical Paths under _main in BANK3

    None.

Critical Paths under _main in BANK4

    None.

Critical Paths under _main in BANK5

    None.

Critical Paths under _main in BANK6

    None.

Critical Paths under _main in BANK7

    None.

Critical Paths under _main in BANK8

    None.

Critical Paths under _main in BANK9

    None.

Critical Paths under _main in BANK10

    None.

Critical Paths under _main in BANK11

    None.

Critical Paths under _main in BANK12

    None.

Critical Paths under _main in BANK13

    None.

Critical Paths under _main in BANK14

    None.

Critical Paths under _main in BANK15

    None.

Critical Paths under _main in BANK16

    None.

Critical Paths under _main in BANK17

    None.

Critical Paths under _main in BANK18

    None.

Critical Paths under _main in BANK19

    None.

Critical Paths under _main in BANK20

    None.

Critical Paths under _main in BANK21

    None.

Critical Paths under _main in BANK22

    None.

Critical Paths under _main in BANK23

    None.

Critical Paths under _main in BANK24

    None.

Critical Paths under _main in BANK25

    None.

Call Graph Tables:

 ---------------------------------------------------------------------------------
 (Depth) Function   	        Calls       Base Space   Used Autos Params    Refs
 ---------------------------------------------------------------------------------
 (0) _main                                                17    13      4   14142
                                             19 BANK0     16    12      4
                            _SendSPI
                         _StartRadio
                            ___lwdiv
                             ___wmul
                                 _ce
                        _configureRX
                        _configureTX
                    _controlsChanged
                              _delay
                     _packagePayload
                         _readRXFIFO
                            _sendNOP
                           _setupSPI
                    _transmitPayload
 ---------------------------------------------------------------------------------
 (1) _transmitPayload                                     14    14      0     697
                                              0 BANK0     14    14      0
                            _SendSPI
                                 _ce
                              _delay
 ---------------------------------------------------------------------------------
 (1) _setupSPI                                             1     1      0      58
                                              0 COMMON     1     1      0
 ---------------------------------------------------------------------------------
 (1) _sendNOP                                              2     1      1     427
                                              6 COMMON     2     1      1
                            _SendSPI
 ---------------------------------------------------------------------------------
 (1) _readRXFIFO                                          16    15      1     654
                                              6 COMMON     2     1      1
                                              0 BANK0     14    14      0
                            _SendSPI
 ---------------------------------------------------------------------------------
 (1) _packagePayload                                       6     5      1     285
                                              0 COMMON     6     5      1
 ---------------------------------------------------------------------------------
 (1) _controlsChanged                                      8     7      1     314
                                              0 COMMON     8     7      1
 ---------------------------------------------------------------------------------
 (1) _configureTX                                         13    12      1    1550
                                              6 BANK0     13    12      1
                    _ChangeRadioMode
                            _SendSPI
 ---------------------------------------------------------------------------------
 (1) _configureRX                                          5     4      1    2119
                                             10 COMMON     4     4      0
                                             15 BANK0      1     0      1
                            _SendSPI
                     _StartListening
 ---------------------------------------------------------------------------------
 (2) _StartListening                                       9     8      1    1574
                                              6 BANK0      9     8      1
                    _ChangeRadioMode
                            _SendSPI
 ---------------------------------------------------------------------------------
 (1) ___wmul                                               6     2      4      94
                                              0 COMMON     6     2      4
 ---------------------------------------------------------------------------------
 (1) _StartRadio                                           8     6      2    6895
                                              8 BANK0      8     6      2
                    _ChangeRadioMode
                        _FeatureTest
                            _FlushRX
                            _FlushTX
                            _RFSetup
                       _ReadRegister
                            _SendSPI
                   _SetupPayloadSize
                       _SetupRetries
 ---------------------------------------------------------------------------------
 (2) _SetupRetries                                         9     5      4     706
                                             13 COMMON     1     1      0
                                              0 BANK0      8     4      4
                            _SendSPI
                            ___lwdiv
 ---------------------------------------------------------------------------------
 (1) ___lwdiv                                              7     3      4     166
                                              6 COMMON     7     3      4
                             ___wmul (ARG)
 ---------------------------------------------------------------------------------
 (2) _SetupPayloadSize                                     4     3      1     702
                                              6 COMMON     4     3      1
                            _SendSPI
 ---------------------------------------------------------------------------------
 (2) _RFSetup                                              8     6      2    1080
                                             10 COMMON     4     2      2
                                              0 BANK0      4     4      0
                       _ReadRegister
                            _SendSPI
 ---------------------------------------------------------------------------------
 (2) _FlushTX                                              2     2      0     429
                                              6 COMMON     2     2      0
                            _SendSPI
 ---------------------------------------------------------------------------------
 (2) _FlushRX                                              2     2      0     429
                                              6 COMMON     2     2      0
                            _SendSPI
 ---------------------------------------------------------------------------------
 (2) _FeatureTest                                          9     8      1    1192
                                             10 COMMON     1     0      1
                                              0 BANK0      8     8      0
                       _ReadRegister
                            _SendSPI
 ---------------------------------------------------------------------------------
 (2) _ReadRegister                                         4     3      1     481
                                              6 COMMON     4     3      1
                            _SendSPI
 ---------------------------------------------------------------------------------
 (2) _ChangeRadioMode                                     10     8      2     845
                                              6 COMMON     4     2      2
                                              0 BANK0      6     6      0
                            _SendSPI
                                 _ce
                              _delay
 ---------------------------------------------------------------------------------
 (2) _ce                                                   2     1      1     154
                                              0 COMMON     2     1      1
 ---------------------------------------------------------------------------------
 (2) _SendSPI                                              4     1      3     376
                                              2 COMMON     4     1      3
                              _delay
 ---------------------------------------------------------------------------------
 (2) _delay                                                2     0      2      33
                                              0 COMMON     2     0      2
 ---------------------------------------------------------------------------------
 Estimated maximum stack depth 2
 ---------------------------------------------------------------------------------

 Call Graph Graphs:

 _main (ROOT)
   _SendSPI
     _delay
   _StartRadio
     _ChangeRadioMode
       _SendSPI
       _ce
       _delay
     _FeatureTest
       _ReadRegister
         _SendSPI
       _SendSPI
     _FlushRX
       _SendSPI
     _FlushTX
       _SendSPI
     _RFSetup
       _ReadRegister
       _SendSPI
     _ReadRegister
     _SendSPI
     _SetupPayloadSize
       _SendSPI
     _SetupRetries
       _SendSPI
       ___lwdiv
         ___wmul (ARG)
   ___lwdiv
   ___wmul
   _ce
   _configureRX
     _SendSPI
     _StartListening
       _ChangeRadioMode
       _SendSPI
   _configureTX
     _ChangeRadioMode
     _SendSPI
   _controlsChanged
   _delay
   _packagePayload
   _readRXFIFO
     _SendSPI
   _sendNOP
     _SendSPI
   _setupSPI
   _transmitPayload
     _SendSPI
     _ce
     _delay

Address spaces:
Name               Size   Autos  Total    Usage
BITCOMMON           14      0       0      0.0%
BITBANK0            80      0       0      0.0%
BITBANK1            80      0       0      0.0%
BITBANK2            80      0       0      0.0%
BITBANK3            80      0       0      0.0%
BITBANK4            80      0       0      0.0%
BITBANK5            80      0       0      0.0%
BITBANK6            80      0       0      0.0%
BITBANK7            80      0       0      0.0%
BITBANK8            80      0       0      0.0%
BITBANK9            80      0       0      0.0%
BITBANK10           80      0       0      0.0%
BITBANK11           80      0       0      0.0%
BITBANK12           80      0       0      0.0%
BITBANK13           80      0       0      0.0%
BITBANK14           80      0       0      0.0%
BITBANK15           80      0       0      0.0%
BITBANK16           80      0       0      0.0%
BITBANK17           80      0       0      0.0%
BITBANK18           80      0       0      0.0%
BITBANK19           80      0       0      0.0%
BITBANK20           80      0       0      0.0%
BITBANK21           80      0       0      0.0%
BITBANK22           80      0       0      0.0%
BITBANK23           80      0       0      0.0%
BITBANK24           80      0       0      0.0%
BITBANK25           32      0       0      0.0%
BIGRAM            2032      0       0      0.0%
COMMON              14     14      14    100.0%
BANK0               80     35      78     97.5%
BANK1               80      0       9     11.2%
BANK2               80      0       0      0.0%
BANK3               80      0       0      0.0%
BANK4               80      0       0      0.0%
BANK5               80      0       0      0.0%
BANK6               80      0       0      0.0%
BANK7               80      0       0      0.0%
BANK8               80      0       0      0.0%
BANK9               80      0       0      0.0%
BANK10              80      0       0      0.0%
BANK11              80      0       0      0.0%
BANK12              80      0       0      0.0%
BANK13              80      0       0      0.0%
BANK14              80      0       0      0.0%
BANK15              80      0       0      0.0%
BANK16              80      0       0      0.0%
BANK17              80      0       0      0.0%
BANK18              80      0       0      0.0%
BANK19              80      0       0      0.0%
BANK20              80      0       0      0.0%
BANK21              80      0       0      0.0%
BANK22              80      0       0      0.0%
BANK23              80      0       0      0.0%
BANK24              80      0       0      0.0%
BANK25              32      0       0      0.0%
STACK                0      0       0      0.0%
DATA                 0      0     101      0.0%


Microchip Technology PIC Macro Assembler V2.50 build 20240725155939 
Symbol Table                                                                                   Sat Aug 30 15:53:34 2025

             ?_configureRX 002F               ?_configureTX 0026           readRXFIFO@result 0076  
     configureTX@databytes 002D            RFSetup@datarate 0022                         _ce 00C1  
      ___wmul@multiplicand 0072                        ?_ce 0070                        l110 06A5  
                      l103 064D                        l105 064E                        l122 06F2  
                      l115 06B6                        l124 0702                        l221 00EB  
                      l151 00A1                        l231 0073                        l119 06EB  
                      l240 0499                        l241 04DD                        l209 0587  
                      l170 0385                        l154 034E                        l242 04A2  
                      l226 0066                        l234 0269                        l155 0342  
                      l243 04AB                        l164 035E                        l244 04B4  
                      l245 04BC                        l261 02AA                        l181 0080  
                      l166 0362                        l246 04F2                        l176 0059  
                      l169 037C                        l249 0334                        l265 01B2  
                      l273 02EE                        l362 012C                        l371 0119  
                      l276 022A                        l541 00C0                        l365 014B  
                      l357 0162                        l374 048A                        l358 017D  
                      l377 0431                        l369 010E                        l386 03C4  
                      l539 00AC                        l387 03D9                        l819 01EC  
         RFSetup@databytes 0020                        _PR2 001E                        _PR4 0416  
                      u720 0059                        u800 0346                        u721 0058  
                      u801 0345                        u810 0358                        u730 00C7  
                      u811 0357                        u731 00C6                        u820 0362  
                      u740 00CC                        u821 0361                        u741 00CB  
                      u830 0366                        u750 00D4                        u910 01E8  
                      u831 0365                        u751 00D3                        u911 01E7  
                      u840 037C                        u760 00DC                        u920 019A  
                      u841 037B                        u761 00DB                        u905 01DE  
                      u921 0199                        u770 00E1                        u850 01BB  
                      u771 00E0                        u851 01BA                        u780 00E9  
                      u781 00E8                        u790 033A                        u950 028A  
                      u870 01C9                        u791 0339                        u951 0289  
                      u871 01C8                        u935 01A3                        u960 0294  
                      u961 0293                        u945 0244                        u865 01BF  
                      u890 01D8                        u970 00FE                        u891 01D7  
                      u971 00FD                        u980 0109                        u885 01CA  
                      u981 0108                        u990 0584                        u895 01D4  
                      u991 0583                        _val 0068   __end_of_SetupPayloadSize 0335  
     controlsChanged@delta 0076                        wreg 0009        __end_of_FeatureTest 02AB  
     controlsChanged@bytes 0070                       ??_ce 0071                       l2001 005A  
                     l2003 005D                       l2011 01F4                       l2005 0067  
                     l2021 020A                       l2013 01F7                       l2101 0432  
                     l2007 006A                       l2023 020F                       l2015 01F9  
                     l2111 0449                       l2103 0436                       l2031 00ED  
                     l2025 0215                       l2017 0202                       l2009 01ED  
                     l2121 045B                       l2113 0452                       l2105 043F  
                     l2201 0424                       l2041 0114                       l2033 00F9  
                     l2051 04F6                       l2027 021B                       l2019 0205  
                     l2131 0463                       l2123 045C                       l2115 0454  
                     l2107 0445                       l2211 0430                       l2203 0428  
                     l2043 0116                       l2035 00FE                       l2061 051A  
                     l2053 0501                       l2029 0221                       l2141 046C  
                     l2133 0464                       l2125 045E                       l2117 0458  
                     l2109 0447                       l2205 0429                       l2221 038A  
                     l2213 0386                       l2045 0117                       l2037 0104  
                     l2071 0540                       l2063 051D                       l2055 0508  
                     l2151 0477                       l2143 046D                       l2135 0466  
                     l2127 0460                       l2119 0459                       l2207 042B  
                     l2231 03D8                       l2223 03A7                       l2215 0388  
                     l2311 02E6                       l2047 0118                       l2039 0109  
                     l2081 055D                       l2073 054B                       l2065 0528  
                     l2057 050D                       l2049 04F5                       l2321 00A4  
                     l2161 0480                       l2153 0478                       l2145 0470  
                     l2137 0468                       l2129 0461                       l2209 042F  
                     l2225 03C6                       l2241 011E                       l2313 02EB  
                     l2305 02D8                       l2401 061E                       l2091 0577  
                     l2083 055F                       l2075 054E                       l2067 052B  
                     l2059 0510                       l2323 00A8                       l2163 0483  
                     l2155 047A                       l2147 0472                       l2139 046A  
                     l2171 03DD                       l2227 03D0                       l2243 0124  
                     l2235 011B                       l2315 02ED                       l2307 02DE  
                     l2411 063A                       l2403 0627                       l2093 057D  
                     l2085 0568                       l2077 0551                       l2069 053D  
                     l2325 00B1                       l2165 0485                       l2157 047C  
                     l2149 0473                       l2181 0402                       l2173 03E7  
                     l2229 03D2                       l2253 0133                       l2245 0126  
                     l2237 011D                       l2309 02E0                       l2261 0074  
                     l2501 076C                       l2421 064A                       l2413 063E  
                     l2405 062F                       l2333 0588                       l2095 0584  
                     l2087 056B                       l2079 055A                       l2327 00B6  
                     l2319 00A2                       l2167 0489                       l2159 047D  
                     l2191 041A                       l2183 0405                       l2175 03ED  
                     l2255 0140                       l2247 012F                       l2263 0077  
                     l2271 0159                       l2511 0785                       l2503 0776  
                     l2431 0670                       l2423 0653                       l2415 063E  
                     l2407 062F                       l2351 05AF                       l2335 0595  
                     l1801 0055                       l2097 0586                       l2089 056E  
                     l2329 00BC                       l2193 041C                       l2185 040E  
                     l2177 03F3                       l2169 03DA                       l2257 0142  
                     l2249 0131                       l2281 02AD                       l2273 016B  
                     l2265 014E                       l2521 0790                       l2513 0788  
                     l2505 0777                       l2441 0691                       l2433 0677  
                     l2425 065B                       l2417 0643                       l2409 0635  
                     l2353 05B2                       l2345 059D                       l2337 0597  
                     l1811 00D4                       l1803 00C2                       l2195 041E  
                     l2187 0416                       l2179 03F9                       l2259 0148  
                     l2291 02BA                       l2283 02AF                       l2275 0171  
                     l2267 014F                       l2531 07B4                       l2523 0792  
                     l2515 0789                       l2507 0779                       l2451 06B2  
                     l2443 069B                       l2435 067D                       l2427 0662  
                     l2419 0648                       l2371 05D4                       l2363 05BF  
                     l2347 05A4                       l2339 059C                       l2355 05B9  
                     l1821 00E9                       l1805 00C7                       l1813 00D7  
                     l1901 01BB                       l2197 0420                       l2189 0418  
                     l2293 02BE                       l2277 0178                       l2269 0155  
                     l2533 07C0                       l2517 078C                       l2509 0780  
                     l2525 0795                       l2461 06D1                       l2453 06BA  
                     l2445 06A1                       l2437 0685                       l2429 0668  
                     l2381 05E9                       l2365 05C6                       l2357 05BE  
                     l2373 05DA                       l2349 05AD                       l1831 034B  
                     l1823 0335                       l1815 00DC                       l1807 00CC  
                     l1911 01D8                       l1903 01BE                       l2199 0422  
                     l2295 02CB                       l2279 02AB                       l2527 079E  
                     l2519 078E                       l2463 06D4                       l2455 06BC  
                     l2439 068C                       l2447 06A5                       l2391 0603  
                     l2383 05EF                       l2375 05DF                       l2367 05CF  
                     l1841 0366                       l1833 0350                       l1825 033A  
                     l1817 00E1                       l1809 00CF                       l1913 01DC  
                     l1905 01C3                       l2297 02D4                       l2289 02B3  
                     l2529 07AA                       l2481 0700                       l2473 06EE  
                     l2465 06D6                       l2457 06C3                       l2449 06A8  
                     l2393 0608                       l2385 05F5                       l2377 05E2  
                     l2369 05D1                       l1843 0367                       l1835 0352  
                     l1851 037E                       l1827 033C                       l1819 00E4  
                     l1915 01DD                       l1907 01C5                       l1931 01A0  
                     l1923 017E                       l2299 02D6                       l2491 0721  
                     l2483 0706                       l2475 06EF                       l2467 06DF  
                     l2459 06CC                       l2539 07C2                       l2395 0608  
                     l2387 05FA                       l2379 05E7                       l1845 036E  
                     l1837 0353                       l1829 0346                       l1861 048D  
                     l1853 0092                       l1941 0241                       l1917 01E2  
                     l1909 01C9                       l1933 01A9                       l1925 0191  
                     l2493 073F                       l2485 0710                       l2477 06F6  
                     l2469 06E4                       l2397 0616                       l2389 05FF  
                     l1847 0374                       l1839 0358                       l1871 0497  
                     l1863 048F                       l1855 0094                       l1951 026A  
                     l1943 0251                       l1935 022D                       l1919 01E8  
                     l1927 019A                       l2495 075C                       l2487 0717  
                     l2479 06FB                       l2399 0617                       l1849 0376  
                     l1881 04BE                       l1873 049B                       l1865 0490  
                     l1857 0096                       l1953 0270                       l1945 025C  
                     l1937 0233                       l1929 019E                       l2497 0765  
                     l2489 071C                       l1891 04EB                       l1875 04A4  
                     l1867 0495                       l1859 0098                       l1971 02A0  
                     l1963 0284                       l1955 0275                       l1947 025E  
                     l1939 0239                       l2499 0769                       l1797 0050  
                     l1877 04AD                       l1885 04C4                       l1869 0496  
                     l1973 02A1                       l1965 028A                       l1957 027E  
                     l1949 0260                       l1981 02FD                       l2597 07CB  
                     l1799 0051                       l1887 04E0                       l2599 04CC  
                     l1879 04B6                       l1967 0294                       l1991 0315  
                     l1983 02FF                       l1975 02F0                       l1889 04E2  
                     l1969 029D                       l1993 031E                       l1985 0308  
                     l1977 02F2                       l1897 01B3                       l1995 0320  
                     l1987 030A                       l1979 02F4                       l1899 01B5  
                     l1997 0329                       l1989 0313                       l1999 032B  
                     u1000 03A7                       u1001 03A6                       u1010 03C4  
                     u1011 03C3                       u1020 03D8                       u1021 03D7  
                     u1005 03A3                       u1030 012C                       u1015 03C0  
                     u1031 012B                       u1120 00BC                       u1040 0148  
                     u1200 05F5                       u1121 00BB                       u1105 00AD  
                     u1041 0147                       u1201 05F4                       u1050 0155  
                     u1210 05FF                       u1130 0595                       u1115 00B2  
                     u1051 0154                       u1211 05FE                       u1131 0594  
                     u1060 02CB                       u1300 0685                       u1220 0616  
                     u1140 059C                       u1061 02CA                       u1301 0684  
                     u1221 0615                       u1141 059B                       u1070 02E6  
                     u1310 069B                       u1230 0625                       u1150 05B8  
                     u1071 02E5                       u1311 069A                       u1231 0623  
                     u1151 05B7                       u1080 02EB                       u1400 0785  
                     u1320 06BA                       u1240 0626                       u1160 05BE  
                     u1081 02EA                       u1065 02C7                       u1401 0784  
                     u1321 06B9                       u1161 05BD                       u1090 00A8  
                     u1330 06EB                       u1250 0635                       u1170 05DA  
                     u1091 00A7                       u1331 06EA                       u1251 0634  
                     u1171 05D9                       u1340 06F6                       u1260 0643  
                     u1180 05DF                       u1341 06F5                       u1261 0642  
                     u1181 05DE                       u1350 0700                       u1270 0653  
                     u1190 05E7                       u1415 0798                       u1351 06FF  
                     u1271 0652                       u1191 05E6                       u1360 071C  
                     u1280 065B                       u1425 07AE                       u1361 071B  
                     u1281 065A                       u1370 0721                       u1290 0670  
                     u1371 0720                       u1291 066F                       u1380 0765  
                     u1381 0764                       u1390 0780                       u1391 077F  
                     _TMR2 001D                       _TMR4 0415                       _main 0588  
                     fsr0h 0005                       fsr1h 0007                       indf0 0000  
                     fsr0l 0004                       indf1 0001                       fsr1l 0006  
                     btemp 007E            __end_of_RFSetup 026A                       start 0002  
          __end_of_FlushRX 0067            __end_of_FlushTX 0074            __end_of_SendSPI 0386  
                    ?_main 0033              ?_ReadRegister 0076            __end_of___lwdiv 01ED  
        ??_ChangeRadioMode 0078                      _delay 0050                      _bytes 0057  
          __end_of_sendNOP 0081                      main@i 003D        packagePayload@i_965 0075  
             main@servoPos 003F          ??_transmitPayload 0076        packagePayload@bytes 0070  
                    status 0003                      wtemp0 007E               RFSetup@Setup 0023  
             FlushRX@F6441 0065               FlushTX@F6445 0064               RFSetup@power 007A  
          __initialization 07E1               __end_of_main 07E1               FlushRX@bytes 0076  
              _FeatureTest 026A             ??_ReadRegister 0077               FlushTX@bytes 0076  
                   ??_main 0037                readRXFIFO@i 002B     ChangeRadioMode@newMode 0022  
     StartListening@result 0027                     ?_delay 0070                     _ADRESH 009C  
                   _ADRESL 009B                  ??_RFSetup 007C              sendNOP@result 0076  
                   _RA2PPS 0E92                     _RC0PPS 0EA0                     _RC2PPS 0EA2  
                   _RC3PPS 0EA3                     _RC4PPS 0EA4                     _RC5PPS 0EA5  
         ??_StartListening 007A    ChangeRadioMode@CRCbytes 0076          ??_controlsChanged 0071  
                ??_FlushRX 0076                  ??_FlushTX 0076                  ??_SendSPI 0075  
                   ___wmul 00A2                  ??___lwdiv 007A              main@validData 003C  
                   _result 0050          FeatureTest@result 007A                  ??_sendNOP 0077  
         __end_of_setupSPI 011A         configureRX@address 002F      StartRadio@payloadSize 0028  
               _StartRadio 04F3         configureTX@address 0026    __end_of__initialization 07FD  
          packagePayload@i 0074              RFSetup@result 007B  ChangeRadioMode@CONFIGbits 0025  
           __pcstackCOMMON 0070               __pidataBANK0 0081              __end_of_delay 005A  
               __end_of_ce 00EC             _packagePayload 011A          setupSPI@radioType 0070  
        ?_SetupPayloadSize 0076              FlushRX@result 0077                    ??_delay 0072  
       ??_SetupPayloadSize 0077              FlushTX@result 0077      StartListening@address 0026  
         configureRX@bytes 007C                 __pbssBANK0 0043                 __pbssBANK1 00A0  
     __end_of_ReadRegister 00A2                 __pmaintext 0588                    ?___wmul 0070  
          _ChangeRadioMode 048B     __end_of_packagePayload 014C            _transmitPayload 014C  
                  _PWM5DCH 0618                    _PWM5DCL 0617                    _PWM6DCH 061B  
                  _PWM6DCL 061A                ?_StartRadio 0028                    _SSP1BUF 0211  
                  _RFSetup 022B                    _FlushRX 005A                    _FlushTX 0067  
                  _SendSPI 0335              ?_SetupRetries 0020                 _readRXFIFO 02AB  
                ?_setupSPI 0070         SetupRetries@ARDbin 0024                    ce@level 0070  
                  ___lwdiv 01B3                    _address 0069               ?_FeatureTest 007A  
                  __ptext1 014C                    __ptext2 00EC                    __ptext3 0074  
                  __ptext4 02AB                    __ptext5 011A                    __ptext6 0386  
                  __ptext7 03DA                    __ptext8 0432                    __ptext9 01ED  
          ?_packagePayload 0070                  _T2CONbits 001F                    _sendNOP 0074  
          _controlsChanged 0386                  _T4CONbits 0417                    _payload 00A0  
                  _spinDir 004D               SendSPI@bytes 0072             main@motorSpeed 0041  
                  clrloop0 0045        StartRadio@ReturnVal 002B         SetupRetries@result 0023  
     end_of_initialization 07FD  FeatureTest@FeaturesBefore 0024           StartRadio@result 002C  
SetupRetries@autoReTXDelay 0020                    init_ram 004A  SetupRetries@autoReTXCount 0022  
                  initloop 004B             ??_SetupRetries 007D      SetupRetries@databytes 0026  
  __end_of_ChangeRadioMode 04F3                 ??_setupSPI 0070      packagePayload@radioID 0073  
               _motorSpeed 0063    __end_of_transmitPayload 017E                  _PORTAbits 000C  
                _PORTCbits 000E            readRXFIFO@i_676 002D        StartRadio@databytes 002E  
                _TRISAbits 008C                  _TRISCbits 008E            readRXFIFO@bytes 0020  
              ce@radioType 0071      transmitPayload@result 0029   controlsChanged@prevBytes 0043  
 controlsChanged@returnVal 0075                ?_readRXFIFO 0076              ??_configureRX 007A  
            ??_configureTX 007A        StartRadio@radioType 0029             __end_of___wmul 00C1  
  __end_of_controlsChanged 03DA               _ReadRegister 0091        start_initialization 07E1  
             sendNOP@F6364 0066        StartListening@bytes 0029      ChangeRadioMode@result 0020  
 ChangeRadioMode@databytes 0023               sendNOP@bytes 0077           FeatureTest@F6472 005E  
         FeatureTest@F6469 0060           ?_ChangeRadioMode 0076            _readyToTransmit 0062  
                 ??___wmul 0074                __pdataBANK0 005E           FeatureTest@bytes 0020  
         ?_transmitPayload 0070        __end_of_configureRX 048B        __end_of_configureTX 0432  
        configureRX@result 007A   ChangeRadioMode@radioType 0077       __end_of_SetupRetries 01B3  
                ___latbits 0003              __pcstackBANK0 0020               ??_StartRadio 007E  
       ReadRegister@result 0076          configureTX@result 0027                   ?_RFSetup 007A  
             _currentState 004E                   ?_FlushRX 0070                   ?_FlushTX 0070  
                 ?_SendSPI 0072           ___lwdiv@dividend 0078           ??_packagePayload 0071  
                 ?___lwdiv 0076         __end_of_StartRadio 0588           ?_controlsChanged 0070  
                 ?_sendNOP 0076           ___lwdiv@quotient 007A                  _radioType 004F  
transmitPayload@result_959 0020             ___wmul@product 0074                   _LATAbits 010C  
                 _LATCbits 010E                  clear_ram0 0044                _configureRX 0432  
              _configureTX 03DA       FeatureTest@databytes 0022                 _ADCON0bits 009D  
               _ADCON1bits 009E                  main@i_337 003E          ___wmul@multiplier 0070  
transmitPayload@statusBits 002B       ChangeRadioMode@F6458 004C                   SendSPI@i 0075  
                 SendSPI@n 0074     SetupPayloadSize@result 0076          ReadRegister@F6353 0049  
         _SetupPayloadSize 02EF               ??_readRXFIFO 0077             _StartListening 01ED  
SetupPayloadSize@databytes 0078          ReadRegister@bytes 0078                 _ANSELAbits 018C  
               _ANSELCbits 018E            ___lwdiv@divisor 0076            ___lwdiv@counter 007C  
                 __ptext10 00A2                   __ptext11 04F3                   __ptext20 048B  
                 __ptext12 017E                   __ptext21 00C1                   __ptext13 01B3  
                 __ptext22 0335                   __ptext14 02EF                   __ptext23 0050  
                 __ptext15 022B                   __ptext16 0067                   __ptext17 005A  
                 __ptext18 026A                   __ptext19 0091         __end_of_readRXFIFO 02EF  
             _SSP1CON1bits 0215                delay@length 0070     __end_of_StartListening 022B  
             _SetupRetries 017E                   _setupSPI 00EC                   _servoPos 004B  
        StartRadio@channel 002A              SendSPI@result 0073           controlsChanged@i 0077  
                 main@argc 0033                   main@argv 0035               _SSP1STATbits 0214  
              _PWM5CONbits 0619                _PWM6CONbits 061C     packagePayload@checksum 0072  
          ?_StartListening 0026   FeatureTest@FeaturesAfter 0026        readRXFIFO@ReturnVal 0029  
            ??_FeatureTest 007B       SetupPayloadSize@size 0077            ReadRegister@reg 0077  
              _prevSpinDir 0067                 _SSP1DATPPS 0E21                _PWMTMRSbits 061F  
 transmitPayload@databytes 002C         readRXFIFO@checksum 002A  
