ISO-10303-21;
HEADER;
/* Generated by software containing ST-Developer
 * from STEP Tools, Inc. (www.steptools.com) 
 */
/* OPTION: using custom renumber hook */

FILE_DESCRIPTION(
/* description */ ('STEP AP214'),
/* implementation_level */ '2;1');

FILE_NAME(
/* name */ '65b68f01275b086e44b6d25f',
/* time_stamp */ '2024-01-28T17:29:38Z',
/* author */ (''),
/* organization */ (''),
/* preprocessor_version */ 'ST-DEVELOPER v19.4',
/* originating_system */ '  ',
/* authorisation */ '  ');

FILE_SCHEMA (('AUTOMOTIVE_DESIGN {1 0 10303 214 3 1 1}'));
ENDSEC;

DATA;
#10=PROPERTY_DEFINITION_REPRESENTATION(#14,#12);
#11=PROPERTY_DEFINITION_REPRESENTATION(#15,#13);
#12=REPRESENTATION('',(#16),#19496);
#13=REPRESENTATION('',(#17),#19496);
#14=PROPERTY_DEFINITION('pmi validation property','',#19509);
#15=PROPERTY_DEFINITION('pmi validation property','',#19509);
#16=VALUE_REPRESENTATION_ITEM('number of annotations',COUNT_MEASURE(0.));
#17=VALUE_REPRESENTATION_ITEM('number of views',COUNT_MEASURE(0.));
#18=ELLIPSE('',#13327,0.000204468118973006,0.0002);
#19=ELLIPSE('',#13329,0.000204468118973006,0.0002);
#20=ELLIPSE('',#13331,0.000204468118973006,0.0002);
#21=ELLIPSE('',#13333,0.000204468118973006,0.0002);
#22=ELLIPSE('',#13375,0.000204468118973006,0.0002);
#23=ELLIPSE('',#13377,0.000204468118973006,0.0002);
#24=ELLIPSE('',#13387,0.000204468118973006,0.0002);
#25=ELLIPSE('',#13392,0.000204468118973006,0.0002);
#26=DEGENERATE_TOROIDAL_SURFACE('',#13285,0.0007,0.0016,.T.);
#27=DEGENERATE_TOROIDAL_SURFACE('',#13289,0.0007,0.0016,.T.);
#28=B_SPLINE_CURVE_WITH_KNOTS('',3,(#16718,#16719,#16720,#16721,#16722,
#16723,#16724,#16725,#16726,#16727,#16728),.UNSPECIFIED.,.T.,.F.,(1,1,1,
1,1,1,1,1,1,1,1,1,1,1,1),(-0.00187567927515563,-0.00125045285010375,-0.000625226425051873,
8.24278918070384E-18,0.000625226425051889,0.00125045285010377,0.00187567927515565,
0.00250090570020753,0.00312613212525941,0.0037513585503113,0.00437658497536318,
0.00500181140041506,0.00562703782546694,0.00625226425051882,0.0068774906755707),
 .UNSPECIFIED.);
#29=TOROIDAL_SURFACE('',#13269,0.0016,0.0008);
#30=TOROIDAL_SURFACE('',#13273,0.0016,0.0008);
#31=TOROIDAL_SURFACE('',#13277,0.0014,0.0008);
#32=TOROIDAL_SURFACE('',#13281,0.01,0.0008);
#33=TOROIDAL_SURFACE('',#13685,0.0012,0.0002);
#34=TOROIDAL_SURFACE('',#13686,0.0012,0.0002);
#35=CONTEXT_DEPENDENT_SHAPE_REPRESENTATION(#43,#19511);
#36=CONTEXT_DEPENDENT_SHAPE_REPRESENTATION(#44,#19513);
#37=CONTEXT_DEPENDENT_SHAPE_REPRESENTATION(#45,#19515);
#38=CONTEXT_DEPENDENT_SHAPE_REPRESENTATION(#46,#19517);
#39=NEXT_ASSEMBLY_USAGE_OCCURRENCE('NAUO1','Slide','Slide',#19518,#19519,
'');
#40=NEXT_ASSEMBLY_USAGE_OCCURRENCE('NAUO2','Lever','Lever',#19518,#19520,
'');
#41=NEXT_ASSEMBLY_USAGE_OCCURRENCE('NAUO3','Top','Top',#19518,#19521,'');
#42=NEXT_ASSEMBLY_USAGE_OCCURRENCE('NAUO4','Bottom','Bottom',#19518,#19522,
'');
#43=(
REPRESENTATION_RELATIONSHIP(' ',' ',#13230,#13229)
REPRESENTATION_RELATIONSHIP_WITH_TRANSFORMATION(#47)
SHAPE_REPRESENTATION_RELATIONSHIP()
);
#44=(
REPRESENTATION_RELATIONSHIP(' ',' ',#13231,#13229)
REPRESENTATION_RELATIONSHIP_WITH_TRANSFORMATION(#48)
SHAPE_REPRESENTATION_RELATIONSHIP()
);
#45=(
REPRESENTATION_RELATIONSHIP(' ',' ',#13232,#13229)
REPRESENTATION_RELATIONSHIP_WITH_TRANSFORMATION(#49)
SHAPE_REPRESENTATION_RELATIONSHIP()
);
#46=(
REPRESENTATION_RELATIONSHIP(' ',' ',#13233,#13229)
REPRESENTATION_RELATIONSHIP_WITH_TRANSFORMATION(#50)
SHAPE_REPRESENTATION_RELATIONSHIP()
);
#47=ITEM_DEFINED_TRANSFORMATION(' ',' ',#13234,#13265);
#48=ITEM_DEFINED_TRANSFORMATION(' ',' ',#13234,#13290);
#49=ITEM_DEFINED_TRANSFORMATION(' ',' ',#13234,#13687);
#50=ITEM_DEFINED_TRANSFORMATION(' ',' ',#13234,#13889);
#51=SHAPE_REPRESENTATION_RELATIONSHIP('','',#13230,#55);
#52=SHAPE_REPRESENTATION_RELATIONSHIP('','',#13231,#56);
#53=SHAPE_REPRESENTATION_RELATIONSHIP('','',#13232,#57);
#54=SHAPE_REPRESENTATION_RELATIONSHIP('','',#13233,#58);
#55=ADVANCED_BREP_SHAPE_REPRESENTATION('',(#13220),#19497);
#56=ADVANCED_BREP_SHAPE_REPRESENTATION('',(#13221),#19498);
#57=ADVANCED_BREP_SHAPE_REPRESENTATION('',(#13222),#19499);
#58=ADVANCED_BREP_SHAPE_REPRESENTATION('',(#13223),#19500);
#59=CYLINDRICAL_SURFACE('',#13250,0.0003);
#60=CYLINDRICAL_SURFACE('',#13258,0.0007);
#61=CYLINDRICAL_SURFACE('',#13262,0.000250000000000004);
#62=CYLINDRICAL_SURFACE('',#13266,0.0008);
#63=CYLINDRICAL_SURFACE('',#13271,0.0008);
#64=CYLINDRICAL_SURFACE('',#13275,0.0008);
#65=CYLINDRICAL_SURFACE('',#13279,0.0008);
#66=CYLINDRICAL_SURFACE('',#13287,0.0023);
#67=CYLINDRICAL_SURFACE('',#13291,0.001);
#68=CYLINDRICAL_SURFACE('',#13294,0.001);
#69=CYLINDRICAL_SURFACE('',#13356,0.001);
#70=CYLINDRICAL_SURFACE('',#13357,0.001);
#71=CYLINDRICAL_SURFACE('',#13358,0.001);
#72=CYLINDRICAL_SURFACE('',#13359,0.001);
#73=CYLINDRICAL_SURFACE('',#13360,0.001);
#74=CYLINDRICAL_SURFACE('',#13395,0.0002);
#75=CYLINDRICAL_SURFACE('',#13396,0.0002);
#76=CYLINDRICAL_SURFACE('',#13397,0.0002);
#77=CYLINDRICAL_SURFACE('',#13398,0.0002);
#78=CYLINDRICAL_SURFACE('',#13778,0.001);
#79=CYLINDRICAL_SURFACE('',#13779,0.001);
#80=CYLINDRICAL_SURFACE('',#13780,0.001);
#81=CYLINDRICAL_SURFACE('',#13781,0.001);
#82=CYLINDRICAL_SURFACE('',#13782,0.001);
#83=CYLINDRICAL_SURFACE('',#13783,0.004);
#84=CYLINDRICAL_SURFACE('',#13784,0.00145);
#85=CYLINDRICAL_SURFACE('',#13787,0.00145);
#86=CYLINDRICAL_SURFACE('',#13790,0.00145);
#87=CYLINDRICAL_SURFACE('',#13793,0.00145);
#88=CYLINDRICAL_SURFACE('',#13796,0.00145);
#89=CYLINDRICAL_SURFACE('',#13799,0.00145);
#90=CYLINDRICAL_SURFACE('',#13802,0.00145);
#91=OVER_RIDING_STYLED_ITEM('',(#10909),#10329,#10904);
#92=OVER_RIDING_STYLED_ITEM('',(#10910),#10332,#10904);
#93=OVER_RIDING_STYLED_ITEM('',(#10911),#10333,#10904);
#94=OVER_RIDING_STYLED_ITEM('',(#10912),#10334,#10904);
#95=OVER_RIDING_STYLED_ITEM('',(#10913),#10335,#10904);
#96=OVER_RIDING_STYLED_ITEM('',(#10914),#10336,#10904);
#97=OVER_RIDING_STYLED_ITEM('',(#10915),#10337,#10904);
#98=OVER_RIDING_STYLED_ITEM('',(#10916),#10338,#10904);
#99=OVER_RIDING_STYLED_ITEM('',(#10917),#10339,#10904);
#100=OVER_RIDING_STYLED_ITEM('',(#10918),#10340,#10904);
#101=OVER_RIDING_STYLED_ITEM('',(#10919),#10341,#10904);
#102=OVER_RIDING_STYLED_ITEM('',(#10921),#10351,#10905);
#103=OVER_RIDING_STYLED_ITEM('',(#10922),#10352,#10905);
#104=OVER_RIDING_STYLED_ITEM('',(#10923),#10353,#10905);
#105=OVER_RIDING_STYLED_ITEM('',(#10924),#10354,#10905);
#106=OVER_RIDING_STYLED_ITEM('',(#10926),#10443,#10906);
#107=OVER_RIDING_STYLED_ITEM('',(#10927),#10444,#10906);
#108=OVER_RIDING_STYLED_ITEM('',(#10928),#10445,#10906);
#109=OVER_RIDING_STYLED_ITEM('',(#10929),#10446,#10906);
#110=OVER_RIDING_STYLED_ITEM('',(#10930),#10447,#10906);
#111=OVER_RIDING_STYLED_ITEM('',(#10931),#10448,#10906);
#112=OVER_RIDING_STYLED_ITEM('',(#10932),#10449,#10906);
#113=OVER_RIDING_STYLED_ITEM('',(#10933),#10450,#10906);
#114=OVER_RIDING_STYLED_ITEM('',(#10934),#10451,#10906);
#115=OVER_RIDING_STYLED_ITEM('',(#10935),#10452,#10906);
#116=OVER_RIDING_STYLED_ITEM('',(#10936),#10453,#10906);
#117=OVER_RIDING_STYLED_ITEM('',(#10937),#10454,#10906);
#118=OVER_RIDING_STYLED_ITEM('',(#10938),#10455,#10906);
#119=OVER_RIDING_STYLED_ITEM('',(#10939),#10456,#10906);
#120=OVER_RIDING_STYLED_ITEM('',(#10940),#10457,#10906);
#121=OVER_RIDING_STYLED_ITEM('',(#10941),#10458,#10906);
#122=OVER_RIDING_STYLED_ITEM('',(#10942),#10459,#10906);
#123=OVER_RIDING_STYLED_ITEM('',(#10943),#10460,#10906);
#124=OVER_RIDING_STYLED_ITEM('',(#10944),#10461,#10906);
#125=OVER_RIDING_STYLED_ITEM('',(#10945),#10462,#10906);
#126=OVER_RIDING_STYLED_ITEM('',(#10946),#10463,#10906);
#127=OVER_RIDING_STYLED_ITEM('',(#10947),#10464,#10906);
#128=OVER_RIDING_STYLED_ITEM('',(#10948),#10465,#10906);
#129=OVER_RIDING_STYLED_ITEM('',(#10949),#10466,#10906);
#130=OVER_RIDING_STYLED_ITEM('',(#10950),#10467,#10906);
#131=OVER_RIDING_STYLED_ITEM('',(#10951),#10468,#10906);
#132=OVER_RIDING_STYLED_ITEM('',(#10952),#10469,#10906);
#133=OVER_RIDING_STYLED_ITEM('',(#10953),#10470,#10906);
#134=OVER_RIDING_STYLED_ITEM('',(#10954),#10471,#10906);
#135=OVER_RIDING_STYLED_ITEM('',(#10955),#10472,#10906);
#136=OVER_RIDING_STYLED_ITEM('',(#10956),#10473,#10906);
#137=OVER_RIDING_STYLED_ITEM('',(#10957),#10474,#10906);
#138=OVER_RIDING_STYLED_ITEM('',(#10958),#10475,#10906);
#139=OVER_RIDING_STYLED_ITEM('',(#10959),#10476,#10906);
#140=OVER_RIDING_STYLED_ITEM('',(#10960),#10477,#10906);
#141=OVER_RIDING_STYLED_ITEM('',(#10961),#10478,#10906);
#142=OVER_RIDING_STYLED_ITEM('',(#10962),#10479,#10906);
#143=OVER_RIDING_STYLED_ITEM('',(#10963),#10480,#10906);
#144=OVER_RIDING_STYLED_ITEM('',(#10964),#10481,#10906);
#145=OVER_RIDING_STYLED_ITEM('',(#10965),#10482,#10906);
#146=OVER_RIDING_STYLED_ITEM('',(#10966),#10483,#10906);
#147=OVER_RIDING_STYLED_ITEM('',(#10967),#10484,#10906);
#148=OVER_RIDING_STYLED_ITEM('',(#10968),#10485,#10906);
#149=OVER_RIDING_STYLED_ITEM('',(#10969),#10486,#10906);
#150=OVER_RIDING_STYLED_ITEM('',(#10970),#10487,#10906);
#151=OVER_RIDING_STYLED_ITEM('',(#10971),#10488,#10906);
#152=OVER_RIDING_STYLED_ITEM('',(#10972),#10489,#10906);
#153=OVER_RIDING_STYLED_ITEM('',(#10973),#10490,#10906);
#154=OVER_RIDING_STYLED_ITEM('',(#10974),#10491,#10906);
#155=OVER_RIDING_STYLED_ITEM('',(#10975),#10492,#10906);
#156=OVER_RIDING_STYLED_ITEM('',(#10976),#10493,#10906);
#157=OVER_RIDING_STYLED_ITEM('',(#10977),#10494,#10906);
#158=OVER_RIDING_STYLED_ITEM('',(#10978),#10495,#10906);
#159=OVER_RIDING_STYLED_ITEM('',(#10979),#10496,#10906);
#160=OVER_RIDING_STYLED_ITEM('',(#10980),#10497,#10906);
#161=OVER_RIDING_STYLED_ITEM('',(#10981),#10498,#10906);
#162=OVER_RIDING_STYLED_ITEM('',(#10982),#10499,#10906);
#163=OVER_RIDING_STYLED_ITEM('',(#10983),#10500,#10906);
#164=OVER_RIDING_STYLED_ITEM('',(#10984),#10501,#10906);
#165=OVER_RIDING_STYLED_ITEM('',(#10985),#10502,#10906);
#166=OVER_RIDING_STYLED_ITEM('',(#10986),#10503,#10906);
#167=OVER_RIDING_STYLED_ITEM('',(#10987),#10504,#10906);
#168=OVER_RIDING_STYLED_ITEM('',(#10988),#10505,#10906);
#169=OVER_RIDING_STYLED_ITEM('',(#10989),#10506,#10906);
#170=OVER_RIDING_STYLED_ITEM('',(#10990),#10507,#10906);
#171=OVER_RIDING_STYLED_ITEM('',(#10991),#10508,#10906);
#172=OVER_RIDING_STYLED_ITEM('',(#10992),#10509,#10906);
#173=OVER_RIDING_STYLED_ITEM('',(#10993),#10510,#10906);
#174=OVER_RIDING_STYLED_ITEM('',(#10994),#10511,#10906);
#175=OVER_RIDING_STYLED_ITEM('',(#10995),#10512,#10906);
#176=OVER_RIDING_STYLED_ITEM('',(#10996),#10513,#10906);
#177=OVER_RIDING_STYLED_ITEM('',(#10997),#10514,#10906);
#178=OVER_RIDING_STYLED_ITEM('',(#10998),#10515,#10906);
#179=OVER_RIDING_STYLED_ITEM('',(#10999),#10516,#10906);
#180=OVER_RIDING_STYLED_ITEM('',(#11000),#10517,#10906);
#181=OVER_RIDING_STYLED_ITEM('',(#11001),#10518,#10906);
#182=OVER_RIDING_STYLED_ITEM('',(#11002),#10519,#10906);
#183=OVER_RIDING_STYLED_ITEM('',(#11003),#10520,#10906);
#184=OVER_RIDING_STYLED_ITEM('',(#11004),#10521,#10906);
#185=OVER_RIDING_STYLED_ITEM('',(#11005),#10522,#10906);
#186=OVER_RIDING_STYLED_ITEM('',(#11006),#10523,#10906);
#187=OVER_RIDING_STYLED_ITEM('',(#11007),#10524,#10906);
#188=OVER_RIDING_STYLED_ITEM('',(#11008),#10525,#10906);
#189=OVER_RIDING_STYLED_ITEM('',(#11009),#10526,#10906);
#190=OVER_RIDING_STYLED_ITEM('',(#11010),#10527,#10906);
#191=OVER_RIDING_STYLED_ITEM('',(#11011),#10528,#10906);
#192=OVER_RIDING_STYLED_ITEM('',(#11012),#10529,#10906);
#193=OVER_RIDING_STYLED_ITEM('',(#11013),#10530,#10906);
#194=OVER_RIDING_STYLED_ITEM('',(#11014),#10531,#10906);
#195=OVER_RIDING_STYLED_ITEM('',(#11015),#10532,#10906);
#196=OVER_RIDING_STYLED_ITEM('',(#11016),#10533,#10906);
#197=OVER_RIDING_STYLED_ITEM('',(#11017),#10534,#10906);
#198=OVER_RIDING_STYLED_ITEM('',(#11018),#10535,#10906);
#199=OVER_RIDING_STYLED_ITEM('',(#11019),#10536,#10906);
#200=OVER_RIDING_STYLED_ITEM('',(#11020),#10537,#10906);
#201=OVER_RIDING_STYLED_ITEM('',(#11021),#10538,#10906);
#202=OVER_RIDING_STYLED_ITEM('',(#11022),#10539,#10906);
#203=OVER_RIDING_STYLED_ITEM('',(#11023),#10540,#10906);
#204=OVER_RIDING_STYLED_ITEM('',(#11024),#10541,#10906);
#205=OVER_RIDING_STYLED_ITEM('',(#11025),#10542,#10906);
#206=OVER_RIDING_STYLED_ITEM('',(#11026),#10543,#10906);
#207=OVER_RIDING_STYLED_ITEM('',(#11027),#10544,#10906);
#208=OVER_RIDING_STYLED_ITEM('',(#11028),#10545,#10906);
#209=OVER_RIDING_STYLED_ITEM('',(#11029),#10546,#10906);
#210=OVER_RIDING_STYLED_ITEM('',(#11030),#10547,#10906);
#211=OVER_RIDING_STYLED_ITEM('',(#11031),#10548,#10906);
#212=OVER_RIDING_STYLED_ITEM('',(#11032),#10549,#10906);
#213=OVER_RIDING_STYLED_ITEM('',(#11033),#10550,#10906);
#214=OVER_RIDING_STYLED_ITEM('',(#11034),#10551,#10906);
#215=OVER_RIDING_STYLED_ITEM('',(#11035),#10552,#10906);
#216=OVER_RIDING_STYLED_ITEM('',(#11036),#10553,#10906);
#217=OVER_RIDING_STYLED_ITEM('',(#11037),#10554,#10906);
#218=OVER_RIDING_STYLED_ITEM('',(#11038),#10555,#10906);
#219=OVER_RIDING_STYLED_ITEM('',(#11039),#10556,#10906);
#220=OVER_RIDING_STYLED_ITEM('',(#11040),#10557,#10906);
#221=OVER_RIDING_STYLED_ITEM('',(#11041),#10558,#10906);
#222=OVER_RIDING_STYLED_ITEM('',(#11042),#10559,#10906);
#223=OVER_RIDING_STYLED_ITEM('',(#11043),#10560,#10906);
#224=OVER_RIDING_STYLED_ITEM('',(#11044),#10561,#10906);
#225=OVER_RIDING_STYLED_ITEM('',(#11045),#10562,#10906);
#226=OVER_RIDING_STYLED_ITEM('',(#11046),#10563,#10906);
#227=OVER_RIDING_STYLED_ITEM('',(#11047),#10564,#10906);
#228=OVER_RIDING_STYLED_ITEM('',(#11048),#10565,#10906);
#229=OVER_RIDING_STYLED_ITEM('',(#11049),#10566,#10906);
#230=OVER_RIDING_STYLED_ITEM('',(#11050),#10567,#10906);
#231=OVER_RIDING_STYLED_ITEM('',(#11051),#10568,#10906);
#232=OVER_RIDING_STYLED_ITEM('',(#11052),#10569,#10906);
#233=OVER_RIDING_STYLED_ITEM('',(#11053),#10570,#10906);
#234=OVER_RIDING_STYLED_ITEM('',(#11054),#10571,#10906);
#235=OVER_RIDING_STYLED_ITEM('',(#11055),#10572,#10906);
#236=OVER_RIDING_STYLED_ITEM('',(#11056),#10573,#10906);
#237=OVER_RIDING_STYLED_ITEM('',(#11057),#10574,#10906);
#238=OVER_RIDING_STYLED_ITEM('',(#11058),#10575,#10906);
#239=OVER_RIDING_STYLED_ITEM('',(#11059),#10576,#10906);
#240=OVER_RIDING_STYLED_ITEM('',(#11060),#10577,#10906);
#241=OVER_RIDING_STYLED_ITEM('',(#11061),#10578,#10906);
#242=OVER_RIDING_STYLED_ITEM('',(#11062),#10579,#10906);
#243=OVER_RIDING_STYLED_ITEM('',(#11063),#10580,#10906);
#244=OVER_RIDING_STYLED_ITEM('',(#11064),#10581,#10906);
#245=OVER_RIDING_STYLED_ITEM('',(#11065),#10582,#10906);
#246=OVER_RIDING_STYLED_ITEM('',(#11066),#10583,#10906);
#247=OVER_RIDING_STYLED_ITEM('',(#11067),#10584,#10906);
#248=OVER_RIDING_STYLED_ITEM('',(#11068),#10585,#10906);
#249=OVER_RIDING_STYLED_ITEM('',(#11069),#10586,#10906);
#250=OVER_RIDING_STYLED_ITEM('',(#11070),#10587,#10906);
#251=OVER_RIDING_STYLED_ITEM('',(#11071),#10588,#10906);
#252=OVER_RIDING_STYLED_ITEM('',(#11072),#10589,#10906);
#253=OVER_RIDING_STYLED_ITEM('',(#11073),#10590,#10906);
#254=OVER_RIDING_STYLED_ITEM('',(#11074),#10591,#10906);
#255=OVER_RIDING_STYLED_ITEM('',(#11075),#10592,#10906);
#256=OVER_RIDING_STYLED_ITEM('',(#11076),#10593,#10906);
#257=OVER_RIDING_STYLED_ITEM('',(#11077),#10594,#10906);
#258=OVER_RIDING_STYLED_ITEM('',(#11078),#10595,#10906);
#259=OVER_RIDING_STYLED_ITEM('',(#11079),#10596,#10906);
#260=OVER_RIDING_STYLED_ITEM('',(#11080),#10597,#10906);
#261=OVER_RIDING_STYLED_ITEM('',(#11081),#10598,#10906);
#262=OVER_RIDING_STYLED_ITEM('',(#11082),#10599,#10906);
#263=OVER_RIDING_STYLED_ITEM('',(#11083),#10600,#10906);
#264=OVER_RIDING_STYLED_ITEM('',(#11084),#10601,#10906);
#265=OVER_RIDING_STYLED_ITEM('',(#11085),#10602,#10906);
#266=OVER_RIDING_STYLED_ITEM('',(#11086),#10603,#10906);
#267=OVER_RIDING_STYLED_ITEM('',(#11087),#10604,#10906);
#268=OVER_RIDING_STYLED_ITEM('',(#11088),#10605,#10906);
#269=OVER_RIDING_STYLED_ITEM('',(#11089),#10606,#10906);
#270=OVER_RIDING_STYLED_ITEM('',(#11090),#10607,#10906);
#271=OVER_RIDING_STYLED_ITEM('',(#11091),#10608,#10906);
#272=OVER_RIDING_STYLED_ITEM('',(#11092),#10609,#10906);
#273=OVER_RIDING_STYLED_ITEM('',(#11093),#10610,#10906);
#274=OVER_RIDING_STYLED_ITEM('',(#11094),#10611,#10906);
#275=OVER_RIDING_STYLED_ITEM('',(#11095),#10612,#10906);
#276=OVER_RIDING_STYLED_ITEM('',(#11096),#10613,#10906);
#277=OVER_RIDING_STYLED_ITEM('',(#11097),#10614,#10906);
#278=OVER_RIDING_STYLED_ITEM('',(#11098),#10615,#10906);
#279=OVER_RIDING_STYLED_ITEM('',(#11099),#10616,#10906);
#280=OVER_RIDING_STYLED_ITEM('',(#11100),#10617,#10906);
#281=OVER_RIDING_STYLED_ITEM('',(#11101),#10618,#10906);
#282=OVER_RIDING_STYLED_ITEM('',(#11102),#10619,#10906);
#283=OVER_RIDING_STYLED_ITEM('',(#11103),#10620,#10906);
#284=OVER_RIDING_STYLED_ITEM('',(#11104),#10621,#10906);
#285=OVER_RIDING_STYLED_ITEM('',(#11105),#10622,#10906);
#286=OVER_RIDING_STYLED_ITEM('',(#11106),#10623,#10906);
#287=OVER_RIDING_STYLED_ITEM('',(#11107),#10624,#10906);
#288=OVER_RIDING_STYLED_ITEM('',(#11108),#10625,#10906);
#289=OVER_RIDING_STYLED_ITEM('',(#11109),#10626,#10906);
#290=OVER_RIDING_STYLED_ITEM('',(#11110),#10627,#10906);
#291=OVER_RIDING_STYLED_ITEM('',(#11111),#10628,#10906);
#292=OVER_RIDING_STYLED_ITEM('',(#11112),#10629,#10906);
#293=OVER_RIDING_STYLED_ITEM('',(#11113),#10630,#10906);
#294=OVER_RIDING_STYLED_ITEM('',(#11114),#10631,#10906);
#295=OVER_RIDING_STYLED_ITEM('',(#11115),#10632,#10906);
#296=OVER_RIDING_STYLED_ITEM('',(#11116),#10633,#10906);
#297=OVER_RIDING_STYLED_ITEM('',(#11117),#10634,#10906);
#298=OVER_RIDING_STYLED_ITEM('',(#11118),#10635,#10906);
#299=OVER_RIDING_STYLED_ITEM('',(#11119),#10636,#10906);
#300=OVER_RIDING_STYLED_ITEM('',(#11120),#10637,#10906);
#301=OVER_RIDING_STYLED_ITEM('',(#11121),#10638,#10906);
#302=OVER_RIDING_STYLED_ITEM('',(#11122),#10639,#10906);
#303=OVER_RIDING_STYLED_ITEM('',(#11123),#10640,#10906);
#304=OVER_RIDING_STYLED_ITEM('',(#11124),#10641,#10906);
#305=OVER_RIDING_STYLED_ITEM('',(#11125),#10642,#10906);
#306=OVER_RIDING_STYLED_ITEM('',(#11126),#10643,#10906);
#307=OVER_RIDING_STYLED_ITEM('',(#11127),#10644,#10906);
#308=OVER_RIDING_STYLED_ITEM('',(#11128),#10645,#10906);
#309=OVER_RIDING_STYLED_ITEM('',(#11129),#10646,#10906);
#310=OVER_RIDING_STYLED_ITEM('',(#11130),#10647,#10906);
#311=OVER_RIDING_STYLED_ITEM('',(#11131),#10648,#10906);
#312=OVER_RIDING_STYLED_ITEM('',(#11132),#10649,#10906);
#313=OVER_RIDING_STYLED_ITEM('',(#11133),#10650,#10906);
#314=OVER_RIDING_STYLED_ITEM('',(#11134),#10651,#10906);
#315=OVER_RIDING_STYLED_ITEM('',(#11135),#10652,#10906);
#316=OVER_RIDING_STYLED_ITEM('',(#11136),#10653,#10906);
#317=OVER_RIDING_STYLED_ITEM('',(#11137),#10654,#10906);
#318=OVER_RIDING_STYLED_ITEM('',(#11138),#10655,#10906);
#319=OVER_RIDING_STYLED_ITEM('',(#11139),#10656,#10906);
#320=OVER_RIDING_STYLED_ITEM('',(#11140),#10657,#10906);
#321=OVER_RIDING_STYLED_ITEM('',(#11141),#10658,#10906);
#322=OVER_RIDING_STYLED_ITEM('',(#11142),#10659,#10906);
#323=OVER_RIDING_STYLED_ITEM('',(#11143),#10660,#10906);
#324=OVER_RIDING_STYLED_ITEM('',(#11144),#10661,#10906);
#325=OVER_RIDING_STYLED_ITEM('',(#11145),#10662,#10906);
#326=OVER_RIDING_STYLED_ITEM('',(#11146),#10663,#10906);
#327=OVER_RIDING_STYLED_ITEM('',(#11147),#10664,#10906);
#328=OVER_RIDING_STYLED_ITEM('',(#11148),#10665,#10906);
#329=OVER_RIDING_STYLED_ITEM('',(#11149),#10666,#10906);
#330=OVER_RIDING_STYLED_ITEM('',(#11150),#10667,#10906);
#331=OVER_RIDING_STYLED_ITEM('',(#11151),#10668,#10906);
#332=OVER_RIDING_STYLED_ITEM('',(#11152),#10669,#10906);
#333=OVER_RIDING_STYLED_ITEM('',(#11153),#10670,#10906);
#334=OVER_RIDING_STYLED_ITEM('',(#11154),#10671,#10906);
#335=OVER_RIDING_STYLED_ITEM('',(#11155),#10672,#10906);
#336=OVER_RIDING_STYLED_ITEM('',(#11156),#10673,#10906);
#337=OVER_RIDING_STYLED_ITEM('',(#11157),#10674,#10906);
#338=OVER_RIDING_STYLED_ITEM('',(#11158),#10675,#10906);
#339=OVER_RIDING_STYLED_ITEM('',(#11159),#10676,#10906);
#340=OVER_RIDING_STYLED_ITEM('',(#11160),#10677,#10906);
#341=OVER_RIDING_STYLED_ITEM('',(#11161),#10678,#10906);
#342=OVER_RIDING_STYLED_ITEM('',(#11162),#10679,#10906);
#343=OVER_RIDING_STYLED_ITEM('',(#11163),#10680,#10906);
#344=OVER_RIDING_STYLED_ITEM('',(#11164),#10681,#10906);
#345=OVER_RIDING_STYLED_ITEM('',(#11165),#10682,#10906);
#346=OVER_RIDING_STYLED_ITEM('',(#11166),#10683,#10906);
#347=OVER_RIDING_STYLED_ITEM('',(#11167),#10684,#10906);
#348=OVER_RIDING_STYLED_ITEM('',(#11168),#10685,#10906);
#349=OVER_RIDING_STYLED_ITEM('',(#11169),#10686,#10906);
#350=OVER_RIDING_STYLED_ITEM('',(#11170),#10687,#10906);
#351=OVER_RIDING_STYLED_ITEM('',(#11171),#10688,#10906);
#352=OVER_RIDING_STYLED_ITEM('',(#11172),#10689,#10906);
#353=OVER_RIDING_STYLED_ITEM('',(#11173),#10690,#10906);
#354=OVER_RIDING_STYLED_ITEM('',(#11174),#10691,#10906);
#355=OVER_RIDING_STYLED_ITEM('',(#11175),#10692,#10906);
#356=OVER_RIDING_STYLED_ITEM('',(#11176),#10693,#10906);
#357=OVER_RIDING_STYLED_ITEM('',(#11177),#10694,#10906);
#358=OVER_RIDING_STYLED_ITEM('',(#11178),#10695,#10906);
#359=OVER_RIDING_STYLED_ITEM('',(#11179),#10696,#10906);
#360=OVER_RIDING_STYLED_ITEM('',(#11180),#10697,#10906);
#361=OVER_RIDING_STYLED_ITEM('',(#11181),#10698,#10906);
#362=OVER_RIDING_STYLED_ITEM('',(#11182),#10699,#10906);
#363=OVER_RIDING_STYLED_ITEM('',(#11183),#10700,#10906);
#364=OVER_RIDING_STYLED_ITEM('',(#11184),#10701,#10906);
#365=OVER_RIDING_STYLED_ITEM('',(#11185),#10702,#10906);
#366=OVER_RIDING_STYLED_ITEM('',(#11186),#10703,#10906);
#367=OVER_RIDING_STYLED_ITEM('',(#11187),#10704,#10906);
#368=OVER_RIDING_STYLED_ITEM('',(#11188),#10705,#10906);
#369=OVER_RIDING_STYLED_ITEM('',(#11189),#10706,#10906);
#370=OVER_RIDING_STYLED_ITEM('',(#11190),#10707,#10906);
#371=OVER_RIDING_STYLED_ITEM('',(#11191),#10708,#10906);
#372=OVER_RIDING_STYLED_ITEM('',(#11192),#10709,#10906);
#373=OVER_RIDING_STYLED_ITEM('',(#11193),#10710,#10906);
#374=OVER_RIDING_STYLED_ITEM('',(#11194),#10711,#10906);
#375=OVER_RIDING_STYLED_ITEM('',(#11195),#10712,#10906);
#376=OVER_RIDING_STYLED_ITEM('',(#11196),#10713,#10906);
#377=OVER_RIDING_STYLED_ITEM('',(#11197),#10714,#10906);
#378=OVER_RIDING_STYLED_ITEM('',(#11198),#10715,#10906);
#379=OVER_RIDING_STYLED_ITEM('',(#11199),#10716,#10906);
#380=OVER_RIDING_STYLED_ITEM('',(#11200),#10717,#10906);
#381=OVER_RIDING_STYLED_ITEM('',(#11201),#10718,#10906);
#382=OVER_RIDING_STYLED_ITEM('',(#11202),#10719,#10906);
#383=OVER_RIDING_STYLED_ITEM('',(#11203),#10720,#10906);
#384=OVER_RIDING_STYLED_ITEM('',(#11204),#10721,#10906);
#385=OVER_RIDING_STYLED_ITEM('',(#11205),#10722,#10906);
#386=OVER_RIDING_STYLED_ITEM('',(#11206),#10723,#10906);
#387=OVER_RIDING_STYLED_ITEM('',(#11207),#10724,#10906);
#388=OVER_RIDING_STYLED_ITEM('',(#11209),#10816,#10907);
#389=OVER_RIDING_STYLED_ITEM('',(#11210),#10817,#10907);
#390=OVER_RIDING_STYLED_ITEM('',(#11211),#10818,#10907);
#391=OVER_RIDING_STYLED_ITEM('',(#11212),#10819,#10907);
#392=OVER_RIDING_STYLED_ITEM('',(#11213),#10820,#10907);
#393=OVER_RIDING_STYLED_ITEM('',(#11214),#10821,#10907);
#394=OVER_RIDING_STYLED_ITEM('',(#11215),#10822,#10907);
#395=OVER_RIDING_STYLED_ITEM('',(#11216),#10823,#10907);
#396=OVER_RIDING_STYLED_ITEM('',(#11217),#10824,#10907);
#397=OVER_RIDING_STYLED_ITEM('',(#11218),#10825,#10907);
#398=OVER_RIDING_STYLED_ITEM('',(#11219),#10826,#10907);
#399=OVER_RIDING_STYLED_ITEM('',(#11220),#10827,#10907);
#400=OVER_RIDING_STYLED_ITEM('',(#11221),#10828,#10907);
#401=OVER_RIDING_STYLED_ITEM('',(#11222),#10829,#10907);
#402=OVER_RIDING_STYLED_ITEM('',(#11223),#10830,#10907);
#403=OVER_RIDING_STYLED_ITEM('',(#11224),#10831,#10907);
#404=OVER_RIDING_STYLED_ITEM('',(#11225),#10832,#10907);
#405=OVER_RIDING_STYLED_ITEM('',(#11226),#10833,#10907);
#406=OVER_RIDING_STYLED_ITEM('',(#11227),#10834,#10907);
#407=OVER_RIDING_STYLED_ITEM('',(#11228),#10835,#10907);
#408=OVER_RIDING_STYLED_ITEM('',(#11229),#10836,#10907);
#409=OVER_RIDING_STYLED_ITEM('',(#11230),#10837,#10907);
#410=OVER_RIDING_STYLED_ITEM('',(#11231),#10838,#10907);
#411=OVER_RIDING_STYLED_ITEM('',(#11232),#10839,#10907);
#412=OVER_RIDING_STYLED_ITEM('',(#11233),#10840,#10907);
#413=OVER_RIDING_STYLED_ITEM('',(#11234),#10841,#10907);
#414=OVER_RIDING_STYLED_ITEM('',(#11235),#10842,#10907);
#415=OVER_RIDING_STYLED_ITEM('',(#11236),#10843,#10907);
#416=OVER_RIDING_STYLED_ITEM('',(#11237),#10844,#10907);
#417=OVER_RIDING_STYLED_ITEM('',(#11238),#10845,#10907);
#418=OVER_RIDING_STYLED_ITEM('',(#11239),#10846,#10907);
#419=OVER_RIDING_STYLED_ITEM('',(#11240),#10847,#10907);
#420=OVER_RIDING_STYLED_ITEM('',(#11241),#10848,#10907);
#421=OVER_RIDING_STYLED_ITEM('',(#11242),#10849,#10907);
#422=OVER_RIDING_STYLED_ITEM('',(#11243),#10850,#10907);
#423=OVER_RIDING_STYLED_ITEM('',(#11244),#10851,#10907);
#424=OVER_RIDING_STYLED_ITEM('',(#11245),#10852,#10907);
#425=OVER_RIDING_STYLED_ITEM('',(#11246),#10853,#10907);
#426=OVER_RIDING_STYLED_ITEM('',(#11247),#10854,#10907);
#427=OVER_RIDING_STYLED_ITEM('',(#11248),#10855,#10907);
#428=OVER_RIDING_STYLED_ITEM('',(#11249),#10856,#10907);
#429=OVER_RIDING_STYLED_ITEM('',(#11250),#10857,#10907);
#430=OVER_RIDING_STYLED_ITEM('',(#11251),#10858,#10907);
#431=OVER_RIDING_STYLED_ITEM('',(#11252),#10859,#10907);
#432=OVER_RIDING_STYLED_ITEM('',(#11253),#10860,#10907);
#433=OVER_RIDING_STYLED_ITEM('',(#11254),#10861,#10907);
#434=OVER_RIDING_STYLED_ITEM('',(#11255),#10862,#10907);
#435=OVER_RIDING_STYLED_ITEM('',(#11256),#10863,#10907);
#436=OVER_RIDING_STYLED_ITEM('',(#11257),#10864,#10907);
#437=OVER_RIDING_STYLED_ITEM('',(#11258),#10865,#10907);
#438=OVER_RIDING_STYLED_ITEM('',(#11259),#10866,#10907);
#439=OVER_RIDING_STYLED_ITEM('',(#11260),#10867,#10907);
#440=OVER_RIDING_STYLED_ITEM('',(#11261),#10868,#10907);
#441=OVER_RIDING_STYLED_ITEM('',(#11262),#10869,#10907);
#442=OVER_RIDING_STYLED_ITEM('',(#11263),#10870,#10907);
#443=OVER_RIDING_STYLED_ITEM('',(#11264),#10871,#10907);
#444=OVER_RIDING_STYLED_ITEM('',(#11265),#10872,#10907);
#445=OVER_RIDING_STYLED_ITEM('',(#11266),#10873,#10907);
#446=OVER_RIDING_STYLED_ITEM('',(#11267),#10874,#10907);
#447=OVER_RIDING_STYLED_ITEM('',(#11268),#10875,#10907);
#448=OVER_RIDING_STYLED_ITEM('',(#11269),#10876,#10907);
#449=OVER_RIDING_STYLED_ITEM('',(#11270),#10877,#10907);
#450=OVER_RIDING_STYLED_ITEM('',(#11271),#10878,#10907);
#451=OVER_RIDING_STYLED_ITEM('',(#11272),#10879,#10907);
#452=OVER_RIDING_STYLED_ITEM('',(#11273),#10880,#10907);
#453=OVER_RIDING_STYLED_ITEM('',(#11274),#10881,#10907);
#454=OVER_RIDING_STYLED_ITEM('',(#11275),#10882,#10907);
#455=OVER_RIDING_STYLED_ITEM('',(#11276),#10883,#10907);
#456=OVER_RIDING_STYLED_ITEM('',(#11277),#10884,#10907);
#457=OVER_RIDING_STYLED_ITEM('',(#11278),#10885,#10907);
#458=OVER_RIDING_STYLED_ITEM('',(#11279),#10886,#10907);
#459=OVER_RIDING_STYLED_ITEM('',(#11280),#10887,#10907);
#460=OVER_RIDING_STYLED_ITEM('',(#11281),#10888,#10907);
#461=OVER_RIDING_STYLED_ITEM('',(#11282),#10889,#10907);
#462=OVER_RIDING_STYLED_ITEM('',(#11283),#10890,#10907);
#463=OVER_RIDING_STYLED_ITEM('',(#11284),#10891,#10907);
#464=OVER_RIDING_STYLED_ITEM('',(#11285),#10892,#10907);
#465=OVER_RIDING_STYLED_ITEM('',(#11286),#10893,#10907);
#466=OVER_RIDING_STYLED_ITEM('',(#11287),#10894,#10907);
#467=OVER_RIDING_STYLED_ITEM('',(#11288),#10895,#10907);
#468=OVER_RIDING_STYLED_ITEM('',(#11289),#10896,#10907);
#469=OVER_RIDING_STYLED_ITEM('',(#11290),#10897,#10907);
#470=OVER_RIDING_STYLED_ITEM('',(#11291),#10898,#10907);
#471=OVER_RIDING_STYLED_ITEM('',(#11292),#10899,#10907);
#472=CIRCLE('',#13238,0.0003);
#473=CIRCLE('',#13241,0.0003);
#474=CIRCLE('',#13253,0.0007);
#475=CIRCLE('',#13254,0.000250000000000004);
#476=CIRCLE('',#13256,0.000250000000000004);
#477=CIRCLE('',#13257,0.0007);
#478=CIRCLE('',#13267,0.0008);
#479=CIRCLE('',#13268,0.0008);
#480=CIRCLE('',#13270,0.0008);
#481=CIRCLE('',#13272,0.0008);
#482=CIRCLE('',#13274,0.0008);
#483=CIRCLE('',#13276,0.0008);
#484=CIRCLE('',#13278,0.0008);
#485=CIRCLE('',#13280,0.0008);
#486=CIRCLE('',#13284,0.0007);
#487=CIRCLE('',#13286,0.0023);
#488=CIRCLE('',#13288,0.0023);
#489=CIRCLE('',#13292,0.001);
#490=CIRCLE('',#13293,0.001);
#491=CIRCLE('',#13295,0.001);
#492=CIRCLE('',#13296,0.001);
#493=CIRCLE('',#13337,0.0014);
#494=CIRCLE('',#13338,0.0014);
#495=CIRCLE('',#13339,0.001);
#496=CIRCLE('',#13340,0.001);
#497=CIRCLE('',#13341,0.001);
#498=CIRCLE('',#13342,0.001);
#499=CIRCLE('',#13343,0.001);
#500=CIRCLE('',#13345,0.001);
#501=CIRCLE('',#13346,0.001);
#502=CIRCLE('',#13347,0.001);
#503=CIRCLE('',#13348,0.001);
#504=CIRCLE('',#13349,0.001);
#505=CIRCLE('',#13654,0.0012);
#506=CIRCLE('',#13657,0.0012);
#507=CIRCLE('',#13689,0.004);
#508=CIRCLE('',#13691,0.004);
#509=CIRCLE('',#13753,0.00145);
#510=CIRCLE('',#13754,0.00145);
#511=CIRCLE('',#13755,0.00145);
#512=CIRCLE('',#13756,0.00145);
#513=CIRCLE('',#13757,0.00145);
#514=CIRCLE('',#13758,0.00145);
#515=CIRCLE('',#13759,0.00145);
#516=CIRCLE('',#13760,0.001);
#517=CIRCLE('',#13761,0.001);
#518=CIRCLE('',#13762,0.001);
#519=CIRCLE('',#13763,0.001);
#520=CIRCLE('',#13767,0.001);
#521=CIRCLE('',#13768,0.001);
#522=CIRCLE('',#13772,0.001);
#523=CIRCLE('',#13773,0.001);
#524=CIRCLE('',#13776,0.001);
#525=CIRCLE('',#13777,0.001);
#526=CIRCLE('',#13785,0.00145);
#527=CIRCLE('',#13788,0.00145);
#528=CIRCLE('',#13791,0.00145);
#529=CIRCLE('',#13794,0.00145);
#530=CIRCLE('',#13797,0.00145);
#531=CIRCLE('',#13800,0.00145);
#532=CIRCLE('',#13803,0.00145);
#533=ORIENTED_EDGE('',*,*,#3391,.F.);
#534=ORIENTED_EDGE('',*,*,#3392,.T.);
#535=ORIENTED_EDGE('',*,*,#3393,.T.);
#536=ORIENTED_EDGE('',*,*,#3394,.T.);
#537=ORIENTED_EDGE('',*,*,#3395,.T.);
#538=ORIENTED_EDGE('',*,*,#3396,.F.);
#539=ORIENTED_EDGE('',*,*,#3397,.T.);
#540=ORIENTED_EDGE('',*,*,#3398,.F.);
#541=ORIENTED_EDGE('',*,*,#3399,.T.);
#542=ORIENTED_EDGE('',*,*,#3400,.F.);
#543=ORIENTED_EDGE('',*,*,#3401,.T.);
#544=ORIENTED_EDGE('',*,*,#3402,.T.);
#545=ORIENTED_EDGE('',*,*,#3400,.T.);
#546=ORIENTED_EDGE('',*,*,#3403,.T.);
#547=ORIENTED_EDGE('',*,*,#3404,.T.);
#548=ORIENTED_EDGE('',*,*,#3405,.F.);
#549=ORIENTED_EDGE('',*,*,#3406,.F.);
#550=ORIENTED_EDGE('',*,*,#3407,.T.);
#551=ORIENTED_EDGE('',*,*,#3408,.T.);
#552=ORIENTED_EDGE('',*,*,#3409,.T.);
#553=ORIENTED_EDGE('',*,*,#3410,.F.);
#554=ORIENTED_EDGE('',*,*,#3411,.F.);
#555=ORIENTED_EDGE('',*,*,#3406,.T.);
#556=ORIENTED_EDGE('',*,*,#3394,.F.);
#557=ORIENTED_EDGE('',*,*,#3412,.T.);
#558=ORIENTED_EDGE('',*,*,#3402,.F.);
#559=ORIENTED_EDGE('',*,*,#3413,.F.);
#560=ORIENTED_EDGE('',*,*,#3414,.F.);
#561=ORIENTED_EDGE('',*,*,#3410,.T.);
#562=ORIENTED_EDGE('',*,*,#3415,.T.);
#563=ORIENTED_EDGE('',*,*,#3416,.F.);
#564=ORIENTED_EDGE('',*,*,#3417,.F.);
#565=ORIENTED_EDGE('',*,*,#3418,.T.);
#566=ORIENTED_EDGE('',*,*,#3419,.T.);
#567=ORIENTED_EDGE('',*,*,#3417,.T.);
#568=ORIENTED_EDGE('',*,*,#3420,.T.);
#569=ORIENTED_EDGE('',*,*,#3421,.F.);
#570=ORIENTED_EDGE('',*,*,#3422,.F.);
#571=ORIENTED_EDGE('',*,*,#3421,.T.);
#572=ORIENTED_EDGE('',*,*,#3423,.T.);
#573=ORIENTED_EDGE('',*,*,#3424,.F.);
#574=ORIENTED_EDGE('',*,*,#3425,.F.);
#575=ORIENTED_EDGE('',*,*,#3426,.F.);
#576=ORIENTED_EDGE('',*,*,#3419,.F.);
#577=ORIENTED_EDGE('',*,*,#3427,.T.);
#578=ORIENTED_EDGE('',*,*,#3424,.T.);
#579=ORIENTED_EDGE('',*,*,#3401,.F.);
#580=ORIENTED_EDGE('',*,*,#3408,.F.);
#581=ORIENTED_EDGE('',*,*,#3428,.T.);
#582=ORIENTED_EDGE('',*,*,#3413,.T.);
#583=ORIENTED_EDGE('',*,*,#3418,.F.);
#584=ORIENTED_EDGE('',*,*,#3422,.T.);
#585=ORIENTED_EDGE('',*,*,#3425,.T.);
#586=ORIENTED_EDGE('',*,*,#3427,.F.);
#587=ORIENTED_EDGE('',*,*,#3407,.F.);
#588=ORIENTED_EDGE('',*,*,#3411,.T.);
#589=ORIENTED_EDGE('',*,*,#3414,.T.);
#590=ORIENTED_EDGE('',*,*,#3428,.F.);
#591=ORIENTED_EDGE('',*,*,#3405,.T.);
#592=ORIENTED_EDGE('',*,*,#3429,.T.);
#593=ORIENTED_EDGE('',*,*,#3430,.F.);
#594=ORIENTED_EDGE('',*,*,#3431,.F.);
#595=ORIENTED_EDGE('',*,*,#3432,.F.);
#596=ORIENTED_EDGE('',*,*,#3391,.T.);
#597=ORIENTED_EDGE('',*,*,#3415,.F.);
#598=ORIENTED_EDGE('',*,*,#3409,.F.);
#599=ORIENTED_EDGE('',*,*,#3433,.T.);
#600=ORIENTED_EDGE('',*,*,#3429,.F.);
#601=ORIENTED_EDGE('',*,*,#3404,.F.);
#602=ORIENTED_EDGE('',*,*,#3434,.T.);
#603=ORIENTED_EDGE('',*,*,#3403,.F.);
#604=ORIENTED_EDGE('',*,*,#3399,.F.);
#605=ORIENTED_EDGE('',*,*,#3435,.F.);
#606=ORIENTED_EDGE('',*,*,#3395,.F.);
#607=ORIENTED_EDGE('',*,*,#3412,.F.);
#608=ORIENTED_EDGE('',*,*,#3393,.F.);
#609=ORIENTED_EDGE('',*,*,#3436,.F.);
#610=ORIENTED_EDGE('',*,*,#3434,.F.);
#611=ORIENTED_EDGE('',*,*,#3437,.T.);
#612=ORIENTED_EDGE('',*,*,#3436,.T.);
#613=ORIENTED_EDGE('',*,*,#3438,.T.);
#614=ORIENTED_EDGE('',*,*,#3439,.T.);
#615=ORIENTED_EDGE('',*,*,#3440,.T.);
#616=ORIENTED_EDGE('',*,*,#3441,.T.);
#617=ORIENTED_EDGE('',*,*,#3442,.T.);
#618=ORIENTED_EDGE('',*,*,#3443,.F.);
#619=ORIENTED_EDGE('',*,*,#3396,.T.);
#620=ORIENTED_EDGE('',*,*,#3444,.T.);
#621=ORIENTED_EDGE('',*,*,#3445,.F.);
#622=ORIENTED_EDGE('',*,*,#3438,.F.);
#623=ORIENTED_EDGE('',*,*,#3392,.F.);
#624=ORIENTED_EDGE('',*,*,#3432,.T.);
#625=ORIENTED_EDGE('',*,*,#3446,.T.);
#626=ORIENTED_EDGE('',*,*,#3430,.T.);
#627=ORIENTED_EDGE('',*,*,#3433,.F.);
#628=ORIENTED_EDGE('',*,*,#3437,.F.);
#629=ORIENTED_EDGE('',*,*,#3447,.F.);
#630=ORIENTED_EDGE('',*,*,#3448,.T.);
#631=ORIENTED_EDGE('',*,*,#3398,.T.);
#632=ORIENTED_EDGE('',*,*,#3449,.F.);
#633=ORIENTED_EDGE('',*,*,#3450,.T.);
#634=ORIENTED_EDGE('',*,*,#3451,.T.);
#635=ORIENTED_EDGE('',*,*,#3441,.F.);
#636=ORIENTED_EDGE('',*,*,#3452,.T.);
#637=ORIENTED_EDGE('',*,*,#3451,.F.);
#638=ORIENTED_EDGE('',*,*,#3453,.F.);
#639=ORIENTED_EDGE('',*,*,#3442,.F.);
#640=ORIENTED_EDGE('',*,*,#3453,.T.);
#641=ORIENTED_EDGE('',*,*,#3450,.F.);
#642=ORIENTED_EDGE('',*,*,#3454,.F.);
#643=ORIENTED_EDGE('',*,*,#3397,.F.);
#644=ORIENTED_EDGE('',*,*,#3443,.T.);
#645=ORIENTED_EDGE('',*,*,#3454,.T.);
#646=ORIENTED_EDGE('',*,*,#3449,.T.);
#647=ORIENTED_EDGE('',*,*,#3444,.F.);
#648=ORIENTED_EDGE('',*,*,#3435,.T.);
#649=ORIENTED_EDGE('',*,*,#3448,.F.);
#650=ORIENTED_EDGE('',*,*,#3455,.F.);
#651=ORIENTED_EDGE('',*,*,#3439,.F.);
#652=ORIENTED_EDGE('',*,*,#3445,.T.);
#653=ORIENTED_EDGE('',*,*,#3455,.T.);
#654=ORIENTED_EDGE('',*,*,#3447,.T.);
#655=ORIENTED_EDGE('',*,*,#3440,.F.);
#656=ORIENTED_EDGE('',*,*,#3431,.T.);
#657=ORIENTED_EDGE('',*,*,#3446,.F.);
#658=ORIENTED_EDGE('',*,*,#3452,.F.);
#659=ORIENTED_EDGE('',*,*,#3420,.F.);
#660=ORIENTED_EDGE('',*,*,#3416,.T.);
#661=ORIENTED_EDGE('',*,*,#3426,.T.);
#662=ORIENTED_EDGE('',*,*,#3423,.F.);
#663=ORIENTED_EDGE('',*,*,#3456,.F.);
#664=ORIENTED_EDGE('',*,*,#3457,.T.);
#665=ORIENTED_EDGE('',*,*,#3457,.F.);
#666=ORIENTED_EDGE('',*,*,#3458,.T.);
#667=ORIENTED_EDGE('',*,*,#3458,.F.);
#668=ORIENTED_EDGE('',*,*,#3459,.T.);
#669=ORIENTED_EDGE('',*,*,#3459,.F.);
#670=ORIENTED_EDGE('',*,*,#3460,.T.);
#671=ORIENTED_EDGE('',*,*,#3460,.F.);
#672=ORIENTED_EDGE('',*,*,#3461,.T.);
#673=ORIENTED_EDGE('',*,*,#3461,.F.);
#674=ORIENTED_EDGE('',*,*,#3462,.T.);
#675=ORIENTED_EDGE('',*,*,#3462,.F.);
#676=ORIENTED_EDGE('',*,*,#3463,.T.);
#677=ORIENTED_EDGE('',*,*,#3464,.F.);
#678=ORIENTED_EDGE('',*,*,#3463,.F.);
#679=ORIENTED_EDGE('',*,*,#3456,.T.);
#680=ORIENTED_EDGE('',*,*,#3465,.F.);
#681=ORIENTED_EDGE('',*,*,#3464,.T.);
#682=ORIENTED_EDGE('',*,*,#3466,.T.);
#683=ORIENTED_EDGE('',*,*,#3466,.F.);
#684=ORIENTED_EDGE('',*,*,#3467,.T.);
#685=ORIENTED_EDGE('',*,*,#3465,.T.);
#686=ORIENTED_EDGE('',*,*,#3467,.F.);
#687=ORIENTED_EDGE('',*,*,#3468,.F.);
#688=ORIENTED_EDGE('',*,*,#3469,.T.);
#689=ORIENTED_EDGE('',*,*,#3470,.F.);
#690=ORIENTED_EDGE('',*,*,#3471,.T.);
#691=ORIENTED_EDGE('',*,*,#3472,.T.);
#692=ORIENTED_EDGE('',*,*,#3473,.T.);
#693=ORIENTED_EDGE('',*,*,#3474,.T.);
#694=ORIENTED_EDGE('',*,*,#3475,.F.);
#695=ORIENTED_EDGE('',*,*,#3476,.F.);
#696=ORIENTED_EDGE('',*,*,#3477,.F.);
#697=ORIENTED_EDGE('',*,*,#3478,.T.);
#698=ORIENTED_EDGE('',*,*,#3479,.F.);
#699=ORIENTED_EDGE('',*,*,#3480,.T.);
#700=ORIENTED_EDGE('',*,*,#3481,.T.);
#701=ORIENTED_EDGE('',*,*,#3482,.T.);
#702=ORIENTED_EDGE('',*,*,#3483,.F.);
#703=ORIENTED_EDGE('',*,*,#3484,.F.);
#704=ORIENTED_EDGE('',*,*,#3485,.F.);
#705=ORIENTED_EDGE('',*,*,#3486,.T.);
#706=ORIENTED_EDGE('',*,*,#3487,.F.);
#707=ORIENTED_EDGE('',*,*,#3488,.T.);
#708=ORIENTED_EDGE('',*,*,#3489,.T.);
#709=ORIENTED_EDGE('',*,*,#3490,.T.);
#710=ORIENTED_EDGE('',*,*,#3491,.F.);
#711=ORIENTED_EDGE('',*,*,#3492,.F.);
#712=ORIENTED_EDGE('',*,*,#3493,.F.);
#713=ORIENTED_EDGE('',*,*,#3494,.T.);
#714=ORIENTED_EDGE('',*,*,#3495,.F.);
#715=ORIENTED_EDGE('',*,*,#3496,.T.);
#716=ORIENTED_EDGE('',*,*,#3497,.T.);
#717=ORIENTED_EDGE('',*,*,#3498,.T.);
#718=ORIENTED_EDGE('',*,*,#3499,.F.);
#719=ORIENTED_EDGE('',*,*,#3500,.F.);
#720=ORIENTED_EDGE('',*,*,#3501,.F.);
#721=ORIENTED_EDGE('',*,*,#3502,.T.);
#722=ORIENTED_EDGE('',*,*,#3503,.F.);
#723=ORIENTED_EDGE('',*,*,#3504,.T.);
#724=ORIENTED_EDGE('',*,*,#3505,.T.);
#725=ORIENTED_EDGE('',*,*,#3506,.T.);
#726=ORIENTED_EDGE('',*,*,#3507,.F.);
#727=ORIENTED_EDGE('',*,*,#3508,.F.);
#728=ORIENTED_EDGE('',*,*,#3509,.F.);
#729=ORIENTED_EDGE('',*,*,#3510,.T.);
#730=ORIENTED_EDGE('',*,*,#3511,.F.);
#731=ORIENTED_EDGE('',*,*,#3512,.T.);
#732=ORIENTED_EDGE('',*,*,#3513,.T.);
#733=ORIENTED_EDGE('',*,*,#3514,.T.);
#734=ORIENTED_EDGE('',*,*,#3515,.F.);
#735=ORIENTED_EDGE('',*,*,#3516,.F.);
#736=ORIENTED_EDGE('',*,*,#3517,.F.);
#737=ORIENTED_EDGE('',*,*,#3518,.T.);
#738=ORIENTED_EDGE('',*,*,#3519,.F.);
#739=ORIENTED_EDGE('',*,*,#3520,.T.);
#740=ORIENTED_EDGE('',*,*,#3521,.T.);
#741=ORIENTED_EDGE('',*,*,#3522,.T.);
#742=ORIENTED_EDGE('',*,*,#3523,.F.);
#743=ORIENTED_EDGE('',*,*,#3524,.F.);
#744=ORIENTED_EDGE('',*,*,#3525,.F.);
#745=ORIENTED_EDGE('',*,*,#3526,.T.);
#746=ORIENTED_EDGE('',*,*,#3527,.F.);
#747=ORIENTED_EDGE('',*,*,#3528,.T.);
#748=ORIENTED_EDGE('',*,*,#3529,.T.);
#749=ORIENTED_EDGE('',*,*,#3530,.T.);
#750=ORIENTED_EDGE('',*,*,#3531,.F.);
#751=ORIENTED_EDGE('',*,*,#3532,.F.);
#752=ORIENTED_EDGE('',*,*,#3533,.F.);
#753=ORIENTED_EDGE('',*,*,#3534,.T.);
#754=ORIENTED_EDGE('',*,*,#3535,.F.);
#755=ORIENTED_EDGE('',*,*,#3536,.T.);
#756=ORIENTED_EDGE('',*,*,#3537,.T.);
#757=ORIENTED_EDGE('',*,*,#3538,.T.);
#758=ORIENTED_EDGE('',*,*,#3539,.F.);
#759=ORIENTED_EDGE('',*,*,#3540,.F.);
#760=ORIENTED_EDGE('',*,*,#3541,.F.);
#761=ORIENTED_EDGE('',*,*,#3542,.T.);
#762=ORIENTED_EDGE('',*,*,#3543,.F.);
#763=ORIENTED_EDGE('',*,*,#3544,.T.);
#764=ORIENTED_EDGE('',*,*,#3545,.T.);
#765=ORIENTED_EDGE('',*,*,#3546,.T.);
#766=ORIENTED_EDGE('',*,*,#3547,.F.);
#767=ORIENTED_EDGE('',*,*,#3548,.F.);
#768=ORIENTED_EDGE('',*,*,#3549,.F.);
#769=ORIENTED_EDGE('',*,*,#3550,.T.);
#770=ORIENTED_EDGE('',*,*,#3551,.F.);
#771=ORIENTED_EDGE('',*,*,#3552,.T.);
#772=ORIENTED_EDGE('',*,*,#3553,.T.);
#773=ORIENTED_EDGE('',*,*,#3554,.T.);
#774=ORIENTED_EDGE('',*,*,#3555,.F.);
#775=ORIENTED_EDGE('',*,*,#3556,.F.);
#776=ORIENTED_EDGE('',*,*,#3557,.F.);
#777=ORIENTED_EDGE('',*,*,#3558,.T.);
#778=ORIENTED_EDGE('',*,*,#3559,.F.);
#779=ORIENTED_EDGE('',*,*,#3560,.T.);
#780=ORIENTED_EDGE('',*,*,#3561,.T.);
#781=ORIENTED_EDGE('',*,*,#3562,.T.);
#782=ORIENTED_EDGE('',*,*,#3563,.F.);
#783=ORIENTED_EDGE('',*,*,#3564,.F.);
#784=ORIENTED_EDGE('',*,*,#3565,.F.);
#785=ORIENTED_EDGE('',*,*,#3566,.T.);
#786=ORIENTED_EDGE('',*,*,#3567,.F.);
#787=ORIENTED_EDGE('',*,*,#3568,.T.);
#788=ORIENTED_EDGE('',*,*,#3569,.T.);
#789=ORIENTED_EDGE('',*,*,#3570,.T.);
#790=ORIENTED_EDGE('',*,*,#3571,.F.);
#791=ORIENTED_EDGE('',*,*,#3572,.F.);
#792=ORIENTED_EDGE('',*,*,#3573,.F.);
#793=ORIENTED_EDGE('',*,*,#3574,.T.);
#794=ORIENTED_EDGE('',*,*,#3575,.F.);
#795=ORIENTED_EDGE('',*,*,#3576,.T.);
#796=ORIENTED_EDGE('',*,*,#3577,.T.);
#797=ORIENTED_EDGE('',*,*,#3578,.T.);
#798=ORIENTED_EDGE('',*,*,#3579,.F.);
#799=ORIENTED_EDGE('',*,*,#3580,.F.);
#800=ORIENTED_EDGE('',*,*,#3581,.F.);
#801=ORIENTED_EDGE('',*,*,#3582,.T.);
#802=ORIENTED_EDGE('',*,*,#3583,.F.);
#803=ORIENTED_EDGE('',*,*,#3584,.F.);
#804=ORIENTED_EDGE('',*,*,#3585,.F.);
#805=ORIENTED_EDGE('',*,*,#3586,.T.);
#806=ORIENTED_EDGE('',*,*,#3587,.F.);
#807=ORIENTED_EDGE('',*,*,#3588,.T.);
#808=ORIENTED_EDGE('',*,*,#3589,.T.);
#809=ORIENTED_EDGE('',*,*,#3590,.F.);
#810=ORIENTED_EDGE('',*,*,#3591,.F.);
#811=ORIENTED_EDGE('',*,*,#3592,.T.);
#812=ORIENTED_EDGE('',*,*,#3593,.T.);
#813=ORIENTED_EDGE('',*,*,#3594,.T.);
#814=ORIENTED_EDGE('',*,*,#3595,.F.);
#815=ORIENTED_EDGE('',*,*,#3498,.F.);
#816=ORIENTED_EDGE('',*,*,#3596,.F.);
#817=ORIENTED_EDGE('',*,*,#3597,.F.);
#818=ORIENTED_EDGE('',*,*,#3598,.F.);
#819=ORIENTED_EDGE('',*,*,#3490,.F.);
#820=ORIENTED_EDGE('',*,*,#3599,.F.);
#821=ORIENTED_EDGE('',*,*,#3600,.F.);
#822=ORIENTED_EDGE('',*,*,#3601,.F.);
#823=ORIENTED_EDGE('',*,*,#3482,.F.);
#824=ORIENTED_EDGE('',*,*,#3602,.F.);
#825=ORIENTED_EDGE('',*,*,#3603,.F.);
#826=ORIENTED_EDGE('',*,*,#3604,.F.);
#827=ORIENTED_EDGE('',*,*,#3474,.F.);
#828=ORIENTED_EDGE('',*,*,#3605,.F.);
#829=ORIENTED_EDGE('',*,*,#3606,.F.);
#830=ORIENTED_EDGE('',*,*,#3607,.F.);
#831=ORIENTED_EDGE('',*,*,#3608,.F.);
#832=ORIENTED_EDGE('',*,*,#3609,.T.);
#833=ORIENTED_EDGE('',*,*,#3610,.F.);
#834=ORIENTED_EDGE('',*,*,#3611,.T.);
#835=ORIENTED_EDGE('',*,*,#3612,.T.);
#836=ORIENTED_EDGE('',*,*,#3613,.T.);
#837=ORIENTED_EDGE('',*,*,#3479,.T.);
#838=ORIENTED_EDGE('',*,*,#3614,.T.);
#839=ORIENTED_EDGE('',*,*,#3615,.T.);
#840=ORIENTED_EDGE('',*,*,#3616,.T.);
#841=ORIENTED_EDGE('',*,*,#3487,.T.);
#842=ORIENTED_EDGE('',*,*,#3617,.T.);
#843=ORIENTED_EDGE('',*,*,#3618,.T.);
#844=ORIENTED_EDGE('',*,*,#3619,.T.);
#845=ORIENTED_EDGE('',*,*,#3495,.T.);
#846=ORIENTED_EDGE('',*,*,#3620,.T.);
#847=ORIENTED_EDGE('',*,*,#3621,.T.);
#848=ORIENTED_EDGE('',*,*,#3622,.T.);
#849=ORIENTED_EDGE('',*,*,#3503,.T.);
#850=ORIENTED_EDGE('',*,*,#3623,.T.);
#851=ORIENTED_EDGE('',*,*,#3624,.T.);
#852=ORIENTED_EDGE('',*,*,#3625,.T.);
#853=ORIENTED_EDGE('',*,*,#3626,.T.);
#854=ORIENTED_EDGE('',*,*,#3627,.F.);
#855=ORIENTED_EDGE('',*,*,#3554,.F.);
#856=ORIENTED_EDGE('',*,*,#3628,.F.);
#857=ORIENTED_EDGE('',*,*,#3629,.F.);
#858=ORIENTED_EDGE('',*,*,#3630,.F.);
#859=ORIENTED_EDGE('',*,*,#3546,.F.);
#860=ORIENTED_EDGE('',*,*,#3631,.F.);
#861=ORIENTED_EDGE('',*,*,#3632,.F.);
#862=ORIENTED_EDGE('',*,*,#3633,.F.);
#863=ORIENTED_EDGE('',*,*,#3538,.F.);
#864=ORIENTED_EDGE('',*,*,#3634,.F.);
#865=ORIENTED_EDGE('',*,*,#3635,.F.);
#866=ORIENTED_EDGE('',*,*,#3636,.F.);
#867=ORIENTED_EDGE('',*,*,#3530,.F.);
#868=ORIENTED_EDGE('',*,*,#3637,.F.);
#869=ORIENTED_EDGE('',*,*,#3638,.F.);
#870=ORIENTED_EDGE('',*,*,#3639,.F.);
#871=ORIENTED_EDGE('',*,*,#3640,.F.);
#872=ORIENTED_EDGE('',*,*,#3641,.T.);
#873=ORIENTED_EDGE('',*,*,#3642,.F.);
#874=ORIENTED_EDGE('',*,*,#3643,.T.);
#875=ORIENTED_EDGE('',*,*,#3644,.T.);
#876=ORIENTED_EDGE('',*,*,#3645,.T.);
#877=ORIENTED_EDGE('',*,*,#3535,.T.);
#878=ORIENTED_EDGE('',*,*,#3646,.T.);
#879=ORIENTED_EDGE('',*,*,#3647,.T.);
#880=ORIENTED_EDGE('',*,*,#3648,.T.);
#881=ORIENTED_EDGE('',*,*,#3543,.T.);
#882=ORIENTED_EDGE('',*,*,#3649,.T.);
#883=ORIENTED_EDGE('',*,*,#3650,.T.);
#884=ORIENTED_EDGE('',*,*,#3651,.T.);
#885=ORIENTED_EDGE('',*,*,#3551,.T.);
#886=ORIENTED_EDGE('',*,*,#3652,.T.);
#887=ORIENTED_EDGE('',*,*,#3653,.T.);
#888=ORIENTED_EDGE('',*,*,#3654,.T.);
#889=ORIENTED_EDGE('',*,*,#3559,.T.);
#890=ORIENTED_EDGE('',*,*,#3655,.T.);
#891=ORIENTED_EDGE('',*,*,#3640,.T.);
#892=ORIENTED_EDGE('',*,*,#3656,.T.);
#893=ORIENTED_EDGE('',*,*,#3657,.T.);
#894=ORIENTED_EDGE('',*,*,#3658,.F.);
#895=ORIENTED_EDGE('',*,*,#3626,.F.);
#896=ORIENTED_EDGE('',*,*,#3659,.T.);
#897=ORIENTED_EDGE('',*,*,#3608,.T.);
#898=ORIENTED_EDGE('',*,*,#3660,.T.);
#899=ORIENTED_EDGE('',*,*,#3661,.T.);
#900=ORIENTED_EDGE('',*,*,#3662,.F.);
#901=ORIENTED_EDGE('',*,*,#3594,.F.);
#902=ORIENTED_EDGE('',*,*,#3663,.T.);
#903=ORIENTED_EDGE('',*,*,#3664,.F.);
#904=ORIENTED_EDGE('',*,*,#3665,.F.);
#905=ORIENTED_EDGE('',*,*,#3666,.F.);
#906=ORIENTED_EDGE('',*,*,#3667,.T.);
#907=ORIENTED_EDGE('',*,*,#3668,.T.);
#908=ORIENTED_EDGE('',*,*,#3669,.T.);
#909=ORIENTED_EDGE('',*,*,#3670,.F.);
#910=ORIENTED_EDGE('',*,*,#3671,.T.);
#911=ORIENTED_EDGE('',*,*,#3672,.T.);
#912=ORIENTED_EDGE('',*,*,#3673,.T.);
#913=ORIENTED_EDGE('',*,*,#3674,.T.);
#914=ORIENTED_EDGE('',*,*,#3592,.F.);
#915=ORIENTED_EDGE('',*,*,#3675,.F.);
#916=ORIENTED_EDGE('',*,*,#3610,.T.);
#917=ORIENTED_EDGE('',*,*,#3676,.T.);
#918=ORIENTED_EDGE('',*,*,#3677,.T.);
#919=ORIENTED_EDGE('',*,*,#3678,.T.);
#920=ORIENTED_EDGE('',*,*,#3679,.T.);
#921=ORIENTED_EDGE('',*,*,#3680,.F.);
#922=ORIENTED_EDGE('',*,*,#3681,.T.);
#923=ORIENTED_EDGE('',*,*,#3682,.T.);
#924=ORIENTED_EDGE('',*,*,#3683,.T.);
#925=ORIENTED_EDGE('',*,*,#3684,.T.);
#926=ORIENTED_EDGE('',*,*,#3685,.F.);
#927=ORIENTED_EDGE('',*,*,#3686,.T.);
#928=ORIENTED_EDGE('',*,*,#3687,.T.);
#929=ORIENTED_EDGE('',*,*,#3624,.F.);
#930=ORIENTED_EDGE('',*,*,#3688,.F.);
#931=ORIENTED_EDGE('',*,*,#3642,.T.);
#932=ORIENTED_EDGE('',*,*,#3470,.T.);
#933=ORIENTED_EDGE('',*,*,#3689,.F.);
#934=ORIENTED_EDGE('',*,*,#3690,.F.);
#935=ORIENTED_EDGE('',*,*,#3691,.T.);
#936=ORIENTED_EDGE('',*,*,#3533,.T.);
#937=ORIENTED_EDGE('',*,*,#3692,.T.);
#938=ORIENTED_EDGE('',*,*,#3693,.T.);
#939=ORIENTED_EDGE('',*,*,#3694,.F.);
#940=ORIENTED_EDGE('',*,*,#3528,.F.);
#941=ORIENTED_EDGE('',*,*,#3695,.F.);
#942=ORIENTED_EDGE('',*,*,#3696,.F.);
#943=ORIENTED_EDGE('',*,*,#3697,.T.);
#944=ORIENTED_EDGE('',*,*,#3541,.T.);
#945=ORIENTED_EDGE('',*,*,#3698,.T.);
#946=ORIENTED_EDGE('',*,*,#3699,.T.);
#947=ORIENTED_EDGE('',*,*,#3700,.F.);
#948=ORIENTED_EDGE('',*,*,#3536,.F.);
#949=ORIENTED_EDGE('',*,*,#3701,.F.);
#950=ORIENTED_EDGE('',*,*,#3702,.F.);
#951=ORIENTED_EDGE('',*,*,#3703,.T.);
#952=ORIENTED_EDGE('',*,*,#3549,.T.);
#953=ORIENTED_EDGE('',*,*,#3704,.T.);
#954=ORIENTED_EDGE('',*,*,#3705,.T.);
#955=ORIENTED_EDGE('',*,*,#3706,.F.);
#956=ORIENTED_EDGE('',*,*,#3544,.F.);
#957=ORIENTED_EDGE('',*,*,#3707,.T.);
#958=ORIENTED_EDGE('',*,*,#3708,.F.);
#959=ORIENTED_EDGE('',*,*,#3576,.F.);
#960=ORIENTED_EDGE('',*,*,#3709,.F.);
#961=ORIENTED_EDGE('',*,*,#3710,.F.);
#962=ORIENTED_EDGE('',*,*,#3711,.T.);
#963=ORIENTED_EDGE('',*,*,#3581,.T.);
#964=ORIENTED_EDGE('',*,*,#3712,.T.);
#965=ORIENTED_EDGE('',*,*,#3713,.T.);
#966=ORIENTED_EDGE('',*,*,#3714,.F.);
#967=ORIENTED_EDGE('',*,*,#3568,.F.);
#968=ORIENTED_EDGE('',*,*,#3715,.F.);
#969=ORIENTED_EDGE('',*,*,#3716,.F.);
#970=ORIENTED_EDGE('',*,*,#3717,.T.);
#971=ORIENTED_EDGE('',*,*,#3573,.T.);
#972=ORIENTED_EDGE('',*,*,#3718,.T.);
#973=ORIENTED_EDGE('',*,*,#3719,.T.);
#974=ORIENTED_EDGE('',*,*,#3720,.F.);
#975=ORIENTED_EDGE('',*,*,#3560,.F.);
#976=ORIENTED_EDGE('',*,*,#3721,.F.);
#977=ORIENTED_EDGE('',*,*,#3722,.F.);
#978=ORIENTED_EDGE('',*,*,#3723,.T.);
#979=ORIENTED_EDGE('',*,*,#3565,.T.);
#980=ORIENTED_EDGE('',*,*,#3724,.T.);
#981=ORIENTED_EDGE('',*,*,#3725,.T.);
#982=ORIENTED_EDGE('',*,*,#3726,.F.);
#983=ORIENTED_EDGE('',*,*,#3552,.F.);
#984=ORIENTED_EDGE('',*,*,#3727,.F.);
#985=ORIENTED_EDGE('',*,*,#3728,.F.);
#986=ORIENTED_EDGE('',*,*,#3729,.T.);
#987=ORIENTED_EDGE('',*,*,#3557,.T.);
#988=ORIENTED_EDGE('',*,*,#3730,.T.);
#989=ORIENTED_EDGE('',*,*,#3731,.F.);
#990=ORIENTED_EDGE('',*,*,#3732,.F.);
#991=ORIENTED_EDGE('',*,*,#3733,.T.);
#992=ORIENTED_EDGE('',*,*,#3477,.T.);
#993=ORIENTED_EDGE('',*,*,#3734,.T.);
#994=ORIENTED_EDGE('',*,*,#3735,.T.);
#995=ORIENTED_EDGE('',*,*,#3736,.F.);
#996=ORIENTED_EDGE('',*,*,#3472,.F.);
#997=ORIENTED_EDGE('',*,*,#3737,.T.);
#998=ORIENTED_EDGE('',*,*,#3738,.F.);
#999=ORIENTED_EDGE('',*,*,#3520,.F.);
#1000=ORIENTED_EDGE('',*,*,#3739,.F.);
#1001=ORIENTED_EDGE('',*,*,#3740,.F.);
#1002=ORIENTED_EDGE('',*,*,#3741,.T.);
#1003=ORIENTED_EDGE('',*,*,#3525,.T.);
#1004=ORIENTED_EDGE('',*,*,#3742,.T.);
#1005=ORIENTED_EDGE('',*,*,#3743,.T.);
#1006=ORIENTED_EDGE('',*,*,#3744,.F.);
#1007=ORIENTED_EDGE('',*,*,#3512,.F.);
#1008=ORIENTED_EDGE('',*,*,#3745,.F.);
#1009=ORIENTED_EDGE('',*,*,#3746,.F.);
#1010=ORIENTED_EDGE('',*,*,#3747,.T.);
#1011=ORIENTED_EDGE('',*,*,#3517,.T.);
#1012=ORIENTED_EDGE('',*,*,#3748,.T.);
#1013=ORIENTED_EDGE('',*,*,#3749,.T.);
#1014=ORIENTED_EDGE('',*,*,#3750,.F.);
#1015=ORIENTED_EDGE('',*,*,#3504,.F.);
#1016=ORIENTED_EDGE('',*,*,#3751,.F.);
#1017=ORIENTED_EDGE('',*,*,#3752,.F.);
#1018=ORIENTED_EDGE('',*,*,#3753,.T.);
#1019=ORIENTED_EDGE('',*,*,#3509,.T.);
#1020=ORIENTED_EDGE('',*,*,#3754,.T.);
#1021=ORIENTED_EDGE('',*,*,#3755,.T.);
#1022=ORIENTED_EDGE('',*,*,#3756,.F.);
#1023=ORIENTED_EDGE('',*,*,#3496,.F.);
#1024=ORIENTED_EDGE('',*,*,#3757,.F.);
#1025=ORIENTED_EDGE('',*,*,#3758,.F.);
#1026=ORIENTED_EDGE('',*,*,#3759,.T.);
#1027=ORIENTED_EDGE('',*,*,#3501,.T.);
#1028=ORIENTED_EDGE('',*,*,#3760,.T.);
#1029=ORIENTED_EDGE('',*,*,#3761,.T.);
#1030=ORIENTED_EDGE('',*,*,#3762,.F.);
#1031=ORIENTED_EDGE('',*,*,#3488,.F.);
#1032=ORIENTED_EDGE('',*,*,#3763,.F.);
#1033=ORIENTED_EDGE('',*,*,#3764,.F.);
#1034=ORIENTED_EDGE('',*,*,#3765,.T.);
#1035=ORIENTED_EDGE('',*,*,#3493,.T.);
#1036=ORIENTED_EDGE('',*,*,#3766,.T.);
#1037=ORIENTED_EDGE('',*,*,#3767,.T.);
#1038=ORIENTED_EDGE('',*,*,#3768,.F.);
#1039=ORIENTED_EDGE('',*,*,#3480,.F.);
#1040=ORIENTED_EDGE('',*,*,#3769,.F.);
#1041=ORIENTED_EDGE('',*,*,#3770,.F.);
#1042=ORIENTED_EDGE('',*,*,#3771,.T.);
#1043=ORIENTED_EDGE('',*,*,#3485,.T.);
#1044=ORIENTED_EDGE('',*,*,#3772,.T.);
#1045=ORIENTED_EDGE('',*,*,#3468,.T.);
#1046=ORIENTED_EDGE('',*,*,#3773,.F.);
#1047=ORIENTED_EDGE('',*,*,#3774,.T.);
#1048=ORIENTED_EDGE('',*,*,#3775,.F.);
#1049=ORIENTED_EDGE('',*,*,#3776,.T.);
#1050=ORIENTED_EDGE('',*,*,#3777,.T.);
#1051=ORIENTED_EDGE('',*,*,#3778,.T.);
#1052=ORIENTED_EDGE('',*,*,#3779,.F.);
#1053=ORIENTED_EDGE('',*,*,#3780,.F.);
#1054=ORIENTED_EDGE('',*,*,#3781,.T.);
#1055=ORIENTED_EDGE('',*,*,#3782,.T.);
#1056=ORIENTED_EDGE('',*,*,#3783,.T.);
#1057=ORIENTED_EDGE('',*,*,#3784,.F.);
#1058=ORIENTED_EDGE('',*,*,#3785,.T.);
#1059=ORIENTED_EDGE('',*,*,#3786,.T.);
#1060=ORIENTED_EDGE('',*,*,#3787,.F.);
#1061=ORIENTED_EDGE('',*,*,#3680,.T.);
#1062=ORIENTED_EDGE('',*,*,#3788,.T.);
#1063=ORIENTED_EDGE('',*,*,#3782,.F.);
#1064=ORIENTED_EDGE('',*,*,#3789,.T.);
#1065=ORIENTED_EDGE('',*,*,#3682,.F.);
#1066=ORIENTED_EDGE('',*,*,#3790,.T.);
#1067=ORIENTED_EDGE('',*,*,#3780,.T.);
#1068=ORIENTED_EDGE('',*,*,#3791,.F.);
#1069=ORIENTED_EDGE('',*,*,#3779,.T.);
#1070=ORIENTED_EDGE('',*,*,#3792,.T.);
#1071=ORIENTED_EDGE('',*,*,#3683,.F.);
#1072=ORIENTED_EDGE('',*,*,#3791,.T.);
#1073=ORIENTED_EDGE('',*,*,#3777,.F.);
#1074=ORIENTED_EDGE('',*,*,#3793,.T.);
#1075=ORIENTED_EDGE('',*,*,#3685,.T.);
#1076=ORIENTED_EDGE('',*,*,#3794,.T.);
#1077=ORIENTED_EDGE('',*,*,#3775,.T.);
#1078=ORIENTED_EDGE('',*,*,#3795,.T.);
#1079=ORIENTED_EDGE('',*,*,#3676,.F.);
#1080=ORIENTED_EDGE('',*,*,#3796,.T.);
#1081=ORIENTED_EDGE('',*,*,#3678,.F.);
#1082=ORIENTED_EDGE('',*,*,#3797,.T.);
#1083=ORIENTED_EDGE('',*,*,#3773,.T.);
#1084=ORIENTED_EDGE('',*,*,#3798,.T.);
#1085=ORIENTED_EDGE('',*,*,#3677,.F.);
#1086=ORIENTED_EDGE('',*,*,#3795,.F.);
#1087=ORIENTED_EDGE('',*,*,#3774,.F.);
#1088=ORIENTED_EDGE('',*,*,#3797,.F.);
#1089=ORIENTED_EDGE('',*,*,#3686,.F.);
#1090=ORIENTED_EDGE('',*,*,#3793,.F.);
#1091=ORIENTED_EDGE('',*,*,#3776,.F.);
#1092=ORIENTED_EDGE('',*,*,#3796,.F.);
#1093=ORIENTED_EDGE('',*,*,#3679,.F.);
#1094=ORIENTED_EDGE('',*,*,#3798,.F.);
#1095=ORIENTED_EDGE('',*,*,#3783,.F.);
#1096=ORIENTED_EDGE('',*,*,#3788,.F.);
#1097=ORIENTED_EDGE('',*,*,#3681,.F.);
#1098=ORIENTED_EDGE('',*,*,#3789,.F.);
#1099=ORIENTED_EDGE('',*,*,#3781,.F.);
#1100=ORIENTED_EDGE('',*,*,#3790,.F.);
#1101=ORIENTED_EDGE('',*,*,#3684,.F.);
#1102=ORIENTED_EDGE('',*,*,#3792,.F.);
#1103=ORIENTED_EDGE('',*,*,#3778,.F.);
#1104=ORIENTED_EDGE('',*,*,#3794,.F.);
#1105=ORIENTED_EDGE('',*,*,#3784,.T.);
#1106=ORIENTED_EDGE('',*,*,#3799,.F.);
#1107=ORIENTED_EDGE('',*,*,#3588,.F.);
#1108=ORIENTED_EDGE('',*,*,#3800,.T.);
#1109=ORIENTED_EDGE('',*,*,#3785,.F.);
#1110=ORIENTED_EDGE('',*,*,#3800,.F.);
#1111=ORIENTED_EDGE('',*,*,#3587,.T.);
#1112=ORIENTED_EDGE('',*,*,#3801,.T.);
#1113=ORIENTED_EDGE('',*,*,#3802,.T.);
#1114=ORIENTED_EDGE('',*,*,#3803,.F.);
#1115=ORIENTED_EDGE('',*,*,#3591,.T.);
#1116=ORIENTED_EDGE('',*,*,#3804,.T.);
#1117=ORIENTED_EDGE('',*,*,#3786,.F.);
#1118=ORIENTED_EDGE('',*,*,#3804,.F.);
#1119=ORIENTED_EDGE('',*,*,#3590,.T.);
#1120=ORIENTED_EDGE('',*,*,#3805,.T.);
#1121=ORIENTED_EDGE('',*,*,#3787,.T.);
#1122=ORIENTED_EDGE('',*,*,#3805,.F.);
#1123=ORIENTED_EDGE('',*,*,#3589,.F.);
#1124=ORIENTED_EDGE('',*,*,#3799,.T.);
#1125=ORIENTED_EDGE('',*,*,#3806,.T.);
#1126=ORIENTED_EDGE('',*,*,#3807,.T.);
#1127=ORIENTED_EDGE('',*,*,#3808,.F.);
#1128=ORIENTED_EDGE('',*,*,#3809,.F.);
#1129=ORIENTED_EDGE('',*,*,#3810,.F.);
#1130=ORIENTED_EDGE('',*,*,#3811,.T.);
#1131=ORIENTED_EDGE('',*,*,#3812,.T.);
#1132=ORIENTED_EDGE('',*,*,#3813,.F.);
#1133=ORIENTED_EDGE('',*,*,#3814,.F.);
#1134=ORIENTED_EDGE('',*,*,#3815,.T.);
#1135=ORIENTED_EDGE('',*,*,#3816,.T.);
#1136=ORIENTED_EDGE('',*,*,#3817,.F.);
#1137=ORIENTED_EDGE('',*,*,#3818,.F.);
#1138=ORIENTED_EDGE('',*,*,#3819,.T.);
#1139=ORIENTED_EDGE('',*,*,#3820,.F.);
#1140=ORIENTED_EDGE('',*,*,#3821,.F.);
#1141=ORIENTED_EDGE('',*,*,#3621,.F.);
#1142=ORIENTED_EDGE('',*,*,#3822,.T.);
#1143=ORIENTED_EDGE('',*,*,#3597,.T.);
#1144=ORIENTED_EDGE('',*,*,#3823,.F.);
#1145=ORIENTED_EDGE('',*,*,#3618,.F.);
#1146=ORIENTED_EDGE('',*,*,#3824,.T.);
#1147=ORIENTED_EDGE('',*,*,#3600,.T.);
#1148=ORIENTED_EDGE('',*,*,#3825,.F.);
#1149=ORIENTED_EDGE('',*,*,#3615,.F.);
#1150=ORIENTED_EDGE('',*,*,#3826,.T.);
#1151=ORIENTED_EDGE('',*,*,#3603,.T.);
#1152=ORIENTED_EDGE('',*,*,#3827,.F.);
#1153=ORIENTED_EDGE('',*,*,#3675,.T.);
#1154=ORIENTED_EDGE('',*,*,#3607,.T.);
#1155=ORIENTED_EDGE('',*,*,#3828,.F.);
#1156=ORIENTED_EDGE('',*,*,#3611,.F.);
#1157=ORIENTED_EDGE('',*,*,#3612,.F.);
#1158=ORIENTED_EDGE('',*,*,#3828,.T.);
#1159=ORIENTED_EDGE('',*,*,#3606,.T.);
#1160=ORIENTED_EDGE('',*,*,#3829,.F.);
#1161=ORIENTED_EDGE('',*,*,#3830,.F.);
#1162=ORIENTED_EDGE('',*,*,#3831,.T.);
#1163=ORIENTED_EDGE('',*,*,#3666,.T.);
#1164=ORIENTED_EDGE('',*,*,#3832,.T.);
#1165=ORIENTED_EDGE('',*,*,#3807,.F.);
#1166=ORIENTED_EDGE('',*,*,#3833,.F.);
#1167=ORIENTED_EDGE('',*,*,#3522,.F.);
#1168=ORIENTED_EDGE('',*,*,#3834,.F.);
#1169=ORIENTED_EDGE('',*,*,#3812,.F.);
#1170=ORIENTED_EDGE('',*,*,#3835,.F.);
#1171=ORIENTED_EDGE('',*,*,#3514,.F.);
#1172=ORIENTED_EDGE('',*,*,#3836,.F.);
#1173=ORIENTED_EDGE('',*,*,#3816,.F.);
#1174=ORIENTED_EDGE('',*,*,#3837,.F.);
#1175=ORIENTED_EDGE('',*,*,#3506,.F.);
#1176=ORIENTED_EDGE('',*,*,#3838,.F.);
#1177=ORIENTED_EDGE('',*,*,#3819,.F.);
#1178=ORIENTED_EDGE('',*,*,#3668,.F.);
#1179=ORIENTED_EDGE('',*,*,#3839,.T.);
#1180=ORIENTED_EDGE('',*,*,#3840,.T.);
#1181=ORIENTED_EDGE('',*,*,#3821,.T.);
#1182=ORIENTED_EDGE('',*,*,#3841,.T.);
#1183=ORIENTED_EDGE('',*,*,#3511,.T.);
#1184=ORIENTED_EDGE('',*,*,#3842,.T.);
#1185=ORIENTED_EDGE('',*,*,#3814,.T.);
#1186=ORIENTED_EDGE('',*,*,#3843,.T.);
#1187=ORIENTED_EDGE('',*,*,#3519,.T.);
#1188=ORIENTED_EDGE('',*,*,#3844,.T.);
#1189=ORIENTED_EDGE('',*,*,#3810,.T.);
#1190=ORIENTED_EDGE('',*,*,#3845,.T.);
#1191=ORIENTED_EDGE('',*,*,#3527,.T.);
#1192=ORIENTED_EDGE('',*,*,#3846,.T.);
#1193=ORIENTED_EDGE('',*,*,#3809,.T.);
#1194=ORIENTED_EDGE('',*,*,#3847,.F.);
#1195=ORIENTED_EDGE('',*,*,#3847,.T.);
#1196=ORIENTED_EDGE('',*,*,#3808,.T.);
#1197=ORIENTED_EDGE('',*,*,#3832,.F.);
#1198=ORIENTED_EDGE('',*,*,#3669,.F.);
#1199=ORIENTED_EDGE('',*,*,#3848,.T.);
#1200=ORIENTED_EDGE('',*,*,#3849,.T.);
#1201=ORIENTED_EDGE('',*,*,#3850,.F.);
#1202=ORIENTED_EDGE('',*,*,#3851,.F.);
#1203=ORIENTED_EDGE('',*,*,#3852,.F.);
#1204=ORIENTED_EDGE('',*,*,#3853,.T.);
#1205=ORIENTED_EDGE('',*,*,#3854,.T.);
#1206=ORIENTED_EDGE('',*,*,#3855,.F.);
#1207=ORIENTED_EDGE('',*,*,#3856,.F.);
#1208=ORIENTED_EDGE('',*,*,#3857,.T.);
#1209=ORIENTED_EDGE('',*,*,#3858,.T.);
#1210=ORIENTED_EDGE('',*,*,#3859,.F.);
#1211=ORIENTED_EDGE('',*,*,#3860,.F.);
#1212=ORIENTED_EDGE('',*,*,#3861,.T.);
#1213=ORIENTED_EDGE('',*,*,#3862,.F.);
#1214=ORIENTED_EDGE('',*,*,#3863,.F.);
#1215=ORIENTED_EDGE('',*,*,#3647,.F.);
#1216=ORIENTED_EDGE('',*,*,#3864,.T.);
#1217=ORIENTED_EDGE('',*,*,#3635,.T.);
#1218=ORIENTED_EDGE('',*,*,#3865,.F.);
#1219=ORIENTED_EDGE('',*,*,#3650,.F.);
#1220=ORIENTED_EDGE('',*,*,#3866,.T.);
#1221=ORIENTED_EDGE('',*,*,#3632,.T.);
#1222=ORIENTED_EDGE('',*,*,#3867,.F.);
#1223=ORIENTED_EDGE('',*,*,#3653,.F.);
#1224=ORIENTED_EDGE('',*,*,#3868,.T.);
#1225=ORIENTED_EDGE('',*,*,#3629,.T.);
#1226=ORIENTED_EDGE('',*,*,#3869,.F.);
#1227=ORIENTED_EDGE('',*,*,#3870,.F.);
#1228=ORIENTED_EDGE('',*,*,#3871,.T.);
#1229=ORIENTED_EDGE('',*,*,#3670,.T.);
#1230=ORIENTED_EDGE('',*,*,#3872,.T.);
#1231=ORIENTED_EDGE('',*,*,#3849,.F.);
#1232=ORIENTED_EDGE('',*,*,#3873,.F.);
#1233=ORIENTED_EDGE('',*,*,#3578,.F.);
#1234=ORIENTED_EDGE('',*,*,#3874,.F.);
#1235=ORIENTED_EDGE('',*,*,#3854,.F.);
#1236=ORIENTED_EDGE('',*,*,#3875,.F.);
#1237=ORIENTED_EDGE('',*,*,#3570,.F.);
#1238=ORIENTED_EDGE('',*,*,#3876,.F.);
#1239=ORIENTED_EDGE('',*,*,#3858,.F.);
#1240=ORIENTED_EDGE('',*,*,#3877,.F.);
#1241=ORIENTED_EDGE('',*,*,#3562,.F.);
#1242=ORIENTED_EDGE('',*,*,#3878,.F.);
#1243=ORIENTED_EDGE('',*,*,#3861,.F.);
#1244=ORIENTED_EDGE('',*,*,#3644,.F.);
#1245=ORIENTED_EDGE('',*,*,#3879,.T.);
#1246=ORIENTED_EDGE('',*,*,#3638,.T.);
#1247=ORIENTED_EDGE('',*,*,#3880,.F.);
#1248=ORIENTED_EDGE('',*,*,#3881,.T.);
#1249=ORIENTED_EDGE('',*,*,#3850,.T.);
#1250=ORIENTED_EDGE('',*,*,#3872,.F.);
#1251=ORIENTED_EDGE('',*,*,#3673,.F.);
#1252=ORIENTED_EDGE('',*,*,#3688,.T.);
#1253=ORIENTED_EDGE('',*,*,#3639,.T.);
#1254=ORIENTED_EDGE('',*,*,#3879,.F.);
#1255=ORIENTED_EDGE('',*,*,#3643,.F.);
#1256=ORIENTED_EDGE('',*,*,#3672,.F.);
#1257=ORIENTED_EDGE('',*,*,#3882,.T.);
#1258=ORIENTED_EDGE('',*,*,#3883,.T.);
#1259=ORIENTED_EDGE('',*,*,#3863,.T.);
#1260=ORIENTED_EDGE('',*,*,#3884,.T.);
#1261=ORIENTED_EDGE('',*,*,#3567,.T.);
#1262=ORIENTED_EDGE('',*,*,#3885,.T.);
#1263=ORIENTED_EDGE('',*,*,#3856,.T.);
#1264=ORIENTED_EDGE('',*,*,#3886,.T.);
#1265=ORIENTED_EDGE('',*,*,#3575,.T.);
#1266=ORIENTED_EDGE('',*,*,#3887,.T.);
#1267=ORIENTED_EDGE('',*,*,#3852,.T.);
#1268=ORIENTED_EDGE('',*,*,#3888,.T.);
#1269=ORIENTED_EDGE('',*,*,#3583,.T.);
#1270=ORIENTED_EDGE('',*,*,#3889,.T.);
#1271=ORIENTED_EDGE('',*,*,#3851,.T.);
#1272=ORIENTED_EDGE('',*,*,#3881,.F.);
#1273=ORIENTED_EDGE('',*,*,#3883,.F.);
#1274=ORIENTED_EDGE('',*,*,#3890,.T.);
#1275=ORIENTED_EDGE('',*,*,#3870,.T.);
#1276=ORIENTED_EDGE('',*,*,#3860,.T.);
#1277=ORIENTED_EDGE('',*,*,#3840,.F.);
#1278=ORIENTED_EDGE('',*,*,#3891,.T.);
#1279=ORIENTED_EDGE('',*,*,#3830,.T.);
#1280=ORIENTED_EDGE('',*,*,#3818,.T.);
#1281=ORIENTED_EDGE('',*,*,#3839,.F.);
#1282=ORIENTED_EDGE('',*,*,#3667,.F.);
#1283=ORIENTED_EDGE('',*,*,#3831,.F.);
#1284=ORIENTED_EDGE('',*,*,#3891,.F.);
#1285=ORIENTED_EDGE('',*,*,#3609,.F.);
#1286=ORIENTED_EDGE('',*,*,#3663,.F.);
#1287=ORIENTED_EDGE('',*,*,#3593,.F.);
#1288=ORIENTED_EDGE('',*,*,#3674,.F.);
#1289=ORIENTED_EDGE('',*,*,#3641,.F.);
#1290=ORIENTED_EDGE('',*,*,#3659,.F.);
#1291=ORIENTED_EDGE('',*,*,#3625,.F.);
#1292=ORIENTED_EDGE('',*,*,#3687,.F.);
#1293=ORIENTED_EDGE('',*,*,#3882,.F.);
#1294=ORIENTED_EDGE('',*,*,#3671,.F.);
#1295=ORIENTED_EDGE('',*,*,#3871,.F.);
#1296=ORIENTED_EDGE('',*,*,#3890,.F.);
#1297=ORIENTED_EDGE('',*,*,#3803,.T.);
#1298=ORIENTED_EDGE('',*,*,#3892,.F.);
#1299=ORIENTED_EDGE('',*,*,#3893,.F.);
#1300=ORIENTED_EDGE('',*,*,#3584,.T.);
#1301=ORIENTED_EDGE('',*,*,#3801,.F.);
#1302=ORIENTED_EDGE('',*,*,#3586,.F.);
#1303=ORIENTED_EDGE('',*,*,#3894,.T.);
#1304=ORIENTED_EDGE('',*,*,#3895,.T.);
#1305=ORIENTED_EDGE('',*,*,#3802,.F.);
#1306=ORIENTED_EDGE('',*,*,#3895,.F.);
#1307=ORIENTED_EDGE('',*,*,#3896,.T.);
#1308=ORIENTED_EDGE('',*,*,#3892,.T.);
#1309=ORIENTED_EDGE('',*,*,#3893,.T.);
#1310=ORIENTED_EDGE('',*,*,#3896,.F.);
#1311=ORIENTED_EDGE('',*,*,#3894,.F.);
#1312=ORIENTED_EDGE('',*,*,#3585,.T.);
#1313=ORIENTED_EDGE('',*,*,#3897,.T.);
#1314=ORIENTED_EDGE('',*,*,#3710,.T.);
#1315=ORIENTED_EDGE('',*,*,#3898,.F.);
#1316=ORIENTED_EDGE('',*,*,#3899,.F.);
#1317=ORIENTED_EDGE('',*,*,#3889,.F.);
#1318=ORIENTED_EDGE('',*,*,#3900,.T.);
#1319=ORIENTED_EDGE('',*,*,#3901,.F.);
#1320=ORIENTED_EDGE('',*,*,#3902,.F.);
#1321=ORIENTED_EDGE('',*,*,#3711,.F.);
#1322=ORIENTED_EDGE('',*,*,#3897,.F.);
#1323=ORIENTED_EDGE('',*,*,#3903,.T.);
#1324=ORIENTED_EDGE('',*,*,#3904,.T.);
#1325=ORIENTED_EDGE('',*,*,#3905,.F.);
#1326=ORIENTED_EDGE('',*,*,#3873,.T.);
#1327=ORIENTED_EDGE('',*,*,#3906,.T.);
#1328=ORIENTED_EDGE('',*,*,#3907,.T.);
#1329=ORIENTED_EDGE('',*,*,#3898,.T.);
#1330=ORIENTED_EDGE('',*,*,#3709,.T.);
#1331=ORIENTED_EDGE('',*,*,#3908,.F.);
#1332=ORIENTED_EDGE('',*,*,#3909,.F.);
#1333=ORIENTED_EDGE('',*,*,#3848,.F.);
#1334=ORIENTED_EDGE('',*,*,#3902,.T.);
#1335=ORIENTED_EDGE('',*,*,#3910,.T.);
#1336=ORIENTED_EDGE('',*,*,#3906,.F.);
#1337=ORIENTED_EDGE('',*,*,#3911,.F.);
#1338=ORIENTED_EDGE('',*,*,#3900,.F.);
#1339=ORIENTED_EDGE('',*,*,#3582,.F.);
#1340=ORIENTED_EDGE('',*,*,#3904,.F.);
#1341=ORIENTED_EDGE('',*,*,#3912,.T.);
#1342=ORIENTED_EDGE('',*,*,#3908,.T.);
#1343=ORIENTED_EDGE('',*,*,#3579,.T.);
#1344=ORIENTED_EDGE('',*,*,#3905,.T.);
#1345=ORIENTED_EDGE('',*,*,#3899,.T.);
#1346=ORIENTED_EDGE('',*,*,#3909,.T.);
#1347=ORIENTED_EDGE('',*,*,#3912,.F.);
#1348=ORIENTED_EDGE('',*,*,#3903,.F.);
#1349=ORIENTED_EDGE('',*,*,#3910,.F.);
#1350=ORIENTED_EDGE('',*,*,#3901,.T.);
#1351=ORIENTED_EDGE('',*,*,#3911,.T.);
#1352=ORIENTED_EDGE('',*,*,#3907,.F.);
#1353=ORIENTED_EDGE('',*,*,#3913,.T.);
#1354=ORIENTED_EDGE('',*,*,#3712,.F.);
#1355=ORIENTED_EDGE('',*,*,#3914,.F.);
#1356=ORIENTED_EDGE('',*,*,#3915,.F.);
#1357=ORIENTED_EDGE('',*,*,#3707,.F.);
#1358=ORIENTED_EDGE('',*,*,#3913,.F.);
#1359=ORIENTED_EDGE('',*,*,#3916,.T.);
#1360=ORIENTED_EDGE('',*,*,#3917,.T.);
#1361=ORIENTED_EDGE('',*,*,#3708,.T.);
#1362=ORIENTED_EDGE('',*,*,#3917,.F.);
#1363=ORIENTED_EDGE('',*,*,#3918,.T.);
#1364=ORIENTED_EDGE('',*,*,#3919,.T.);
#1365=ORIENTED_EDGE('',*,*,#3888,.F.);
#1366=ORIENTED_EDGE('',*,*,#3920,.T.);
#1367=ORIENTED_EDGE('',*,*,#3921,.T.);
#1368=ORIENTED_EDGE('',*,*,#3922,.F.);
#1369=ORIENTED_EDGE('',*,*,#3920,.F.);
#1370=ORIENTED_EDGE('',*,*,#3855,.T.);
#1371=ORIENTED_EDGE('',*,*,#3923,.T.);
#1372=ORIENTED_EDGE('',*,*,#3924,.F.);
#1373=ORIENTED_EDGE('',*,*,#3923,.F.);
#1374=ORIENTED_EDGE('',*,*,#3874,.T.);
#1375=ORIENTED_EDGE('',*,*,#3925,.T.);
#1376=ORIENTED_EDGE('',*,*,#3926,.F.);
#1377=ORIENTED_EDGE('',*,*,#3927,.T.);
#1378=ORIENTED_EDGE('',*,*,#3925,.F.);
#1379=ORIENTED_EDGE('',*,*,#3577,.F.);
#1380=ORIENTED_EDGE('',*,*,#3919,.F.);
#1381=ORIENTED_EDGE('',*,*,#3928,.F.);
#1382=ORIENTED_EDGE('',*,*,#3914,.T.);
#1383=ORIENTED_EDGE('',*,*,#3580,.T.);
#1384=ORIENTED_EDGE('',*,*,#3922,.T.);
#1385=ORIENTED_EDGE('',*,*,#3915,.T.);
#1386=ORIENTED_EDGE('',*,*,#3928,.T.);
#1387=ORIENTED_EDGE('',*,*,#3918,.F.);
#1388=ORIENTED_EDGE('',*,*,#3916,.F.);
#1389=ORIENTED_EDGE('',*,*,#3921,.F.);
#1390=ORIENTED_EDGE('',*,*,#3924,.T.);
#1391=ORIENTED_EDGE('',*,*,#3926,.T.);
#1392=ORIENTED_EDGE('',*,*,#3927,.F.);
#1393=ORIENTED_EDGE('',*,*,#3929,.T.);
#1394=ORIENTED_EDGE('',*,*,#3716,.T.);
#1395=ORIENTED_EDGE('',*,*,#3930,.F.);
#1396=ORIENTED_EDGE('',*,*,#3931,.F.);
#1397=ORIENTED_EDGE('',*,*,#3887,.F.);
#1398=ORIENTED_EDGE('',*,*,#3932,.T.);
#1399=ORIENTED_EDGE('',*,*,#3933,.F.);
#1400=ORIENTED_EDGE('',*,*,#3934,.F.);
#1401=ORIENTED_EDGE('',*,*,#3717,.F.);
#1402=ORIENTED_EDGE('',*,*,#3929,.F.);
#1403=ORIENTED_EDGE('',*,*,#3935,.T.);
#1404=ORIENTED_EDGE('',*,*,#3936,.T.);
#1405=ORIENTED_EDGE('',*,*,#3937,.F.);
#1406=ORIENTED_EDGE('',*,*,#3875,.T.);
#1407=ORIENTED_EDGE('',*,*,#3938,.T.);
#1408=ORIENTED_EDGE('',*,*,#3939,.T.);
#1409=ORIENTED_EDGE('',*,*,#3930,.T.);
#1410=ORIENTED_EDGE('',*,*,#3715,.T.);
#1411=ORIENTED_EDGE('',*,*,#3940,.F.);
#1412=ORIENTED_EDGE('',*,*,#3941,.F.);
#1413=ORIENTED_EDGE('',*,*,#3853,.F.);
#1414=ORIENTED_EDGE('',*,*,#3934,.T.);
#1415=ORIENTED_EDGE('',*,*,#3942,.T.);
#1416=ORIENTED_EDGE('',*,*,#3938,.F.);
#1417=ORIENTED_EDGE('',*,*,#3943,.F.);
#1418=ORIENTED_EDGE('',*,*,#3932,.F.);
#1419=ORIENTED_EDGE('',*,*,#3574,.F.);
#1420=ORIENTED_EDGE('',*,*,#3936,.F.);
#1421=ORIENTED_EDGE('',*,*,#3944,.T.);
#1422=ORIENTED_EDGE('',*,*,#3940,.T.);
#1423=ORIENTED_EDGE('',*,*,#3571,.T.);
#1424=ORIENTED_EDGE('',*,*,#3937,.T.);
#1425=ORIENTED_EDGE('',*,*,#3931,.T.);
#1426=ORIENTED_EDGE('',*,*,#3941,.T.);
#1427=ORIENTED_EDGE('',*,*,#3944,.F.);
#1428=ORIENTED_EDGE('',*,*,#3935,.F.);
#1429=ORIENTED_EDGE('',*,*,#3942,.F.);
#1430=ORIENTED_EDGE('',*,*,#3933,.T.);
#1431=ORIENTED_EDGE('',*,*,#3943,.T.);
#1432=ORIENTED_EDGE('',*,*,#3939,.F.);
#1433=ORIENTED_EDGE('',*,*,#3713,.F.);
#1434=ORIENTED_EDGE('',*,*,#3945,.F.);
#1435=ORIENTED_EDGE('',*,*,#3946,.T.);
#1436=ORIENTED_EDGE('',*,*,#3947,.T.);
#1437=ORIENTED_EDGE('',*,*,#3714,.T.);
#1438=ORIENTED_EDGE('',*,*,#3947,.F.);
#1439=ORIENTED_EDGE('',*,*,#3948,.T.);
#1440=ORIENTED_EDGE('',*,*,#3949,.T.);
#1441=ORIENTED_EDGE('',*,*,#3945,.T.);
#1442=ORIENTED_EDGE('',*,*,#3718,.F.);
#1443=ORIENTED_EDGE('',*,*,#3950,.F.);
#1444=ORIENTED_EDGE('',*,*,#3951,.F.);
#1445=ORIENTED_EDGE('',*,*,#3952,.F.);
#1446=ORIENTED_EDGE('',*,*,#3859,.T.);
#1447=ORIENTED_EDGE('',*,*,#3953,.T.);
#1448=ORIENTED_EDGE('',*,*,#3954,.F.);
#1449=ORIENTED_EDGE('',*,*,#3953,.F.);
#1450=ORIENTED_EDGE('',*,*,#3876,.T.);
#1451=ORIENTED_EDGE('',*,*,#3955,.T.);
#1452=ORIENTED_EDGE('',*,*,#3956,.F.);
#1453=ORIENTED_EDGE('',*,*,#3957,.T.);
#1454=ORIENTED_EDGE('',*,*,#3955,.F.);
#1455=ORIENTED_EDGE('',*,*,#3569,.F.);
#1456=ORIENTED_EDGE('',*,*,#3949,.F.);
#1457=ORIENTED_EDGE('',*,*,#3958,.F.);
#1458=ORIENTED_EDGE('',*,*,#3950,.T.);
#1459=ORIENTED_EDGE('',*,*,#3572,.T.);
#1460=ORIENTED_EDGE('',*,*,#3959,.T.);
#1461=ORIENTED_EDGE('',*,*,#3886,.F.);
#1462=ORIENTED_EDGE('',*,*,#3952,.T.);
#1463=ORIENTED_EDGE('',*,*,#3960,.T.);
#1464=ORIENTED_EDGE('',*,*,#3959,.F.);
#1465=ORIENTED_EDGE('',*,*,#3946,.F.);
#1466=ORIENTED_EDGE('',*,*,#3951,.T.);
#1467=ORIENTED_EDGE('',*,*,#3958,.T.);
#1468=ORIENTED_EDGE('',*,*,#3948,.F.);
#1469=ORIENTED_EDGE('',*,*,#3954,.T.);
#1470=ORIENTED_EDGE('',*,*,#3956,.T.);
#1471=ORIENTED_EDGE('',*,*,#3957,.F.);
#1472=ORIENTED_EDGE('',*,*,#3960,.F.);
#1473=ORIENTED_EDGE('',*,*,#3961,.T.);
#1474=ORIENTED_EDGE('',*,*,#3722,.T.);
#1475=ORIENTED_EDGE('',*,*,#3962,.F.);
#1476=ORIENTED_EDGE('',*,*,#3963,.F.);
#1477=ORIENTED_EDGE('',*,*,#3885,.F.);
#1478=ORIENTED_EDGE('',*,*,#3964,.T.);
#1479=ORIENTED_EDGE('',*,*,#3965,.F.);
#1480=ORIENTED_EDGE('',*,*,#3966,.F.);
#1481=ORIENTED_EDGE('',*,*,#3723,.F.);
#1482=ORIENTED_EDGE('',*,*,#3961,.F.);
#1483=ORIENTED_EDGE('',*,*,#3967,.T.);
#1484=ORIENTED_EDGE('',*,*,#3968,.T.);
#1485=ORIENTED_EDGE('',*,*,#3969,.F.);
#1486=ORIENTED_EDGE('',*,*,#3877,.T.);
#1487=ORIENTED_EDGE('',*,*,#3970,.T.);
#1488=ORIENTED_EDGE('',*,*,#3971,.T.);
#1489=ORIENTED_EDGE('',*,*,#3962,.T.);
#1490=ORIENTED_EDGE('',*,*,#3721,.T.);
#1491=ORIENTED_EDGE('',*,*,#3972,.F.);
#1492=ORIENTED_EDGE('',*,*,#3973,.F.);
#1493=ORIENTED_EDGE('',*,*,#3857,.F.);
#1494=ORIENTED_EDGE('',*,*,#3966,.T.);
#1495=ORIENTED_EDGE('',*,*,#3974,.T.);
#1496=ORIENTED_EDGE('',*,*,#3970,.F.);
#1497=ORIENTED_EDGE('',*,*,#3975,.F.);
#1498=ORIENTED_EDGE('',*,*,#3964,.F.);
#1499=ORIENTED_EDGE('',*,*,#3566,.F.);
#1500=ORIENTED_EDGE('',*,*,#3968,.F.);
#1501=ORIENTED_EDGE('',*,*,#3976,.T.);
#1502=ORIENTED_EDGE('',*,*,#3972,.T.);
#1503=ORIENTED_EDGE('',*,*,#3563,.T.);
#1504=ORIENTED_EDGE('',*,*,#3969,.T.);
#1505=ORIENTED_EDGE('',*,*,#3963,.T.);
#1506=ORIENTED_EDGE('',*,*,#3973,.T.);
#1507=ORIENTED_EDGE('',*,*,#3976,.F.);
#1508=ORIENTED_EDGE('',*,*,#3967,.F.);
#1509=ORIENTED_EDGE('',*,*,#3974,.F.);
#1510=ORIENTED_EDGE('',*,*,#3965,.T.);
#1511=ORIENTED_EDGE('',*,*,#3975,.T.);
#1512=ORIENTED_EDGE('',*,*,#3971,.F.);
#1513=ORIENTED_EDGE('',*,*,#3719,.F.);
#1514=ORIENTED_EDGE('',*,*,#3977,.F.);
#1515=ORIENTED_EDGE('',*,*,#3978,.T.);
#1516=ORIENTED_EDGE('',*,*,#3979,.T.);
#1517=ORIENTED_EDGE('',*,*,#3720,.T.);
#1518=ORIENTED_EDGE('',*,*,#3979,.F.);
#1519=ORIENTED_EDGE('',*,*,#3980,.T.);
#1520=ORIENTED_EDGE('',*,*,#3981,.T.);
#1521=ORIENTED_EDGE('',*,*,#3977,.T.);
#1522=ORIENTED_EDGE('',*,*,#3724,.F.);
#1523=ORIENTED_EDGE('',*,*,#3982,.F.);
#1524=ORIENTED_EDGE('',*,*,#3983,.F.);
#1525=ORIENTED_EDGE('',*,*,#3984,.F.);
#1526=ORIENTED_EDGE('',*,*,#3862,.T.);
#1527=ORIENTED_EDGE('',*,*,#3985,.T.);
#1528=ORIENTED_EDGE('',*,*,#3986,.F.);
#1529=ORIENTED_EDGE('',*,*,#3985,.F.);
#1530=ORIENTED_EDGE('',*,*,#3878,.T.);
#1531=ORIENTED_EDGE('',*,*,#3987,.T.);
#1532=ORIENTED_EDGE('',*,*,#3988,.F.);
#1533=ORIENTED_EDGE('',*,*,#3989,.T.);
#1534=ORIENTED_EDGE('',*,*,#3987,.F.);
#1535=ORIENTED_EDGE('',*,*,#3561,.F.);
#1536=ORIENTED_EDGE('',*,*,#3981,.F.);
#1537=ORIENTED_EDGE('',*,*,#3990,.F.);
#1538=ORIENTED_EDGE('',*,*,#3982,.T.);
#1539=ORIENTED_EDGE('',*,*,#3564,.T.);
#1540=ORIENTED_EDGE('',*,*,#3991,.T.);
#1541=ORIENTED_EDGE('',*,*,#3884,.F.);
#1542=ORIENTED_EDGE('',*,*,#3984,.T.);
#1543=ORIENTED_EDGE('',*,*,#3992,.T.);
#1544=ORIENTED_EDGE('',*,*,#3991,.F.);
#1545=ORIENTED_EDGE('',*,*,#3978,.F.);
#1546=ORIENTED_EDGE('',*,*,#3983,.T.);
#1547=ORIENTED_EDGE('',*,*,#3990,.T.);
#1548=ORIENTED_EDGE('',*,*,#3980,.F.);
#1549=ORIENTED_EDGE('',*,*,#3986,.T.);
#1550=ORIENTED_EDGE('',*,*,#3988,.T.);
#1551=ORIENTED_EDGE('',*,*,#3989,.F.);
#1552=ORIENTED_EDGE('',*,*,#3992,.F.);
#1553=ORIENTED_EDGE('',*,*,#3993,.T.);
#1554=ORIENTED_EDGE('',*,*,#3728,.T.);
#1555=ORIENTED_EDGE('',*,*,#3994,.F.);
#1556=ORIENTED_EDGE('',*,*,#3995,.F.);
#1557=ORIENTED_EDGE('',*,*,#3655,.F.);
#1558=ORIENTED_EDGE('',*,*,#3996,.T.);
#1559=ORIENTED_EDGE('',*,*,#3997,.F.);
#1560=ORIENTED_EDGE('',*,*,#3656,.F.);
#1561=ORIENTED_EDGE('',*,*,#3729,.F.);
#1562=ORIENTED_EDGE('',*,*,#3993,.F.);
#1563=ORIENTED_EDGE('',*,*,#3998,.T.);
#1564=ORIENTED_EDGE('',*,*,#3999,.T.);
#1565=ORIENTED_EDGE('',*,*,#4000,.F.);
#1566=ORIENTED_EDGE('',*,*,#3627,.T.);
#1567=ORIENTED_EDGE('',*,*,#3658,.T.);
#1568=ORIENTED_EDGE('',*,*,#4001,.T.);
#1569=ORIENTED_EDGE('',*,*,#3994,.T.);
#1570=ORIENTED_EDGE('',*,*,#3727,.T.);
#1571=ORIENTED_EDGE('',*,*,#4002,.F.);
#1572=ORIENTED_EDGE('',*,*,#4003,.F.);
#1573=ORIENTED_EDGE('',*,*,#4004,.F.);
#1574=ORIENTED_EDGE('',*,*,#3996,.F.);
#1575=ORIENTED_EDGE('',*,*,#3558,.F.);
#1576=ORIENTED_EDGE('',*,*,#3999,.F.);
#1577=ORIENTED_EDGE('',*,*,#4005,.T.);
#1578=ORIENTED_EDGE('',*,*,#4002,.T.);
#1579=ORIENTED_EDGE('',*,*,#3555,.T.);
#1580=ORIENTED_EDGE('',*,*,#4000,.T.);
#1581=ORIENTED_EDGE('',*,*,#3995,.T.);
#1582=ORIENTED_EDGE('',*,*,#4003,.T.);
#1583=ORIENTED_EDGE('',*,*,#4005,.F.);
#1584=ORIENTED_EDGE('',*,*,#3998,.F.);
#1585=ORIENTED_EDGE('',*,*,#3657,.F.);
#1586=ORIENTED_EDGE('',*,*,#3997,.T.);
#1587=ORIENTED_EDGE('',*,*,#4004,.T.);
#1588=ORIENTED_EDGE('',*,*,#4001,.F.);
#1589=ORIENTED_EDGE('',*,*,#3725,.F.);
#1590=ORIENTED_EDGE('',*,*,#4006,.F.);
#1591=ORIENTED_EDGE('',*,*,#4007,.T.);
#1592=ORIENTED_EDGE('',*,*,#4008,.T.);
#1593=ORIENTED_EDGE('',*,*,#3726,.T.);
#1594=ORIENTED_EDGE('',*,*,#4008,.F.);
#1595=ORIENTED_EDGE('',*,*,#4009,.T.);
#1596=ORIENTED_EDGE('',*,*,#4010,.T.);
#1597=ORIENTED_EDGE('',*,*,#4006,.T.);
#1598=ORIENTED_EDGE('',*,*,#3730,.F.);
#1599=ORIENTED_EDGE('',*,*,#4011,.F.);
#1600=ORIENTED_EDGE('',*,*,#4012,.F.);
#1601=ORIENTED_EDGE('',*,*,#4013,.F.);
#1602=ORIENTED_EDGE('',*,*,#3869,.T.);
#1603=ORIENTED_EDGE('',*,*,#4014,.T.);
#1604=ORIENTED_EDGE('',*,*,#4015,.F.);
#1605=ORIENTED_EDGE('',*,*,#4014,.F.);
#1606=ORIENTED_EDGE('',*,*,#3628,.T.);
#1607=ORIENTED_EDGE('',*,*,#4016,.T.);
#1608=ORIENTED_EDGE('',*,*,#4017,.F.);
#1609=ORIENTED_EDGE('',*,*,#4018,.T.);
#1610=ORIENTED_EDGE('',*,*,#4016,.F.);
#1611=ORIENTED_EDGE('',*,*,#3553,.F.);
#1612=ORIENTED_EDGE('',*,*,#4010,.F.);
#1613=ORIENTED_EDGE('',*,*,#4019,.F.);
#1614=ORIENTED_EDGE('',*,*,#4011,.T.);
#1615=ORIENTED_EDGE('',*,*,#3556,.T.);
#1616=ORIENTED_EDGE('',*,*,#4020,.T.);
#1617=ORIENTED_EDGE('',*,*,#3654,.F.);
#1618=ORIENTED_EDGE('',*,*,#4013,.T.);
#1619=ORIENTED_EDGE('',*,*,#4021,.T.);
#1620=ORIENTED_EDGE('',*,*,#4020,.F.);
#1621=ORIENTED_EDGE('',*,*,#4007,.F.);
#1622=ORIENTED_EDGE('',*,*,#4012,.T.);
#1623=ORIENTED_EDGE('',*,*,#4019,.T.);
#1624=ORIENTED_EDGE('',*,*,#4009,.F.);
#1625=ORIENTED_EDGE('',*,*,#4015,.T.);
#1626=ORIENTED_EDGE('',*,*,#4017,.T.);
#1627=ORIENTED_EDGE('',*,*,#4018,.F.);
#1628=ORIENTED_EDGE('',*,*,#4021,.F.);
#1629=ORIENTED_EDGE('',*,*,#4022,.T.);
#1630=ORIENTED_EDGE('',*,*,#3702,.T.);
#1631=ORIENTED_EDGE('',*,*,#4023,.F.);
#1632=ORIENTED_EDGE('',*,*,#4024,.F.);
#1633=ORIENTED_EDGE('',*,*,#3652,.F.);
#1634=ORIENTED_EDGE('',*,*,#4025,.T.);
#1635=ORIENTED_EDGE('',*,*,#4026,.F.);
#1636=ORIENTED_EDGE('',*,*,#4027,.F.);
#1637=ORIENTED_EDGE('',*,*,#3703,.F.);
#1638=ORIENTED_EDGE('',*,*,#4022,.F.);
#1639=ORIENTED_EDGE('',*,*,#4028,.T.);
#1640=ORIENTED_EDGE('',*,*,#4029,.T.);
#1641=ORIENTED_EDGE('',*,*,#4030,.F.);
#1642=ORIENTED_EDGE('',*,*,#3630,.T.);
#1643=ORIENTED_EDGE('',*,*,#4031,.T.);
#1644=ORIENTED_EDGE('',*,*,#4032,.T.);
#1645=ORIENTED_EDGE('',*,*,#4023,.T.);
#1646=ORIENTED_EDGE('',*,*,#3701,.T.);
#1647=ORIENTED_EDGE('',*,*,#4033,.F.);
#1648=ORIENTED_EDGE('',*,*,#4034,.F.);
#1649=ORIENTED_EDGE('',*,*,#3868,.F.);
#1650=ORIENTED_EDGE('',*,*,#4027,.T.);
#1651=ORIENTED_EDGE('',*,*,#4035,.T.);
#1652=ORIENTED_EDGE('',*,*,#4031,.F.);
#1653=ORIENTED_EDGE('',*,*,#4036,.F.);
#1654=ORIENTED_EDGE('',*,*,#4025,.F.);
#1655=ORIENTED_EDGE('',*,*,#3550,.F.);
#1656=ORIENTED_EDGE('',*,*,#4029,.F.);
#1657=ORIENTED_EDGE('',*,*,#4037,.T.);
#1658=ORIENTED_EDGE('',*,*,#4033,.T.);
#1659=ORIENTED_EDGE('',*,*,#3547,.T.);
#1660=ORIENTED_EDGE('',*,*,#4030,.T.);
#1661=ORIENTED_EDGE('',*,*,#4024,.T.);
#1662=ORIENTED_EDGE('',*,*,#4034,.T.);
#1663=ORIENTED_EDGE('',*,*,#4037,.F.);
#1664=ORIENTED_EDGE('',*,*,#4028,.F.);
#1665=ORIENTED_EDGE('',*,*,#4035,.F.);
#1666=ORIENTED_EDGE('',*,*,#4026,.T.);
#1667=ORIENTED_EDGE('',*,*,#4036,.T.);
#1668=ORIENTED_EDGE('',*,*,#4032,.F.);
#1669=ORIENTED_EDGE('',*,*,#3705,.F.);
#1670=ORIENTED_EDGE('',*,*,#4038,.F.);
#1671=ORIENTED_EDGE('',*,*,#4039,.T.);
#1672=ORIENTED_EDGE('',*,*,#4040,.T.);
#1673=ORIENTED_EDGE('',*,*,#3706,.T.);
#1674=ORIENTED_EDGE('',*,*,#4040,.F.);
#1675=ORIENTED_EDGE('',*,*,#4041,.T.);
#1676=ORIENTED_EDGE('',*,*,#4042,.T.);
#1677=ORIENTED_EDGE('',*,*,#4038,.T.);
#1678=ORIENTED_EDGE('',*,*,#3704,.F.);
#1679=ORIENTED_EDGE('',*,*,#4043,.F.);
#1680=ORIENTED_EDGE('',*,*,#4044,.F.);
#1681=ORIENTED_EDGE('',*,*,#4045,.F.);
#1682=ORIENTED_EDGE('',*,*,#3867,.T.);
#1683=ORIENTED_EDGE('',*,*,#4046,.T.);
#1684=ORIENTED_EDGE('',*,*,#4047,.F.);
#1685=ORIENTED_EDGE('',*,*,#4046,.F.);
#1686=ORIENTED_EDGE('',*,*,#3631,.T.);
#1687=ORIENTED_EDGE('',*,*,#4048,.T.);
#1688=ORIENTED_EDGE('',*,*,#4049,.F.);
#1689=ORIENTED_EDGE('',*,*,#4050,.T.);
#1690=ORIENTED_EDGE('',*,*,#4048,.F.);
#1691=ORIENTED_EDGE('',*,*,#3545,.F.);
#1692=ORIENTED_EDGE('',*,*,#4042,.F.);
#1693=ORIENTED_EDGE('',*,*,#4051,.F.);
#1694=ORIENTED_EDGE('',*,*,#4043,.T.);
#1695=ORIENTED_EDGE('',*,*,#3548,.T.);
#1696=ORIENTED_EDGE('',*,*,#4052,.T.);
#1697=ORIENTED_EDGE('',*,*,#3651,.F.);
#1698=ORIENTED_EDGE('',*,*,#4045,.T.);
#1699=ORIENTED_EDGE('',*,*,#4053,.T.);
#1700=ORIENTED_EDGE('',*,*,#4052,.F.);
#1701=ORIENTED_EDGE('',*,*,#4039,.F.);
#1702=ORIENTED_EDGE('',*,*,#4044,.T.);
#1703=ORIENTED_EDGE('',*,*,#4051,.T.);
#1704=ORIENTED_EDGE('',*,*,#4041,.F.);
#1705=ORIENTED_EDGE('',*,*,#4047,.T.);
#1706=ORIENTED_EDGE('',*,*,#4049,.T.);
#1707=ORIENTED_EDGE('',*,*,#4050,.F.);
#1708=ORIENTED_EDGE('',*,*,#4053,.F.);
#1709=ORIENTED_EDGE('',*,*,#4054,.T.);
#1710=ORIENTED_EDGE('',*,*,#3696,.T.);
#1711=ORIENTED_EDGE('',*,*,#4055,.F.);
#1712=ORIENTED_EDGE('',*,*,#4056,.F.);
#1713=ORIENTED_EDGE('',*,*,#3649,.F.);
#1714=ORIENTED_EDGE('',*,*,#4057,.T.);
#1715=ORIENTED_EDGE('',*,*,#4058,.F.);
#1716=ORIENTED_EDGE('',*,*,#4059,.F.);
#1717=ORIENTED_EDGE('',*,*,#3697,.F.);
#1718=ORIENTED_EDGE('',*,*,#4054,.F.);
#1719=ORIENTED_EDGE('',*,*,#4060,.T.);
#1720=ORIENTED_EDGE('',*,*,#4061,.T.);
#1721=ORIENTED_EDGE('',*,*,#4062,.F.);
#1722=ORIENTED_EDGE('',*,*,#3633,.T.);
#1723=ORIENTED_EDGE('',*,*,#4063,.T.);
#1724=ORIENTED_EDGE('',*,*,#4064,.T.);
#1725=ORIENTED_EDGE('',*,*,#4055,.T.);
#1726=ORIENTED_EDGE('',*,*,#3695,.T.);
#1727=ORIENTED_EDGE('',*,*,#4065,.F.);
#1728=ORIENTED_EDGE('',*,*,#4066,.F.);
#1729=ORIENTED_EDGE('',*,*,#3866,.F.);
#1730=ORIENTED_EDGE('',*,*,#4059,.T.);
#1731=ORIENTED_EDGE('',*,*,#4067,.T.);
#1732=ORIENTED_EDGE('',*,*,#4063,.F.);
#1733=ORIENTED_EDGE('',*,*,#4068,.F.);
#1734=ORIENTED_EDGE('',*,*,#4057,.F.);
#1735=ORIENTED_EDGE('',*,*,#3542,.F.);
#1736=ORIENTED_EDGE('',*,*,#4061,.F.);
#1737=ORIENTED_EDGE('',*,*,#4069,.T.);
#1738=ORIENTED_EDGE('',*,*,#4065,.T.);
#1739=ORIENTED_EDGE('',*,*,#3539,.T.);
#1740=ORIENTED_EDGE('',*,*,#4062,.T.);
#1741=ORIENTED_EDGE('',*,*,#4056,.T.);
#1742=ORIENTED_EDGE('',*,*,#4066,.T.);
#1743=ORIENTED_EDGE('',*,*,#4069,.F.);
#1744=ORIENTED_EDGE('',*,*,#4060,.F.);
#1745=ORIENTED_EDGE('',*,*,#4067,.F.);
#1746=ORIENTED_EDGE('',*,*,#4058,.T.);
#1747=ORIENTED_EDGE('',*,*,#4068,.T.);
#1748=ORIENTED_EDGE('',*,*,#4064,.F.);
#1749=ORIENTED_EDGE('',*,*,#3699,.F.);
#1750=ORIENTED_EDGE('',*,*,#4070,.F.);
#1751=ORIENTED_EDGE('',*,*,#4071,.T.);
#1752=ORIENTED_EDGE('',*,*,#4072,.T.);
#1753=ORIENTED_EDGE('',*,*,#3700,.T.);
#1754=ORIENTED_EDGE('',*,*,#4072,.F.);
#1755=ORIENTED_EDGE('',*,*,#4073,.T.);
#1756=ORIENTED_EDGE('',*,*,#4074,.T.);
#1757=ORIENTED_EDGE('',*,*,#4070,.T.);
#1758=ORIENTED_EDGE('',*,*,#3698,.F.);
#1759=ORIENTED_EDGE('',*,*,#4075,.F.);
#1760=ORIENTED_EDGE('',*,*,#4076,.F.);
#1761=ORIENTED_EDGE('',*,*,#4077,.F.);
#1762=ORIENTED_EDGE('',*,*,#3865,.T.);
#1763=ORIENTED_EDGE('',*,*,#4078,.T.);
#1764=ORIENTED_EDGE('',*,*,#4079,.F.);
#1765=ORIENTED_EDGE('',*,*,#4078,.F.);
#1766=ORIENTED_EDGE('',*,*,#3634,.T.);
#1767=ORIENTED_EDGE('',*,*,#4080,.T.);
#1768=ORIENTED_EDGE('',*,*,#4081,.F.);
#1769=ORIENTED_EDGE('',*,*,#4082,.T.);
#1770=ORIENTED_EDGE('',*,*,#4080,.F.);
#1771=ORIENTED_EDGE('',*,*,#3537,.F.);
#1772=ORIENTED_EDGE('',*,*,#4074,.F.);
#1773=ORIENTED_EDGE('',*,*,#4083,.F.);
#1774=ORIENTED_EDGE('',*,*,#4075,.T.);
#1775=ORIENTED_EDGE('',*,*,#3540,.T.);
#1776=ORIENTED_EDGE('',*,*,#4084,.T.);
#1777=ORIENTED_EDGE('',*,*,#3648,.F.);
#1778=ORIENTED_EDGE('',*,*,#4077,.T.);
#1779=ORIENTED_EDGE('',*,*,#4085,.T.);
#1780=ORIENTED_EDGE('',*,*,#4084,.F.);
#1781=ORIENTED_EDGE('',*,*,#4071,.F.);
#1782=ORIENTED_EDGE('',*,*,#4076,.T.);
#1783=ORIENTED_EDGE('',*,*,#4083,.T.);
#1784=ORIENTED_EDGE('',*,*,#4073,.F.);
#1785=ORIENTED_EDGE('',*,*,#4079,.T.);
#1786=ORIENTED_EDGE('',*,*,#4081,.T.);
#1787=ORIENTED_EDGE('',*,*,#4082,.F.);
#1788=ORIENTED_EDGE('',*,*,#4085,.F.);
#1789=ORIENTED_EDGE('',*,*,#4086,.T.);
#1790=ORIENTED_EDGE('',*,*,#3690,.T.);
#1791=ORIENTED_EDGE('',*,*,#4087,.F.);
#1792=ORIENTED_EDGE('',*,*,#4088,.F.);
#1793=ORIENTED_EDGE('',*,*,#3646,.F.);
#1794=ORIENTED_EDGE('',*,*,#4089,.T.);
#1795=ORIENTED_EDGE('',*,*,#4090,.F.);
#1796=ORIENTED_EDGE('',*,*,#4091,.F.);
#1797=ORIENTED_EDGE('',*,*,#3691,.F.);
#1798=ORIENTED_EDGE('',*,*,#4086,.F.);
#1799=ORIENTED_EDGE('',*,*,#4092,.T.);
#1800=ORIENTED_EDGE('',*,*,#4093,.T.);
#1801=ORIENTED_EDGE('',*,*,#4094,.F.);
#1802=ORIENTED_EDGE('',*,*,#3636,.T.);
#1803=ORIENTED_EDGE('',*,*,#4095,.T.);
#1804=ORIENTED_EDGE('',*,*,#4096,.T.);
#1805=ORIENTED_EDGE('',*,*,#4087,.T.);
#1806=ORIENTED_EDGE('',*,*,#3689,.T.);
#1807=ORIENTED_EDGE('',*,*,#4097,.F.);
#1808=ORIENTED_EDGE('',*,*,#4098,.F.);
#1809=ORIENTED_EDGE('',*,*,#3864,.F.);
#1810=ORIENTED_EDGE('',*,*,#4091,.T.);
#1811=ORIENTED_EDGE('',*,*,#4099,.T.);
#1812=ORIENTED_EDGE('',*,*,#4095,.F.);
#1813=ORIENTED_EDGE('',*,*,#4100,.F.);
#1814=ORIENTED_EDGE('',*,*,#4089,.F.);
#1815=ORIENTED_EDGE('',*,*,#3534,.F.);
#1816=ORIENTED_EDGE('',*,*,#4093,.F.);
#1817=ORIENTED_EDGE('',*,*,#4101,.T.);
#1818=ORIENTED_EDGE('',*,*,#4097,.T.);
#1819=ORIENTED_EDGE('',*,*,#3531,.T.);
#1820=ORIENTED_EDGE('',*,*,#4094,.T.);
#1821=ORIENTED_EDGE('',*,*,#4088,.T.);
#1822=ORIENTED_EDGE('',*,*,#4098,.T.);
#1823=ORIENTED_EDGE('',*,*,#4101,.F.);
#1824=ORIENTED_EDGE('',*,*,#4092,.F.);
#1825=ORIENTED_EDGE('',*,*,#4099,.F.);
#1826=ORIENTED_EDGE('',*,*,#4090,.T.);
#1827=ORIENTED_EDGE('',*,*,#4100,.T.);
#1828=ORIENTED_EDGE('',*,*,#4096,.F.);
#1829=ORIENTED_EDGE('',*,*,#3693,.F.);
#1830=ORIENTED_EDGE('',*,*,#4102,.F.);
#1831=ORIENTED_EDGE('',*,*,#4103,.T.);
#1832=ORIENTED_EDGE('',*,*,#4104,.T.);
#1833=ORIENTED_EDGE('',*,*,#3694,.T.);
#1834=ORIENTED_EDGE('',*,*,#4104,.F.);
#1835=ORIENTED_EDGE('',*,*,#4105,.T.);
#1836=ORIENTED_EDGE('',*,*,#4106,.T.);
#1837=ORIENTED_EDGE('',*,*,#4102,.T.);
#1838=ORIENTED_EDGE('',*,*,#3692,.F.);
#1839=ORIENTED_EDGE('',*,*,#4107,.F.);
#1840=ORIENTED_EDGE('',*,*,#4108,.F.);
#1841=ORIENTED_EDGE('',*,*,#4109,.F.);
#1842=ORIENTED_EDGE('',*,*,#3880,.T.);
#1843=ORIENTED_EDGE('',*,*,#4110,.T.);
#1844=ORIENTED_EDGE('',*,*,#4111,.F.);
#1845=ORIENTED_EDGE('',*,*,#4110,.F.);
#1846=ORIENTED_EDGE('',*,*,#3637,.T.);
#1847=ORIENTED_EDGE('',*,*,#4112,.T.);
#1848=ORIENTED_EDGE('',*,*,#4113,.F.);
#1849=ORIENTED_EDGE('',*,*,#4114,.T.);
#1850=ORIENTED_EDGE('',*,*,#4112,.F.);
#1851=ORIENTED_EDGE('',*,*,#3529,.F.);
#1852=ORIENTED_EDGE('',*,*,#4106,.F.);
#1853=ORIENTED_EDGE('',*,*,#4115,.F.);
#1854=ORIENTED_EDGE('',*,*,#4107,.T.);
#1855=ORIENTED_EDGE('',*,*,#3532,.T.);
#1856=ORIENTED_EDGE('',*,*,#4116,.T.);
#1857=ORIENTED_EDGE('',*,*,#3645,.F.);
#1858=ORIENTED_EDGE('',*,*,#4109,.T.);
#1859=ORIENTED_EDGE('',*,*,#4117,.T.);
#1860=ORIENTED_EDGE('',*,*,#4116,.F.);
#1861=ORIENTED_EDGE('',*,*,#4103,.F.);
#1862=ORIENTED_EDGE('',*,*,#4108,.T.);
#1863=ORIENTED_EDGE('',*,*,#4115,.T.);
#1864=ORIENTED_EDGE('',*,*,#4105,.F.);
#1865=ORIENTED_EDGE('',*,*,#4111,.T.);
#1866=ORIENTED_EDGE('',*,*,#4113,.T.);
#1867=ORIENTED_EDGE('',*,*,#4114,.F.);
#1868=ORIENTED_EDGE('',*,*,#4117,.F.);
#1869=ORIENTED_EDGE('',*,*,#4118,.T.);
#1870=ORIENTED_EDGE('',*,*,#3740,.T.);
#1871=ORIENTED_EDGE('',*,*,#4119,.F.);
#1872=ORIENTED_EDGE('',*,*,#4120,.F.);
#1873=ORIENTED_EDGE('',*,*,#3846,.F.);
#1874=ORIENTED_EDGE('',*,*,#4121,.T.);
#1875=ORIENTED_EDGE('',*,*,#4122,.F.);
#1876=ORIENTED_EDGE('',*,*,#4123,.F.);
#1877=ORIENTED_EDGE('',*,*,#3741,.F.);
#1878=ORIENTED_EDGE('',*,*,#4118,.F.);
#1879=ORIENTED_EDGE('',*,*,#4124,.T.);
#1880=ORIENTED_EDGE('',*,*,#4125,.T.);
#1881=ORIENTED_EDGE('',*,*,#4126,.F.);
#1882=ORIENTED_EDGE('',*,*,#3833,.T.);
#1883=ORIENTED_EDGE('',*,*,#4127,.T.);
#1884=ORIENTED_EDGE('',*,*,#4128,.T.);
#1885=ORIENTED_EDGE('',*,*,#4119,.T.);
#1886=ORIENTED_EDGE('',*,*,#3739,.T.);
#1887=ORIENTED_EDGE('',*,*,#4129,.F.);
#1888=ORIENTED_EDGE('',*,*,#4130,.F.);
#1889=ORIENTED_EDGE('',*,*,#3806,.F.);
#1890=ORIENTED_EDGE('',*,*,#4123,.T.);
#1891=ORIENTED_EDGE('',*,*,#4131,.T.);
#1892=ORIENTED_EDGE('',*,*,#4127,.F.);
#1893=ORIENTED_EDGE('',*,*,#4132,.F.);
#1894=ORIENTED_EDGE('',*,*,#4121,.F.);
#1895=ORIENTED_EDGE('',*,*,#3526,.F.);
#1896=ORIENTED_EDGE('',*,*,#4125,.F.);
#1897=ORIENTED_EDGE('',*,*,#4133,.T.);
#1898=ORIENTED_EDGE('',*,*,#4129,.T.);
#1899=ORIENTED_EDGE('',*,*,#3523,.T.);
#1900=ORIENTED_EDGE('',*,*,#4126,.T.);
#1901=ORIENTED_EDGE('',*,*,#4120,.T.);
#1902=ORIENTED_EDGE('',*,*,#4130,.T.);
#1903=ORIENTED_EDGE('',*,*,#4133,.F.);
#1904=ORIENTED_EDGE('',*,*,#4124,.F.);
#1905=ORIENTED_EDGE('',*,*,#4131,.F.);
#1906=ORIENTED_EDGE('',*,*,#4122,.T.);
#1907=ORIENTED_EDGE('',*,*,#4132,.T.);
#1908=ORIENTED_EDGE('',*,*,#4128,.F.);
#1909=ORIENTED_EDGE('',*,*,#3737,.F.);
#1910=ORIENTED_EDGE('',*,*,#4134,.F.);
#1911=ORIENTED_EDGE('',*,*,#4135,.T.);
#1912=ORIENTED_EDGE('',*,*,#4136,.T.);
#1913=ORIENTED_EDGE('',*,*,#3738,.T.);
#1914=ORIENTED_EDGE('',*,*,#4136,.F.);
#1915=ORIENTED_EDGE('',*,*,#4137,.T.);
#1916=ORIENTED_EDGE('',*,*,#4138,.T.);
#1917=ORIENTED_EDGE('',*,*,#4134,.T.);
#1918=ORIENTED_EDGE('',*,*,#3742,.F.);
#1919=ORIENTED_EDGE('',*,*,#4139,.F.);
#1920=ORIENTED_EDGE('',*,*,#4140,.F.);
#1921=ORIENTED_EDGE('',*,*,#4141,.F.);
#1922=ORIENTED_EDGE('',*,*,#3813,.T.);
#1923=ORIENTED_EDGE('',*,*,#4142,.T.);
#1924=ORIENTED_EDGE('',*,*,#4143,.F.);
#1925=ORIENTED_EDGE('',*,*,#4142,.F.);
#1926=ORIENTED_EDGE('',*,*,#3834,.T.);
#1927=ORIENTED_EDGE('',*,*,#4144,.T.);
#1928=ORIENTED_EDGE('',*,*,#4145,.F.);
#1929=ORIENTED_EDGE('',*,*,#4146,.T.);
#1930=ORIENTED_EDGE('',*,*,#4144,.F.);
#1931=ORIENTED_EDGE('',*,*,#3521,.F.);
#1932=ORIENTED_EDGE('',*,*,#4138,.F.);
#1933=ORIENTED_EDGE('',*,*,#4147,.F.);
#1934=ORIENTED_EDGE('',*,*,#4139,.T.);
#1935=ORIENTED_EDGE('',*,*,#3524,.T.);
#1936=ORIENTED_EDGE('',*,*,#4148,.T.);
#1937=ORIENTED_EDGE('',*,*,#3845,.F.);
#1938=ORIENTED_EDGE('',*,*,#4141,.T.);
#1939=ORIENTED_EDGE('',*,*,#4149,.T.);
#1940=ORIENTED_EDGE('',*,*,#4148,.F.);
#1941=ORIENTED_EDGE('',*,*,#4135,.F.);
#1942=ORIENTED_EDGE('',*,*,#4140,.T.);
#1943=ORIENTED_EDGE('',*,*,#4147,.T.);
#1944=ORIENTED_EDGE('',*,*,#4137,.F.);
#1945=ORIENTED_EDGE('',*,*,#4143,.T.);
#1946=ORIENTED_EDGE('',*,*,#4145,.T.);
#1947=ORIENTED_EDGE('',*,*,#4146,.F.);
#1948=ORIENTED_EDGE('',*,*,#4149,.F.);
#1949=ORIENTED_EDGE('',*,*,#4150,.T.);
#1950=ORIENTED_EDGE('',*,*,#3746,.T.);
#1951=ORIENTED_EDGE('',*,*,#4151,.F.);
#1952=ORIENTED_EDGE('',*,*,#4152,.F.);
#1953=ORIENTED_EDGE('',*,*,#3844,.F.);
#1954=ORIENTED_EDGE('',*,*,#4153,.T.);
#1955=ORIENTED_EDGE('',*,*,#4154,.F.);
#1956=ORIENTED_EDGE('',*,*,#4155,.F.);
#1957=ORIENTED_EDGE('',*,*,#3747,.F.);
#1958=ORIENTED_EDGE('',*,*,#4150,.F.);
#1959=ORIENTED_EDGE('',*,*,#4156,.T.);
#1960=ORIENTED_EDGE('',*,*,#4157,.T.);
#1961=ORIENTED_EDGE('',*,*,#4158,.F.);
#1962=ORIENTED_EDGE('',*,*,#3835,.T.);
#1963=ORIENTED_EDGE('',*,*,#4159,.T.);
#1964=ORIENTED_EDGE('',*,*,#4160,.T.);
#1965=ORIENTED_EDGE('',*,*,#4151,.T.);
#1966=ORIENTED_EDGE('',*,*,#3745,.T.);
#1967=ORIENTED_EDGE('',*,*,#4161,.F.);
#1968=ORIENTED_EDGE('',*,*,#4162,.F.);
#1969=ORIENTED_EDGE('',*,*,#3811,.F.);
#1970=ORIENTED_EDGE('',*,*,#4155,.T.);
#1971=ORIENTED_EDGE('',*,*,#4163,.T.);
#1972=ORIENTED_EDGE('',*,*,#4159,.F.);
#1973=ORIENTED_EDGE('',*,*,#4164,.F.);
#1974=ORIENTED_EDGE('',*,*,#4153,.F.);
#1975=ORIENTED_EDGE('',*,*,#3518,.F.);
#1976=ORIENTED_EDGE('',*,*,#4157,.F.);
#1977=ORIENTED_EDGE('',*,*,#4165,.T.);
#1978=ORIENTED_EDGE('',*,*,#4161,.T.);
#1979=ORIENTED_EDGE('',*,*,#3515,.T.);
#1980=ORIENTED_EDGE('',*,*,#4158,.T.);
#1981=ORIENTED_EDGE('',*,*,#4152,.T.);
#1982=ORIENTED_EDGE('',*,*,#4162,.T.);
#1983=ORIENTED_EDGE('',*,*,#4165,.F.);
#1984=ORIENTED_EDGE('',*,*,#4156,.F.);
#1985=ORIENTED_EDGE('',*,*,#4163,.F.);
#1986=ORIENTED_EDGE('',*,*,#4154,.T.);
#1987=ORIENTED_EDGE('',*,*,#4164,.T.);
#1988=ORIENTED_EDGE('',*,*,#4160,.F.);
#1989=ORIENTED_EDGE('',*,*,#3743,.F.);
#1990=ORIENTED_EDGE('',*,*,#4166,.F.);
#1991=ORIENTED_EDGE('',*,*,#4167,.T.);
#1992=ORIENTED_EDGE('',*,*,#4168,.T.);
#1993=ORIENTED_EDGE('',*,*,#3744,.T.);
#1994=ORIENTED_EDGE('',*,*,#4168,.F.);
#1995=ORIENTED_EDGE('',*,*,#4169,.T.);
#1996=ORIENTED_EDGE('',*,*,#4170,.T.);
#1997=ORIENTED_EDGE('',*,*,#4166,.T.);
#1998=ORIENTED_EDGE('',*,*,#3748,.F.);
#1999=ORIENTED_EDGE('',*,*,#4171,.F.);
#2000=ORIENTED_EDGE('',*,*,#4172,.F.);
#2001=ORIENTED_EDGE('',*,*,#4173,.F.);
#2002=ORIENTED_EDGE('',*,*,#3817,.T.);
#2003=ORIENTED_EDGE('',*,*,#4174,.T.);
#2004=ORIENTED_EDGE('',*,*,#4175,.F.);
#2005=ORIENTED_EDGE('',*,*,#4174,.F.);
#2006=ORIENTED_EDGE('',*,*,#3836,.T.);
#2007=ORIENTED_EDGE('',*,*,#4176,.T.);
#2008=ORIENTED_EDGE('',*,*,#4177,.F.);
#2009=ORIENTED_EDGE('',*,*,#4178,.T.);
#2010=ORIENTED_EDGE('',*,*,#4176,.F.);
#2011=ORIENTED_EDGE('',*,*,#3513,.F.);
#2012=ORIENTED_EDGE('',*,*,#4170,.F.);
#2013=ORIENTED_EDGE('',*,*,#4179,.F.);
#2014=ORIENTED_EDGE('',*,*,#4171,.T.);
#2015=ORIENTED_EDGE('',*,*,#3516,.T.);
#2016=ORIENTED_EDGE('',*,*,#4180,.T.);
#2017=ORIENTED_EDGE('',*,*,#3843,.F.);
#2018=ORIENTED_EDGE('',*,*,#4173,.T.);
#2019=ORIENTED_EDGE('',*,*,#4181,.T.);
#2020=ORIENTED_EDGE('',*,*,#4180,.F.);
#2021=ORIENTED_EDGE('',*,*,#4167,.F.);
#2022=ORIENTED_EDGE('',*,*,#4172,.T.);
#2023=ORIENTED_EDGE('',*,*,#4179,.T.);
#2024=ORIENTED_EDGE('',*,*,#4169,.F.);
#2025=ORIENTED_EDGE('',*,*,#4175,.T.);
#2026=ORIENTED_EDGE('',*,*,#4177,.T.);
#2027=ORIENTED_EDGE('',*,*,#4178,.F.);
#2028=ORIENTED_EDGE('',*,*,#4181,.F.);
#2029=ORIENTED_EDGE('',*,*,#4182,.T.);
#2030=ORIENTED_EDGE('',*,*,#3752,.T.);
#2031=ORIENTED_EDGE('',*,*,#4183,.F.);
#2032=ORIENTED_EDGE('',*,*,#4184,.F.);
#2033=ORIENTED_EDGE('',*,*,#3842,.F.);
#2034=ORIENTED_EDGE('',*,*,#4185,.T.);
#2035=ORIENTED_EDGE('',*,*,#4186,.F.);
#2036=ORIENTED_EDGE('',*,*,#4187,.F.);
#2037=ORIENTED_EDGE('',*,*,#3753,.F.);
#2038=ORIENTED_EDGE('',*,*,#4182,.F.);
#2039=ORIENTED_EDGE('',*,*,#4188,.T.);
#2040=ORIENTED_EDGE('',*,*,#4189,.T.);
#2041=ORIENTED_EDGE('',*,*,#4190,.F.);
#2042=ORIENTED_EDGE('',*,*,#3837,.T.);
#2043=ORIENTED_EDGE('',*,*,#4191,.T.);
#2044=ORIENTED_EDGE('',*,*,#4192,.T.);
#2045=ORIENTED_EDGE('',*,*,#4183,.T.);
#2046=ORIENTED_EDGE('',*,*,#3751,.T.);
#2047=ORIENTED_EDGE('',*,*,#4193,.F.);
#2048=ORIENTED_EDGE('',*,*,#4194,.F.);
#2049=ORIENTED_EDGE('',*,*,#3815,.F.);
#2050=ORIENTED_EDGE('',*,*,#4187,.T.);
#2051=ORIENTED_EDGE('',*,*,#4195,.T.);
#2052=ORIENTED_EDGE('',*,*,#4191,.F.);
#2053=ORIENTED_EDGE('',*,*,#4196,.F.);
#2054=ORIENTED_EDGE('',*,*,#4185,.F.);
#2055=ORIENTED_EDGE('',*,*,#3510,.F.);
#2056=ORIENTED_EDGE('',*,*,#4189,.F.);
#2057=ORIENTED_EDGE('',*,*,#4197,.T.);
#2058=ORIENTED_EDGE('',*,*,#4193,.T.);
#2059=ORIENTED_EDGE('',*,*,#3507,.T.);
#2060=ORIENTED_EDGE('',*,*,#4190,.T.);
#2061=ORIENTED_EDGE('',*,*,#4184,.T.);
#2062=ORIENTED_EDGE('',*,*,#4194,.T.);
#2063=ORIENTED_EDGE('',*,*,#4197,.F.);
#2064=ORIENTED_EDGE('',*,*,#4188,.F.);
#2065=ORIENTED_EDGE('',*,*,#4195,.F.);
#2066=ORIENTED_EDGE('',*,*,#4186,.T.);
#2067=ORIENTED_EDGE('',*,*,#4196,.T.);
#2068=ORIENTED_EDGE('',*,*,#4192,.F.);
#2069=ORIENTED_EDGE('',*,*,#3749,.F.);
#2070=ORIENTED_EDGE('',*,*,#4198,.F.);
#2071=ORIENTED_EDGE('',*,*,#4199,.T.);
#2072=ORIENTED_EDGE('',*,*,#4200,.T.);
#2073=ORIENTED_EDGE('',*,*,#3750,.T.);
#2074=ORIENTED_EDGE('',*,*,#4200,.F.);
#2075=ORIENTED_EDGE('',*,*,#4201,.T.);
#2076=ORIENTED_EDGE('',*,*,#4202,.T.);
#2077=ORIENTED_EDGE('',*,*,#4198,.T.);
#2078=ORIENTED_EDGE('',*,*,#3754,.F.);
#2079=ORIENTED_EDGE('',*,*,#4203,.F.);
#2080=ORIENTED_EDGE('',*,*,#4204,.F.);
#2081=ORIENTED_EDGE('',*,*,#4205,.F.);
#2082=ORIENTED_EDGE('',*,*,#3820,.T.);
#2083=ORIENTED_EDGE('',*,*,#4206,.T.);
#2084=ORIENTED_EDGE('',*,*,#4207,.F.);
#2085=ORIENTED_EDGE('',*,*,#4206,.F.);
#2086=ORIENTED_EDGE('',*,*,#3838,.T.);
#2087=ORIENTED_EDGE('',*,*,#4208,.T.);
#2088=ORIENTED_EDGE('',*,*,#4209,.F.);
#2089=ORIENTED_EDGE('',*,*,#4210,.T.);
#2090=ORIENTED_EDGE('',*,*,#4208,.F.);
#2091=ORIENTED_EDGE('',*,*,#3505,.F.);
#2092=ORIENTED_EDGE('',*,*,#4202,.F.);
#2093=ORIENTED_EDGE('',*,*,#4211,.F.);
#2094=ORIENTED_EDGE('',*,*,#4203,.T.);
#2095=ORIENTED_EDGE('',*,*,#3508,.T.);
#2096=ORIENTED_EDGE('',*,*,#4212,.T.);
#2097=ORIENTED_EDGE('',*,*,#3841,.F.);
#2098=ORIENTED_EDGE('',*,*,#4205,.T.);
#2099=ORIENTED_EDGE('',*,*,#4213,.T.);
#2100=ORIENTED_EDGE('',*,*,#4212,.F.);
#2101=ORIENTED_EDGE('',*,*,#4199,.F.);
#2102=ORIENTED_EDGE('',*,*,#4204,.T.);
#2103=ORIENTED_EDGE('',*,*,#4211,.T.);
#2104=ORIENTED_EDGE('',*,*,#4201,.F.);
#2105=ORIENTED_EDGE('',*,*,#4207,.T.);
#2106=ORIENTED_EDGE('',*,*,#4209,.T.);
#2107=ORIENTED_EDGE('',*,*,#4210,.F.);
#2108=ORIENTED_EDGE('',*,*,#4213,.F.);
#2109=ORIENTED_EDGE('',*,*,#4214,.T.);
#2110=ORIENTED_EDGE('',*,*,#3758,.T.);
#2111=ORIENTED_EDGE('',*,*,#4215,.F.);
#2112=ORIENTED_EDGE('',*,*,#4216,.F.);
#2113=ORIENTED_EDGE('',*,*,#3623,.F.);
#2114=ORIENTED_EDGE('',*,*,#4217,.T.);
#2115=ORIENTED_EDGE('',*,*,#4218,.F.);
#2116=ORIENTED_EDGE('',*,*,#3660,.F.);
#2117=ORIENTED_EDGE('',*,*,#3759,.F.);
#2118=ORIENTED_EDGE('',*,*,#4214,.F.);
#2119=ORIENTED_EDGE('',*,*,#4219,.T.);
#2120=ORIENTED_EDGE('',*,*,#4220,.T.);
#2121=ORIENTED_EDGE('',*,*,#4221,.F.);
#2122=ORIENTED_EDGE('',*,*,#3595,.T.);
#2123=ORIENTED_EDGE('',*,*,#3662,.T.);
#2124=ORIENTED_EDGE('',*,*,#4222,.T.);
#2125=ORIENTED_EDGE('',*,*,#4215,.T.);
#2126=ORIENTED_EDGE('',*,*,#3757,.T.);
#2127=ORIENTED_EDGE('',*,*,#4223,.F.);
#2128=ORIENTED_EDGE('',*,*,#4224,.F.);
#2129=ORIENTED_EDGE('',*,*,#4225,.F.);
#2130=ORIENTED_EDGE('',*,*,#4217,.F.);
#2131=ORIENTED_EDGE('',*,*,#3502,.F.);
#2132=ORIENTED_EDGE('',*,*,#4220,.F.);
#2133=ORIENTED_EDGE('',*,*,#4226,.T.);
#2134=ORIENTED_EDGE('',*,*,#4223,.T.);
#2135=ORIENTED_EDGE('',*,*,#3499,.T.);
#2136=ORIENTED_EDGE('',*,*,#4221,.T.);
#2137=ORIENTED_EDGE('',*,*,#4216,.T.);
#2138=ORIENTED_EDGE('',*,*,#4224,.T.);
#2139=ORIENTED_EDGE('',*,*,#4226,.F.);
#2140=ORIENTED_EDGE('',*,*,#4219,.F.);
#2141=ORIENTED_EDGE('',*,*,#3661,.F.);
#2142=ORIENTED_EDGE('',*,*,#4218,.T.);
#2143=ORIENTED_EDGE('',*,*,#4225,.T.);
#2144=ORIENTED_EDGE('',*,*,#4222,.F.);
#2145=ORIENTED_EDGE('',*,*,#3755,.F.);
#2146=ORIENTED_EDGE('',*,*,#4227,.F.);
#2147=ORIENTED_EDGE('',*,*,#4228,.T.);
#2148=ORIENTED_EDGE('',*,*,#4229,.T.);
#2149=ORIENTED_EDGE('',*,*,#3756,.T.);
#2150=ORIENTED_EDGE('',*,*,#4229,.F.);
#2151=ORIENTED_EDGE('',*,*,#4230,.T.);
#2152=ORIENTED_EDGE('',*,*,#4231,.T.);
#2153=ORIENTED_EDGE('',*,*,#4227,.T.);
#2154=ORIENTED_EDGE('',*,*,#3760,.F.);
#2155=ORIENTED_EDGE('',*,*,#4232,.F.);
#2156=ORIENTED_EDGE('',*,*,#4233,.F.);
#2157=ORIENTED_EDGE('',*,*,#4234,.F.);
#2158=ORIENTED_EDGE('',*,*,#3823,.T.);
#2159=ORIENTED_EDGE('',*,*,#4235,.T.);
#2160=ORIENTED_EDGE('',*,*,#4236,.F.);
#2161=ORIENTED_EDGE('',*,*,#4235,.F.);
#2162=ORIENTED_EDGE('',*,*,#3596,.T.);
#2163=ORIENTED_EDGE('',*,*,#4237,.T.);
#2164=ORIENTED_EDGE('',*,*,#4238,.F.);
#2165=ORIENTED_EDGE('',*,*,#4239,.T.);
#2166=ORIENTED_EDGE('',*,*,#4237,.F.);
#2167=ORIENTED_EDGE('',*,*,#3497,.F.);
#2168=ORIENTED_EDGE('',*,*,#4231,.F.);
#2169=ORIENTED_EDGE('',*,*,#4240,.F.);
#2170=ORIENTED_EDGE('',*,*,#4232,.T.);
#2171=ORIENTED_EDGE('',*,*,#3500,.T.);
#2172=ORIENTED_EDGE('',*,*,#4241,.T.);
#2173=ORIENTED_EDGE('',*,*,#3622,.F.);
#2174=ORIENTED_EDGE('',*,*,#4234,.T.);
#2175=ORIENTED_EDGE('',*,*,#4242,.T.);
#2176=ORIENTED_EDGE('',*,*,#4241,.F.);
#2177=ORIENTED_EDGE('',*,*,#4228,.F.);
#2178=ORIENTED_EDGE('',*,*,#4233,.T.);
#2179=ORIENTED_EDGE('',*,*,#4240,.T.);
#2180=ORIENTED_EDGE('',*,*,#4230,.F.);
#2181=ORIENTED_EDGE('',*,*,#4236,.T.);
#2182=ORIENTED_EDGE('',*,*,#4238,.T.);
#2183=ORIENTED_EDGE('',*,*,#4239,.F.);
#2184=ORIENTED_EDGE('',*,*,#4242,.F.);
#2185=ORIENTED_EDGE('',*,*,#4243,.T.);
#2186=ORIENTED_EDGE('',*,*,#3764,.T.);
#2187=ORIENTED_EDGE('',*,*,#4244,.F.);
#2188=ORIENTED_EDGE('',*,*,#4245,.F.);
#2189=ORIENTED_EDGE('',*,*,#3620,.F.);
#2190=ORIENTED_EDGE('',*,*,#4246,.T.);
#2191=ORIENTED_EDGE('',*,*,#4247,.F.);
#2192=ORIENTED_EDGE('',*,*,#4248,.F.);
#2193=ORIENTED_EDGE('',*,*,#3765,.F.);
#2194=ORIENTED_EDGE('',*,*,#4243,.F.);
#2195=ORIENTED_EDGE('',*,*,#4249,.T.);
#2196=ORIENTED_EDGE('',*,*,#4250,.T.);
#2197=ORIENTED_EDGE('',*,*,#4251,.F.);
#2198=ORIENTED_EDGE('',*,*,#3598,.T.);
#2199=ORIENTED_EDGE('',*,*,#4252,.T.);
#2200=ORIENTED_EDGE('',*,*,#4253,.T.);
#2201=ORIENTED_EDGE('',*,*,#4244,.T.);
#2202=ORIENTED_EDGE('',*,*,#3763,.T.);
#2203=ORIENTED_EDGE('',*,*,#4254,.F.);
#2204=ORIENTED_EDGE('',*,*,#4255,.F.);
#2205=ORIENTED_EDGE('',*,*,#3822,.F.);
#2206=ORIENTED_EDGE('',*,*,#4248,.T.);
#2207=ORIENTED_EDGE('',*,*,#4256,.T.);
#2208=ORIENTED_EDGE('',*,*,#4252,.F.);
#2209=ORIENTED_EDGE('',*,*,#4257,.F.);
#2210=ORIENTED_EDGE('',*,*,#4246,.F.);
#2211=ORIENTED_EDGE('',*,*,#3494,.F.);
#2212=ORIENTED_EDGE('',*,*,#4250,.F.);
#2213=ORIENTED_EDGE('',*,*,#4258,.T.);
#2214=ORIENTED_EDGE('',*,*,#4254,.T.);
#2215=ORIENTED_EDGE('',*,*,#3491,.T.);
#2216=ORIENTED_EDGE('',*,*,#4251,.T.);
#2217=ORIENTED_EDGE('',*,*,#4245,.T.);
#2218=ORIENTED_EDGE('',*,*,#4255,.T.);
#2219=ORIENTED_EDGE('',*,*,#4258,.F.);
#2220=ORIENTED_EDGE('',*,*,#4249,.F.);
#2221=ORIENTED_EDGE('',*,*,#4256,.F.);
#2222=ORIENTED_EDGE('',*,*,#4247,.T.);
#2223=ORIENTED_EDGE('',*,*,#4257,.T.);
#2224=ORIENTED_EDGE('',*,*,#4253,.F.);
#2225=ORIENTED_EDGE('',*,*,#3761,.F.);
#2226=ORIENTED_EDGE('',*,*,#4259,.F.);
#2227=ORIENTED_EDGE('',*,*,#4260,.T.);
#2228=ORIENTED_EDGE('',*,*,#4261,.T.);
#2229=ORIENTED_EDGE('',*,*,#3762,.T.);
#2230=ORIENTED_EDGE('',*,*,#4261,.F.);
#2231=ORIENTED_EDGE('',*,*,#4262,.T.);
#2232=ORIENTED_EDGE('',*,*,#4263,.T.);
#2233=ORIENTED_EDGE('',*,*,#4259,.T.);
#2234=ORIENTED_EDGE('',*,*,#3766,.F.);
#2235=ORIENTED_EDGE('',*,*,#4264,.F.);
#2236=ORIENTED_EDGE('',*,*,#4265,.F.);
#2237=ORIENTED_EDGE('',*,*,#4266,.F.);
#2238=ORIENTED_EDGE('',*,*,#3825,.T.);
#2239=ORIENTED_EDGE('',*,*,#4267,.T.);
#2240=ORIENTED_EDGE('',*,*,#4268,.F.);
#2241=ORIENTED_EDGE('',*,*,#4267,.F.);
#2242=ORIENTED_EDGE('',*,*,#3599,.T.);
#2243=ORIENTED_EDGE('',*,*,#4269,.T.);
#2244=ORIENTED_EDGE('',*,*,#4270,.F.);
#2245=ORIENTED_EDGE('',*,*,#4271,.T.);
#2246=ORIENTED_EDGE('',*,*,#4269,.F.);
#2247=ORIENTED_EDGE('',*,*,#3489,.F.);
#2248=ORIENTED_EDGE('',*,*,#4263,.F.);
#2249=ORIENTED_EDGE('',*,*,#4272,.F.);
#2250=ORIENTED_EDGE('',*,*,#4264,.T.);
#2251=ORIENTED_EDGE('',*,*,#3492,.T.);
#2252=ORIENTED_EDGE('',*,*,#4273,.T.);
#2253=ORIENTED_EDGE('',*,*,#3619,.F.);
#2254=ORIENTED_EDGE('',*,*,#4266,.T.);
#2255=ORIENTED_EDGE('',*,*,#4274,.T.);
#2256=ORIENTED_EDGE('',*,*,#4273,.F.);
#2257=ORIENTED_EDGE('',*,*,#4260,.F.);
#2258=ORIENTED_EDGE('',*,*,#4265,.T.);
#2259=ORIENTED_EDGE('',*,*,#4272,.T.);
#2260=ORIENTED_EDGE('',*,*,#4262,.F.);
#2261=ORIENTED_EDGE('',*,*,#4268,.T.);
#2262=ORIENTED_EDGE('',*,*,#4270,.T.);
#2263=ORIENTED_EDGE('',*,*,#4271,.F.);
#2264=ORIENTED_EDGE('',*,*,#4274,.F.);
#2265=ORIENTED_EDGE('',*,*,#4275,.T.);
#2266=ORIENTED_EDGE('',*,*,#3770,.T.);
#2267=ORIENTED_EDGE('',*,*,#4276,.F.);
#2268=ORIENTED_EDGE('',*,*,#4277,.F.);
#2269=ORIENTED_EDGE('',*,*,#3617,.F.);
#2270=ORIENTED_EDGE('',*,*,#4278,.T.);
#2271=ORIENTED_EDGE('',*,*,#4279,.F.);
#2272=ORIENTED_EDGE('',*,*,#4280,.F.);
#2273=ORIENTED_EDGE('',*,*,#3771,.F.);
#2274=ORIENTED_EDGE('',*,*,#4275,.F.);
#2275=ORIENTED_EDGE('',*,*,#4281,.T.);
#2276=ORIENTED_EDGE('',*,*,#4282,.T.);
#2277=ORIENTED_EDGE('',*,*,#4283,.F.);
#2278=ORIENTED_EDGE('',*,*,#3601,.T.);
#2279=ORIENTED_EDGE('',*,*,#4284,.T.);
#2280=ORIENTED_EDGE('',*,*,#4285,.T.);
#2281=ORIENTED_EDGE('',*,*,#4276,.T.);
#2282=ORIENTED_EDGE('',*,*,#3769,.T.);
#2283=ORIENTED_EDGE('',*,*,#4286,.F.);
#2284=ORIENTED_EDGE('',*,*,#4287,.F.);
#2285=ORIENTED_EDGE('',*,*,#3824,.F.);
#2286=ORIENTED_EDGE('',*,*,#4280,.T.);
#2287=ORIENTED_EDGE('',*,*,#4288,.T.);
#2288=ORIENTED_EDGE('',*,*,#4284,.F.);
#2289=ORIENTED_EDGE('',*,*,#4289,.F.);
#2290=ORIENTED_EDGE('',*,*,#4278,.F.);
#2291=ORIENTED_EDGE('',*,*,#3486,.F.);
#2292=ORIENTED_EDGE('',*,*,#4282,.F.);
#2293=ORIENTED_EDGE('',*,*,#4290,.T.);
#2294=ORIENTED_EDGE('',*,*,#4286,.T.);
#2295=ORIENTED_EDGE('',*,*,#3483,.T.);
#2296=ORIENTED_EDGE('',*,*,#4283,.T.);
#2297=ORIENTED_EDGE('',*,*,#4277,.T.);
#2298=ORIENTED_EDGE('',*,*,#4287,.T.);
#2299=ORIENTED_EDGE('',*,*,#4290,.F.);
#2300=ORIENTED_EDGE('',*,*,#4281,.F.);
#2301=ORIENTED_EDGE('',*,*,#4288,.F.);
#2302=ORIENTED_EDGE('',*,*,#4279,.T.);
#2303=ORIENTED_EDGE('',*,*,#4289,.T.);
#2304=ORIENTED_EDGE('',*,*,#4285,.F.);
#2305=ORIENTED_EDGE('',*,*,#3767,.F.);
#2306=ORIENTED_EDGE('',*,*,#4291,.F.);
#2307=ORIENTED_EDGE('',*,*,#4292,.T.);
#2308=ORIENTED_EDGE('',*,*,#4293,.T.);
#2309=ORIENTED_EDGE('',*,*,#3768,.T.);
#2310=ORIENTED_EDGE('',*,*,#4293,.F.);
#2311=ORIENTED_EDGE('',*,*,#4294,.T.);
#2312=ORIENTED_EDGE('',*,*,#4295,.T.);
#2313=ORIENTED_EDGE('',*,*,#4291,.T.);
#2314=ORIENTED_EDGE('',*,*,#3772,.F.);
#2315=ORIENTED_EDGE('',*,*,#4296,.F.);
#2316=ORIENTED_EDGE('',*,*,#4297,.F.);
#2317=ORIENTED_EDGE('',*,*,#4298,.F.);
#2318=ORIENTED_EDGE('',*,*,#3827,.T.);
#2319=ORIENTED_EDGE('',*,*,#4299,.T.);
#2320=ORIENTED_EDGE('',*,*,#4300,.F.);
#2321=ORIENTED_EDGE('',*,*,#4299,.F.);
#2322=ORIENTED_EDGE('',*,*,#3602,.T.);
#2323=ORIENTED_EDGE('',*,*,#4301,.T.);
#2324=ORIENTED_EDGE('',*,*,#4302,.F.);
#2325=ORIENTED_EDGE('',*,*,#4303,.T.);
#2326=ORIENTED_EDGE('',*,*,#4301,.F.);
#2327=ORIENTED_EDGE('',*,*,#3481,.F.);
#2328=ORIENTED_EDGE('',*,*,#4295,.F.);
#2329=ORIENTED_EDGE('',*,*,#4304,.F.);
#2330=ORIENTED_EDGE('',*,*,#4296,.T.);
#2331=ORIENTED_EDGE('',*,*,#3484,.T.);
#2332=ORIENTED_EDGE('',*,*,#4305,.T.);
#2333=ORIENTED_EDGE('',*,*,#3616,.F.);
#2334=ORIENTED_EDGE('',*,*,#4298,.T.);
#2335=ORIENTED_EDGE('',*,*,#4306,.T.);
#2336=ORIENTED_EDGE('',*,*,#4305,.F.);
#2337=ORIENTED_EDGE('',*,*,#4292,.F.);
#2338=ORIENTED_EDGE('',*,*,#4297,.T.);
#2339=ORIENTED_EDGE('',*,*,#4304,.T.);
#2340=ORIENTED_EDGE('',*,*,#4294,.F.);
#2341=ORIENTED_EDGE('',*,*,#4300,.T.);
#2342=ORIENTED_EDGE('',*,*,#4302,.T.);
#2343=ORIENTED_EDGE('',*,*,#4303,.F.);
#2344=ORIENTED_EDGE('',*,*,#4306,.F.);
#2345=ORIENTED_EDGE('',*,*,#4307,.T.);
#2346=ORIENTED_EDGE('',*,*,#3732,.T.);
#2347=ORIENTED_EDGE('',*,*,#4308,.F.);
#2348=ORIENTED_EDGE('',*,*,#4309,.F.);
#2349=ORIENTED_EDGE('',*,*,#3614,.F.);
#2350=ORIENTED_EDGE('',*,*,#4310,.T.);
#2351=ORIENTED_EDGE('',*,*,#4311,.F.);
#2352=ORIENTED_EDGE('',*,*,#4312,.F.);
#2353=ORIENTED_EDGE('',*,*,#3733,.F.);
#2354=ORIENTED_EDGE('',*,*,#4307,.F.);
#2355=ORIENTED_EDGE('',*,*,#4313,.T.);
#2356=ORIENTED_EDGE('',*,*,#4314,.T.);
#2357=ORIENTED_EDGE('',*,*,#4315,.F.);
#2358=ORIENTED_EDGE('',*,*,#3604,.T.);
#2359=ORIENTED_EDGE('',*,*,#4316,.T.);
#2360=ORIENTED_EDGE('',*,*,#4317,.T.);
#2361=ORIENTED_EDGE('',*,*,#4308,.T.);
#2362=ORIENTED_EDGE('',*,*,#3731,.T.);
#2363=ORIENTED_EDGE('',*,*,#4318,.F.);
#2364=ORIENTED_EDGE('',*,*,#4319,.F.);
#2365=ORIENTED_EDGE('',*,*,#3826,.F.);
#2366=ORIENTED_EDGE('',*,*,#4312,.T.);
#2367=ORIENTED_EDGE('',*,*,#4320,.T.);
#2368=ORIENTED_EDGE('',*,*,#4316,.F.);
#2369=ORIENTED_EDGE('',*,*,#4321,.F.);
#2370=ORIENTED_EDGE('',*,*,#4310,.F.);
#2371=ORIENTED_EDGE('',*,*,#3478,.F.);
#2372=ORIENTED_EDGE('',*,*,#4314,.F.);
#2373=ORIENTED_EDGE('',*,*,#4322,.T.);
#2374=ORIENTED_EDGE('',*,*,#4318,.T.);
#2375=ORIENTED_EDGE('',*,*,#3475,.T.);
#2376=ORIENTED_EDGE('',*,*,#4315,.T.);
#2377=ORIENTED_EDGE('',*,*,#4309,.T.);
#2378=ORIENTED_EDGE('',*,*,#4319,.T.);
#2379=ORIENTED_EDGE('',*,*,#4322,.F.);
#2380=ORIENTED_EDGE('',*,*,#4313,.F.);
#2381=ORIENTED_EDGE('',*,*,#4320,.F.);
#2382=ORIENTED_EDGE('',*,*,#4311,.T.);
#2383=ORIENTED_EDGE('',*,*,#4321,.T.);
#2384=ORIENTED_EDGE('',*,*,#4317,.F.);
#2385=ORIENTED_EDGE('',*,*,#3735,.F.);
#2386=ORIENTED_EDGE('',*,*,#4323,.F.);
#2387=ORIENTED_EDGE('',*,*,#4324,.T.);
#2388=ORIENTED_EDGE('',*,*,#4325,.T.);
#2389=ORIENTED_EDGE('',*,*,#3736,.T.);
#2390=ORIENTED_EDGE('',*,*,#4325,.F.);
#2391=ORIENTED_EDGE('',*,*,#4326,.T.);
#2392=ORIENTED_EDGE('',*,*,#4327,.T.);
#2393=ORIENTED_EDGE('',*,*,#4323,.T.);
#2394=ORIENTED_EDGE('',*,*,#3734,.F.);
#2395=ORIENTED_EDGE('',*,*,#4328,.F.);
#2396=ORIENTED_EDGE('',*,*,#4329,.F.);
#2397=ORIENTED_EDGE('',*,*,#4330,.F.);
#2398=ORIENTED_EDGE('',*,*,#3829,.T.);
#2399=ORIENTED_EDGE('',*,*,#4331,.T.);
#2400=ORIENTED_EDGE('',*,*,#4332,.F.);
#2401=ORIENTED_EDGE('',*,*,#4331,.F.);
#2402=ORIENTED_EDGE('',*,*,#3605,.T.);
#2403=ORIENTED_EDGE('',*,*,#4333,.T.);
#2404=ORIENTED_EDGE('',*,*,#4334,.F.);
#2405=ORIENTED_EDGE('',*,*,#4335,.T.);
#2406=ORIENTED_EDGE('',*,*,#4333,.F.);
#2407=ORIENTED_EDGE('',*,*,#3473,.F.);
#2408=ORIENTED_EDGE('',*,*,#4327,.F.);
#2409=ORIENTED_EDGE('',*,*,#4336,.F.);
#2410=ORIENTED_EDGE('',*,*,#4328,.T.);
#2411=ORIENTED_EDGE('',*,*,#3476,.T.);
#2412=ORIENTED_EDGE('',*,*,#4337,.T.);
#2413=ORIENTED_EDGE('',*,*,#3613,.F.);
#2414=ORIENTED_EDGE('',*,*,#4330,.T.);
#2415=ORIENTED_EDGE('',*,*,#4338,.T.);
#2416=ORIENTED_EDGE('',*,*,#4337,.F.);
#2417=ORIENTED_EDGE('',*,*,#4324,.F.);
#2418=ORIENTED_EDGE('',*,*,#4329,.T.);
#2419=ORIENTED_EDGE('',*,*,#4336,.T.);
#2420=ORIENTED_EDGE('',*,*,#4326,.F.);
#2421=ORIENTED_EDGE('',*,*,#4332,.T.);
#2422=ORIENTED_EDGE('',*,*,#4334,.T.);
#2423=ORIENTED_EDGE('',*,*,#4335,.F.);
#2424=ORIENTED_EDGE('',*,*,#4338,.F.);
#2425=ORIENTED_EDGE('',*,*,#4339,.T.);
#2426=ORIENTED_EDGE('',*,*,#4340,.T.);
#2427=ORIENTED_EDGE('',*,*,#4341,.F.);
#2428=ORIENTED_EDGE('',*,*,#4342,.T.);
#2429=ORIENTED_EDGE('',*,*,#4343,.T.);
#2430=ORIENTED_EDGE('',*,*,#4344,.T.);
#2431=ORIENTED_EDGE('',*,*,#4345,.F.);
#2432=ORIENTED_EDGE('',*,*,#4346,.F.);
#2433=ORIENTED_EDGE('',*,*,#4347,.T.);
#2434=ORIENTED_EDGE('',*,*,#4348,.F.);
#2435=ORIENTED_EDGE('',*,*,#4349,.F.);
#2436=ORIENTED_EDGE('',*,*,#4350,.F.);
#2437=ORIENTED_EDGE('',*,*,#4351,.T.);
#2438=ORIENTED_EDGE('',*,*,#3471,.F.);
#2439=ORIENTED_EDGE('',*,*,#4352,.T.);
#2440=ORIENTED_EDGE('',*,*,#4353,.T.);
#2441=ORIENTED_EDGE('',*,*,#4354,.F.);
#2442=ORIENTED_EDGE('',*,*,#4355,.T.);
#2443=ORIENTED_EDGE('',*,*,#4356,.T.);
#2444=ORIENTED_EDGE('',*,*,#4357,.T.);
#2445=ORIENTED_EDGE('',*,*,#4358,.F.);
#2446=ORIENTED_EDGE('',*,*,#4359,.F.);
#2447=ORIENTED_EDGE('',*,*,#4360,.T.);
#2448=ORIENTED_EDGE('',*,*,#4361,.F.);
#2449=ORIENTED_EDGE('',*,*,#4362,.F.);
#2450=ORIENTED_EDGE('',*,*,#4363,.F.);
#2451=ORIENTED_EDGE('',*,*,#4364,.T.);
#2452=ORIENTED_EDGE('',*,*,#3469,.F.);
#2453=ORIENTED_EDGE('',*,*,#4365,.T.);
#2454=ORIENTED_EDGE('',*,*,#4366,.T.);
#2455=ORIENTED_EDGE('',*,*,#4367,.F.);
#2456=ORIENTED_EDGE('',*,*,#4353,.F.);
#2457=ORIENTED_EDGE('',*,*,#4368,.T.);
#2458=ORIENTED_EDGE('',*,*,#4369,.T.);
#2459=ORIENTED_EDGE('',*,*,#4365,.F.);
#2460=ORIENTED_EDGE('',*,*,#4364,.F.);
#2461=ORIENTED_EDGE('',*,*,#4370,.T.);
#2462=ORIENTED_EDGE('',*,*,#4371,.F.);
#2463=ORIENTED_EDGE('',*,*,#4368,.F.);
#2464=ORIENTED_EDGE('',*,*,#4363,.T.);
#2465=ORIENTED_EDGE('',*,*,#4372,.T.);
#2466=ORIENTED_EDGE('',*,*,#4373,.F.);
#2467=ORIENTED_EDGE('',*,*,#4370,.F.);
#2468=ORIENTED_EDGE('',*,*,#4362,.T.);
#2469=ORIENTED_EDGE('',*,*,#4374,.T.);
#2470=ORIENTED_EDGE('',*,*,#4375,.F.);
#2471=ORIENTED_EDGE('',*,*,#4372,.F.);
#2472=ORIENTED_EDGE('',*,*,#4361,.T.);
#2473=ORIENTED_EDGE('',*,*,#4376,.T.);
#2474=ORIENTED_EDGE('',*,*,#4377,.T.);
#2475=ORIENTED_EDGE('',*,*,#4374,.F.);
#2476=ORIENTED_EDGE('',*,*,#4360,.F.);
#2477=ORIENTED_EDGE('',*,*,#4378,.T.);
#2478=ORIENTED_EDGE('',*,*,#4379,.F.);
#2479=ORIENTED_EDGE('',*,*,#4376,.F.);
#2480=ORIENTED_EDGE('',*,*,#4359,.T.);
#2481=ORIENTED_EDGE('',*,*,#4380,.T.);
#2482=ORIENTED_EDGE('',*,*,#4381,.F.);
#2483=ORIENTED_EDGE('',*,*,#4378,.F.);
#2484=ORIENTED_EDGE('',*,*,#4358,.T.);
#2485=ORIENTED_EDGE('',*,*,#4382,.T.);
#2486=ORIENTED_EDGE('',*,*,#4383,.T.);
#2487=ORIENTED_EDGE('',*,*,#4380,.F.);
#2488=ORIENTED_EDGE('',*,*,#4357,.F.);
#2489=ORIENTED_EDGE('',*,*,#4384,.T.);
#2490=ORIENTED_EDGE('',*,*,#4385,.T.);
#2491=ORIENTED_EDGE('',*,*,#4382,.F.);
#2492=ORIENTED_EDGE('',*,*,#4356,.F.);
#2493=ORIENTED_EDGE('',*,*,#4386,.T.);
#2494=ORIENTED_EDGE('',*,*,#4387,.T.);
#2495=ORIENTED_EDGE('',*,*,#4384,.F.);
#2496=ORIENTED_EDGE('',*,*,#4355,.F.);
#2497=ORIENTED_EDGE('',*,*,#4367,.T.);
#2498=ORIENTED_EDGE('',*,*,#4388,.F.);
#2499=ORIENTED_EDGE('',*,*,#4386,.F.);
#2500=ORIENTED_EDGE('',*,*,#4354,.T.);
#2501=ORIENTED_EDGE('',*,*,#4366,.F.);
#2502=ORIENTED_EDGE('',*,*,#4369,.F.);
#2503=ORIENTED_EDGE('',*,*,#4371,.T.);
#2504=ORIENTED_EDGE('',*,*,#4373,.T.);
#2505=ORIENTED_EDGE('',*,*,#4375,.T.);
#2506=ORIENTED_EDGE('',*,*,#4377,.F.);
#2507=ORIENTED_EDGE('',*,*,#4379,.T.);
#2508=ORIENTED_EDGE('',*,*,#4381,.T.);
#2509=ORIENTED_EDGE('',*,*,#4383,.F.);
#2510=ORIENTED_EDGE('',*,*,#4385,.F.);
#2511=ORIENTED_EDGE('',*,*,#4387,.F.);
#2512=ORIENTED_EDGE('',*,*,#4388,.T.);
#2513=ORIENTED_EDGE('',*,*,#4389,.T.);
#2514=ORIENTED_EDGE('',*,*,#4390,.T.);
#2515=ORIENTED_EDGE('',*,*,#4391,.F.);
#2516=ORIENTED_EDGE('',*,*,#4340,.F.);
#2517=ORIENTED_EDGE('',*,*,#4392,.T.);
#2518=ORIENTED_EDGE('',*,*,#4393,.T.);
#2519=ORIENTED_EDGE('',*,*,#4389,.F.);
#2520=ORIENTED_EDGE('',*,*,#4351,.F.);
#2521=ORIENTED_EDGE('',*,*,#4394,.T.);
#2522=ORIENTED_EDGE('',*,*,#4395,.F.);
#2523=ORIENTED_EDGE('',*,*,#4392,.F.);
#2524=ORIENTED_EDGE('',*,*,#4350,.T.);
#2525=ORIENTED_EDGE('',*,*,#4396,.T.);
#2526=ORIENTED_EDGE('',*,*,#4397,.F.);
#2527=ORIENTED_EDGE('',*,*,#4394,.F.);
#2528=ORIENTED_EDGE('',*,*,#4349,.T.);
#2529=ORIENTED_EDGE('',*,*,#4398,.T.);
#2530=ORIENTED_EDGE('',*,*,#4399,.F.);
#2531=ORIENTED_EDGE('',*,*,#4396,.F.);
#2532=ORIENTED_EDGE('',*,*,#4348,.T.);
#2533=ORIENTED_EDGE('',*,*,#4400,.T.);
#2534=ORIENTED_EDGE('',*,*,#4401,.T.);
#2535=ORIENTED_EDGE('',*,*,#4398,.F.);
#2536=ORIENTED_EDGE('',*,*,#4347,.F.);
#2537=ORIENTED_EDGE('',*,*,#4402,.T.);
#2538=ORIENTED_EDGE('',*,*,#4403,.F.);
#2539=ORIENTED_EDGE('',*,*,#4400,.F.);
#2540=ORIENTED_EDGE('',*,*,#4346,.T.);
#2541=ORIENTED_EDGE('',*,*,#4404,.T.);
#2542=ORIENTED_EDGE('',*,*,#4405,.F.);
#2543=ORIENTED_EDGE('',*,*,#4402,.F.);
#2544=ORIENTED_EDGE('',*,*,#4345,.T.);
#2545=ORIENTED_EDGE('',*,*,#4406,.T.);
#2546=ORIENTED_EDGE('',*,*,#4407,.T.);
#2547=ORIENTED_EDGE('',*,*,#4404,.F.);
#2548=ORIENTED_EDGE('',*,*,#4344,.F.);
#2549=ORIENTED_EDGE('',*,*,#4408,.T.);
#2550=ORIENTED_EDGE('',*,*,#4409,.T.);
#2551=ORIENTED_EDGE('',*,*,#4406,.F.);
#2552=ORIENTED_EDGE('',*,*,#4343,.F.);
#2553=ORIENTED_EDGE('',*,*,#4410,.T.);
#2554=ORIENTED_EDGE('',*,*,#4411,.T.);
#2555=ORIENTED_EDGE('',*,*,#4408,.F.);
#2556=ORIENTED_EDGE('',*,*,#4342,.F.);
#2557=ORIENTED_EDGE('',*,*,#4391,.T.);
#2558=ORIENTED_EDGE('',*,*,#4412,.F.);
#2559=ORIENTED_EDGE('',*,*,#4410,.F.);
#2560=ORIENTED_EDGE('',*,*,#4341,.T.);
#2561=ORIENTED_EDGE('',*,*,#4390,.F.);
#2562=ORIENTED_EDGE('',*,*,#4393,.F.);
#2563=ORIENTED_EDGE('',*,*,#4395,.T.);
#2564=ORIENTED_EDGE('',*,*,#4397,.T.);
#2565=ORIENTED_EDGE('',*,*,#4399,.T.);
#2566=ORIENTED_EDGE('',*,*,#4401,.F.);
#2567=ORIENTED_EDGE('',*,*,#4403,.T.);
#2568=ORIENTED_EDGE('',*,*,#4405,.T.);
#2569=ORIENTED_EDGE('',*,*,#4407,.F.);
#2570=ORIENTED_EDGE('',*,*,#4409,.F.);
#2571=ORIENTED_EDGE('',*,*,#4411,.F.);
#2572=ORIENTED_EDGE('',*,*,#4412,.T.);
#2573=ORIENTED_EDGE('',*,*,#4352,.F.);
#2574=ORIENTED_EDGE('',*,*,#3664,.T.);
#2575=ORIENTED_EDGE('',*,*,#4339,.F.);
#2576=ORIENTED_EDGE('',*,*,#3665,.T.);
#2577=ORIENTED_EDGE('',*,*,#4413,.F.);
#2578=ORIENTED_EDGE('',*,*,#4414,.T.);
#2579=ORIENTED_EDGE('',*,*,#4415,.T.);
#2580=ORIENTED_EDGE('',*,*,#4416,.F.);
#2581=ORIENTED_EDGE('',*,*,#4417,.F.);
#2582=ORIENTED_EDGE('',*,*,#4418,.T.);
#2583=ORIENTED_EDGE('',*,*,#4419,.T.);
#2584=ORIENTED_EDGE('',*,*,#4420,.F.);
#2585=ORIENTED_EDGE('',*,*,#4418,.F.);
#2586=ORIENTED_EDGE('',*,*,#4421,.T.);
#2587=ORIENTED_EDGE('',*,*,#4413,.T.);
#2588=ORIENTED_EDGE('',*,*,#4422,.T.);
#2589=ORIENTED_EDGE('',*,*,#4423,.F.);
#2590=ORIENTED_EDGE('',*,*,#4424,.F.);
#2591=ORIENTED_EDGE('',*,*,#4425,.T.);
#2592=ORIENTED_EDGE('',*,*,#4426,.T.);
#2593=ORIENTED_EDGE('',*,*,#4427,.T.);
#2594=ORIENTED_EDGE('',*,*,#4428,.T.);
#2595=ORIENTED_EDGE('',*,*,#4429,.T.);
#2596=ORIENTED_EDGE('',*,*,#4430,.F.);
#2597=ORIENTED_EDGE('',*,*,#4431,.T.);
#2598=ORIENTED_EDGE('',*,*,#4432,.T.);
#2599=ORIENTED_EDGE('',*,*,#4430,.T.);
#2600=ORIENTED_EDGE('',*,*,#4433,.F.);
#2601=ORIENTED_EDGE('',*,*,#4434,.F.);
#2602=ORIENTED_EDGE('',*,*,#4435,.F.);
#2603=ORIENTED_EDGE('',*,*,#4434,.T.);
#2604=ORIENTED_EDGE('',*,*,#4436,.F.);
#2605=ORIENTED_EDGE('',*,*,#4437,.F.);
#2606=ORIENTED_EDGE('',*,*,#4438,.F.);
#2607=ORIENTED_EDGE('',*,*,#4439,.T.);
#2608=ORIENTED_EDGE('',*,*,#4440,.F.);
#2609=ORIENTED_EDGE('',*,*,#4441,.F.);
#2610=ORIENTED_EDGE('',*,*,#4442,.F.);
#2611=ORIENTED_EDGE('',*,*,#4441,.T.);
#2612=ORIENTED_EDGE('',*,*,#4443,.F.);
#2613=ORIENTED_EDGE('',*,*,#4444,.F.);
#2614=ORIENTED_EDGE('',*,*,#4445,.F.);
#2615=ORIENTED_EDGE('',*,*,#4446,.T.);
#2616=ORIENTED_EDGE('',*,*,#4447,.F.);
#2617=ORIENTED_EDGE('',*,*,#4448,.T.);
#2618=ORIENTED_EDGE('',*,*,#4444,.T.);
#2619=ORIENTED_EDGE('',*,*,#4449,.T.);
#2620=ORIENTED_EDGE('',*,*,#4450,.F.);
#2621=ORIENTED_EDGE('',*,*,#4451,.F.);
#2622=ORIENTED_EDGE('',*,*,#4452,.F.);
#2623=ORIENTED_EDGE('',*,*,#4451,.T.);
#2624=ORIENTED_EDGE('',*,*,#4453,.F.);
#2625=ORIENTED_EDGE('',*,*,#4454,.F.);
#2626=ORIENTED_EDGE('',*,*,#4455,.F.);
#2627=ORIENTED_EDGE('',*,*,#4456,.T.);
#2628=ORIENTED_EDGE('',*,*,#4457,.F.);
#2629=ORIENTED_EDGE('',*,*,#4458,.T.);
#2630=ORIENTED_EDGE('',*,*,#4454,.T.);
#2631=ORIENTED_EDGE('',*,*,#4459,.T.);
#2632=ORIENTED_EDGE('',*,*,#4460,.F.);
#2633=ORIENTED_EDGE('',*,*,#4461,.F.);
#2634=ORIENTED_EDGE('',*,*,#4462,.F.);
#2635=ORIENTED_EDGE('',*,*,#4461,.T.);
#2636=ORIENTED_EDGE('',*,*,#4463,.F.);
#2637=ORIENTED_EDGE('',*,*,#4464,.F.);
#2638=ORIENTED_EDGE('',*,*,#4465,.F.);
#2639=ORIENTED_EDGE('',*,*,#4466,.T.);
#2640=ORIENTED_EDGE('',*,*,#4467,.F.);
#2641=ORIENTED_EDGE('',*,*,#4468,.T.);
#2642=ORIENTED_EDGE('',*,*,#4464,.T.);
#2643=ORIENTED_EDGE('',*,*,#4469,.T.);
#2644=ORIENTED_EDGE('',*,*,#4470,.F.);
#2645=ORIENTED_EDGE('',*,*,#4471,.F.);
#2646=ORIENTED_EDGE('',*,*,#4472,.F.);
#2647=ORIENTED_EDGE('',*,*,#4471,.T.);
#2648=ORIENTED_EDGE('',*,*,#4473,.F.);
#2649=ORIENTED_EDGE('',*,*,#4474,.F.);
#2650=ORIENTED_EDGE('',*,*,#4475,.F.);
#2651=ORIENTED_EDGE('',*,*,#4476,.T.);
#2652=ORIENTED_EDGE('',*,*,#4477,.F.);
#2653=ORIENTED_EDGE('',*,*,#4478,.T.);
#2654=ORIENTED_EDGE('',*,*,#4474,.T.);
#2655=ORIENTED_EDGE('',*,*,#4479,.T.);
#2656=ORIENTED_EDGE('',*,*,#4480,.F.);
#2657=ORIENTED_EDGE('',*,*,#4481,.F.);
#2658=ORIENTED_EDGE('',*,*,#4482,.F.);
#2659=ORIENTED_EDGE('',*,*,#4481,.T.);
#2660=ORIENTED_EDGE('',*,*,#4483,.F.);
#2661=ORIENTED_EDGE('',*,*,#4484,.F.);
#2662=ORIENTED_EDGE('',*,*,#4485,.F.);
#2663=ORIENTED_EDGE('',*,*,#4486,.T.);
#2664=ORIENTED_EDGE('',*,*,#4487,.F.);
#2665=ORIENTED_EDGE('',*,*,#4488,.T.);
#2666=ORIENTED_EDGE('',*,*,#4484,.T.);
#2667=ORIENTED_EDGE('',*,*,#4489,.T.);
#2668=ORIENTED_EDGE('',*,*,#4490,.F.);
#2669=ORIENTED_EDGE('',*,*,#4491,.F.);
#2670=ORIENTED_EDGE('',*,*,#4492,.F.);
#2671=ORIENTED_EDGE('',*,*,#4491,.T.);
#2672=ORIENTED_EDGE('',*,*,#4493,.F.);
#2673=ORIENTED_EDGE('',*,*,#4494,.F.);
#2674=ORIENTED_EDGE('',*,*,#4495,.F.);
#2675=ORIENTED_EDGE('',*,*,#4496,.T.);
#2676=ORIENTED_EDGE('',*,*,#4497,.F.);
#2677=ORIENTED_EDGE('',*,*,#4498,.T.);
#2678=ORIENTED_EDGE('',*,*,#4494,.T.);
#2679=ORIENTED_EDGE('',*,*,#4499,.T.);
#2680=ORIENTED_EDGE('',*,*,#4500,.F.);
#2681=ORIENTED_EDGE('',*,*,#4501,.F.);
#2682=ORIENTED_EDGE('',*,*,#4502,.F.);
#2683=ORIENTED_EDGE('',*,*,#4501,.T.);
#2684=ORIENTED_EDGE('',*,*,#4503,.F.);
#2685=ORIENTED_EDGE('',*,*,#4504,.F.);
#2686=ORIENTED_EDGE('',*,*,#4505,.F.);
#2687=ORIENTED_EDGE('',*,*,#4506,.T.);
#2688=ORIENTED_EDGE('',*,*,#4507,.F.);
#2689=ORIENTED_EDGE('',*,*,#4508,.T.);
#2690=ORIENTED_EDGE('',*,*,#4504,.T.);
#2691=ORIENTED_EDGE('',*,*,#4509,.T.);
#2692=ORIENTED_EDGE('',*,*,#4510,.F.);
#2693=ORIENTED_EDGE('',*,*,#4511,.F.);
#2694=ORIENTED_EDGE('',*,*,#4512,.F.);
#2695=ORIENTED_EDGE('',*,*,#4511,.T.);
#2696=ORIENTED_EDGE('',*,*,#4513,.F.);
#2697=ORIENTED_EDGE('',*,*,#4514,.F.);
#2698=ORIENTED_EDGE('',*,*,#4515,.F.);
#2699=ORIENTED_EDGE('',*,*,#4516,.T.);
#2700=ORIENTED_EDGE('',*,*,#4517,.F.);
#2701=ORIENTED_EDGE('',*,*,#4518,.T.);
#2702=ORIENTED_EDGE('',*,*,#4514,.T.);
#2703=ORIENTED_EDGE('',*,*,#4519,.T.);
#2704=ORIENTED_EDGE('',*,*,#4520,.F.);
#2705=ORIENTED_EDGE('',*,*,#4521,.F.);
#2706=ORIENTED_EDGE('',*,*,#4522,.F.);
#2707=ORIENTED_EDGE('',*,*,#4521,.T.);
#2708=ORIENTED_EDGE('',*,*,#4523,.F.);
#2709=ORIENTED_EDGE('',*,*,#4524,.F.);
#2710=ORIENTED_EDGE('',*,*,#4525,.F.);
#2711=ORIENTED_EDGE('',*,*,#4526,.T.);
#2712=ORIENTED_EDGE('',*,*,#4527,.F.);
#2713=ORIENTED_EDGE('',*,*,#4528,.T.);
#2714=ORIENTED_EDGE('',*,*,#4524,.T.);
#2715=ORIENTED_EDGE('',*,*,#4529,.T.);
#2716=ORIENTED_EDGE('',*,*,#4530,.F.);
#2717=ORIENTED_EDGE('',*,*,#4531,.F.);
#2718=ORIENTED_EDGE('',*,*,#4532,.F.);
#2719=ORIENTED_EDGE('',*,*,#4531,.T.);
#2720=ORIENTED_EDGE('',*,*,#4533,.F.);
#2721=ORIENTED_EDGE('',*,*,#4534,.F.);
#2722=ORIENTED_EDGE('',*,*,#4535,.F.);
#2723=ORIENTED_EDGE('',*,*,#4536,.T.);
#2724=ORIENTED_EDGE('',*,*,#4537,.F.);
#2725=ORIENTED_EDGE('',*,*,#4538,.T.);
#2726=ORIENTED_EDGE('',*,*,#4534,.T.);
#2727=ORIENTED_EDGE('',*,*,#4539,.T.);
#2728=ORIENTED_EDGE('',*,*,#4540,.F.);
#2729=ORIENTED_EDGE('',*,*,#4541,.F.);
#2730=ORIENTED_EDGE('',*,*,#4542,.F.);
#2731=ORIENTED_EDGE('',*,*,#4541,.T.);
#2732=ORIENTED_EDGE('',*,*,#4543,.F.);
#2733=ORIENTED_EDGE('',*,*,#4544,.F.);
#2734=ORIENTED_EDGE('',*,*,#4545,.F.);
#2735=ORIENTED_EDGE('',*,*,#4546,.T.);
#2736=ORIENTED_EDGE('',*,*,#4547,.F.);
#2737=ORIENTED_EDGE('',*,*,#4548,.T.);
#2738=ORIENTED_EDGE('',*,*,#4544,.T.);
#2739=ORIENTED_EDGE('',*,*,#4549,.T.);
#2740=ORIENTED_EDGE('',*,*,#4550,.F.);
#2741=ORIENTED_EDGE('',*,*,#4551,.F.);
#2742=ORIENTED_EDGE('',*,*,#4552,.F.);
#2743=ORIENTED_EDGE('',*,*,#4551,.T.);
#2744=ORIENTED_EDGE('',*,*,#4553,.F.);
#2745=ORIENTED_EDGE('',*,*,#4554,.F.);
#2746=ORIENTED_EDGE('',*,*,#4555,.F.);
#2747=ORIENTED_EDGE('',*,*,#4556,.T.);
#2748=ORIENTED_EDGE('',*,*,#4557,.F.);
#2749=ORIENTED_EDGE('',*,*,#4558,.T.);
#2750=ORIENTED_EDGE('',*,*,#4554,.T.);
#2751=ORIENTED_EDGE('',*,*,#4559,.T.);
#2752=ORIENTED_EDGE('',*,*,#4560,.F.);
#2753=ORIENTED_EDGE('',*,*,#4561,.F.);
#2754=ORIENTED_EDGE('',*,*,#4562,.F.);
#2755=ORIENTED_EDGE('',*,*,#4561,.T.);
#2756=ORIENTED_EDGE('',*,*,#4563,.F.);
#2757=ORIENTED_EDGE('',*,*,#4564,.F.);
#2758=ORIENTED_EDGE('',*,*,#4565,.F.);
#2759=ORIENTED_EDGE('',*,*,#4566,.T.);
#2760=ORIENTED_EDGE('',*,*,#4567,.F.);
#2761=ORIENTED_EDGE('',*,*,#4568,.T.);
#2762=ORIENTED_EDGE('',*,*,#4564,.T.);
#2763=ORIENTED_EDGE('',*,*,#4569,.F.);
#2764=ORIENTED_EDGE('',*,*,#4570,.T.);
#2765=ORIENTED_EDGE('',*,*,#4571,.T.);
#2766=ORIENTED_EDGE('',*,*,#4572,.T.);
#2767=ORIENTED_EDGE('',*,*,#4573,.T.);
#2768=ORIENTED_EDGE('',*,*,#4427,.F.);
#2769=ORIENTED_EDGE('',*,*,#4574,.T.);
#2770=ORIENTED_EDGE('',*,*,#4575,.T.);
#2771=ORIENTED_EDGE('',*,*,#4576,.F.);
#2772=ORIENTED_EDGE('',*,*,#4577,.T.);
#2773=ORIENTED_EDGE('',*,*,#4578,.T.);
#2774=ORIENTED_EDGE('',*,*,#4579,.T.);
#2775=ORIENTED_EDGE('',*,*,#4580,.F.);
#2776=ORIENTED_EDGE('',*,*,#4423,.T.);
#2777=ORIENTED_EDGE('',*,*,#4581,.F.);
#2778=ORIENTED_EDGE('',*,*,#4582,.F.);
#2779=ORIENTED_EDGE('',*,*,#4583,.T.);
#2780=ORIENTED_EDGE('',*,*,#4439,.F.);
#2781=ORIENTED_EDGE('',*,*,#4584,.T.);
#2782=ORIENTED_EDGE('',*,*,#4447,.T.);
#2783=ORIENTED_EDGE('',*,*,#4585,.T.);
#2784=ORIENTED_EDGE('',*,*,#4449,.F.);
#2785=ORIENTED_EDGE('',*,*,#4586,.T.);
#2786=ORIENTED_EDGE('',*,*,#4457,.T.);
#2787=ORIENTED_EDGE('',*,*,#4587,.T.);
#2788=ORIENTED_EDGE('',*,*,#4459,.F.);
#2789=ORIENTED_EDGE('',*,*,#4588,.T.);
#2790=ORIENTED_EDGE('',*,*,#4467,.T.);
#2791=ORIENTED_EDGE('',*,*,#4589,.T.);
#2792=ORIENTED_EDGE('',*,*,#4469,.F.);
#2793=ORIENTED_EDGE('',*,*,#4590,.T.);
#2794=ORIENTED_EDGE('',*,*,#4477,.T.);
#2795=ORIENTED_EDGE('',*,*,#4591,.T.);
#2796=ORIENTED_EDGE('',*,*,#4479,.F.);
#2797=ORIENTED_EDGE('',*,*,#4592,.T.);
#2798=ORIENTED_EDGE('',*,*,#4487,.T.);
#2799=ORIENTED_EDGE('',*,*,#4593,.T.);
#2800=ORIENTED_EDGE('',*,*,#4489,.F.);
#2801=ORIENTED_EDGE('',*,*,#4594,.T.);
#2802=ORIENTED_EDGE('',*,*,#4497,.T.);
#2803=ORIENTED_EDGE('',*,*,#4595,.T.);
#2804=ORIENTED_EDGE('',*,*,#4499,.F.);
#2805=ORIENTED_EDGE('',*,*,#4596,.T.);
#2806=ORIENTED_EDGE('',*,*,#4507,.T.);
#2807=ORIENTED_EDGE('',*,*,#4597,.T.);
#2808=ORIENTED_EDGE('',*,*,#4509,.F.);
#2809=ORIENTED_EDGE('',*,*,#4598,.T.);
#2810=ORIENTED_EDGE('',*,*,#4517,.T.);
#2811=ORIENTED_EDGE('',*,*,#4599,.T.);
#2812=ORIENTED_EDGE('',*,*,#4519,.F.);
#2813=ORIENTED_EDGE('',*,*,#4600,.T.);
#2814=ORIENTED_EDGE('',*,*,#4527,.T.);
#2815=ORIENTED_EDGE('',*,*,#4601,.T.);
#2816=ORIENTED_EDGE('',*,*,#4529,.F.);
#2817=ORIENTED_EDGE('',*,*,#4602,.T.);
#2818=ORIENTED_EDGE('',*,*,#4537,.T.);
#2819=ORIENTED_EDGE('',*,*,#4603,.T.);
#2820=ORIENTED_EDGE('',*,*,#4539,.F.);
#2821=ORIENTED_EDGE('',*,*,#4604,.T.);
#2822=ORIENTED_EDGE('',*,*,#4547,.T.);
#2823=ORIENTED_EDGE('',*,*,#4605,.T.);
#2824=ORIENTED_EDGE('',*,*,#4549,.F.);
#2825=ORIENTED_EDGE('',*,*,#4606,.T.);
#2826=ORIENTED_EDGE('',*,*,#4557,.T.);
#2827=ORIENTED_EDGE('',*,*,#4607,.T.);
#2828=ORIENTED_EDGE('',*,*,#4559,.F.);
#2829=ORIENTED_EDGE('',*,*,#4608,.T.);
#2830=ORIENTED_EDGE('',*,*,#4567,.T.);
#2831=ORIENTED_EDGE('',*,*,#4609,.T.);
#2832=ORIENTED_EDGE('',*,*,#4432,.F.);
#2833=ORIENTED_EDGE('',*,*,#4610,.T.);
#2834=ORIENTED_EDGE('',*,*,#4437,.T.);
#2835=ORIENTED_EDGE('',*,*,#4573,.F.);
#2836=ORIENTED_EDGE('',*,*,#4611,.T.);
#2837=ORIENTED_EDGE('',*,*,#4581,.T.);
#2838=ORIENTED_EDGE('',*,*,#4422,.F.);
#2839=ORIENTED_EDGE('',*,*,#4416,.T.);
#2840=ORIENTED_EDGE('',*,*,#4612,.F.);
#2841=ORIENTED_EDGE('',*,*,#4419,.F.);
#2842=ORIENTED_EDGE('',*,*,#4428,.F.);
#2843=ORIENTED_EDGE('',*,*,#4562,.T.);
#2844=ORIENTED_EDGE('',*,*,#4565,.T.);
#2845=ORIENTED_EDGE('',*,*,#4568,.F.);
#2846=ORIENTED_EDGE('',*,*,#4608,.F.);
#2847=ORIENTED_EDGE('',*,*,#4552,.T.);
#2848=ORIENTED_EDGE('',*,*,#4555,.T.);
#2849=ORIENTED_EDGE('',*,*,#4558,.F.);
#2850=ORIENTED_EDGE('',*,*,#4606,.F.);
#2851=ORIENTED_EDGE('',*,*,#4542,.T.);
#2852=ORIENTED_EDGE('',*,*,#4545,.T.);
#2853=ORIENTED_EDGE('',*,*,#4548,.F.);
#2854=ORIENTED_EDGE('',*,*,#4604,.F.);
#2855=ORIENTED_EDGE('',*,*,#4532,.T.);
#2856=ORIENTED_EDGE('',*,*,#4535,.T.);
#2857=ORIENTED_EDGE('',*,*,#4538,.F.);
#2858=ORIENTED_EDGE('',*,*,#4602,.F.);
#2859=ORIENTED_EDGE('',*,*,#4522,.T.);
#2860=ORIENTED_EDGE('',*,*,#4525,.T.);
#2861=ORIENTED_EDGE('',*,*,#4528,.F.);
#2862=ORIENTED_EDGE('',*,*,#4600,.F.);
#2863=ORIENTED_EDGE('',*,*,#4512,.T.);
#2864=ORIENTED_EDGE('',*,*,#4515,.T.);
#2865=ORIENTED_EDGE('',*,*,#4518,.F.);
#2866=ORIENTED_EDGE('',*,*,#4598,.F.);
#2867=ORIENTED_EDGE('',*,*,#4502,.T.);
#2868=ORIENTED_EDGE('',*,*,#4505,.T.);
#2869=ORIENTED_EDGE('',*,*,#4508,.F.);
#2870=ORIENTED_EDGE('',*,*,#4596,.F.);
#2871=ORIENTED_EDGE('',*,*,#4492,.T.);
#2872=ORIENTED_EDGE('',*,*,#4495,.T.);
#2873=ORIENTED_EDGE('',*,*,#4498,.F.);
#2874=ORIENTED_EDGE('',*,*,#4594,.F.);
#2875=ORIENTED_EDGE('',*,*,#4482,.T.);
#2876=ORIENTED_EDGE('',*,*,#4485,.T.);
#2877=ORIENTED_EDGE('',*,*,#4488,.F.);
#2878=ORIENTED_EDGE('',*,*,#4592,.F.);
#2879=ORIENTED_EDGE('',*,*,#4472,.T.);
#2880=ORIENTED_EDGE('',*,*,#4475,.T.);
#2881=ORIENTED_EDGE('',*,*,#4478,.F.);
#2882=ORIENTED_EDGE('',*,*,#4590,.F.);
#2883=ORIENTED_EDGE('',*,*,#4462,.T.);
#2884=ORIENTED_EDGE('',*,*,#4465,.T.);
#2885=ORIENTED_EDGE('',*,*,#4468,.F.);
#2886=ORIENTED_EDGE('',*,*,#4588,.F.);
#2887=ORIENTED_EDGE('',*,*,#4452,.T.);
#2888=ORIENTED_EDGE('',*,*,#4455,.T.);
#2889=ORIENTED_EDGE('',*,*,#4458,.F.);
#2890=ORIENTED_EDGE('',*,*,#4586,.F.);
#2891=ORIENTED_EDGE('',*,*,#4442,.T.);
#2892=ORIENTED_EDGE('',*,*,#4445,.T.);
#2893=ORIENTED_EDGE('',*,*,#4448,.F.);
#2894=ORIENTED_EDGE('',*,*,#4584,.F.);
#2895=ORIENTED_EDGE('',*,*,#4431,.F.);
#2896=ORIENTED_EDGE('',*,*,#4435,.T.);
#2897=ORIENTED_EDGE('',*,*,#4438,.T.);
#2898=ORIENTED_EDGE('',*,*,#4610,.F.);
#2899=ORIENTED_EDGE('',*,*,#4613,.T.);
#2900=ORIENTED_EDGE('',*,*,#4614,.T.);
#2901=ORIENTED_EDGE('',*,*,#4615,.T.);
#2902=ORIENTED_EDGE('',*,*,#4616,.T.);
#2903=ORIENTED_EDGE('',*,*,#4617,.T.);
#2904=ORIENTED_EDGE('',*,*,#4618,.T.);
#2905=ORIENTED_EDGE('',*,*,#4619,.T.);
#2906=ORIENTED_EDGE('',*,*,#4578,.F.);
#2907=ORIENTED_EDGE('',*,*,#4620,.T.);
#2908=ORIENTED_EDGE('',*,*,#4621,.F.);
#2909=ORIENTED_EDGE('',*,*,#4622,.T.);
#2910=ORIENTED_EDGE('',*,*,#4569,.T.);
#2911=ORIENTED_EDGE('',*,*,#4623,.T.);
#2912=ORIENTED_EDGE('',*,*,#4624,.T.);
#2913=ORIENTED_EDGE('',*,*,#4625,.T.);
#2914=ORIENTED_EDGE('',*,*,#4626,.F.);
#2915=ORIENTED_EDGE('',*,*,#4627,.T.);
#2916=ORIENTED_EDGE('',*,*,#4628,.T.);
#2917=ORIENTED_EDGE('',*,*,#4629,.F.);
#2918=ORIENTED_EDGE('',*,*,#4630,.F.);
#2919=ORIENTED_EDGE('',*,*,#4631,.T.);
#2920=ORIENTED_EDGE('',*,*,#4632,.T.);
#2921=ORIENTED_EDGE('',*,*,#4633,.F.);
#2922=ORIENTED_EDGE('',*,*,#4634,.F.);
#2923=ORIENTED_EDGE('',*,*,#4635,.T.);
#2924=ORIENTED_EDGE('',*,*,#4636,.T.);
#2925=ORIENTED_EDGE('',*,*,#4637,.F.);
#2926=ORIENTED_EDGE('',*,*,#4638,.F.);
#2927=ORIENTED_EDGE('',*,*,#4639,.T.);
#2928=ORIENTED_EDGE('',*,*,#4640,.T.);
#2929=ORIENTED_EDGE('',*,*,#4641,.F.);
#2930=ORIENTED_EDGE('',*,*,#4642,.F.);
#2931=ORIENTED_EDGE('',*,*,#4643,.T.);
#2932=ORIENTED_EDGE('',*,*,#4644,.T.);
#2933=ORIENTED_EDGE('',*,*,#4645,.F.);
#2934=ORIENTED_EDGE('',*,*,#4646,.F.);
#2935=ORIENTED_EDGE('',*,*,#4647,.T.);
#2936=ORIENTED_EDGE('',*,*,#4648,.T.);
#2937=ORIENTED_EDGE('',*,*,#4649,.F.);
#2938=ORIENTED_EDGE('',*,*,#4650,.F.);
#2939=ORIENTED_EDGE('',*,*,#4651,.T.);
#2940=ORIENTED_EDGE('',*,*,#4652,.T.);
#2941=ORIENTED_EDGE('',*,*,#4653,.F.);
#2942=ORIENTED_EDGE('',*,*,#4654,.F.);
#2943=ORIENTED_EDGE('',*,*,#4655,.T.);
#2944=ORIENTED_EDGE('',*,*,#4656,.T.);
#2945=ORIENTED_EDGE('',*,*,#4657,.F.);
#2946=ORIENTED_EDGE('',*,*,#4658,.F.);
#2947=ORIENTED_EDGE('',*,*,#4659,.T.);
#2948=ORIENTED_EDGE('',*,*,#4660,.T.);
#2949=ORIENTED_EDGE('',*,*,#4661,.F.);
#2950=ORIENTED_EDGE('',*,*,#4662,.F.);
#2951=ORIENTED_EDGE('',*,*,#4663,.T.);
#2952=ORIENTED_EDGE('',*,*,#4664,.T.);
#2953=ORIENTED_EDGE('',*,*,#4665,.F.);
#2954=ORIENTED_EDGE('',*,*,#4666,.F.);
#2955=ORIENTED_EDGE('',*,*,#4667,.T.);
#2956=ORIENTED_EDGE('',*,*,#4668,.T.);
#2957=ORIENTED_EDGE('',*,*,#4669,.F.);
#2958=ORIENTED_EDGE('',*,*,#4670,.F.);
#2959=ORIENTED_EDGE('',*,*,#4671,.T.);
#2960=ORIENTED_EDGE('',*,*,#4672,.T.);
#2961=ORIENTED_EDGE('',*,*,#4673,.F.);
#2962=ORIENTED_EDGE('',*,*,#4674,.F.);
#2963=ORIENTED_EDGE('',*,*,#4675,.T.);
#2964=ORIENTED_EDGE('',*,*,#4676,.T.);
#2965=ORIENTED_EDGE('',*,*,#4677,.F.);
#2966=ORIENTED_EDGE('',*,*,#4678,.T.);
#2967=ORIENTED_EDGE('',*,*,#4679,.T.);
#2968=ORIENTED_EDGE('',*,*,#4680,.F.);
#2969=ORIENTED_EDGE('',*,*,#4681,.F.);
#2970=ORIENTED_EDGE('',*,*,#4611,.F.);
#2971=ORIENTED_EDGE('',*,*,#4572,.F.);
#2972=ORIENTED_EDGE('',*,*,#4682,.T.);
#2973=ORIENTED_EDGE('',*,*,#4582,.T.);
#2974=ORIENTED_EDGE('',*,*,#4621,.T.);
#2975=ORIENTED_EDGE('',*,*,#4683,.T.);
#2976=ORIENTED_EDGE('',*,*,#4684,.F.);
#2977=ORIENTED_EDGE('',*,*,#4685,.T.);
#2978=ORIENTED_EDGE('',*,*,#4684,.T.);
#2979=ORIENTED_EDGE('',*,*,#4686,.T.);
#2980=ORIENTED_EDGE('',*,*,#4576,.T.);
#2981=ORIENTED_EDGE('',*,*,#4682,.F.);
#2982=ORIENTED_EDGE('',*,*,#4571,.F.);
#2983=ORIENTED_EDGE('',*,*,#4687,.T.);
#2984=ORIENTED_EDGE('',*,*,#4688,.F.);
#2985=ORIENTED_EDGE('',*,*,#4689,.T.);
#2986=ORIENTED_EDGE('',*,*,#4690,.T.);
#2987=ORIENTED_EDGE('',*,*,#4425,.F.);
#2988=ORIENTED_EDGE('',*,*,#4691,.T.);
#2989=ORIENTED_EDGE('',*,*,#4692,.T.);
#2990=ORIENTED_EDGE('',*,*,#4624,.F.);
#2991=ORIENTED_EDGE('',*,*,#4693,.T.);
#2992=ORIENTED_EDGE('',*,*,#4694,.T.);
#2993=ORIENTED_EDGE('',*,*,#4695,.T.);
#2994=ORIENTED_EDGE('',*,*,#4580,.T.);
#2995=ORIENTED_EDGE('',*,*,#4696,.T.);
#2996=ORIENTED_EDGE('',*,*,#4691,.F.);
#2997=ORIENTED_EDGE('',*,*,#4697,.T.);
#2998=ORIENTED_EDGE('',*,*,#4688,.T.);
#2999=ORIENTED_EDGE('',*,*,#4424,.T.);
#3000=ORIENTED_EDGE('',*,*,#4612,.T.);
#3001=ORIENTED_EDGE('',*,*,#4415,.F.);
#3002=ORIENTED_EDGE('',*,*,#4698,.F.);
#3003=ORIENTED_EDGE('',*,*,#4420,.T.);
#3004=ORIENTED_EDGE('',*,*,#4694,.F.);
#3005=ORIENTED_EDGE('',*,*,#4699,.T.);
#3006=ORIENTED_EDGE('',*,*,#4574,.F.);
#3007=ORIENTED_EDGE('',*,*,#4426,.F.);
#3008=ORIENTED_EDGE('',*,*,#4690,.F.);
#3009=ORIENTED_EDGE('',*,*,#4700,.T.);
#3010=ORIENTED_EDGE('',*,*,#4686,.F.);
#3011=ORIENTED_EDGE('',*,*,#4683,.F.);
#3012=ORIENTED_EDGE('',*,*,#4620,.F.);
#3013=ORIENTED_EDGE('',*,*,#4577,.F.);
#3014=ORIENTED_EDGE('',*,*,#4687,.F.);
#3015=ORIENTED_EDGE('',*,*,#4570,.F.);
#3016=ORIENTED_EDGE('',*,*,#4622,.F.);
#3017=ORIENTED_EDGE('',*,*,#4685,.F.);
#3018=ORIENTED_EDGE('',*,*,#4696,.F.);
#3019=ORIENTED_EDGE('',*,*,#4579,.F.);
#3020=ORIENTED_EDGE('',*,*,#4625,.F.);
#3021=ORIENTED_EDGE('',*,*,#4692,.F.);
#3022=ORIENTED_EDGE('',*,*,#4699,.F.);
#3023=ORIENTED_EDGE('',*,*,#4693,.F.);
#3024=ORIENTED_EDGE('',*,*,#4623,.F.);
#3025=ORIENTED_EDGE('',*,*,#4575,.F.);
#3026=ORIENTED_EDGE('',*,*,#4697,.F.);
#3027=ORIENTED_EDGE('',*,*,#4695,.F.);
#3028=ORIENTED_EDGE('',*,*,#4700,.F.);
#3029=ORIENTED_EDGE('',*,*,#4689,.F.);
#3030=ORIENTED_EDGE('',*,*,#4421,.F.);
#3031=ORIENTED_EDGE('',*,*,#4417,.T.);
#3032=ORIENTED_EDGE('',*,*,#4698,.T.);
#3033=ORIENTED_EDGE('',*,*,#4414,.F.);
#3034=ORIENTED_EDGE('',*,*,#4701,.T.);
#3035=ORIENTED_EDGE('',*,*,#4619,.F.);
#3036=ORIENTED_EDGE('',*,*,#4701,.F.);
#3037=ORIENTED_EDGE('',*,*,#4702,.T.);
#3038=ORIENTED_EDGE('',*,*,#4618,.F.);
#3039=ORIENTED_EDGE('',*,*,#4702,.F.);
#3040=ORIENTED_EDGE('',*,*,#4703,.T.);
#3041=ORIENTED_EDGE('',*,*,#4617,.F.);
#3042=ORIENTED_EDGE('',*,*,#4703,.F.);
#3043=ORIENTED_EDGE('',*,*,#4704,.T.);
#3044=ORIENTED_EDGE('',*,*,#4616,.F.);
#3045=ORIENTED_EDGE('',*,*,#4704,.F.);
#3046=ORIENTED_EDGE('',*,*,#4705,.T.);
#3047=ORIENTED_EDGE('',*,*,#4615,.F.);
#3048=ORIENTED_EDGE('',*,*,#4705,.F.);
#3049=ORIENTED_EDGE('',*,*,#4706,.T.);
#3050=ORIENTED_EDGE('',*,*,#4614,.F.);
#3051=ORIENTED_EDGE('',*,*,#4706,.F.);
#3052=ORIENTED_EDGE('',*,*,#4707,.T.);
#3053=ORIENTED_EDGE('',*,*,#4613,.F.);
#3054=ORIENTED_EDGE('',*,*,#4707,.F.);
#3055=ORIENTED_EDGE('',*,*,#4708,.T.);
#3056=ORIENTED_EDGE('',*,*,#4709,.T.);
#3057=ORIENTED_EDGE('',*,*,#4710,.F.);
#3058=ORIENTED_EDGE('',*,*,#4711,.F.);
#3059=ORIENTED_EDGE('',*,*,#4712,.T.);
#3060=ORIENTED_EDGE('',*,*,#4680,.T.);
#3061=ORIENTED_EDGE('',*,*,#4713,.F.);
#3062=ORIENTED_EDGE('',*,*,#4709,.F.);
#3063=ORIENTED_EDGE('',*,*,#4679,.F.);
#3064=ORIENTED_EDGE('',*,*,#4714,.F.);
#3065=ORIENTED_EDGE('',*,*,#4710,.T.);
#3066=ORIENTED_EDGE('',*,*,#4713,.T.);
#3067=ORIENTED_EDGE('',*,*,#4678,.F.);
#3068=ORIENTED_EDGE('',*,*,#4715,.F.);
#3069=ORIENTED_EDGE('',*,*,#4711,.T.);
#3070=ORIENTED_EDGE('',*,*,#4714,.T.);
#3071=ORIENTED_EDGE('',*,*,#4715,.T.);
#3072=ORIENTED_EDGE('',*,*,#4681,.T.);
#3073=ORIENTED_EDGE('',*,*,#4712,.F.);
#3074=ORIENTED_EDGE('',*,*,#4708,.F.);
#3075=ORIENTED_EDGE('',*,*,#4429,.F.);
#3076=ORIENTED_EDGE('',*,*,#4609,.F.);
#3077=ORIENTED_EDGE('',*,*,#4436,.T.);
#3078=ORIENTED_EDGE('',*,*,#4433,.T.);
#3079=ORIENTED_EDGE('',*,*,#4716,.T.);
#3080=ORIENTED_EDGE('',*,*,#4717,.F.);
#3081=ORIENTED_EDGE('',*,*,#4718,.F.);
#3082=ORIENTED_EDGE('',*,*,#4719,.T.);
#3083=ORIENTED_EDGE('',*,*,#4628,.F.);
#3084=ORIENTED_EDGE('',*,*,#4720,.F.);
#3085=ORIENTED_EDGE('',*,*,#4717,.T.);
#3086=ORIENTED_EDGE('',*,*,#4721,.T.);
#3087=ORIENTED_EDGE('',*,*,#4722,.T.);
#3088=ORIENTED_EDGE('',*,*,#4629,.T.);
#3089=ORIENTED_EDGE('',*,*,#4721,.F.);
#3090=ORIENTED_EDGE('',*,*,#4716,.F.);
#3091=ORIENTED_EDGE('',*,*,#4627,.F.);
#3092=ORIENTED_EDGE('',*,*,#4723,.F.);
#3093=ORIENTED_EDGE('',*,*,#4718,.T.);
#3094=ORIENTED_EDGE('',*,*,#4720,.T.);
#3095=ORIENTED_EDGE('',*,*,#4723,.T.);
#3096=ORIENTED_EDGE('',*,*,#4626,.T.);
#3097=ORIENTED_EDGE('',*,*,#4722,.F.);
#3098=ORIENTED_EDGE('',*,*,#4719,.F.);
#3099=ORIENTED_EDGE('',*,*,#4566,.F.);
#3100=ORIENTED_EDGE('',*,*,#4563,.T.);
#3101=ORIENTED_EDGE('',*,*,#4560,.T.);
#3102=ORIENTED_EDGE('',*,*,#4607,.F.);
#3103=ORIENTED_EDGE('',*,*,#4724,.T.);
#3104=ORIENTED_EDGE('',*,*,#4725,.F.);
#3105=ORIENTED_EDGE('',*,*,#4726,.F.);
#3106=ORIENTED_EDGE('',*,*,#4727,.T.);
#3107=ORIENTED_EDGE('',*,*,#4632,.F.);
#3108=ORIENTED_EDGE('',*,*,#4728,.F.);
#3109=ORIENTED_EDGE('',*,*,#4725,.T.);
#3110=ORIENTED_EDGE('',*,*,#4729,.T.);
#3111=ORIENTED_EDGE('',*,*,#4730,.T.);
#3112=ORIENTED_EDGE('',*,*,#4633,.T.);
#3113=ORIENTED_EDGE('',*,*,#4729,.F.);
#3114=ORIENTED_EDGE('',*,*,#4724,.F.);
#3115=ORIENTED_EDGE('',*,*,#4631,.F.);
#3116=ORIENTED_EDGE('',*,*,#4731,.F.);
#3117=ORIENTED_EDGE('',*,*,#4726,.T.);
#3118=ORIENTED_EDGE('',*,*,#4728,.T.);
#3119=ORIENTED_EDGE('',*,*,#4731,.T.);
#3120=ORIENTED_EDGE('',*,*,#4630,.T.);
#3121=ORIENTED_EDGE('',*,*,#4730,.F.);
#3122=ORIENTED_EDGE('',*,*,#4727,.F.);
#3123=ORIENTED_EDGE('',*,*,#4556,.F.);
#3124=ORIENTED_EDGE('',*,*,#4553,.T.);
#3125=ORIENTED_EDGE('',*,*,#4550,.T.);
#3126=ORIENTED_EDGE('',*,*,#4605,.F.);
#3127=ORIENTED_EDGE('',*,*,#4732,.T.);
#3128=ORIENTED_EDGE('',*,*,#4733,.F.);
#3129=ORIENTED_EDGE('',*,*,#4734,.F.);
#3130=ORIENTED_EDGE('',*,*,#4735,.T.);
#3131=ORIENTED_EDGE('',*,*,#4636,.F.);
#3132=ORIENTED_EDGE('',*,*,#4736,.F.);
#3133=ORIENTED_EDGE('',*,*,#4733,.T.);
#3134=ORIENTED_EDGE('',*,*,#4737,.T.);
#3135=ORIENTED_EDGE('',*,*,#4738,.T.);
#3136=ORIENTED_EDGE('',*,*,#4637,.T.);
#3137=ORIENTED_EDGE('',*,*,#4737,.F.);
#3138=ORIENTED_EDGE('',*,*,#4732,.F.);
#3139=ORIENTED_EDGE('',*,*,#4635,.F.);
#3140=ORIENTED_EDGE('',*,*,#4739,.F.);
#3141=ORIENTED_EDGE('',*,*,#4734,.T.);
#3142=ORIENTED_EDGE('',*,*,#4736,.T.);
#3143=ORIENTED_EDGE('',*,*,#4739,.T.);
#3144=ORIENTED_EDGE('',*,*,#4634,.T.);
#3145=ORIENTED_EDGE('',*,*,#4738,.F.);
#3146=ORIENTED_EDGE('',*,*,#4735,.F.);
#3147=ORIENTED_EDGE('',*,*,#4546,.F.);
#3148=ORIENTED_EDGE('',*,*,#4543,.T.);
#3149=ORIENTED_EDGE('',*,*,#4540,.T.);
#3150=ORIENTED_EDGE('',*,*,#4603,.F.);
#3151=ORIENTED_EDGE('',*,*,#4740,.T.);
#3152=ORIENTED_EDGE('',*,*,#4741,.F.);
#3153=ORIENTED_EDGE('',*,*,#4742,.F.);
#3154=ORIENTED_EDGE('',*,*,#4743,.T.);
#3155=ORIENTED_EDGE('',*,*,#4640,.F.);
#3156=ORIENTED_EDGE('',*,*,#4744,.F.);
#3157=ORIENTED_EDGE('',*,*,#4741,.T.);
#3158=ORIENTED_EDGE('',*,*,#4745,.T.);
#3159=ORIENTED_EDGE('',*,*,#4746,.T.);
#3160=ORIENTED_EDGE('',*,*,#4641,.T.);
#3161=ORIENTED_EDGE('',*,*,#4745,.F.);
#3162=ORIENTED_EDGE('',*,*,#4740,.F.);
#3163=ORIENTED_EDGE('',*,*,#4639,.F.);
#3164=ORIENTED_EDGE('',*,*,#4747,.F.);
#3165=ORIENTED_EDGE('',*,*,#4742,.T.);
#3166=ORIENTED_EDGE('',*,*,#4744,.T.);
#3167=ORIENTED_EDGE('',*,*,#4747,.T.);
#3168=ORIENTED_EDGE('',*,*,#4638,.T.);
#3169=ORIENTED_EDGE('',*,*,#4746,.F.);
#3170=ORIENTED_EDGE('',*,*,#4743,.F.);
#3171=ORIENTED_EDGE('',*,*,#4536,.F.);
#3172=ORIENTED_EDGE('',*,*,#4533,.T.);
#3173=ORIENTED_EDGE('',*,*,#4530,.T.);
#3174=ORIENTED_EDGE('',*,*,#4601,.F.);
#3175=ORIENTED_EDGE('',*,*,#4748,.T.);
#3176=ORIENTED_EDGE('',*,*,#4749,.F.);
#3177=ORIENTED_EDGE('',*,*,#4750,.F.);
#3178=ORIENTED_EDGE('',*,*,#4751,.T.);
#3179=ORIENTED_EDGE('',*,*,#4644,.F.);
#3180=ORIENTED_EDGE('',*,*,#4752,.F.);
#3181=ORIENTED_EDGE('',*,*,#4749,.T.);
#3182=ORIENTED_EDGE('',*,*,#4753,.T.);
#3183=ORIENTED_EDGE('',*,*,#4754,.T.);
#3184=ORIENTED_EDGE('',*,*,#4645,.T.);
#3185=ORIENTED_EDGE('',*,*,#4753,.F.);
#3186=ORIENTED_EDGE('',*,*,#4748,.F.);
#3187=ORIENTED_EDGE('',*,*,#4643,.F.);
#3188=ORIENTED_EDGE('',*,*,#4755,.F.);
#3189=ORIENTED_EDGE('',*,*,#4750,.T.);
#3190=ORIENTED_EDGE('',*,*,#4752,.T.);
#3191=ORIENTED_EDGE('',*,*,#4755,.T.);
#3192=ORIENTED_EDGE('',*,*,#4642,.T.);
#3193=ORIENTED_EDGE('',*,*,#4754,.F.);
#3194=ORIENTED_EDGE('',*,*,#4751,.F.);
#3195=ORIENTED_EDGE('',*,*,#4526,.F.);
#3196=ORIENTED_EDGE('',*,*,#4523,.T.);
#3197=ORIENTED_EDGE('',*,*,#4520,.T.);
#3198=ORIENTED_EDGE('',*,*,#4599,.F.);
#3199=ORIENTED_EDGE('',*,*,#4756,.T.);
#3200=ORIENTED_EDGE('',*,*,#4757,.F.);
#3201=ORIENTED_EDGE('',*,*,#4758,.F.);
#3202=ORIENTED_EDGE('',*,*,#4759,.T.);
#3203=ORIENTED_EDGE('',*,*,#4648,.F.);
#3204=ORIENTED_EDGE('',*,*,#4760,.F.);
#3205=ORIENTED_EDGE('',*,*,#4757,.T.);
#3206=ORIENTED_EDGE('',*,*,#4761,.T.);
#3207=ORIENTED_EDGE('',*,*,#4762,.T.);
#3208=ORIENTED_EDGE('',*,*,#4649,.T.);
#3209=ORIENTED_EDGE('',*,*,#4761,.F.);
#3210=ORIENTED_EDGE('',*,*,#4756,.F.);
#3211=ORIENTED_EDGE('',*,*,#4647,.F.);
#3212=ORIENTED_EDGE('',*,*,#4763,.F.);
#3213=ORIENTED_EDGE('',*,*,#4758,.T.);
#3214=ORIENTED_EDGE('',*,*,#4760,.T.);
#3215=ORIENTED_EDGE('',*,*,#4763,.T.);
#3216=ORIENTED_EDGE('',*,*,#4646,.T.);
#3217=ORIENTED_EDGE('',*,*,#4762,.F.);
#3218=ORIENTED_EDGE('',*,*,#4759,.F.);
#3219=ORIENTED_EDGE('',*,*,#4516,.F.);
#3220=ORIENTED_EDGE('',*,*,#4513,.T.);
#3221=ORIENTED_EDGE('',*,*,#4510,.T.);
#3222=ORIENTED_EDGE('',*,*,#4597,.F.);
#3223=ORIENTED_EDGE('',*,*,#4764,.T.);
#3224=ORIENTED_EDGE('',*,*,#4765,.F.);
#3225=ORIENTED_EDGE('',*,*,#4766,.F.);
#3226=ORIENTED_EDGE('',*,*,#4767,.T.);
#3227=ORIENTED_EDGE('',*,*,#4652,.F.);
#3228=ORIENTED_EDGE('',*,*,#4768,.F.);
#3229=ORIENTED_EDGE('',*,*,#4765,.T.);
#3230=ORIENTED_EDGE('',*,*,#4769,.T.);
#3231=ORIENTED_EDGE('',*,*,#4770,.T.);
#3232=ORIENTED_EDGE('',*,*,#4653,.T.);
#3233=ORIENTED_EDGE('',*,*,#4769,.F.);
#3234=ORIENTED_EDGE('',*,*,#4764,.F.);
#3235=ORIENTED_EDGE('',*,*,#4651,.F.);
#3236=ORIENTED_EDGE('',*,*,#4771,.F.);
#3237=ORIENTED_EDGE('',*,*,#4766,.T.);
#3238=ORIENTED_EDGE('',*,*,#4768,.T.);
#3239=ORIENTED_EDGE('',*,*,#4771,.T.);
#3240=ORIENTED_EDGE('',*,*,#4650,.T.);
#3241=ORIENTED_EDGE('',*,*,#4770,.F.);
#3242=ORIENTED_EDGE('',*,*,#4767,.F.);
#3243=ORIENTED_EDGE('',*,*,#4506,.F.);
#3244=ORIENTED_EDGE('',*,*,#4503,.T.);
#3245=ORIENTED_EDGE('',*,*,#4500,.T.);
#3246=ORIENTED_EDGE('',*,*,#4595,.F.);
#3247=ORIENTED_EDGE('',*,*,#4772,.T.);
#3248=ORIENTED_EDGE('',*,*,#4773,.F.);
#3249=ORIENTED_EDGE('',*,*,#4774,.F.);
#3250=ORIENTED_EDGE('',*,*,#4775,.T.);
#3251=ORIENTED_EDGE('',*,*,#4656,.F.);
#3252=ORIENTED_EDGE('',*,*,#4776,.F.);
#3253=ORIENTED_EDGE('',*,*,#4773,.T.);
#3254=ORIENTED_EDGE('',*,*,#4777,.T.);
#3255=ORIENTED_EDGE('',*,*,#4778,.T.);
#3256=ORIENTED_EDGE('',*,*,#4657,.T.);
#3257=ORIENTED_EDGE('',*,*,#4777,.F.);
#3258=ORIENTED_EDGE('',*,*,#4772,.F.);
#3259=ORIENTED_EDGE('',*,*,#4655,.F.);
#3260=ORIENTED_EDGE('',*,*,#4779,.F.);
#3261=ORIENTED_EDGE('',*,*,#4774,.T.);
#3262=ORIENTED_EDGE('',*,*,#4776,.T.);
#3263=ORIENTED_EDGE('',*,*,#4779,.T.);
#3264=ORIENTED_EDGE('',*,*,#4654,.T.);
#3265=ORIENTED_EDGE('',*,*,#4778,.F.);
#3266=ORIENTED_EDGE('',*,*,#4775,.F.);
#3267=ORIENTED_EDGE('',*,*,#4496,.F.);
#3268=ORIENTED_EDGE('',*,*,#4493,.T.);
#3269=ORIENTED_EDGE('',*,*,#4490,.T.);
#3270=ORIENTED_EDGE('',*,*,#4593,.F.);
#3271=ORIENTED_EDGE('',*,*,#4780,.T.);
#3272=ORIENTED_EDGE('',*,*,#4781,.F.);
#3273=ORIENTED_EDGE('',*,*,#4782,.F.);
#3274=ORIENTED_EDGE('',*,*,#4783,.T.);
#3275=ORIENTED_EDGE('',*,*,#4660,.F.);
#3276=ORIENTED_EDGE('',*,*,#4784,.F.);
#3277=ORIENTED_EDGE('',*,*,#4781,.T.);
#3278=ORIENTED_EDGE('',*,*,#4785,.T.);
#3279=ORIENTED_EDGE('',*,*,#4786,.T.);
#3280=ORIENTED_EDGE('',*,*,#4661,.T.);
#3281=ORIENTED_EDGE('',*,*,#4785,.F.);
#3282=ORIENTED_EDGE('',*,*,#4780,.F.);
#3283=ORIENTED_EDGE('',*,*,#4659,.F.);
#3284=ORIENTED_EDGE('',*,*,#4787,.F.);
#3285=ORIENTED_EDGE('',*,*,#4782,.T.);
#3286=ORIENTED_EDGE('',*,*,#4784,.T.);
#3287=ORIENTED_EDGE('',*,*,#4787,.T.);
#3288=ORIENTED_EDGE('',*,*,#4658,.T.);
#3289=ORIENTED_EDGE('',*,*,#4786,.F.);
#3290=ORIENTED_EDGE('',*,*,#4783,.F.);
#3291=ORIENTED_EDGE('',*,*,#4486,.F.);
#3292=ORIENTED_EDGE('',*,*,#4483,.T.);
#3293=ORIENTED_EDGE('',*,*,#4480,.T.);
#3294=ORIENTED_EDGE('',*,*,#4591,.F.);
#3295=ORIENTED_EDGE('',*,*,#4788,.T.);
#3296=ORIENTED_EDGE('',*,*,#4789,.F.);
#3297=ORIENTED_EDGE('',*,*,#4790,.F.);
#3298=ORIENTED_EDGE('',*,*,#4791,.T.);
#3299=ORIENTED_EDGE('',*,*,#4664,.F.);
#3300=ORIENTED_EDGE('',*,*,#4792,.F.);
#3301=ORIENTED_EDGE('',*,*,#4789,.T.);
#3302=ORIENTED_EDGE('',*,*,#4793,.T.);
#3303=ORIENTED_EDGE('',*,*,#4794,.T.);
#3304=ORIENTED_EDGE('',*,*,#4665,.T.);
#3305=ORIENTED_EDGE('',*,*,#4793,.F.);
#3306=ORIENTED_EDGE('',*,*,#4788,.F.);
#3307=ORIENTED_EDGE('',*,*,#4663,.F.);
#3308=ORIENTED_EDGE('',*,*,#4795,.F.);
#3309=ORIENTED_EDGE('',*,*,#4790,.T.);
#3310=ORIENTED_EDGE('',*,*,#4792,.T.);
#3311=ORIENTED_EDGE('',*,*,#4795,.T.);
#3312=ORIENTED_EDGE('',*,*,#4662,.T.);
#3313=ORIENTED_EDGE('',*,*,#4794,.F.);
#3314=ORIENTED_EDGE('',*,*,#4791,.F.);
#3315=ORIENTED_EDGE('',*,*,#4476,.F.);
#3316=ORIENTED_EDGE('',*,*,#4473,.T.);
#3317=ORIENTED_EDGE('',*,*,#4470,.T.);
#3318=ORIENTED_EDGE('',*,*,#4589,.F.);
#3319=ORIENTED_EDGE('',*,*,#4796,.T.);
#3320=ORIENTED_EDGE('',*,*,#4797,.F.);
#3321=ORIENTED_EDGE('',*,*,#4798,.F.);
#3322=ORIENTED_EDGE('',*,*,#4799,.T.);
#3323=ORIENTED_EDGE('',*,*,#4668,.F.);
#3324=ORIENTED_EDGE('',*,*,#4800,.F.);
#3325=ORIENTED_EDGE('',*,*,#4797,.T.);
#3326=ORIENTED_EDGE('',*,*,#4801,.T.);
#3327=ORIENTED_EDGE('',*,*,#4802,.T.);
#3328=ORIENTED_EDGE('',*,*,#4669,.T.);
#3329=ORIENTED_EDGE('',*,*,#4801,.F.);
#3330=ORIENTED_EDGE('',*,*,#4796,.F.);
#3331=ORIENTED_EDGE('',*,*,#4667,.F.);
#3332=ORIENTED_EDGE('',*,*,#4803,.F.);
#3333=ORIENTED_EDGE('',*,*,#4798,.T.);
#3334=ORIENTED_EDGE('',*,*,#4800,.T.);
#3335=ORIENTED_EDGE('',*,*,#4803,.T.);
#3336=ORIENTED_EDGE('',*,*,#4666,.T.);
#3337=ORIENTED_EDGE('',*,*,#4802,.F.);
#3338=ORIENTED_EDGE('',*,*,#4799,.F.);
#3339=ORIENTED_EDGE('',*,*,#4466,.F.);
#3340=ORIENTED_EDGE('',*,*,#4463,.T.);
#3341=ORIENTED_EDGE('',*,*,#4460,.T.);
#3342=ORIENTED_EDGE('',*,*,#4587,.F.);
#3343=ORIENTED_EDGE('',*,*,#4804,.T.);
#3344=ORIENTED_EDGE('',*,*,#4805,.F.);
#3345=ORIENTED_EDGE('',*,*,#4806,.F.);
#3346=ORIENTED_EDGE('',*,*,#4807,.T.);
#3347=ORIENTED_EDGE('',*,*,#4672,.F.);
#3348=ORIENTED_EDGE('',*,*,#4808,.F.);
#3349=ORIENTED_EDGE('',*,*,#4805,.T.);
#3350=ORIENTED_EDGE('',*,*,#4809,.T.);
#3351=ORIENTED_EDGE('',*,*,#4810,.T.);
#3352=ORIENTED_EDGE('',*,*,#4673,.T.);
#3353=ORIENTED_EDGE('',*,*,#4809,.F.);
#3354=ORIENTED_EDGE('',*,*,#4804,.F.);
#3355=ORIENTED_EDGE('',*,*,#4671,.F.);
#3356=ORIENTED_EDGE('',*,*,#4811,.F.);
#3357=ORIENTED_EDGE('',*,*,#4806,.T.);
#3358=ORIENTED_EDGE('',*,*,#4808,.T.);
#3359=ORIENTED_EDGE('',*,*,#4811,.T.);
#3360=ORIENTED_EDGE('',*,*,#4670,.T.);
#3361=ORIENTED_EDGE('',*,*,#4810,.F.);
#3362=ORIENTED_EDGE('',*,*,#4807,.F.);
#3363=ORIENTED_EDGE('',*,*,#4456,.F.);
#3364=ORIENTED_EDGE('',*,*,#4453,.T.);
#3365=ORIENTED_EDGE('',*,*,#4450,.T.);
#3366=ORIENTED_EDGE('',*,*,#4585,.F.);
#3367=ORIENTED_EDGE('',*,*,#4812,.T.);
#3368=ORIENTED_EDGE('',*,*,#4813,.F.);
#3369=ORIENTED_EDGE('',*,*,#4814,.F.);
#3370=ORIENTED_EDGE('',*,*,#4815,.T.);
#3371=ORIENTED_EDGE('',*,*,#4676,.F.);
#3372=ORIENTED_EDGE('',*,*,#4816,.F.);
#3373=ORIENTED_EDGE('',*,*,#4813,.T.);
#3374=ORIENTED_EDGE('',*,*,#4817,.T.);
#3375=ORIENTED_EDGE('',*,*,#4818,.T.);
#3376=ORIENTED_EDGE('',*,*,#4677,.T.);
#3377=ORIENTED_EDGE('',*,*,#4817,.F.);
#3378=ORIENTED_EDGE('',*,*,#4812,.F.);
#3379=ORIENTED_EDGE('',*,*,#4675,.F.);
#3380=ORIENTED_EDGE('',*,*,#4819,.F.);
#3381=ORIENTED_EDGE('',*,*,#4814,.T.);
#3382=ORIENTED_EDGE('',*,*,#4816,.T.);
#3383=ORIENTED_EDGE('',*,*,#4819,.T.);
#3384=ORIENTED_EDGE('',*,*,#4674,.T.);
#3385=ORIENTED_EDGE('',*,*,#4818,.F.);
#3386=ORIENTED_EDGE('',*,*,#4815,.F.);
#3387=ORIENTED_EDGE('',*,*,#4446,.F.);
#3388=ORIENTED_EDGE('',*,*,#4443,.T.);
#3389=ORIENTED_EDGE('',*,*,#4440,.T.);
#3390=ORIENTED_EDGE('',*,*,#4583,.F.);
#3391=EDGE_CURVE('',#4820,#4821,#5728,.T.);
#3392=EDGE_CURVE('',#4820,#4822,#5729,.T.);
#3393=EDGE_CURVE('',#4822,#4823,#5730,.T.);
#3394=EDGE_CURVE('',#4823,#4821,#5731,.T.);
#3395=EDGE_CURVE('',#4824,#4825,#5732,.F.);
#3396=EDGE_CURVE('',#4826,#4825,#5733,.T.);
#3397=EDGE_CURVE('',#4826,#4827,#5734,.T.);
#3398=EDGE_CURVE('',#4828,#4827,#5735,.T.);
#3399=EDGE_CURVE('',#4828,#4829,#5736,.F.);
#3400=EDGE_CURVE('',#4830,#4829,#5737,.T.);
#3401=EDGE_CURVE('',#4830,#4831,#5738,.T.);
#3402=EDGE_CURVE('',#4831,#4824,#5739,.T.);
#3403=EDGE_CURVE('',#4829,#4832,#472,.T.);
#3404=EDGE_CURVE('',#4832,#4833,#5740,.T.);
#3405=EDGE_CURVE('',#4834,#4833,#5741,.T.);
#3406=EDGE_CURVE('',#4835,#4834,#5742,.T.);
#3407=EDGE_CURVE('',#4835,#4836,#5743,.T.);
#3408=EDGE_CURVE('',#4836,#4830,#5744,.T.);
#3409=EDGE_CURVE('',#4834,#4837,#5745,.T.);
#3410=EDGE_CURVE('',#4838,#4837,#5746,.T.);
#3411=EDGE_CURVE('',#4835,#4838,#5747,.T.);
#3412=EDGE_CURVE('',#4823,#4824,#473,.F.);
#3413=EDGE_CURVE('',#4839,#4831,#5748,.T.);
#3414=EDGE_CURVE('',#4838,#4839,#5749,.T.);
#3415=EDGE_CURVE('',#4837,#4821,#5750,.T.);
#3416=EDGE_CURVE('',#4840,#4841,#5751,.T.);
#3417=EDGE_CURVE('',#4842,#4840,#5752,.T.);
#3418=EDGE_CURVE('',#4842,#4843,#5753,.T.);
#3419=EDGE_CURVE('',#4843,#4841,#5754,.T.);
#3420=EDGE_CURVE('',#4840,#4844,#5755,.T.);
#3421=EDGE_CURVE('',#4845,#4844,#5756,.T.);
#3422=EDGE_CURVE('',#4842,#4845,#5757,.T.);
#3423=EDGE_CURVE('',#4844,#4846,#5758,.T.);
#3424=EDGE_CURVE('',#4847,#4846,#5759,.T.);
#3425=EDGE_CURVE('',#4845,#4847,#5760,.T.);
#3426=EDGE_CURVE('',#4841,#4846,#5761,.T.);
#3427=EDGE_CURVE('',#4843,#4847,#5762,.T.);
#3428=EDGE_CURVE('',#4836,#4839,#5763,.T.);
#3429=EDGE_CURVE('',#4833,#4848,#5764,.T.);
#3430=EDGE_CURVE('',#4849,#4848,#5765,.T.);
#3431=EDGE_CURVE('',#4850,#4849,#5766,.T.);
#3432=EDGE_CURVE('',#4820,#4850,#5767,.T.);
#3433=EDGE_CURVE('',#4851,#4848,#5768,.T.);
#3434=EDGE_CURVE('',#4832,#4851,#5769,.T.);
#3435=EDGE_CURVE('',#4825,#4828,#5770,.F.);
#3436=EDGE_CURVE('',#4851,#4822,#5771,.T.);
#3437=EDGE_CURVE('',#4852,#4851,#5772,.T.);
#3438=EDGE_CURVE('',#4822,#4853,#5773,.T.);
#3439=EDGE_CURVE('',#4853,#4852,#5774,.T.);
#3440=EDGE_CURVE('',#4850,#4854,#5775,.T.);
#3441=EDGE_CURVE('',#4854,#4855,#474,.F.);
#3442=EDGE_CURVE('',#4855,#4856,#5776,.T.);
#3443=EDGE_CURVE('',#4826,#4856,#5777,.T.);
#3444=EDGE_CURVE('',#4825,#4857,#5778,.T.);
#3445=EDGE_CURVE('',#4853,#4857,#475,.F.);
#3446=EDGE_CURVE('',#4858,#4849,#5779,.T.);
#3447=EDGE_CURVE('',#4859,#4852,#476,.T.);
#3448=EDGE_CURVE('',#4859,#4828,#5780,.T.);
#3449=EDGE_CURVE('',#4860,#4827,#5781,.T.);
#3450=EDGE_CURVE('',#4860,#4861,#5782,.T.);
#3451=EDGE_CURVE('',#4861,#4858,#477,.T.);
#3452=EDGE_CURVE('',#4854,#4858,#5783,.T.);
#3453=EDGE_CURVE('',#4855,#4861,#5784,.T.);
#3454=EDGE_CURVE('',#4856,#4860,#5785,.T.);
#3455=EDGE_CURVE('',#4857,#4859,#5786,.T.);
#3456=EDGE_CURVE('',#4862,#4862,#478,.T.);
#3457=EDGE_CURVE('',#4863,#4863,#479,.T.);
#3458=EDGE_CURVE('',#4864,#4864,#480,.T.);
#3459=EDGE_CURVE('',#4865,#4865,#481,.T.);
#3460=EDGE_CURVE('',#4866,#4866,#482,.T.);
#3461=EDGE_CURVE('',#4867,#4867,#483,.T.);
#3462=EDGE_CURVE('',#4868,#4868,#484,.T.);
#3463=EDGE_CURVE('',#4869,#4869,#485,.T.);
#3464=EDGE_CURVE('',#4870,#4870,#28,.T.);
#3465=EDGE_CURVE('',#4871,#4871,#486,.T.);
#3466=EDGE_CURVE('',#4872,#4872,#487,.T.);
#3467=EDGE_CURVE('',#4873,#4873,#488,.T.);
#3468=EDGE_CURVE('',#4874,#4874,#489,.T.);
#3469=EDGE_CURVE('',#4875,#4875,#490,.T.);
#3470=EDGE_CURVE('',#4876,#4876,#491,.T.);
#3471=EDGE_CURVE('',#4877,#4877,#492,.T.);
#3472=EDGE_CURVE('',#4878,#4879,#5787,.T.);
#3473=EDGE_CURVE('',#4879,#4880,#5788,.T.);
#3474=EDGE_CURVE('',#4880,#4881,#5789,.F.);
#3475=EDGE_CURVE('',#4878,#4881,#5790,.T.);
#3476=EDGE_CURVE('',#4882,#4883,#5791,.T.);
#3477=EDGE_CURVE('',#4884,#4882,#5792,.T.);
#3478=EDGE_CURVE('',#4884,#4885,#5793,.T.);
#3479=EDGE_CURVE('',#4883,#4885,#5794,.T.);
#3480=EDGE_CURVE('',#4886,#4887,#5795,.T.);
#3481=EDGE_CURVE('',#4887,#4888,#5796,.T.);
#3482=EDGE_CURVE('',#4888,#4889,#5797,.F.);
#3483=EDGE_CURVE('',#4886,#4889,#5798,.T.);
#3484=EDGE_CURVE('',#4890,#4891,#5799,.T.);
#3485=EDGE_CURVE('',#4892,#4890,#5800,.T.);
#3486=EDGE_CURVE('',#4892,#4893,#5801,.T.);
#3487=EDGE_CURVE('',#4891,#4893,#5802,.T.);
#3488=EDGE_CURVE('',#4894,#4895,#5803,.T.);
#3489=EDGE_CURVE('',#4895,#4896,#5804,.T.);
#3490=EDGE_CURVE('',#4896,#4897,#5805,.F.);
#3491=EDGE_CURVE('',#4894,#4897,#5806,.T.);
#3492=EDGE_CURVE('',#4898,#4899,#5807,.T.);
#3493=EDGE_CURVE('',#4900,#4898,#5808,.T.);
#3494=EDGE_CURVE('',#4900,#4901,#5809,.T.);
#3495=EDGE_CURVE('',#4899,#4901,#5810,.T.);
#3496=EDGE_CURVE('',#4902,#4903,#5811,.T.);
#3497=EDGE_CURVE('',#4903,#4904,#5812,.T.);
#3498=EDGE_CURVE('',#4904,#4905,#5813,.F.);
#3499=EDGE_CURVE('',#4902,#4905,#5814,.T.);
#3500=EDGE_CURVE('',#4906,#4907,#5815,.T.);
#3501=EDGE_CURVE('',#4908,#4906,#5816,.T.);
#3502=EDGE_CURVE('',#4908,#4909,#5817,.T.);
#3503=EDGE_CURVE('',#4907,#4909,#5818,.T.);
#3504=EDGE_CURVE('',#4910,#4911,#5819,.T.);
#3505=EDGE_CURVE('',#4911,#4912,#5820,.T.);
#3506=EDGE_CURVE('',#4912,#4913,#5821,.F.);
#3507=EDGE_CURVE('',#4910,#4913,#5822,.T.);
#3508=EDGE_CURVE('',#4914,#4915,#5823,.T.);
#3509=EDGE_CURVE('',#4916,#4914,#5824,.T.);
#3510=EDGE_CURVE('',#4916,#4917,#5825,.T.);
#3511=EDGE_CURVE('',#4915,#4917,#5826,.T.);
#3512=EDGE_CURVE('',#4918,#4919,#5827,.T.);
#3513=EDGE_CURVE('',#4919,#4920,#5828,.T.);
#3514=EDGE_CURVE('',#4920,#4921,#5829,.F.);
#3515=EDGE_CURVE('',#4918,#4921,#5830,.T.);
#3516=EDGE_CURVE('',#4922,#4923,#5831,.T.);
#3517=EDGE_CURVE('',#4924,#4922,#5832,.T.);
#3518=EDGE_CURVE('',#4924,#4925,#5833,.T.);
#3519=EDGE_CURVE('',#4923,#4925,#5834,.T.);
#3520=EDGE_CURVE('',#4926,#4927,#5835,.T.);
#3521=EDGE_CURVE('',#4927,#4928,#5836,.T.);
#3522=EDGE_CURVE('',#4928,#4929,#5837,.F.);
#3523=EDGE_CURVE('',#4926,#4929,#5838,.T.);
#3524=EDGE_CURVE('',#4930,#4931,#5839,.T.);
#3525=EDGE_CURVE('',#4932,#4930,#5840,.T.);
#3526=EDGE_CURVE('',#4932,#4933,#5841,.T.);
#3527=EDGE_CURVE('',#4931,#4933,#5842,.T.);
#3528=EDGE_CURVE('',#4934,#4935,#5843,.T.);
#3529=EDGE_CURVE('',#4935,#4936,#5844,.T.);
#3530=EDGE_CURVE('',#4936,#4937,#5845,.F.);
#3531=EDGE_CURVE('',#4934,#4937,#5846,.T.);
#3532=EDGE_CURVE('',#4938,#4939,#5847,.T.);
#3533=EDGE_CURVE('',#4940,#4938,#5848,.T.);
#3534=EDGE_CURVE('',#4940,#4941,#5849,.T.);
#3535=EDGE_CURVE('',#4939,#4941,#5850,.T.);
#3536=EDGE_CURVE('',#4942,#4943,#5851,.T.);
#3537=EDGE_CURVE('',#4943,#4944,#5852,.T.);
#3538=EDGE_CURVE('',#4944,#4945,#5853,.F.);
#3539=EDGE_CURVE('',#4942,#4945,#5854,.T.);
#3540=EDGE_CURVE('',#4946,#4947,#5855,.T.);
#3541=EDGE_CURVE('',#4948,#4946,#5856,.T.);
#3542=EDGE_CURVE('',#4948,#4949,#5857,.T.);
#3543=EDGE_CURVE('',#4947,#4949,#5858,.T.);
#3544=EDGE_CURVE('',#4950,#4951,#5859,.T.);
#3545=EDGE_CURVE('',#4951,#4952,#5860,.T.);
#3546=EDGE_CURVE('',#4952,#4953,#5861,.F.);
#3547=EDGE_CURVE('',#4950,#4953,#5862,.T.);
#3548=EDGE_CURVE('',#4954,#4955,#5863,.T.);
#3549=EDGE_CURVE('',#4956,#4954,#5864,.T.);
#3550=EDGE_CURVE('',#4956,#4957,#5865,.T.);
#3551=EDGE_CURVE('',#4955,#4957,#5866,.T.);
#3552=EDGE_CURVE('',#4958,#4959,#5867,.T.);
#3553=EDGE_CURVE('',#4959,#4960,#5868,.T.);
#3554=EDGE_CURVE('',#4960,#4961,#5869,.F.);
#3555=EDGE_CURVE('',#4958,#4961,#5870,.T.);
#3556=EDGE_CURVE('',#4962,#4963,#5871,.T.);
#3557=EDGE_CURVE('',#4964,#4962,#5872,.T.);
#3558=EDGE_CURVE('',#4964,#4965,#5873,.T.);
#3559=EDGE_CURVE('',#4963,#4965,#5874,.T.);
#3560=EDGE_CURVE('',#4966,#4967,#5875,.T.);
#3561=EDGE_CURVE('',#4967,#4968,#5876,.T.);
#3562=EDGE_CURVE('',#4968,#4969,#5877,.F.);
#3563=EDGE_CURVE('',#4966,#4969,#5878,.T.);
#3564=EDGE_CURVE('',#4970,#4971,#5879,.T.);
#3565=EDGE_CURVE('',#4972,#4970,#5880,.T.);
#3566=EDGE_CURVE('',#4972,#4973,#5881,.T.);
#3567=EDGE_CURVE('',#4971,#4973,#5882,.T.);
#3568=EDGE_CURVE('',#4974,#4975,#5883,.T.);
#3569=EDGE_CURVE('',#4975,#4976,#5884,.T.);
#3570=EDGE_CURVE('',#4976,#4977,#5885,.F.);
#3571=EDGE_CURVE('',#4974,#4977,#5886,.T.);
#3572=EDGE_CURVE('',#4978,#4979,#5887,.T.);
#3573=EDGE_CURVE('',#4980,#4978,#5888,.T.);
#3574=EDGE_CURVE('',#4980,#4981,#5889,.T.);
#3575=EDGE_CURVE('',#4979,#4981,#5890,.T.);
#3576=EDGE_CURVE('',#4982,#4983,#5891,.T.);
#3577=EDGE_CURVE('',#4983,#4984,#5892,.T.);
#3578=EDGE_CURVE('',#4984,#4985,#5893,.F.);
#3579=EDGE_CURVE('',#4982,#4985,#5894,.T.);
#3580=EDGE_CURVE('',#4986,#4987,#5895,.T.);
#3581=EDGE_CURVE('',#4988,#4986,#5896,.T.);
#3582=EDGE_CURVE('',#4988,#4989,#5897,.T.);
#3583=EDGE_CURVE('',#4987,#4989,#5898,.T.);
#3584=EDGE_CURVE('',#4990,#4991,#5899,.T.);
#3585=EDGE_CURVE('',#4992,#4990,#5900,.T.);
#3586=EDGE_CURVE('',#4992,#4993,#5901,.T.);
#3587=EDGE_CURVE('',#4994,#4993,#5902,.T.);
#3588=EDGE_CURVE('',#4994,#4995,#5903,.T.);
#3589=EDGE_CURVE('',#4995,#4996,#5904,.T.);
#3590=EDGE_CURVE('',#4997,#4996,#5905,.T.);
#3591=EDGE_CURVE('',#4991,#4997,#5906,.T.);
#3592=EDGE_CURVE('',#4998,#4999,#5907,.F.);
#3593=EDGE_CURVE('',#4999,#5000,#18,.T.);
#3594=EDGE_CURVE('',#5000,#5001,#5908,.F.);
#3595=EDGE_CURVE('',#4905,#5001,#5909,.F.);
#3596=EDGE_CURVE('',#5002,#4904,#5910,.F.);
#3597=EDGE_CURVE('',#5003,#5002,#5911,.F.);
#3598=EDGE_CURVE('',#4897,#5003,#5912,.F.);
#3599=EDGE_CURVE('',#5004,#4896,#5913,.F.);
#3600=EDGE_CURVE('',#5005,#5004,#5914,.F.);
#3601=EDGE_CURVE('',#4889,#5005,#5915,.F.);
#3602=EDGE_CURVE('',#5006,#4888,#5916,.F.);
#3603=EDGE_CURVE('',#5007,#5006,#5917,.F.);
#3604=EDGE_CURVE('',#4881,#5007,#5918,.F.);
#3605=EDGE_CURVE('',#5008,#4880,#5919,.F.);
#3606=EDGE_CURVE('',#5009,#5008,#5920,.F.);
#3607=EDGE_CURVE('',#4998,#5009,#5921,.T.);
#3608=EDGE_CURVE('',#5010,#5011,#5922,.T.);
#3609=EDGE_CURVE('',#5010,#5012,#19,.T.);
#3610=EDGE_CURVE('',#5013,#5012,#5923,.T.);
#3611=EDGE_CURVE('',#5013,#5014,#5924,.F.);
#3612=EDGE_CURVE('',#5014,#5015,#5925,.T.);
#3613=EDGE_CURVE('',#5015,#4883,#5926,.T.);
#3614=EDGE_CURVE('',#4885,#5016,#5927,.T.);
#3615=EDGE_CURVE('',#5016,#5017,#5928,.T.);
#3616=EDGE_CURVE('',#5017,#4891,#5929,.T.);
#3617=EDGE_CURVE('',#4893,#5018,#5930,.T.);
#3618=EDGE_CURVE('',#5018,#5019,#5931,.T.);
#3619=EDGE_CURVE('',#5019,#4899,#5932,.T.);
#3620=EDGE_CURVE('',#4901,#5020,#5933,.T.);
#3621=EDGE_CURVE('',#5020,#5021,#5934,.T.);
#3622=EDGE_CURVE('',#5021,#4907,#5935,.T.);
#3623=EDGE_CURVE('',#4909,#5011,#5936,.T.);
#3624=EDGE_CURVE('',#5022,#5023,#5937,.F.);
#3625=EDGE_CURVE('',#5023,#5024,#20,.T.);
#3626=EDGE_CURVE('',#5024,#5025,#5938,.F.);
#3627=EDGE_CURVE('',#4961,#5025,#5939,.F.);
#3628=EDGE_CURVE('',#5026,#4960,#5940,.F.);
#3629=EDGE_CURVE('',#5027,#5026,#5941,.F.);
#3630=EDGE_CURVE('',#4953,#5027,#5942,.F.);
#3631=EDGE_CURVE('',#5028,#4952,#5943,.F.);
#3632=EDGE_CURVE('',#5029,#5028,#5944,.F.);
#3633=EDGE_CURVE('',#4945,#5029,#5945,.F.);
#3634=EDGE_CURVE('',#5030,#4944,#5946,.F.);
#3635=EDGE_CURVE('',#5031,#5030,#5947,.F.);
#3636=EDGE_CURVE('',#4937,#5031,#5948,.F.);
#3637=EDGE_CURVE('',#5032,#4936,#5949,.F.);
#3638=EDGE_CURVE('',#5033,#5032,#5950,.F.);
#3639=EDGE_CURVE('',#5022,#5033,#5951,.T.);
#3640=EDGE_CURVE('',#5034,#5035,#5952,.T.);
#3641=EDGE_CURVE('',#5034,#5036,#21,.T.);
#3642=EDGE_CURVE('',#5037,#5036,#5953,.T.);
#3643=EDGE_CURVE('',#5037,#5038,#5954,.F.);
#3644=EDGE_CURVE('',#5038,#5039,#5955,.T.);
#3645=EDGE_CURVE('',#5039,#4939,#5956,.T.);
#3646=EDGE_CURVE('',#4941,#5040,#5957,.T.);
#3647=EDGE_CURVE('',#5040,#5041,#5958,.T.);
#3648=EDGE_CURVE('',#5041,#4947,#5959,.T.);
#3649=EDGE_CURVE('',#4949,#5042,#5960,.T.);
#3650=EDGE_CURVE('',#5042,#5043,#5961,.T.);
#3651=EDGE_CURVE('',#5043,#4955,#5962,.T.);
#3652=EDGE_CURVE('',#4957,#5044,#5963,.T.);
#3653=EDGE_CURVE('',#5044,#5045,#5964,.T.);
#3654=EDGE_CURVE('',#5045,#4963,#5965,.T.);
#3655=EDGE_CURVE('',#4965,#5035,#5966,.T.);
#3656=EDGE_CURVE('',#5035,#5046,#5967,.T.);
#3657=EDGE_CURVE('',#5046,#5047,#5968,.T.);
#3658=EDGE_CURVE('',#5025,#5047,#5969,.T.);
#3659=EDGE_CURVE('',#5024,#5034,#5970,.F.);
#3660=EDGE_CURVE('',#5011,#5048,#5971,.T.);
#3661=EDGE_CURVE('',#5048,#5049,#5972,.T.);
#3662=EDGE_CURVE('',#5001,#5049,#5973,.T.);
#3663=EDGE_CURVE('',#5000,#5010,#5974,.F.);
#3664=EDGE_CURVE('',#5050,#5050,#493,.T.);
#3665=EDGE_CURVE('',#5051,#5051,#494,.T.);
#3666=EDGE_CURVE('',#5052,#5053,#5975,.F.);
#3667=EDGE_CURVE('',#5052,#5054,#5976,.F.);
#3668=EDGE_CURVE('',#5054,#5055,#5977,.T.);
#3669=EDGE_CURVE('',#5055,#5053,#5978,.T.);
#3670=EDGE_CURVE('',#5056,#5057,#5979,.F.);
#3671=EDGE_CURVE('',#5056,#5058,#5980,.F.);
#3672=EDGE_CURVE('',#5058,#5059,#5981,.T.);
#3673=EDGE_CURVE('',#5059,#5057,#5982,.T.);
#3674=EDGE_CURVE('',#5012,#4999,#5983,.T.);
#3675=EDGE_CURVE('',#5013,#4998,#5984,.F.);
#3676=EDGE_CURVE('',#5060,#5061,#5985,.T.);
#3677=EDGE_CURVE('',#5061,#5062,#495,.T.);
#3678=EDGE_CURVE('',#5062,#5063,#5986,.T.);
#3679=EDGE_CURVE('',#5063,#5064,#496,.T.);
#3680=EDGE_CURVE('',#5065,#5064,#5987,.T.);
#3681=EDGE_CURVE('',#5065,#5066,#497,.T.);
#3682=EDGE_CURVE('',#5066,#5067,#5988,.T.);
#3683=EDGE_CURVE('',#5067,#5068,#5989,.T.);
#3684=EDGE_CURVE('',#5068,#5069,#498,.T.);
#3685=EDGE_CURVE('',#5070,#5069,#5990,.T.);
#3686=EDGE_CURVE('',#5070,#5060,#499,.T.);
#3687=EDGE_CURVE('',#5036,#5023,#5991,.T.);
#3688=EDGE_CURVE('',#5037,#5022,#5992,.F.);
#3689=EDGE_CURVE('',#5071,#4934,#5993,.T.);
#3690=EDGE_CURVE('',#5072,#5071,#5994,.T.);
#3691=EDGE_CURVE('',#5072,#4940,#5995,.T.);
#3692=EDGE_CURVE('',#4938,#5073,#5996,.T.);
#3693=EDGE_CURVE('',#5073,#5074,#5997,.T.);
#3694=EDGE_CURVE('',#4935,#5074,#5998,.T.);
#3695=EDGE_CURVE('',#5075,#4942,#5999,.T.);
#3696=EDGE_CURVE('',#5076,#5075,#6000,.T.);
#3697=EDGE_CURVE('',#5076,#4948,#6001,.T.);
#3698=EDGE_CURVE('',#4946,#5077,#6002,.T.);
#3699=EDGE_CURVE('',#5077,#5078,#6003,.T.);
#3700=EDGE_CURVE('',#4943,#5078,#6004,.T.);
#3701=EDGE_CURVE('',#5079,#4950,#6005,.T.);
#3702=EDGE_CURVE('',#5080,#5079,#6006,.T.);
#3703=EDGE_CURVE('',#5080,#4956,#6007,.T.);
#3704=EDGE_CURVE('',#4954,#5081,#6008,.T.);
#3705=EDGE_CURVE('',#5081,#5082,#6009,.T.);
#3706=EDGE_CURVE('',#4951,#5082,#6010,.T.);
#3707=EDGE_CURVE('',#5083,#5084,#6011,.T.);
#3708=EDGE_CURVE('',#4983,#5084,#6012,.T.);
#3709=EDGE_CURVE('',#5085,#4982,#6013,.T.);
#3710=EDGE_CURVE('',#5086,#5085,#6014,.T.);
#3711=EDGE_CURVE('',#5086,#4988,#6015,.T.);
#3712=EDGE_CURVE('',#4986,#5083,#6016,.T.);
#3713=EDGE_CURVE('',#5087,#5088,#6017,.T.);
#3714=EDGE_CURVE('',#4975,#5088,#6018,.T.);
#3715=EDGE_CURVE('',#5089,#4974,#6019,.T.);
#3716=EDGE_CURVE('',#5090,#5089,#6020,.T.);
#3717=EDGE_CURVE('',#5090,#4980,#6021,.T.);
#3718=EDGE_CURVE('',#4978,#5087,#6022,.T.);
#3719=EDGE_CURVE('',#5091,#5092,#6023,.T.);
#3720=EDGE_CURVE('',#4967,#5092,#6024,.T.);
#3721=EDGE_CURVE('',#5093,#4966,#6025,.T.);
#3722=EDGE_CURVE('',#5094,#5093,#6026,.T.);
#3723=EDGE_CURVE('',#5094,#4972,#6027,.T.);
#3724=EDGE_CURVE('',#4970,#5091,#6028,.T.);
#3725=EDGE_CURVE('',#5095,#5096,#6029,.T.);
#3726=EDGE_CURVE('',#4959,#5096,#6030,.T.);
#3727=EDGE_CURVE('',#5097,#4958,#6031,.T.);
#3728=EDGE_CURVE('',#5098,#5097,#6032,.T.);
#3729=EDGE_CURVE('',#5098,#4964,#6033,.T.);
#3730=EDGE_CURVE('',#4962,#5095,#6034,.T.);
#3731=EDGE_CURVE('',#5099,#4878,#6035,.T.);
#3732=EDGE_CURVE('',#5100,#5099,#6036,.T.);
#3733=EDGE_CURVE('',#5100,#4884,#6037,.T.);
#3734=EDGE_CURVE('',#4882,#5101,#6038,.T.);
#3735=EDGE_CURVE('',#5101,#5102,#6039,.T.);
#3736=EDGE_CURVE('',#4879,#5102,#6040,.T.);
#3737=EDGE_CURVE('',#5103,#5104,#6041,.T.);
#3738=EDGE_CURVE('',#4927,#5104,#6042,.T.);
#3739=EDGE_CURVE('',#5105,#4926,#6043,.T.);
#3740=EDGE_CURVE('',#5106,#5105,#6044,.T.);
#3741=EDGE_CURVE('',#5106,#4932,#6045,.T.);
#3742=EDGE_CURVE('',#4930,#5103,#6046,.T.);
#3743=EDGE_CURVE('',#5107,#5108,#6047,.T.);
#3744=EDGE_CURVE('',#4919,#5108,#6048,.T.);
#3745=EDGE_CURVE('',#5109,#4918,#6049,.T.);
#3746=EDGE_CURVE('',#5110,#5109,#6050,.T.);
#3747=EDGE_CURVE('',#5110,#4924,#6051,.T.);
#3748=EDGE_CURVE('',#4922,#5107,#6052,.T.);
#3749=EDGE_CURVE('',#5111,#5112,#6053,.T.);
#3750=EDGE_CURVE('',#4911,#5112,#6054,.T.);
#3751=EDGE_CURVE('',#5113,#4910,#6055,.T.);
#3752=EDGE_CURVE('',#5114,#5113,#6056,.T.);
#3753=EDGE_CURVE('',#5114,#4916,#6057,.T.);
#3754=EDGE_CURVE('',#4914,#5111,#6058,.T.);
#3755=EDGE_CURVE('',#5115,#5116,#6059,.T.);
#3756=EDGE_CURVE('',#4903,#5116,#6060,.T.);
#3757=EDGE_CURVE('',#5117,#4902,#6061,.T.);
#3758=EDGE_CURVE('',#5118,#5117,#6062,.T.);
#3759=EDGE_CURVE('',#5118,#4908,#6063,.T.);
#3760=EDGE_CURVE('',#4906,#5115,#6064,.T.);
#3761=EDGE_CURVE('',#5119,#5120,#6065,.T.);
#3762=EDGE_CURVE('',#4895,#5120,#6066,.T.);
#3763=EDGE_CURVE('',#5121,#4894,#6067,.T.);
#3764=EDGE_CURVE('',#5122,#5121,#6068,.T.);
#3765=EDGE_CURVE('',#5122,#4900,#6069,.T.);
#3766=EDGE_CURVE('',#4898,#5119,#6070,.T.);
#3767=EDGE_CURVE('',#5123,#5124,#6071,.T.);
#3768=EDGE_CURVE('',#4887,#5124,#6072,.T.);
#3769=EDGE_CURVE('',#5125,#4886,#6073,.T.);
#3770=EDGE_CURVE('',#5126,#5125,#6074,.T.);
#3771=EDGE_CURVE('',#5126,#4892,#6075,.T.);
#3772=EDGE_CURVE('',#4890,#5123,#6076,.T.);
#3773=EDGE_CURVE('',#5127,#5128,#6077,.T.);
#3774=EDGE_CURVE('',#5127,#5129,#500,.F.);
#3775=EDGE_CURVE('',#5130,#5129,#6078,.T.);
#3776=EDGE_CURVE('',#5130,#5131,#501,.F.);
#3777=EDGE_CURVE('',#5131,#5132,#6079,.T.);
#3778=EDGE_CURVE('',#5132,#5133,#502,.F.);
#3779=EDGE_CURVE('',#5134,#5133,#6080,.T.);
#3780=EDGE_CURVE('',#5135,#5134,#6081,.T.);
#3781=EDGE_CURVE('',#5135,#5136,#503,.F.);
#3782=EDGE_CURVE('',#5136,#5137,#6082,.T.);
#3783=EDGE_CURVE('',#5137,#5128,#504,.F.);
#3784=EDGE_CURVE('',#5138,#5139,#6083,.T.);
#3785=EDGE_CURVE('',#5138,#5140,#6084,.T.);
#3786=EDGE_CURVE('',#5140,#5141,#6085,.T.);
#3787=EDGE_CURVE('',#5139,#5141,#6086,.T.);
#3788=EDGE_CURVE('',#5064,#5137,#6087,.T.);
#3789=EDGE_CURVE('',#5136,#5065,#6088,.F.);
#3790=EDGE_CURVE('',#5066,#5135,#6089,.T.);
#3791=EDGE_CURVE('',#5067,#5134,#6090,.T.);
#3792=EDGE_CURVE('',#5133,#5068,#6091,.F.);
#3793=EDGE_CURVE('',#5131,#5070,#6092,.F.);
#3794=EDGE_CURVE('',#5069,#5132,#6093,.T.);
#3795=EDGE_CURVE('',#5129,#5061,#6094,.F.);
#3796=EDGE_CURVE('',#5060,#5130,#6095,.T.);
#3797=EDGE_CURVE('',#5062,#5127,#6096,.T.);
#3798=EDGE_CURVE('',#5128,#5063,#6097,.F.);
#3799=EDGE_CURVE('',#4995,#5139,#6098,.T.);
#3800=EDGE_CURVE('',#4994,#5138,#6099,.T.);
#3801=EDGE_CURVE('',#4993,#5142,#6100,.T.);
#3802=EDGE_CURVE('',#5142,#5143,#6101,.T.);
#3803=EDGE_CURVE('',#4991,#5143,#6102,.T.);
#3804=EDGE_CURVE('',#4997,#5140,#6103,.T.);
#3805=EDGE_CURVE('',#4996,#5141,#6104,.T.);
#3806=EDGE_CURVE('',#5144,#5145,#6105,.T.);
#3807=EDGE_CURVE('',#5145,#5146,#6106,.F.);
#3808=EDGE_CURVE('',#5147,#5146,#6107,.T.);
#3809=EDGE_CURVE('',#5144,#5147,#6108,.T.);
#3810=EDGE_CURVE('',#5148,#5149,#6109,.T.);
#3811=EDGE_CURVE('',#5148,#5150,#6110,.T.);
#3812=EDGE_CURVE('',#5150,#5151,#6111,.F.);
#3813=EDGE_CURVE('',#5149,#5151,#6112,.T.);
#3814=EDGE_CURVE('',#5152,#5153,#6113,.T.);
#3815=EDGE_CURVE('',#5152,#5154,#6114,.T.);
#3816=EDGE_CURVE('',#5154,#5155,#6115,.F.);
#3817=EDGE_CURVE('',#5153,#5155,#6116,.T.);
#3818=EDGE_CURVE('',#5156,#5157,#6117,.T.);
#3819=EDGE_CURVE('',#5156,#5158,#6118,.F.);
#3820=EDGE_CURVE('',#5159,#5158,#6119,.T.);
#3821=EDGE_CURVE('',#5157,#5159,#6120,.T.);
#3822=EDGE_CURVE('',#5020,#5003,#6121,.T.);
#3823=EDGE_CURVE('',#5021,#5002,#6122,.T.);
#3824=EDGE_CURVE('',#5018,#5005,#6123,.T.);
#3825=EDGE_CURVE('',#5019,#5004,#6124,.T.);
#3826=EDGE_CURVE('',#5016,#5007,#6125,.T.);
#3827=EDGE_CURVE('',#5017,#5006,#6126,.T.);
#3828=EDGE_CURVE('',#5014,#5009,#6127,.F.);
#3829=EDGE_CURVE('',#5015,#5008,#6128,.T.);
#3830=EDGE_CURVE('',#5160,#5156,#6129,.F.);
#3831=EDGE_CURVE('',#5160,#5052,#22,.T.);
#3832=EDGE_CURVE('',#5053,#5146,#6130,.F.);
#3833=EDGE_CURVE('',#4929,#5145,#6131,.F.);
#3834=EDGE_CURVE('',#5151,#4928,#6132,.F.);
#3835=EDGE_CURVE('',#4921,#5150,#6133,.F.);
#3836=EDGE_CURVE('',#5155,#4920,#6134,.F.);
#3837=EDGE_CURVE('',#4913,#5154,#6135,.F.);
#3838=EDGE_CURVE('',#5158,#4912,#6136,.F.);
#3839=EDGE_CURVE('',#5054,#5161,#23,.T.);
#3840=EDGE_CURVE('',#5161,#5157,#6137,.T.);
#3841=EDGE_CURVE('',#5159,#4915,#6138,.T.);
#3842=EDGE_CURVE('',#4917,#5152,#6139,.T.);
#3843=EDGE_CURVE('',#5153,#4923,#6140,.T.);
#3844=EDGE_CURVE('',#4925,#5148,#6141,.T.);
#3845=EDGE_CURVE('',#5149,#4931,#6142,.T.);
#3846=EDGE_CURVE('',#4933,#5144,#6143,.T.);
#3847=EDGE_CURVE('',#5055,#5147,#6144,.T.);
#3848=EDGE_CURVE('',#5162,#5163,#6145,.T.);
#3849=EDGE_CURVE('',#5163,#5164,#6146,.F.);
#3850=EDGE_CURVE('',#5165,#5164,#6147,.T.);
#3851=EDGE_CURVE('',#5162,#5165,#6148,.T.);
#3852=EDGE_CURVE('',#5166,#5167,#6149,.T.);
#3853=EDGE_CURVE('',#5166,#5168,#6150,.T.);
#3854=EDGE_CURVE('',#5168,#5169,#6151,.F.);
#3855=EDGE_CURVE('',#5167,#5169,#6152,.T.);
#3856=EDGE_CURVE('',#5170,#5171,#6153,.T.);
#3857=EDGE_CURVE('',#5170,#5172,#6154,.T.);
#3858=EDGE_CURVE('',#5172,#5173,#6155,.F.);
#3859=EDGE_CURVE('',#5171,#5173,#6156,.T.);
#3860=EDGE_CURVE('',#5174,#5175,#6157,.T.);
#3861=EDGE_CURVE('',#5174,#5176,#6158,.F.);
#3862=EDGE_CURVE('',#5177,#5176,#6159,.T.);
#3863=EDGE_CURVE('',#5175,#5177,#6160,.T.);
#3864=EDGE_CURVE('',#5040,#5031,#6161,.T.);
#3865=EDGE_CURVE('',#5041,#5030,#6162,.T.);
#3866=EDGE_CURVE('',#5042,#5029,#6163,.T.);
#3867=EDGE_CURVE('',#5043,#5028,#6164,.T.);
#3868=EDGE_CURVE('',#5044,#5027,#6165,.T.);
#3869=EDGE_CURVE('',#5045,#5026,#6166,.T.);
#3870=EDGE_CURVE('',#5178,#5174,#6167,.F.);
#3871=EDGE_CURVE('',#5178,#5056,#24,.T.);
#3872=EDGE_CURVE('',#5057,#5164,#6168,.F.);
#3873=EDGE_CURVE('',#4985,#5163,#6169,.F.);
#3874=EDGE_CURVE('',#5169,#4984,#6170,.F.);
#3875=EDGE_CURVE('',#4977,#5168,#6171,.F.);
#3876=EDGE_CURVE('',#5173,#4976,#6172,.F.);
#3877=EDGE_CURVE('',#4969,#5172,#6173,.F.);
#3878=EDGE_CURVE('',#5176,#4968,#6174,.F.);
#3879=EDGE_CURVE('',#5038,#5033,#6175,.F.);
#3880=EDGE_CURVE('',#5039,#5032,#6176,.T.);
#3881=EDGE_CURVE('',#5059,#5165,#6177,.T.);
#3882=EDGE_CURVE('',#5058,#5179,#25,.T.);
#3883=EDGE_CURVE('',#5179,#5175,#6178,.T.);
#3884=EDGE_CURVE('',#5177,#4971,#6179,.T.);
#3885=EDGE_CURVE('',#4973,#5170,#6180,.T.);
#3886=EDGE_CURVE('',#5171,#4979,#6181,.T.);
#3887=EDGE_CURVE('',#4981,#5166,#6182,.T.);
#3888=EDGE_CURVE('',#5167,#4987,#6183,.T.);
#3889=EDGE_CURVE('',#4989,#5162,#6184,.T.);
#3890=EDGE_CURVE('',#5179,#5178,#6185,.T.);
#3891=EDGE_CURVE('',#5161,#5160,#6186,.T.);
#3892=EDGE_CURVE('',#5180,#5143,#6187,.T.);
#3893=EDGE_CURVE('',#4990,#5180,#6188,.T.);
#3894=EDGE_CURVE('',#4992,#5181,#6189,.T.);
#3895=EDGE_CURVE('',#5181,#5142,#6190,.T.);
#3896=EDGE_CURVE('',#5181,#5180,#6191,.T.);
#3897=EDGE_CURVE('',#5182,#5086,#6192,.T.);
#3898=EDGE_CURVE('',#5183,#5085,#6193,.T.);
#3899=EDGE_CURVE('',#5182,#5183,#6194,.T.);
#3900=EDGE_CURVE('',#4989,#5184,#6195,.T.);
#3901=EDGE_CURVE('',#5185,#5184,#6196,.T.);
#3902=EDGE_CURVE('',#5162,#5185,#6197,.T.);
#3903=EDGE_CURVE('',#5182,#5186,#6198,.T.);
#3904=EDGE_CURVE('',#5186,#4988,#6199,.T.);
#3905=EDGE_CURVE('',#4985,#5187,#6200,.T.);
#3906=EDGE_CURVE('',#5163,#5188,#6201,.T.);
#3907=EDGE_CURVE('',#5188,#5187,#6202,.T.);
#3908=EDGE_CURVE('',#5189,#4982,#6203,.T.);
#3909=EDGE_CURVE('',#5183,#5189,#6204,.T.);
#3910=EDGE_CURVE('',#5185,#5188,#6205,.T.);
#3911=EDGE_CURVE('',#5184,#5187,#6206,.T.);
#3912=EDGE_CURVE('',#5186,#5189,#6207,.T.);
#3913=EDGE_CURVE('',#5190,#5083,#6208,.T.);
#3914=EDGE_CURVE('',#5191,#4986,#6209,.T.);
#3915=EDGE_CURVE('',#5190,#5191,#6210,.T.);
#3916=EDGE_CURVE('',#5190,#5192,#6211,.T.);
#3917=EDGE_CURVE('',#5192,#5084,#6212,.T.);
#3918=EDGE_CURVE('',#5192,#5193,#6213,.T.);
#3919=EDGE_CURVE('',#5193,#4983,#6214,.T.);
#3920=EDGE_CURVE('',#5167,#5194,#6215,.T.);
#3921=EDGE_CURVE('',#5194,#5195,#6216,.T.);
#3922=EDGE_CURVE('',#4987,#5195,#6217,.T.);
#3923=EDGE_CURVE('',#5169,#5196,#6218,.T.);
#3924=EDGE_CURVE('',#5194,#5196,#6219,.T.);
#3925=EDGE_CURVE('',#4984,#5197,#6220,.T.);
#3926=EDGE_CURVE('',#5196,#5197,#6221,.T.);
#3927=EDGE_CURVE('',#5195,#5197,#6222,.T.);
#3928=EDGE_CURVE('',#5191,#5193,#6223,.T.);
#3929=EDGE_CURVE('',#5198,#5090,#6224,.T.);
#3930=EDGE_CURVE('',#5199,#5089,#6225,.T.);
#3931=EDGE_CURVE('',#5198,#5199,#6226,.T.);
#3932=EDGE_CURVE('',#4981,#5200,#6227,.T.);
#3933=EDGE_CURVE('',#5201,#5200,#6228,.T.);
#3934=EDGE_CURVE('',#5166,#5201,#6229,.T.);
#3935=EDGE_CURVE('',#5198,#5202,#6230,.T.);
#3936=EDGE_CURVE('',#5202,#4980,#6231,.T.);
#3937=EDGE_CURVE('',#4977,#5203,#6232,.T.);
#3938=EDGE_CURVE('',#5168,#5204,#6233,.T.);
#3939=EDGE_CURVE('',#5204,#5203,#6234,.T.);
#3940=EDGE_CURVE('',#5205,#4974,#6235,.T.);
#3941=EDGE_CURVE('',#5199,#5205,#6236,.T.);
#3942=EDGE_CURVE('',#5201,#5204,#6237,.T.);
#3943=EDGE_CURVE('',#5200,#5203,#6238,.T.);
#3944=EDGE_CURVE('',#5202,#5205,#6239,.T.);
#3945=EDGE_CURVE('',#5206,#5087,#6240,.T.);
#3946=EDGE_CURVE('',#5206,#5207,#6241,.T.);
#3947=EDGE_CURVE('',#5207,#5088,#6242,.T.);
#3948=EDGE_CURVE('',#5207,#5208,#6243,.T.);
#3949=EDGE_CURVE('',#5208,#4975,#6244,.T.);
#3950=EDGE_CURVE('',#5209,#4978,#6245,.T.);
#3951=EDGE_CURVE('',#5206,#5209,#6246,.T.);
#3952=EDGE_CURVE('',#5171,#5210,#6247,.T.);
#3953=EDGE_CURVE('',#5173,#5211,#6248,.T.);
#3954=EDGE_CURVE('',#5210,#5211,#6249,.T.);
#3955=EDGE_CURVE('',#4976,#5212,#6250,.T.);
#3956=EDGE_CURVE('',#5211,#5212,#6251,.T.);
#3957=EDGE_CURVE('',#5213,#5212,#6252,.T.);
#3958=EDGE_CURVE('',#5209,#5208,#6253,.T.);
#3959=EDGE_CURVE('',#4979,#5213,#6254,.T.);
#3960=EDGE_CURVE('',#5210,#5213,#6255,.T.);
#3961=EDGE_CURVE('',#5214,#5094,#6256,.T.);
#3962=EDGE_CURVE('',#5215,#5093,#6257,.T.);
#3963=EDGE_CURVE('',#5214,#5215,#6258,.T.);
#3964=EDGE_CURVE('',#4973,#5216,#6259,.T.);
#3965=EDGE_CURVE('',#5217,#5216,#6260,.T.);
#3966=EDGE_CURVE('',#5170,#5217,#6261,.T.);
#3967=EDGE_CURVE('',#5214,#5218,#6262,.T.);
#3968=EDGE_CURVE('',#5218,#4972,#6263,.T.);
#3969=EDGE_CURVE('',#4969,#5219,#6264,.T.);
#3970=EDGE_CURVE('',#5172,#5220,#6265,.T.);
#3971=EDGE_CURVE('',#5220,#5219,#6266,.T.);
#3972=EDGE_CURVE('',#5221,#4966,#6267,.T.);
#3973=EDGE_CURVE('',#5215,#5221,#6268,.T.);
#3974=EDGE_CURVE('',#5217,#5220,#6269,.T.);
#3975=EDGE_CURVE('',#5216,#5219,#6270,.T.);
#3976=EDGE_CURVE('',#5218,#5221,#6271,.T.);
#3977=EDGE_CURVE('',#5222,#5091,#6272,.T.);
#3978=EDGE_CURVE('',#5222,#5223,#6273,.T.);
#3979=EDGE_CURVE('',#5223,#5092,#6274,.T.);
#3980=EDGE_CURVE('',#5223,#5224,#6275,.T.);
#3981=EDGE_CURVE('',#5224,#4967,#6276,.T.);
#3982=EDGE_CURVE('',#5225,#4970,#6277,.T.);
#3983=EDGE_CURVE('',#5222,#5225,#6278,.T.);
#3984=EDGE_CURVE('',#5177,#5226,#6279,.T.);
#3985=EDGE_CURVE('',#5176,#5227,#6280,.T.);
#3986=EDGE_CURVE('',#5226,#5227,#6281,.T.);
#3987=EDGE_CURVE('',#4968,#5228,#6282,.T.);
#3988=EDGE_CURVE('',#5227,#5228,#6283,.T.);
#3989=EDGE_CURVE('',#5229,#5228,#6284,.T.);
#3990=EDGE_CURVE('',#5225,#5224,#6285,.T.);
#3991=EDGE_CURVE('',#4971,#5229,#6286,.T.);
#3992=EDGE_CURVE('',#5226,#5229,#6287,.T.);
#3993=EDGE_CURVE('',#5230,#5098,#6288,.T.);
#3994=EDGE_CURVE('',#5231,#5097,#6289,.T.);
#3995=EDGE_CURVE('',#5230,#5231,#6290,.T.);
#3996=EDGE_CURVE('',#4965,#5232,#6291,.T.);
#3997=EDGE_CURVE('',#5046,#5232,#6292,.T.);
#3998=EDGE_CURVE('',#5230,#5233,#6293,.T.);
#3999=EDGE_CURVE('',#5233,#4964,#6294,.T.);
#4000=EDGE_CURVE('',#4961,#5234,#6295,.T.);
#4001=EDGE_CURVE('',#5047,#5234,#6296,.T.);
#4002=EDGE_CURVE('',#5235,#4958,#6297,.T.);
#4003=EDGE_CURVE('',#5231,#5235,#6298,.T.);
#4004=EDGE_CURVE('',#5232,#5234,#6299,.T.);
#4005=EDGE_CURVE('',#5233,#5235,#6300,.T.);
#4006=EDGE_CURVE('',#5236,#5095,#6301,.T.);
#4007=EDGE_CURVE('',#5236,#5237,#6302,.T.);
#4008=EDGE_CURVE('',#5237,#5096,#6303,.T.);
#4009=EDGE_CURVE('',#5237,#5238,#6304,.T.);
#4010=EDGE_CURVE('',#5238,#4959,#6305,.T.);
#4011=EDGE_CURVE('',#5239,#4962,#6306,.T.);
#4012=EDGE_CURVE('',#5236,#5239,#6307,.T.);
#4013=EDGE_CURVE('',#5045,#5240,#6308,.T.);
#4014=EDGE_CURVE('',#5026,#5241,#6309,.T.);
#4015=EDGE_CURVE('',#5240,#5241,#6310,.T.);
#4016=EDGE_CURVE('',#4960,#5242,#6311,.T.);
#4017=EDGE_CURVE('',#5241,#5242,#6312,.T.);
#4018=EDGE_CURVE('',#5243,#5242,#6313,.T.);
#4019=EDGE_CURVE('',#5239,#5238,#6314,.T.);
#4020=EDGE_CURVE('',#4963,#5243,#6315,.T.);
#4021=EDGE_CURVE('',#5240,#5243,#6316,.T.);
#4022=EDGE_CURVE('',#5244,#5080,#6317,.T.);
#4023=EDGE_CURVE('',#5245,#5079,#6318,.T.);
#4024=EDGE_CURVE('',#5244,#5245,#6319,.T.);
#4025=EDGE_CURVE('',#4957,#5246,#6320,.T.);
#4026=EDGE_CURVE('',#5247,#5246,#6321,.T.);
#4027=EDGE_CURVE('',#5044,#5247,#6322,.T.);
#4028=EDGE_CURVE('',#5244,#5248,#6323,.T.);
#4029=EDGE_CURVE('',#5248,#4956,#6324,.T.);
#4030=EDGE_CURVE('',#4953,#5249,#6325,.T.);
#4031=EDGE_CURVE('',#5027,#5250,#6326,.T.);
#4032=EDGE_CURVE('',#5250,#5249,#6327,.T.);
#4033=EDGE_CURVE('',#5251,#4950,#6328,.T.);
#4034=EDGE_CURVE('',#5245,#5251,#6329,.T.);
#4035=EDGE_CURVE('',#5247,#5250,#6330,.T.);
#4036=EDGE_CURVE('',#5246,#5249,#6331,.T.);
#4037=EDGE_CURVE('',#5248,#5251,#6332,.T.);
#4038=EDGE_CURVE('',#5252,#5081,#6333,.T.);
#4039=EDGE_CURVE('',#5252,#5253,#6334,.T.);
#4040=EDGE_CURVE('',#5253,#5082,#6335,.T.);
#4041=EDGE_CURVE('',#5253,#5254,#6336,.T.);
#4042=EDGE_CURVE('',#5254,#4951,#6337,.T.);
#4043=EDGE_CURVE('',#5255,#4954,#6338,.T.);
#4044=EDGE_CURVE('',#5252,#5255,#6339,.T.);
#4045=EDGE_CURVE('',#5043,#5256,#6340,.T.);
#4046=EDGE_CURVE('',#5028,#5257,#6341,.T.);
#4047=EDGE_CURVE('',#5256,#5257,#6342,.T.);
#4048=EDGE_CURVE('',#4952,#5258,#6343,.T.);
#4049=EDGE_CURVE('',#5257,#5258,#6344,.T.);
#4050=EDGE_CURVE('',#5259,#5258,#6345,.T.);
#4051=EDGE_CURVE('',#5255,#5254,#6346,.T.);
#4052=EDGE_CURVE('',#4955,#5259,#6347,.T.);
#4053=EDGE_CURVE('',#5256,#5259,#6348,.T.);
#4054=EDGE_CURVE('',#5260,#5076,#6349,.T.);
#4055=EDGE_CURVE('',#5261,#5075,#6350,.T.);
#4056=EDGE_CURVE('',#5260,#5261,#6351,.T.);
#4057=EDGE_CURVE('',#4949,#5262,#6352,.T.);
#4058=EDGE_CURVE('',#5263,#5262,#6353,.T.);
#4059=EDGE_CURVE('',#5042,#5263,#6354,.T.);
#4060=EDGE_CURVE('',#5260,#5264,#6355,.T.);
#4061=EDGE_CURVE('',#5264,#4948,#6356,.T.);
#4062=EDGE_CURVE('',#4945,#5265,#6357,.T.);
#4063=EDGE_CURVE('',#5029,#5266,#6358,.T.);
#4064=EDGE_CURVE('',#5266,#5265,#6359,.T.);
#4065=EDGE_CURVE('',#5267,#4942,#6360,.T.);
#4066=EDGE_CURVE('',#5261,#5267,#6361,.T.);
#4067=EDGE_CURVE('',#5263,#5266,#6362,.T.);
#4068=EDGE_CURVE('',#5262,#5265,#6363,.T.);
#4069=EDGE_CURVE('',#5264,#5267,#6364,.T.);
#4070=EDGE_CURVE('',#5268,#5077,#6365,.T.);
#4071=EDGE_CURVE('',#5268,#5269,#6366,.T.);
#4072=EDGE_CURVE('',#5269,#5078,#6367,.T.);
#4073=EDGE_CURVE('',#5269,#5270,#6368,.T.);
#4074=EDGE_CURVE('',#5270,#4943,#6369,.T.);
#4075=EDGE_CURVE('',#5271,#4946,#6370,.T.);
#4076=EDGE_CURVE('',#5268,#5271,#6371,.T.);
#4077=EDGE_CURVE('',#5041,#5272,#6372,.T.);
#4078=EDGE_CURVE('',#5030,#5273,#6373,.T.);
#4079=EDGE_CURVE('',#5272,#5273,#6374,.T.);
#4080=EDGE_CURVE('',#4944,#5274,#6375,.T.);
#4081=EDGE_CURVE('',#5273,#5274,#6376,.T.);
#4082=EDGE_CURVE('',#5275,#5274,#6377,.T.);
#4083=EDGE_CURVE('',#5271,#5270,#6378,.T.);
#4084=EDGE_CURVE('',#4947,#5275,#6379,.T.);
#4085=EDGE_CURVE('',#5272,#5275,#6380,.T.);
#4086=EDGE_CURVE('',#5276,#5072,#6381,.T.);
#4087=EDGE_CURVE('',#5277,#5071,#6382,.T.);
#4088=EDGE_CURVE('',#5276,#5277,#6383,.T.);
#4089=EDGE_CURVE('',#4941,#5278,#6384,.T.);
#4090=EDGE_CURVE('',#5279,#5278,#6385,.T.);
#4091=EDGE_CURVE('',#5040,#5279,#6386,.T.);
#4092=EDGE_CURVE('',#5276,#5280,#6387,.T.);
#4093=EDGE_CURVE('',#5280,#4940,#6388,.T.);
#4094=EDGE_CURVE('',#4937,#5281,#6389,.T.);
#4095=EDGE_CURVE('',#5031,#5282,#6390,.T.);
#4096=EDGE_CURVE('',#5282,#5281,#6391,.T.);
#4097=EDGE_CURVE('',#5283,#4934,#6392,.T.);
#4098=EDGE_CURVE('',#5277,#5283,#6393,.T.);
#4099=EDGE_CURVE('',#5279,#5282,#6394,.T.);
#4100=EDGE_CURVE('',#5278,#5281,#6395,.T.);
#4101=EDGE_CURVE('',#5280,#5283,#6396,.T.);
#4102=EDGE_CURVE('',#5284,#5073,#6397,.T.);
#4103=EDGE_CURVE('',#5284,#5285,#6398,.T.);
#4104=EDGE_CURVE('',#5285,#5074,#6399,.T.);
#4105=EDGE_CURVE('',#5285,#5286,#6400,.T.);
#4106=EDGE_CURVE('',#5286,#4935,#6401,.T.);
#4107=EDGE_CURVE('',#5287,#4938,#6402,.T.);
#4108=EDGE_CURVE('',#5284,#5287,#6403,.T.);
#4109=EDGE_CURVE('',#5039,#5288,#6404,.T.);
#4110=EDGE_CURVE('',#5032,#5289,#6405,.T.);
#4111=EDGE_CURVE('',#5288,#5289,#6406,.T.);
#4112=EDGE_CURVE('',#4936,#5290,#6407,.T.);
#4113=EDGE_CURVE('',#5289,#5290,#6408,.T.);
#4114=EDGE_CURVE('',#5291,#5290,#6409,.T.);
#4115=EDGE_CURVE('',#5287,#5286,#6410,.T.);
#4116=EDGE_CURVE('',#4939,#5291,#6411,.T.);
#4117=EDGE_CURVE('',#5288,#5291,#6412,.T.);
#4118=EDGE_CURVE('',#5292,#5106,#6413,.T.);
#4119=EDGE_CURVE('',#5293,#5105,#6414,.T.);
#4120=EDGE_CURVE('',#5292,#5293,#6415,.T.);
#4121=EDGE_CURVE('',#4933,#5294,#6416,.T.);
#4122=EDGE_CURVE('',#5295,#5294,#6417,.T.);
#4123=EDGE_CURVE('',#5144,#5295,#6418,.T.);
#4124=EDGE_CURVE('',#5292,#5296,#6419,.T.);
#4125=EDGE_CURVE('',#5296,#4932,#6420,.T.);
#4126=EDGE_CURVE('',#4929,#5297,#6421,.T.);
#4127=EDGE_CURVE('',#5145,#5298,#6422,.T.);
#4128=EDGE_CURVE('',#5298,#5297,#6423,.T.);
#4129=EDGE_CURVE('',#5299,#4926,#6424,.T.);
#4130=EDGE_CURVE('',#5293,#5299,#6425,.T.);
#4131=EDGE_CURVE('',#5295,#5298,#6426,.T.);
#4132=EDGE_CURVE('',#5294,#5297,#6427,.T.);
#4133=EDGE_CURVE('',#5296,#5299,#6428,.T.);
#4134=EDGE_CURVE('',#5300,#5103,#6429,.T.);
#4135=EDGE_CURVE('',#5300,#5301,#6430,.T.);
#4136=EDGE_CURVE('',#5301,#5104,#6431,.T.);
#4137=EDGE_CURVE('',#5301,#5302,#6432,.T.);
#4138=EDGE_CURVE('',#5302,#4927,#6433,.T.);
#4139=EDGE_CURVE('',#5303,#4930,#6434,.T.);
#4140=EDGE_CURVE('',#5300,#5303,#6435,.T.);
#4141=EDGE_CURVE('',#5149,#5304,#6436,.T.);
#4142=EDGE_CURVE('',#5151,#5305,#6437,.T.);
#4143=EDGE_CURVE('',#5304,#5305,#6438,.T.);
#4144=EDGE_CURVE('',#4928,#5306,#6439,.T.);
#4145=EDGE_CURVE('',#5305,#5306,#6440,.T.);
#4146=EDGE_CURVE('',#5307,#5306,#6441,.T.);
#4147=EDGE_CURVE('',#5303,#5302,#6442,.T.);
#4148=EDGE_CURVE('',#4931,#5307,#6443,.T.);
#4149=EDGE_CURVE('',#5304,#5307,#6444,.T.);
#4150=EDGE_CURVE('',#5308,#5110,#6445,.T.);
#4151=EDGE_CURVE('',#5309,#5109,#6446,.T.);
#4152=EDGE_CURVE('',#5308,#5309,#6447,.T.);
#4153=EDGE_CURVE('',#4925,#5310,#6448,.T.);
#4154=EDGE_CURVE('',#5311,#5310,#6449,.T.);
#4155=EDGE_CURVE('',#5148,#5311,#6450,.T.);
#4156=EDGE_CURVE('',#5308,#5312,#6451,.T.);
#4157=EDGE_CURVE('',#5312,#4924,#6452,.T.);
#4158=EDGE_CURVE('',#4921,#5313,#6453,.T.);
#4159=EDGE_CURVE('',#5150,#5314,#6454,.T.);
#4160=EDGE_CURVE('',#5314,#5313,#6455,.T.);
#4161=EDGE_CURVE('',#5315,#4918,#6456,.T.);
#4162=EDGE_CURVE('',#5309,#5315,#6457,.T.);
#4163=EDGE_CURVE('',#5311,#5314,#6458,.T.);
#4164=EDGE_CURVE('',#5310,#5313,#6459,.T.);
#4165=EDGE_CURVE('',#5312,#5315,#6460,.T.);
#4166=EDGE_CURVE('',#5316,#5107,#6461,.T.);
#4167=EDGE_CURVE('',#5316,#5317,#6462,.T.);
#4168=EDGE_CURVE('',#5317,#5108,#6463,.T.);
#4169=EDGE_CURVE('',#5317,#5318,#6464,.T.);
#4170=EDGE_CURVE('',#5318,#4919,#6465,.T.);
#4171=EDGE_CURVE('',#5319,#4922,#6466,.T.);
#4172=EDGE_CURVE('',#5316,#5319,#6467,.T.);
#4173=EDGE_CURVE('',#5153,#5320,#6468,.T.);
#4174=EDGE_CURVE('',#5155,#5321,#6469,.T.);
#4175=EDGE_CURVE('',#5320,#5321,#6470,.T.);
#4176=EDGE_CURVE('',#4920,#5322,#6471,.T.);
#4177=EDGE_CURVE('',#5321,#5322,#6472,.T.);
#4178=EDGE_CURVE('',#5323,#5322,#6473,.T.);
#4179=EDGE_CURVE('',#5319,#5318,#6474,.T.);
#4180=EDGE_CURVE('',#4923,#5323,#6475,.T.);
#4181=EDGE_CURVE('',#5320,#5323,#6476,.T.);
#4182=EDGE_CURVE('',#5324,#5114,#6477,.T.);
#4183=EDGE_CURVE('',#5325,#5113,#6478,.T.);
#4184=EDGE_CURVE('',#5324,#5325,#6479,.T.);
#4185=EDGE_CURVE('',#4917,#5326,#6480,.T.);
#4186=EDGE_CURVE('',#5327,#5326,#6481,.T.);
#4187=EDGE_CURVE('',#5152,#5327,#6482,.T.);
#4188=EDGE_CURVE('',#5324,#5328,#6483,.T.);
#4189=EDGE_CURVE('',#5328,#4916,#6484,.T.);
#4190=EDGE_CURVE('',#4913,#5329,#6485,.T.);
#4191=EDGE_CURVE('',#5154,#5330,#6486,.T.);
#4192=EDGE_CURVE('',#5330,#5329,#6487,.T.);
#4193=EDGE_CURVE('',#5331,#4910,#6488,.T.);
#4194=EDGE_CURVE('',#5325,#5331,#6489,.T.);
#4195=EDGE_CURVE('',#5327,#5330,#6490,.T.);
#4196=EDGE_CURVE('',#5326,#5329,#6491,.T.);
#4197=EDGE_CURVE('',#5328,#5331,#6492,.T.);
#4198=EDGE_CURVE('',#5332,#5111,#6493,.T.);
#4199=EDGE_CURVE('',#5332,#5333,#6494,.T.);
#4200=EDGE_CURVE('',#5333,#5112,#6495,.T.);
#4201=EDGE_CURVE('',#5333,#5334,#6496,.T.);
#4202=EDGE_CURVE('',#5334,#4911,#6497,.T.);
#4203=EDGE_CURVE('',#5335,#4914,#6498,.T.);
#4204=EDGE_CURVE('',#5332,#5335,#6499,.T.);
#4205=EDGE_CURVE('',#5159,#5336,#6500,.T.);
#4206=EDGE_CURVE('',#5158,#5337,#6501,.T.);
#4207=EDGE_CURVE('',#5336,#5337,#6502,.T.);
#4208=EDGE_CURVE('',#4912,#5338,#6503,.T.);
#4209=EDGE_CURVE('',#5337,#5338,#6504,.T.);
#4210=EDGE_CURVE('',#5339,#5338,#6505,.T.);
#4211=EDGE_CURVE('',#5335,#5334,#6506,.T.);
#4212=EDGE_CURVE('',#4915,#5339,#6507,.T.);
#4213=EDGE_CURVE('',#5336,#5339,#6508,.T.);
#4214=EDGE_CURVE('',#5340,#5118,#6509,.T.);
#4215=EDGE_CURVE('',#5341,#5117,#6510,.T.);
#4216=EDGE_CURVE('',#5340,#5341,#6511,.T.);
#4217=EDGE_CURVE('',#4909,#5342,#6512,.T.);
#4218=EDGE_CURVE('',#5048,#5342,#6513,.T.);
#4219=EDGE_CURVE('',#5340,#5343,#6514,.T.);
#4220=EDGE_CURVE('',#5343,#4908,#6515,.T.);
#4221=EDGE_CURVE('',#4905,#5344,#6516,.T.);
#4222=EDGE_CURVE('',#5049,#5344,#6517,.T.);
#4223=EDGE_CURVE('',#5345,#4902,#6518,.T.);
#4224=EDGE_CURVE('',#5341,#5345,#6519,.T.);
#4225=EDGE_CURVE('',#5342,#5344,#6520,.T.);
#4226=EDGE_CURVE('',#5343,#5345,#6521,.T.);
#4227=EDGE_CURVE('',#5346,#5115,#6522,.T.);
#4228=EDGE_CURVE('',#5346,#5347,#6523,.T.);
#4229=EDGE_CURVE('',#5347,#5116,#6524,.T.);
#4230=EDGE_CURVE('',#5347,#5348,#6525,.T.);
#4231=EDGE_CURVE('',#5348,#4903,#6526,.T.);
#4232=EDGE_CURVE('',#5349,#4906,#6527,.T.);
#4233=EDGE_CURVE('',#5346,#5349,#6528,.T.);
#4234=EDGE_CURVE('',#5021,#5350,#6529,.T.);
#4235=EDGE_CURVE('',#5002,#5351,#6530,.T.);
#4236=EDGE_CURVE('',#5350,#5351,#6531,.T.);
#4237=EDGE_CURVE('',#4904,#5352,#6532,.T.);
#4238=EDGE_CURVE('',#5351,#5352,#6533,.T.);
#4239=EDGE_CURVE('',#5353,#5352,#6534,.T.);
#4240=EDGE_CURVE('',#5349,#5348,#6535,.T.);
#4241=EDGE_CURVE('',#4907,#5353,#6536,.T.);
#4242=EDGE_CURVE('',#5350,#5353,#6537,.T.);
#4243=EDGE_CURVE('',#5354,#5122,#6538,.T.);
#4244=EDGE_CURVE('',#5355,#5121,#6539,.T.);
#4245=EDGE_CURVE('',#5354,#5355,#6540,.T.);
#4246=EDGE_CURVE('',#4901,#5356,#6541,.T.);
#4247=EDGE_CURVE('',#5357,#5356,#6542,.T.);
#4248=EDGE_CURVE('',#5020,#5357,#6543,.T.);
#4249=EDGE_CURVE('',#5354,#5358,#6544,.T.);
#4250=EDGE_CURVE('',#5358,#4900,#6545,.T.);
#4251=EDGE_CURVE('',#4897,#5359,#6546,.T.);
#4252=EDGE_CURVE('',#5003,#5360,#6547,.T.);
#4253=EDGE_CURVE('',#5360,#5359,#6548,.T.);
#4254=EDGE_CURVE('',#5361,#4894,#6549,.T.);
#4255=EDGE_CURVE('',#5355,#5361,#6550,.T.);
#4256=EDGE_CURVE('',#5357,#5360,#6551,.T.);
#4257=EDGE_CURVE('',#5356,#5359,#6552,.T.);
#4258=EDGE_CURVE('',#5358,#5361,#6553,.T.);
#4259=EDGE_CURVE('',#5362,#5119,#6554,.T.);
#4260=EDGE_CURVE('',#5362,#5363,#6555,.T.);
#4261=EDGE_CURVE('',#5363,#5120,#6556,.T.);
#4262=EDGE_CURVE('',#5363,#5364,#6557,.T.);
#4263=EDGE_CURVE('',#5364,#4895,#6558,.T.);
#4264=EDGE_CURVE('',#5365,#4898,#6559,.T.);
#4265=EDGE_CURVE('',#5362,#5365,#6560,.T.);
#4266=EDGE_CURVE('',#5019,#5366,#6561,.T.);
#4267=EDGE_CURVE('',#5004,#5367,#6562,.T.);
#4268=EDGE_CURVE('',#5366,#5367,#6563,.T.);
#4269=EDGE_CURVE('',#4896,#5368,#6564,.T.);
#4270=EDGE_CURVE('',#5367,#5368,#6565,.T.);
#4271=EDGE_CURVE('',#5369,#5368,#6566,.T.);
#4272=EDGE_CURVE('',#5365,#5364,#6567,.T.);
#4273=EDGE_CURVE('',#4899,#5369,#6568,.T.);
#4274=EDGE_CURVE('',#5366,#5369,#6569,.T.);
#4275=EDGE_CURVE('',#5370,#5126,#6570,.T.);
#4276=EDGE_CURVE('',#5371,#5125,#6571,.T.);
#4277=EDGE_CURVE('',#5370,#5371,#6572,.T.);
#4278=EDGE_CURVE('',#4893,#5372,#6573,.T.);
#4279=EDGE_CURVE('',#5373,#5372,#6574,.T.);
#4280=EDGE_CURVE('',#5018,#5373,#6575,.T.);
#4281=EDGE_CURVE('',#5370,#5374,#6576,.T.);
#4282=EDGE_CURVE('',#5374,#4892,#6577,.T.);
#4283=EDGE_CURVE('',#4889,#5375,#6578,.T.);
#4284=EDGE_CURVE('',#5005,#5376,#6579,.T.);
#4285=EDGE_CURVE('',#5376,#5375,#6580,.T.);
#4286=EDGE_CURVE('',#5377,#4886,#6581,.T.);
#4287=EDGE_CURVE('',#5371,#5377,#6582,.T.);
#4288=EDGE_CURVE('',#5373,#5376,#6583,.T.);
#4289=EDGE_CURVE('',#5372,#5375,#6584,.T.);
#4290=EDGE_CURVE('',#5374,#5377,#6585,.T.);
#4291=EDGE_CURVE('',#5378,#5123,#6586,.T.);
#4292=EDGE_CURVE('',#5378,#5379,#6587,.T.);
#4293=EDGE_CURVE('',#5379,#5124,#6588,.T.);
#4294=EDGE_CURVE('',#5379,#5380,#6589,.T.);
#4295=EDGE_CURVE('',#5380,#4887,#6590,.T.);
#4296=EDGE_CURVE('',#5381,#4890,#6591,.T.);
#4297=EDGE_CURVE('',#5378,#5381,#6592,.T.);
#4298=EDGE_CURVE('',#5017,#5382,#6593,.T.);
#4299=EDGE_CURVE('',#5006,#5383,#6594,.T.);
#4300=EDGE_CURVE('',#5382,#5383,#6595,.T.);
#4301=EDGE_CURVE('',#4888,#5384,#6596,.T.);
#4302=EDGE_CURVE('',#5383,#5384,#6597,.T.);
#4303=EDGE_CURVE('',#5385,#5384,#6598,.T.);
#4304=EDGE_CURVE('',#5381,#5380,#6599,.T.);
#4305=EDGE_CURVE('',#4891,#5385,#6600,.T.);
#4306=EDGE_CURVE('',#5382,#5385,#6601,.T.);
#4307=EDGE_CURVE('',#5386,#5100,#6602,.T.);
#4308=EDGE_CURVE('',#5387,#5099,#6603,.T.);
#4309=EDGE_CURVE('',#5386,#5387,#6604,.T.);
#4310=EDGE_CURVE('',#4885,#5388,#6605,.T.);
#4311=EDGE_CURVE('',#5389,#5388,#6606,.T.);
#4312=EDGE_CURVE('',#5016,#5389,#6607,.T.);
#4313=EDGE_CURVE('',#5386,#5390,#6608,.T.);
#4314=EDGE_CURVE('',#5390,#4884,#6609,.T.);
#4315=EDGE_CURVE('',#4881,#5391,#6610,.T.);
#4316=EDGE_CURVE('',#5007,#5392,#6611,.T.);
#4317=EDGE_CURVE('',#5392,#5391,#6612,.T.);
#4318=EDGE_CURVE('',#5393,#4878,#6613,.T.);
#4319=EDGE_CURVE('',#5387,#5393,#6614,.T.);
#4320=EDGE_CURVE('',#5389,#5392,#6615,.T.);
#4321=EDGE_CURVE('',#5388,#5391,#6616,.T.);
#4322=EDGE_CURVE('',#5390,#5393,#6617,.T.);
#4323=EDGE_CURVE('',#5394,#5101,#6618,.T.);
#4324=EDGE_CURVE('',#5394,#5395,#6619,.T.);
#4325=EDGE_CURVE('',#5395,#5102,#6620,.T.);
#4326=EDGE_CURVE('',#5395,#5396,#6621,.T.);
#4327=EDGE_CURVE('',#5396,#4879,#6622,.T.);
#4328=EDGE_CURVE('',#5397,#4882,#6623,.T.);
#4329=EDGE_CURVE('',#5394,#5397,#6624,.T.);
#4330=EDGE_CURVE('',#5015,#5398,#6625,.T.);
#4331=EDGE_CURVE('',#5008,#5399,#6626,.T.);
#4332=EDGE_CURVE('',#5398,#5399,#6627,.T.);
#4333=EDGE_CURVE('',#4880,#5400,#6628,.T.);
#4334=EDGE_CURVE('',#5399,#5400,#6629,.T.);
#4335=EDGE_CURVE('',#5401,#5400,#6630,.T.);
#4336=EDGE_CURVE('',#5397,#5396,#6631,.T.);
#4337=EDGE_CURVE('',#4883,#5401,#6632,.T.);
#4338=EDGE_CURVE('',#5398,#5401,#6633,.T.);
#4339=EDGE_CURVE('',#5402,#5402,#505,.T.);
#4340=EDGE_CURVE('',#5403,#5404,#6634,.T.);
#4341=EDGE_CURVE('',#5405,#5404,#6635,.T.);
#4342=EDGE_CURVE('',#5405,#5406,#6636,.T.);
#4343=EDGE_CURVE('',#5406,#5407,#6637,.T.);
#4344=EDGE_CURVE('',#5407,#5408,#6638,.T.);
#4345=EDGE_CURVE('',#5409,#5408,#6639,.T.);
#4346=EDGE_CURVE('',#5410,#5409,#6640,.T.);
#4347=EDGE_CURVE('',#5410,#5411,#6641,.T.);
#4348=EDGE_CURVE('',#5412,#5411,#6642,.T.);
#4349=EDGE_CURVE('',#5413,#5412,#6643,.T.);
#4350=EDGE_CURVE('',#5414,#5413,#6644,.T.);
#4351=EDGE_CURVE('',#5414,#5403,#6645,.T.);
#4352=EDGE_CURVE('',#5415,#5415,#506,.T.);
#4353=EDGE_CURVE('',#5416,#5417,#6646,.T.);
#4354=EDGE_CURVE('',#5418,#5417,#6647,.T.);
#4355=EDGE_CURVE('',#5418,#5419,#6648,.T.);
#4356=EDGE_CURVE('',#5419,#5420,#6649,.T.);
#4357=EDGE_CURVE('',#5420,#5421,#6650,.T.);
#4358=EDGE_CURVE('',#5422,#5421,#6651,.T.);
#4359=EDGE_CURVE('',#5423,#5422,#6652,.T.);
#4360=EDGE_CURVE('',#5423,#5424,#6653,.T.);
#4361=EDGE_CURVE('',#5425,#5424,#6654,.T.);
#4362=EDGE_CURVE('',#5426,#5425,#6655,.T.);
#4363=EDGE_CURVE('',#5427,#5426,#6656,.T.);
#4364=EDGE_CURVE('',#5427,#5416,#6657,.T.);
#4365=EDGE_CURVE('',#5416,#5428,#6658,.T.);
#4366=EDGE_CURVE('',#5428,#5429,#6659,.T.);
#4367=EDGE_CURVE('',#5417,#5429,#6660,.T.);
#4368=EDGE_CURVE('',#5427,#5430,#6661,.T.);
#4369=EDGE_CURVE('',#5430,#5428,#6662,.T.);
#4370=EDGE_CURVE('',#5426,#5431,#6663,.T.);
#4371=EDGE_CURVE('',#5430,#5431,#6664,.T.);
#4372=EDGE_CURVE('',#5425,#5432,#6665,.T.);
#4373=EDGE_CURVE('',#5431,#5432,#6666,.T.);
#4374=EDGE_CURVE('',#5424,#5433,#6667,.T.);
#4375=EDGE_CURVE('',#5432,#5433,#6668,.T.);
#4376=EDGE_CURVE('',#5423,#5434,#6669,.T.);
#4377=EDGE_CURVE('',#5434,#5433,#6670,.T.);
#4378=EDGE_CURVE('',#5422,#5435,#6671,.T.);
#4379=EDGE_CURVE('',#5434,#5435,#6672,.T.);
#4380=EDGE_CURVE('',#5421,#5436,#6673,.T.);
#4381=EDGE_CURVE('',#5435,#5436,#6674,.T.);
#4382=EDGE_CURVE('',#5420,#5437,#6675,.T.);
#4383=EDGE_CURVE('',#5437,#5436,#6676,.T.);
#4384=EDGE_CURVE('',#5419,#5438,#6677,.T.);
#4385=EDGE_CURVE('',#5438,#5437,#6678,.T.);
#4386=EDGE_CURVE('',#5418,#5439,#6679,.T.);
#4387=EDGE_CURVE('',#5439,#5438,#6680,.T.);
#4388=EDGE_CURVE('',#5439,#5429,#6681,.T.);
#4389=EDGE_CURVE('',#5403,#5440,#6682,.T.);
#4390=EDGE_CURVE('',#5440,#5441,#6683,.T.);
#4391=EDGE_CURVE('',#5404,#5441,#6684,.T.);
#4392=EDGE_CURVE('',#5414,#5442,#6685,.T.);
#4393=EDGE_CURVE('',#5442,#5440,#6686,.T.);
#4394=EDGE_CURVE('',#5413,#5443,#6687,.T.);
#4395=EDGE_CURVE('',#5442,#5443,#6688,.T.);
#4396=EDGE_CURVE('',#5412,#5444,#6689,.T.);
#4397=EDGE_CURVE('',#5443,#5444,#6690,.T.);
#4398=EDGE_CURVE('',#5411,#5445,#6691,.T.);
#4399=EDGE_CURVE('',#5444,#5445,#6692,.T.);
#4400=EDGE_CURVE('',#5410,#5446,#6693,.T.);
#4401=EDGE_CURVE('',#5446,#5445,#6694,.T.);
#4402=EDGE_CURVE('',#5409,#5447,#6695,.T.);
#4403=EDGE_CURVE('',#5446,#5447,#6696,.T.);
#4404=EDGE_CURVE('',#5408,#5448,#6697,.T.);
#4405=EDGE_CURVE('',#5447,#5448,#6698,.T.);
#4406=EDGE_CURVE('',#5407,#5449,#6699,.T.);
#4407=EDGE_CURVE('',#5449,#5448,#6700,.T.);
#4408=EDGE_CURVE('',#5406,#5450,#6701,.T.);
#4409=EDGE_CURVE('',#5450,#5449,#6702,.T.);
#4410=EDGE_CURVE('',#5405,#5451,#6703,.T.);
#4411=EDGE_CURVE('',#5451,#5450,#6704,.T.);
#4412=EDGE_CURVE('',#5451,#5441,#6705,.T.);
#4413=EDGE_CURVE('',#5452,#5453,#6706,.T.);
#4414=EDGE_CURVE('',#5452,#5454,#507,.F.);
#4415=EDGE_CURVE('',#5454,#5455,#6707,.T.);
#4416=EDGE_CURVE('',#5453,#5455,#6708,.T.);
#4417=EDGE_CURVE('',#5456,#5457,#508,.T.);
#4418=EDGE_CURVE('',#5456,#5458,#6709,.T.);
#4419=EDGE_CURVE('',#5458,#5459,#6710,.T.);
#4420=EDGE_CURVE('',#5457,#5459,#6711,.T.);
#4421=EDGE_CURVE('',#5456,#5452,#6712,.T.);
#4422=EDGE_CURVE('',#5453,#5460,#6713,.T.);
#4423=EDGE_CURVE('',#5461,#5460,#6714,.T.);
#4424=EDGE_CURVE('',#5462,#5461,#6715,.T.);
#4425=EDGE_CURVE('',#5462,#5463,#6716,.T.);
#4426=EDGE_CURVE('',#5463,#5464,#6717,.T.);
#4427=EDGE_CURVE('',#5464,#5465,#6718,.T.);
#4428=EDGE_CURVE('',#5465,#5458,#6719,.T.);
#4429=EDGE_CURVE('',#5466,#5467,#6720,.T.);
#4430=EDGE_CURVE('',#5468,#5467,#6721,.T.);
#4431=EDGE_CURVE('',#5468,#5469,#6722,.T.);
#4432=EDGE_CURVE('',#5469,#5466,#6723,.T.);
#4433=EDGE_CURVE('',#5470,#5467,#6724,.T.);
#4434=EDGE_CURVE('',#5471,#5470,#6725,.T.);
#4435=EDGE_CURVE('',#5468,#5471,#6726,.T.);
#4436=EDGE_CURVE('',#5472,#5470,#6727,.T.);
#4437=EDGE_CURVE('',#5473,#5472,#6728,.T.);
#4438=EDGE_CURVE('',#5471,#5473,#6729,.T.);
#4439=EDGE_CURVE('',#5474,#5475,#6730,.T.);
#4440=EDGE_CURVE('',#5476,#5475,#6731,.T.);
#4441=EDGE_CURVE('',#5477,#5476,#6732,.T.);
#4442=EDGE_CURVE('',#5474,#5477,#6733,.T.);
#4443=EDGE_CURVE('',#5478,#5476,#6734,.T.);
#4444=EDGE_CURVE('',#5479,#5478,#6735,.T.);
#4445=EDGE_CURVE('',#5477,#5479,#6736,.T.);
#4446=EDGE_CURVE('',#5478,#5480,#6737,.T.);
#4447=EDGE_CURVE('',#5481,#5480,#6738,.T.);
#4448=EDGE_CURVE('',#5481,#5479,#6739,.T.);
#4449=EDGE_CURVE('',#5482,#5483,#6740,.T.);
#4450=EDGE_CURVE('',#5484,#5483,#6741,.T.);
#4451=EDGE_CURVE('',#5485,#5484,#6742,.T.);
#4452=EDGE_CURVE('',#5482,#5485,#6743,.T.);
#4453=EDGE_CURVE('',#5486,#5484,#6744,.T.);
#4454=EDGE_CURVE('',#5487,#5486,#6745,.T.);
#4455=EDGE_CURVE('',#5485,#5487,#6746,.T.);
#4456=EDGE_CURVE('',#5486,#5488,#6747,.T.);
#4457=EDGE_CURVE('',#5489,#5488,#6748,.T.);
#4458=EDGE_CURVE('',#5489,#5487,#6749,.T.);
#4459=EDGE_CURVE('',#5490,#5491,#6750,.T.);
#4460=EDGE_CURVE('',#5492,#5491,#6751,.T.);
#4461=EDGE_CURVE('',#5493,#5492,#6752,.T.);
#4462=EDGE_CURVE('',#5490,#5493,#6753,.T.);
#4463=EDGE_CURVE('',#5494,#5492,#6754,.T.);
#4464=EDGE_CURVE('',#5495,#5494,#6755,.T.);
#4465=EDGE_CURVE('',#5493,#5495,#6756,.T.);
#4466=EDGE_CURVE('',#5494,#5496,#6757,.T.);
#4467=EDGE_CURVE('',#5497,#5496,#6758,.T.);
#4468=EDGE_CURVE('',#5497,#5495,#6759,.T.);
#4469=EDGE_CURVE('',#5498,#5499,#6760,.T.);
#4470=EDGE_CURVE('',#5500,#5499,#6761,.T.);
#4471=EDGE_CURVE('',#5501,#5500,#6762,.T.);
#4472=EDGE_CURVE('',#5498,#5501,#6763,.T.);
#4473=EDGE_CURVE('',#5502,#5500,#6764,.T.);
#4474=EDGE_CURVE('',#5503,#5502,#6765,.T.);
#4475=EDGE_CURVE('',#5501,#5503,#6766,.T.);
#4476=EDGE_CURVE('',#5502,#5504,#6767,.T.);
#4477=EDGE_CURVE('',#5505,#5504,#6768,.T.);
#4478=EDGE_CURVE('',#5505,#5503,#6769,.T.);
#4479=EDGE_CURVE('',#5506,#5507,#6770,.T.);
#4480=EDGE_CURVE('',#5508,#5507,#6771,.T.);
#4481=EDGE_CURVE('',#5509,#5508,#6772,.T.);
#4482=EDGE_CURVE('',#5506,#5509,#6773,.T.);
#4483=EDGE_CURVE('',#5510,#5508,#6774,.T.);
#4484=EDGE_CURVE('',#5511,#5510,#6775,.T.);
#4485=EDGE_CURVE('',#5509,#5511,#6776,.T.);
#4486=EDGE_CURVE('',#5510,#5512,#6777,.T.);
#4487=EDGE_CURVE('',#5513,#5512,#6778,.T.);
#4488=EDGE_CURVE('',#5513,#5511,#6779,.T.);
#4489=EDGE_CURVE('',#5514,#5515,#6780,.T.);
#4490=EDGE_CURVE('',#5516,#5515,#6781,.T.);
#4491=EDGE_CURVE('',#5517,#5516,#6782,.T.);
#4492=EDGE_CURVE('',#5514,#5517,#6783,.T.);
#4493=EDGE_CURVE('',#5518,#5516,#6784,.T.);
#4494=EDGE_CURVE('',#5519,#5518,#6785,.T.);
#4495=EDGE_CURVE('',#5517,#5519,#6786,.T.);
#4496=EDGE_CURVE('',#5518,#5520,#6787,.T.);
#4497=EDGE_CURVE('',#5521,#5520,#6788,.T.);
#4498=EDGE_CURVE('',#5521,#5519,#6789,.T.);
#4499=EDGE_CURVE('',#5522,#5523,#6790,.T.);
#4500=EDGE_CURVE('',#5524,#5523,#6791,.T.);
#4501=EDGE_CURVE('',#5525,#5524,#6792,.T.);
#4502=EDGE_CURVE('',#5522,#5525,#6793,.T.);
#4503=EDGE_CURVE('',#5526,#5524,#6794,.T.);
#4504=EDGE_CURVE('',#5527,#5526,#6795,.T.);
#4505=EDGE_CURVE('',#5525,#5527,#6796,.T.);
#4506=EDGE_CURVE('',#5526,#5528,#6797,.T.);
#4507=EDGE_CURVE('',#5529,#5528,#6798,.T.);
#4508=EDGE_CURVE('',#5529,#5527,#6799,.T.);
#4509=EDGE_CURVE('',#5530,#5531,#6800,.T.);
#4510=EDGE_CURVE('',#5532,#5531,#6801,.T.);
#4511=EDGE_CURVE('',#5533,#5532,#6802,.T.);
#4512=EDGE_CURVE('',#5530,#5533,#6803,.T.);
#4513=EDGE_CURVE('',#5534,#5532,#6804,.T.);
#4514=EDGE_CURVE('',#5535,#5534,#6805,.T.);
#4515=EDGE_CURVE('',#5533,#5535,#6806,.T.);
#4516=EDGE_CURVE('',#5534,#5536,#6807,.T.);
#4517=EDGE_CURVE('',#5537,#5536,#6808,.T.);
#4518=EDGE_CURVE('',#5537,#5535,#6809,.T.);
#4519=EDGE_CURVE('',#5538,#5539,#6810,.T.);
#4520=EDGE_CURVE('',#5540,#5539,#6811,.T.);
#4521=EDGE_CURVE('',#5541,#5540,#6812,.T.);
#4522=EDGE_CURVE('',#5538,#5541,#6813,.T.);
#4523=EDGE_CURVE('',#5542,#5540,#6814,.T.);
#4524=EDGE_CURVE('',#5543,#5542,#6815,.T.);
#4525=EDGE_CURVE('',#5541,#5543,#6816,.T.);
#4526=EDGE_CURVE('',#5542,#5544,#6817,.T.);
#4527=EDGE_CURVE('',#5545,#5544,#6818,.T.);
#4528=EDGE_CURVE('',#5545,#5543,#6819,.T.);
#4529=EDGE_CURVE('',#5546,#5547,#6820,.T.);
#4530=EDGE_CURVE('',#5548,#5547,#6821,.T.);
#4531=EDGE_CURVE('',#5549,#5548,#6822,.T.);
#4532=EDGE_CURVE('',#5546,#5549,#6823,.T.);
#4533=EDGE_CURVE('',#5550,#5548,#6824,.T.);
#4534=EDGE_CURVE('',#5551,#5550,#6825,.T.);
#4535=EDGE_CURVE('',#5549,#5551,#6826,.T.);
#4536=EDGE_CURVE('',#5550,#5552,#6827,.T.);
#4537=EDGE_CURVE('',#5553,#5552,#6828,.T.);
#4538=EDGE_CURVE('',#5553,#5551,#6829,.T.);
#4539=EDGE_CURVE('',#5554,#5555,#6830,.T.);
#4540=EDGE_CURVE('',#5556,#5555,#6831,.T.);
#4541=EDGE_CURVE('',#5557,#5556,#6832,.T.);
#4542=EDGE_CURVE('',#5554,#5557,#6833,.T.);
#4543=EDGE_CURVE('',#5558,#5556,#6834,.T.);
#4544=EDGE_CURVE('',#5559,#5558,#6835,.T.);
#4545=EDGE_CURVE('',#5557,#5559,#6836,.T.);
#4546=EDGE_CURVE('',#5558,#5560,#6837,.T.);
#4547=EDGE_CURVE('',#5561,#5560,#6838,.T.);
#4548=EDGE_CURVE('',#5561,#5559,#6839,.T.);
#4549=EDGE_CURVE('',#5562,#5563,#6840,.T.);
#4550=EDGE_CURVE('',#5564,#5563,#6841,.T.);
#4551=EDGE_CURVE('',#5565,#5564,#6842,.T.);
#4552=EDGE_CURVE('',#5562,#5565,#6843,.T.);
#4553=EDGE_CURVE('',#5566,#5564,#6844,.T.);
#4554=EDGE_CURVE('',#5567,#5566,#6845,.T.);
#4555=EDGE_CURVE('',#5565,#5567,#6846,.T.);
#4556=EDGE_CURVE('',#5566,#5568,#6847,.T.);
#4557=EDGE_CURVE('',#5569,#5568,#6848,.T.);
#4558=EDGE_CURVE('',#5569,#5567,#6849,.T.);
#4559=EDGE_CURVE('',#5570,#5571,#6850,.T.);
#4560=EDGE_CURVE('',#5572,#5571,#6851,.T.);
#4561=EDGE_CURVE('',#5573,#5572,#6852,.T.);
#4562=EDGE_CURVE('',#5570,#5573,#6853,.T.);
#4563=EDGE_CURVE('',#5574,#5572,#6854,.T.);
#4564=EDGE_CURVE('',#5575,#5574,#6855,.T.);
#4565=EDGE_CURVE('',#5573,#5575,#6856,.T.);
#4566=EDGE_CURVE('',#5574,#5576,#6857,.T.);
#4567=EDGE_CURVE('',#5577,#5576,#6858,.T.);
#4568=EDGE_CURVE('',#5577,#5575,#6859,.T.);
#4569=EDGE_CURVE('',#5578,#5579,#6860,.T.);
#4570=EDGE_CURVE('',#5578,#5580,#6861,.F.);
#4571=EDGE_CURVE('',#5580,#5581,#6862,.T.);
#4572=EDGE_CURVE('',#5581,#5582,#6863,.T.);
#4573=EDGE_CURVE('',#5582,#5465,#6864,.T.);
#4574=EDGE_CURVE('',#5464,#5583,#6865,.T.);
#4575=EDGE_CURVE('',#5583,#5579,#6866,.T.);
#4576=EDGE_CURVE('',#5584,#5585,#6867,.T.);
#4577=EDGE_CURVE('',#5584,#5586,#6868,.T.);
#4578=EDGE_CURVE('',#5586,#5587,#6869,.T.);
#4579=EDGE_CURVE('',#5587,#5588,#6870,.F.);
#4580=EDGE_CURVE('',#5461,#5588,#6871,.T.);
#4581=EDGE_CURVE('',#5589,#5460,#6872,.T.);
#4582=EDGE_CURVE('',#5585,#5589,#6873,.T.);
#4583=EDGE_CURVE('',#5480,#5475,#6874,.T.);
#4584=EDGE_CURVE('',#5474,#5481,#6875,.T.);
#4585=EDGE_CURVE('',#5488,#5483,#6876,.T.);
#4586=EDGE_CURVE('',#5482,#5489,#6877,.T.);
#4587=EDGE_CURVE('',#5496,#5491,#6878,.T.);
#4588=EDGE_CURVE('',#5490,#5497,#6879,.T.);
#4589=EDGE_CURVE('',#5504,#5499,#6880,.T.);
#4590=EDGE_CURVE('',#5498,#5505,#6881,.T.);
#4591=EDGE_CURVE('',#5512,#5507,#6882,.T.);
#4592=EDGE_CURVE('',#5506,#5513,#6883,.T.);
#4593=EDGE_CURVE('',#5520,#5515,#6884,.T.);
#4594=EDGE_CURVE('',#5514,#5521,#6885,.T.);
#4595=EDGE_CURVE('',#5528,#5523,#6886,.T.);
#4596=EDGE_CURVE('',#5522,#5529,#6887,.T.);
#4597=EDGE_CURVE('',#5536,#5531,#6888,.T.);
#4598=EDGE_CURVE('',#5530,#5537,#6889,.T.);
#4599=EDGE_CURVE('',#5544,#5539,#6890,.T.);
#4600=EDGE_CURVE('',#5538,#5545,#6891,.T.);
#4601=EDGE_CURVE('',#5552,#5547,#6892,.T.);
#4602=EDGE_CURVE('',#5546,#5553,#6893,.T.);
#4603=EDGE_CURVE('',#5560,#5555,#6894,.T.);
#4604=EDGE_CURVE('',#5554,#5561,#6895,.T.);
#4605=EDGE_CURVE('',#5568,#5563,#6896,.T.);
#4606=EDGE_CURVE('',#5562,#5569,#6897,.T.);
#4607=EDGE_CURVE('',#5576,#5571,#6898,.T.);
#4608=EDGE_CURVE('',#5570,#5577,#6899,.T.);
#4609=EDGE_CURVE('',#5472,#5466,#6900,.T.);
#4610=EDGE_CURVE('',#5469,#5473,#6901,.T.);
#4611=EDGE_CURVE('',#5582,#5589,#6902,.T.);
#4612=EDGE_CURVE('',#5459,#5455,#6903,.T.);
#4613=EDGE_CURVE('',#5590,#5590,#509,.T.);
#4614=EDGE_CURVE('',#5591,#5591,#510,.T.);
#4615=EDGE_CURVE('',#5592,#5592,#511,.T.);
#4616=EDGE_CURVE('',#5593,#5593,#512,.T.);
#4617=EDGE_CURVE('',#5594,#5594,#513,.T.);
#4618=EDGE_CURVE('',#5595,#5595,#514,.T.);
#4619=EDGE_CURVE('',#5596,#5596,#515,.T.);
#4620=EDGE_CURVE('',#5586,#5597,#516,.F.);
#4621=EDGE_CURVE('',#5598,#5597,#6904,.T.);
#4622=EDGE_CURVE('',#5598,#5578,#517,.F.);
#4623=EDGE_CURVE('',#5579,#5599,#518,.F.);
#4624=EDGE_CURVE('',#5599,#5600,#6905,.T.);
#4625=EDGE_CURVE('',#5600,#5587,#519,.F.);
#4626=EDGE_CURVE('',#5601,#5602,#6906,.T.);
#4627=EDGE_CURVE('',#5601,#5603,#6907,.T.);
#4628=EDGE_CURVE('',#5603,#5604,#6908,.T.);
#4629=EDGE_CURVE('',#5602,#5604,#6909,.T.);
#4630=EDGE_CURVE('',#5605,#5606,#6910,.T.);
#4631=EDGE_CURVE('',#5605,#5607,#6911,.T.);
#4632=EDGE_CURVE('',#5607,#5608,#6912,.T.);
#4633=EDGE_CURVE('',#5606,#5608,#6913,.T.);
#4634=EDGE_CURVE('',#5609,#5610,#6914,.T.);
#4635=EDGE_CURVE('',#5609,#5611,#6915,.T.);
#4636=EDGE_CURVE('',#5611,#5612,#6916,.T.);
#4637=EDGE_CURVE('',#5610,#5612,#6917,.T.);
#4638=EDGE_CURVE('',#5613,#5614,#6918,.T.);
#4639=EDGE_CURVE('',#5613,#5615,#6919,.T.);
#4640=EDGE_CURVE('',#5615,#5616,#6920,.T.);
#4641=EDGE_CURVE('',#5614,#5616,#6921,.T.);
#4642=EDGE_CURVE('',#5617,#5618,#6922,.T.);
#4643=EDGE_CURVE('',#5617,#5619,#6923,.T.);
#4644=EDGE_CURVE('',#5619,#5620,#6924,.T.);
#4645=EDGE_CURVE('',#5618,#5620,#6925,.T.);
#4646=EDGE_CURVE('',#5621,#5622,#6926,.T.);
#4647=EDGE_CURVE('',#5621,#5623,#6927,.T.);
#4648=EDGE_CURVE('',#5623,#5624,#6928,.T.);
#4649=EDGE_CURVE('',#5622,#5624,#6929,.T.);
#4650=EDGE_CURVE('',#5625,#5626,#6930,.T.);
#4651=EDGE_CURVE('',#5625,#5627,#6931,.T.);
#4652=EDGE_CURVE('',#5627,#5628,#6932,.T.);
#4653=EDGE_CURVE('',#5626,#5628,#6933,.T.);
#4654=EDGE_CURVE('',#5629,#5630,#6934,.T.);
#4655=EDGE_CURVE('',#5629,#5631,#6935,.T.);
#4656=EDGE_CURVE('',#5631,#5632,#6936,.T.);
#4657=EDGE_CURVE('',#5630,#5632,#6937,.T.);
#4658=EDGE_CURVE('',#5633,#5634,#6938,.T.);
#4659=EDGE_CURVE('',#5633,#5635,#6939,.T.);
#4660=EDGE_CURVE('',#5635,#5636,#6940,.T.);
#4661=EDGE_CURVE('',#5634,#5636,#6941,.T.);
#4662=EDGE_CURVE('',#5637,#5638,#6942,.T.);
#4663=EDGE_CURVE('',#5637,#5639,#6943,.T.);
#4664=EDGE_CURVE('',#5639,#5640,#6944,.T.);
#4665=EDGE_CURVE('',#5638,#5640,#6945,.T.);
#4666=EDGE_CURVE('',#5641,#5642,#6946,.T.);
#4667=EDGE_CURVE('',#5641,#5643,#6947,.T.);
#4668=EDGE_CURVE('',#5643,#5644,#6948,.T.);
#4669=EDGE_CURVE('',#5642,#5644,#6949,.T.);
#4670=EDGE_CURVE('',#5645,#5646,#6950,.T.);
#4671=EDGE_CURVE('',#5645,#5647,#6951,.T.);
#4672=EDGE_CURVE('',#5647,#5648,#6952,.T.);
#4673=EDGE_CURVE('',#5646,#5648,#6953,.T.);
#4674=EDGE_CURVE('',#5649,#5650,#6954,.T.);
#4675=EDGE_CURVE('',#5649,#5651,#6955,.T.);
#4676=EDGE_CURVE('',#5651,#5652,#6956,.T.);
#4677=EDGE_CURVE('',#5650,#5652,#6957,.T.);
#4678=EDGE_CURVE('',#5653,#5654,#6958,.T.);
#4679=EDGE_CURVE('',#5654,#5655,#6959,.T.);
#4680=EDGE_CURVE('',#5656,#5655,#6960,.T.);
#4681=EDGE_CURVE('',#5653,#5656,#6961,.T.);
#4682=EDGE_CURVE('',#5581,#5585,#6962,.T.);
#4683=EDGE_CURVE('',#5597,#5657,#6963,.F.);
#4684=EDGE_CURVE('',#5658,#5657,#6964,.T.);
#4685=EDGE_CURVE('',#5658,#5598,#6965,.T.);
#4686=EDGE_CURVE('',#5657,#5584,#520,.T.);
#4687=EDGE_CURVE('',#5580,#5658,#521,.T.);
#4688=EDGE_CURVE('',#5659,#5462,#6966,.T.);
#4689=EDGE_CURVE('',#5659,#5660,#6967,.T.);
#4690=EDGE_CURVE('',#5660,#5463,#6968,.T.);
#4691=EDGE_CURVE('',#5661,#5662,#6969,.T.);
#4692=EDGE_CURVE('',#5662,#5600,#6970,.T.);
#4693=EDGE_CURVE('',#5599,#5663,#6971,.F.);
#4694=EDGE_CURVE('',#5663,#5664,#6972,.T.);
#4695=EDGE_CURVE('',#5664,#5661,#6973,.F.);
#4696=EDGE_CURVE('',#5588,#5662,#522,.T.);
#4697=EDGE_CURVE('',#5661,#5659,#523,.T.);
#4698=EDGE_CURVE('',#5457,#5454,#6974,.T.);
#4699=EDGE_CURVE('',#5663,#5583,#524,.T.);
#4700=EDGE_CURVE('',#5660,#5664,#525,.F.);
#4701=EDGE_CURVE('',#5665,#5665,#526,.T.);
#4702=EDGE_CURVE('',#5666,#5666,#527,.T.);
#4703=EDGE_CURVE('',#5667,#5667,#528,.T.);
#4704=EDGE_CURVE('',#5668,#5668,#529,.T.);
#4705=EDGE_CURVE('',#5669,#5669,#530,.T.);
#4706=EDGE_CURVE('',#5670,#5670,#531,.T.);
#4707=EDGE_CURVE('',#5671,#5671,#532,.T.);
#4708=EDGE_CURVE('',#5672,#5673,#6975,.T.);
#4709=EDGE_CURVE('',#5673,#5674,#6976,.T.);
#4710=EDGE_CURVE('',#5675,#5674,#6977,.T.);
#4711=EDGE_CURVE('',#5672,#5675,#6978,.T.);
#4712=EDGE_CURVE('',#5673,#5656,#6979,.T.);
#4713=EDGE_CURVE('',#5674,#5655,#6980,.T.);
#4714=EDGE_CURVE('',#5675,#5654,#6981,.T.);
#4715=EDGE_CURVE('',#5672,#5653,#6982,.T.);
#4716=EDGE_CURVE('',#5676,#5677,#6983,.T.);
#4717=EDGE_CURVE('',#5678,#5677,#6984,.T.);
#4718=EDGE_CURVE('',#5679,#5678,#6985,.T.);
#4719=EDGE_CURVE('',#5679,#5676,#6986,.T.);
#4720=EDGE_CURVE('',#5678,#5603,#6987,.T.);
#4721=EDGE_CURVE('',#5677,#5604,#6988,.T.);
#4722=EDGE_CURVE('',#5676,#5602,#6989,.T.);
#4723=EDGE_CURVE('',#5679,#5601,#6990,.T.);
#4724=EDGE_CURVE('',#5680,#5681,#6991,.T.);
#4725=EDGE_CURVE('',#5682,#5681,#6992,.T.);
#4726=EDGE_CURVE('',#5683,#5682,#6993,.T.);
#4727=EDGE_CURVE('',#5683,#5680,#6994,.T.);
#4728=EDGE_CURVE('',#5682,#5607,#6995,.T.);
#4729=EDGE_CURVE('',#5681,#5608,#6996,.T.);
#4730=EDGE_CURVE('',#5680,#5606,#6997,.T.);
#4731=EDGE_CURVE('',#5683,#5605,#6998,.T.);
#4732=EDGE_CURVE('',#5684,#5685,#6999,.T.);
#4733=EDGE_CURVE('',#5686,#5685,#7000,.T.);
#4734=EDGE_CURVE('',#5687,#5686,#7001,.T.);
#4735=EDGE_CURVE('',#5687,#5684,#7002,.T.);
#4736=EDGE_CURVE('',#5686,#5611,#7003,.T.);
#4737=EDGE_CURVE('',#5685,#5612,#7004,.T.);
#4738=EDGE_CURVE('',#5684,#5610,#7005,.T.);
#4739=EDGE_CURVE('',#5687,#5609,#7006,.T.);
#4740=EDGE_CURVE('',#5688,#5689,#7007,.T.);
#4741=EDGE_CURVE('',#5690,#5689,#7008,.T.);
#4742=EDGE_CURVE('',#5691,#5690,#7009,.T.);
#4743=EDGE_CURVE('',#5691,#5688,#7010,.T.);
#4744=EDGE_CURVE('',#5690,#5615,#7011,.T.);
#4745=EDGE_CURVE('',#5689,#5616,#7012,.T.);
#4746=EDGE_CURVE('',#5688,#5614,#7013,.T.);
#4747=EDGE_CURVE('',#5691,#5613,#7014,.T.);
#4748=EDGE_CURVE('',#5692,#5693,#7015,.T.);
#4749=EDGE_CURVE('',#5694,#5693,#7016,.T.);
#4750=EDGE_CURVE('',#5695,#5694,#7017,.T.);
#4751=EDGE_CURVE('',#5695,#5692,#7018,.T.);
#4752=EDGE_CURVE('',#5694,#5619,#7019,.T.);
#4753=EDGE_CURVE('',#5693,#5620,#7020,.T.);
#4754=EDGE_CURVE('',#5692,#5618,#7021,.T.);
#4755=EDGE_CURVE('',#5695,#5617,#7022,.T.);
#4756=EDGE_CURVE('',#5696,#5697,#7023,.T.);
#4757=EDGE_CURVE('',#5698,#5697,#7024,.T.);
#4758=EDGE_CURVE('',#5699,#5698,#7025,.T.);
#4759=EDGE_CURVE('',#5699,#5696,#7026,.T.);
#4760=EDGE_CURVE('',#5698,#5623,#7027,.T.);
#4761=EDGE_CURVE('',#5697,#5624,#7028,.T.);
#4762=EDGE_CURVE('',#5696,#5622,#7029,.T.);
#4763=EDGE_CURVE('',#5699,#5621,#7030,.T.);
#4764=EDGE_CURVE('',#5700,#5701,#7031,.T.);
#4765=EDGE_CURVE('',#5702,#5701,#7032,.T.);
#4766=EDGE_CURVE('',#5703,#5702,#7033,.T.);
#4767=EDGE_CURVE('',#5703,#5700,#7034,.T.);
#4768=EDGE_CURVE('',#5702,#5627,#7035,.T.);
#4769=EDGE_CURVE('',#5701,#5628,#7036,.T.);
#4770=EDGE_CURVE('',#5700,#5626,#7037,.T.);
#4771=EDGE_CURVE('',#5703,#5625,#7038,.T.);
#4772=EDGE_CURVE('',#5704,#5705,#7039,.T.);
#4773=EDGE_CURVE('',#5706,#5705,#7040,.T.);
#4774=EDGE_CURVE('',#5707,#5706,#7041,.T.);
#4775=EDGE_CURVE('',#5707,#5704,#7042,.T.);
#4776=EDGE_CURVE('',#5706,#5631,#7043,.T.);
#4777=EDGE_CURVE('',#5705,#5632,#7044,.T.);
#4778=EDGE_CURVE('',#5704,#5630,#7045,.T.);
#4779=EDGE_CURVE('',#5707,#5629,#7046,.T.);
#4780=EDGE_CURVE('',#5708,#5709,#7047,.T.);
#4781=EDGE_CURVE('',#5710,#5709,#7048,.T.);
#4782=EDGE_CURVE('',#5711,#5710,#7049,.T.);
#4783=EDGE_CURVE('',#5711,#5708,#7050,.T.);
#4784=EDGE_CURVE('',#5710,#5635,#7051,.T.);
#4785=EDGE_CURVE('',#5709,#5636,#7052,.T.);
#4786=EDGE_CURVE('',#5708,#5634,#7053,.T.);
#4787=EDGE_CURVE('',#5711,#5633,#7054,.T.);
#4788=EDGE_CURVE('',#5712,#5713,#7055,.T.);
#4789=EDGE_CURVE('',#5714,#5713,#7056,.T.);
#4790=EDGE_CURVE('',#5715,#5714,#7057,.T.);
#4791=EDGE_CURVE('',#5715,#5712,#7058,.T.);
#4792=EDGE_CURVE('',#5714,#5639,#7059,.T.);
#4793=EDGE_CURVE('',#5713,#5640,#7060,.T.);
#4794=EDGE_CURVE('',#5712,#5638,#7061,.T.);
#4795=EDGE_CURVE('',#5715,#5637,#7062,.T.);
#4796=EDGE_CURVE('',#5716,#5717,#7063,.T.);
#4797=EDGE_CURVE('',#5718,#5717,#7064,.T.);
#4798=EDGE_CURVE('',#5719,#5718,#7065,.T.);
#4799=EDGE_CURVE('',#5719,#5716,#7066,.T.);
#4800=EDGE_CURVE('',#5718,#5643,#7067,.T.);
#4801=EDGE_CURVE('',#5717,#5644,#7068,.T.);
#4802=EDGE_CURVE('',#5716,#5642,#7069,.T.);
#4803=EDGE_CURVE('',#5719,#5641,#7070,.T.);
#4804=EDGE_CURVE('',#5720,#5721,#7071,.T.);
#4805=EDGE_CURVE('',#5722,#5721,#7072,.T.);
#4806=EDGE_CURVE('',#5723,#5722,#7073,.T.);
#4807=EDGE_CURVE('',#5723,#5720,#7074,.T.);
#4808=EDGE_CURVE('',#5722,#5647,#7075,.T.);
#4809=EDGE_CURVE('',#5721,#5648,#7076,.T.);
#4810=EDGE_CURVE('',#5720,#5646,#7077,.T.);
#4811=EDGE_CURVE('',#5723,#5645,#7078,.T.);
#4812=EDGE_CURVE('',#5724,#5725,#7079,.T.);
#4813=EDGE_CURVE('',#5726,#5725,#7080,.T.);
#4814=EDGE_CURVE('',#5727,#5726,#7081,.T.);
#4815=EDGE_CURVE('',#5727,#5724,#7082,.T.);
#4816=EDGE_CURVE('',#5726,#5651,#7083,.T.);
#4817=EDGE_CURVE('',#5725,#5652,#7084,.T.);
#4818=EDGE_CURVE('',#5724,#5650,#7085,.T.);
#4819=EDGE_CURVE('',#5727,#5649,#7086,.T.);
#4820=VERTEX_POINT('',#16564);
#4821=VERTEX_POINT('',#16565);
#4822=VERTEX_POINT('',#16567);
#4823=VERTEX_POINT('',#16569);
#4824=VERTEX_POINT('',#16573);
#4825=VERTEX_POINT('',#16574);
#4826=VERTEX_POINT('',#16576);
#4827=VERTEX_POINT('',#16578);
#4828=VERTEX_POINT('',#16580);
#4829=VERTEX_POINT('',#16582);
#4830=VERTEX_POINT('',#16584);
#4831=VERTEX_POINT('',#16586);
#4832=VERTEX_POINT('',#16590);
#4833=VERTEX_POINT('',#16592);
#4834=VERTEX_POINT('',#16594);
#4835=VERTEX_POINT('',#16596);
#4836=VERTEX_POINT('',#16598);
#4837=VERTEX_POINT('',#16602);
#4838=VERTEX_POINT('',#16604);
#4839=VERTEX_POINT('',#16609);
#4840=VERTEX_POINT('',#16614);
#4841=VERTEX_POINT('',#16615);
#4842=VERTEX_POINT('',#16617);
#4843=VERTEX_POINT('',#16619);
#4844=VERTEX_POINT('',#16623);
#4845=VERTEX_POINT('',#16625);
#4846=VERTEX_POINT('',#16629);
#4847=VERTEX_POINT('',#16631);
#4848=VERTEX_POINT('',#16641);
#4849=VERTEX_POINT('',#16643);
#4850=VERTEX_POINT('',#16645);
#4851=VERTEX_POINT('',#16649);
#4852=VERTEX_POINT('',#16656);
#4853=VERTEX_POINT('',#16658);
#4854=VERTEX_POINT('',#16662);
#4855=VERTEX_POINT('',#16664);
#4856=VERTEX_POINT('',#16666);
#4857=VERTEX_POINT('',#16669);
#4858=VERTEX_POINT('',#16673);
#4859=VERTEX_POINT('',#16675);
#4860=VERTEX_POINT('',#16678);
#4861=VERTEX_POINT('',#16680);
#4862=VERTEX_POINT('',#16696);
#4863=VERTEX_POINT('',#16698);
#4864=VERTEX_POINT('',#16701);
#4865=VERTEX_POINT('',#16704);
#4866=VERTEX_POINT('',#16707);
#4867=VERTEX_POINT('',#16710);
#4868=VERTEX_POINT('',#16713);
#4869=VERTEX_POINT('',#16716);
#4870=VERTEX_POINT('',#16729);
#4871=VERTEX_POINT('',#16733);
#4872=VERTEX_POINT('',#16736);
#4873=VERTEX_POINT('',#16739);
#4874=VERTEX_POINT('',#16744);
#4875=VERTEX_POINT('',#16746);
#4876=VERTEX_POINT('',#16749);
#4877=VERTEX_POINT('',#16751);
#4878=VERTEX_POINT('',#16754);
#4879=VERTEX_POINT('',#16755);
#4880=VERTEX_POINT('',#16757);
#4881=VERTEX_POINT('',#16759);
#4882=VERTEX_POINT('',#16763);
#4883=VERTEX_POINT('',#16764);
#4884=VERTEX_POINT('',#16766);
#4885=VERTEX_POINT('',#16768);
#4886=VERTEX_POINT('',#16772);
#4887=VERTEX_POINT('',#16773);
#4888=VERTEX_POINT('',#16775);
#4889=VERTEX_POINT('',#16777);
#4890=VERTEX_POINT('',#16781);
#4891=VERTEX_POINT('',#16782);
#4892=VERTEX_POINT('',#16784);
#4893=VERTEX_POINT('',#16786);
#4894=VERTEX_POINT('',#16790);
#4895=VERTEX_POINT('',#16791);
#4896=VERTEX_POINT('',#16793);
#4897=VERTEX_POINT('',#16795);
#4898=VERTEX_POINT('',#16799);
#4899=VERTEX_POINT('',#16800);
#4900=VERTEX_POINT('',#16802);
#4901=VERTEX_POINT('',#16804);
#4902=VERTEX_POINT('',#16808);
#4903=VERTEX_POINT('',#16809);
#4904=VERTEX_POINT('',#16811);
#4905=VERTEX_POINT('',#16813);
#4906=VERTEX_POINT('',#16817);
#4907=VERTEX_POINT('',#16818);
#4908=VERTEX_POINT('',#16820);
#4909=VERTEX_POINT('',#16822);
#4910=VERTEX_POINT('',#16826);
#4911=VERTEX_POINT('',#16827);
#4912=VERTEX_POINT('',#16829);
#4913=VERTEX_POINT('',#16831);
#4914=VERTEX_POINT('',#16835);
#4915=VERTEX_POINT('',#16836);
#4916=VERTEX_POINT('',#16838);
#4917=VERTEX_POINT('',#16840);
#4918=VERTEX_POINT('',#16844);
#4919=VERTEX_POINT('',#16845);
#4920=VERTEX_POINT('',#16847);
#4921=VERTEX_POINT('',#16849);
#4922=VERTEX_POINT('',#16853);
#4923=VERTEX_POINT('',#16854);
#4924=VERTEX_POINT('',#16856);
#4925=VERTEX_POINT('',#16858);
#4926=VERTEX_POINT('',#16862);
#4927=VERTEX_POINT('',#16863);
#4928=VERTEX_POINT('',#16865);
#4929=VERTEX_POINT('',#16867);
#4930=VERTEX_POINT('',#16871);
#4931=VERTEX_POINT('',#16872);
#4932=VERTEX_POINT('',#16874);
#4933=VERTEX_POINT('',#16876);
#4934=VERTEX_POINT('',#16880);
#4935=VERTEX_POINT('',#16881);
#4936=VERTEX_POINT('',#16883);
#4937=VERTEX_POINT('',#16885);
#4938=VERTEX_POINT('',#16889);
#4939=VERTEX_POINT('',#16890);
#4940=VERTEX_POINT('',#16892);
#4941=VERTEX_POINT('',#16894);
#4942=VERTEX_POINT('',#16898);
#4943=VERTEX_POINT('',#16899);
#4944=VERTEX_POINT('',#16901);
#4945=VERTEX_POINT('',#16903);
#4946=VERTEX_POINT('',#16907);
#4947=VERTEX_POINT('',#16908);
#4948=VERTEX_POINT('',#16910);
#4949=VERTEX_POINT('',#16912);
#4950=VERTEX_POINT('',#16916);
#4951=VERTEX_POINT('',#16917);
#4952=VERTEX_POINT('',#16919);
#4953=VERTEX_POINT('',#16921);
#4954=VERTEX_POINT('',#16925);
#4955=VERTEX_POINT('',#16926);
#4956=VERTEX_POINT('',#16928);
#4957=VERTEX_POINT('',#16930);
#4958=VERTEX_POINT('',#16934);
#4959=VERTEX_POINT('',#16935);
#4960=VERTEX_POINT('',#16937);
#4961=VERTEX_POINT('',#16939);
#4962=VERTEX_POINT('',#16943);
#4963=VERTEX_POINT('',#16944);
#4964=VERTEX_POINT('',#16946);
#4965=VERTEX_POINT('',#16948);
#4966=VERTEX_POINT('',#16952);
#4967=VERTEX_POINT('',#16953);
#4968=VERTEX_POINT('',#16955);
#4969=VERTEX_POINT('',#16957);
#4970=VERTEX_POINT('',#16961);
#4971=VERTEX_POINT('',#16962);
#4972=VERTEX_POINT('',#16964);
#4973=VERTEX_POINT('',#16966);
#4974=VERTEX_POINT('',#16970);
#4975=VERTEX_POINT('',#16971);
#4976=VERTEX_POINT('',#16973);
#4977=VERTEX_POINT('',#16975);
#4978=VERTEX_POINT('',#16979);
#4979=VERTEX_POINT('',#16980);
#4980=VERTEX_POINT('',#16982);
#4981=VERTEX_POINT('',#16984);
#4982=VERTEX_POINT('',#16988);
#4983=VERTEX_POINT('',#16989);
#4984=VERTEX_POINT('',#16991);
#4985=VERTEX_POINT('',#16993);
#4986=VERTEX_POINT('',#16997);
#4987=VERTEX_POINT('',#16998);
#4988=VERTEX_POINT('',#17000);
#4989=VERTEX_POINT('',#17002);
#4990=VERTEX_POINT('',#17006);
#4991=VERTEX_POINT('',#17007);
#4992=VERTEX_POINT('',#17009);
#4993=VERTEX_POINT('',#17011);
#4994=VERTEX_POINT('',#17013);
#4995=VERTEX_POINT('',#17015);
#4996=VERTEX_POINT('',#17017);
#4997=VERTEX_POINT('',#17019);
#4998=VERTEX_POINT('',#17023);
#4999=VERTEX_POINT('',#17024);
#5000=VERTEX_POINT('',#17026);
#5001=VERTEX_POINT('',#17028);
#5002=VERTEX_POINT('',#17031);
#5003=VERTEX_POINT('',#17033);
#5004=VERTEX_POINT('',#17036);
#5005=VERTEX_POINT('',#17038);
#5006=VERTEX_POINT('',#17041);
#5007=VERTEX_POINT('',#17043);
#5008=VERTEX_POINT('',#17046);
#5009=VERTEX_POINT('',#17048);
#5010=VERTEX_POINT('',#17052);
#5011=VERTEX_POINT('',#17053);
#5012=VERTEX_POINT('',#17055);
#5013=VERTEX_POINT('',#17057);
#5014=VERTEX_POINT('',#17059);
#5015=VERTEX_POINT('',#17061);
#5016=VERTEX_POINT('',#17064);
#5017=VERTEX_POINT('',#17066);
#5018=VERTEX_POINT('',#17069);
#5019=VERTEX_POINT('',#17071);
#5020=VERTEX_POINT('',#17074);
#5021=VERTEX_POINT('',#17076);
#5022=VERTEX_POINT('',#17081);
#5023=VERTEX_POINT('',#17082);
#5024=VERTEX_POINT('',#17084);
#5025=VERTEX_POINT('',#17086);
#5026=VERTEX_POINT('',#17089);
#5027=VERTEX_POINT('',#17091);
#5028=VERTEX_POINT('',#17094);
#5029=VERTEX_POINT('',#17096);
#5030=VERTEX_POINT('',#17099);
#5031=VERTEX_POINT('',#17101);
#5032=VERTEX_POINT('',#17104);
#5033=VERTEX_POINT('',#17106);
#5034=VERTEX_POINT('',#17110);
#5035=VERTEX_POINT('',#17111);
#5036=VERTEX_POINT('',#17113);
#5037=VERTEX_POINT('',#17115);
#5038=VERTEX_POINT('',#17117);
#5039=VERTEX_POINT('',#17119);
#5040=VERTEX_POINT('',#17122);
#5041=VERTEX_POINT('',#17124);
#5042=VERTEX_POINT('',#17127);
#5043=VERTEX_POINT('',#17129);
#5044=VERTEX_POINT('',#17132);
#5045=VERTEX_POINT('',#17134);
#5046=VERTEX_POINT('',#17139);
#5047=VERTEX_POINT('',#17141);
#5048=VERTEX_POINT('',#17146);
#5049=VERTEX_POINT('',#17148);
#5050=VERTEX_POINT('',#17153);
#5051=VERTEX_POINT('',#17155);
#5052=VERTEX_POINT('',#17157);
#5053=VERTEX_POINT('',#17158);
#5054=VERTEX_POINT('',#17160);
#5055=VERTEX_POINT('',#17162);
#5056=VERTEX_POINT('',#17165);
#5057=VERTEX_POINT('',#17166);
#5058=VERTEX_POINT('',#17168);
#5059=VERTEX_POINT('',#17170);
#5060=VERTEX_POINT('',#17175);
#5061=VERTEX_POINT('',#17176);
#5062=VERTEX_POINT('',#17178);
#5063=VERTEX_POINT('',#17180);
#5064=VERTEX_POINT('',#17182);
#5065=VERTEX_POINT('',#17184);
#5066=VERTEX_POINT('',#17186);
#5067=VERTEX_POINT('',#17188);
#5068=VERTEX_POINT('',#17190);
#5069=VERTEX_POINT('',#17192);
#5070=VERTEX_POINT('',#17194);
#5071=VERTEX_POINT('',#17200);
#5072=VERTEX_POINT('',#17202);
#5073=VERTEX_POINT('',#17205);
#5074=VERTEX_POINT('',#17207);
#5075=VERTEX_POINT('',#17210);
#5076=VERTEX_POINT('',#17212);
#5077=VERTEX_POINT('',#17215);
#5078=VERTEX_POINT('',#17217);
#5079=VERTEX_POINT('',#17220);
#5080=VERTEX_POINT('',#17222);
#5081=VERTEX_POINT('',#17225);
#5082=VERTEX_POINT('',#17227);
#5083=VERTEX_POINT('',#17230);
#5084=VERTEX_POINT('',#17231);
#5085=VERTEX_POINT('',#17234);
#5086=VERTEX_POINT('',#17236);
#5087=VERTEX_POINT('',#17240);
#5088=VERTEX_POINT('',#17241);
#5089=VERTEX_POINT('',#17244);
#5090=VERTEX_POINT('',#17246);
#5091=VERTEX_POINT('',#17250);
#5092=VERTEX_POINT('',#17251);
#5093=VERTEX_POINT('',#17254);
#5094=VERTEX_POINT('',#17256);
#5095=VERTEX_POINT('',#17260);
#5096=VERTEX_POINT('',#17261);
#5097=VERTEX_POINT('',#17264);
#5098=VERTEX_POINT('',#17266);
#5099=VERTEX_POINT('',#17270);
#5100=VERTEX_POINT('',#17272);
#5101=VERTEX_POINT('',#17275);
#5102=VERTEX_POINT('',#17277);
#5103=VERTEX_POINT('',#17280);
#5104=VERTEX_POINT('',#17281);
#5105=VERTEX_POINT('',#17284);
#5106=VERTEX_POINT('',#17286);
#5107=VERTEX_POINT('',#17290);
#5108=VERTEX_POINT('',#17291);
#5109=VERTEX_POINT('',#17294);
#5110=VERTEX_POINT('',#17296);
#5111=VERTEX_POINT('',#17300);
#5112=VERTEX_POINT('',#17301);
#5113=VERTEX_POINT('',#17304);
#5114=VERTEX_POINT('',#17306);
#5115=VERTEX_POINT('',#17310);
#5116=VERTEX_POINT('',#17311);
#5117=VERTEX_POINT('',#17314);
#5118=VERTEX_POINT('',#17316);
#5119=VERTEX_POINT('',#17320);
#5120=VERTEX_POINT('',#17321);
#5121=VERTEX_POINT('',#17324);
#5122=VERTEX_POINT('',#17326);
#5123=VERTEX_POINT('',#17330);
#5124=VERTEX_POINT('',#17331);
#5125=VERTEX_POINT('',#17334);
#5126=VERTEX_POINT('',#17336);
#5127=VERTEX_POINT('',#17340);
#5128=VERTEX_POINT('',#17341);
#5129=VERTEX_POINT('',#17343);
#5130=VERTEX_POINT('',#17345);
#5131=VERTEX_POINT('',#17347);
#5132=VERTEX_POINT('',#17349);
#5133=VERTEX_POINT('',#17351);
#5134=VERTEX_POINT('',#17353);
#5135=VERTEX_POINT('',#17355);
#5136=VERTEX_POINT('',#17357);
#5137=VERTEX_POINT('',#17359);
#5138=VERTEX_POINT('',#17362);
#5139=VERTEX_POINT('',#17363);
#5140=VERTEX_POINT('',#17365);
#5141=VERTEX_POINT('',#17367);
#5142=VERTEX_POINT('',#17396);
#5143=VERTEX_POINT('',#17398);
#5144=VERTEX_POINT('',#17406);
#5145=VERTEX_POINT('',#17407);
#5146=VERTEX_POINT('',#17409);
#5147=VERTEX_POINT('',#17411);
#5148=VERTEX_POINT('',#17415);
#5149=VERTEX_POINT('',#17416);
#5150=VERTEX_POINT('',#17418);
#5151=VERTEX_POINT('',#17420);
#5152=VERTEX_POINT('',#17424);
#5153=VERTEX_POINT('',#17425);
#5154=VERTEX_POINT('',#17427);
#5155=VERTEX_POINT('',#17429);
#5156=VERTEX_POINT('',#17433);
#5157=VERTEX_POINT('',#17434);
#5158=VERTEX_POINT('',#17436);
#5159=VERTEX_POINT('',#17438);
#5160=VERTEX_POINT('',#17455);
#5161=VERTEX_POINT('',#17466);
#5162=VERTEX_POINT('',#17478);
#5163=VERTEX_POINT('',#17479);
#5164=VERTEX_POINT('',#17481);
#5165=VERTEX_POINT('',#17483);
#5166=VERTEX_POINT('',#17487);
#5167=VERTEX_POINT('',#17488);
#5168=VERTEX_POINT('',#17490);
#5169=VERTEX_POINT('',#17492);
#5170=VERTEX_POINT('',#17496);
#5171=VERTEX_POINT('',#17497);
#5172=VERTEX_POINT('',#17499);
#5173=VERTEX_POINT('',#17501);
#5174=VERTEX_POINT('',#17505);
#5175=VERTEX_POINT('',#17506);
#5176=VERTEX_POINT('',#17508);
#5177=VERTEX_POINT('',#17510);
#5178=VERTEX_POINT('',#17523);
#5179=VERTEX_POINT('',#17540);
#5180=VERTEX_POINT('',#17558);
#5181=VERTEX_POINT('',#17562);
#5182=VERTEX_POINT('',#17569);
#5183=VERTEX_POINT('',#17571);
#5184=VERTEX_POINT('',#17575);
#5185=VERTEX_POINT('',#17577);
#5186=VERTEX_POINT('',#17581);
#5187=VERTEX_POINT('',#17585);
#5188=VERTEX_POINT('',#17587);
#5189=VERTEX_POINT('',#17591);
#5190=VERTEX_POINT('',#17602);
#5191=VERTEX_POINT('',#17604);
#5192=VERTEX_POINT('',#17608);
#5193=VERTEX_POINT('',#17612);
#5194=VERTEX_POINT('',#17616);
#5195=VERTEX_POINT('',#17618);
#5196=VERTEX_POINT('',#17622);
#5197=VERTEX_POINT('',#17626);
#5198=VERTEX_POINT('',#17635);
#5199=VERTEX_POINT('',#17637);
#5200=VERTEX_POINT('',#17641);
#5201=VERTEX_POINT('',#17643);
#5202=VERTEX_POINT('',#17647);
#5203=VERTEX_POINT('',#17651);
#5204=VERTEX_POINT('',#17653);
#5205=VERTEX_POINT('',#17657);
#5206=VERTEX_POINT('',#17668);
#5207=VERTEX_POINT('',#17670);
#5208=VERTEX_POINT('',#17674);
#5209=VERTEX_POINT('',#17678);
#5210=VERTEX_POINT('',#17682);
#5211=VERTEX_POINT('',#17684);
#5212=VERTEX_POINT('',#17688);
#5213=VERTEX_POINT('',#17692);
#5214=VERTEX_POINT('',#17701);
#5215=VERTEX_POINT('',#17703);
#5216=VERTEX_POINT('',#17707);
#5217=VERTEX_POINT('',#17709);
#5218=VERTEX_POINT('',#17713);
#5219=VERTEX_POINT('',#17717);
#5220=VERTEX_POINT('',#17719);
#5221=VERTEX_POINT('',#17723);
#5222=VERTEX_POINT('',#17734);
#5223=VERTEX_POINT('',#17736);
#5224=VERTEX_POINT('',#17740);
#5225=VERTEX_POINT('',#17744);
#5226=VERTEX_POINT('',#17748);
#5227=VERTEX_POINT('',#17750);
#5228=VERTEX_POINT('',#17754);
#5229=VERTEX_POINT('',#17758);
#5230=VERTEX_POINT('',#17767);
#5231=VERTEX_POINT('',#17769);
#5232=VERTEX_POINT('',#17773);
#5233=VERTEX_POINT('',#17777);
#5234=VERTEX_POINT('',#17781);
#5235=VERTEX_POINT('',#17785);
#5236=VERTEX_POINT('',#17794);
#5237=VERTEX_POINT('',#17796);
#5238=VERTEX_POINT('',#17800);
#5239=VERTEX_POINT('',#17804);
#5240=VERTEX_POINT('',#17808);
#5241=VERTEX_POINT('',#17810);
#5242=VERTEX_POINT('',#17814);
#5243=VERTEX_POINT('',#17818);
#5244=VERTEX_POINT('',#17827);
#5245=VERTEX_POINT('',#17829);
#5246=VERTEX_POINT('',#17833);
#5247=VERTEX_POINT('',#17835);
#5248=VERTEX_POINT('',#17839);
#5249=VERTEX_POINT('',#17843);
#5250=VERTEX_POINT('',#17845);
#5251=VERTEX_POINT('',#17849);
#5252=VERTEX_POINT('',#17860);
#5253=VERTEX_POINT('',#17862);
#5254=VERTEX_POINT('',#17866);
#5255=VERTEX_POINT('',#17870);
#5256=VERTEX_POINT('',#17874);
#5257=VERTEX_POINT('',#17876);
#5258=VERTEX_POINT('',#17880);
#5259=VERTEX_POINT('',#17884);
#5260=VERTEX_POINT('',#17893);
#5261=VERTEX_POINT('',#17895);
#5262=VERTEX_POINT('',#17899);
#5263=VERTEX_POINT('',#17901);
#5264=VERTEX_POINT('',#17905);
#5265=VERTEX_POINT('',#17909);
#5266=VERTEX_POINT('',#17911);
#5267=VERTEX_POINT('',#17915);
#5268=VERTEX_POINT('',#17926);
#5269=VERTEX_POINT('',#17928);
#5270=VERTEX_POINT('',#17932);
#5271=VERTEX_POINT('',#17936);
#5272=VERTEX_POINT('',#17940);
#5273=VERTEX_POINT('',#17942);
#5274=VERTEX_POINT('',#17946);
#5275=VERTEX_POINT('',#17950);
#5276=VERTEX_POINT('',#17959);
#5277=VERTEX_POINT('',#17961);
#5278=VERTEX_POINT('',#17965);
#5279=VERTEX_POINT('',#17967);
#5280=VERTEX_POINT('',#17971);
#5281=VERTEX_POINT('',#17975);
#5282=VERTEX_POINT('',#17977);
#5283=VERTEX_POINT('',#17981);
#5284=VERTEX_POINT('',#17992);
#5285=VERTEX_POINT('',#17994);
#5286=VERTEX_POINT('',#17998);
#5287=VERTEX_POINT('',#18002);
#5288=VERTEX_POINT('',#18006);
#5289=VERTEX_POINT('',#18008);
#5290=VERTEX_POINT('',#18012);
#5291=VERTEX_POINT('',#18016);
#5292=VERTEX_POINT('',#18025);
#5293=VERTEX_POINT('',#18027);
#5294=VERTEX_POINT('',#18031);
#5295=VERTEX_POINT('',#18033);
#5296=VERTEX_POINT('',#18037);
#5297=VERTEX_POINT('',#18041);
#5298=VERTEX_POINT('',#18043);
#5299=VERTEX_POINT('',#18047);
#5300=VERTEX_POINT('',#18058);
#5301=VERTEX_POINT('',#18060);
#5302=VERTEX_POINT('',#18064);
#5303=VERTEX_POINT('',#18068);
#5304=VERTEX_POINT('',#18072);
#5305=VERTEX_POINT('',#18074);
#5306=VERTEX_POINT('',#18078);
#5307=VERTEX_POINT('',#18082);
#5308=VERTEX_POINT('',#18091);
#5309=VERTEX_POINT('',#18093);
#5310=VERTEX_POINT('',#18097);
#5311=VERTEX_POINT('',#18099);
#5312=VERTEX_POINT('',#18103);
#5313=VERTEX_POINT('',#18107);
#5314=VERTEX_POINT('',#18109);
#5315=VERTEX_POINT('',#18113);
#5316=VERTEX_POINT('',#18124);
#5317=VERTEX_POINT('',#18126);
#5318=VERTEX_POINT('',#18130);
#5319=VERTEX_POINT('',#18134);
#5320=VERTEX_POINT('',#18138);
#5321=VERTEX_POINT('',#18140);
#5322=VERTEX_POINT('',#18144);
#5323=VERTEX_POINT('',#18148);
#5324=VERTEX_POINT('',#18157);
#5325=VERTEX_POINT('',#18159);
#5326=VERTEX_POINT('',#18163);
#5327=VERTEX_POINT('',#18165);
#5328=VERTEX_POINT('',#18169);
#5329=VERTEX_POINT('',#18173);
#5330=VERTEX_POINT('',#18175);
#5331=VERTEX_POINT('',#18179);
#5332=VERTEX_POINT('',#18190);
#5333=VERTEX_POINT('',#18192);
#5334=VERTEX_POINT('',#18196);
#5335=VERTEX_POINT('',#18200);
#5336=VERTEX_POINT('',#18204);
#5337=VERTEX_POINT('',#18206);
#5338=VERTEX_POINT('',#18210);
#5339=VERTEX_POINT('',#18214);
#5340=VERTEX_POINT('',#18223);
#5341=VERTEX_POINT('',#18225);
#5342=VERTEX_POINT('',#18229);
#5343=VERTEX_POINT('',#18233);
#5344=VERTEX_POINT('',#18237);
#5345=VERTEX_POINT('',#18241);
#5346=VERTEX_POINT('',#18250);
#5347=VERTEX_POINT('',#18252);
#5348=VERTEX_POINT('',#18256);
#5349=VERTEX_POINT('',#18260);
#5350=VERTEX_POINT('',#18264);
#5351=VERTEX_POINT('',#18266);
#5352=VERTEX_POINT('',#18270);
#5353=VERTEX_POINT('',#18274);
#5354=VERTEX_POINT('',#18283);
#5355=VERTEX_POINT('',#18285);
#5356=VERTEX_POINT('',#18289);
#5357=VERTEX_POINT('',#18291);
#5358=VERTEX_POINT('',#18295);
#5359=VERTEX_POINT('',#18299);
#5360=VERTEX_POINT('',#18301);
#5361=VERTEX_POINT('',#18305);
#5362=VERTEX_POINT('',#18316);
#5363=VERTEX_POINT('',#18318);
#5364=VERTEX_POINT('',#18322);
#5365=VERTEX_POINT('',#18326);
#5366=VERTEX_POINT('',#18330);
#5367=VERTEX_POINT('',#18332);
#5368=VERTEX_POINT('',#18336);
#5369=VERTEX_POINT('',#18340);
#5370=VERTEX_POINT('',#18349);
#5371=VERTEX_POINT('',#18351);
#5372=VERTEX_POINT('',#18355);
#5373=VERTEX_POINT('',#18357);
#5374=VERTEX_POINT('',#18361);
#5375=VERTEX_POINT('',#18365);
#5376=VERTEX_POINT('',#18367);
#5377=VERTEX_POINT('',#18371);
#5378=VERTEX_POINT('',#18382);
#5379=VERTEX_POINT('',#18384);
#5380=VERTEX_POINT('',#18388);
#5381=VERTEX_POINT('',#18392);
#5382=VERTEX_POINT('',#18396);
#5383=VERTEX_POINT('',#18398);
#5384=VERTEX_POINT('',#18402);
#5385=VERTEX_POINT('',#18406);
#5386=VERTEX_POINT('',#18415);
#5387=VERTEX_POINT('',#18417);
#5388=VERTEX_POINT('',#18421);
#5389=VERTEX_POINT('',#18423);
#5390=VERTEX_POINT('',#18427);
#5391=VERTEX_POINT('',#18431);
#5392=VERTEX_POINT('',#18433);
#5393=VERTEX_POINT('',#18437);
#5394=VERTEX_POINT('',#18448);
#5395=VERTEX_POINT('',#18450);
#5396=VERTEX_POINT('',#18454);
#5397=VERTEX_POINT('',#18458);
#5398=VERTEX_POINT('',#18462);
#5399=VERTEX_POINT('',#18464);
#5400=VERTEX_POINT('',#18468);
#5401=VERTEX_POINT('',#18472);
#5402=VERTEX_POINT('',#18481);
#5403=VERTEX_POINT('',#18483);
#5404=VERTEX_POINT('',#18484);
#5405=VERTEX_POINT('',#18486);
#5406=VERTEX_POINT('',#18488);
#5407=VERTEX_POINT('',#18490);
#5408=VERTEX_POINT('',#18492);
#5409=VERTEX_POINT('',#18494);
#5410=VERTEX_POINT('',#18496);
#5411=VERTEX_POINT('',#18498);
#5412=VERTEX_POINT('',#18500);
#5413=VERTEX_POINT('',#18502);
#5414=VERTEX_POINT('',#18504);
#5415=VERTEX_POINT('',#18509);
#5416=VERTEX_POINT('',#18511);
#5417=VERTEX_POINT('',#18512);
#5418=VERTEX_POINT('',#18514);
#5419=VERTEX_POINT('',#18516);
#5420=VERTEX_POINT('',#18518);
#5421=VERTEX_POINT('',#18520);
#5422=VERTEX_POINT('',#18522);
#5423=VERTEX_POINT('',#18524);
#5424=VERTEX_POINT('',#18526);
#5425=VERTEX_POINT('',#18528);
#5426=VERTEX_POINT('',#18530);
#5427=VERTEX_POINT('',#18532);
#5428=VERTEX_POINT('',#18537);
#5429=VERTEX_POINT('',#18539);
#5430=VERTEX_POINT('',#18543);
#5431=VERTEX_POINT('',#18547);
#5432=VERTEX_POINT('',#18551);
#5433=VERTEX_POINT('',#18555);
#5434=VERTEX_POINT('',#18559);
#5435=VERTEX_POINT('',#18563);
#5436=VERTEX_POINT('',#18567);
#5437=VERTEX_POINT('',#18571);
#5438=VERTEX_POINT('',#18575);
#5439=VERTEX_POINT('',#18579);
#5440=VERTEX_POINT('',#18586);
#5441=VERTEX_POINT('',#18588);
#5442=VERTEX_POINT('',#18592);
#5443=VERTEX_POINT('',#18596);
#5444=VERTEX_POINT('',#18600);
#5445=VERTEX_POINT('',#18604);
#5446=VERTEX_POINT('',#18608);
#5447=VERTEX_POINT('',#18612);
#5448=VERTEX_POINT('',#18616);
#5449=VERTEX_POINT('',#18620);
#5450=VERTEX_POINT('',#18624);
#5451=VERTEX_POINT('',#18628);
#5452=VERTEX_POINT('',#18638);
#5453=VERTEX_POINT('',#18639);
#5454=VERTEX_POINT('',#18641);
#5455=VERTEX_POINT('',#18643);
#5456=VERTEX_POINT('',#18647);
#5457=VERTEX_POINT('',#18648);
#5458=VERTEX_POINT('',#18650);
#5459=VERTEX_POINT('',#18652);
#5460=VERTEX_POINT('',#18657);
#5461=VERTEX_POINT('',#18659);
#5462=VERTEX_POINT('',#18661);
#5463=VERTEX_POINT('',#18663);
#5464=VERTEX_POINT('',#18665);
#5465=VERTEX_POINT('',#18667);
#5466=VERTEX_POINT('',#18671);
#5467=VERTEX_POINT('',#18672);
#5468=VERTEX_POINT('',#18674);
#5469=VERTEX_POINT('',#18676);
#5470=VERTEX_POINT('',#18680);
#5471=VERTEX_POINT('',#18682);
#5472=VERTEX_POINT('',#18686);
#5473=VERTEX_POINT('',#18688);
#5474=VERTEX_POINT('',#18692);
#5475=VERTEX_POINT('',#18693);
#5476=VERTEX_POINT('',#18695);
#5477=VERTEX_POINT('',#18697);
#5478=VERTEX_POINT('',#18701);
#5479=VERTEX_POINT('',#18703);
#5480=VERTEX_POINT('',#18707);
#5481=VERTEX_POINT('',#18709);
#5482=VERTEX_POINT('',#18713);
#5483=VERTEX_POINT('',#18714);
#5484=VERTEX_POINT('',#18716);
#5485=VERTEX_POINT('',#18718);
#5486=VERTEX_POINT('',#18722);
#5487=VERTEX_POINT('',#18724);
#5488=VERTEX_POINT('',#18728);
#5489=VERTEX_POINT('',#18730);
#5490=VERTEX_POINT('',#18734);
#5491=VERTEX_POINT('',#18735);
#5492=VERTEX_POINT('',#18737);
#5493=VERTEX_POINT('',#18739);
#5494=VERTEX_POINT('',#18743);
#5495=VERTEX_POINT('',#18745);
#5496=VERTEX_POINT('',#18749);
#5497=VERTEX_POINT('',#18751);
#5498=VERTEX_POINT('',#18755);
#5499=VERTEX_POINT('',#18756);
#5500=VERTEX_POINT('',#18758);
#5501=VERTEX_POINT('',#18760);
#5502=VERTEX_POINT('',#18764);
#5503=VERTEX_POINT('',#18766);
#5504=VERTEX_POINT('',#18770);
#5505=VERTEX_POINT('',#18772);
#5506=VERTEX_POINT('',#18776);
#5507=VERTEX_POINT('',#18777);
#5508=VERTEX_POINT('',#18779);
#5509=VERTEX_POINT('',#18781);
#5510=VERTEX_POINT('',#18785);
#5511=VERTEX_POINT('',#18787);
#5512=VERTEX_POINT('',#18791);
#5513=VERTEX_POINT('',#18793);
#5514=VERTEX_POINT('',#18797);
#5515=VERTEX_POINT('',#18798);
#5516=VERTEX_POINT('',#18800);
#5517=VERTEX_POINT('',#18802);
#5518=VERTEX_POINT('',#18806);
#5519=VERTEX_POINT('',#18808);
#5520=VERTEX_POINT('',#18812);
#5521=VERTEX_POINT('',#18814);
#5522=VERTEX_POINT('',#18818);
#5523=VERTEX_POINT('',#18819);
#5524=VERTEX_POINT('',#18821);
#5525=VERTEX_POINT('',#18823);
#5526=VERTEX_POINT('',#18827);
#5527=VERTEX_POINT('',#18829);
#5528=VERTEX_POINT('',#18833);
#5529=VERTEX_POINT('',#18835);
#5530=VERTEX_POINT('',#18839);
#5531=VERTEX_POINT('',#18840);
#5532=VERTEX_POINT('',#18842);
#5533=VERTEX_POINT('',#18844);
#5534=VERTEX_POINT('',#18848);
#5535=VERTEX_POINT('',#18850);
#5536=VERTEX_POINT('',#18854);
#5537=VERTEX_POINT('',#18856);
#5538=VERTEX_POINT('',#18860);
#5539=VERTEX_POINT('',#18861);
#5540=VERTEX_POINT('',#18863);
#5541=VERTEX_POINT('',#18865);
#5542=VERTEX_POINT('',#18869);
#5543=VERTEX_POINT('',#18871);
#5544=VERTEX_POINT('',#18875);
#5545=VERTEX_POINT('',#18877);
#5546=VERTEX_POINT('',#18881);
#5547=VERTEX_POINT('',#18882);
#5548=VERTEX_POINT('',#18884);
#5549=VERTEX_POINT('',#18886);
#5550=VERTEX_POINT('',#18890);
#5551=VERTEX_POINT('',#18892);
#5552=VERTEX_POINT('',#18896);
#5553=VERTEX_POINT('',#18898);
#5554=VERTEX_POINT('',#18902);
#5555=VERTEX_POINT('',#18903);
#5556=VERTEX_POINT('',#18905);
#5557=VERTEX_POINT('',#18907);
#5558=VERTEX_POINT('',#18911);
#5559=VERTEX_POINT('',#18913);
#5560=VERTEX_POINT('',#18917);
#5561=VERTEX_POINT('',#18919);
#5562=VERTEX_POINT('',#18923);
#5563=VERTEX_POINT('',#18924);
#5564=VERTEX_POINT('',#18926);
#5565=VERTEX_POINT('',#18928);
#5566=VERTEX_POINT('',#18932);
#5567=VERTEX_POINT('',#18934);
#5568=VERTEX_POINT('',#18938);
#5569=VERTEX_POINT('',#18940);
#5570=VERTEX_POINT('',#18944);
#5571=VERTEX_POINT('',#18945);
#5572=VERTEX_POINT('',#18947);
#5573=VERTEX_POINT('',#18949);
#5574=VERTEX_POINT('',#18953);
#5575=VERTEX_POINT('',#18955);
#5576=VERTEX_POINT('',#18959);
#5577=VERTEX_POINT('',#18961);
#5578=VERTEX_POINT('',#18965);
#5579=VERTEX_POINT('',#18966);
#5580=VERTEX_POINT('',#18968);
#5581=VERTEX_POINT('',#18970);
#5582=VERTEX_POINT('',#18972);
#5583=VERTEX_POINT('',#18975);
#5584=VERTEX_POINT('',#18979);
#5585=VERTEX_POINT('',#18980);
#5586=VERTEX_POINT('',#18982);
#5587=VERTEX_POINT('',#18984);
#5588=VERTEX_POINT('',#18986);
#5589=VERTEX_POINT('',#18989);
#5590=VERTEX_POINT('',#19038);
#5591=VERTEX_POINT('',#19040);
#5592=VERTEX_POINT('',#19042);
#5593=VERTEX_POINT('',#19044);
#5594=VERTEX_POINT('',#19046);
#5595=VERTEX_POINT('',#19048);
#5596=VERTEX_POINT('',#19050);
#5597=VERTEX_POINT('',#19052);
#5598=VERTEX_POINT('',#19054);
#5599=VERTEX_POINT('',#19057);
#5600=VERTEX_POINT('',#19059);
#5601=VERTEX_POINT('',#19062);
#5602=VERTEX_POINT('',#19063);
#5603=VERTEX_POINT('',#19065);
#5604=VERTEX_POINT('',#19067);
#5605=VERTEX_POINT('',#19070);
#5606=VERTEX_POINT('',#19071);
#5607=VERTEX_POINT('',#19073);
#5608=VERTEX_POINT('',#19075);
#5609=VERTEX_POINT('',#19078);
#5610=VERTEX_POINT('',#19079);
#5611=VERTEX_POINT('',#19081);
#5612=VERTEX_POINT('',#19083);
#5613=VERTEX_POINT('',#19086);
#5614=VERTEX_POINT('',#19087);
#5615=VERTEX_POINT('',#19089);
#5616=VERTEX_POINT('',#19091);
#5617=VERTEX_POINT('',#19094);
#5618=VERTEX_POINT('',#19095);
#5619=VERTEX_POINT('',#19097);
#5620=VERTEX_POINT('',#19099);
#5621=VERTEX_POINT('',#19102);
#5622=VERTEX_POINT('',#19103);
#5623=VERTEX_POINT('',#19105);
#5624=VERTEX_POINT('',#19107);
#5625=VERTEX_POINT('',#19110);
#5626=VERTEX_POINT('',#19111);
#5627=VERTEX_POINT('',#19113);
#5628=VERTEX_POINT('',#19115);
#5629=VERTEX_POINT('',#19118);
#5630=VERTEX_POINT('',#19119);
#5631=VERTEX_POINT('',#19121);
#5632=VERTEX_POINT('',#19123);
#5633=VERTEX_POINT('',#19126);
#5634=VERTEX_POINT('',#19127);
#5635=VERTEX_POINT('',#19129);
#5636=VERTEX_POINT('',#19131);
#5637=VERTEX_POINT('',#19134);
#5638=VERTEX_POINT('',#19135);
#5639=VERTEX_POINT('',#19137);
#5640=VERTEX_POINT('',#19139);
#5641=VERTEX_POINT('',#19142);
#5642=VERTEX_POINT('',#19143);
#5643=VERTEX_POINT('',#19145);
#5644=VERTEX_POINT('',#19147);
#5645=VERTEX_POINT('',#19150);
#5646=VERTEX_POINT('',#19151);
#5647=VERTEX_POINT('',#19153);
#5648=VERTEX_POINT('',#19155);
#5649=VERTEX_POINT('',#19158);
#5650=VERTEX_POINT('',#19159);
#5651=VERTEX_POINT('',#19161);
#5652=VERTEX_POINT('',#19163);
#5653=VERTEX_POINT('',#19166);
#5654=VERTEX_POINT('',#19167);
#5655=VERTEX_POINT('',#19169);
#5656=VERTEX_POINT('',#19171);
#5657=VERTEX_POINT('',#19177);
#5658=VERTEX_POINT('',#19179);
#5659=VERTEX_POINT('',#19186);
#5660=VERTEX_POINT('',#19188);
#5661=VERTEX_POINT('',#19192);
#5662=VERTEX_POINT('',#19193);
#5663=VERTEX_POINT('',#19196);
#5664=VERTEX_POINT('',#19198);
#5665=VERTEX_POINT('',#19216);
#5666=VERTEX_POINT('',#19220);
#5667=VERTEX_POINT('',#19224);
#5668=VERTEX_POINT('',#19228);
#5669=VERTEX_POINT('',#19232);
#5670=VERTEX_POINT('',#19236);
#5671=VERTEX_POINT('',#19240);
#5672=VERTEX_POINT('',#19244);
#5673=VERTEX_POINT('',#19245);
#5674=VERTEX_POINT('',#19247);
#5675=VERTEX_POINT('',#19249);
#5676=VERTEX_POINT('',#19262);
#5677=VERTEX_POINT('',#19263);
#5678=VERTEX_POINT('',#19265);
#5679=VERTEX_POINT('',#19267);
#5680=VERTEX_POINT('',#19280);
#5681=VERTEX_POINT('',#19281);
#5682=VERTEX_POINT('',#19283);
#5683=VERTEX_POINT('',#19285);
#5684=VERTEX_POINT('',#19298);
#5685=VERTEX_POINT('',#19299);
#5686=VERTEX_POINT('',#19301);
#5687=VERTEX_POINT('',#19303);
#5688=VERTEX_POINT('',#19316);
#5689=VERTEX_POINT('',#19317);
#5690=VERTEX_POINT('',#19319);
#5691=VERTEX_POINT('',#19321);
#5692=VERTEX_POINT('',#19334);
#5693=VERTEX_POINT('',#19335);
#5694=VERTEX_POINT('',#19337);
#5695=VERTEX_POINT('',#19339);
#5696=VERTEX_POINT('',#19352);
#5697=VERTEX_POINT('',#19353);
#5698=VERTEX_POINT('',#19355);
#5699=VERTEX_POINT('',#19357);
#5700=VERTEX_POINT('',#19370);
#5701=VERTEX_POINT('',#19371);
#5702=VERTEX_POINT('',#19373);
#5703=VERTEX_POINT('',#19375);
#5704=VERTEX_POINT('',#19388);
#5705=VERTEX_POINT('',#19389);
#5706=VERTEX_POINT('',#19391);
#5707=VERTEX_POINT('',#19393);
#5708=VERTEX_POINT('',#19406);
#5709=VERTEX_POINT('',#19407);
#5710=VERTEX_POINT('',#19409);
#5711=VERTEX_POINT('',#19411);
#5712=VERTEX_POINT('',#19424);
#5713=VERTEX_POINT('',#19425);
#5714=VERTEX_POINT('',#19427);
#5715=VERTEX_POINT('',#19429);
#5716=VERTEX_POINT('',#19442);
#5717=VERTEX_POINT('',#19443);
#5718=VERTEX_POINT('',#19445);
#5719=VERTEX_POINT('',#19447);
#5720=VERTEX_POINT('',#19460);
#5721=VERTEX_POINT('',#19461);
#5722=VERTEX_POINT('',#19463);
#5723=VERTEX_POINT('',#19465);
#5724=VERTEX_POINT('',#19478);
#5725=VERTEX_POINT('',#19479);
#5726=VERTEX_POINT('',#19481);
#5727=VERTEX_POINT('',#19483);
#5728=LINE('',#16563,#7087);
#5729=LINE('',#16566,#7088);
#5730=LINE('',#16568,#7089);
#5731=LINE('',#16570,#7090);
#5732=LINE('',#16572,#7091);
#5733=LINE('',#16575,#7092);
#5734=LINE('',#16577,#7093);
#5735=LINE('',#16579,#7094);
#5736=LINE('',#16581,#7095);
#5737=LINE('',#16583,#7096);
#5738=LINE('',#16585,#7097);
#5739=LINE('',#16587,#7098);
#5740=LINE('',#16591,#7099);
#5741=LINE('',#16593,#7100);
#5742=LINE('',#16595,#7101);
#5743=LINE('',#16597,#7102);
#5744=LINE('',#16599,#7103);
#5745=LINE('',#16601,#7104);
#5746=LINE('',#16603,#7105);
#5747=LINE('',#16605,#7106);
#5748=LINE('',#16608,#7107);
#5749=LINE('',#16610,#7108);
#5750=LINE('',#16611,#7109);
#5751=LINE('',#16613,#7110);
#5752=LINE('',#16616,#7111);
#5753=LINE('',#16618,#7112);
#5754=LINE('',#16620,#7113);
#5755=LINE('',#16622,#7114);
#5756=LINE('',#16624,#7115);
#5757=LINE('',#16626,#7116);
#5758=LINE('',#16628,#7117);
#5759=LINE('',#16630,#7118);
#5760=LINE('',#16632,#7119);
#5761=LINE('',#16634,#7120);
#5762=LINE('',#16635,#7121);
#5763=LINE('',#16637,#7122);
#5764=LINE('',#16640,#7123);
#5765=LINE('',#16642,#7124);
#5766=LINE('',#16644,#7125);
#5767=LINE('',#16646,#7126);
#5768=LINE('',#16648,#7127);
#5769=LINE('',#16650,#7128);
#5770=LINE('',#16652,#7129);
#5771=LINE('',#16653,#7130);
#5772=LINE('',#16655,#7131);
#5773=LINE('',#16657,#7132);
#5774=LINE('',#16659,#7133);
#5775=LINE('',#16661,#7134);
#5776=LINE('',#16665,#7135);
#5777=LINE('',#16667,#7136);
#5778=LINE('',#16668,#7137);
#5779=LINE('',#16672,#7138);
#5780=LINE('',#16676,#7139);
#5781=LINE('',#16677,#7140);
#5782=LINE('',#16679,#7141);
#5783=LINE('',#16683,#7142);
#5784=LINE('',#16684,#7143);
#5785=LINE('',#16686,#7144);
#5786=LINE('',#16689,#7145);
#5787=LINE('',#16753,#7146);
#5788=LINE('',#16756,#7147);
#5789=LINE('',#16758,#7148);
#5790=LINE('',#16760,#7149);
#5791=LINE('',#16762,#7150);
#5792=LINE('',#16765,#7151);
#5793=LINE('',#16767,#7152);
#5794=LINE('',#16769,#7153);
#5795=LINE('',#16771,#7154);
#5796=LINE('',#16774,#7155);
#5797=LINE('',#16776,#7156);
#5798=LINE('',#16778,#7157);
#5799=LINE('',#16780,#7158);
#5800=LINE('',#16783,#7159);
#5801=LINE('',#16785,#7160);
#5802=LINE('',#16787,#7161);
#5803=LINE('',#16789,#7162);
#5804=LINE('',#16792,#7163);
#5805=LINE('',#16794,#7164);
#5806=LINE('',#16796,#7165);
#5807=LINE('',#16798,#7166);
#5808=LINE('',#16801,#7167);
#5809=LINE('',#16803,#7168);
#5810=LINE('',#16805,#7169);
#5811=LINE('',#16807,#7170);
#5812=LINE('',#16810,#7171);
#5813=LINE('',#16812,#7172);
#5814=LINE('',#16814,#7173);
#5815=LINE('',#16816,#7174);
#5816=LINE('',#16819,#7175);
#5817=LINE('',#16821,#7176);
#5818=LINE('',#16823,#7177);
#5819=LINE('',#16825,#7178);
#5820=LINE('',#16828,#7179);
#5821=LINE('',#16830,#7180);
#5822=LINE('',#16832,#7181);
#5823=LINE('',#16834,#7182);
#5824=LINE('',#16837,#7183);
#5825=LINE('',#16839,#7184);
#5826=LINE('',#16841,#7185);
#5827=LINE('',#16843,#7186);
#5828=LINE('',#16846,#7187);
#5829=LINE('',#16848,#7188);
#5830=LINE('',#16850,#7189);
#5831=LINE('',#16852,#7190);
#5832=LINE('',#16855,#7191);
#5833=LINE('',#16857,#7192);
#5834=LINE('',#16859,#7193);
#5835=LINE('',#16861,#7194);
#5836=LINE('',#16864,#7195);
#5837=LINE('',#16866,#7196);
#5838=LINE('',#16868,#7197);
#5839=LINE('',#16870,#7198);
#5840=LINE('',#16873,#7199);
#5841=LINE('',#16875,#7200);
#5842=LINE('',#16877,#7201);
#5843=LINE('',#16879,#7202);
#5844=LINE('',#16882,#7203);
#5845=LINE('',#16884,#7204);
#5846=LINE('',#16886,#7205);
#5847=LINE('',#16888,#7206);
#5848=LINE('',#16891,#7207);
#5849=LINE('',#16893,#7208);
#5850=LINE('',#16895,#7209);
#5851=LINE('',#16897,#7210);
#5852=LINE('',#16900,#7211);
#5853=LINE('',#16902,#7212);
#5854=LINE('',#16904,#7213);
#5855=LINE('',#16906,#7214);
#5856=LINE('',#16909,#7215);
#5857=LINE('',#16911,#7216);
#5858=LINE('',#16913,#7217);
#5859=LINE('',#16915,#7218);
#5860=LINE('',#16918,#7219);
#5861=LINE('',#16920,#7220);
#5862=LINE('',#16922,#7221);
#5863=LINE('',#16924,#7222);
#5864=LINE('',#16927,#7223);
#5865=LINE('',#16929,#7224);
#5866=LINE('',#16931,#7225);
#5867=LINE('',#16933,#7226);
#5868=LINE('',#16936,#7227);
#5869=LINE('',#16938,#7228);
#5870=LINE('',#16940,#7229);
#5871=LINE('',#16942,#7230);
#5872=LINE('',#16945,#7231);
#5873=LINE('',#16947,#7232);
#5874=LINE('',#16949,#7233);
#5875=LINE('',#16951,#7234);
#5876=LINE('',#16954,#7235);
#5877=LINE('',#16956,#7236);
#5878=LINE('',#16958,#7237);
#5879=LINE('',#16960,#7238);
#5880=LINE('',#16963,#7239);
#5881=LINE('',#16965,#7240);
#5882=LINE('',#16967,#7241);
#5883=LINE('',#16969,#7242);
#5884=LINE('',#16972,#7243);
#5885=LINE('',#16974,#7244);
#5886=LINE('',#16976,#7245);
#5887=LINE('',#16978,#7246);
#5888=LINE('',#16981,#7247);
#5889=LINE('',#16983,#7248);
#5890=LINE('',#16985,#7249);
#5891=LINE('',#16987,#7250);
#5892=LINE('',#16990,#7251);
#5893=LINE('',#16992,#7252);
#5894=LINE('',#16994,#7253);
#5895=LINE('',#16996,#7254);
#5896=LINE('',#16999,#7255);
#5897=LINE('',#17001,#7256);
#5898=LINE('',#17003,#7257);
#5899=LINE('',#17005,#7258);
#5900=LINE('',#17008,#7259);
#5901=LINE('',#17010,#7260);
#5902=LINE('',#17012,#7261);
#5903=LINE('',#17014,#7262);
#5904=LINE('',#17016,#7263);
#5905=LINE('',#17018,#7264);
#5906=LINE('',#17020,#7265);
#5907=LINE('',#17022,#7266);
#5908=LINE('',#17027,#7267);
#5909=LINE('',#17029,#7268);
#5910=LINE('',#17030,#7269);
#5911=LINE('',#17032,#7270);
#5912=LINE('',#17034,#7271);
#5913=LINE('',#17035,#7272);
#5914=LINE('',#17037,#7273);
#5915=LINE('',#17039,#7274);
#5916=LINE('',#17040,#7275);
#5917=LINE('',#17042,#7276);
#5918=LINE('',#17044,#7277);
#5919=LINE('',#17045,#7278);
#5920=LINE('',#17047,#7279);
#5921=LINE('',#17049,#7280);
#5922=LINE('',#17051,#7281);
#5923=LINE('',#17056,#7282);
#5924=LINE('',#17058,#7283);
#5925=LINE('',#17060,#7284);
#5926=LINE('',#17062,#7285);
#5927=LINE('',#17063,#7286);
#5928=LINE('',#17065,#7287);
#5929=LINE('',#17067,#7288);
#5930=LINE('',#17068,#7289);
#5931=LINE('',#17070,#7290);
#5932=LINE('',#17072,#7291);
#5933=LINE('',#17073,#7292);
#5934=LINE('',#17075,#7293);
#5935=LINE('',#17077,#7294);
#5936=LINE('',#17078,#7295);
#5937=LINE('',#17080,#7296);
#5938=LINE('',#17085,#7297);
#5939=LINE('',#17087,#7298);
#5940=LINE('',#17088,#7299);
#5941=LINE('',#17090,#7300);
#5942=LINE('',#17092,#7301);
#5943=LINE('',#17093,#7302);
#5944=LINE('',#17095,#7303);
#5945=LINE('',#17097,#7304);
#5946=LINE('',#17098,#7305);
#5947=LINE('',#17100,#7306);
#5948=LINE('',#17102,#7307);
#5949=LINE('',#17103,#7308);
#5950=LINE('',#17105,#7309);
#5951=LINE('',#17107,#7310);
#5952=LINE('',#17109,#7311);
#5953=LINE('',#17114,#7312);
#5954=LINE('',#17116,#7313);
#5955=LINE('',#17118,#7314);
#5956=LINE('',#17120,#7315);
#5957=LINE('',#17121,#7316);
#5958=LINE('',#17123,#7317);
#5959=LINE('',#17125,#7318);
#5960=LINE('',#17126,#7319);
#5961=LINE('',#17128,#7320);
#5962=LINE('',#17130,#7321);
#5963=LINE('',#17131,#7322);
#5964=LINE('',#17133,#7323);
#5965=LINE('',#17135,#7324);
#5966=LINE('',#17136,#7325);
#5967=LINE('',#17138,#7326);
#5968=LINE('',#17140,#7327);
#5969=LINE('',#17142,#7328);
#5970=LINE('',#17143,#7329);
#5971=LINE('',#17145,#7330);
#5972=LINE('',#17147,#7331);
#5973=LINE('',#17149,#7332);
#5974=LINE('',#17150,#7333);
#5975=LINE('',#17156,#7334);
#5976=LINE('',#17159,#7335);
#5977=LINE('',#17161,#7336);
#5978=LINE('',#17163,#7337);
#5979=LINE('',#17164,#7338);
#5980=LINE('',#17167,#7339);
#5981=LINE('',#17169,#7340);
#5982=LINE('',#17171,#7341);
#5983=LINE('',#17172,#7342);
#5984=LINE('',#17173,#7343);
#5985=LINE('',#17174,#7344);
#5986=LINE('',#17179,#7345);
#5987=LINE('',#17183,#7346);
#5988=LINE('',#17187,#7347);
#5989=LINE('',#17189,#7348);
#5990=LINE('',#17193,#7349);
#5991=LINE('',#17196,#7350);
#5992=LINE('',#17197,#7351);
#5993=LINE('',#17199,#7352);
#5994=LINE('',#17201,#7353);
#5995=LINE('',#17203,#7354);
#5996=LINE('',#17204,#7355);
#5997=LINE('',#17206,#7356);
#5998=LINE('',#17208,#7357);
#5999=LINE('',#17209,#7358);
#6000=LINE('',#17211,#7359);
#6001=LINE('',#17213,#7360);
#6002=LINE('',#17214,#7361);
#6003=LINE('',#17216,#7362);
#6004=LINE('',#17218,#7363);
#6005=LINE('',#17219,#7364);
#6006=LINE('',#17221,#7365);
#6007=LINE('',#17223,#7366);
#6008=LINE('',#17224,#7367);
#6009=LINE('',#17226,#7368);
#6010=LINE('',#17228,#7369);
#6011=LINE('',#17229,#7370);
#6012=LINE('',#17232,#7371);
#6013=LINE('',#17233,#7372);
#6014=LINE('',#17235,#7373);
#6015=LINE('',#17237,#7374);
#6016=LINE('',#17238,#7375);
#6017=LINE('',#17239,#7376);
#6018=LINE('',#17242,#7377);
#6019=LINE('',#17243,#7378);
#6020=LINE('',#17245,#7379);
#6021=LINE('',#17247,#7380);
#6022=LINE('',#17248,#7381);
#6023=LINE('',#17249,#7382);
#6024=LINE('',#17252,#7383);
#6025=LINE('',#17253,#7384);
#6026=LINE('',#17255,#7385);
#6027=LINE('',#17257,#7386);
#6028=LINE('',#17258,#7387);
#6029=LINE('',#17259,#7388);
#6030=LINE('',#17262,#7389);
#6031=LINE('',#17263,#7390);
#6032=LINE('',#17265,#7391);
#6033=LINE('',#17267,#7392);
#6034=LINE('',#17268,#7393);
#6035=LINE('',#17269,#7394);
#6036=LINE('',#17271,#7395);
#6037=LINE('',#17273,#7396);
#6038=LINE('',#17274,#7397);
#6039=LINE('',#17276,#7398);
#6040=LINE('',#17278,#7399);
#6041=LINE('',#17279,#7400);
#6042=LINE('',#17282,#7401);
#6043=LINE('',#17283,#7402);
#6044=LINE('',#17285,#7403);
#6045=LINE('',#17287,#7404);
#6046=LINE('',#17288,#7405);
#6047=LINE('',#17289,#7406);
#6048=LINE('',#17292,#7407);
#6049=LINE('',#17293,#7408);
#6050=LINE('',#17295,#7409);
#6051=LINE('',#17297,#7410);
#6052=LINE('',#17298,#7411);
#6053=LINE('',#17299,#7412);
#6054=LINE('',#17302,#7413);
#6055=LINE('',#17303,#7414);
#6056=LINE('',#17305,#7415);
#6057=LINE('',#17307,#7416);
#6058=LINE('',#17308,#7417);
#6059=LINE('',#17309,#7418);
#6060=LINE('',#17312,#7419);
#6061=LINE('',#17313,#7420);
#6062=LINE('',#17315,#7421);
#6063=LINE('',#17317,#7422);
#6064=LINE('',#17318,#7423);
#6065=LINE('',#17319,#7424);
#6066=LINE('',#17322,#7425);
#6067=LINE('',#17323,#7426);
#6068=LINE('',#17325,#7427);
#6069=LINE('',#17327,#7428);
#6070=LINE('',#17328,#7429);
#6071=LINE('',#17329,#7430);
#6072=LINE('',#17332,#7431);
#6073=LINE('',#17333,#7432);
#6074=LINE('',#17335,#7433);
#6075=LINE('',#17337,#7434);
#6076=LINE('',#17338,#7435);
#6077=LINE('',#17339,#7436);
#6078=LINE('',#17344,#7437);
#6079=LINE('',#17348,#7438);
#6080=LINE('',#17352,#7439);
#6081=LINE('',#17354,#7440);
#6082=LINE('',#17358,#7441);
#6083=LINE('',#17361,#7442);
#6084=LINE('',#17364,#7443);
#6085=LINE('',#17366,#7444);
#6086=LINE('',#17368,#7445);
#6087=LINE('',#17370,#7446);
#6088=LINE('',#17371,#7447);
#6089=LINE('',#17373,#7448);
#6090=LINE('',#17374,#7449);
#6091=LINE('',#17376,#7450);
#6092=LINE('',#17378,#7451);
#6093=LINE('',#17379,#7452);
#6094=LINE('',#17381,#7453);
#6095=LINE('',#17382,#7454);
#6096=LINE('',#17384,#7455);
#6097=LINE('',#17385,#7456);
#6098=LINE('',#17392,#7457);
#6099=LINE('',#17393,#7458);
#6100=LINE('',#17395,#7459);
#6101=LINE('',#17397,#7460);
#6102=LINE('',#17399,#7461);
#6103=LINE('',#17400,#7462);
#6104=LINE('',#17402,#7463);
#6105=LINE('',#17405,#7464);
#6106=LINE('',#17408,#7465);
#6107=LINE('',#17410,#7466);
#6108=LINE('',#17412,#7467);
#6109=LINE('',#17414,#7468);
#6110=LINE('',#17417,#7469);
#6111=LINE('',#17419,#7470);
#6112=LINE('',#17421,#7471);
#6113=LINE('',#17423,#7472);
#6114=LINE('',#17426,#7473);
#6115=LINE('',#17428,#7474);
#6116=LINE('',#17430,#7475);
#6117=LINE('',#17432,#7476);
#6118=LINE('',#17435,#7477);
#6119=LINE('',#17437,#7478);
#6120=LINE('',#17439,#7479);
#6121=LINE('',#17441,#7480);
#6122=LINE('',#17442,#7481);
#6123=LINE('',#17444,#7482);
#6124=LINE('',#17445,#7483);
#6125=LINE('',#17447,#7484);
#6126=LINE('',#17448,#7485);
#6127=LINE('',#17450,#7486);
#6128=LINE('',#17452,#7487);
#6129=LINE('',#17454,#7488);
#6130=LINE('',#17457,#7489);
#6131=LINE('',#17458,#7490);
#6132=LINE('',#17459,#7491);
#6133=LINE('',#17460,#7492);
#6134=LINE('',#17461,#7493);
#6135=LINE('',#17462,#7494);
#6136=LINE('',#17463,#7495);
#6137=LINE('',#17467,#7496);
#6138=LINE('',#17468,#7497);
#6139=LINE('',#17469,#7498);
#6140=LINE('',#17470,#7499);
#6141=LINE('',#17471,#7500);
#6142=LINE('',#17472,#7501);
#6143=LINE('',#17473,#7502);
#6144=LINE('',#17474,#7503);
#6145=LINE('',#17477,#7504);
#6146=LINE('',#17480,#7505);
#6147=LINE('',#17482,#7506);
#6148=LINE('',#17484,#7507);
#6149=LINE('',#17486,#7508);
#6150=LINE('',#17489,#7509);
#6151=LINE('',#17491,#7510);
#6152=LINE('',#17493,#7511);
#6153=LINE('',#17495,#7512);
#6154=LINE('',#17498,#7513);
#6155=LINE('',#17500,#7514);
#6156=LINE('',#17502,#7515);
#6157=LINE('',#17504,#7516);
#6158=LINE('',#17507,#7517);
#6159=LINE('',#17509,#7518);
#6160=LINE('',#17511,#7519);
#6161=LINE('',#17513,#7520);
#6162=LINE('',#17514,#7521);
#6163=LINE('',#17516,#7522);
#6164=LINE('',#17517,#7523);
#6165=LINE('',#17519,#7524);
#6166=LINE('',#17520,#7525);
#6167=LINE('',#17522,#7526);
#6168=LINE('',#17525,#7527);
#6169=LINE('',#17526,#7528);
#6170=LINE('',#17527,#7529);
#6171=LINE('',#17528,#7530);
#6172=LINE('',#17529,#7531);
#6173=LINE('',#17530,#7532);
#6174=LINE('',#17531,#7533);
#6175=LINE('',#17533,#7534);
#6176=LINE('',#17534,#7535);
#6177=LINE('',#17536,#7536);
#6178=LINE('',#17541,#7537);
#6179=LINE('',#17542,#7538);
#6180=LINE('',#17543,#7539);
#6181=LINE('',#17544,#7540);
#6182=LINE('',#17545,#7541);
#6183=LINE('',#17546,#7542);
#6184=LINE('',#17547,#7543);
#6185=LINE('',#17549,#7544);
#6186=LINE('',#17551,#7545);
#6187=LINE('',#17557,#7546);
#6188=LINE('',#17559,#7547);
#6189=LINE('',#17561,#7548);
#6190=LINE('',#17563,#7549);
#6191=LINE('',#17565,#7550);
#6192=LINE('',#17568,#7551);
#6193=LINE('',#17570,#7552);
#6194=LINE('',#17572,#7553);
#6195=LINE('',#17574,#7554);
#6196=LINE('',#17576,#7555);
#6197=LINE('',#17578,#7556);
#6198=LINE('',#17580,#7557);
#6199=LINE('',#17582,#7558);
#6200=LINE('',#17584,#7559);
#6201=LINE('',#17586,#7560);
#6202=LINE('',#17588,#7561);
#6203=LINE('',#17590,#7562);
#6204=LINE('',#17592,#7563);
#6205=LINE('',#17594,#7564);
#6206=LINE('',#17596,#7565);
#6207=LINE('',#17597,#7566);
#6208=LINE('',#17601,#7567);
#6209=LINE('',#17603,#7568);
#6210=LINE('',#17605,#7569);
#6211=LINE('',#17607,#7570);
#6212=LINE('',#17609,#7571);
#6213=LINE('',#17611,#7572);
#6214=LINE('',#17613,#7573);
#6215=LINE('',#17615,#7574);
#6216=LINE('',#17617,#7575);
#6217=LINE('',#17619,#7576);
#6218=LINE('',#17621,#7577);
#6219=LINE('',#17623,#7578);
#6220=LINE('',#17625,#7579);
#6221=LINE('',#17627,#7580);
#6222=LINE('',#17629,#7581);
#6223=LINE('',#17630,#7582);
#6224=LINE('',#17634,#7583);
#6225=LINE('',#17636,#7584);
#6226=LINE('',#17638,#7585);
#6227=LINE('',#17640,#7586);
#6228=LINE('',#17642,#7587);
#6229=LINE('',#17644,#7588);
#6230=LINE('',#17646,#7589);
#6231=LINE('',#17648,#7590);
#6232=LINE('',#17650,#7591);
#6233=LINE('',#17652,#7592);
#6234=LINE('',#17654,#7593);
#6235=LINE('',#17656,#7594);
#6236=LINE('',#17658,#7595);
#6237=LINE('',#17660,#7596);
#6238=LINE('',#17662,#7597);
#6239=LINE('',#17663,#7598);
#6240=LINE('',#17667,#7599);
#6241=LINE('',#17669,#7600);
#6242=LINE('',#17671,#7601);
#6243=LINE('',#17673,#7602);
#6244=LINE('',#17675,#7603);
#6245=LINE('',#17677,#7604);
#6246=LINE('',#17679,#7605);
#6247=LINE('',#17681,#7606);
#6248=LINE('',#17683,#7607);
#6249=LINE('',#17685,#7608);
#6250=LINE('',#17687,#7609);
#6251=LINE('',#17689,#7610);
#6252=LINE('',#17691,#7611);
#6253=LINE('',#17693,#7612);
#6254=LINE('',#17694,#7613);
#6255=LINE('',#17696,#7614);
#6256=LINE('',#17700,#7615);
#6257=LINE('',#17702,#7616);
#6258=LINE('',#17704,#7617);
#6259=LINE('',#17706,#7618);
#6260=LINE('',#17708,#7619);
#6261=LINE('',#17710,#7620);
#6262=LINE('',#17712,#7621);
#6263=LINE('',#17714,#7622);
#6264=LINE('',#17716,#7623);
#6265=LINE('',#17718,#7624);
#6266=LINE('',#17720,#7625);
#6267=LINE('',#17722,#7626);
#6268=LINE('',#17724,#7627);
#6269=LINE('',#17726,#7628);
#6270=LINE('',#17728,#7629);
#6271=LINE('',#17729,#7630);
#6272=LINE('',#17733,#7631);
#6273=LINE('',#17735,#7632);
#6274=LINE('',#17737,#7633);
#6275=LINE('',#17739,#7634);
#6276=LINE('',#17741,#7635);
#6277=LINE('',#17743,#7636);
#6278=LINE('',#17745,#7637);
#6279=LINE('',#17747,#7638);
#6280=LINE('',#17749,#7639);
#6281=LINE('',#17751,#7640);
#6282=LINE('',#17753,#7641);
#6283=LINE('',#17755,#7642);
#6284=LINE('',#17757,#7643);
#6285=LINE('',#17759,#7644);
#6286=LINE('',#17760,#7645);
#6287=LINE('',#17762,#7646);
#6288=LINE('',#17766,#7647);
#6289=LINE('',#17768,#7648);
#6290=LINE('',#17770,#7649);
#6291=LINE('',#17772,#7650);
#6292=LINE('',#17774,#7651);
#6293=LINE('',#17776,#7652);
#6294=LINE('',#17778,#7653);
#6295=LINE('',#17780,#7654);
#6296=LINE('',#17782,#7655);
#6297=LINE('',#17784,#7656);
#6298=LINE('',#17786,#7657);
#6299=LINE('',#17788,#7658);
#6300=LINE('',#17789,#7659);
#6301=LINE('',#17793,#7660);
#6302=LINE('',#17795,#7661);
#6303=LINE('',#17797,#7662);
#6304=LINE('',#17799,#7663);
#6305=LINE('',#17801,#7664);
#6306=LINE('',#17803,#7665);
#6307=LINE('',#17805,#7666);
#6308=LINE('',#17807,#7667);
#6309=LINE('',#17809,#7668);
#6310=LINE('',#17811,#7669);
#6311=LINE('',#17813,#7670);
#6312=LINE('',#17815,#7671);
#6313=LINE('',#17817,#7672);
#6314=LINE('',#17819,#7673);
#6315=LINE('',#17820,#7674);
#6316=LINE('',#17822,#7675);
#6317=LINE('',#17826,#7676);
#6318=LINE('',#17828,#7677);
#6319=LINE('',#17830,#7678);
#6320=LINE('',#17832,#7679);
#6321=LINE('',#17834,#7680);
#6322=LINE('',#17836,#7681);
#6323=LINE('',#17838,#7682);
#6324=LINE('',#17840,#7683);
#6325=LINE('',#17842,#7684);
#6326=LINE('',#17844,#7685);
#6327=LINE('',#17846,#7686);
#6328=LINE('',#17848,#7687);
#6329=LINE('',#17850,#7688);
#6330=LINE('',#17852,#7689);
#6331=LINE('',#17854,#7690);
#6332=LINE('',#17855,#7691);
#6333=LINE('',#17859,#7692);
#6334=LINE('',#17861,#7693);
#6335=LINE('',#17863,#7694);
#6336=LINE('',#17865,#7695);
#6337=LINE('',#17867,#7696);
#6338=LINE('',#17869,#7697);
#6339=LINE('',#17871,#7698);
#6340=LINE('',#17873,#7699);
#6341=LINE('',#17875,#7700);
#6342=LINE('',#17877,#7701);
#6343=LINE('',#17879,#7702);
#6344=LINE('',#17881,#7703);
#6345=LINE('',#17883,#7704);
#6346=LINE('',#17885,#7705);
#6347=LINE('',#17886,#7706);
#6348=LINE('',#17888,#7707);
#6349=LINE('',#17892,#7708);
#6350=LINE('',#17894,#7709);
#6351=LINE('',#17896,#7710);
#6352=LINE('',#17898,#7711);
#6353=LINE('',#17900,#7712);
#6354=LINE('',#17902,#7713);
#6355=LINE('',#17904,#7714);
#6356=LINE('',#17906,#7715);
#6357=LINE('',#17908,#7716);
#6358=LINE('',#17910,#7717);
#6359=LINE('',#17912,#7718);
#6360=LINE('',#17914,#7719);
#6361=LINE('',#17916,#7720);
#6362=LINE('',#17918,#7721);
#6363=LINE('',#17920,#7722);
#6364=LINE('',#17921,#7723);
#6365=LINE('',#17925,#7724);
#6366=LINE('',#17927,#7725);
#6367=LINE('',#17929,#7726);
#6368=LINE('',#17931,#7727);
#6369=LINE('',#17933,#7728);
#6370=LINE('',#17935,#7729);
#6371=LINE('',#17937,#7730);
#6372=LINE('',#17939,#7731);
#6373=LINE('',#17941,#7732);
#6374=LINE('',#17943,#7733);
#6375=LINE('',#17945,#7734);
#6376=LINE('',#17947,#7735);
#6377=LINE('',#17949,#7736);
#6378=LINE('',#17951,#7737);
#6379=LINE('',#17952,#7738);
#6380=LINE('',#17954,#7739);
#6381=LINE('',#17958,#7740);
#6382=LINE('',#17960,#7741);
#6383=LINE('',#17962,#7742);
#6384=LINE('',#17964,#7743);
#6385=LINE('',#17966,#7744);
#6386=LINE('',#17968,#7745);
#6387=LINE('',#17970,#7746);
#6388=LINE('',#17972,#7747);
#6389=LINE('',#17974,#7748);
#6390=LINE('',#17976,#7749);
#6391=LINE('',#17978,#7750);
#6392=LINE('',#17980,#7751);
#6393=LINE('',#17982,#7752);
#6394=LINE('',#17984,#7753);
#6395=LINE('',#17986,#7754);
#6396=LINE('',#17987,#7755);
#6397=LINE('',#17991,#7756);
#6398=LINE('',#17993,#7757);
#6399=LINE('',#17995,#7758);
#6400=LINE('',#17997,#7759);
#6401=LINE('',#17999,#7760);
#6402=LINE('',#18001,#7761);
#6403=LINE('',#18003,#7762);
#6404=LINE('',#18005,#7763);
#6405=LINE('',#18007,#7764);
#6406=LINE('',#18009,#7765);
#6407=LINE('',#18011,#7766);
#6408=LINE('',#18013,#7767);
#6409=LINE('',#18015,#7768);
#6410=LINE('',#18017,#7769);
#6411=LINE('',#18018,#7770);
#6412=LINE('',#18020,#7771);
#6413=LINE('',#18024,#7772);
#6414=LINE('',#18026,#7773);
#6415=LINE('',#18028,#7774);
#6416=LINE('',#18030,#7775);
#6417=LINE('',#18032,#7776);
#6418=LINE('',#18034,#7777);
#6419=LINE('',#18036,#7778);
#6420=LINE('',#18038,#7779);
#6421=LINE('',#18040,#7780);
#6422=LINE('',#18042,#7781);
#6423=LINE('',#18044,#7782);
#6424=LINE('',#18046,#7783);
#6425=LINE('',#18048,#7784);
#6426=LINE('',#18050,#7785);
#6427=LINE('',#18052,#7786);
#6428=LINE('',#18053,#7787);
#6429=LINE('',#18057,#7788);
#6430=LINE('',#18059,#7789);
#6431=LINE('',#18061,#7790);
#6432=LINE('',#18063,#7791);
#6433=LINE('',#18065,#7792);
#6434=LINE('',#18067,#7793);
#6435=LINE('',#18069,#7794);
#6436=LINE('',#18071,#7795);
#6437=LINE('',#18073,#7796);
#6438=LINE('',#18075,#7797);
#6439=LINE('',#18077,#7798);
#6440=LINE('',#18079,#7799);
#6441=LINE('',#18081,#7800);
#6442=LINE('',#18083,#7801);
#6443=LINE('',#18084,#7802);
#6444=LINE('',#18086,#7803);
#6445=LINE('',#18090,#7804);
#6446=LINE('',#18092,#7805);
#6447=LINE('',#18094,#7806);
#6448=LINE('',#18096,#7807);
#6449=LINE('',#18098,#7808);
#6450=LINE('',#18100,#7809);
#6451=LINE('',#18102,#7810);
#6452=LINE('',#18104,#7811);
#6453=LINE('',#18106,#7812);
#6454=LINE('',#18108,#7813);
#6455=LINE('',#18110,#7814);
#6456=LINE('',#18112,#7815);
#6457=LINE('',#18114,#7816);
#6458=LINE('',#18116,#7817);
#6459=LINE('',#18118,#7818);
#6460=LINE('',#18119,#7819);
#6461=LINE('',#18123,#7820);
#6462=LINE('',#18125,#7821);
#6463=LINE('',#18127,#7822);
#6464=LINE('',#18129,#7823);
#6465=LINE('',#18131,#7824);
#6466=LINE('',#18133,#7825);
#6467=LINE('',#18135,#7826);
#6468=LINE('',#18137,#7827);
#6469=LINE('',#18139,#7828);
#6470=LINE('',#18141,#7829);
#6471=LINE('',#18143,#7830);
#6472=LINE('',#18145,#7831);
#6473=LINE('',#18147,#7832);
#6474=LINE('',#18149,#7833);
#6475=LINE('',#18150,#7834);
#6476=LINE('',#18152,#7835);
#6477=LINE('',#18156,#7836);
#6478=LINE('',#18158,#7837);
#6479=LINE('',#18160,#7838);
#6480=LINE('',#18162,#7839);
#6481=LINE('',#18164,#7840);
#6482=LINE('',#18166,#7841);
#6483=LINE('',#18168,#7842);
#6484=LINE('',#18170,#7843);
#6485=LINE('',#18172,#7844);
#6486=LINE('',#18174,#7845);
#6487=LINE('',#18176,#7846);
#6488=LINE('',#18178,#7847);
#6489=LINE('',#18180,#7848);
#6490=LINE('',#18182,#7849);
#6491=LINE('',#18184,#7850);
#6492=LINE('',#18185,#7851);
#6493=LINE('',#18189,#7852);
#6494=LINE('',#18191,#7853);
#6495=LINE('',#18193,#7854);
#6496=LINE('',#18195,#7855);
#6497=LINE('',#18197,#7856);
#6498=LINE('',#18199,#7857);
#6499=LINE('',#18201,#7858);
#6500=LINE('',#18203,#7859);
#6501=LINE('',#18205,#7860);
#6502=LINE('',#18207,#7861);
#6503=LINE('',#18209,#7862);
#6504=LINE('',#18211,#7863);
#6505=LINE('',#18213,#7864);
#6506=LINE('',#18215,#7865);
#6507=LINE('',#18216,#7866);
#6508=LINE('',#18218,#7867);
#6509=LINE('',#18222,#7868);
#6510=LINE('',#18224,#7869);
#6511=LINE('',#18226,#7870);
#6512=LINE('',#18228,#7871);
#6513=LINE('',#18230,#7872);
#6514=LINE('',#18232,#7873);
#6515=LINE('',#18234,#7874);
#6516=LINE('',#18236,#7875);
#6517=LINE('',#18238,#7876);
#6518=LINE('',#18240,#7877);
#6519=LINE('',#18242,#7878);
#6520=LINE('',#18244,#7879);
#6521=LINE('',#18245,#7880);
#6522=LINE('',#18249,#7881);
#6523=LINE('',#18251,#7882);
#6524=LINE('',#18253,#7883);
#6525=LINE('',#18255,#7884);
#6526=LINE('',#18257,#7885);
#6527=LINE('',#18259,#7886);
#6528=LINE('',#18261,#7887);
#6529=LINE('',#18263,#7888);
#6530=LINE('',#18265,#7889);
#6531=LINE('',#18267,#7890);
#6532=LINE('',#18269,#7891);
#6533=LINE('',#18271,#7892);
#6534=LINE('',#18273,#7893);
#6535=LINE('',#18275,#7894);
#6536=LINE('',#18276,#7895);
#6537=LINE('',#18278,#7896);
#6538=LINE('',#18282,#7897);
#6539=LINE('',#18284,#7898);
#6540=LINE('',#18286,#7899);
#6541=LINE('',#18288,#7900);
#6542=LINE('',#18290,#7901);
#6543=LINE('',#18292,#7902);
#6544=LINE('',#18294,#7903);
#6545=LINE('',#18296,#7904);
#6546=LINE('',#18298,#7905);
#6547=LINE('',#18300,#7906);
#6548=LINE('',#18302,#7907);
#6549=LINE('',#18304,#7908);
#6550=LINE('',#18306,#7909);
#6551=LINE('',#18308,#7910);
#6552=LINE('',#18310,#7911);
#6553=LINE('',#18311,#7912);
#6554=LINE('',#18315,#7913);
#6555=LINE('',#18317,#7914);
#6556=LINE('',#18319,#7915);
#6557=LINE('',#18321,#7916);
#6558=LINE('',#18323,#7917);
#6559=LINE('',#18325,#7918);
#6560=LINE('',#18327,#7919);
#6561=LINE('',#18329,#7920);
#6562=LINE('',#18331,#7921);
#6563=LINE('',#18333,#7922);
#6564=LINE('',#18335,#7923);
#6565=LINE('',#18337,#7924);
#6566=LINE('',#18339,#7925);
#6567=LINE('',#18341,#7926);
#6568=LINE('',#18342,#7927);
#6569=LINE('',#18344,#7928);
#6570=LINE('',#18348,#7929);
#6571=LINE('',#18350,#7930);
#6572=LINE('',#18352,#7931);
#6573=LINE('',#18354,#7932);
#6574=LINE('',#18356,#7933);
#6575=LINE('',#18358,#7934);
#6576=LINE('',#18360,#7935);
#6577=LINE('',#18362,#7936);
#6578=LINE('',#18364,#7937);
#6579=LINE('',#18366,#7938);
#6580=LINE('',#18368,#7939);
#6581=LINE('',#18370,#7940);
#6582=LINE('',#18372,#7941);
#6583=LINE('',#18374,#7942);
#6584=LINE('',#18376,#7943);
#6585=LINE('',#18377,#7944);
#6586=LINE('',#18381,#7945);
#6587=LINE('',#18383,#7946);
#6588=LINE('',#18385,#7947);
#6589=LINE('',#18387,#7948);
#6590=LINE('',#18389,#7949);
#6591=LINE('',#18391,#7950);
#6592=LINE('',#18393,#7951);
#6593=LINE('',#18395,#7952);
#6594=LINE('',#18397,#7953);
#6595=LINE('',#18399,#7954);
#6596=LINE('',#18401,#7955);
#6597=LINE('',#18403,#7956);
#6598=LINE('',#18405,#7957);
#6599=LINE('',#18407,#7958);
#6600=LINE('',#18408,#7959);
#6601=LINE('',#18410,#7960);
#6602=LINE('',#18414,#7961);
#6603=LINE('',#18416,#7962);
#6604=LINE('',#18418,#7963);
#6605=LINE('',#18420,#7964);
#6606=LINE('',#18422,#7965);
#6607=LINE('',#18424,#7966);
#6608=LINE('',#18426,#7967);
#6609=LINE('',#18428,#7968);
#6610=LINE('',#18430,#7969);
#6611=LINE('',#18432,#7970);
#6612=LINE('',#18434,#7971);
#6613=LINE('',#18436,#7972);
#6614=LINE('',#18438,#7973);
#6615=LINE('',#18440,#7974);
#6616=LINE('',#18442,#7975);
#6617=LINE('',#18443,#7976);
#6618=LINE('',#18447,#7977);
#6619=LINE('',#18449,#7978);
#6620=LINE('',#18451,#7979);
#6621=LINE('',#18453,#7980);
#6622=LINE('',#18455,#7981);
#6623=LINE('',#18457,#7982);
#6624=LINE('',#18459,#7983);
#6625=LINE('',#18461,#7984);
#6626=LINE('',#18463,#7985);
#6627=LINE('',#18465,#7986);
#6628=LINE('',#18467,#7987);
#6629=LINE('',#18469,#7988);
#6630=LINE('',#18471,#7989);
#6631=LINE('',#18473,#7990);
#6632=LINE('',#18474,#7991);
#6633=LINE('',#18476,#7992);
#6634=LINE('',#18482,#7993);
#6635=LINE('',#18485,#7994);
#6636=LINE('',#18487,#7995);
#6637=LINE('',#18489,#7996);
#6638=LINE('',#18491,#7997);
#6639=LINE('',#18493,#7998);
#6640=LINE('',#18495,#7999);
#6641=LINE('',#18497,#8000);
#6642=LINE('',#18499,#8001);
#6643=LINE('',#18501,#8002);
#6644=LINE('',#18503,#8003);
#6645=LINE('',#18505,#8004);
#6646=LINE('',#18510,#8005);
#6647=LINE('',#18513,#8006);
#6648=LINE('',#18515,#8007);
#6649=LINE('',#18517,#8008);
#6650=LINE('',#18519,#8009);
#6651=LINE('',#18521,#8010);
#6652=LINE('',#18523,#8011);
#6653=LINE('',#18525,#8012);
#6654=LINE('',#18527,#8013);
#6655=LINE('',#18529,#8014);
#6656=LINE('',#18531,#8015);
#6657=LINE('',#18533,#8016);
#6658=LINE('',#18536,#8017);
#6659=LINE('',#18538,#8018);
#6660=LINE('',#18540,#8019);
#6661=LINE('',#18542,#8020);
#6662=LINE('',#18544,#8021);
#6663=LINE('',#18546,#8022);
#6664=LINE('',#18548,#8023);
#6665=LINE('',#18550,#8024);
#6666=LINE('',#18552,#8025);
#6667=LINE('',#18554,#8026);
#6668=LINE('',#18556,#8027);
#6669=LINE('',#18558,#8028);
#6670=LINE('',#18560,#8029);
#6671=LINE('',#18562,#8030);
#6672=LINE('',#18564,#8031);
#6673=LINE('',#18566,#8032);
#6674=LINE('',#18568,#8033);
#6675=LINE('',#18570,#8034);
#6676=LINE('',#18572,#8035);
#6677=LINE('',#18574,#8036);
#6678=LINE('',#18576,#8037);
#6679=LINE('',#18578,#8038);
#6680=LINE('',#18580,#8039);
#6681=LINE('',#18582,#8040);
#6682=LINE('',#18585,#8041);
#6683=LINE('',#18587,#8042);
#6684=LINE('',#18589,#8043);
#6685=LINE('',#18591,#8044);
#6686=LINE('',#18593,#8045);
#6687=LINE('',#18595,#8046);
#6688=LINE('',#18597,#8047);
#6689=LINE('',#18599,#8048);
#6690=LINE('',#18601,#8049);
#6691=LINE('',#18603,#8050);
#6692=LINE('',#18605,#8051);
#6693=LINE('',#18607,#8052);
#6694=LINE('',#18609,#8053);
#6695=LINE('',#18611,#8054);
#6696=LINE('',#18613,#8055);
#6697=LINE('',#18615,#8056);
#6698=LINE('',#18617,#8057);
#6699=LINE('',#18619,#8058);
#6700=LINE('',#18621,#8059);
#6701=LINE('',#18623,#8060);
#6702=LINE('',#18625,#8061);
#6703=LINE('',#18627,#8062);
#6704=LINE('',#18629,#8063);
#6705=LINE('',#18631,#8064);
#6706=LINE('',#18637,#8065);
#6707=LINE('',#18642,#8066);
#6708=LINE('',#18644,#8067);
#6709=LINE('',#18649,#8068);
#6710=LINE('',#18651,#8069);
#6711=LINE('',#18653,#8070);
#6712=LINE('',#18655,#8071);
#6713=LINE('',#18656,#8072);
#6714=LINE('',#18658,#8073);
#6715=LINE('',#18660,#8074);
#6716=LINE('',#18662,#8075);
#6717=LINE('',#18664,#8076);
#6718=LINE('',#18666,#8077);
#6719=LINE('',#18668,#8078);
#6720=LINE('',#18670,#8079);
#6721=LINE('',#18673,#8080);
#6722=LINE('',#18675,#8081);
#6723=LINE('',#18677,#8082);
#6724=LINE('',#18679,#8083);
#6725=LINE('',#18681,#8084);
#6726=LINE('',#18683,#8085);
#6727=LINE('',#18685,#8086);
#6728=LINE('',#18687,#8087);
#6729=LINE('',#18689,#8088);
#6730=LINE('',#18691,#8089);
#6731=LINE('',#18694,#8090);
#6732=LINE('',#18696,#8091);
#6733=LINE('',#18698,#8092);
#6734=LINE('',#18700,#8093);
#6735=LINE('',#18702,#8094);
#6736=LINE('',#18704,#8095);
#6737=LINE('',#18706,#8096);
#6738=LINE('',#18708,#8097);
#6739=LINE('',#18710,#8098);
#6740=LINE('',#18712,#8099);
#6741=LINE('',#18715,#8100);
#6742=LINE('',#18717,#8101);
#6743=LINE('',#18719,#8102);
#6744=LINE('',#18721,#8103);
#6745=LINE('',#18723,#8104);
#6746=LINE('',#18725,#8105);
#6747=LINE('',#18727,#8106);
#6748=LINE('',#18729,#8107);
#6749=LINE('',#18731,#8108);
#6750=LINE('',#18733,#8109);
#6751=LINE('',#18736,#8110);
#6752=LINE('',#18738,#8111);
#6753=LINE('',#18740,#8112);
#6754=LINE('',#18742,#8113);
#6755=LINE('',#18744,#8114);
#6756=LINE('',#18746,#8115);
#6757=LINE('',#18748,#8116);
#6758=LINE('',#18750,#8117);
#6759=LINE('',#18752,#8118);
#6760=LINE('',#18754,#8119);
#6761=LINE('',#18757,#8120);
#6762=LINE('',#18759,#8121);
#6763=LINE('',#18761,#8122);
#6764=LINE('',#18763,#8123);
#6765=LINE('',#18765,#8124);
#6766=LINE('',#18767,#8125);
#6767=LINE('',#18769,#8126);
#6768=LINE('',#18771,#8127);
#6769=LINE('',#18773,#8128);
#6770=LINE('',#18775,#8129);
#6771=LINE('',#18778,#8130);
#6772=LINE('',#18780,#8131);
#6773=LINE('',#18782,#8132);
#6774=LINE('',#18784,#8133);
#6775=LINE('',#18786,#8134);
#6776=LINE('',#18788,#8135);
#6777=LINE('',#18790,#8136);
#6778=LINE('',#18792,#8137);
#6779=LINE('',#18794,#8138);
#6780=LINE('',#18796,#8139);
#6781=LINE('',#18799,#8140);
#6782=LINE('',#18801,#8141);
#6783=LINE('',#18803,#8142);
#6784=LINE('',#18805,#8143);
#6785=LINE('',#18807,#8144);
#6786=LINE('',#18809,#8145);
#6787=LINE('',#18811,#8146);
#6788=LINE('',#18813,#8147);
#6789=LINE('',#18815,#8148);
#6790=LINE('',#18817,#8149);
#6791=LINE('',#18820,#8150);
#6792=LINE('',#18822,#8151);
#6793=LINE('',#18824,#8152);
#6794=LINE('',#18826,#8153);
#6795=LINE('',#18828,#8154);
#6796=LINE('',#18830,#8155);
#6797=LINE('',#18832,#8156);
#6798=LINE('',#18834,#8157);
#6799=LINE('',#18836,#8158);
#6800=LINE('',#18838,#8159);
#6801=LINE('',#18841,#8160);
#6802=LINE('',#18843,#8161);
#6803=LINE('',#18845,#8162);
#6804=LINE('',#18847,#8163);
#6805=LINE('',#18849,#8164);
#6806=LINE('',#18851,#8165);
#6807=LINE('',#18853,#8166);
#6808=LINE('',#18855,#8167);
#6809=LINE('',#18857,#8168);
#6810=LINE('',#18859,#8169);
#6811=LINE('',#18862,#8170);
#6812=LINE('',#18864,#8171);
#6813=LINE('',#18866,#8172);
#6814=LINE('',#18868,#8173);
#6815=LINE('',#18870,#8174);
#6816=LINE('',#18872,#8175);
#6817=LINE('',#18874,#8176);
#6818=LINE('',#18876,#8177);
#6819=LINE('',#18878,#8178);
#6820=LINE('',#18880,#8179);
#6821=LINE('',#18883,#8180);
#6822=LINE('',#18885,#8181);
#6823=LINE('',#18887,#8182);
#6824=LINE('',#18889,#8183);
#6825=LINE('',#18891,#8184);
#6826=LINE('',#18893,#8185);
#6827=LINE('',#18895,#8186);
#6828=LINE('',#18897,#8187);
#6829=LINE('',#18899,#8188);
#6830=LINE('',#18901,#8189);
#6831=LINE('',#18904,#8190);
#6832=LINE('',#18906,#8191);
#6833=LINE('',#18908,#8192);
#6834=LINE('',#18910,#8193);
#6835=LINE('',#18912,#8194);
#6836=LINE('',#18914,#8195);
#6837=LINE('',#18916,#8196);
#6838=LINE('',#18918,#8197);
#6839=LINE('',#18920,#8198);
#6840=LINE('',#18922,#8199);
#6841=LINE('',#18925,#8200);
#6842=LINE('',#18927,#8201);
#6843=LINE('',#18929,#8202);
#6844=LINE('',#18931,#8203);
#6845=LINE('',#18933,#8204);
#6846=LINE('',#18935,#8205);
#6847=LINE('',#18937,#8206);
#6848=LINE('',#18939,#8207);
#6849=LINE('',#18941,#8208);
#6850=LINE('',#18943,#8209);
#6851=LINE('',#18946,#8210);
#6852=LINE('',#18948,#8211);
#6853=LINE('',#18950,#8212);
#6854=LINE('',#18952,#8213);
#6855=LINE('',#18954,#8214);
#6856=LINE('',#18956,#8215);
#6857=LINE('',#18958,#8216);
#6858=LINE('',#18960,#8217);
#6859=LINE('',#18962,#8218);
#6860=LINE('',#18964,#8219);
#6861=LINE('',#18967,#8220);
#6862=LINE('',#18969,#8221);
#6863=LINE('',#18971,#8222);
#6864=LINE('',#18973,#8223);
#6865=LINE('',#18974,#8224);
#6866=LINE('',#18976,#8225);
#6867=LINE('',#18978,#8226);
#6868=LINE('',#18981,#8227);
#6869=LINE('',#18983,#8228);
#6870=LINE('',#18985,#8229);
#6871=LINE('',#18987,#8230);
#6872=LINE('',#18988,#8231);
#6873=LINE('',#18990,#8232);
#6874=LINE('',#18992,#8233);
#6875=LINE('',#18993,#8234);
#6876=LINE('',#18995,#8235);
#6877=LINE('',#18996,#8236);
#6878=LINE('',#18998,#8237);
#6879=LINE('',#18999,#8238);
#6880=LINE('',#19001,#8239);
#6881=LINE('',#19002,#8240);
#6882=LINE('',#19004,#8241);
#6883=LINE('',#19005,#8242);
#6884=LINE('',#19007,#8243);
#6885=LINE('',#19008,#8244);
#6886=LINE('',#19010,#8245);
#6887=LINE('',#19011,#8246);
#6888=LINE('',#19013,#8247);
#6889=LINE('',#19014,#8248);
#6890=LINE('',#19016,#8249);
#6891=LINE('',#19017,#8250);
#6892=LINE('',#19019,#8251);
#6893=LINE('',#19020,#8252);
#6894=LINE('',#19022,#8253);
#6895=LINE('',#19023,#8254);
#6896=LINE('',#19025,#8255);
#6897=LINE('',#19026,#8256);
#6898=LINE('',#19028,#8257);
#6899=LINE('',#19029,#8258);
#6900=LINE('',#19031,#8259);
#6901=LINE('',#19032,#8260);
#6902=LINE('',#19034,#8261);
#6903=LINE('',#19035,#8262);
#6904=LINE('',#19053,#8263);
#6905=LINE('',#19058,#8264);
#6906=LINE('',#19061,#8265);
#6907=LINE('',#19064,#8266);
#6908=LINE('',#19066,#8267);
#6909=LINE('',#19068,#8268);
#6910=LINE('',#19069,#8269);
#6911=LINE('',#19072,#8270);
#6912=LINE('',#19074,#8271);
#6913=LINE('',#19076,#8272);
#6914=LINE('',#19077,#8273);
#6915=LINE('',#19080,#8274);
#6916=LINE('',#19082,#8275);
#6917=LINE('',#19084,#8276);
#6918=LINE('',#19085,#8277);
#6919=LINE('',#19088,#8278);
#6920=LINE('',#19090,#8279);
#6921=LINE('',#19092,#8280);
#6922=LINE('',#19093,#8281);
#6923=LINE('',#19096,#8282);
#6924=LINE('',#19098,#8283);
#6925=LINE('',#19100,#8284);
#6926=LINE('',#19101,#8285);
#6927=LINE('',#19104,#8286);
#6928=LINE('',#19106,#8287);
#6929=LINE('',#19108,#8288);
#6930=LINE('',#19109,#8289);
#6931=LINE('',#19112,#8290);
#6932=LINE('',#19114,#8291);
#6933=LINE('',#19116,#8292);
#6934=LINE('',#19117,#8293);
#6935=LINE('',#19120,#8294);
#6936=LINE('',#19122,#8295);
#6937=LINE('',#19124,#8296);
#6938=LINE('',#19125,#8297);
#6939=LINE('',#19128,#8298);
#6940=LINE('',#19130,#8299);
#6941=LINE('',#19132,#8300);
#6942=LINE('',#19133,#8301);
#6943=LINE('',#19136,#8302);
#6944=LINE('',#19138,#8303);
#6945=LINE('',#19140,#8304);
#6946=LINE('',#19141,#8305);
#6947=LINE('',#19144,#8306);
#6948=LINE('',#19146,#8307);
#6949=LINE('',#19148,#8308);
#6950=LINE('',#19149,#8309);
#6951=LINE('',#19152,#8310);
#6952=LINE('',#19154,#8311);
#6953=LINE('',#19156,#8312);
#6954=LINE('',#19157,#8313);
#6955=LINE('',#19160,#8314);
#6956=LINE('',#19162,#8315);
#6957=LINE('',#19164,#8316);
#6958=LINE('',#19165,#8317);
#6959=LINE('',#19168,#8318);
#6960=LINE('',#19170,#8319);
#6961=LINE('',#19172,#8320);
#6962=LINE('',#19174,#8321);
#6963=LINE('',#19176,#8322);
#6964=LINE('',#19178,#8323);
#6965=LINE('',#19180,#8324);
#6966=LINE('',#19185,#8325);
#6967=LINE('',#19187,#8326);
#6968=LINE('',#19189,#8327);
#6969=LINE('',#19191,#8328);
#6970=LINE('',#19194,#8329);
#6971=LINE('',#19195,#8330);
#6972=LINE('',#19197,#8331);
#6973=LINE('',#19199,#8332);
#6974=LINE('',#19204,#8333);
#6975=LINE('',#19243,#8334);
#6976=LINE('',#19246,#8335);
#6977=LINE('',#19248,#8336);
#6978=LINE('',#19250,#8337);
#6979=LINE('',#19252,#8338);
#6980=LINE('',#19253,#8339);
#6981=LINE('',#19255,#8340);
#6982=LINE('',#19257,#8341);
#6983=LINE('',#19261,#8342);
#6984=LINE('',#19264,#8343);
#6985=LINE('',#19266,#8344);
#6986=LINE('',#19268,#8345);
#6987=LINE('',#19270,#8346);
#6988=LINE('',#19271,#8347);
#6989=LINE('',#19273,#8348);
#6990=LINE('',#19275,#8349);
#6991=LINE('',#19279,#8350);
#6992=LINE('',#19282,#8351);
#6993=LINE('',#19284,#8352);
#6994=LINE('',#19286,#8353);
#6995=LINE('',#19288,#8354);
#6996=LINE('',#19289,#8355);
#6997=LINE('',#19291,#8356);
#6998=LINE('',#19293,#8357);
#6999=LINE('',#19297,#8358);
#7000=LINE('',#19300,#8359);
#7001=LINE('',#19302,#8360);
#7002=LINE('',#19304,#8361);
#7003=LINE('',#19306,#8362);
#7004=LINE('',#19307,#8363);
#7005=LINE('',#19309,#8364);
#7006=LINE('',#19311,#8365);
#7007=LINE('',#19315,#8366);
#7008=LINE('',#19318,#8367);
#7009=LINE('',#19320,#8368);
#7010=LINE('',#19322,#8369);
#7011=LINE('',#19324,#8370);
#7012=LINE('',#19325,#8371);
#7013=LINE('',#19327,#8372);
#7014=LINE('',#19329,#8373);
#7015=LINE('',#19333,#8374);
#7016=LINE('',#19336,#8375);
#7017=LINE('',#19338,#8376);
#7018=LINE('',#19340,#8377);
#7019=LINE('',#19342,#8378);
#7020=LINE('',#19343,#8379);
#7021=LINE('',#19345,#8380);
#7022=LINE('',#19347,#8381);
#7023=LINE('',#19351,#8382);
#7024=LINE('',#19354,#8383);
#7025=LINE('',#19356,#8384);
#7026=LINE('',#19358,#8385);
#7027=LINE('',#19360,#8386);
#7028=LINE('',#19361,#8387);
#7029=LINE('',#19363,#8388);
#7030=LINE('',#19365,#8389);
#7031=LINE('',#19369,#8390);
#7032=LINE('',#19372,#8391);
#7033=LINE('',#19374,#8392);
#7034=LINE('',#19376,#8393);
#7035=LINE('',#19378,#8394);
#7036=LINE('',#19379,#8395);
#7037=LINE('',#19381,#8396);
#7038=LINE('',#19383,#8397);
#7039=LINE('',#19387,#8398);
#7040=LINE('',#19390,#8399);
#7041=LINE('',#19392,#8400);
#7042=LINE('',#19394,#8401);
#7043=LINE('',#19396,#8402);
#7044=LINE('',#19397,#8403);
#7045=LINE('',#19399,#8404);
#7046=LINE('',#19401,#8405);
#7047=LINE('',#19405,#8406);
#7048=LINE('',#19408,#8407);
#7049=LINE('',#19410,#8408);
#7050=LINE('',#19412,#8409);
#7051=LINE('',#19414,#8410);
#7052=LINE('',#19415,#8411);
#7053=LINE('',#19417,#8412);
#7054=LINE('',#19419,#8413);
#7055=LINE('',#19423,#8414);
#7056=LINE('',#19426,#8415);
#7057=LINE('',#19428,#8416);
#7058=LINE('',#19430,#8417);
#7059=LINE('',#19432,#8418);
#7060=LINE('',#19433,#8419);
#7061=LINE('',#19435,#8420);
#7062=LINE('',#19437,#8421);
#7063=LINE('',#19441,#8422);
#7064=LINE('',#19444,#8423);
#7065=LINE('',#19446,#8424);
#7066=LINE('',#19448,#8425);
#7067=LINE('',#19450,#8426);
#7068=LINE('',#19451,#8427);
#7069=LINE('',#19453,#8428);
#7070=LINE('',#19455,#8429);
#7071=LINE('',#19459,#8430);
#7072=LINE('',#19462,#8431);
#7073=LINE('',#19464,#8432);
#7074=LINE('',#19466,#8433);
#7075=LINE('',#19468,#8434);
#7076=LINE('',#19469,#8435);
#7077=LINE('',#19471,#8436);
#7078=LINE('',#19473,#8437);
#7079=LINE('',#19477,#8438);
#7080=LINE('',#19480,#8439);
#7081=LINE('',#19482,#8440);
#7082=LINE('',#19484,#8441);
#7083=LINE('',#19486,#8442);
#7084=LINE('',#19487,#8443);
#7085=LINE('',#19489,#8444);
#7086=LINE('',#19491,#8445);
#7087=VECTOR('',#13894,1.);
#7088=VECTOR('',#13895,1.);
#7089=VECTOR('',#13896,1.);
#7090=VECTOR('',#13897,1.);
#7091=VECTOR('',#13900,1.);
#7092=VECTOR('',#13901,1.);
#7093=VECTOR('',#13902,1.);
#7094=VECTOR('',#13903,1.);
#7095=VECTOR('',#13904,1.);
#7096=VECTOR('',#13905,1.);
#7097=VECTOR('',#13906,1.);
#7098=VECTOR('',#13907,1.);
#7099=VECTOR('',#13912,1.);
#7100=VECTOR('',#13913,1.);
#7101=VECTOR('',#13914,1.);
#7102=VECTOR('',#13915,1.);
#7103=VECTOR('',#13916,1.);
#7104=VECTOR('',#13919,1.);
#7105=VECTOR('',#13920,1.);
#7106=VECTOR('',#13921,1.);
#7107=VECTOR('',#13926,1.);
#7108=VECTOR('',#13927,1.);
#7109=VECTOR('',#13928,1.);
#7110=VECTOR('',#13931,1.);
#7111=VECTOR('',#13932,1.);
#7112=VECTOR('',#13933,1.);
#7113=VECTOR('',#13934,1.);
#7114=VECTOR('',#13937,1.);
#7115=VECTOR('',#13938,1.);
#7116=VECTOR('',#13939,1.);
#7117=VECTOR('',#13942,1.);
#7118=VECTOR('',#13943,1.);
#7119=VECTOR('',#13944,1.);
#7120=VECTOR('',#13947,1.);
#7121=VECTOR('',#13948,1.);
#7122=VECTOR('',#13951,1.);
#7123=VECTOR('',#13956,1.);
#7124=VECTOR('',#13957,1.);
#7125=VECTOR('',#13958,1.);
#7126=VECTOR('',#13959,1.);
#7127=VECTOR('',#13962,1.);
#7128=VECTOR('',#13963,1.);
#7129=VECTOR('',#13966,1.);
#7130=VECTOR('',#13967,1.);
#7131=VECTOR('',#13970,1.);
#7132=VECTOR('',#13971,1.);
#7133=VECTOR('',#13972,1.);
#7134=VECTOR('',#13975,1.);
#7135=VECTOR('',#13978,1.);
#7136=VECTOR('',#13979,1.);
#7137=VECTOR('',#13980,1.);
#7138=VECTOR('',#13985,1.);
#7139=VECTOR('',#13988,1.);
#7140=VECTOR('',#13989,1.);
#7141=VECTOR('',#13990,1.);
#7142=VECTOR('',#13995,1.);
#7143=VECTOR('',#13996,1.);
#7144=VECTOR('',#13999,1.);
#7145=VECTOR('',#14004,1.);
#7146=VECTOR('',#14077,1.);
#7147=VECTOR('',#14078,1.);
#7148=VECTOR('',#14079,1.);
#7149=VECTOR('',#14080,1.);
#7150=VECTOR('',#14083,1.);
#7151=VECTOR('',#14084,1.);
#7152=VECTOR('',#14085,1.);
#7153=VECTOR('',#14086,1.);
#7154=VECTOR('',#14089,1.);
#7155=VECTOR('',#14090,1.);
#7156=VECTOR('',#14091,1.);
#7157=VECTOR('',#14092,1.);
#7158=VECTOR('',#14095,1.);
#7159=VECTOR('',#14096,1.);
#7160=VECTOR('',#14097,1.);
#7161=VECTOR('',#14098,1.);
#7162=VECTOR('',#14101,1.);
#7163=VECTOR('',#14102,1.);
#7164=VECTOR('',#14103,1.);
#7165=VECTOR('',#14104,1.);
#7166=VECTOR('',#14107,1.);
#7167=VECTOR('',#14108,1.);
#7168=VECTOR('',#14109,1.);
#7169=VECTOR('',#14110,1.);
#7170=VECTOR('',#14113,1.);
#7171=VECTOR('',#14114,1.);
#7172=VECTOR('',#14115,1.);
#7173=VECTOR('',#14116,1.);
#7174=VECTOR('',#14119,1.);
#7175=VECTOR('',#14120,1.);
#7176=VECTOR('',#14121,1.);
#7177=VECTOR('',#14122,1.);
#7178=VECTOR('',#14125,1.);
#7179=VECTOR('',#14126,1.);
#7180=VECTOR('',#14127,1.);
#7181=VECTOR('',#14128,1.);
#7182=VECTOR('',#14131,1.);
#7183=VECTOR('',#14132,1.);
#7184=VECTOR('',#14133,1.);
#7185=VECTOR('',#14134,1.);
#7186=VECTOR('',#14137,1.);
#7187=VECTOR('',#14138,1.);
#7188=VECTOR('',#14139,1.);
#7189=VECTOR('',#14140,1.);
#7190=VECTOR('',#14143,1.);
#7191=VECTOR('',#14144,1.);
#7192=VECTOR('',#14145,1.);
#7193=VECTOR('',#14146,1.);
#7194=VECTOR('',#14149,1.);
#7195=VECTOR('',#14150,1.);
#7196=VECTOR('',#14151,1.);
#7197=VECTOR('',#14152,1.);
#7198=VECTOR('',#14155,1.);
#7199=VECTOR('',#14156,1.);
#7200=VECTOR('',#14157,1.);
#7201=VECTOR('',#14158,1.);
#7202=VECTOR('',#14161,1.);
#7203=VECTOR('',#14162,1.);
#7204=VECTOR('',#14163,1.);
#7205=VECTOR('',#14164,1.);
#7206=VECTOR('',#14167,1.);
#7207=VECTOR('',#14168,1.);
#7208=VECTOR('',#14169,1.);
#7209=VECTOR('',#14170,1.);
#7210=VECTOR('',#14173,1.);
#7211=VECTOR('',#14174,1.);
#7212=VECTOR('',#14175,1.);
#7213=VECTOR('',#14176,1.);
#7214=VECTOR('',#14179,1.);
#7215=VECTOR('',#14180,1.);
#7216=VECTOR('',#14181,1.);
#7217=VECTOR('',#14182,1.);
#7218=VECTOR('',#14185,1.);
#7219=VECTOR('',#14186,1.);
#7220=VECTOR('',#14187,1.);
#7221=VECTOR('',#14188,1.);
#7222=VECTOR('',#14191,1.);
#7223=VECTOR('',#14192,1.);
#7224=VECTOR('',#14193,1.);
#7225=VECTOR('',#14194,1.);
#7226=VECTOR('',#14197,1.);
#7227=VECTOR('',#14198,1.);
#7228=VECTOR('',#14199,1.);
#7229=VECTOR('',#14200,1.);
#7230=VECTOR('',#14203,1.);
#7231=VECTOR('',#14204,1.);
#7232=VECTOR('',#14205,1.);
#7233=VECTOR('',#14206,1.);
#7234=VECTOR('',#14209,1.);
#7235=VECTOR('',#14210,1.);
#7236=VECTOR('',#14211,1.);
#7237=VECTOR('',#14212,1.);
#7238=VECTOR('',#14215,1.);
#7239=VECTOR('',#14216,1.);
#7240=VECTOR('',#14217,1.);
#7241=VECTOR('',#14218,1.);
#7242=VECTOR('',#14221,1.);
#7243=VECTOR('',#14222,1.);
#7244=VECTOR('',#14223,1.);
#7245=VECTOR('',#14224,1.);
#7246=VECTOR('',#14227,1.);
#7247=VECTOR('',#14228,1.);
#7248=VECTOR('',#14229,1.);
#7249=VECTOR('',#14230,1.);
#7250=VECTOR('',#14233,1.);
#7251=VECTOR('',#14234,1.);
#7252=VECTOR('',#14235,1.);
#7253=VECTOR('',#14236,1.);
#7254=VECTOR('',#14239,1.);
#7255=VECTOR('',#14240,1.);
#7256=VECTOR('',#14241,1.);
#7257=VECTOR('',#14242,1.);
#7258=VECTOR('',#14245,1.);
#7259=VECTOR('',#14246,1.);
#7260=VECTOR('',#14247,1.);
#7261=VECTOR('',#14248,1.);
#7262=VECTOR('',#14249,1.);
#7263=VECTOR('',#14250,1.);
#7264=VECTOR('',#14251,1.);
#7265=VECTOR('',#14252,1.);
#7266=VECTOR('',#14255,1.);
#7267=VECTOR('',#14258,1.);
#7268=VECTOR('',#14259,1.);
#7269=VECTOR('',#14260,1.);
#7270=VECTOR('',#14261,1.);
#7271=VECTOR('',#14262,1.);
#7272=VECTOR('',#14263,1.);
#7273=VECTOR('',#14264,1.);
#7274=VECTOR('',#14265,1.);
#7275=VECTOR('',#14266,1.);
#7276=VECTOR('',#14267,1.);
#7277=VECTOR('',#14268,1.);
#7278=VECTOR('',#14269,1.);
#7279=VECTOR('',#14270,1.);
#7280=VECTOR('',#14271,1.);
#7281=VECTOR('',#14274,1.);
#7282=VECTOR('',#14277,1.);
#7283=VECTOR('',#14278,1.);
#7284=VECTOR('',#14279,1.);
#7285=VECTOR('',#14280,1.);
#7286=VECTOR('',#14281,1.);
#7287=VECTOR('',#14282,1.);
#7288=VECTOR('',#14283,1.);
#7289=VECTOR('',#14284,1.);
#7290=VECTOR('',#14285,1.);
#7291=VECTOR('',#14286,1.);
#7292=VECTOR('',#14287,1.);
#7293=VECTOR('',#14288,1.);
#7294=VECTOR('',#14289,1.);
#7295=VECTOR('',#14290,1.);
#7296=VECTOR('',#14293,1.);
#7297=VECTOR('',#14296,1.);
#7298=VECTOR('',#14297,1.);
#7299=VECTOR('',#14298,1.);
#7300=VECTOR('',#14299,1.);
#7301=VECTOR('',#14300,1.);
#7302=VECTOR('',#14301,1.);
#7303=VECTOR('',#14302,1.);
#7304=VECTOR('',#14303,1.);
#7305=VECTOR('',#14304,1.);
#7306=VECTOR('',#14305,1.);
#7307=VECTOR('',#14306,1.);
#7308=VECTOR('',#14307,1.);
#7309=VECTOR('',#14308,1.);
#7310=VECTOR('',#14309,1.);
#7311=VECTOR('',#14312,1.);
#7312=VECTOR('',#14315,1.);
#7313=VECTOR('',#14316,1.);
#7314=VECTOR('',#14317,1.);
#7315=VECTOR('',#14318,1.);
#7316=VECTOR('',#14319,1.);
#7317=VECTOR('',#14320,1.);
#7318=VECTOR('',#14321,1.);
#7319=VECTOR('',#14322,1.);
#7320=VECTOR('',#14323,1.);
#7321=VECTOR('',#14324,1.);
#7322=VECTOR('',#14325,1.);
#7323=VECTOR('',#14326,1.);
#7324=VECTOR('',#14327,1.);
#7325=VECTOR('',#14328,1.);
#7326=VECTOR('',#14331,1.);
#7327=VECTOR('',#14332,1.);
#7328=VECTOR('',#14333,1.);
#7329=VECTOR('',#14334,1.);
#7330=VECTOR('',#14337,1.);
#7331=VECTOR('',#14338,1.);
#7332=VECTOR('',#14339,1.);
#7333=VECTOR('',#14340,1.);
#7334=VECTOR('',#14347,1.);
#7335=VECTOR('',#14348,1.);
#7336=VECTOR('',#14349,1.);
#7337=VECTOR('',#14350,1.);
#7338=VECTOR('',#14351,1.);
#7339=VECTOR('',#14352,1.);
#7340=VECTOR('',#14353,1.);
#7341=VECTOR('',#14354,1.);
#7342=VECTOR('',#14355,1.);
#7343=VECTOR('',#14356,1.);
#7344=VECTOR('',#14357,1.);
#7345=VECTOR('',#14360,1.);
#7346=VECTOR('',#14363,1.);
#7347=VECTOR('',#14366,1.);
#7348=VECTOR('',#14367,1.);
#7349=VECTOR('',#14370,1.);
#7350=VECTOR('',#14373,1.);
#7351=VECTOR('',#14374,1.);
#7352=VECTOR('',#14377,1.);
#7353=VECTOR('',#14378,1.);
#7354=VECTOR('',#14379,1.);
#7355=VECTOR('',#14380,1.);
#7356=VECTOR('',#14381,1.);
#7357=VECTOR('',#14382,1.);
#7358=VECTOR('',#14383,1.);
#7359=VECTOR('',#14384,1.);
#7360=VECTOR('',#14385,1.);
#7361=VECTOR('',#14386,1.);
#7362=VECTOR('',#14387,1.);
#7363=VECTOR('',#14388,1.);
#7364=VECTOR('',#14389,1.);
#7365=VECTOR('',#14390,1.);
#7366=VECTOR('',#14391,1.);
#7367=VECTOR('',#14392,1.);
#7368=VECTOR('',#14393,1.);
#7369=VECTOR('',#14394,1.);
#7370=VECTOR('',#14395,1.);
#7371=VECTOR('',#14396,1.);
#7372=VECTOR('',#14397,1.);
#7373=VECTOR('',#14398,1.);
#7374=VECTOR('',#14399,1.);
#7375=VECTOR('',#14400,1.);
#7376=VECTOR('',#14401,1.);
#7377=VECTOR('',#14402,1.);
#7378=VECTOR('',#14403,1.);
#7379=VECTOR('',#14404,1.);
#7380=VECTOR('',#14405,1.);
#7381=VECTOR('',#14406,1.);
#7382=VECTOR('',#14407,1.);
#7383=VECTOR('',#14408,1.);
#7384=VECTOR('',#14409,1.);
#7385=VECTOR('',#14410,1.);
#7386=VECTOR('',#14411,1.);
#7387=VECTOR('',#14412,1.);
#7388=VECTOR('',#14413,1.);
#7389=VECTOR('',#14414,1.);
#7390=VECTOR('',#14415,1.);
#7391=VECTOR('',#14416,1.);
#7392=VECTOR('',#14417,1.);
#7393=VECTOR('',#14418,1.);
#7394=VECTOR('',#14419,1.);
#7395=VECTOR('',#14420,1.);
#7396=VECTOR('',#14421,1.);
#7397=VECTOR('',#14422,1.);
#7398=VECTOR('',#14423,1.);
#7399=VECTOR('',#14424,1.);
#7400=VECTOR('',#14425,1.);
#7401=VECTOR('',#14426,1.);
#7402=VECTOR('',#14427,1.);
#7403=VECTOR('',#14428,1.);
#7404=VECTOR('',#14429,1.);
#7405=VECTOR('',#14430,1.);
#7406=VECTOR('',#14431,1.);
#7407=VECTOR('',#14432,1.);
#7408=VECTOR('',#14433,1.);
#7409=VECTOR('',#14434,1.);
#7410=VECTOR('',#14435,1.);
#7411=VECTOR('',#14436,1.);
#7412=VECTOR('',#14437,1.);
#7413=VECTOR('',#14438,1.);
#7414=VECTOR('',#14439,1.);
#7415=VECTOR('',#14440,1.);
#7416=VECTOR('',#14441,1.);
#7417=VECTOR('',#14442,1.);
#7418=VECTOR('',#14443,1.);
#7419=VECTOR('',#14444,1.);
#7420=VECTOR('',#14445,1.);
#7421=VECTOR('',#14446,1.);
#7422=VECTOR('',#14447,1.);
#7423=VECTOR('',#14448,1.);
#7424=VECTOR('',#14449,1.);
#7425=VECTOR('',#14450,1.);
#7426=VECTOR('',#14451,1.);
#7427=VECTOR('',#14452,1.);
#7428=VECTOR('',#14453,1.);
#7429=VECTOR('',#14454,1.);
#7430=VECTOR('',#14455,1.);
#7431=VECTOR('',#14456,1.);
#7432=VECTOR('',#14457,1.);
#7433=VECTOR('',#14458,1.);
#7434=VECTOR('',#14459,1.);
#7435=VECTOR('',#14460,1.);
#7436=VECTOR('',#14461,1.);
#7437=VECTOR('',#14464,1.);
#7438=VECTOR('',#14467,1.);
#7439=VECTOR('',#14470,1.);
#7440=VECTOR('',#14471,1.);
#7441=VECTOR('',#14474,1.);
#7442=VECTOR('',#14477,1.);
#7443=VECTOR('',#14478,1.);
#7444=VECTOR('',#14479,1.);
#7445=VECTOR('',#14480,1.);
#7446=VECTOR('',#14483,1.);
#7447=VECTOR('',#14484,1.);
#7448=VECTOR('',#14487,1.);
#7449=VECTOR('',#14488,1.);
#7450=VECTOR('',#14491,1.);
#7451=VECTOR('',#14494,1.);
#7452=VECTOR('',#14495,1.);
#7453=VECTOR('',#14498,1.);
#7454=VECTOR('',#14499,1.);
#7455=VECTOR('',#14502,1.);
#7456=VECTOR('',#14503,1.);
#7457=VECTOR('',#14516,1.);
#7458=VECTOR('',#14517,1.);
#7459=VECTOR('',#14520,1.);
#7460=VECTOR('',#14521,1.);
#7461=VECTOR('',#14522,1.);
#7462=VECTOR('',#14523,1.);
#7463=VECTOR('',#14526,1.);
#7464=VECTOR('',#14531,1.);
#7465=VECTOR('',#14532,1.);
#7466=VECTOR('',#14533,1.);
#7467=VECTOR('',#14534,1.);
#7468=VECTOR('',#14537,1.);
#7469=VECTOR('',#14538,1.);
#7470=VECTOR('',#14539,1.);
#7471=VECTOR('',#14540,1.);
#7472=VECTOR('',#14543,1.);
#7473=VECTOR('',#14544,1.);
#7474=VECTOR('',#14545,1.);
#7475=VECTOR('',#14546,1.);
#7476=VECTOR('',#14549,1.);
#7477=VECTOR('',#14550,1.);
#7478=VECTOR('',#14551,1.);
#7479=VECTOR('',#14552,1.);
#7480=VECTOR('',#14555,1.);
#7481=VECTOR('',#14556,1.);
#7482=VECTOR('',#14559,1.);
#7483=VECTOR('',#14560,1.);
#7484=VECTOR('',#14563,1.);
#7485=VECTOR('',#14564,1.);
#7486=VECTOR('',#14567,1.);
#7487=VECTOR('',#14570,1.);
#7488=VECTOR('',#14573,1.);
#7489=VECTOR('',#14576,1.);
#7490=VECTOR('',#14577,1.);
#7491=VECTOR('',#14578,1.);
#7492=VECTOR('',#14579,1.);
#7493=VECTOR('',#14580,1.);
#7494=VECTOR('',#14581,1.);
#7495=VECTOR('',#14582,1.);
#7496=VECTOR('',#14587,1.);
#7497=VECTOR('',#14588,1.);
#7498=VECTOR('',#14589,1.);
#7499=VECTOR('',#14590,1.);
#7500=VECTOR('',#14591,1.);
#7501=VECTOR('',#14592,1.);
#7502=VECTOR('',#14593,1.);
#7503=VECTOR('',#14594,1.);
#7504=VECTOR('',#14599,1.);
#7505=VECTOR('',#14600,1.);
#7506=VECTOR('',#14601,1.);
#7507=VECTOR('',#14602,1.);
#7508=VECTOR('',#14605,1.);
#7509=VECTOR('',#14606,1.);
#7510=VECTOR('',#14607,1.);
#7511=VECTOR('',#14608,1.);
#7512=VECTOR('',#14611,1.);
#7513=VECTOR('',#14612,1.);
#7514=VECTOR('',#14613,1.);
#7515=VECTOR('',#14614,1.);
#7516=VECTOR('',#14617,1.);
#7517=VECTOR('',#14618,1.);
#7518=VECTOR('',#14619,1.);
#7519=VECTOR('',#14620,1.);
#7520=VECTOR('',#14623,1.);
#7521=VECTOR('',#14624,1.);
#7522=VECTOR('',#14627,1.);
#7523=VECTOR('',#14628,1.);
#7524=VECTOR('',#14631,1.);
#7525=VECTOR('',#14632,1.);
#7526=VECTOR('',#14635,1.);
#7527=VECTOR('',#14638,1.);
#7528=VECTOR('',#14639,1.);
#7529=VECTOR('',#14640,1.);
#7530=VECTOR('',#14641,1.);
#7531=VECTOR('',#14642,1.);
#7532=VECTOR('',#14643,1.);
#7533=VECTOR('',#14644,1.);
#7534=VECTOR('',#14647,1.);
#7535=VECTOR('',#14648,1.);
#7536=VECTOR('',#14651,1.);
#7537=VECTOR('',#14658,1.);
#7538=VECTOR('',#14659,1.);
#7539=VECTOR('',#14660,1.);
#7540=VECTOR('',#14661,1.);
#7541=VECTOR('',#14662,1.);
#7542=VECTOR('',#14663,1.);
#7543=VECTOR('',#14664,1.);
#7544=VECTOR('',#14667,1.);
#7545=VECTOR('',#14670,1.);
#7546=VECTOR('',#14681,1.);
#7547=VECTOR('',#14682,1.);
#7548=VECTOR('',#14685,1.);
#7549=VECTOR('',#14686,1.);
#7550=VECTOR('',#14689,1.);
#7551=VECTOR('',#14694,1.);
#7552=VECTOR('',#14695,1.);
#7553=VECTOR('',#14696,1.);
#7554=VECTOR('',#14699,1.);
#7555=VECTOR('',#14700,1.);
#7556=VECTOR('',#14701,1.);
#7557=VECTOR('',#14704,1.);
#7558=VECTOR('',#14705,1.);
#7559=VECTOR('',#14708,1.);
#7560=VECTOR('',#14709,1.);
#7561=VECTOR('',#14710,1.);
#7562=VECTOR('',#14713,1.);
#7563=VECTOR('',#14714,1.);
#7564=VECTOR('',#14717,1.);
#7565=VECTOR('',#14720,1.);
#7566=VECTOR('',#14721,1.);
#7567=VECTOR('',#14728,1.);
#7568=VECTOR('',#14729,1.);
#7569=VECTOR('',#14730,1.);
#7570=VECTOR('',#14733,1.);
#7571=VECTOR('',#14734,1.);
#7572=VECTOR('',#14737,1.);
#7573=VECTOR('',#14738,1.);
#7574=VECTOR('',#14741,1.);
#7575=VECTOR('',#14742,1.);
#7576=VECTOR('',#14743,1.);
#7577=VECTOR('',#14746,1.);
#7578=VECTOR('',#14747,1.);
#7579=VECTOR('',#14750,1.);
#7580=VECTOR('',#14751,1.);
#7581=VECTOR('',#14754,1.);
#7582=VECTOR('',#14755,1.);
#7583=VECTOR('',#14762,1.);
#7584=VECTOR('',#14763,1.);
#7585=VECTOR('',#14764,1.);
#7586=VECTOR('',#14767,1.);
#7587=VECTOR('',#14768,1.);
#7588=VECTOR('',#14769,1.);
#7589=VECTOR('',#14772,1.);
#7590=VECTOR('',#14773,1.);
#7591=VECTOR('',#14776,1.);
#7592=VECTOR('',#14777,1.);
#7593=VECTOR('',#14778,1.);
#7594=VECTOR('',#14781,1.);
#7595=VECTOR('',#14782,1.);
#7596=VECTOR('',#14785,1.);
#7597=VECTOR('',#14788,1.);
#7598=VECTOR('',#14789,1.);
#7599=VECTOR('',#14796,1.);
#7600=VECTOR('',#14797,1.);
#7601=VECTOR('',#14798,1.);
#7602=VECTOR('',#14801,1.);
#7603=VECTOR('',#14802,1.);
#7604=VECTOR('',#14805,1.);
#7605=VECTOR('',#14806,1.);
#7606=VECTOR('',#14809,1.);
#7607=VECTOR('',#14810,1.);
#7608=VECTOR('',#14811,1.);
#7609=VECTOR('',#14814,1.);
#7610=VECTOR('',#14815,1.);
#7611=VECTOR('',#14818,1.);
#7612=VECTOR('',#14819,1.);
#7613=VECTOR('',#14820,1.);
#7614=VECTOR('',#14823,1.);
#7615=VECTOR('',#14830,1.);
#7616=VECTOR('',#14831,1.);
#7617=VECTOR('',#14832,1.);
#7618=VECTOR('',#14835,1.);
#7619=VECTOR('',#14836,1.);
#7620=VECTOR('',#14837,1.);
#7621=VECTOR('',#14840,1.);
#7622=VECTOR('',#14841,1.);
#7623=VECTOR('',#14844,1.);
#7624=VECTOR('',#14845,1.);
#7625=VECTOR('',#14846,1.);
#7626=VECTOR('',#14849,1.);
#7627=VECTOR('',#14850,1.);
#7628=VECTOR('',#14853,1.);
#7629=VECTOR('',#14856,1.);
#7630=VECTOR('',#14857,1.);
#7631=VECTOR('',#14864,1.);
#7632=VECTOR('',#14865,1.);
#7633=VECTOR('',#14866,1.);
#7634=VECTOR('',#14869,1.);
#7635=VECTOR('',#14870,1.);
#7636=VECTOR('',#14873,1.);
#7637=VECTOR('',#14874,1.);
#7638=VECTOR('',#14877,1.);
#7639=VECTOR('',#14878,1.);
#7640=VECTOR('',#14879,1.);
#7641=VECTOR('',#14882,1.);
#7642=VECTOR('',#14883,1.);
#7643=VECTOR('',#14886,1.);
#7644=VECTOR('',#14887,1.);
#7645=VECTOR('',#14888,1.);
#7646=VECTOR('',#14891,1.);
#7647=VECTOR('',#14898,1.);
#7648=VECTOR('',#14899,1.);
#7649=VECTOR('',#14900,1.);
#7650=VECTOR('',#14903,1.);
#7651=VECTOR('',#14904,1.);
#7652=VECTOR('',#14907,1.);
#7653=VECTOR('',#14908,1.);
#7654=VECTOR('',#14911,1.);
#7655=VECTOR('',#14912,1.);
#7656=VECTOR('',#14915,1.);
#7657=VECTOR('',#14916,1.);
#7658=VECTOR('',#14919,1.);
#7659=VECTOR('',#14920,1.);
#7660=VECTOR('',#14927,1.);
#7661=VECTOR('',#14928,1.);
#7662=VECTOR('',#14929,1.);
#7663=VECTOR('',#14932,1.);
#7664=VECTOR('',#14933,1.);
#7665=VECTOR('',#14936,1.);
#7666=VECTOR('',#14937,1.);
#7667=VECTOR('',#14940,1.);
#7668=VECTOR('',#14941,1.);
#7669=VECTOR('',#14942,1.);
#7670=VECTOR('',#14945,1.);
#7671=VECTOR('',#14946,1.);
#7672=VECTOR('',#14949,1.);
#7673=VECTOR('',#14950,1.);
#7674=VECTOR('',#14951,1.);
#7675=VECTOR('',#14954,1.);
#7676=VECTOR('',#14961,1.);
#7677=VECTOR('',#14962,1.);
#7678=VECTOR('',#14963,1.);
#7679=VECTOR('',#14966,1.);
#7680=VECTOR('',#14967,1.);
#7681=VECTOR('',#14968,1.);
#7682=VECTOR('',#14971,1.);
#7683=VECTOR('',#14972,1.);
#7684=VECTOR('',#14975,1.);
#7685=VECTOR('',#14976,1.);
#7686=VECTOR('',#14977,1.);
#7687=VECTOR('',#14980,1.);
#7688=VECTOR('',#14981,1.);
#7689=VECTOR('',#14984,1.);
#7690=VECTOR('',#14987,1.);
#7691=VECTOR('',#14988,1.);
#7692=VECTOR('',#14995,1.);
#7693=VECTOR('',#14996,1.);
#7694=VECTOR('',#14997,1.);
#7695=VECTOR('',#15000,1.);
#7696=VECTOR('',#15001,1.);
#7697=VECTOR('',#15004,1.);
#7698=VECTOR('',#15005,1.);
#7699=VECTOR('',#15008,1.);
#7700=VECTOR('',#15009,1.);
#7701=VECTOR('',#15010,1.);
#7702=VECTOR('',#15013,1.);
#7703=VECTOR('',#15014,1.);
#7704=VECTOR('',#15017,1.);
#7705=VECTOR('',#15018,1.);
#7706=VECTOR('',#15019,1.);
#7707=VECTOR('',#15022,1.);
#7708=VECTOR('',#15029,1.);
#7709=VECTOR('',#15030,1.);
#7710=VECTOR('',#15031,1.);
#7711=VECTOR('',#15034,1.);
#7712=VECTOR('',#15035,1.);
#7713=VECTOR('',#15036,1.);
#7714=VECTOR('',#15039,1.);
#7715=VECTOR('',#15040,1.);
#7716=VECTOR('',#15043,1.);
#7717=VECTOR('',#15044,1.);
#7718=VECTOR('',#15045,1.);
#7719=VECTOR('',#15048,1.);
#7720=VECTOR('',#15049,1.);
#7721=VECTOR('',#15052,1.);
#7722=VECTOR('',#15055,1.);
#7723=VECTOR('',#15056,1.);
#7724=VECTOR('',#15063,1.);
#7725=VECTOR('',#15064,1.);
#7726=VECTOR('',#15065,1.);
#7727=VECTOR('',#15068,1.);
#7728=VECTOR('',#15069,1.);
#7729=VECTOR('',#15072,1.);
#7730=VECTOR('',#15073,1.);
#7731=VECTOR('',#15076,1.);
#7732=VECTOR('',#15077,1.);
#7733=VECTOR('',#15078,1.);
#7734=VECTOR('',#15081,1.);
#7735=VECTOR('',#15082,1.);
#7736=VECTOR('',#15085,1.);
#7737=VECTOR('',#15086,1.);
#7738=VECTOR('',#15087,1.);
#7739=VECTOR('',#15090,1.);
#7740=VECTOR('',#15097,1.);
#7741=VECTOR('',#15098,1.);
#7742=VECTOR('',#15099,1.);
#7743=VECTOR('',#15102,1.);
#7744=VECTOR('',#15103,1.);
#7745=VECTOR('',#15104,1.);
#7746=VECTOR('',#15107,1.);
#7747=VECTOR('',#15108,1.);
#7748=VECTOR('',#15111,1.);
#7749=VECTOR('',#15112,1.);
#7750=VECTOR('',#15113,1.);
#7751=VECTOR('',#15116,1.);
#7752=VECTOR('',#15117,1.);
#7753=VECTOR('',#15120,1.);
#7754=VECTOR('',#15123,1.);
#7755=VECTOR('',#15124,1.);
#7756=VECTOR('',#15131,1.);
#7757=VECTOR('',#15132,1.);
#7758=VECTOR('',#15133,1.);
#7759=VECTOR('',#15136,1.);
#7760=VECTOR('',#15137,1.);
#7761=VECTOR('',#15140,1.);
#7762=VECTOR('',#15141,1.);
#7763=VECTOR('',#15144,1.);
#7764=VECTOR('',#15145,1.);
#7765=VECTOR('',#15146,1.);
#7766=VECTOR('',#15149,1.);
#7767=VECTOR('',#15150,1.);
#7768=VECTOR('',#15153,1.);
#7769=VECTOR('',#15154,1.);
#7770=VECTOR('',#15155,1.);
#7771=VECTOR('',#15158,1.);
#7772=VECTOR('',#15165,1.);
#7773=VECTOR('',#15166,1.);
#7774=VECTOR('',#15167,1.);
#7775=VECTOR('',#15170,1.);
#7776=VECTOR('',#15171,1.);
#7777=VECTOR('',#15172,1.);
#7778=VECTOR('',#15175,1.);
#7779=VECTOR('',#15176,1.);
#7780=VECTOR('',#15179,1.);
#7781=VECTOR('',#15180,1.);
#7782=VECTOR('',#15181,1.);
#7783=VECTOR('',#15184,1.);
#7784=VECTOR('',#15185,1.);
#7785=VECTOR('',#15188,1.);
#7786=VECTOR('',#15191,1.);
#7787=VECTOR('',#15192,1.);
#7788=VECTOR('',#15199,1.);
#7789=VECTOR('',#15200,1.);
#7790=VECTOR('',#15201,1.);
#7791=VECTOR('',#15204,1.);
#7792=VECTOR('',#15205,1.);
#7793=VECTOR('',#15208,1.);
#7794=VECTOR('',#15209,1.);
#7795=VECTOR('',#15212,1.);
#7796=VECTOR('',#15213,1.);
#7797=VECTOR('',#15214,1.);
#7798=VECTOR('',#15217,1.);
#7799=VECTOR('',#15218,1.);
#7800=VECTOR('',#15221,1.);
#7801=VECTOR('',#15222,1.);
#7802=VECTOR('',#15223,1.);
#7803=VECTOR('',#15226,1.);
#7804=VECTOR('',#15233,1.);
#7805=VECTOR('',#15234,1.);
#7806=VECTOR('',#15235,1.);
#7807=VECTOR('',#15238,1.);
#7808=VECTOR('',#15239,1.);
#7809=VECTOR('',#15240,1.);
#7810=VECTOR('',#15243,1.);
#7811=VECTOR('',#15244,1.);
#7812=VECTOR('',#15247,1.);
#7813=VECTOR('',#15248,1.);
#7814=VECTOR('',#15249,1.);
#7815=VECTOR('',#15252,1.);
#7816=VECTOR('',#15253,1.);
#7817=VECTOR('',#15256,1.);
#7818=VECTOR('',#15259,1.);
#7819=VECTOR('',#15260,1.);
#7820=VECTOR('',#15267,1.);
#7821=VECTOR('',#15268,1.);
#7822=VECTOR('',#15269,1.);
#7823=VECTOR('',#15272,1.);
#7824=VECTOR('',#15273,1.);
#7825=VECTOR('',#15276,1.);
#7826=VECTOR('',#15277,1.);
#7827=VECTOR('',#15280,1.);
#7828=VECTOR('',#15281,1.);
#7829=VECTOR('',#15282,1.);
#7830=VECTOR('',#15285,1.);
#7831=VECTOR('',#15286,1.);
#7832=VECTOR('',#15289,1.);
#7833=VECTOR('',#15290,1.);
#7834=VECTOR('',#15291,1.);
#7835=VECTOR('',#15294,1.);
#7836=VECTOR('',#15301,1.);
#7837=VECTOR('',#15302,1.);
#7838=VECTOR('',#15303,1.);
#7839=VECTOR('',#15306,1.);
#7840=VECTOR('',#15307,1.);
#7841=VECTOR('',#15308,1.);
#7842=VECTOR('',#15311,1.);
#7843=VECTOR('',#15312,1.);
#7844=VECTOR('',#15315,1.);
#7845=VECTOR('',#15316,1.);
#7846=VECTOR('',#15317,1.);
#7847=VECTOR('',#15320,1.);
#7848=VECTOR('',#15321,1.);
#7849=VECTOR('',#15324,1.);
#7850=VECTOR('',#15327,1.);
#7851=VECTOR('',#15328,1.);
#7852=VECTOR('',#15335,1.);
#7853=VECTOR('',#15336,1.);
#7854=VECTOR('',#15337,1.);
#7855=VECTOR('',#15340,1.);
#7856=VECTOR('',#15341,1.);
#7857=VECTOR('',#15344,1.);
#7858=VECTOR('',#15345,1.);
#7859=VECTOR('',#15348,1.);
#7860=VECTOR('',#15349,1.);
#7861=VECTOR('',#15350,1.);
#7862=VECTOR('',#15353,1.);
#7863=VECTOR('',#15354,1.);
#7864=VECTOR('',#15357,1.);
#7865=VECTOR('',#15358,1.);
#7866=VECTOR('',#15359,1.);
#7867=VECTOR('',#15362,1.);
#7868=VECTOR('',#15369,1.);
#7869=VECTOR('',#15370,1.);
#7870=VECTOR('',#15371,1.);
#7871=VECTOR('',#15374,1.);
#7872=VECTOR('',#15375,1.);
#7873=VECTOR('',#15378,1.);
#7874=VECTOR('',#15379,1.);
#7875=VECTOR('',#15382,1.);
#7876=VECTOR('',#15383,1.);
#7877=VECTOR('',#15386,1.);
#7878=VECTOR('',#15387,1.);
#7879=VECTOR('',#15390,1.);
#7880=VECTOR('',#15391,1.);
#7881=VECTOR('',#15398,1.);
#7882=VECTOR('',#15399,1.);
#7883=VECTOR('',#15400,1.);
#7884=VECTOR('',#15403,1.);
#7885=VECTOR('',#15404,1.);
#7886=VECTOR('',#15407,1.);
#7887=VECTOR('',#15408,1.);
#7888=VECTOR('',#15411,1.);
#7889=VECTOR('',#15412,1.);
#7890=VECTOR('',#15413,1.);
#7891=VECTOR('',#15416,1.);
#7892=VECTOR('',#15417,1.);
#7893=VECTOR('',#15420,1.);
#7894=VECTOR('',#15421,1.);
#7895=VECTOR('',#15422,1.);
#7896=VECTOR('',#15425,1.);
#7897=VECTOR('',#15432,1.);
#7898=VECTOR('',#15433,1.);
#7899=VECTOR('',#15434,1.);
#7900=VECTOR('',#15437,1.);
#7901=VECTOR('',#15438,1.);
#7902=VECTOR('',#15439,1.);
#7903=VECTOR('',#15442,1.);
#7904=VECTOR('',#15443,1.);
#7905=VECTOR('',#15446,1.);
#7906=VECTOR('',#15447,1.);
#7907=VECTOR('',#15448,1.);
#7908=VECTOR('',#15451,1.);
#7909=VECTOR('',#15452,1.);
#7910=VECTOR('',#15455,1.);
#7911=VECTOR('',#15458,1.);
#7912=VECTOR('',#15459,1.);
#7913=VECTOR('',#15466,1.);
#7914=VECTOR('',#15467,1.);
#7915=VECTOR('',#15468,1.);
#7916=VECTOR('',#15471,1.);
#7917=VECTOR('',#15472,1.);
#7918=VECTOR('',#15475,1.);
#7919=VECTOR('',#15476,1.);
#7920=VECTOR('',#15479,1.);
#7921=VECTOR('',#15480,1.);
#7922=VECTOR('',#15481,1.);
#7923=VECTOR('',#15484,1.);
#7924=VECTOR('',#15485,1.);
#7925=VECTOR('',#15488,1.);
#7926=VECTOR('',#15489,1.);
#7927=VECTOR('',#15490,1.);
#7928=VECTOR('',#15493,1.);
#7929=VECTOR('',#15500,1.);
#7930=VECTOR('',#15501,1.);
#7931=VECTOR('',#15502,1.);
#7932=VECTOR('',#15505,1.);
#7933=VECTOR('',#15506,1.);
#7934=VECTOR('',#15507,1.);
#7935=VECTOR('',#15510,1.);
#7936=VECTOR('',#15511,1.);
#7937=VECTOR('',#15514,1.);
#7938=VECTOR('',#15515,1.);
#7939=VECTOR('',#15516,1.);
#7940=VECTOR('',#15519,1.);
#7941=VECTOR('',#15520,1.);
#7942=VECTOR('',#15523,1.);
#7943=VECTOR('',#15526,1.);
#7944=VECTOR('',#15527,1.);
#7945=VECTOR('',#15534,1.);
#7946=VECTOR('',#15535,1.);
#7947=VECTOR('',#15536,1.);
#7948=VECTOR('',#15539,1.);
#7949=VECTOR('',#15540,1.);
#7950=VECTOR('',#15543,1.);
#7951=VECTOR('',#15544,1.);
#7952=VECTOR('',#15547,1.);
#7953=VECTOR('',#15548,1.);
#7954=VECTOR('',#15549,1.);
#7955=VECTOR('',#15552,1.);
#7956=VECTOR('',#15553,1.);
#7957=VECTOR('',#15556,1.);
#7958=VECTOR('',#15557,1.);
#7959=VECTOR('',#15558,1.);
#7960=VECTOR('',#15561,1.);
#7961=VECTOR('',#15568,1.);
#7962=VECTOR('',#15569,1.);
#7963=VECTOR('',#15570,1.);
#7964=VECTOR('',#15573,1.);
#7965=VECTOR('',#15574,1.);
#7966=VECTOR('',#15575,1.);
#7967=VECTOR('',#15578,1.);
#7968=VECTOR('',#15579,1.);
#7969=VECTOR('',#15582,1.);
#7970=VECTOR('',#15583,1.);
#7971=VECTOR('',#15584,1.);
#7972=VECTOR('',#15587,1.);
#7973=VECTOR('',#15588,1.);
#7974=VECTOR('',#15591,1.);
#7975=VECTOR('',#15594,1.);
#7976=VECTOR('',#15595,1.);
#7977=VECTOR('',#15602,1.);
#7978=VECTOR('',#15603,1.);
#7979=VECTOR('',#15604,1.);
#7980=VECTOR('',#15607,1.);
#7981=VECTOR('',#15608,1.);
#7982=VECTOR('',#15611,1.);
#7983=VECTOR('',#15612,1.);
#7984=VECTOR('',#15615,1.);
#7985=VECTOR('',#15616,1.);
#7986=VECTOR('',#15617,1.);
#7987=VECTOR('',#15620,1.);
#7988=VECTOR('',#15621,1.);
#7989=VECTOR('',#15624,1.);
#7990=VECTOR('',#15625,1.);
#7991=VECTOR('',#15626,1.);
#7992=VECTOR('',#15629,1.);
#7993=VECTOR('',#15638,1.);
#7994=VECTOR('',#15639,1.);
#7995=VECTOR('',#15640,1.);
#7996=VECTOR('',#15641,1.);
#7997=VECTOR('',#15642,1.);
#7998=VECTOR('',#15643,1.);
#7999=VECTOR('',#15644,1.);
#8000=VECTOR('',#15645,1.);
#8001=VECTOR('',#15646,1.);
#8002=VECTOR('',#15647,1.);
#8003=VECTOR('',#15648,1.);
#8004=VECTOR('',#15649,1.);
#8005=VECTOR('',#15656,1.);
#8006=VECTOR('',#15657,1.);
#8007=VECTOR('',#15658,1.);
#8008=VECTOR('',#15659,1.);
#8009=VECTOR('',#15660,1.);
#8010=VECTOR('',#15661,1.);
#8011=VECTOR('',#15662,1.);
#8012=VECTOR('',#15663,1.);
#8013=VECTOR('',#15664,1.);
#8014=VECTOR('',#15665,1.);
#8015=VECTOR('',#15666,1.);
#8016=VECTOR('',#15667,1.);
#8017=VECTOR('',#15672,1.);
#8018=VECTOR('',#15673,1.);
#8019=VECTOR('',#15674,1.);
#8020=VECTOR('',#15677,1.);
#8021=VECTOR('',#15678,1.);
#8022=VECTOR('',#15681,1.);
#8023=VECTOR('',#15682,1.);
#8024=VECTOR('',#15685,1.);
#8025=VECTOR('',#15686,1.);
#8026=VECTOR('',#15689,1.);
#8027=VECTOR('',#15690,1.);
#8028=VECTOR('',#15693,1.);
#8029=VECTOR('',#15694,1.);
#8030=VECTOR('',#15697,1.);
#8031=VECTOR('',#15698,1.);
#8032=VECTOR('',#15701,1.);
#8033=VECTOR('',#15702,1.);
#8034=VECTOR('',#15705,1.);
#8035=VECTOR('',#15706,1.);
#8036=VECTOR('',#15709,1.);
#8037=VECTOR('',#15710,1.);
#8038=VECTOR('',#15713,1.);
#8039=VECTOR('',#15714,1.);
#8040=VECTOR('',#15717,1.);
#8041=VECTOR('',#15722,1.);
#8042=VECTOR('',#15723,1.);
#8043=VECTOR('',#15724,1.);
#8044=VECTOR('',#15727,1.);
#8045=VECTOR('',#15728,1.);
#8046=VECTOR('',#15731,1.);
#8047=VECTOR('',#15732,1.);
#8048=VECTOR('',#15735,1.);
#8049=VECTOR('',#15736,1.);
#8050=VECTOR('',#15739,1.);
#8051=VECTOR('',#15740,1.);
#8052=VECTOR('',#15743,1.);
#8053=VECTOR('',#15744,1.);
#8054=VECTOR('',#15747,1.);
#8055=VECTOR('',#15748,1.);
#8056=VECTOR('',#15751,1.);
#8057=VECTOR('',#15752,1.);
#8058=VECTOR('',#15755,1.);
#8059=VECTOR('',#15756,1.);
#8060=VECTOR('',#15759,1.);
#8061=VECTOR('',#15760,1.);
#8062=VECTOR('',#15763,1.);
#8063=VECTOR('',#15764,1.);
#8064=VECTOR('',#15767,1.);
#8065=VECTOR('',#15778,1.);
#8066=VECTOR('',#15781,1.);
#8067=VECTOR('',#15782,1.);
#8068=VECTOR('',#15787,1.);
#8069=VECTOR('',#15788,1.);
#8070=VECTOR('',#15789,1.);
#8071=VECTOR('',#15792,1.);
#8072=VECTOR('',#15793,1.);
#8073=VECTOR('',#15794,1.);
#8074=VECTOR('',#15795,1.);
#8075=VECTOR('',#15796,1.);
#8076=VECTOR('',#15797,1.);
#8077=VECTOR('',#15798,1.);
#8078=VECTOR('',#15799,1.);
#8079=VECTOR('',#15802,1.);
#8080=VECTOR('',#15803,1.);
#8081=VECTOR('',#15804,1.);
#8082=VECTOR('',#15805,1.);
#8083=VECTOR('',#15808,1.);
#8084=VECTOR('',#15809,1.);
#8085=VECTOR('',#15810,1.);
#8086=VECTOR('',#15813,1.);
#8087=VECTOR('',#15814,1.);
#8088=VECTOR('',#15815,1.);
#8089=VECTOR('',#15818,1.);
#8090=VECTOR('',#15819,1.);
#8091=VECTOR('',#15820,1.);
#8092=VECTOR('',#15821,1.);
#8093=VECTOR('',#15824,1.);
#8094=VECTOR('',#15825,1.);
#8095=VECTOR('',#15826,1.);
#8096=VECTOR('',#15829,1.);
#8097=VECTOR('',#15830,1.);
#8098=VECTOR('',#15831,1.);
#8099=VECTOR('',#15834,1.);
#8100=VECTOR('',#15835,1.);
#8101=VECTOR('',#15836,1.);
#8102=VECTOR('',#15837,1.);
#8103=VECTOR('',#15840,1.);
#8104=VECTOR('',#15841,1.);
#8105=VECTOR('',#15842,1.);
#8106=VECTOR('',#15845,1.);
#8107=VECTOR('',#15846,1.);
#8108=VECTOR('',#15847,1.);
#8109=VECTOR('',#15850,1.);
#8110=VECTOR('',#15851,1.);
#8111=VECTOR('',#15852,1.);
#8112=VECTOR('',#15853,1.);
#8113=VECTOR('',#15856,1.);
#8114=VECTOR('',#15857,1.);
#8115=VECTOR('',#15858,1.);
#8116=VECTOR('',#15861,1.);
#8117=VECTOR('',#15862,1.);
#8118=VECTOR('',#15863,1.);
#8119=VECTOR('',#15866,1.);
#8120=VECTOR('',#15867,1.);
#8121=VECTOR('',#15868,1.);
#8122=VECTOR('',#15869,1.);
#8123=VECTOR('',#15872,1.);
#8124=VECTOR('',#15873,1.);
#8125=VECTOR('',#15874,1.);
#8126=VECTOR('',#15877,1.);
#8127=VECTOR('',#15878,1.);
#8128=VECTOR('',#15879,1.);
#8129=VECTOR('',#15882,1.);
#8130=VECTOR('',#15883,1.);
#8131=VECTOR('',#15884,1.);
#8132=VECTOR('',#15885,1.);
#8133=VECTOR('',#15888,1.);
#8134=VECTOR('',#15889,1.);
#8135=VECTOR('',#15890,1.);
#8136=VECTOR('',#15893,1.);
#8137=VECTOR('',#15894,1.);
#8138=VECTOR('',#15895,1.);
#8139=VECTOR('',#15898,1.);
#8140=VECTOR('',#15899,1.);
#8141=VECTOR('',#15900,1.);
#8142=VECTOR('',#15901,1.);
#8143=VECTOR('',#15904,1.);
#8144=VECTOR('',#15905,1.);
#8145=VECTOR('',#15906,1.);
#8146=VECTOR('',#15909,1.);
#8147=VECTOR('',#15910,1.);
#8148=VECTOR('',#15911,1.);
#8149=VECTOR('',#15914,1.);
#8150=VECTOR('',#15915,1.);
#8151=VECTOR('',#15916,1.);
#8152=VECTOR('',#15917,1.);
#8153=VECTOR('',#15920,1.);
#8154=VECTOR('',#15921,1.);
#8155=VECTOR('',#15922,1.);
#8156=VECTOR('',#15925,1.);
#8157=VECTOR('',#15926,1.);
#8158=VECTOR('',#15927,1.);
#8159=VECTOR('',#15930,1.);
#8160=VECTOR('',#15931,1.);
#8161=VECTOR('',#15932,1.);
#8162=VECTOR('',#15933,1.);
#8163=VECTOR('',#15936,1.);
#8164=VECTOR('',#15937,1.);
#8165=VECTOR('',#15938,1.);
#8166=VECTOR('',#15941,1.);
#8167=VECTOR('',#15942,1.);
#8168=VECTOR('',#15943,1.);
#8169=VECTOR('',#15946,1.);
#8170=VECTOR('',#15947,1.);
#8171=VECTOR('',#15948,1.);
#8172=VECTOR('',#15949,1.);
#8173=VECTOR('',#15952,1.);
#8174=VECTOR('',#15953,1.);
#8175=VECTOR('',#15954,1.);
#8176=VECTOR('',#15957,1.);
#8177=VECTOR('',#15958,1.);
#8178=VECTOR('',#15959,1.);
#8179=VECTOR('',#15962,1.);
#8180=VECTOR('',#15963,1.);
#8181=VECTOR('',#15964,1.);
#8182=VECTOR('',#15965,1.);
#8183=VECTOR('',#15968,1.);
#8184=VECTOR('',#15969,1.);
#8185=VECTOR('',#15970,1.);
#8186=VECTOR('',#15973,1.);
#8187=VECTOR('',#15974,1.);
#8188=VECTOR('',#15975,1.);
#8189=VECTOR('',#15978,1.);
#8190=VECTOR('',#15979,1.);
#8191=VECTOR('',#15980,1.);
#8192=VECTOR('',#15981,1.);
#8193=VECTOR('',#15984,1.);
#8194=VECTOR('',#15985,1.);
#8195=VECTOR('',#15986,1.);
#8196=VECTOR('',#15989,1.);
#8197=VECTOR('',#15990,1.);
#8198=VECTOR('',#15991,1.);
#8199=VECTOR('',#15994,1.);
#8200=VECTOR('',#15995,1.);
#8201=VECTOR('',#15996,1.);
#8202=VECTOR('',#15997,1.);
#8203=VECTOR('',#16000,1.);
#8204=VECTOR('',#16001,1.);
#8205=VECTOR('',#16002,1.);
#8206=VECTOR('',#16005,1.);
#8207=VECTOR('',#16006,1.);
#8208=VECTOR('',#16007,1.);
#8209=VECTOR('',#16010,1.);
#8210=VECTOR('',#16011,1.);
#8211=VECTOR('',#16012,1.);
#8212=VECTOR('',#16013,1.);
#8213=VECTOR('',#16016,1.);
#8214=VECTOR('',#16017,1.);
#8215=VECTOR('',#16018,1.);
#8216=VECTOR('',#16021,1.);
#8217=VECTOR('',#16022,1.);
#8218=VECTOR('',#16023,1.);
#8219=VECTOR('',#16026,1.);
#8220=VECTOR('',#16027,1.);
#8221=VECTOR('',#16028,1.);
#8222=VECTOR('',#16029,1.);
#8223=VECTOR('',#16030,1.);
#8224=VECTOR('',#16031,1.);
#8225=VECTOR('',#16032,1.);
#8226=VECTOR('',#16035,1.);
#8227=VECTOR('',#16036,1.);
#8228=VECTOR('',#16037,1.);
#8229=VECTOR('',#16038,1.);
#8230=VECTOR('',#16039,1.);
#8231=VECTOR('',#16040,1.);
#8232=VECTOR('',#16041,1.);
#8233=VECTOR('',#16044,1.);
#8234=VECTOR('',#16045,1.);
#8235=VECTOR('',#16048,1.);
#8236=VECTOR('',#16049,1.);
#8237=VECTOR('',#16052,1.);
#8238=VECTOR('',#16053,1.);
#8239=VECTOR('',#16056,1.);
#8240=VECTOR('',#16057,1.);
#8241=VECTOR('',#16060,1.);
#8242=VECTOR('',#16061,1.);
#8243=VECTOR('',#16064,1.);
#8244=VECTOR('',#16065,1.);
#8245=VECTOR('',#16068,1.);
#8246=VECTOR('',#16069,1.);
#8247=VECTOR('',#16072,1.);
#8248=VECTOR('',#16073,1.);
#8249=VECTOR('',#16076,1.);
#8250=VECTOR('',#16077,1.);
#8251=VECTOR('',#16080,1.);
#8252=VECTOR('',#16081,1.);
#8253=VECTOR('',#16084,1.);
#8254=VECTOR('',#16085,1.);
#8255=VECTOR('',#16088,1.);
#8256=VECTOR('',#16089,1.);
#8257=VECTOR('',#16092,1.);
#8258=VECTOR('',#16093,1.);
#8259=VECTOR('',#16096,1.);
#8260=VECTOR('',#16097,1.);
#8261=VECTOR('',#16100,1.);
#8262=VECTOR('',#16101,1.);
#8263=VECTOR('',#16120,1.);
#8264=VECTOR('',#16125,1.);
#8265=VECTOR('',#16128,1.);
#8266=VECTOR('',#16129,1.);
#8267=VECTOR('',#16130,1.);
#8268=VECTOR('',#16131,1.);
#8269=VECTOR('',#16132,1.);
#8270=VECTOR('',#16133,1.);
#8271=VECTOR('',#16134,1.);
#8272=VECTOR('',#16135,1.);
#8273=VECTOR('',#16136,1.);
#8274=VECTOR('',#16137,1.);
#8275=VECTOR('',#16138,1.);
#8276=VECTOR('',#16139,1.);
#8277=VECTOR('',#16140,1.);
#8278=VECTOR('',#16141,1.);
#8279=VECTOR('',#16142,1.);
#8280=VECTOR('',#16143,1.);
#8281=VECTOR('',#16144,1.);
#8282=VECTOR('',#16145,1.);
#8283=VECTOR('',#16146,1.);
#8284=VECTOR('',#16147,1.);
#8285=VECTOR('',#16148,1.);
#8286=VECTOR('',#16149,1.);
#8287=VECTOR('',#16150,1.);
#8288=VECTOR('',#16151,1.);
#8289=VECTOR('',#16152,1.);
#8290=VECTOR('',#16153,1.);
#8291=VECTOR('',#16154,1.);
#8292=VECTOR('',#16155,1.);
#8293=VECTOR('',#16156,1.);
#8294=VECTOR('',#16157,1.);
#8295=VECTOR('',#16158,1.);
#8296=VECTOR('',#16159,1.);
#8297=VECTOR('',#16160,1.);
#8298=VECTOR('',#16161,1.);
#8299=VECTOR('',#16162,1.);
#8300=VECTOR('',#16163,1.);
#8301=VECTOR('',#16164,1.);
#8302=VECTOR('',#16165,1.);
#8303=VECTOR('',#16166,1.);
#8304=VECTOR('',#16167,1.);
#8305=VECTOR('',#16168,1.);
#8306=VECTOR('',#16169,1.);
#8307=VECTOR('',#16170,1.);
#8308=VECTOR('',#16171,1.);
#8309=VECTOR('',#16172,1.);
#8310=VECTOR('',#16173,1.);
#8311=VECTOR('',#16174,1.);
#8312=VECTOR('',#16175,1.);
#8313=VECTOR('',#16176,1.);
#8314=VECTOR('',#16177,1.);
#8315=VECTOR('',#16178,1.);
#8316=VECTOR('',#16179,1.);
#8317=VECTOR('',#16180,1.);
#8318=VECTOR('',#16181,1.);
#8319=VECTOR('',#16182,1.);
#8320=VECTOR('',#16183,1.);
#8321=VECTOR('',#16186,1.);
#8322=VECTOR('',#16189,1.);
#8323=VECTOR('',#16190,1.);
#8324=VECTOR('',#16191,1.);
#8325=VECTOR('',#16200,1.);
#8326=VECTOR('',#16201,1.);
#8327=VECTOR('',#16202,1.);
#8328=VECTOR('',#16205,1.);
#8329=VECTOR('',#16206,1.);
#8330=VECTOR('',#16207,1.);
#8331=VECTOR('',#16208,1.);
#8332=VECTOR('',#16209,1.);
#8333=VECTOR('',#16218,1.);
#8334=VECTOR('',#16281,1.);
#8335=VECTOR('',#16282,1.);
#8336=VECTOR('',#16283,1.);
#8337=VECTOR('',#16284,1.);
#8338=VECTOR('',#16287,1.);
#8339=VECTOR('',#16288,1.);
#8340=VECTOR('',#16291,1.);
#8341=VECTOR('',#16294,1.);
#8342=VECTOR('',#16301,1.);
#8343=VECTOR('',#16302,1.);
#8344=VECTOR('',#16303,1.);
#8345=VECTOR('',#16304,1.);
#8346=VECTOR('',#16307,1.);
#8347=VECTOR('',#16308,1.);
#8348=VECTOR('',#16311,1.);
#8349=VECTOR('',#16314,1.);
#8350=VECTOR('',#16321,1.);
#8351=VECTOR('',#16322,1.);
#8352=VECTOR('',#16323,1.);
#8353=VECTOR('',#16324,1.);
#8354=VECTOR('',#16327,1.);
#8355=VECTOR('',#16328,1.);
#8356=VECTOR('',#16331,1.);
#8357=VECTOR('',#16334,1.);
#8358=VECTOR('',#16341,1.);
#8359=VECTOR('',#16342,1.);
#8360=VECTOR('',#16343,1.);
#8361=VECTOR('',#16344,1.);
#8362=VECTOR('',#16347,1.);
#8363=VECTOR('',#16348,1.);
#8364=VECTOR('',#16351,1.);
#8365=VECTOR('',#16354,1.);
#8366=VECTOR('',#16361,1.);
#8367=VECTOR('',#16362,1.);
#8368=VECTOR('',#16363,1.);
#8369=VECTOR('',#16364,1.);
#8370=VECTOR('',#16367,1.);
#8371=VECTOR('',#16368,1.);
#8372=VECTOR('',#16371,1.);
#8373=VECTOR('',#16374,1.);
#8374=VECTOR('',#16381,1.);
#8375=VECTOR('',#16382,1.);
#8376=VECTOR('',#16383,1.);
#8377=VECTOR('',#16384,1.);
#8378=VECTOR('',#16387,1.);
#8379=VECTOR('',#16388,1.);
#8380=VECTOR('',#16391,1.);
#8381=VECTOR('',#16394,1.);
#8382=VECTOR('',#16401,1.);
#8383=VECTOR('',#16402,1.);
#8384=VECTOR('',#16403,1.);
#8385=VECTOR('',#16404,1.);
#8386=VECTOR('',#16407,1.);
#8387=VECTOR('',#16408,1.);
#8388=VECTOR('',#16411,1.);
#8389=VECTOR('',#16414,1.);
#8390=VECTOR('',#16421,1.);
#8391=VECTOR('',#16422,1.);
#8392=VECTOR('',#16423,1.);
#8393=VECTOR('',#16424,1.);
#8394=VECTOR('',#16427,1.);
#8395=VECTOR('',#16428,1.);
#8396=VECTOR('',#16431,1.);
#8397=VECTOR('',#16434,1.);
#8398=VECTOR('',#16441,1.);
#8399=VECTOR('',#16442,1.);
#8400=VECTOR('',#16443,1.);
#8401=VECTOR('',#16444,1.);
#8402=VECTOR('',#16447,1.);
#8403=VECTOR('',#16448,1.);
#8404=VECTOR('',#16451,1.);
#8405=VECTOR('',#16454,1.);
#8406=VECTOR('',#16461,1.);
#8407=VECTOR('',#16462,1.);
#8408=VECTOR('',#16463,1.);
#8409=VECTOR('',#16464,1.);
#8410=VECTOR('',#16467,1.);
#8411=VECTOR('',#16468,1.);
#8412=VECTOR('',#16471,1.);
#8413=VECTOR('',#16474,1.);
#8414=VECTOR('',#16481,1.);
#8415=VECTOR('',#16482,1.);
#8416=VECTOR('',#16483,1.);
#8417=VECTOR('',#16484,1.);
#8418=VECTOR('',#16487,1.);
#8419=VECTOR('',#16488,1.);
#8420=VECTOR('',#16491,1.);
#8421=VECTOR('',#16494,1.);
#8422=VECTOR('',#16501,1.);
#8423=VECTOR('',#16502,1.);
#8424=VECTOR('',#16503,1.);
#8425=VECTOR('',#16504,1.);
#8426=VECTOR('',#16507,1.);
#8427=VECTOR('',#16508,1.);
#8428=VECTOR('',#16511,1.);
#8429=VECTOR('',#16514,1.);
#8430=VECTOR('',#16521,1.);
#8431=VECTOR('',#16522,1.);
#8432=VECTOR('',#16523,1.);
#8433=VECTOR('',#16524,1.);
#8434=VECTOR('',#16527,1.);
#8435=VECTOR('',#16528,1.);
#8436=VECTOR('',#16531,1.);
#8437=VECTOR('',#16534,1.);
#8438=VECTOR('',#16541,1.);
#8439=VECTOR('',#16542,1.);
#8440=VECTOR('',#16543,1.);
#8441=VECTOR('',#16544,1.);
#8442=VECTOR('',#16547,1.);
#8443=VECTOR('',#16548,1.);
#8444=VECTOR('',#16551,1.);
#8445=VECTOR('',#16554,1.);
#8446=EDGE_LOOP('',(#533,#534,#535,#536));
#8447=EDGE_LOOP('',(#537,#538,#539,#540,#541,#542,#543,#544));
#8448=EDGE_LOOP('',(#545,#546,#547,#548,#549,#550,#551));
#8449=EDGE_LOOP('',(#552,#553,#554,#555));
#8450=EDGE_LOOP('',(#556,#557,#558,#559,#560,#561,#562));
#8451=EDGE_LOOP('',(#563,#564,#565,#566));
#8452=EDGE_LOOP('',(#567,#568,#569,#570));
#8453=EDGE_LOOP('',(#571,#572,#573,#574));
#8454=EDGE_LOOP('',(#575,#576,#577,#578));
#8455=EDGE_LOOP('',(#579,#580,#581,#582));
#8456=EDGE_LOOP('',(#583,#584,#585,#586));
#8457=EDGE_LOOP('',(#587,#588,#589,#590));
#8458=EDGE_LOOP('',(#591,#592,#593,#594,#595,#596,#597,#598));
#8459=EDGE_LOOP('',(#599,#600,#601,#602));
#8460=EDGE_LOOP('',(#603,#604,#605,#606,#607,#608,#609,#610));
#8461=EDGE_LOOP('',(#611,#612,#613,#614));
#8462=EDGE_LOOP('',(#615,#616,#617,#618,#619,#620,#621,#622,#623,#624));
#8463=EDGE_LOOP('',(#625,#626,#627,#628,#629,#630,#631,#632,#633,#634));
#8464=EDGE_LOOP('',(#635,#636,#637,#638));
#8465=EDGE_LOOP('',(#639,#640,#641,#642));
#8466=EDGE_LOOP('',(#643,#644,#645,#646));
#8467=EDGE_LOOP('',(#647,#648,#649,#650));
#8468=EDGE_LOOP('',(#651,#652,#653,#654));
#8469=EDGE_LOOP('',(#655,#656,#657,#658));
#8470=EDGE_LOOP('',(#659,#660,#661,#662));
#8471=EDGE_LOOP('',(#663));
#8472=EDGE_LOOP('',(#664));
#8473=EDGE_LOOP('',(#665));
#8474=EDGE_LOOP('',(#666));
#8475=EDGE_LOOP('',(#667));
#8476=EDGE_LOOP('',(#668));
#8477=EDGE_LOOP('',(#669));
#8478=EDGE_LOOP('',(#670));
#8479=EDGE_LOOP('',(#671));
#8480=EDGE_LOOP('',(#672));
#8481=EDGE_LOOP('',(#673));
#8482=EDGE_LOOP('',(#674));
#8483=EDGE_LOOP('',(#675));
#8484=EDGE_LOOP('',(#676));
#8485=EDGE_LOOP('',(#677));
#8486=EDGE_LOOP('',(#678));
#8487=EDGE_LOOP('',(#679));
#8488=EDGE_LOOP('',(#680));
#8489=EDGE_LOOP('',(#681));
#8490=EDGE_LOOP('',(#682));
#8491=EDGE_LOOP('',(#683));
#8492=EDGE_LOOP('',(#684));
#8493=EDGE_LOOP('',(#685));
#8494=EDGE_LOOP('',(#686));
#8495=EDGE_LOOP('',(#687));
#8496=EDGE_LOOP('',(#688));
#8497=EDGE_LOOP('',(#689));
#8498=EDGE_LOOP('',(#690));
#8499=EDGE_LOOP('',(#691,#692,#693,#694));
#8500=EDGE_LOOP('',(#695,#696,#697,#698));
#8501=EDGE_LOOP('',(#699,#700,#701,#702));
#8502=EDGE_LOOP('',(#703,#704,#705,#706));
#8503=EDGE_LOOP('',(#707,#708,#709,#710));
#8504=EDGE_LOOP('',(#711,#712,#713,#714));
#8505=EDGE_LOOP('',(#715,#716,#717,#718));
#8506=EDGE_LOOP('',(#719,#720,#721,#722));
#8507=EDGE_LOOP('',(#723,#724,#725,#726));
#8508=EDGE_LOOP('',(#727,#728,#729,#730));
#8509=EDGE_LOOP('',(#731,#732,#733,#734));
#8510=EDGE_LOOP('',(#735,#736,#737,#738));
#8511=EDGE_LOOP('',(#739,#740,#741,#742));
#8512=EDGE_LOOP('',(#743,#744,#745,#746));
#8513=EDGE_LOOP('',(#747,#748,#749,#750));
#8514=EDGE_LOOP('',(#751,#752,#753,#754));
#8515=EDGE_LOOP('',(#755,#756,#757,#758));
#8516=EDGE_LOOP('',(#759,#760,#761,#762));
#8517=EDGE_LOOP('',(#763,#764,#765,#766));
#8518=EDGE_LOOP('',(#767,#768,#769,#770));
#8519=EDGE_LOOP('',(#771,#772,#773,#774));
#8520=EDGE_LOOP('',(#775,#776,#777,#778));
#8521=EDGE_LOOP('',(#779,#780,#781,#782));
#8522=EDGE_LOOP('',(#783,#784,#785,#786));
#8523=EDGE_LOOP('',(#787,#788,#789,#790));
#8524=EDGE_LOOP('',(#791,#792,#793,#794));
#8525=EDGE_LOOP('',(#795,#796,#797,#798));
#8526=EDGE_LOOP('',(#799,#800,#801,#802));
#8527=EDGE_LOOP('',(#803,#804,#805,#806,#807,#808,#809,#810));
#8528=EDGE_LOOP('',(#811,#812,#813,#814,#815,#816,#817,#818,#819,#820,#821,
#822,#823,#824,#825,#826,#827,#828,#829,#830));
#8529=EDGE_LOOP('',(#831,#832,#833,#834,#835,#836,#837,#838,#839,#840,#841,
#842,#843,#844,#845,#846,#847,#848,#849,#850));
#8530=EDGE_LOOP('',(#851,#852,#853,#854,#855,#856,#857,#858,#859,#860,#861,
#862,#863,#864,#865,#866,#867,#868,#869,#870));
#8531=EDGE_LOOP('',(#871,#872,#873,#874,#875,#876,#877,#878,#879,#880,#881,
#882,#883,#884,#885,#886,#887,#888,#889,#890));
#8532=EDGE_LOOP('',(#891,#892,#893,#894,#895,#896));
#8533=EDGE_LOOP('',(#897,#898,#899,#900,#901,#902));
#8534=EDGE_LOOP('',(#903));
#8535=EDGE_LOOP('',(#904));
#8536=EDGE_LOOP('',(#905,#906,#907,#908));
#8537=EDGE_LOOP('',(#909,#910,#911,#912));
#8538=EDGE_LOOP('',(#913,#914,#915,#916));
#8539=EDGE_LOOP('',(#917,#918,#919,#920,#921,#922,#923,#924,#925,#926,#927));
#8540=EDGE_LOOP('',(#928,#929,#930,#931));
#8541=EDGE_LOOP('',(#932));
#8542=EDGE_LOOP('',(#933,#934,#935,#936,#937,#938,#939,#940));
#8543=EDGE_LOOP('',(#941,#942,#943,#944,#945,#946,#947,#948));
#8544=EDGE_LOOP('',(#949,#950,#951,#952,#953,#954,#955,#956));
#8545=EDGE_LOOP('',(#957,#958,#959,#960,#961,#962,#963,#964));
#8546=EDGE_LOOP('',(#965,#966,#967,#968,#969,#970,#971,#972));
#8547=EDGE_LOOP('',(#973,#974,#975,#976,#977,#978,#979,#980));
#8548=EDGE_LOOP('',(#981,#982,#983,#984,#985,#986,#987,#988));
#8549=EDGE_LOOP('',(#989,#990,#991,#992,#993,#994,#995,#996));
#8550=EDGE_LOOP('',(#997,#998,#999,#1000,#1001,#1002,#1003,#1004));
#8551=EDGE_LOOP('',(#1005,#1006,#1007,#1008,#1009,#1010,#1011,#1012));
#8552=EDGE_LOOP('',(#1013,#1014,#1015,#1016,#1017,#1018,#1019,#1020));
#8553=EDGE_LOOP('',(#1021,#1022,#1023,#1024,#1025,#1026,#1027,#1028));
#8554=EDGE_LOOP('',(#1029,#1030,#1031,#1032,#1033,#1034,#1035,#1036));
#8555=EDGE_LOOP('',(#1037,#1038,#1039,#1040,#1041,#1042,#1043,#1044));
#8556=EDGE_LOOP('',(#1045));
#8557=EDGE_LOOP('',(#1046,#1047,#1048,#1049,#1050,#1051,#1052,#1053,#1054,
#1055,#1056));
#8558=EDGE_LOOP('',(#1057,#1058,#1059,#1060));
#8559=EDGE_LOOP('',(#1061,#1062,#1063,#1064));
#8560=EDGE_LOOP('',(#1065,#1066,#1067,#1068));
#8561=EDGE_LOOP('',(#1069,#1070,#1071,#1072));
#8562=EDGE_LOOP('',(#1073,#1074,#1075,#1076));
#8563=EDGE_LOOP('',(#1077,#1078,#1079,#1080));
#8564=EDGE_LOOP('',(#1081,#1082,#1083,#1084));
#8565=EDGE_LOOP('',(#1085,#1086,#1087,#1088));
#8566=EDGE_LOOP('',(#1089,#1090,#1091,#1092));
#8567=EDGE_LOOP('',(#1093,#1094,#1095,#1096));
#8568=EDGE_LOOP('',(#1097,#1098,#1099,#1100));
#8569=EDGE_LOOP('',(#1101,#1102,#1103,#1104));
#8570=EDGE_LOOP('',(#1105,#1106,#1107,#1108));
#8571=EDGE_LOOP('',(#1109,#1110,#1111,#1112,#1113,#1114,#1115,#1116));
#8572=EDGE_LOOP('',(#1117,#1118,#1119,#1120));
#8573=EDGE_LOOP('',(#1121,#1122,#1123,#1124));
#8574=EDGE_LOOP('',(#1125,#1126,#1127,#1128));
#8575=EDGE_LOOP('',(#1129,#1130,#1131,#1132));
#8576=EDGE_LOOP('',(#1133,#1134,#1135,#1136));
#8577=EDGE_LOOP('',(#1137,#1138,#1139,#1140));
#8578=EDGE_LOOP('',(#1141,#1142,#1143,#1144));
#8579=EDGE_LOOP('',(#1145,#1146,#1147,#1148));
#8580=EDGE_LOOP('',(#1149,#1150,#1151,#1152));
#8581=EDGE_LOOP('',(#1153,#1154,#1155,#1156));
#8582=EDGE_LOOP('',(#1157,#1158,#1159,#1160));
#8583=EDGE_LOOP('',(#1161,#1162,#1163,#1164,#1165,#1166,#1167,#1168,#1169,
#1170,#1171,#1172,#1173,#1174,#1175,#1176,#1177));
#8584=EDGE_LOOP('',(#1178,#1179,#1180,#1181,#1182,#1183,#1184,#1185,#1186,
#1187,#1188,#1189,#1190,#1191,#1192,#1193,#1194));
#8585=EDGE_LOOP('',(#1195,#1196,#1197,#1198));
#8586=EDGE_LOOP('',(#1199,#1200,#1201,#1202));
#8587=EDGE_LOOP('',(#1203,#1204,#1205,#1206));
#8588=EDGE_LOOP('',(#1207,#1208,#1209,#1210));
#8589=EDGE_LOOP('',(#1211,#1212,#1213,#1214));
#8590=EDGE_LOOP('',(#1215,#1216,#1217,#1218));
#8591=EDGE_LOOP('',(#1219,#1220,#1221,#1222));
#8592=EDGE_LOOP('',(#1223,#1224,#1225,#1226));
#8593=EDGE_LOOP('',(#1227,#1228,#1229,#1230,#1231,#1232,#1233,#1234,#1235,
#1236,#1237,#1238,#1239,#1240,#1241,#1242,#1243));
#8594=EDGE_LOOP('',(#1244,#1245,#1246,#1247));
#8595=EDGE_LOOP('',(#1248,#1249,#1250,#1251));
#8596=EDGE_LOOP('',(#1252,#1253,#1254,#1255));
#8597=EDGE_LOOP('',(#1256,#1257,#1258,#1259,#1260,#1261,#1262,#1263,#1264,
#1265,#1266,#1267,#1268,#1269,#1270,#1271,#1272));
#8598=EDGE_LOOP('',(#1273,#1274,#1275,#1276));
#8599=EDGE_LOOP('',(#1277,#1278,#1279,#1280));
#8600=EDGE_LOOP('',(#1281,#1282,#1283,#1284));
#8601=EDGE_LOOP('',(#1285,#1286,#1287,#1288));
#8602=EDGE_LOOP('',(#1289,#1290,#1291,#1292));
#8603=EDGE_LOOP('',(#1293,#1294,#1295,#1296));
#8604=EDGE_LOOP('',(#1297,#1298,#1299,#1300));
#8605=EDGE_LOOP('',(#1301,#1302,#1303,#1304));
#8606=EDGE_LOOP('',(#1305,#1306,#1307,#1308));
#8607=EDGE_LOOP('',(#1309,#1310,#1311,#1312));
#8608=EDGE_LOOP('',(#1313,#1314,#1315,#1316));
#8609=EDGE_LOOP('',(#1317,#1318,#1319,#1320));
#8610=EDGE_LOOP('',(#1321,#1322,#1323,#1324));
#8611=EDGE_LOOP('',(#1325,#1326,#1327,#1328));
#8612=EDGE_LOOP('',(#1329,#1330,#1331,#1332));
#8613=EDGE_LOOP('',(#1333,#1334,#1335,#1336));
#8614=EDGE_LOOP('',(#1337,#1338,#1339,#1340,#1341,#1342,#1343,#1344));
#8615=EDGE_LOOP('',(#1345,#1346,#1347,#1348));
#8616=EDGE_LOOP('',(#1349,#1350,#1351,#1352));
#8617=EDGE_LOOP('',(#1353,#1354,#1355,#1356));
#8618=EDGE_LOOP('',(#1357,#1358,#1359,#1360));
#8619=EDGE_LOOP('',(#1361,#1362,#1363,#1364));
#8620=EDGE_LOOP('',(#1365,#1366,#1367,#1368));
#8621=EDGE_LOOP('',(#1369,#1370,#1371,#1372));
#8622=EDGE_LOOP('',(#1373,#1374,#1375,#1376));
#8623=EDGE_LOOP('',(#1377,#1378,#1379,#1380,#1381,#1382,#1383,#1384));
#8624=EDGE_LOOP('',(#1385,#1386,#1387,#1388));
#8625=EDGE_LOOP('',(#1389,#1390,#1391,#1392));
#8626=EDGE_LOOP('',(#1393,#1394,#1395,#1396));
#8627=EDGE_LOOP('',(#1397,#1398,#1399,#1400));
#8628=EDGE_LOOP('',(#1401,#1402,#1403,#1404));
#8629=EDGE_LOOP('',(#1405,#1406,#1407,#1408));
#8630=EDGE_LOOP('',(#1409,#1410,#1411,#1412));
#8631=EDGE_LOOP('',(#1413,#1414,#1415,#1416));
#8632=EDGE_LOOP('',(#1417,#1418,#1419,#1420,#1421,#1422,#1423,#1424));
#8633=EDGE_LOOP('',(#1425,#1426,#1427,#1428));
#8634=EDGE_LOOP('',(#1429,#1430,#1431,#1432));
#8635=EDGE_LOOP('',(#1433,#1434,#1435,#1436));
#8636=EDGE_LOOP('',(#1437,#1438,#1439,#1440));
#8637=EDGE_LOOP('',(#1441,#1442,#1443,#1444));
#8638=EDGE_LOOP('',(#1445,#1446,#1447,#1448));
#8639=EDGE_LOOP('',(#1449,#1450,#1451,#1452));
#8640=EDGE_LOOP('',(#1453,#1454,#1455,#1456,#1457,#1458,#1459,#1460));
#8641=EDGE_LOOP('',(#1461,#1462,#1463,#1464));
#8642=EDGE_LOOP('',(#1465,#1466,#1467,#1468));
#8643=EDGE_LOOP('',(#1469,#1470,#1471,#1472));
#8644=EDGE_LOOP('',(#1473,#1474,#1475,#1476));
#8645=EDGE_LOOP('',(#1477,#1478,#1479,#1480));
#8646=EDGE_LOOP('',(#1481,#1482,#1483,#1484));
#8647=EDGE_LOOP('',(#1485,#1486,#1487,#1488));
#8648=EDGE_LOOP('',(#1489,#1490,#1491,#1492));
#8649=EDGE_LOOP('',(#1493,#1494,#1495,#1496));
#8650=EDGE_LOOP('',(#1497,#1498,#1499,#1500,#1501,#1502,#1503,#1504));
#8651=EDGE_LOOP('',(#1505,#1506,#1507,#1508));
#8652=EDGE_LOOP('',(#1509,#1510,#1511,#1512));
#8653=EDGE_LOOP('',(#1513,#1514,#1515,#1516));
#8654=EDGE_LOOP('',(#1517,#1518,#1519,#1520));
#8655=EDGE_LOOP('',(#1521,#1522,#1523,#1524));
#8656=EDGE_LOOP('',(#1525,#1526,#1527,#1528));
#8657=EDGE_LOOP('',(#1529,#1530,#1531,#1532));
#8658=EDGE_LOOP('',(#1533,#1534,#1535,#1536,#1537,#1538,#1539,#1540));
#8659=EDGE_LOOP('',(#1541,#1542,#1543,#1544));
#8660=EDGE_LOOP('',(#1545,#1546,#1547,#1548));
#8661=EDGE_LOOP('',(#1549,#1550,#1551,#1552));
#8662=EDGE_LOOP('',(#1553,#1554,#1555,#1556));
#8663=EDGE_LOOP('',(#1557,#1558,#1559,#1560));
#8664=EDGE_LOOP('',(#1561,#1562,#1563,#1564));
#8665=EDGE_LOOP('',(#1565,#1566,#1567,#1568));
#8666=EDGE_LOOP('',(#1569,#1570,#1571,#1572));
#8667=EDGE_LOOP('',(#1573,#1574,#1575,#1576,#1577,#1578,#1579,#1580));
#8668=EDGE_LOOP('',(#1581,#1582,#1583,#1584));
#8669=EDGE_LOOP('',(#1585,#1586,#1587,#1588));
#8670=EDGE_LOOP('',(#1589,#1590,#1591,#1592));
#8671=EDGE_LOOP('',(#1593,#1594,#1595,#1596));
#8672=EDGE_LOOP('',(#1597,#1598,#1599,#1600));
#8673=EDGE_LOOP('',(#1601,#1602,#1603,#1604));
#8674=EDGE_LOOP('',(#1605,#1606,#1607,#1608));
#8675=EDGE_LOOP('',(#1609,#1610,#1611,#1612,#1613,#1614,#1615,#1616));
#8676=EDGE_LOOP('',(#1617,#1618,#1619,#1620));
#8677=EDGE_LOOP('',(#1621,#1622,#1623,#1624));
#8678=EDGE_LOOP('',(#1625,#1626,#1627,#1628));
#8679=EDGE_LOOP('',(#1629,#1630,#1631,#1632));
#8680=EDGE_LOOP('',(#1633,#1634,#1635,#1636));
#8681=EDGE_LOOP('',(#1637,#1638,#1639,#1640));
#8682=EDGE_LOOP('',(#1641,#1642,#1643,#1644));
#8683=EDGE_LOOP('',(#1645,#1646,#1647,#1648));
#8684=EDGE_LOOP('',(#1649,#1650,#1651,#1652));
#8685=EDGE_LOOP('',(#1653,#1654,#1655,#1656,#1657,#1658,#1659,#1660));
#8686=EDGE_LOOP('',(#1661,#1662,#1663,#1664));
#8687=EDGE_LOOP('',(#1665,#1666,#1667,#1668));
#8688=EDGE_LOOP('',(#1669,#1670,#1671,#1672));
#8689=EDGE_LOOP('',(#1673,#1674,#1675,#1676));
#8690=EDGE_LOOP('',(#1677,#1678,#1679,#1680));
#8691=EDGE_LOOP('',(#1681,#1682,#1683,#1684));
#8692=EDGE_LOOP('',(#1685,#1686,#1687,#1688));
#8693=EDGE_LOOP('',(#1689,#1690,#1691,#1692,#1693,#1694,#1695,#1696));
#8694=EDGE_LOOP('',(#1697,#1698,#1699,#1700));
#8695=EDGE_LOOP('',(#1701,#1702,#1703,#1704));
#8696=EDGE_LOOP('',(#1705,#1706,#1707,#1708));
#8697=EDGE_LOOP('',(#1709,#1710,#1711,#1712));
#8698=EDGE_LOOP('',(#1713,#1714,#1715,#1716));
#8699=EDGE_LOOP('',(#1717,#1718,#1719,#1720));
#8700=EDGE_LOOP('',(#1721,#1722,#1723,#1724));
#8701=EDGE_LOOP('',(#1725,#1726,#1727,#1728));
#8702=EDGE_LOOP('',(#1729,#1730,#1731,#1732));
#8703=EDGE_LOOP('',(#1733,#1734,#1735,#1736,#1737,#1738,#1739,#1740));
#8704=EDGE_LOOP('',(#1741,#1742,#1743,#1744));
#8705=EDGE_LOOP('',(#1745,#1746,#1747,#1748));
#8706=EDGE_LOOP('',(#1749,#1750,#1751,#1752));
#8707=EDGE_LOOP('',(#1753,#1754,#1755,#1756));
#8708=EDGE_LOOP('',(#1757,#1758,#1759,#1760));
#8709=EDGE_LOOP('',(#1761,#1762,#1763,#1764));
#8710=EDGE_LOOP('',(#1765,#1766,#1767,#1768));
#8711=EDGE_LOOP('',(#1769,#1770,#1771,#1772,#1773,#1774,#1775,#1776));
#8712=EDGE_LOOP('',(#1777,#1778,#1779,#1780));
#8713=EDGE_LOOP('',(#1781,#1782,#1783,#1784));
#8714=EDGE_LOOP('',(#1785,#1786,#1787,#1788));
#8715=EDGE_LOOP('',(#1789,#1790,#1791,#1792));
#8716=EDGE_LOOP('',(#1793,#1794,#1795,#1796));
#8717=EDGE_LOOP('',(#1797,#1798,#1799,#1800));
#8718=EDGE_LOOP('',(#1801,#1802,#1803,#1804));
#8719=EDGE_LOOP('',(#1805,#1806,#1807,#1808));
#8720=EDGE_LOOP('',(#1809,#1810,#1811,#1812));
#8721=EDGE_LOOP('',(#1813,#1814,#1815,#1816,#1817,#1818,#1819,#1820));
#8722=EDGE_LOOP('',(#1821,#1822,#1823,#1824));
#8723=EDGE_LOOP('',(#1825,#1826,#1827,#1828));
#8724=EDGE_LOOP('',(#1829,#1830,#1831,#1832));
#8725=EDGE_LOOP('',(#1833,#1834,#1835,#1836));
#8726=EDGE_LOOP('',(#1837,#1838,#1839,#1840));
#8727=EDGE_LOOP('',(#1841,#1842,#1843,#1844));
#8728=EDGE_LOOP('',(#1845,#1846,#1847,#1848));
#8729=EDGE_LOOP('',(#1849,#1850,#1851,#1852,#1853,#1854,#1855,#1856));
#8730=EDGE_LOOP('',(#1857,#1858,#1859,#1860));
#8731=EDGE_LOOP('',(#1861,#1862,#1863,#1864));
#8732=EDGE_LOOP('',(#1865,#1866,#1867,#1868));
#8733=EDGE_LOOP('',(#1869,#1870,#1871,#1872));
#8734=EDGE_LOOP('',(#1873,#1874,#1875,#1876));
#8735=EDGE_LOOP('',(#1877,#1878,#1879,#1880));
#8736=EDGE_LOOP('',(#1881,#1882,#1883,#1884));
#8737=EDGE_LOOP('',(#1885,#1886,#1887,#1888));
#8738=EDGE_LOOP('',(#1889,#1890,#1891,#1892));
#8739=EDGE_LOOP('',(#1893,#1894,#1895,#1896,#1897,#1898,#1899,#1900));
#8740=EDGE_LOOP('',(#1901,#1902,#1903,#1904));
#8741=EDGE_LOOP('',(#1905,#1906,#1907,#1908));
#8742=EDGE_LOOP('',(#1909,#1910,#1911,#1912));
#8743=EDGE_LOOP('',(#1913,#1914,#1915,#1916));
#8744=EDGE_LOOP('',(#1917,#1918,#1919,#1920));
#8745=EDGE_LOOP('',(#1921,#1922,#1923,#1924));
#8746=EDGE_LOOP('',(#1925,#1926,#1927,#1928));
#8747=EDGE_LOOP('',(#1929,#1930,#1931,#1932,#1933,#1934,#1935,#1936));
#8748=EDGE_LOOP('',(#1937,#1938,#1939,#1940));
#8749=EDGE_LOOP('',(#1941,#1942,#1943,#1944));
#8750=EDGE_LOOP('',(#1945,#1946,#1947,#1948));
#8751=EDGE_LOOP('',(#1949,#1950,#1951,#1952));
#8752=EDGE_LOOP('',(#1953,#1954,#1955,#1956));
#8753=EDGE_LOOP('',(#1957,#1958,#1959,#1960));
#8754=EDGE_LOOP('',(#1961,#1962,#1963,#1964));
#8755=EDGE_LOOP('',(#1965,#1966,#1967,#1968));
#8756=EDGE_LOOP('',(#1969,#1970,#1971,#1972));
#8757=EDGE_LOOP('',(#1973,#1974,#1975,#1976,#1977,#1978,#1979,#1980));
#8758=EDGE_LOOP('',(#1981,#1982,#1983,#1984));
#8759=EDGE_LOOP('',(#1985,#1986,#1987,#1988));
#8760=EDGE_LOOP('',(#1989,#1990,#1991,#1992));
#8761=EDGE_LOOP('',(#1993,#1994,#1995,#1996));
#8762=EDGE_LOOP('',(#1997,#1998,#1999,#2000));
#8763=EDGE_LOOP('',(#2001,#2002,#2003,#2004));
#8764=EDGE_LOOP('',(#2005,#2006,#2007,#2008));
#8765=EDGE_LOOP('',(#2009,#2010,#2011,#2012,#2013,#2014,#2015,#2016));
#8766=EDGE_LOOP('',(#2017,#2018,#2019,#2020));
#8767=EDGE_LOOP('',(#2021,#2022,#2023,#2024));
#8768=EDGE_LOOP('',(#2025,#2026,#2027,#2028));
#8769=EDGE_LOOP('',(#2029,#2030,#2031,#2032));
#8770=EDGE_LOOP('',(#2033,#2034,#2035,#2036));
#8771=EDGE_LOOP('',(#2037,#2038,#2039,#2040));
#8772=EDGE_LOOP('',(#2041,#2042,#2043,#2044));
#8773=EDGE_LOOP('',(#2045,#2046,#2047,#2048));
#8774=EDGE_LOOP('',(#2049,#2050,#2051,#2052));
#8775=EDGE_LOOP('',(#2053,#2054,#2055,#2056,#2057,#2058,#2059,#2060));
#8776=EDGE_LOOP('',(#2061,#2062,#2063,#2064));
#8777=EDGE_LOOP('',(#2065,#2066,#2067,#2068));
#8778=EDGE_LOOP('',(#2069,#2070,#2071,#2072));
#8779=EDGE_LOOP('',(#2073,#2074,#2075,#2076));
#8780=EDGE_LOOP('',(#2077,#2078,#2079,#2080));
#8781=EDGE_LOOP('',(#2081,#2082,#2083,#2084));
#8782=EDGE_LOOP('',(#2085,#2086,#2087,#2088));
#8783=EDGE_LOOP('',(#2089,#2090,#2091,#2092,#2093,#2094,#2095,#2096));
#8784=EDGE_LOOP('',(#2097,#2098,#2099,#2100));
#8785=EDGE_LOOP('',(#2101,#2102,#2103,#2104));
#8786=EDGE_LOOP('',(#2105,#2106,#2107,#2108));
#8787=EDGE_LOOP('',(#2109,#2110,#2111,#2112));
#8788=EDGE_LOOP('',(#2113,#2114,#2115,#2116));
#8789=EDGE_LOOP('',(#2117,#2118,#2119,#2120));
#8790=EDGE_LOOP('',(#2121,#2122,#2123,#2124));
#8791=EDGE_LOOP('',(#2125,#2126,#2127,#2128));
#8792=EDGE_LOOP('',(#2129,#2130,#2131,#2132,#2133,#2134,#2135,#2136));
#8793=EDGE_LOOP('',(#2137,#2138,#2139,#2140));
#8794=EDGE_LOOP('',(#2141,#2142,#2143,#2144));
#8795=EDGE_LOOP('',(#2145,#2146,#2147,#2148));
#8796=EDGE_LOOP('',(#2149,#2150,#2151,#2152));
#8797=EDGE_LOOP('',(#2153,#2154,#2155,#2156));
#8798=EDGE_LOOP('',(#2157,#2158,#2159,#2160));
#8799=EDGE_LOOP('',(#2161,#2162,#2163,#2164));
#8800=EDGE_LOOP('',(#2165,#2166,#2167,#2168,#2169,#2170,#2171,#2172));
#8801=EDGE_LOOP('',(#2173,#2174,#2175,#2176));
#8802=EDGE_LOOP('',(#2177,#2178,#2179,#2180));
#8803=EDGE_LOOP('',(#2181,#2182,#2183,#2184));
#8804=EDGE_LOOP('',(#2185,#2186,#2187,#2188));
#8805=EDGE_LOOP('',(#2189,#2190,#2191,#2192));
#8806=EDGE_LOOP('',(#2193,#2194,#2195,#2196));
#8807=EDGE_LOOP('',(#2197,#2198,#2199,#2200));
#8808=EDGE_LOOP('',(#2201,#2202,#2203,#2204));
#8809=EDGE_LOOP('',(#2205,#2206,#2207,#2208));
#8810=EDGE_LOOP('',(#2209,#2210,#2211,#2212,#2213,#2214,#2215,#2216));
#8811=EDGE_LOOP('',(#2217,#2218,#2219,#2220));
#8812=EDGE_LOOP('',(#2221,#2222,#2223,#2224));
#8813=EDGE_LOOP('',(#2225,#2226,#2227,#2228));
#8814=EDGE_LOOP('',(#2229,#2230,#2231,#2232));
#8815=EDGE_LOOP('',(#2233,#2234,#2235,#2236));
#8816=EDGE_LOOP('',(#2237,#2238,#2239,#2240));
#8817=EDGE_LOOP('',(#2241,#2242,#2243,#2244));
#8818=EDGE_LOOP('',(#2245,#2246,#2247,#2248,#2249,#2250,#2251,#2252));
#8819=EDGE_LOOP('',(#2253,#2254,#2255,#2256));
#8820=EDGE_LOOP('',(#2257,#2258,#2259,#2260));
#8821=EDGE_LOOP('',(#2261,#2262,#2263,#2264));
#8822=EDGE_LOOP('',(#2265,#2266,#2267,#2268));
#8823=EDGE_LOOP('',(#2269,#2270,#2271,#2272));
#8824=EDGE_LOOP('',(#2273,#2274,#2275,#2276));
#8825=EDGE_LOOP('',(#2277,#2278,#2279,#2280));
#8826=EDGE_LOOP('',(#2281,#2282,#2283,#2284));
#8827=EDGE_LOOP('',(#2285,#2286,#2287,#2288));
#8828=EDGE_LOOP('',(#2289,#2290,#2291,#2292,#2293,#2294,#2295,#2296));
#8829=EDGE_LOOP('',(#2297,#2298,#2299,#2300));
#8830=EDGE_LOOP('',(#2301,#2302,#2303,#2304));
#8831=EDGE_LOOP('',(#2305,#2306,#2307,#2308));
#8832=EDGE_LOOP('',(#2309,#2310,#2311,#2312));
#8833=EDGE_LOOP('',(#2313,#2314,#2315,#2316));
#8834=EDGE_LOOP('',(#2317,#2318,#2319,#2320));
#8835=EDGE_LOOP('',(#2321,#2322,#2323,#2324));
#8836=EDGE_LOOP('',(#2325,#2326,#2327,#2328,#2329,#2330,#2331,#2332));
#8837=EDGE_LOOP('',(#2333,#2334,#2335,#2336));
#8838=EDGE_LOOP('',(#2337,#2338,#2339,#2340));
#8839=EDGE_LOOP('',(#2341,#2342,#2343,#2344));
#8840=EDGE_LOOP('',(#2345,#2346,#2347,#2348));
#8841=EDGE_LOOP('',(#2349,#2350,#2351,#2352));
#8842=EDGE_LOOP('',(#2353,#2354,#2355,#2356));
#8843=EDGE_LOOP('',(#2357,#2358,#2359,#2360));
#8844=EDGE_LOOP('',(#2361,#2362,#2363,#2364));
#8845=EDGE_LOOP('',(#2365,#2366,#2367,#2368));
#8846=EDGE_LOOP('',(#2369,#2370,#2371,#2372,#2373,#2374,#2375,#2376));
#8847=EDGE_LOOP('',(#2377,#2378,#2379,#2380));
#8848=EDGE_LOOP('',(#2381,#2382,#2383,#2384));
#8849=EDGE_LOOP('',(#2385,#2386,#2387,#2388));
#8850=EDGE_LOOP('',(#2389,#2390,#2391,#2392));
#8851=EDGE_LOOP('',(#2393,#2394,#2395,#2396));
#8852=EDGE_LOOP('',(#2397,#2398,#2399,#2400));
#8853=EDGE_LOOP('',(#2401,#2402,#2403,#2404));
#8854=EDGE_LOOP('',(#2405,#2406,#2407,#2408,#2409,#2410,#2411,#2412));
#8855=EDGE_LOOP('',(#2413,#2414,#2415,#2416));
#8856=EDGE_LOOP('',(#2417,#2418,#2419,#2420));
#8857=EDGE_LOOP('',(#2421,#2422,#2423,#2424));
#8858=EDGE_LOOP('',(#2425));
#8859=EDGE_LOOP('',(#2426,#2427,#2428,#2429,#2430,#2431,#2432,#2433,#2434,
#2435,#2436,#2437));
#8860=EDGE_LOOP('',(#2438));
#8861=EDGE_LOOP('',(#2439));
#8862=EDGE_LOOP('',(#2440,#2441,#2442,#2443,#2444,#2445,#2446,#2447,#2448,
#2449,#2450,#2451));
#8863=EDGE_LOOP('',(#2452));
#8864=EDGE_LOOP('',(#2453,#2454,#2455,#2456));
#8865=EDGE_LOOP('',(#2457,#2458,#2459,#2460));
#8866=EDGE_LOOP('',(#2461,#2462,#2463,#2464));
#8867=EDGE_LOOP('',(#2465,#2466,#2467,#2468));
#8868=EDGE_LOOP('',(#2469,#2470,#2471,#2472));
#8869=EDGE_LOOP('',(#2473,#2474,#2475,#2476));
#8870=EDGE_LOOP('',(#2477,#2478,#2479,#2480));
#8871=EDGE_LOOP('',(#2481,#2482,#2483,#2484));
#8872=EDGE_LOOP('',(#2485,#2486,#2487,#2488));
#8873=EDGE_LOOP('',(#2489,#2490,#2491,#2492));
#8874=EDGE_LOOP('',(#2493,#2494,#2495,#2496));
#8875=EDGE_LOOP('',(#2497,#2498,#2499,#2500));
#8876=EDGE_LOOP('',(#2501,#2502,#2503,#2504,#2505,#2506,#2507,#2508,#2509,
#2510,#2511,#2512));
#8877=EDGE_LOOP('',(#2513,#2514,#2515,#2516));
#8878=EDGE_LOOP('',(#2517,#2518,#2519,#2520));
#8879=EDGE_LOOP('',(#2521,#2522,#2523,#2524));
#8880=EDGE_LOOP('',(#2525,#2526,#2527,#2528));
#8881=EDGE_LOOP('',(#2529,#2530,#2531,#2532));
#8882=EDGE_LOOP('',(#2533,#2534,#2535,#2536));
#8883=EDGE_LOOP('',(#2537,#2538,#2539,#2540));
#8884=EDGE_LOOP('',(#2541,#2542,#2543,#2544));
#8885=EDGE_LOOP('',(#2545,#2546,#2547,#2548));
#8886=EDGE_LOOP('',(#2549,#2550,#2551,#2552));
#8887=EDGE_LOOP('',(#2553,#2554,#2555,#2556));
#8888=EDGE_LOOP('',(#2557,#2558,#2559,#2560));
#8889=EDGE_LOOP('',(#2561,#2562,#2563,#2564,#2565,#2566,#2567,#2568,#2569,
#2570,#2571,#2572));
#8890=EDGE_LOOP('',(#2573));
#8891=EDGE_LOOP('',(#2574));
#8892=EDGE_LOOP('',(#2575));
#8893=EDGE_LOOP('',(#2576));
#8894=EDGE_LOOP('',(#2577,#2578,#2579,#2580));
#8895=EDGE_LOOP('',(#2581,#2582,#2583,#2584));
#8896=EDGE_LOOP('',(#2585,#2586,#2587,#2588,#2589,#2590,#2591,#2592,#2593,
#2594));
#8897=EDGE_LOOP('',(#2595,#2596,#2597,#2598));
#8898=EDGE_LOOP('',(#2599,#2600,#2601,#2602));
#8899=EDGE_LOOP('',(#2603,#2604,#2605,#2606));
#8900=EDGE_LOOP('',(#2607,#2608,#2609,#2610));
#8901=EDGE_LOOP('',(#2611,#2612,#2613,#2614));
#8902=EDGE_LOOP('',(#2615,#2616,#2617,#2618));
#8903=EDGE_LOOP('',(#2619,#2620,#2621,#2622));
#8904=EDGE_LOOP('',(#2623,#2624,#2625,#2626));
#8905=EDGE_LOOP('',(#2627,#2628,#2629,#2630));
#8906=EDGE_LOOP('',(#2631,#2632,#2633,#2634));
#8907=EDGE_LOOP('',(#2635,#2636,#2637,#2638));
#8908=EDGE_LOOP('',(#2639,#2640,#2641,#2642));
#8909=EDGE_LOOP('',(#2643,#2644,#2645,#2646));
#8910=EDGE_LOOP('',(#2647,#2648,#2649,#2650));
#8911=EDGE_LOOP('',(#2651,#2652,#2653,#2654));
#8912=EDGE_LOOP('',(#2655,#2656,#2657,#2658));
#8913=EDGE_LOOP('',(#2659,#2660,#2661,#2662));
#8914=EDGE_LOOP('',(#2663,#2664,#2665,#2666));
#8915=EDGE_LOOP('',(#2667,#2668,#2669,#2670));
#8916=EDGE_LOOP('',(#2671,#2672,#2673,#2674));
#8917=EDGE_LOOP('',(#2675,#2676,#2677,#2678));
#8918=EDGE_LOOP('',(#2679,#2680,#2681,#2682));
#8919=EDGE_LOOP('',(#2683,#2684,#2685,#2686));
#8920=EDGE_LOOP('',(#2687,#2688,#2689,#2690));
#8921=EDGE_LOOP('',(#2691,#2692,#2693,#2694));
#8922=EDGE_LOOP('',(#2695,#2696,#2697,#2698));
#8923=EDGE_LOOP('',(#2699,#2700,#2701,#2702));
#8924=EDGE_LOOP('',(#2703,#2704,#2705,#2706));
#8925=EDGE_LOOP('',(#2707,#2708,#2709,#2710));
#8926=EDGE_LOOP('',(#2711,#2712,#2713,#2714));
#8927=EDGE_LOOP('',(#2715,#2716,#2717,#2718));
#8928=EDGE_LOOP('',(#2719,#2720,#2721,#2722));
#8929=EDGE_LOOP('',(#2723,#2724,#2725,#2726));
#8930=EDGE_LOOP('',(#2727,#2728,#2729,#2730));
#8931=EDGE_LOOP('',(#2731,#2732,#2733,#2734));
#8932=EDGE_LOOP('',(#2735,#2736,#2737,#2738));
#8933=EDGE_LOOP('',(#2739,#2740,#2741,#2742));
#8934=EDGE_LOOP('',(#2743,#2744,#2745,#2746));
#8935=EDGE_LOOP('',(#2747,#2748,#2749,#2750));
#8936=EDGE_LOOP('',(#2751,#2752,#2753,#2754));
#8937=EDGE_LOOP('',(#2755,#2756,#2757,#2758));
#8938=EDGE_LOOP('',(#2759,#2760,#2761,#2762));
#8939=EDGE_LOOP('',(#2763,#2764,#2765,#2766,#2767,#2768,#2769,#2770));
#8940=EDGE_LOOP('',(#2771,#2772,#2773,#2774,#2775,#2776,#2777,#2778));
#8941=EDGE_LOOP('',(#2779,#2780,#2781,#2782));
#8942=EDGE_LOOP('',(#2783,#2784,#2785,#2786));
#8943=EDGE_LOOP('',(#2787,#2788,#2789,#2790));
#8944=EDGE_LOOP('',(#2791,#2792,#2793,#2794));
#8945=EDGE_LOOP('',(#2795,#2796,#2797,#2798));
#8946=EDGE_LOOP('',(#2799,#2800,#2801,#2802));
#8947=EDGE_LOOP('',(#2803,#2804,#2805,#2806));
#8948=EDGE_LOOP('',(#2807,#2808,#2809,#2810));
#8949=EDGE_LOOP('',(#2811,#2812,#2813,#2814));
#8950=EDGE_LOOP('',(#2815,#2816,#2817,#2818));
#8951=EDGE_LOOP('',(#2819,#2820,#2821,#2822));
#8952=EDGE_LOOP('',(#2823,#2824,#2825,#2826));
#8953=EDGE_LOOP('',(#2827,#2828,#2829,#2830));
#8954=EDGE_LOOP('',(#2831,#2832,#2833,#2834));
#8955=EDGE_LOOP('',(#2835,#2836,#2837,#2838,#2839,#2840,#2841,#2842));
#8956=EDGE_LOOP('',(#2843,#2844,#2845,#2846));
#8957=EDGE_LOOP('',(#2847,#2848,#2849,#2850));
#8958=EDGE_LOOP('',(#2851,#2852,#2853,#2854));
#8959=EDGE_LOOP('',(#2855,#2856,#2857,#2858));
#8960=EDGE_LOOP('',(#2859,#2860,#2861,#2862));
#8961=EDGE_LOOP('',(#2863,#2864,#2865,#2866));
#8962=EDGE_LOOP('',(#2867,#2868,#2869,#2870));
#8963=EDGE_LOOP('',(#2871,#2872,#2873,#2874));
#8964=EDGE_LOOP('',(#2875,#2876,#2877,#2878));
#8965=EDGE_LOOP('',(#2879,#2880,#2881,#2882));
#8966=EDGE_LOOP('',(#2883,#2884,#2885,#2886));
#8967=EDGE_LOOP('',(#2887,#2888,#2889,#2890));
#8968=EDGE_LOOP('',(#2891,#2892,#2893,#2894));
#8969=EDGE_LOOP('',(#2895,#2896,#2897,#2898));
#8970=EDGE_LOOP('',(#2899));
#8971=EDGE_LOOP('',(#2900));
#8972=EDGE_LOOP('',(#2901));
#8973=EDGE_LOOP('',(#2902));
#8974=EDGE_LOOP('',(#2903));
#8975=EDGE_LOOP('',(#2904));
#8976=EDGE_LOOP('',(#2905));
#8977=EDGE_LOOP('',(#2906,#2907,#2908,#2909,#2910,#2911,#2912,#2913));
#8978=EDGE_LOOP('',(#2914,#2915,#2916,#2917));
#8979=EDGE_LOOP('',(#2918,#2919,#2920,#2921));
#8980=EDGE_LOOP('',(#2922,#2923,#2924,#2925));
#8981=EDGE_LOOP('',(#2926,#2927,#2928,#2929));
#8982=EDGE_LOOP('',(#2930,#2931,#2932,#2933));
#8983=EDGE_LOOP('',(#2934,#2935,#2936,#2937));
#8984=EDGE_LOOP('',(#2938,#2939,#2940,#2941));
#8985=EDGE_LOOP('',(#2942,#2943,#2944,#2945));
#8986=EDGE_LOOP('',(#2946,#2947,#2948,#2949));
#8987=EDGE_LOOP('',(#2950,#2951,#2952,#2953));
#8988=EDGE_LOOP('',(#2954,#2955,#2956,#2957));
#8989=EDGE_LOOP('',(#2958,#2959,#2960,#2961));
#8990=EDGE_LOOP('',(#2962,#2963,#2964,#2965));
#8991=EDGE_LOOP('',(#2966,#2967,#2968,#2969));
#8992=EDGE_LOOP('',(#2970,#2971,#2972,#2973));
#8993=EDGE_LOOP('',(#2974,#2975,#2976,#2977));
#8994=EDGE_LOOP('',(#2978,#2979,#2980,#2981,#2982,#2983));
#8995=EDGE_LOOP('',(#2984,#2985,#2986,#2987));
#8996=EDGE_LOOP('',(#2988,#2989,#2990,#2991,#2992,#2993));
#8997=EDGE_LOOP('',(#2994,#2995,#2996,#2997,#2998,#2999));
#8998=EDGE_LOOP('',(#3000,#3001,#3002,#3003));
#8999=EDGE_LOOP('',(#3004,#3005,#3006,#3007,#3008,#3009));
#9000=EDGE_LOOP('',(#3010,#3011,#3012,#3013));
#9001=EDGE_LOOP('',(#3014,#3015,#3016,#3017));
#9002=EDGE_LOOP('',(#3018,#3019,#3020,#3021));
#9003=EDGE_LOOP('',(#3022,#3023,#3024,#3025));
#9004=EDGE_LOOP('',(#3026,#3027,#3028,#3029));
#9005=EDGE_LOOP('',(#3030,#3031,#3032,#3033));
#9006=EDGE_LOOP('',(#3034));
#9007=EDGE_LOOP('',(#3035));
#9008=EDGE_LOOP('',(#3036));
#9009=EDGE_LOOP('',(#3037));
#9010=EDGE_LOOP('',(#3038));
#9011=EDGE_LOOP('',(#3039));
#9012=EDGE_LOOP('',(#3040));
#9013=EDGE_LOOP('',(#3041));
#9014=EDGE_LOOP('',(#3042));
#9015=EDGE_LOOP('',(#3043));
#9016=EDGE_LOOP('',(#3044));
#9017=EDGE_LOOP('',(#3045));
#9018=EDGE_LOOP('',(#3046));
#9019=EDGE_LOOP('',(#3047));
#9020=EDGE_LOOP('',(#3048));
#9021=EDGE_LOOP('',(#3049));
#9022=EDGE_LOOP('',(#3050));
#9023=EDGE_LOOP('',(#3051));
#9024=EDGE_LOOP('',(#3052));
#9025=EDGE_LOOP('',(#3053));
#9026=EDGE_LOOP('',(#3054));
#9027=EDGE_LOOP('',(#3055,#3056,#3057,#3058));
#9028=EDGE_LOOP('',(#3059,#3060,#3061,#3062));
#9029=EDGE_LOOP('',(#3063,#3064,#3065,#3066));
#9030=EDGE_LOOP('',(#3067,#3068,#3069,#3070));
#9031=EDGE_LOOP('',(#3071,#3072,#3073,#3074));
#9032=EDGE_LOOP('',(#3075,#3076,#3077,#3078));
#9033=EDGE_LOOP('',(#3079,#3080,#3081,#3082));
#9034=EDGE_LOOP('',(#3083,#3084,#3085,#3086));
#9035=EDGE_LOOP('',(#3087,#3088,#3089,#3090));
#9036=EDGE_LOOP('',(#3091,#3092,#3093,#3094));
#9037=EDGE_LOOP('',(#3095,#3096,#3097,#3098));
#9038=EDGE_LOOP('',(#3099,#3100,#3101,#3102));
#9039=EDGE_LOOP('',(#3103,#3104,#3105,#3106));
#9040=EDGE_LOOP('',(#3107,#3108,#3109,#3110));
#9041=EDGE_LOOP('',(#3111,#3112,#3113,#3114));
#9042=EDGE_LOOP('',(#3115,#3116,#3117,#3118));
#9043=EDGE_LOOP('',(#3119,#3120,#3121,#3122));
#9044=EDGE_LOOP('',(#3123,#3124,#3125,#3126));
#9045=EDGE_LOOP('',(#3127,#3128,#3129,#3130));
#9046=EDGE_LOOP('',(#3131,#3132,#3133,#3134));
#9047=EDGE_LOOP('',(#3135,#3136,#3137,#3138));
#9048=EDGE_LOOP('',(#3139,#3140,#3141,#3142));
#9049=EDGE_LOOP('',(#3143,#3144,#3145,#3146));
#9050=EDGE_LOOP('',(#3147,#3148,#3149,#3150));
#9051=EDGE_LOOP('',(#3151,#3152,#3153,#3154));
#9052=EDGE_LOOP('',(#3155,#3156,#3157,#3158));
#9053=EDGE_LOOP('',(#3159,#3160,#3161,#3162));
#9054=EDGE_LOOP('',(#3163,#3164,#3165,#3166));
#9055=EDGE_LOOP('',(#3167,#3168,#3169,#3170));
#9056=EDGE_LOOP('',(#3171,#3172,#3173,#3174));
#9057=EDGE_LOOP('',(#3175,#3176,#3177,#3178));
#9058=EDGE_LOOP('',(#3179,#3180,#3181,#3182));
#9059=EDGE_LOOP('',(#3183,#3184,#3185,#3186));
#9060=EDGE_LOOP('',(#3187,#3188,#3189,#3190));
#9061=EDGE_LOOP('',(#3191,#3192,#3193,#3194));
#9062=EDGE_LOOP('',(#3195,#3196,#3197,#3198));
#9063=EDGE_LOOP('',(#3199,#3200,#3201,#3202));
#9064=EDGE_LOOP('',(#3203,#3204,#3205,#3206));
#9065=EDGE_LOOP('',(#3207,#3208,#3209,#3210));
#9066=EDGE_LOOP('',(#3211,#3212,#3213,#3214));
#9067=EDGE_LOOP('',(#3215,#3216,#3217,#3218));
#9068=EDGE_LOOP('',(#3219,#3220,#3221,#3222));
#9069=EDGE_LOOP('',(#3223,#3224,#3225,#3226));
#9070=EDGE_LOOP('',(#3227,#3228,#3229,#3230));
#9071=EDGE_LOOP('',(#3231,#3232,#3233,#3234));
#9072=EDGE_LOOP('',(#3235,#3236,#3237,#3238));
#9073=EDGE_LOOP('',(#3239,#3240,#3241,#3242));
#9074=EDGE_LOOP('',(#3243,#3244,#3245,#3246));
#9075=EDGE_LOOP('',(#3247,#3248,#3249,#3250));
#9076=EDGE_LOOP('',(#3251,#3252,#3253,#3254));
#9077=EDGE_LOOP('',(#3255,#3256,#3257,#3258));
#9078=EDGE_LOOP('',(#3259,#3260,#3261,#3262));
#9079=EDGE_LOOP('',(#3263,#3264,#3265,#3266));
#9080=EDGE_LOOP('',(#3267,#3268,#3269,#3270));
#9081=EDGE_LOOP('',(#3271,#3272,#3273,#3274));
#9082=EDGE_LOOP('',(#3275,#3276,#3277,#3278));
#9083=EDGE_LOOP('',(#3279,#3280,#3281,#3282));
#9084=EDGE_LOOP('',(#3283,#3284,#3285,#3286));
#9085=EDGE_LOOP('',(#3287,#3288,#3289,#3290));
#9086=EDGE_LOOP('',(#3291,#3292,#3293,#3294));
#9087=EDGE_LOOP('',(#3295,#3296,#3297,#3298));
#9088=EDGE_LOOP('',(#3299,#3300,#3301,#3302));
#9089=EDGE_LOOP('',(#3303,#3304,#3305,#3306));
#9090=EDGE_LOOP('',(#3307,#3308,#3309,#3310));
#9091=EDGE_LOOP('',(#3311,#3312,#3313,#3314));
#9092=EDGE_LOOP('',(#3315,#3316,#3317,#3318));
#9093=EDGE_LOOP('',(#3319,#3320,#3321,#3322));
#9094=EDGE_LOOP('',(#3323,#3324,#3325,#3326));
#9095=EDGE_LOOP('',(#3327,#3328,#3329,#3330));
#9096=EDGE_LOOP('',(#3331,#3332,#3333,#3334));
#9097=EDGE_LOOP('',(#3335,#3336,#3337,#3338));
#9098=EDGE_LOOP('',(#3339,#3340,#3341,#3342));
#9099=EDGE_LOOP('',(#3343,#3344,#3345,#3346));
#9100=EDGE_LOOP('',(#3347,#3348,#3349,#3350));
#9101=EDGE_LOOP('',(#3351,#3352,#3353,#3354));
#9102=EDGE_LOOP('',(#3355,#3356,#3357,#3358));
#9103=EDGE_LOOP('',(#3359,#3360,#3361,#3362));
#9104=EDGE_LOOP('',(#3363,#3364,#3365,#3366));
#9105=EDGE_LOOP('',(#3367,#3368,#3369,#3370));
#9106=EDGE_LOOP('',(#3371,#3372,#3373,#3374));
#9107=EDGE_LOOP('',(#3375,#3376,#3377,#3378));
#9108=EDGE_LOOP('',(#3379,#3380,#3381,#3382));
#9109=EDGE_LOOP('',(#3383,#3384,#3385,#3386));
#9110=EDGE_LOOP('',(#3387,#3388,#3389,#3390));
#9111=FACE_BOUND('',#8446,.T.);
#9112=FACE_BOUND('',#8447,.T.);
#9113=FACE_BOUND('',#8448,.T.);
#9114=FACE_BOUND('',#8449,.T.);
#9115=FACE_BOUND('',#8450,.T.);
#9116=FACE_BOUND('',#8451,.T.);
#9117=FACE_BOUND('',#8452,.T.);
#9118=FACE_BOUND('',#8453,.T.);
#9119=FACE_BOUND('',#8454,.T.);
#9120=FACE_BOUND('',#8455,.T.);
#9121=FACE_BOUND('',#8456,.T.);
#9122=FACE_BOUND('',#8457,.T.);
#9123=FACE_BOUND('',#8458,.T.);
#9124=FACE_BOUND('',#8459,.T.);
#9125=FACE_BOUND('',#8460,.T.);
#9126=FACE_BOUND('',#8461,.T.);
#9127=FACE_BOUND('',#8462,.T.);
#9128=FACE_BOUND('',#8463,.T.);
#9129=FACE_BOUND('',#8464,.T.);
#9130=FACE_BOUND('',#8465,.T.);
#9131=FACE_BOUND('',#8466,.T.);
#9132=FACE_BOUND('',#8467,.T.);
#9133=FACE_BOUND('',#8468,.T.);
#9134=FACE_BOUND('',#8469,.T.);
#9135=FACE_BOUND('',#8470,.T.);
#9136=FACE_BOUND('',#8471,.T.);
#9137=FACE_BOUND('',#8472,.T.);
#9138=FACE_BOUND('',#8473,.T.);
#9139=FACE_BOUND('',#8474,.T.);
#9140=FACE_BOUND('',#8475,.T.);
#9141=FACE_BOUND('',#8476,.T.);
#9142=FACE_BOUND('',#8477,.T.);
#9143=FACE_BOUND('',#8478,.T.);
#9144=FACE_BOUND('',#8479,.T.);
#9145=FACE_BOUND('',#8480,.T.);
#9146=FACE_BOUND('',#8481,.T.);
#9147=FACE_BOUND('',#8482,.T.);
#9148=FACE_BOUND('',#8483,.T.);
#9149=FACE_BOUND('',#8484,.T.);
#9150=FACE_BOUND('',#8485,.T.);
#9151=FACE_BOUND('',#8486,.T.);
#9152=FACE_BOUND('',#8487,.T.);
#9153=FACE_BOUND('',#8488,.T.);
#9154=FACE_BOUND('',#8489,.T.);
#9155=FACE_BOUND('',#8490,.T.);
#9156=FACE_BOUND('',#8491,.T.);
#9157=FACE_BOUND('',#8492,.T.);
#9158=FACE_BOUND('',#8493,.T.);
#9159=FACE_BOUND('',#8494,.T.);
#9160=FACE_BOUND('',#8495,.T.);
#9161=FACE_BOUND('',#8496,.T.);
#9162=FACE_BOUND('',#8497,.T.);
#9163=FACE_BOUND('',#8498,.T.);
#9164=FACE_BOUND('',#8499,.T.);
#9165=FACE_BOUND('',#8500,.T.);
#9166=FACE_BOUND('',#8501,.T.);
#9167=FACE_BOUND('',#8502,.T.);
#9168=FACE_BOUND('',#8503,.T.);
#9169=FACE_BOUND('',#8504,.T.);
#9170=FACE_BOUND('',#8505,.T.);
#9171=FACE_BOUND('',#8506,.T.);
#9172=FACE_BOUND('',#8507,.T.);
#9173=FACE_BOUND('',#8508,.T.);
#9174=FACE_BOUND('',#8509,.T.);
#9175=FACE_BOUND('',#8510,.T.);
#9176=FACE_BOUND('',#8511,.T.);
#9177=FACE_BOUND('',#8512,.T.);
#9178=FACE_BOUND('',#8513,.T.);
#9179=FACE_BOUND('',#8514,.T.);
#9180=FACE_BOUND('',#8515,.T.);
#9181=FACE_BOUND('',#8516,.T.);
#9182=FACE_BOUND('',#8517,.T.);
#9183=FACE_BOUND('',#8518,.T.);
#9184=FACE_BOUND('',#8519,.T.);
#9185=FACE_BOUND('',#8520,.T.);
#9186=FACE_BOUND('',#8521,.T.);
#9187=FACE_BOUND('',#8522,.T.);
#9188=FACE_BOUND('',#8523,.T.);
#9189=FACE_BOUND('',#8524,.T.);
#9190=FACE_BOUND('',#8525,.T.);
#9191=FACE_BOUND('',#8526,.T.);
#9192=FACE_BOUND('',#8527,.T.);
#9193=FACE_BOUND('',#8528,.T.);
#9194=FACE_BOUND('',#8529,.T.);
#9195=FACE_BOUND('',#8530,.T.);
#9196=FACE_BOUND('',#8531,.T.);
#9197=FACE_BOUND('',#8532,.T.);
#9198=FACE_BOUND('',#8533,.T.);
#9199=FACE_BOUND('',#8534,.T.);
#9200=FACE_BOUND('',#8535,.T.);
#9201=FACE_BOUND('',#8536,.T.);
#9202=FACE_BOUND('',#8537,.T.);
#9203=FACE_BOUND('',#8538,.T.);
#9204=FACE_BOUND('',#8539,.T.);
#9205=FACE_BOUND('',#8540,.T.);
#9206=FACE_BOUND('',#8541,.T.);
#9207=FACE_BOUND('',#8542,.T.);
#9208=FACE_BOUND('',#8543,.T.);
#9209=FACE_BOUND('',#8544,.T.);
#9210=FACE_BOUND('',#8545,.T.);
#9211=FACE_BOUND('',#8546,.T.);
#9212=FACE_BOUND('',#8547,.T.);
#9213=FACE_BOUND('',#8548,.T.);
#9214=FACE_BOUND('',#8549,.T.);
#9215=FACE_BOUND('',#8550,.T.);
#9216=FACE_BOUND('',#8551,.T.);
#9217=FACE_BOUND('',#8552,.T.);
#9218=FACE_BOUND('',#8553,.T.);
#9219=FACE_BOUND('',#8554,.T.);
#9220=FACE_BOUND('',#8555,.T.);
#9221=FACE_BOUND('',#8556,.T.);
#9222=FACE_BOUND('',#8557,.T.);
#9223=FACE_BOUND('',#8558,.T.);
#9224=FACE_BOUND('',#8559,.T.);
#9225=FACE_BOUND('',#8560,.T.);
#9226=FACE_BOUND('',#8561,.T.);
#9227=FACE_BOUND('',#8562,.T.);
#9228=FACE_BOUND('',#8563,.T.);
#9229=FACE_BOUND('',#8564,.T.);
#9230=FACE_BOUND('',#8565,.T.);
#9231=FACE_BOUND('',#8566,.T.);
#9232=FACE_BOUND('',#8567,.T.);
#9233=FACE_BOUND('',#8568,.T.);
#9234=FACE_BOUND('',#8569,.T.);
#9235=FACE_BOUND('',#8570,.T.);
#9236=FACE_BOUND('',#8571,.T.);
#9237=FACE_BOUND('',#8572,.T.);
#9238=FACE_BOUND('',#8573,.T.);
#9239=FACE_BOUND('',#8574,.T.);
#9240=FACE_BOUND('',#8575,.T.);
#9241=FACE_BOUND('',#8576,.T.);
#9242=FACE_BOUND('',#8577,.T.);
#9243=FACE_BOUND('',#8578,.T.);
#9244=FACE_BOUND('',#8579,.T.);
#9245=FACE_BOUND('',#8580,.T.);
#9246=FACE_BOUND('',#8581,.T.);
#9247=FACE_BOUND('',#8582,.T.);
#9248=FACE_BOUND('',#8583,.T.);
#9249=FACE_BOUND('',#8584,.T.);
#9250=FACE_BOUND('',#8585,.T.);
#9251=FACE_BOUND('',#8586,.T.);
#9252=FACE_BOUND('',#8587,.T.);
#9253=FACE_BOUND('',#8588,.T.);
#9254=FACE_BOUND('',#8589,.T.);
#9255=FACE_BOUND('',#8590,.T.);
#9256=FACE_BOUND('',#8591,.T.);
#9257=FACE_BOUND('',#8592,.T.);
#9258=FACE_BOUND('',#8593,.T.);
#9259=FACE_BOUND('',#8594,.T.);
#9260=FACE_BOUND('',#8595,.T.);
#9261=FACE_BOUND('',#8596,.T.);
#9262=FACE_BOUND('',#8597,.T.);
#9263=FACE_BOUND('',#8598,.T.);
#9264=FACE_BOUND('',#8599,.T.);
#9265=FACE_BOUND('',#8600,.T.);
#9266=FACE_BOUND('',#8601,.T.);
#9267=FACE_BOUND('',#8602,.T.);
#9268=FACE_BOUND('',#8603,.T.);
#9269=FACE_BOUND('',#8604,.T.);
#9270=FACE_BOUND('',#8605,.T.);
#9271=FACE_BOUND('',#8606,.T.);
#9272=FACE_BOUND('',#8607,.T.);
#9273=FACE_BOUND('',#8608,.T.);
#9274=FACE_BOUND('',#8609,.T.);
#9275=FACE_BOUND('',#8610,.T.);
#9276=FACE_BOUND('',#8611,.T.);
#9277=FACE_BOUND('',#8612,.T.);
#9278=FACE_BOUND('',#8613,.T.);
#9279=FACE_BOUND('',#8614,.T.);
#9280=FACE_BOUND('',#8615,.T.);
#9281=FACE_BOUND('',#8616,.T.);
#9282=FACE_BOUND('',#8617,.T.);
#9283=FACE_BOUND('',#8618,.T.);
#9284=FACE_BOUND('',#8619,.T.);
#9285=FACE_BOUND('',#8620,.T.);
#9286=FACE_BOUND('',#8621,.T.);
#9287=FACE_BOUND('',#8622,.T.);
#9288=FACE_BOUND('',#8623,.T.);
#9289=FACE_BOUND('',#8624,.T.);
#9290=FACE_BOUND('',#8625,.T.);
#9291=FACE_BOUND('',#8626,.T.);
#9292=FACE_BOUND('',#8627,.T.);
#9293=FACE_BOUND('',#8628,.T.);
#9294=FACE_BOUND('',#8629,.T.);
#9295=FACE_BOUND('',#8630,.T.);
#9296=FACE_BOUND('',#8631,.T.);
#9297=FACE_BOUND('',#8632,.T.);
#9298=FACE_BOUND('',#8633,.T.);
#9299=FACE_BOUND('',#8634,.T.);
#9300=FACE_BOUND('',#8635,.T.);
#9301=FACE_BOUND('',#8636,.T.);
#9302=FACE_BOUND('',#8637,.T.);
#9303=FACE_BOUND('',#8638,.T.);
#9304=FACE_BOUND('',#8639,.T.);
#9305=FACE_BOUND('',#8640,.T.);
#9306=FACE_BOUND('',#8641,.T.);
#9307=FACE_BOUND('',#8642,.T.);
#9308=FACE_BOUND('',#8643,.T.);
#9309=FACE_BOUND('',#8644,.T.);
#9310=FACE_BOUND('',#8645,.T.);
#9311=FACE_BOUND('',#8646,.T.);
#9312=FACE_BOUND('',#8647,.T.);
#9313=FACE_BOUND('',#8648,.T.);
#9314=FACE_BOUND('',#8649,.T.);
#9315=FACE_BOUND('',#8650,.T.);
#9316=FACE_BOUND('',#8651,.T.);
#9317=FACE_BOUND('',#8652,.T.);
#9318=FACE_BOUND('',#8653,.T.);
#9319=FACE_BOUND('',#8654,.T.);
#9320=FACE_BOUND('',#8655,.T.);
#9321=FACE_BOUND('',#8656,.T.);
#9322=FACE_BOUND('',#8657,.T.);
#9323=FACE_BOUND('',#8658,.T.);
#9324=FACE_BOUND('',#8659,.T.);
#9325=FACE_BOUND('',#8660,.T.);
#9326=FACE_BOUND('',#8661,.T.);
#9327=FACE_BOUND('',#8662,.T.);
#9328=FACE_BOUND('',#8663,.T.);
#9329=FACE_BOUND('',#8664,.T.);
#9330=FACE_BOUND('',#8665,.T.);
#9331=FACE_BOUND('',#8666,.T.);
#9332=FACE_BOUND('',#8667,.T.);
#9333=FACE_BOUND('',#8668,.T.);
#9334=FACE_BOUND('',#8669,.T.);
#9335=FACE_BOUND('',#8670,.T.);
#9336=FACE_BOUND('',#8671,.T.);
#9337=FACE_BOUND('',#8672,.T.);
#9338=FACE_BOUND('',#8673,.T.);
#9339=FACE_BOUND('',#8674,.T.);
#9340=FACE_BOUND('',#8675,.T.);
#9341=FACE_BOUND('',#8676,.T.);
#9342=FACE_BOUND('',#8677,.T.);
#9343=FACE_BOUND('',#8678,.T.);
#9344=FACE_BOUND('',#8679,.T.);
#9345=FACE_BOUND('',#8680,.T.);
#9346=FACE_BOUND('',#8681,.T.);
#9347=FACE_BOUND('',#8682,.T.);
#9348=FACE_BOUND('',#8683,.T.);
#9349=FACE_BOUND('',#8684,.T.);
#9350=FACE_BOUND('',#8685,.T.);
#9351=FACE_BOUND('',#8686,.T.);
#9352=FACE_BOUND('',#8687,.T.);
#9353=FACE_BOUND('',#8688,.T.);
#9354=FACE_BOUND('',#8689,.T.);
#9355=FACE_BOUND('',#8690,.T.);
#9356=FACE_BOUND('',#8691,.T.);
#9357=FACE_BOUND('',#8692,.T.);
#9358=FACE_BOUND('',#8693,.T.);
#9359=FACE_BOUND('',#8694,.T.);
#9360=FACE_BOUND('',#8695,.T.);
#9361=FACE_BOUND('',#8696,.T.);
#9362=FACE_BOUND('',#8697,.T.);
#9363=FACE_BOUND('',#8698,.T.);
#9364=FACE_BOUND('',#8699,.T.);
#9365=FACE_BOUND('',#8700,.T.);
#9366=FACE_BOUND('',#8701,.T.);
#9367=FACE_BOUND('',#8702,.T.);
#9368=FACE_BOUND('',#8703,.T.);
#9369=FACE_BOUND('',#8704,.T.);
#9370=FACE_BOUND('',#8705,.T.);
#9371=FACE_BOUND('',#8706,.T.);
#9372=FACE_BOUND('',#8707,.T.);
#9373=FACE_BOUND('',#8708,.T.);
#9374=FACE_BOUND('',#8709,.T.);
#9375=FACE_BOUND('',#8710,.T.);
#9376=FACE_BOUND('',#8711,.T.);
#9377=FACE_BOUND('',#8712,.T.);
#9378=FACE_BOUND('',#8713,.T.);
#9379=FACE_BOUND('',#8714,.T.);
#9380=FACE_BOUND('',#8715,.T.);
#9381=FACE_BOUND('',#8716,.T.);
#9382=FACE_BOUND('',#8717,.T.);
#9383=FACE_BOUND('',#8718,.T.);
#9384=FACE_BOUND('',#8719,.T.);
#9385=FACE_BOUND('',#8720,.T.);
#9386=FACE_BOUND('',#8721,.T.);
#9387=FACE_BOUND('',#8722,.T.);
#9388=FACE_BOUND('',#8723,.T.);
#9389=FACE_BOUND('',#8724,.T.);
#9390=FACE_BOUND('',#8725,.T.);
#9391=FACE_BOUND('',#8726,.T.);
#9392=FACE_BOUND('',#8727,.T.);
#9393=FACE_BOUND('',#8728,.T.);
#9394=FACE_BOUND('',#8729,.T.);
#9395=FACE_BOUND('',#8730,.T.);
#9396=FACE_BOUND('',#8731,.T.);
#9397=FACE_BOUND('',#8732,.T.);
#9398=FACE_BOUND('',#8733,.T.);
#9399=FACE_BOUND('',#8734,.T.);
#9400=FACE_BOUND('',#8735,.T.);
#9401=FACE_BOUND('',#8736,.T.);
#9402=FACE_BOUND('',#8737,.T.);
#9403=FACE_BOUND('',#8738,.T.);
#9404=FACE_BOUND('',#8739,.T.);
#9405=FACE_BOUND('',#8740,.T.);
#9406=FACE_BOUND('',#8741,.T.);
#9407=FACE_BOUND('',#8742,.T.);
#9408=FACE_BOUND('',#8743,.T.);
#9409=FACE_BOUND('',#8744,.T.);
#9410=FACE_BOUND('',#8745,.T.);
#9411=FACE_BOUND('',#8746,.T.);
#9412=FACE_BOUND('',#8747,.T.);
#9413=FACE_BOUND('',#8748,.T.);
#9414=FACE_BOUND('',#8749,.T.);
#9415=FACE_BOUND('',#8750,.T.);
#9416=FACE_BOUND('',#8751,.T.);
#9417=FACE_BOUND('',#8752,.T.);
#9418=FACE_BOUND('',#8753,.T.);
#9419=FACE_BOUND('',#8754,.T.);
#9420=FACE_BOUND('',#8755,.T.);
#9421=FACE_BOUND('',#8756,.T.);
#9422=FACE_BOUND('',#8757,.T.);
#9423=FACE_BOUND('',#8758,.T.);
#9424=FACE_BOUND('',#8759,.T.);
#9425=FACE_BOUND('',#8760,.T.);
#9426=FACE_BOUND('',#8761,.T.);
#9427=FACE_BOUND('',#8762,.T.);
#9428=FACE_BOUND('',#8763,.T.);
#9429=FACE_BOUND('',#8764,.T.);
#9430=FACE_BOUND('',#8765,.T.);
#9431=FACE_BOUND('',#8766,.T.);
#9432=FACE_BOUND('',#8767,.T.);
#9433=FACE_BOUND('',#8768,.T.);
#9434=FACE_BOUND('',#8769,.T.);
#9435=FACE_BOUND('',#8770,.T.);
#9436=FACE_BOUND('',#8771,.T.);
#9437=FACE_BOUND('',#8772,.T.);
#9438=FACE_BOUND('',#8773,.T.);
#9439=FACE_BOUND('',#8774,.T.);
#9440=FACE_BOUND('',#8775,.T.);
#9441=FACE_BOUND('',#8776,.T.);
#9442=FACE_BOUND('',#8777,.T.);
#9443=FACE_BOUND('',#8778,.T.);
#9444=FACE_BOUND('',#8779,.T.);
#9445=FACE_BOUND('',#8780,.T.);
#9446=FACE_BOUND('',#8781,.T.);
#9447=FACE_BOUND('',#8782,.T.);
#9448=FACE_BOUND('',#8783,.T.);
#9449=FACE_BOUND('',#8784,.T.);
#9450=FACE_BOUND('',#8785,.T.);
#9451=FACE_BOUND('',#8786,.T.);
#9452=FACE_BOUND('',#8787,.T.);
#9453=FACE_BOUND('',#8788,.T.);
#9454=FACE_BOUND('',#8789,.T.);
#9455=FACE_BOUND('',#8790,.T.);
#9456=FACE_BOUND('',#8791,.T.);
#9457=FACE_BOUND('',#8792,.T.);
#9458=FACE_BOUND('',#8793,.T.);
#9459=FACE_BOUND('',#8794,.T.);
#9460=FACE_BOUND('',#8795,.T.);
#9461=FACE_BOUND('',#8796,.T.);
#9462=FACE_BOUND('',#8797,.T.);
#9463=FACE_BOUND('',#8798,.T.);
#9464=FACE_BOUND('',#8799,.T.);
#9465=FACE_BOUND('',#8800,.T.);
#9466=FACE_BOUND('',#8801,.T.);
#9467=FACE_BOUND('',#8802,.T.);
#9468=FACE_BOUND('',#8803,.T.);
#9469=FACE_BOUND('',#8804,.T.);
#9470=FACE_BOUND('',#8805,.T.);
#9471=FACE_BOUND('',#8806,.T.);
#9472=FACE_BOUND('',#8807,.T.);
#9473=FACE_BOUND('',#8808,.T.);
#9474=FACE_BOUND('',#8809,.T.);
#9475=FACE_BOUND('',#8810,.T.);
#9476=FACE_BOUND('',#8811,.T.);
#9477=FACE_BOUND('',#8812,.T.);
#9478=FACE_BOUND('',#8813,.T.);
#9479=FACE_BOUND('',#8814,.T.);
#9480=FACE_BOUND('',#8815,.T.);
#9481=FACE_BOUND('',#8816,.T.);
#9482=FACE_BOUND('',#8817,.T.);
#9483=FACE_BOUND('',#8818,.T.);
#9484=FACE_BOUND('',#8819,.T.);
#9485=FACE_BOUND('',#8820,.T.);
#9486=FACE_BOUND('',#8821,.T.);
#9487=FACE_BOUND('',#8822,.T.);
#9488=FACE_BOUND('',#8823,.T.);
#9489=FACE_BOUND('',#8824,.T.);
#9490=FACE_BOUND('',#8825,.T.);
#9491=FACE_BOUND('',#8826,.T.);
#9492=FACE_BOUND('',#8827,.T.);
#9493=FACE_BOUND('',#8828,.T.);
#9494=FACE_BOUND('',#8829,.T.);
#9495=FACE_BOUND('',#8830,.T.);
#9496=FACE_BOUND('',#8831,.T.);
#9497=FACE_BOUND('',#8832,.T.);
#9498=FACE_BOUND('',#8833,.T.);
#9499=FACE_BOUND('',#8834,.T.);
#9500=FACE_BOUND('',#8835,.T.);
#9501=FACE_BOUND('',#8836,.T.);
#9502=FACE_BOUND('',#8837,.T.);
#9503=FACE_BOUND('',#8838,.T.);
#9504=FACE_BOUND('',#8839,.T.);
#9505=FACE_BOUND('',#8840,.T.);
#9506=FACE_BOUND('',#8841,.T.);
#9507=FACE_BOUND('',#8842,.T.);
#9508=FACE_BOUND('',#8843,.T.);
#9509=FACE_BOUND('',#8844,.T.);
#9510=FACE_BOUND('',#8845,.T.);
#9511=FACE_BOUND('',#8846,.T.);
#9512=FACE_BOUND('',#8847,.T.);
#9513=FACE_BOUND('',#8848,.T.);
#9514=FACE_BOUND('',#8849,.T.);
#9515=FACE_BOUND('',#8850,.T.);
#9516=FACE_BOUND('',#8851,.T.);
#9517=FACE_BOUND('',#8852,.T.);
#9518=FACE_BOUND('',#8853,.T.);
#9519=FACE_BOUND('',#8854,.T.);
#9520=FACE_BOUND('',#8855,.T.);
#9521=FACE_BOUND('',#8856,.T.);
#9522=FACE_BOUND('',#8857,.T.);
#9523=FACE_BOUND('',#8858,.T.);
#9524=FACE_BOUND('',#8859,.T.);
#9525=FACE_BOUND('',#8860,.T.);
#9526=FACE_BOUND('',#8861,.T.);
#9527=FACE_BOUND('',#8862,.T.);
#9528=FACE_BOUND('',#8863,.T.);
#9529=FACE_BOUND('',#8864,.T.);
#9530=FACE_BOUND('',#8865,.T.);
#9531=FACE_BOUND('',#8866,.T.);
#9532=FACE_BOUND('',#8867,.T.);
#9533=FACE_BOUND('',#8868,.T.);
#9534=FACE_BOUND('',#8869,.T.);
#9535=FACE_BOUND('',#8870,.T.);
#9536=FACE_BOUND('',#8871,.T.);
#9537=FACE_BOUND('',#8872,.T.);
#9538=FACE_BOUND('',#8873,.T.);
#9539=FACE_BOUND('',#8874,.T.);
#9540=FACE_BOUND('',#8875,.T.);
#9541=FACE_BOUND('',#8876,.T.);
#9542=FACE_BOUND('',#8877,.T.);
#9543=FACE_BOUND('',#8878,.T.);
#9544=FACE_BOUND('',#8879,.T.);
#9545=FACE_BOUND('',#8880,.T.);
#9546=FACE_BOUND('',#8881,.T.);
#9547=FACE_BOUND('',#8882,.T.);
#9548=FACE_BOUND('',#8883,.T.);
#9549=FACE_BOUND('',#8884,.T.);
#9550=FACE_BOUND('',#8885,.T.);
#9551=FACE_BOUND('',#8886,.T.);
#9552=FACE_BOUND('',#8887,.T.);
#9553=FACE_BOUND('',#8888,.T.);
#9554=FACE_BOUND('',#8889,.T.);
#9555=FACE_BOUND('',#8890,.T.);
#9556=FACE_BOUND('',#8891,.T.);
#9557=FACE_BOUND('',#8892,.T.);
#9558=FACE_BOUND('',#8893,.T.);
#9559=FACE_BOUND('',#8894,.T.);
#9560=FACE_BOUND('',#8895,.T.);
#9561=FACE_BOUND('',#8896,.T.);
#9562=FACE_BOUND('',#8897,.T.);
#9563=FACE_BOUND('',#8898,.T.);
#9564=FACE_BOUND('',#8899,.T.);
#9565=FACE_BOUND('',#8900,.T.);
#9566=FACE_BOUND('',#8901,.T.);
#9567=FACE_BOUND('',#8902,.T.);
#9568=FACE_BOUND('',#8903,.T.);
#9569=FACE_BOUND('',#8904,.T.);
#9570=FACE_BOUND('',#8905,.T.);
#9571=FACE_BOUND('',#8906,.T.);
#9572=FACE_BOUND('',#8907,.T.);
#9573=FACE_BOUND('',#8908,.T.);
#9574=FACE_BOUND('',#8909,.T.);
#9575=FACE_BOUND('',#8910,.T.);
#9576=FACE_BOUND('',#8911,.T.);
#9577=FACE_BOUND('',#8912,.T.);
#9578=FACE_BOUND('',#8913,.T.);
#9579=FACE_BOUND('',#8914,.T.);
#9580=FACE_BOUND('',#8915,.T.);
#9581=FACE_BOUND('',#8916,.T.);
#9582=FACE_BOUND('',#8917,.T.);
#9583=FACE_BOUND('',#8918,.T.);
#9584=FACE_BOUND('',#8919,.T.);
#9585=FACE_BOUND('',#8920,.T.);
#9586=FACE_BOUND('',#8921,.T.);
#9587=FACE_BOUND('',#8922,.T.);
#9588=FACE_BOUND('',#8923,.T.);
#9589=FACE_BOUND('',#8924,.T.);
#9590=FACE_BOUND('',#8925,.T.);
#9591=FACE_BOUND('',#8926,.T.);
#9592=FACE_BOUND('',#8927,.T.);
#9593=FACE_BOUND('',#8928,.T.);
#9594=FACE_BOUND('',#8929,.T.);
#9595=FACE_BOUND('',#8930,.T.);
#9596=FACE_BOUND('',#8931,.T.);
#9597=FACE_BOUND('',#8932,.T.);
#9598=FACE_BOUND('',#8933,.T.);
#9599=FACE_BOUND('',#8934,.T.);
#9600=FACE_BOUND('',#8935,.T.);
#9601=FACE_BOUND('',#8936,.T.);
#9602=FACE_BOUND('',#8937,.T.);
#9603=FACE_BOUND('',#8938,.T.);
#9604=FACE_BOUND('',#8939,.T.);
#9605=FACE_BOUND('',#8940,.T.);
#9606=FACE_BOUND('',#8941,.T.);
#9607=FACE_BOUND('',#8942,.T.);
#9608=FACE_BOUND('',#8943,.T.);
#9609=FACE_BOUND('',#8944,.T.);
#9610=FACE_BOUND('',#8945,.T.);
#9611=FACE_BOUND('',#8946,.T.);
#9612=FACE_BOUND('',#8947,.T.);
#9613=FACE_BOUND('',#8948,.T.);
#9614=FACE_BOUND('',#8949,.T.);
#9615=FACE_BOUND('',#8950,.T.);
#9616=FACE_BOUND('',#8951,.T.);
#9617=FACE_BOUND('',#8952,.T.);
#9618=FACE_BOUND('',#8953,.T.);
#9619=FACE_BOUND('',#8954,.T.);
#9620=FACE_BOUND('',#8955,.T.);
#9621=FACE_BOUND('',#8956,.T.);
#9622=FACE_BOUND('',#8957,.T.);
#9623=FACE_BOUND('',#8958,.T.);
#9624=FACE_BOUND('',#8959,.T.);
#9625=FACE_BOUND('',#8960,.T.);
#9626=FACE_BOUND('',#8961,.T.);
#9627=FACE_BOUND('',#8962,.T.);
#9628=FACE_BOUND('',#8963,.T.);
#9629=FACE_BOUND('',#8964,.T.);
#9630=FACE_BOUND('',#8965,.T.);
#9631=FACE_BOUND('',#8966,.T.);
#9632=FACE_BOUND('',#8967,.T.);
#9633=FACE_BOUND('',#8968,.T.);
#9634=FACE_BOUND('',#8969,.T.);
#9635=FACE_BOUND('',#8970,.T.);
#9636=FACE_BOUND('',#8971,.T.);
#9637=FACE_BOUND('',#8972,.T.);
#9638=FACE_BOUND('',#8973,.T.);
#9639=FACE_BOUND('',#8974,.T.);
#9640=FACE_BOUND('',#8975,.T.);
#9641=FACE_BOUND('',#8976,.T.);
#9642=FACE_BOUND('',#8977,.T.);
#9643=FACE_BOUND('',#8978,.T.);
#9644=FACE_BOUND('',#8979,.T.);
#9645=FACE_BOUND('',#8980,.T.);
#9646=FACE_BOUND('',#8981,.T.);
#9647=FACE_BOUND('',#8982,.T.);
#9648=FACE_BOUND('',#8983,.T.);
#9649=FACE_BOUND('',#8984,.T.);
#9650=FACE_BOUND('',#8985,.T.);
#9651=FACE_BOUND('',#8986,.T.);
#9652=FACE_BOUND('',#8987,.T.);
#9653=FACE_BOUND('',#8988,.T.);
#9654=FACE_BOUND('',#8989,.T.);
#9655=FACE_BOUND('',#8990,.T.);
#9656=FACE_BOUND('',#8991,.T.);
#9657=FACE_BOUND('',#8992,.T.);
#9658=FACE_BOUND('',#8993,.T.);
#9659=FACE_BOUND('',#8994,.T.);
#9660=FACE_BOUND('',#8995,.T.);
#9661=FACE_BOUND('',#8996,.T.);
#9662=FACE_BOUND('',#8997,.T.);
#9663=FACE_BOUND('',#8998,.T.);
#9664=FACE_BOUND('',#8999,.T.);
#9665=FACE_BOUND('',#9000,.T.);
#9666=FACE_BOUND('',#9001,.T.);
#9667=FACE_BOUND('',#9002,.T.);
#9668=FACE_BOUND('',#9003,.T.);
#9669=FACE_BOUND('',#9004,.T.);
#9670=FACE_BOUND('',#9005,.T.);
#9671=FACE_BOUND('',#9006,.T.);
#9672=FACE_BOUND('',#9007,.T.);
#9673=FACE_BOUND('',#9008,.T.);
#9674=FACE_BOUND('',#9009,.T.);
#9675=FACE_BOUND('',#9010,.T.);
#9676=FACE_BOUND('',#9011,.T.);
#9677=FACE_BOUND('',#9012,.T.);
#9678=FACE_BOUND('',#9013,.T.);
#9679=FACE_BOUND('',#9014,.T.);
#9680=FACE_BOUND('',#9015,.T.);
#9681=FACE_BOUND('',#9016,.T.);
#9682=FACE_BOUND('',#9017,.T.);
#9683=FACE_BOUND('',#9018,.T.);
#9684=FACE_BOUND('',#9019,.T.);
#9685=FACE_BOUND('',#9020,.T.);
#9686=FACE_BOUND('',#9021,.T.);
#9687=FACE_BOUND('',#9022,.T.);
#9688=FACE_BOUND('',#9023,.T.);
#9689=FACE_BOUND('',#9024,.T.);
#9690=FACE_BOUND('',#9025,.T.);
#9691=FACE_BOUND('',#9026,.T.);
#9692=FACE_BOUND('',#9027,.T.);
#9693=FACE_BOUND('',#9028,.T.);
#9694=FACE_BOUND('',#9029,.T.);
#9695=FACE_BOUND('',#9030,.T.);
#9696=FACE_BOUND('',#9031,.T.);
#9697=FACE_BOUND('',#9032,.T.);
#9698=FACE_BOUND('',#9033,.T.);
#9699=FACE_BOUND('',#9034,.T.);
#9700=FACE_BOUND('',#9035,.T.);
#9701=FACE_BOUND('',#9036,.T.);
#9702=FACE_BOUND('',#9037,.T.);
#9703=FACE_BOUND('',#9038,.T.);
#9704=FACE_BOUND('',#9039,.T.);
#9705=FACE_BOUND('',#9040,.T.);
#9706=FACE_BOUND('',#9041,.T.);
#9707=FACE_BOUND('',#9042,.T.);
#9708=FACE_BOUND('',#9043,.T.);
#9709=FACE_BOUND('',#9044,.T.);
#9710=FACE_BOUND('',#9045,.T.);
#9711=FACE_BOUND('',#9046,.T.);
#9712=FACE_BOUND('',#9047,.T.);
#9713=FACE_BOUND('',#9048,.T.);
#9714=FACE_BOUND('',#9049,.T.);
#9715=FACE_BOUND('',#9050,.T.);
#9716=FACE_BOUND('',#9051,.T.);
#9717=FACE_BOUND('',#9052,.T.);
#9718=FACE_BOUND('',#9053,.T.);
#9719=FACE_BOUND('',#9054,.T.);
#9720=FACE_BOUND('',#9055,.T.);
#9721=FACE_BOUND('',#9056,.T.);
#9722=FACE_BOUND('',#9057,.T.);
#9723=FACE_BOUND('',#9058,.T.);
#9724=FACE_BOUND('',#9059,.T.);
#9725=FACE_BOUND('',#9060,.T.);
#9726=FACE_BOUND('',#9061,.T.);
#9727=FACE_BOUND('',#9062,.T.);
#9728=FACE_BOUND('',#9063,.T.);
#9729=FACE_BOUND('',#9064,.T.);
#9730=FACE_BOUND('',#9065,.T.);
#9731=FACE_BOUND('',#9066,.T.);
#9732=FACE_BOUND('',#9067,.T.);
#9733=FACE_BOUND('',#9068,.T.);
#9734=FACE_BOUND('',#9069,.T.);
#9735=FACE_BOUND('',#9070,.T.);
#9736=FACE_BOUND('',#9071,.T.);
#9737=FACE_BOUND('',#9072,.T.);
#9738=FACE_BOUND('',#9073,.T.);
#9739=FACE_BOUND('',#9074,.T.);
#9740=FACE_BOUND('',#9075,.T.);
#9741=FACE_BOUND('',#9076,.T.);
#9742=FACE_BOUND('',#9077,.T.);
#9743=FACE_BOUND('',#9078,.T.);
#9744=FACE_BOUND('',#9079,.T.);
#9745=FACE_BOUND('',#9080,.T.);
#9746=FACE_BOUND('',#9081,.T.);
#9747=FACE_BOUND('',#9082,.T.);
#9748=FACE_BOUND('',#9083,.T.);
#9749=FACE_BOUND('',#9084,.T.);
#9750=FACE_BOUND('',#9085,.T.);
#9751=FACE_BOUND('',#9086,.T.);
#9752=FACE_BOUND('',#9087,.T.);
#9753=FACE_BOUND('',#9088,.T.);
#9754=FACE_BOUND('',#9089,.T.);
#9755=FACE_BOUND('',#9090,.T.);
#9756=FACE_BOUND('',#9091,.T.);
#9757=FACE_BOUND('',#9092,.T.);
#9758=FACE_BOUND('',#9093,.T.);
#9759=FACE_BOUND('',#9094,.T.);
#9760=FACE_BOUND('',#9095,.T.);
#9761=FACE_BOUND('',#9096,.T.);
#9762=FACE_BOUND('',#9097,.T.);
#9763=FACE_BOUND('',#9098,.T.);
#9764=FACE_BOUND('',#9099,.T.);
#9765=FACE_BOUND('',#9100,.T.);
#9766=FACE_BOUND('',#9101,.T.);
#9767=FACE_BOUND('',#9102,.T.);
#9768=FACE_BOUND('',#9103,.T.);
#9769=FACE_BOUND('',#9104,.T.);
#9770=FACE_BOUND('',#9105,.T.);
#9771=FACE_BOUND('',#9106,.T.);
#9772=FACE_BOUND('',#9107,.T.);
#9773=FACE_BOUND('',#9108,.T.);
#9774=FACE_BOUND('',#9109,.T.);
#9775=FACE_BOUND('',#9110,.T.);
#9776=PLANE('',#13235);
#9777=PLANE('',#13236);
#9778=PLANE('',#13237);
#9779=PLANE('',#13239);
#9780=PLANE('',#13240);
#9781=PLANE('',#13242);
#9782=PLANE('',#13243);
#9783=PLANE('',#13244);
#9784=PLANE('',#13245);
#9785=PLANE('',#13246);
#9786=PLANE('',#13247);
#9787=PLANE('',#13248);
#9788=PLANE('',#13249);
#9789=PLANE('',#13251);
#9790=PLANE('',#13252);
#9791=PLANE('',#13255);
#9792=PLANE('',#13259);
#9793=PLANE('',#13260);
#9794=PLANE('',#13261);
#9795=PLANE('',#13263);
#9796=PLANE('',#13264);
#9797=PLANE('',#13282);
#9798=PLANE('',#13283);
#9799=PLANE('',#13297);
#9800=PLANE('',#13298);
#9801=PLANE('',#13299);
#9802=PLANE('',#13300);
#9803=PLANE('',#13301);
#9804=PLANE('',#13302);
#9805=PLANE('',#13303);
#9806=PLANE('',#13304);
#9807=PLANE('',#13305);
#9808=PLANE('',#13306);
#9809=PLANE('',#13307);
#9810=PLANE('',#13308);
#9811=PLANE('',#13309);
#9812=PLANE('',#13310);
#9813=PLANE('',#13311);
#9814=PLANE('',#13312);
#9815=PLANE('',#13313);
#9816=PLANE('',#13314);
#9817=PLANE('',#13315);
#9818=PLANE('',#13316);
#9819=PLANE('',#13317);
#9820=PLANE('',#13318);
#9821=PLANE('',#13319);
#9822=PLANE('',#13320);
#9823=PLANE('',#13321);
#9824=PLANE('',#13322);
#9825=PLANE('',#13323);
#9826=PLANE('',#13324);
#9827=PLANE('',#13325);
#9828=PLANE('',#13326);
#9829=PLANE('',#13328);
#9830=PLANE('',#13330);
#9831=PLANE('',#13332);
#9832=PLANE('',#13334);
#9833=PLANE('',#13335);
#9834=PLANE('',#13336);
#9835=PLANE('',#13344);
#9836=PLANE('',#13350);
#9837=PLANE('',#13351);
#9838=PLANE('',#13352);
#9839=PLANE('',#13353);
#9840=PLANE('',#13354);
#9841=PLANE('',#13355);
#9842=PLANE('',#13361);
#9843=PLANE('',#13362);
#9844=PLANE('',#13363);
#9845=PLANE('',#13364);
#9846=PLANE('',#13365);
#9847=PLANE('',#13366);
#9848=PLANE('',#13367);
#9849=PLANE('',#13368);
#9850=PLANE('',#13369);
#9851=PLANE('',#13370);
#9852=PLANE('',#13371);
#9853=PLANE('',#13372);
#9854=PLANE('',#13373);
#9855=PLANE('',#13374);
#9856=PLANE('',#13376);
#9857=PLANE('',#13378);
#9858=PLANE('',#13379);
#9859=PLANE('',#13380);
#9860=PLANE('',#13381);
#9861=PLANE('',#13382);
#9862=PLANE('',#13383);
#9863=PLANE('',#13384);
#9864=PLANE('',#13385);
#9865=PLANE('',#13386);
#9866=PLANE('',#13388);
#9867=PLANE('',#13389);
#9868=PLANE('',#13390);
#9869=PLANE('',#13391);
#9870=PLANE('',#13393);
#9871=PLANE('',#13394);
#9872=PLANE('',#13399);
#9873=PLANE('',#13400);
#9874=PLANE('',#13401);
#9875=PLANE('',#13402);
#9876=PLANE('',#13403);
#9877=PLANE('',#13404);
#9878=PLANE('',#13405);
#9879=PLANE('',#13406);
#9880=PLANE('',#13407);
#9881=PLANE('',#13408);
#9882=PLANE('',#13409);
#9883=PLANE('',#13410);
#9884=PLANE('',#13411);
#9885=PLANE('',#13412);
#9886=PLANE('',#13413);
#9887=PLANE('',#13414);
#9888=PLANE('',#13415);
#9889=PLANE('',#13416);
#9890=PLANE('',#13417);
#9891=PLANE('',#13418);
#9892=PLANE('',#13419);
#9893=PLANE('',#13420);
#9894=PLANE('',#13421);
#9895=PLANE('',#13422);
#9896=PLANE('',#13423);
#9897=PLANE('',#13424);
#9898=PLANE('',#13425);
#9899=PLANE('',#13426);
#9900=PLANE('',#13427);
#9901=PLANE('',#13428);
#9902=PLANE('',#13429);
#9903=PLANE('',#13430);
#9904=PLANE('',#13431);
#9905=PLANE('',#13432);
#9906=PLANE('',#13433);
#9907=PLANE('',#13434);
#9908=PLANE('',#13435);
#9909=PLANE('',#13436);
#9910=PLANE('',#13437);
#9911=PLANE('',#13438);
#9912=PLANE('',#13439);
#9913=PLANE('',#13440);
#9914=PLANE('',#13441);
#9915=PLANE('',#13442);
#9916=PLANE('',#13443);
#9917=PLANE('',#13444);
#9918=PLANE('',#13445);
#9919=PLANE('',#13446);
#9920=PLANE('',#13447);
#9921=PLANE('',#13448);
#9922=PLANE('',#13449);
#9923=PLANE('',#13450);
#9924=PLANE('',#13451);
#9925=PLANE('',#13452);
#9926=PLANE('',#13453);
#9927=PLANE('',#13454);
#9928=PLANE('',#13455);
#9929=PLANE('',#13456);
#9930=PLANE('',#13457);
#9931=PLANE('',#13458);
#9932=PLANE('',#13459);
#9933=PLANE('',#13460);
#9934=PLANE('',#13461);
#9935=PLANE('',#13462);
#9936=PLANE('',#13463);
#9937=PLANE('',#13464);
#9938=PLANE('',#13465);
#9939=PLANE('',#13466);
#9940=PLANE('',#13467);
#9941=PLANE('',#13468);
#9942=PLANE('',#13469);
#9943=PLANE('',#13470);
#9944=PLANE('',#13471);
#9945=PLANE('',#13472);
#9946=PLANE('',#13473);
#9947=PLANE('',#13474);
#9948=PLANE('',#13475);
#9949=PLANE('',#13476);
#9950=PLANE('',#13477);
#9951=PLANE('',#13478);
#9952=PLANE('',#13479);
#9953=PLANE('',#13480);
#9954=PLANE('',#13481);
#9955=PLANE('',#13482);
#9956=PLANE('',#13483);
#9957=PLANE('',#13484);
#9958=PLANE('',#13485);
#9959=PLANE('',#13486);
#9960=PLANE('',#13487);
#9961=PLANE('',#13488);
#9962=PLANE('',#13489);
#9963=PLANE('',#13490);
#9964=PLANE('',#13491);
#9965=PLANE('',#13492);
#9966=PLANE('',#13493);
#9967=PLANE('',#13494);
#9968=PLANE('',#13495);
#9969=PLANE('',#13496);
#9970=PLANE('',#13497);
#9971=PLANE('',#13498);
#9972=PLANE('',#13499);
#9973=PLANE('',#13500);
#9974=PLANE('',#13501);
#9975=PLANE('',#13502);
#9976=PLANE('',#13503);
#9977=PLANE('',#13504);
#9978=PLANE('',#13505);
#9979=PLANE('',#13506);
#9980=PLANE('',#13507);
#9981=PLANE('',#13508);
#9982=PLANE('',#13509);
#9983=PLANE('',#13510);
#9984=PLANE('',#13511);
#9985=PLANE('',#13512);
#9986=PLANE('',#13513);
#9987=PLANE('',#13514);
#9988=PLANE('',#13515);
#9989=PLANE('',#13516);
#9990=PLANE('',#13517);
#9991=PLANE('',#13518);
#9992=PLANE('',#13519);
#9993=PLANE('',#13520);
#9994=PLANE('',#13521);
#9995=PLANE('',#13522);
#9996=PLANE('',#13523);
#9997=PLANE('',#13524);
#9998=PLANE('',#13525);
#9999=PLANE('',#13526);
#10000=PLANE('',#13527);
#10001=PLANE('',#13528);
#10002=PLANE('',#13529);
#10003=PLANE('',#13530);
#10004=PLANE('',#13531);
#10005=PLANE('',#13532);
#10006=PLANE('',#13533);
#10007=PLANE('',#13534);
#10008=PLANE('',#13535);
#10009=PLANE('',#13536);
#10010=PLANE('',#13537);
#10011=PLANE('',#13538);
#10012=PLANE('',#13539);
#10013=PLANE('',#13540);
#10014=PLANE('',#13541);
#10015=PLANE('',#13542);
#10016=PLANE('',#13543);
#10017=PLANE('',#13544);
#10018=PLANE('',#13545);
#10019=PLANE('',#13546);
#10020=PLANE('',#13547);
#10021=PLANE('',#13548);
#10022=PLANE('',#13549);
#10023=PLANE('',#13550);
#10024=PLANE('',#13551);
#10025=PLANE('',#13552);
#10026=PLANE('',#13553);
#10027=PLANE('',#13554);
#10028=PLANE('',#13555);
#10029=PLANE('',#13556);
#10030=PLANE('',#13557);
#10031=PLANE('',#13558);
#10032=PLANE('',#13559);
#10033=PLANE('',#13560);
#10034=PLANE('',#13561);
#10035=PLANE('',#13562);
#10036=PLANE('',#13563);
#10037=PLANE('',#13564);
#10038=PLANE('',#13565);
#10039=PLANE('',#13566);
#10040=PLANE('',#13567);
#10041=PLANE('',#13568);
#10042=PLANE('',#13569);
#10043=PLANE('',#13570);
#10044=PLANE('',#13571);
#10045=PLANE('',#13572);
#10046=PLANE('',#13573);
#10047=PLANE('',#13574);
#10048=PLANE('',#13575);
#10049=PLANE('',#13576);
#10050=PLANE('',#13577);
#10051=PLANE('',#13578);
#10052=PLANE('',#13579);
#10053=PLANE('',#13580);
#10054=PLANE('',#13581);
#10055=PLANE('',#13582);
#10056=PLANE('',#13583);
#10057=PLANE('',#13584);
#10058=PLANE('',#13585);
#10059=PLANE('',#13586);
#10060=PLANE('',#13587);
#10061=PLANE('',#13588);
#10062=PLANE('',#13589);
#10063=PLANE('',#13590);
#10064=PLANE('',#13591);
#10065=PLANE('',#13592);
#10066=PLANE('',#13593);
#10067=PLANE('',#13594);
#10068=PLANE('',#13595);
#10069=PLANE('',#13596);
#10070=PLANE('',#13597);
#10071=PLANE('',#13598);
#10072=PLANE('',#13599);
#10073=PLANE('',#13600);
#10074=PLANE('',#13601);
#10075=PLANE('',#13602);
#10076=PLANE('',#13603);
#10077=PLANE('',#13604);
#10078=PLANE('',#13605);
#10079=PLANE('',#13606);
#10080=PLANE('',#13607);
#10081=PLANE('',#13608);
#10082=PLANE('',#13609);
#10083=PLANE('',#13610);
#10084=PLANE('',#13611);
#10085=PLANE('',#13612);
#10086=PLANE('',#13613);
#10087=PLANE('',#13614);
#10088=PLANE('',#13615);
#10089=PLANE('',#13616);
#10090=PLANE('',#13617);
#10091=PLANE('',#13618);
#10092=PLANE('',#13619);
#10093=PLANE('',#13620);
#10094=PLANE('',#13621);
#10095=PLANE('',#13622);
#10096=PLANE('',#13623);
#10097=PLANE('',#13624);
#10098=PLANE('',#13625);
#10099=PLANE('',#13626);
#10100=PLANE('',#13627);
#10101=PLANE('',#13628);
#10102=PLANE('',#13629);
#10103=PLANE('',#13630);
#10104=PLANE('',#13631);
#10105=PLANE('',#13632);
#10106=PLANE('',#13633);
#10107=PLANE('',#13634);
#10108=PLANE('',#13635);
#10109=PLANE('',#13636);
#10110=PLANE('',#13637);
#10111=PLANE('',#13638);
#10112=PLANE('',#13639);
#10113=PLANE('',#13640);
#10114=PLANE('',#13641);
#10115=PLANE('',#13642);
#10116=PLANE('',#13643);
#10117=PLANE('',#13644);
#10118=PLANE('',#13645);
#10119=PLANE('',#13646);
#10120=PLANE('',#13647);
#10121=PLANE('',#13648);
#10122=PLANE('',#13649);
#10123=PLANE('',#13650);
#10124=PLANE('',#13651);
#10125=PLANE('',#13652);
#10126=PLANE('',#13653);
#10127=PLANE('',#13655);
#10128=PLANE('',#13656);
#10129=PLANE('',#13658);
#10130=PLANE('',#13659);
#10131=PLANE('',#13660);
#10132=PLANE('',#13661);
#10133=PLANE('',#13662);
#10134=PLANE('',#13663);
#10135=PLANE('',#13664);
#10136=PLANE('',#13665);
#10137=PLANE('',#13666);
#10138=PLANE('',#13667);
#10139=PLANE('',#13668);
#10140=PLANE('',#13669);
#10141=PLANE('',#13670);
#10142=PLANE('',#13671);
#10143=PLANE('',#13672);
#10144=PLANE('',#13673);
#10145=PLANE('',#13674);
#10146=PLANE('',#13675);
#10147=PLANE('',#13676);
#10148=PLANE('',#13677);
#10149=PLANE('',#13678);
#10150=PLANE('',#13679);
#10151=PLANE('',#13680);
#10152=PLANE('',#13681);
#10153=PLANE('',#13682);
#10154=PLANE('',#13683);
#10155=PLANE('',#13684);
#10156=PLANE('',#13688);
#10157=PLANE('',#13690);
#10158=PLANE('',#13692);
#10159=PLANE('',#13693);
#10160=PLANE('',#13694);
#10161=PLANE('',#13695);
#10162=PLANE('',#13696);
#10163=PLANE('',#13697);
#10164=PLANE('',#13698);
#10165=PLANE('',#13699);
#10166=PLANE('',#13700);
#10167=PLANE('',#13701);
#10168=PLANE('',#13702);
#10169=PLANE('',#13703);
#10170=PLANE('',#13704);
#10171=PLANE('',#13705);
#10172=PLANE('',#13706);
#10173=PLANE('',#13707);
#10174=PLANE('',#13708);
#10175=PLANE('',#13709);
#10176=PLANE('',#13710);
#10177=PLANE('',#13711);
#10178=PLANE('',#13712);
#10179=PLANE('',#13713);
#10180=PLANE('',#13714);
#10181=PLANE('',#13715);
#10182=PLANE('',#13716);
#10183=PLANE('',#13717);
#10184=PLANE('',#13718);
#10185=PLANE('',#13719);
#10186=PLANE('',#13720);
#10187=PLANE('',#13721);
#10188=PLANE('',#13722);
#10189=PLANE('',#13723);
#10190=PLANE('',#13724);
#10191=PLANE('',#13725);
#10192=PLANE('',#13726);
#10193=PLANE('',#13727);
#10194=PLANE('',#13728);
#10195=PLANE('',#13729);
#10196=PLANE('',#13730);
#10197=PLANE('',#13731);
#10198=PLANE('',#13732);
#10199=PLANE('',#13733);
#10200=PLANE('',#13734);
#10201=PLANE('',#13735);
#10202=PLANE('',#13736);
#10203=PLANE('',#13737);
#10204=PLANE('',#13738);
#10205=PLANE('',#13739);
#10206=PLANE('',#13740);
#10207=PLANE('',#13741);
#10208=PLANE('',#13742);
#10209=PLANE('',#13743);
#10210=PLANE('',#13744);
#10211=PLANE('',#13745);
#10212=PLANE('',#13746);
#10213=PLANE('',#13747);
#10214=PLANE('',#13748);
#10215=PLANE('',#13749);
#10216=PLANE('',#13750);
#10217=PLANE('',#13751);
#10218=PLANE('',#13752);
#10219=PLANE('',#13764);
#10220=PLANE('',#13765);
#10221=PLANE('',#13766);
#10222=PLANE('',#13769);
#10223=PLANE('',#13770);
#10224=PLANE('',#13771);
#10225=PLANE('',#13774);
#10226=PLANE('',#13775);
#10227=PLANE('',#13786);
#10228=PLANE('',#13789);
#10229=PLANE('',#13792);
#10230=PLANE('',#13795);
#10231=PLANE('',#13798);
#10232=PLANE('',#13801);
#10233=PLANE('',#13804);
#10234=PLANE('',#13805);
#10235=PLANE('',#13806);
#10236=PLANE('',#13807);
#10237=PLANE('',#13808);
#10238=PLANE('',#13809);
#10239=PLANE('',#13810);
#10240=PLANE('',#13811);
#10241=PLANE('',#13812);
#10242=PLANE('',#13813);
#10243=PLANE('',#13814);
#10244=PLANE('',#13815);
#10245=PLANE('',#13816);
#10246=PLANE('',#13817);
#10247=PLANE('',#13818);
#10248=PLANE('',#13819);
#10249=PLANE('',#13820);
#10250=PLANE('',#13821);
#10251=PLANE('',#13822);
#10252=PLANE('',#13823);
#10253=PLANE('',#13824);
#10254=PLANE('',#13825);
#10255=PLANE('',#13826);
#10256=PLANE('',#13827);
#10257=PLANE('',#13828);
#10258=PLANE('',#13829);
#10259=PLANE('',#13830);
#10260=PLANE('',#13831);
#10261=PLANE('',#13832);
#10262=PLANE('',#13833);
#10263=PLANE('',#13834);
#10264=PLANE('',#13835);
#10265=PLANE('',#13836);
#10266=PLANE('',#13837);
#10267=PLANE('',#13838);
#10268=PLANE('',#13839);
#10269=PLANE('',#13840);
#10270=PLANE('',#13841);
#10271=PLANE('',#13842);
#10272=PLANE('',#13843);
#10273=PLANE('',#13844);
#10274=PLANE('',#13845);
#10275=PLANE('',#13846);
#10276=PLANE('',#13847);
#10277=PLANE('',#13848);
#10278=PLANE('',#13849);
#10279=PLANE('',#13850);
#10280=PLANE('',#13851);
#10281=PLANE('',#13852);
#10282=PLANE('',#13853);
#10283=PLANE('',#13854);
#10284=PLANE('',#13855);
#10285=PLANE('',#13856);
#10286=PLANE('',#13857);
#10287=PLANE('',#13858);
#10288=PLANE('',#13859);
#10289=PLANE('',#13860);
#10290=PLANE('',#13861);
#10291=PLANE('',#13862);
#10292=PLANE('',#13863);
#10293=PLANE('',#13864);
#10294=PLANE('',#13865);
#10295=PLANE('',#13866);
#10296=PLANE('',#13867);
#10297=PLANE('',#13868);
#10298=PLANE('',#13869);
#10299=PLANE('',#13870);
#10300=PLANE('',#13871);
#10301=PLANE('',#13872);
#10302=PLANE('',#13873);
#10303=PLANE('',#13874);
#10304=PLANE('',#13875);
#10305=PLANE('',#13876);
#10306=PLANE('',#13877);
#10307=PLANE('',#13878);
#10308=PLANE('',#13879);
#10309=PLANE('',#13880);
#10310=PLANE('',#13881);
#10311=PLANE('',#13882);
#10312=PLANE('',#13883);
#10313=PLANE('',#13884);
#10314=PLANE('',#13885);
#10315=PLANE('',#13886);
#10316=PLANE('',#13887);
#10317=PLANE('',#13888);
#10318=ADVANCED_FACE('',(#9111),#9776,.T.);
#10319=ADVANCED_FACE('',(#9112),#9777,.T.);
#10320=ADVANCED_FACE('',(#9113),#9778,.T.);
#10321=ADVANCED_FACE('',(#9114),#9779,.F.);
#10322=ADVANCED_FACE('',(#9115),#9780,.F.);
#10323=ADVANCED_FACE('',(#9116),#9781,.T.);
#10324=ADVANCED_FACE('',(#9117),#9782,.F.);
#10325=ADVANCED_FACE('',(#9118),#9783,.F.);
#10326=ADVANCED_FACE('',(#9119),#9784,.T.);
#10327=ADVANCED_FACE('',(#9120),#9785,.T.);
#10328=ADVANCED_FACE('',(#9121,#9122),#9786,.T.);
#10329=ADVANCED_FACE('',(#9123),#9787,.F.);
#10330=ADVANCED_FACE('',(#9124),#9788,.T.);
#10331=ADVANCED_FACE('',(#9125),#59,.T.);
#10332=ADVANCED_FACE('',(#9126),#9789,.F.);
#10333=ADVANCED_FACE('',(#9127),#9790,.F.);
#10334=ADVANCED_FACE('',(#9128),#9791,.T.);
#10335=ADVANCED_FACE('',(#9129),#60,.T.);
#10336=ADVANCED_FACE('',(#9130),#9792,.T.);
#10337=ADVANCED_FACE('',(#9131),#9793,.F.);
#10338=ADVANCED_FACE('',(#9132),#9794,.T.);
#10339=ADVANCED_FACE('',(#9133),#61,.F.);
#10340=ADVANCED_FACE('',(#9134),#9795,.T.);
#10341=ADVANCED_FACE('',(#9135),#9796,.T.);
#10342=ADVANCED_FACE('',(#9136,#9137),#62,.T.);
#10343=ADVANCED_FACE('',(#9138,#9139),#29,.T.);
#10344=ADVANCED_FACE('',(#9140,#9141),#63,.T.);
#10345=ADVANCED_FACE('',(#9142,#9143),#30,.T.);
#10346=ADVANCED_FACE('',(#9144,#9145),#64,.T.);
#10347=ADVANCED_FACE('',(#9146,#9147),#31,.T.);
#10348=ADVANCED_FACE('',(#9148,#9149),#65,.T.);
#10349=ADVANCED_FACE('',(#9150,#9151),#32,.T.);
#10350=ADVANCED_FACE('',(#9152),#9797,.T.);
#10351=ADVANCED_FACE('',(#9153),#9798,.F.);
#10352=ADVANCED_FACE('',(#9154,#9155),#26,.T.);
#10353=ADVANCED_FACE('',(#9156,#9157),#66,.T.);
#10354=ADVANCED_FACE('',(#9158,#9159),#27,.T.);
#10355=ADVANCED_FACE('',(#9160,#9161),#67,.F.);
#10356=ADVANCED_FACE('',(#9162,#9163),#68,.F.);
#10357=ADVANCED_FACE('',(#9164),#9799,.F.);
#10358=ADVANCED_FACE('',(#9165),#9800,.T.);
#10359=ADVANCED_FACE('',(#9166),#9801,.F.);
#10360=ADVANCED_FACE('',(#9167),#9802,.T.);
#10361=ADVANCED_FACE('',(#9168),#9803,.F.);
#10362=ADVANCED_FACE('',(#9169),#9804,.T.);
#10363=ADVANCED_FACE('',(#9170),#9805,.F.);
#10364=ADVANCED_FACE('',(#9171),#9806,.T.);
#10365=ADVANCED_FACE('',(#9172),#9807,.F.);
#10366=ADVANCED_FACE('',(#9173),#9808,.T.);
#10367=ADVANCED_FACE('',(#9174),#9809,.F.);
#10368=ADVANCED_FACE('',(#9175),#9810,.T.);
#10369=ADVANCED_FACE('',(#9176),#9811,.F.);
#10370=ADVANCED_FACE('',(#9177),#9812,.T.);
#10371=ADVANCED_FACE('',(#9178),#9813,.F.);
#10372=ADVANCED_FACE('',(#9179),#9814,.T.);
#10373=ADVANCED_FACE('',(#9180),#9815,.F.);
#10374=ADVANCED_FACE('',(#9181),#9816,.T.);
#10375=ADVANCED_FACE('',(#9182),#9817,.F.);
#10376=ADVANCED_FACE('',(#9183),#9818,.T.);
#10377=ADVANCED_FACE('',(#9184),#9819,.F.);
#10378=ADVANCED_FACE('',(#9185),#9820,.T.);
#10379=ADVANCED_FACE('',(#9186),#9821,.F.);
#10380=ADVANCED_FACE('',(#9187),#9822,.T.);
#10381=ADVANCED_FACE('',(#9188),#9823,.F.);
#10382=ADVANCED_FACE('',(#9189),#9824,.T.);
#10383=ADVANCED_FACE('',(#9190),#9825,.F.);
#10384=ADVANCED_FACE('',(#9191),#9826,.T.);
#10385=ADVANCED_FACE('',(#9192),#9827,.F.);
#10386=ADVANCED_FACE('',(#9193),#9828,.F.);
#10387=ADVANCED_FACE('',(#9194),#9829,.F.);
#10388=ADVANCED_FACE('',(#9195),#9830,.F.);
#10389=ADVANCED_FACE('',(#9196),#9831,.F.);
#10390=ADVANCED_FACE('',(#9197),#9832,.F.);
#10391=ADVANCED_FACE('',(#9198),#9833,.F.);
#10392=ADVANCED_FACE('',(#9199,#9200,#9201,#9202,#9203,#9204,#9205),#9834,
 .T.);
#10393=ADVANCED_FACE('',(#9206,#9207,#9208,#9209,#9210,#9211,#9212,#9213,
#9214,#9215,#9216,#9217,#9218,#9219,#9220,#9221,#9222,#9223),#9835,.F.);
#10394=ADVANCED_FACE('',(#9224),#9836,.T.);
#10395=ADVANCED_FACE('',(#9225),#9837,.F.);
#10396=ADVANCED_FACE('',(#9226),#9838,.F.);
#10397=ADVANCED_FACE('',(#9227),#9839,.T.);
#10398=ADVANCED_FACE('',(#9228),#9840,.F.);
#10399=ADVANCED_FACE('',(#9229),#9841,.F.);
#10400=ADVANCED_FACE('',(#9230),#69,.T.);
#10401=ADVANCED_FACE('',(#9231),#70,.T.);
#10402=ADVANCED_FACE('',(#9232),#71,.T.);
#10403=ADVANCED_FACE('',(#9233),#72,.T.);
#10404=ADVANCED_FACE('',(#9234),#73,.T.);
#10405=ADVANCED_FACE('',(#9235),#9842,.F.);
#10406=ADVANCED_FACE('',(#9236),#9843,.T.);
#10407=ADVANCED_FACE('',(#9237),#9844,.T.);
#10408=ADVANCED_FACE('',(#9238),#9845,.F.);
#10409=ADVANCED_FACE('',(#9239),#9846,.T.);
#10410=ADVANCED_FACE('',(#9240),#9847,.T.);
#10411=ADVANCED_FACE('',(#9241),#9848,.T.);
#10412=ADVANCED_FACE('',(#9242),#9849,.T.);
#10413=ADVANCED_FACE('',(#9243),#9850,.T.);
#10414=ADVANCED_FACE('',(#9244),#9851,.T.);
#10415=ADVANCED_FACE('',(#9245),#9852,.T.);
#10416=ADVANCED_FACE('',(#9246),#9853,.F.);
#10417=ADVANCED_FACE('',(#9247),#9854,.T.);
#10418=ADVANCED_FACE('',(#9248),#9855,.F.);
#10419=ADVANCED_FACE('',(#9249),#9856,.F.);
#10420=ADVANCED_FACE('',(#9250),#9857,.F.);
#10421=ADVANCED_FACE('',(#9251),#9858,.T.);
#10422=ADVANCED_FACE('',(#9252),#9859,.T.);
#10423=ADVANCED_FACE('',(#9253),#9860,.T.);
#10424=ADVANCED_FACE('',(#9254),#9861,.T.);
#10425=ADVANCED_FACE('',(#9255),#9862,.T.);
#10426=ADVANCED_FACE('',(#9256),#9863,.T.);
#10427=ADVANCED_FACE('',(#9257),#9864,.T.);
#10428=ADVANCED_FACE('',(#9258),#9865,.F.);
#10429=ADVANCED_FACE('',(#9259),#9866,.T.);
#10430=ADVANCED_FACE('',(#9260),#9867,.F.);
#10431=ADVANCED_FACE('',(#9261),#9868,.F.);
#10432=ADVANCED_FACE('',(#9262),#9869,.F.);
#10433=ADVANCED_FACE('',(#9263),#9870,.F.);
#10434=ADVANCED_FACE('',(#9264),#9871,.F.);
#10435=ADVANCED_FACE('',(#9265),#74,.T.);
#10436=ADVANCED_FACE('',(#9266),#75,.T.);
#10437=ADVANCED_FACE('',(#9267),#76,.T.);
#10438=ADVANCED_FACE('',(#9268),#77,.T.);
#10439=ADVANCED_FACE('',(#9269),#9872,.F.);
#10440=ADVANCED_FACE('',(#9270),#9873,.T.);
#10441=ADVANCED_FACE('',(#9271),#9874,.T.);
#10442=ADVANCED_FACE('',(#9272),#9875,.F.);
#10443=ADVANCED_FACE('',(#9273),#9876,.F.);
#10444=ADVANCED_FACE('',(#9274),#9877,.T.);
#10445=ADVANCED_FACE('',(#9275),#9878,.T.);
#10446=ADVANCED_FACE('',(#9276),#9879,.F.);
#10447=ADVANCED_FACE('',(#9277),#9880,.F.);
#10448=ADVANCED_FACE('',(#9278),#9881,.F.);
#10449=ADVANCED_FACE('',(#9279),#9882,.T.);
#10450=ADVANCED_FACE('',(#9280),#9883,.F.);
#10451=ADVANCED_FACE('',(#9281),#9884,.T.);
#10452=ADVANCED_FACE('',(#9282),#9885,.F.);
#10453=ADVANCED_FACE('',(#9283),#9886,.T.);
#10454=ADVANCED_FACE('',(#9284),#9887,.T.);
#10455=ADVANCED_FACE('',(#9285),#9888,.F.);
#10456=ADVANCED_FACE('',(#9286),#9889,.T.);
#10457=ADVANCED_FACE('',(#9287),#9890,.T.);
#10458=ADVANCED_FACE('',(#9288),#9891,.F.);
#10459=ADVANCED_FACE('',(#9289),#9892,.F.);
#10460=ADVANCED_FACE('',(#9290),#9893,.T.);
#10461=ADVANCED_FACE('',(#9291),#9894,.F.);
#10462=ADVANCED_FACE('',(#9292),#9895,.T.);
#10463=ADVANCED_FACE('',(#9293),#9896,.T.);
#10464=ADVANCED_FACE('',(#9294),#9897,.F.);
#10465=ADVANCED_FACE('',(#9295),#9898,.F.);
#10466=ADVANCED_FACE('',(#9296),#9899,.F.);
#10467=ADVANCED_FACE('',(#9297),#9900,.T.);
#10468=ADVANCED_FACE('',(#9298),#9901,.F.);
#10469=ADVANCED_FACE('',(#9299),#9902,.T.);
#10470=ADVANCED_FACE('',(#9300),#9903,.T.);
#10471=ADVANCED_FACE('',(#9301),#9904,.T.);
#10472=ADVANCED_FACE('',(#9302),#9905,.F.);
#10473=ADVANCED_FACE('',(#9303),#9906,.T.);
#10474=ADVANCED_FACE('',(#9304),#9907,.T.);
#10475=ADVANCED_FACE('',(#9305),#9908,.F.);
#10476=ADVANCED_FACE('',(#9306),#9909,.F.);
#10477=ADVANCED_FACE('',(#9307),#9910,.F.);
#10478=ADVANCED_FACE('',(#9308),#9911,.T.);
#10479=ADVANCED_FACE('',(#9309),#9912,.F.);
#10480=ADVANCED_FACE('',(#9310),#9913,.T.);
#10481=ADVANCED_FACE('',(#9311),#9914,.T.);
#10482=ADVANCED_FACE('',(#9312),#9915,.F.);
#10483=ADVANCED_FACE('',(#9313),#9916,.F.);
#10484=ADVANCED_FACE('',(#9314),#9917,.F.);
#10485=ADVANCED_FACE('',(#9315),#9918,.T.);
#10486=ADVANCED_FACE('',(#9316),#9919,.F.);
#10487=ADVANCED_FACE('',(#9317),#9920,.T.);
#10488=ADVANCED_FACE('',(#9318),#9921,.T.);
#10489=ADVANCED_FACE('',(#9319),#9922,.T.);
#10490=ADVANCED_FACE('',(#9320),#9923,.F.);
#10491=ADVANCED_FACE('',(#9321),#9924,.T.);
#10492=ADVANCED_FACE('',(#9322),#9925,.T.);
#10493=ADVANCED_FACE('',(#9323),#9926,.F.);
#10494=ADVANCED_FACE('',(#9324),#9927,.F.);
#10495=ADVANCED_FACE('',(#9325),#9928,.F.);
#10496=ADVANCED_FACE('',(#9326),#9929,.T.);
#10497=ADVANCED_FACE('',(#9327),#9930,.F.);
#10498=ADVANCED_FACE('',(#9328),#9931,.T.);
#10499=ADVANCED_FACE('',(#9329),#9932,.T.);
#10500=ADVANCED_FACE('',(#9330),#9933,.F.);
#10501=ADVANCED_FACE('',(#9331),#9934,.F.);
#10502=ADVANCED_FACE('',(#9332),#9935,.T.);
#10503=ADVANCED_FACE('',(#9333),#9936,.F.);
#10504=ADVANCED_FACE('',(#9334),#9937,.T.);
#10505=ADVANCED_FACE('',(#9335),#9938,.T.);
#10506=ADVANCED_FACE('',(#9336),#9939,.T.);
#10507=ADVANCED_FACE('',(#9337),#9940,.F.);
#10508=ADVANCED_FACE('',(#9338),#9941,.T.);
#10509=ADVANCED_FACE('',(#9339),#9942,.T.);
#10510=ADVANCED_FACE('',(#9340),#9943,.F.);
#10511=ADVANCED_FACE('',(#9341),#9944,.F.);
#10512=ADVANCED_FACE('',(#9342),#9945,.F.);
#10513=ADVANCED_FACE('',(#9343),#9946,.T.);
#10514=ADVANCED_FACE('',(#9344),#9947,.F.);
#10515=ADVANCED_FACE('',(#9345),#9948,.T.);
#10516=ADVANCED_FACE('',(#9346),#9949,.T.);
#10517=ADVANCED_FACE('',(#9347),#9950,.F.);
#10518=ADVANCED_FACE('',(#9348),#9951,.F.);
#10519=ADVANCED_FACE('',(#9349),#9952,.F.);
#10520=ADVANCED_FACE('',(#9350),#9953,.T.);
#10521=ADVANCED_FACE('',(#9351),#9954,.F.);
#10522=ADVANCED_FACE('',(#9352),#9955,.T.);
#10523=ADVANCED_FACE('',(#9353),#9956,.T.);
#10524=ADVANCED_FACE('',(#9354),#9957,.T.);
#10525=ADVANCED_FACE('',(#9355),#9958,.F.);
#10526=ADVANCED_FACE('',(#9356),#9959,.T.);
#10527=ADVANCED_FACE('',(#9357),#9960,.T.);
#10528=ADVANCED_FACE('',(#9358),#9961,.F.);
#10529=ADVANCED_FACE('',(#9359),#9962,.F.);
#10530=ADVANCED_FACE('',(#9360),#9963,.F.);
#10531=ADVANCED_FACE('',(#9361),#9964,.T.);
#10532=ADVANCED_FACE('',(#9362),#9965,.F.);
#10533=ADVANCED_FACE('',(#9363),#9966,.T.);
#10534=ADVANCED_FACE('',(#9364),#9967,.T.);
#10535=ADVANCED_FACE('',(#9365),#9968,.F.);
#10536=ADVANCED_FACE('',(#9366),#9969,.F.);
#10537=ADVANCED_FACE('',(#9367),#9970,.F.);
#10538=ADVANCED_FACE('',(#9368),#9971,.T.);
#10539=ADVANCED_FACE('',(#9369),#9972,.F.);
#10540=ADVANCED_FACE('',(#9370),#9973,.T.);
#10541=ADVANCED_FACE('',(#9371),#9974,.T.);
#10542=ADVANCED_FACE('',(#9372),#9975,.T.);
#10543=ADVANCED_FACE('',(#9373),#9976,.F.);
#10544=ADVANCED_FACE('',(#9374),#9977,.T.);
#10545=ADVANCED_FACE('',(#9375),#9978,.T.);
#10546=ADVANCED_FACE('',(#9376),#9979,.F.);
#10547=ADVANCED_FACE('',(#9377),#9980,.F.);
#10548=ADVANCED_FACE('',(#9378),#9981,.F.);
#10549=ADVANCED_FACE('',(#9379),#9982,.T.);
#10550=ADVANCED_FACE('',(#9380),#9983,.F.);
#10551=ADVANCED_FACE('',(#9381),#9984,.T.);
#10552=ADVANCED_FACE('',(#9382),#9985,.T.);
#10553=ADVANCED_FACE('',(#9383),#9986,.F.);
#10554=ADVANCED_FACE('',(#9384),#9987,.F.);
#10555=ADVANCED_FACE('',(#9385),#9988,.F.);
#10556=ADVANCED_FACE('',(#9386),#9989,.T.);
#10557=ADVANCED_FACE('',(#9387),#9990,.F.);
#10558=ADVANCED_FACE('',(#9388),#9991,.T.);
#10559=ADVANCED_FACE('',(#9389),#9992,.T.);
#10560=ADVANCED_FACE('',(#9390),#9993,.T.);
#10561=ADVANCED_FACE('',(#9391),#9994,.F.);
#10562=ADVANCED_FACE('',(#9392),#9995,.T.);
#10563=ADVANCED_FACE('',(#9393),#9996,.T.);
#10564=ADVANCED_FACE('',(#9394),#9997,.F.);
#10565=ADVANCED_FACE('',(#9395),#9998,.F.);
#10566=ADVANCED_FACE('',(#9396),#9999,.F.);
#10567=ADVANCED_FACE('',(#9397),#10000,.T.);
#10568=ADVANCED_FACE('',(#9398),#10001,.F.);
#10569=ADVANCED_FACE('',(#9399),#10002,.T.);
#10570=ADVANCED_FACE('',(#9400),#10003,.T.);
#10571=ADVANCED_FACE('',(#9401),#10004,.F.);
#10572=ADVANCED_FACE('',(#9402),#10005,.F.);
#10573=ADVANCED_FACE('',(#9403),#10006,.F.);
#10574=ADVANCED_FACE('',(#9404),#10007,.T.);
#10575=ADVANCED_FACE('',(#9405),#10008,.F.);
#10576=ADVANCED_FACE('',(#9406),#10009,.T.);
#10577=ADVANCED_FACE('',(#9407),#10010,.T.);
#10578=ADVANCED_FACE('',(#9408),#10011,.T.);
#10579=ADVANCED_FACE('',(#9409),#10012,.F.);
#10580=ADVANCED_FACE('',(#9410),#10013,.T.);
#10581=ADVANCED_FACE('',(#9411),#10014,.T.);
#10582=ADVANCED_FACE('',(#9412),#10015,.F.);
#10583=ADVANCED_FACE('',(#9413),#10016,.F.);
#10584=ADVANCED_FACE('',(#9414),#10017,.F.);
#10585=ADVANCED_FACE('',(#9415),#10018,.T.);
#10586=ADVANCED_FACE('',(#9416),#10019,.F.);
#10587=ADVANCED_FACE('',(#9417),#10020,.T.);
#10588=ADVANCED_FACE('',(#9418),#10021,.T.);
#10589=ADVANCED_FACE('',(#9419),#10022,.F.);
#10590=ADVANCED_FACE('',(#9420),#10023,.F.);
#10591=ADVANCED_FACE('',(#9421),#10024,.F.);
#10592=ADVANCED_FACE('',(#9422),#10025,.T.);
#10593=ADVANCED_FACE('',(#9423),#10026,.F.);
#10594=ADVANCED_FACE('',(#9424),#10027,.T.);
#10595=ADVANCED_FACE('',(#9425),#10028,.T.);
#10596=ADVANCED_FACE('',(#9426),#10029,.T.);
#10597=ADVANCED_FACE('',(#9427),#10030,.F.);
#10598=ADVANCED_FACE('',(#9428),#10031,.T.);
#10599=ADVANCED_FACE('',(#9429),#10032,.T.);
#10600=ADVANCED_FACE('',(#9430),#10033,.F.);
#10601=ADVANCED_FACE('',(#9431),#10034,.F.);
#10602=ADVANCED_FACE('',(#9432),#10035,.F.);
#10603=ADVANCED_FACE('',(#9433),#10036,.T.);
#10604=ADVANCED_FACE('',(#9434),#10037,.F.);
#10605=ADVANCED_FACE('',(#9435),#10038,.T.);
#10606=ADVANCED_FACE('',(#9436),#10039,.T.);
#10607=ADVANCED_FACE('',(#9437),#10040,.F.);
#10608=ADVANCED_FACE('',(#9438),#10041,.F.);
#10609=ADVANCED_FACE('',(#9439),#10042,.F.);
#10610=ADVANCED_FACE('',(#9440),#10043,.T.);
#10611=ADVANCED_FACE('',(#9441),#10044,.F.);
#10612=ADVANCED_FACE('',(#9442),#10045,.T.);
#10613=ADVANCED_FACE('',(#9443),#10046,.T.);
#10614=ADVANCED_FACE('',(#9444),#10047,.T.);
#10615=ADVANCED_FACE('',(#9445),#10048,.F.);
#10616=ADVANCED_FACE('',(#9446),#10049,.T.);
#10617=ADVANCED_FACE('',(#9447),#10050,.T.);
#10618=ADVANCED_FACE('',(#9448),#10051,.F.);
#10619=ADVANCED_FACE('',(#9449),#10052,.F.);
#10620=ADVANCED_FACE('',(#9450),#10053,.F.);
#10621=ADVANCED_FACE('',(#9451),#10054,.T.);
#10622=ADVANCED_FACE('',(#9452),#10055,.F.);
#10623=ADVANCED_FACE('',(#9453),#10056,.T.);
#10624=ADVANCED_FACE('',(#9454),#10057,.T.);
#10625=ADVANCED_FACE('',(#9455),#10058,.F.);
#10626=ADVANCED_FACE('',(#9456),#10059,.F.);
#10627=ADVANCED_FACE('',(#9457),#10060,.T.);
#10628=ADVANCED_FACE('',(#9458),#10061,.F.);
#10629=ADVANCED_FACE('',(#9459),#10062,.T.);
#10630=ADVANCED_FACE('',(#9460),#10063,.T.);
#10631=ADVANCED_FACE('',(#9461),#10064,.T.);
#10632=ADVANCED_FACE('',(#9462),#10065,.F.);
#10633=ADVANCED_FACE('',(#9463),#10066,.T.);
#10634=ADVANCED_FACE('',(#9464),#10067,.T.);
#10635=ADVANCED_FACE('',(#9465),#10068,.F.);
#10636=ADVANCED_FACE('',(#9466),#10069,.F.);
#10637=ADVANCED_FACE('',(#9467),#10070,.F.);
#10638=ADVANCED_FACE('',(#9468),#10071,.T.);
#10639=ADVANCED_FACE('',(#9469),#10072,.F.);
#10640=ADVANCED_FACE('',(#9470),#10073,.T.);
#10641=ADVANCED_FACE('',(#9471),#10074,.T.);
#10642=ADVANCED_FACE('',(#9472),#10075,.F.);
#10643=ADVANCED_FACE('',(#9473),#10076,.F.);
#10644=ADVANCED_FACE('',(#9474),#10077,.F.);
#10645=ADVANCED_FACE('',(#9475),#10078,.T.);
#10646=ADVANCED_FACE('',(#9476),#10079,.F.);
#10647=ADVANCED_FACE('',(#9477),#10080,.T.);
#10648=ADVANCED_FACE('',(#9478),#10081,.T.);
#10649=ADVANCED_FACE('',(#9479),#10082,.T.);
#10650=ADVANCED_FACE('',(#9480),#10083,.F.);
#10651=ADVANCED_FACE('',(#9481),#10084,.T.);
#10652=ADVANCED_FACE('',(#9482),#10085,.T.);
#10653=ADVANCED_FACE('',(#9483),#10086,.F.);
#10654=ADVANCED_FACE('',(#9484),#10087,.F.);
#10655=ADVANCED_FACE('',(#9485),#10088,.F.);
#10656=ADVANCED_FACE('',(#9486),#10089,.T.);
#10657=ADVANCED_FACE('',(#9487),#10090,.F.);
#10658=ADVANCED_FACE('',(#9488),#10091,.T.);
#10659=ADVANCED_FACE('',(#9489),#10092,.T.);
#10660=ADVANCED_FACE('',(#9490),#10093,.F.);
#10661=ADVANCED_FACE('',(#9491),#10094,.F.);
#10662=ADVANCED_FACE('',(#9492),#10095,.F.);
#10663=ADVANCED_FACE('',(#9493),#10096,.T.);
#10664=ADVANCED_FACE('',(#9494),#10097,.F.);
#10665=ADVANCED_FACE('',(#9495),#10098,.T.);
#10666=ADVANCED_FACE('',(#9496),#10099,.T.);
#10667=ADVANCED_FACE('',(#9497),#10100,.T.);
#10668=ADVANCED_FACE('',(#9498),#10101,.F.);
#10669=ADVANCED_FACE('',(#9499),#10102,.T.);
#10670=ADVANCED_FACE('',(#9500),#10103,.T.);
#10671=ADVANCED_FACE('',(#9501),#10104,.F.);
#10672=ADVANCED_FACE('',(#9502),#10105,.F.);
#10673=ADVANCED_FACE('',(#9503),#10106,.F.);
#10674=ADVANCED_FACE('',(#9504),#10107,.T.);
#10675=ADVANCED_FACE('',(#9505),#10108,.F.);
#10676=ADVANCED_FACE('',(#9506),#10109,.T.);
#10677=ADVANCED_FACE('',(#9507),#10110,.T.);
#10678=ADVANCED_FACE('',(#9508),#10111,.F.);
#10679=ADVANCED_FACE('',(#9509),#10112,.F.);
#10680=ADVANCED_FACE('',(#9510),#10113,.F.);
#10681=ADVANCED_FACE('',(#9511),#10114,.T.);
#10682=ADVANCED_FACE('',(#9512),#10115,.F.);
#10683=ADVANCED_FACE('',(#9513),#10116,.T.);
#10684=ADVANCED_FACE('',(#9514),#10117,.T.);
#10685=ADVANCED_FACE('',(#9515),#10118,.T.);
#10686=ADVANCED_FACE('',(#9516),#10119,.F.);
#10687=ADVANCED_FACE('',(#9517),#10120,.T.);
#10688=ADVANCED_FACE('',(#9518),#10121,.T.);
#10689=ADVANCED_FACE('',(#9519),#10122,.F.);
#10690=ADVANCED_FACE('',(#9520),#10123,.F.);
#10691=ADVANCED_FACE('',(#9521),#10124,.F.);
#10692=ADVANCED_FACE('',(#9522),#10125,.T.);
#10693=ADVANCED_FACE('',(#9523,#9524),#10126,.T.);
#10694=ADVANCED_FACE('',(#9525),#10127,.F.);
#10695=ADVANCED_FACE('',(#9526,#9527),#10128,.T.);
#10696=ADVANCED_FACE('',(#9528),#10129,.F.);
#10697=ADVANCED_FACE('',(#9529),#10130,.F.);
#10698=ADVANCED_FACE('',(#9530),#10131,.F.);
#10699=ADVANCED_FACE('',(#9531),#10132,.T.);
#10700=ADVANCED_FACE('',(#9532),#10133,.T.);
#10701=ADVANCED_FACE('',(#9533),#10134,.T.);
#10702=ADVANCED_FACE('',(#9534),#10135,.F.);
#10703=ADVANCED_FACE('',(#9535),#10136,.T.);
#10704=ADVANCED_FACE('',(#9536),#10137,.T.);
#10705=ADVANCED_FACE('',(#9537),#10138,.F.);
#10706=ADVANCED_FACE('',(#9538),#10139,.F.);
#10707=ADVANCED_FACE('',(#9539),#10140,.F.);
#10708=ADVANCED_FACE('',(#9540),#10141,.T.);
#10709=ADVANCED_FACE('',(#9541),#10142,.T.);
#10710=ADVANCED_FACE('',(#9542),#10143,.F.);
#10711=ADVANCED_FACE('',(#9543),#10144,.F.);
#10712=ADVANCED_FACE('',(#9544),#10145,.T.);
#10713=ADVANCED_FACE('',(#9545),#10146,.T.);
#10714=ADVANCED_FACE('',(#9546),#10147,.T.);
#10715=ADVANCED_FACE('',(#9547),#10148,.F.);
#10716=ADVANCED_FACE('',(#9548),#10149,.T.);
#10717=ADVANCED_FACE('',(#9549),#10150,.T.);
#10718=ADVANCED_FACE('',(#9550),#10151,.F.);
#10719=ADVANCED_FACE('',(#9551),#10152,.F.);
#10720=ADVANCED_FACE('',(#9552),#10153,.F.);
#10721=ADVANCED_FACE('',(#9553),#10154,.T.);
#10722=ADVANCED_FACE('',(#9554),#10155,.T.);
#10723=ADVANCED_FACE('',(#9555,#9556),#33,.T.);
#10724=ADVANCED_FACE('',(#9557,#9558),#34,.T.);
#10725=ADVANCED_FACE('',(#9559),#10156,.T.);
#10726=ADVANCED_FACE('',(#9560),#10157,.F.);
#10727=ADVANCED_FACE('',(#9561),#10158,.F.);
#10728=ADVANCED_FACE('',(#9562),#10159,.T.);
#10729=ADVANCED_FACE('',(#9563),#10160,.F.);
#10730=ADVANCED_FACE('',(#9564),#10161,.F.);
#10731=ADVANCED_FACE('',(#9565),#10162,.F.);
#10732=ADVANCED_FACE('',(#9566),#10163,.F.);
#10733=ADVANCED_FACE('',(#9567),#10164,.T.);
#10734=ADVANCED_FACE('',(#9568),#10165,.F.);
#10735=ADVANCED_FACE('',(#9569),#10166,.F.);
#10736=ADVANCED_FACE('',(#9570),#10167,.T.);
#10737=ADVANCED_FACE('',(#9571),#10168,.F.);
#10738=ADVANCED_FACE('',(#9572),#10169,.F.);
#10739=ADVANCED_FACE('',(#9573),#10170,.T.);
#10740=ADVANCED_FACE('',(#9574),#10171,.F.);
#10741=ADVANCED_FACE('',(#9575),#10172,.F.);
#10742=ADVANCED_FACE('',(#9576),#10173,.T.);
#10743=ADVANCED_FACE('',(#9577),#10174,.F.);
#10744=ADVANCED_FACE('',(#9578),#10175,.F.);
#10745=ADVANCED_FACE('',(#9579),#10176,.T.);
#10746=ADVANCED_FACE('',(#9580),#10177,.F.);
#10747=ADVANCED_FACE('',(#9581),#10178,.F.);
#10748=ADVANCED_FACE('',(#9582),#10179,.T.);
#10749=ADVANCED_FACE('',(#9583),#10180,.F.);
#10750=ADVANCED_FACE('',(#9584),#10181,.F.);
#10751=ADVANCED_FACE('',(#9585),#10182,.T.);
#10752=ADVANCED_FACE('',(#9586),#10183,.F.);
#10753=ADVANCED_FACE('',(#9587),#10184,.F.);
#10754=ADVANCED_FACE('',(#9588),#10185,.T.);
#10755=ADVANCED_FACE('',(#9589),#10186,.F.);
#10756=ADVANCED_FACE('',(#9590),#10187,.F.);
#10757=ADVANCED_FACE('',(#9591),#10188,.T.);
#10758=ADVANCED_FACE('',(#9592),#10189,.F.);
#10759=ADVANCED_FACE('',(#9593),#10190,.F.);
#10760=ADVANCED_FACE('',(#9594),#10191,.T.);
#10761=ADVANCED_FACE('',(#9595),#10192,.F.);
#10762=ADVANCED_FACE('',(#9596),#10193,.F.);
#10763=ADVANCED_FACE('',(#9597),#10194,.T.);
#10764=ADVANCED_FACE('',(#9598),#10195,.F.);
#10765=ADVANCED_FACE('',(#9599),#10196,.F.);
#10766=ADVANCED_FACE('',(#9600),#10197,.T.);
#10767=ADVANCED_FACE('',(#9601),#10198,.F.);
#10768=ADVANCED_FACE('',(#9602),#10199,.F.);
#10769=ADVANCED_FACE('',(#9603),#10200,.T.);
#10770=ADVANCED_FACE('',(#9604),#10201,.T.);
#10771=ADVANCED_FACE('',(#9605),#10202,.F.);
#10772=ADVANCED_FACE('',(#9606),#10203,.T.);
#10773=ADVANCED_FACE('',(#9607),#10204,.T.);
#10774=ADVANCED_FACE('',(#9608),#10205,.T.);
#10775=ADVANCED_FACE('',(#9609),#10206,.T.);
#10776=ADVANCED_FACE('',(#9610),#10207,.T.);
#10777=ADVANCED_FACE('',(#9611),#10208,.T.);
#10778=ADVANCED_FACE('',(#9612),#10209,.T.);
#10779=ADVANCED_FACE('',(#9613),#10210,.T.);
#10780=ADVANCED_FACE('',(#9614),#10211,.T.);
#10781=ADVANCED_FACE('',(#9615),#10212,.T.);
#10782=ADVANCED_FACE('',(#9616),#10213,.T.);
#10783=ADVANCED_FACE('',(#9617),#10214,.T.);
#10784=ADVANCED_FACE('',(#9618),#10215,.T.);
#10785=ADVANCED_FACE('',(#9619),#10216,.T.);
#10786=ADVANCED_FACE('',(#9620,#9621,#9622,#9623,#9624,#9625,#9626,#9627,
#9628,#9629,#9630,#9631,#9632,#9633,#9634),#10217,.T.);
#10787=ADVANCED_FACE('',(#9635,#9636,#9637,#9638,#9639,#9640,#9641,#9642,
#9643,#9644,#9645,#9646,#9647,#9648,#9649,#9650,#9651,#9652,#9653,#9654,
#9655,#9656),#10218,.F.);
#10788=ADVANCED_FACE('',(#9657),#10219,.T.);
#10789=ADVANCED_FACE('',(#9658),#10220,.F.);
#10790=ADVANCED_FACE('',(#9659),#10221,.T.);
#10791=ADVANCED_FACE('',(#9660),#10222,.F.);
#10792=ADVANCED_FACE('',(#9661),#10223,.T.);
#10793=ADVANCED_FACE('',(#9662),#10224,.T.);
#10794=ADVANCED_FACE('',(#9663),#10225,.F.);
#10795=ADVANCED_FACE('',(#9664),#10226,.T.);
#10796=ADVANCED_FACE('',(#9665),#78,.T.);
#10797=ADVANCED_FACE('',(#9666),#79,.T.);
#10798=ADVANCED_FACE('',(#9667),#80,.T.);
#10799=ADVANCED_FACE('',(#9668),#81,.T.);
#10800=ADVANCED_FACE('',(#9669),#82,.T.);
#10801=ADVANCED_FACE('',(#9670),#83,.F.);
#10802=ADVANCED_FACE('',(#9671,#9672),#84,.T.);
#10803=ADVANCED_FACE('',(#9673),#10227,.F.);
#10804=ADVANCED_FACE('',(#9674,#9675),#85,.T.);
#10805=ADVANCED_FACE('',(#9676),#10228,.F.);
#10806=ADVANCED_FACE('',(#9677,#9678),#86,.T.);
#10807=ADVANCED_FACE('',(#9679),#10229,.F.);
#10808=ADVANCED_FACE('',(#9680,#9681),#87,.T.);
#10809=ADVANCED_FACE('',(#9682),#10230,.F.);
#10810=ADVANCED_FACE('',(#9683,#9684),#88,.T.);
#10811=ADVANCED_FACE('',(#9685),#10231,.F.);
#10812=ADVANCED_FACE('',(#9686,#9687),#89,.T.);
#10813=ADVANCED_FACE('',(#9688),#10232,.F.);
#10814=ADVANCED_FACE('',(#9689,#9690),#90,.T.);
#10815=ADVANCED_FACE('',(#9691),#10233,.F.);
#10816=ADVANCED_FACE('',(#9692),#10234,.F.);
#10817=ADVANCED_FACE('',(#9693),#10235,.F.);
#10818=ADVANCED_FACE('',(#9694),#10236,.T.);
#10819=ADVANCED_FACE('',(#9695),#10237,.T.);
#10820=ADVANCED_FACE('',(#9696),#10238,.F.);
#10821=ADVANCED_FACE('',(#9697),#10239,.T.);
#10822=ADVANCED_FACE('',(#9698),#10240,.F.);
#10823=ADVANCED_FACE('',(#9699),#10241,.T.);
#10824=ADVANCED_FACE('',(#9700),#10242,.F.);
#10825=ADVANCED_FACE('',(#9701),#10243,.T.);
#10826=ADVANCED_FACE('',(#9702),#10244,.F.);
#10827=ADVANCED_FACE('',(#9703),#10245,.T.);
#10828=ADVANCED_FACE('',(#9704),#10246,.F.);
#10829=ADVANCED_FACE('',(#9705),#10247,.T.);
#10830=ADVANCED_FACE('',(#9706),#10248,.F.);
#10831=ADVANCED_FACE('',(#9707),#10249,.T.);
#10832=ADVANCED_FACE('',(#9708),#10250,.F.);
#10833=ADVANCED_FACE('',(#9709),#10251,.T.);
#10834=ADVANCED_FACE('',(#9710),#10252,.F.);
#10835=ADVANCED_FACE('',(#9711),#10253,.T.);
#10836=ADVANCED_FACE('',(#9712),#10254,.F.);
#10837=ADVANCED_FACE('',(#9713),#10255,.T.);
#10838=ADVANCED_FACE('',(#9714),#10256,.F.);
#10839=ADVANCED_FACE('',(#9715),#10257,.T.);
#10840=ADVANCED_FACE('',(#9716),#10258,.F.);
#10841=ADVANCED_FACE('',(#9717),#10259,.T.);
#10842=ADVANCED_FACE('',(#9718),#10260,.F.);
#10843=ADVANCED_FACE('',(#9719),#10261,.T.);
#10844=ADVANCED_FACE('',(#9720),#10262,.F.);
#10845=ADVANCED_FACE('',(#9721),#10263,.T.);
#10846=ADVANCED_FACE('',(#9722),#10264,.F.);
#10847=ADVANCED_FACE('',(#9723),#10265,.T.);
#10848=ADVANCED_FACE('',(#9724),#10266,.F.);
#10849=ADVANCED_FACE('',(#9725),#10267,.T.);
#10850=ADVANCED_FACE('',(#9726),#10268,.F.);
#10851=ADVANCED_FACE('',(#9727),#10269,.T.);
#10852=ADVANCED_FACE('',(#9728),#10270,.F.);
#10853=ADVANCED_FACE('',(#9729),#10271,.T.);
#10854=ADVANCED_FACE('',(#9730),#10272,.F.);
#10855=ADVANCED_FACE('',(#9731),#10273,.T.);
#10856=ADVANCED_FACE('',(#9732),#10274,.F.);
#10857=ADVANCED_FACE('',(#9733),#10275,.T.);
#10858=ADVANCED_FACE('',(#9734),#10276,.F.);
#10859=ADVANCED_FACE('',(#9735),#10277,.T.);
#10860=ADVANCED_FACE('',(#9736),#10278,.F.);
#10861=ADVANCED_FACE('',(#9737),#10279,.T.);
#10862=ADVANCED_FACE('',(#9738),#10280,.F.);
#10863=ADVANCED_FACE('',(#9739),#10281,.T.);
#10864=ADVANCED_FACE('',(#9740),#10282,.F.);
#10865=ADVANCED_FACE('',(#9741),#10283,.T.);
#10866=ADVANCED_FACE('',(#9742),#10284,.F.);
#10867=ADVANCED_FACE('',(#9743),#10285,.T.);
#10868=ADVANCED_FACE('',(#9744),#10286,.F.);
#10869=ADVANCED_FACE('',(#9745),#10287,.T.);
#10870=ADVANCED_FACE('',(#9746),#10288,.F.);
#10871=ADVANCED_FACE('',(#9747),#10289,.T.);
#10872=ADVANCED_FACE('',(#9748),#10290,.F.);
#10873=ADVANCED_FACE('',(#9749),#10291,.T.);
#10874=ADVANCED_FACE('',(#9750),#10292,.F.);
#10875=ADVANCED_FACE('',(#9751),#10293,.T.);
#10876=ADVANCED_FACE('',(#9752),#10294,.F.);
#10877=ADVANCED_FACE('',(#9753),#10295,.T.);
#10878=ADVANCED_FACE('',(#9754),#10296,.F.);
#10879=ADVANCED_FACE('',(#9755),#10297,.T.);
#10880=ADVANCED_FACE('',(#9756),#10298,.F.);
#10881=ADVANCED_FACE('',(#9757),#10299,.T.);
#10882=ADVANCED_FACE('',(#9758),#10300,.F.);
#10883=ADVANCED_FACE('',(#9759),#10301,.T.);
#10884=ADVANCED_FACE('',(#9760),#10302,.F.);
#10885=ADVANCED_FACE('',(#9761),#10303,.T.);
#10886=ADVANCED_FACE('',(#9762),#10304,.F.);
#10887=ADVANCED_FACE('',(#9763),#10305,.T.);
#10888=ADVANCED_FACE('',(#9764),#10306,.F.);
#10889=ADVANCED_FACE('',(#9765),#10307,.T.);
#10890=ADVANCED_FACE('',(#9766),#10308,.F.);
#10891=ADVANCED_FACE('',(#9767),#10309,.T.);
#10892=ADVANCED_FACE('',(#9768),#10310,.F.);
#10893=ADVANCED_FACE('',(#9769),#10311,.T.);
#10894=ADVANCED_FACE('',(#9770),#10312,.F.);
#10895=ADVANCED_FACE('',(#9771),#10313,.T.);
#10896=ADVANCED_FACE('',(#9772),#10314,.F.);
#10897=ADVANCED_FACE('',(#9773),#10315,.T.);
#10898=ADVANCED_FACE('',(#9774),#10316,.F.);
#10899=ADVANCED_FACE('',(#9775),#10317,.T.);
#10900=CLOSED_SHELL('',(#10318,#10319,#10320,#10321,#10322,#10323,#10324,
#10325,#10326,#10327,#10328,#10329,#10330,#10331,#10332,#10333,#10334,#10335,
#10336,#10337,#10338,#10339,#10340,#10341));
#10901=CLOSED_SHELL('',(#10342,#10343,#10344,#10345,#10346,#10347,#10348,
#10349,#10350,#10351,#10352,#10353,#10354));
#10902=CLOSED_SHELL('',(#10355,#10356,#10357,#10358,#10359,#10360,#10361,
#10362,#10363,#10364,#10365,#10366,#10367,#10368,#10369,#10370,#10371,#10372,
#10373,#10374,#10375,#10376,#10377,#10378,#10379,#10380,#10381,#10382,#10383,
#10384,#10385,#10386,#10387,#10388,#10389,#10390,#10391,#10392,#10393,#10394,
#10395,#10396,#10397,#10398,#10399,#10400,#10401,#10402,#10403,#10404,#10405,
#10406,#10407,#10408,#10409,#10410,#10411,#10412,#10413,#10414,#10415,#10416,
#10417,#10418,#10419,#10420,#10421,#10422,#10423,#10424,#10425,#10426,#10427,
#10428,#10429,#10430,#10431,#10432,#10433,#10434,#10435,#10436,#10437,#10438,
#10439,#10440,#10441,#10442,#10443,#10444,#10445,#10446,#10447,#10448,#10449,
#10450,#10451,#10452,#10453,#10454,#10455,#10456,#10457,#10458,#10459,#10460,
#10461,#10462,#10463,#10464,#10465,#10466,#10467,#10468,#10469,#10470,#10471,
#10472,#10473,#10474,#10475,#10476,#10477,#10478,#10479,#10480,#10481,#10482,
#10483,#10484,#10485,#10486,#10487,#10488,#10489,#10490,#10491,#10492,#10493,
#10494,#10495,#10496,#10497,#10498,#10499,#10500,#10501,#10502,#10503,#10504,
#10505,#10506,#10507,#10508,#10509,#10510,#10511,#10512,#10513,#10514,#10515,
#10516,#10517,#10518,#10519,#10520,#10521,#10522,#10523,#10524,#10525,#10526,
#10527,#10528,#10529,#10530,#10531,#10532,#10533,#10534,#10535,#10536,#10537,
#10538,#10539,#10540,#10541,#10542,#10543,#10544,#10545,#10546,#10547,#10548,
#10549,#10550,#10551,#10552,#10553,#10554,#10555,#10556,#10557,#10558,#10559,
#10560,#10561,#10562,#10563,#10564,#10565,#10566,#10567,#10568,#10569,#10570,
#10571,#10572,#10573,#10574,#10575,#10576,#10577,#10578,#10579,#10580,#10581,
#10582,#10583,#10584,#10585,#10586,#10587,#10588,#10589,#10590,#10591,#10592,
#10593,#10594,#10595,#10596,#10597,#10598,#10599,#10600,#10601,#10602,#10603,
#10604,#10605,#10606,#10607,#10608,#10609,#10610,#10611,#10612,#10613,#10614,
#10615,#10616,#10617,#10618,#10619,#10620,#10621,#10622,#10623,#10624,#10625,
#10626,#10627,#10628,#10629,#10630,#10631,#10632,#10633,#10634,#10635,#10636,
#10637,#10638,#10639,#10640,#10641,#10642,#10643,#10644,#10645,#10646,#10647,
#10648,#10649,#10650,#10651,#10652,#10653,#10654,#10655,#10656,#10657,#10658,
#10659,#10660,#10661,#10662,#10663,#10664,#10665,#10666,#10667,#10668,#10669,
#10670,#10671,#10672,#10673,#10674,#10675,#10676,#10677,#10678,#10679,#10680,
#10681,#10682,#10683,#10684,#10685,#10686,#10687,#10688,#10689,#10690,#10691,
#10692,#10693,#10694,#10695,#10696,#10697,#10698,#10699,#10700,#10701,#10702,
#10703,#10704,#10705,#10706,#10707,#10708,#10709,#10710,#10711,#10712,#10713,
#10714,#10715,#10716,#10717,#10718,#10719,#10720,#10721,#10722,#10723,#10724));
#10903=CLOSED_SHELL('',(#10725,#10726,#10727,#10728,#10729,#10730,#10731,
#10732,#10733,#10734,#10735,#10736,#10737,#10738,#10739,#10740,#10741,#10742,
#10743,#10744,#10745,#10746,#10747,#10748,#10749,#10750,#10751,#10752,#10753,
#10754,#10755,#10756,#10757,#10758,#10759,#10760,#10761,#10762,#10763,#10764,
#10765,#10766,#10767,#10768,#10769,#10770,#10771,#10772,#10773,#10774,#10775,
#10776,#10777,#10778,#10779,#10780,#10781,#10782,#10783,#10784,#10785,#10786,
#10787,#10788,#10789,#10790,#10791,#10792,#10793,#10794,#10795,#10796,#10797,
#10798,#10799,#10800,#10801,#10802,#10803,#10804,#10805,#10806,#10807,#10808,
#10809,#10810,#10811,#10812,#10813,#10814,#10815,#10816,#10817,#10818,#10819,
#10820,#10821,#10822,#10823,#10824,#10825,#10826,#10827,#10828,#10829,#10830,
#10831,#10832,#10833,#10834,#10835,#10836,#10837,#10838,#10839,#10840,#10841,
#10842,#10843,#10844,#10845,#10846,#10847,#10848,#10849,#10850,#10851,#10852,
#10853,#10854,#10855,#10856,#10857,#10858,#10859,#10860,#10861,#10862,#10863,
#10864,#10865,#10866,#10867,#10868,#10869,#10870,#10871,#10872,#10873,#10874,
#10875,#10876,#10877,#10878,#10879,#10880,#10881,#10882,#10883,#10884,#10885,
#10886,#10887,#10888,#10889,#10890,#10891,#10892,#10893,#10894,#10895,#10896,
#10897,#10898,#10899));
#10904=STYLED_ITEM('',(#10908),#13220);
#10905=STYLED_ITEM('',(#10920),#13221);
#10906=STYLED_ITEM('',(#10925),#13222);
#10907=STYLED_ITEM('',(#11208),#13223);
#10908=PRESENTATION_STYLE_ASSIGNMENT((#11293));
#10909=PRESENTATION_STYLE_ASSIGNMENT((#11294));
#10910=PRESENTATION_STYLE_ASSIGNMENT((#11295));
#10911=PRESENTATION_STYLE_ASSIGNMENT((#11296));
#10912=PRESENTATION_STYLE_ASSIGNMENT((#11297));
#10913=PRESENTATION_STYLE_ASSIGNMENT((#11298));
#10914=PRESENTATION_STYLE_ASSIGNMENT((#11299));
#10915=PRESENTATION_STYLE_ASSIGNMENT((#11300));
#10916=PRESENTATION_STYLE_ASSIGNMENT((#11301));
#10917=PRESENTATION_STYLE_ASSIGNMENT((#11302));
#10918=PRESENTATION_STYLE_ASSIGNMENT((#11303));
#10919=PRESENTATION_STYLE_ASSIGNMENT((#11304));
#10920=PRESENTATION_STYLE_ASSIGNMENT((#11305));
#10921=PRESENTATION_STYLE_ASSIGNMENT((#11306));
#10922=PRESENTATION_STYLE_ASSIGNMENT((#11307));
#10923=PRESENTATION_STYLE_ASSIGNMENT((#11308));
#10924=PRESENTATION_STYLE_ASSIGNMENT((#11309));
#10925=PRESENTATION_STYLE_ASSIGNMENT((#11310));
#10926=PRESENTATION_STYLE_ASSIGNMENT((#11311));
#10927=PRESENTATION_STYLE_ASSIGNMENT((#11312));
#10928=PRESENTATION_STYLE_ASSIGNMENT((#11313));
#10929=PRESENTATION_STYLE_ASSIGNMENT((#11314));
#10930=PRESENTATION_STYLE_ASSIGNMENT((#11315));
#10931=PRESENTATION_STYLE_ASSIGNMENT((#11316));
#10932=PRESENTATION_STYLE_ASSIGNMENT((#11317));
#10933=PRESENTATION_STYLE_ASSIGNMENT((#11318));
#10934=PRESENTATION_STYLE_ASSIGNMENT((#11319));
#10935=PRESENTATION_STYLE_ASSIGNMENT((#11320));
#10936=PRESENTATION_STYLE_ASSIGNMENT((#11321));
#10937=PRESENTATION_STYLE_ASSIGNMENT((#11322));
#10938=PRESENTATION_STYLE_ASSIGNMENT((#11323));
#10939=PRESENTATION_STYLE_ASSIGNMENT((#11324));
#10940=PRESENTATION_STYLE_ASSIGNMENT((#11325));
#10941=PRESENTATION_STYLE_ASSIGNMENT((#11326));
#10942=PRESENTATION_STYLE_ASSIGNMENT((#11327));
#10943=PRESENTATION_STYLE_ASSIGNMENT((#11328));
#10944=PRESENTATION_STYLE_ASSIGNMENT((#11329));
#10945=PRESENTATION_STYLE_ASSIGNMENT((#11330));
#10946=PRESENTATION_STYLE_ASSIGNMENT((#11331));
#10947=PRESENTATION_STYLE_ASSIGNMENT((#11332));
#10948=PRESENTATION_STYLE_ASSIGNMENT((#11333));
#10949=PRESENTATION_STYLE_ASSIGNMENT((#11334));
#10950=PRESENTATION_STYLE_ASSIGNMENT((#11335));
#10951=PRESENTATION_STYLE_ASSIGNMENT((#11336));
#10952=PRESENTATION_STYLE_ASSIGNMENT((#11337));
#10953=PRESENTATION_STYLE_ASSIGNMENT((#11338));
#10954=PRESENTATION_STYLE_ASSIGNMENT((#11339));
#10955=PRESENTATION_STYLE_ASSIGNMENT((#11340));
#10956=PRESENTATION_STYLE_ASSIGNMENT((#11341));
#10957=PRESENTATION_STYLE_ASSIGNMENT((#11342));
#10958=PRESENTATION_STYLE_ASSIGNMENT((#11343));
#10959=PRESENTATION_STYLE_ASSIGNMENT((#11344));
#10960=PRESENTATION_STYLE_ASSIGNMENT((#11345));
#10961=PRESENTATION_STYLE_ASSIGNMENT((#11346));
#10962=PRESENTATION_STYLE_ASSIGNMENT((#11347));
#10963=PRESENTATION_STYLE_ASSIGNMENT((#11348));
#10964=PRESENTATION_STYLE_ASSIGNMENT((#11349));
#10965=PRESENTATION_STYLE_ASSIGNMENT((#11350));
#10966=PRESENTATION_STYLE_ASSIGNMENT((#11351));
#10967=PRESENTATION_STYLE_ASSIGNMENT((#11352));
#10968=PRESENTATION_STYLE_ASSIGNMENT((#11353));
#10969=PRESENTATION_STYLE_ASSIGNMENT((#11354));
#10970=PRESENTATION_STYLE_ASSIGNMENT((#11355));
#10971=PRESENTATION_STYLE_ASSIGNMENT((#11356));
#10972=PRESENTATION_STYLE_ASSIGNMENT((#11357));
#10973=PRESENTATION_STYLE_ASSIGNMENT((#11358));
#10974=PRESENTATION_STYLE_ASSIGNMENT((#11359));
#10975=PRESENTATION_STYLE_ASSIGNMENT((#11360));
#10976=PRESENTATION_STYLE_ASSIGNMENT((#11361));
#10977=PRESENTATION_STYLE_ASSIGNMENT((#11362));
#10978=PRESENTATION_STYLE_ASSIGNMENT((#11363));
#10979=PRESENTATION_STYLE_ASSIGNMENT((#11364));
#10980=PRESENTATION_STYLE_ASSIGNMENT((#11365));
#10981=PRESENTATION_STYLE_ASSIGNMENT((#11366));
#10982=PRESENTATION_STYLE_ASSIGNMENT((#11367));
#10983=PRESENTATION_STYLE_ASSIGNMENT((#11368));
#10984=PRESENTATION_STYLE_ASSIGNMENT((#11369));
#10985=PRESENTATION_STYLE_ASSIGNMENT((#11370));
#10986=PRESENTATION_STYLE_ASSIGNMENT((#11371));
#10987=PRESENTATION_STYLE_ASSIGNMENT((#11372));
#10988=PRESENTATION_STYLE_ASSIGNMENT((#11373));
#10989=PRESENTATION_STYLE_ASSIGNMENT((#11374));
#10990=PRESENTATION_STYLE_ASSIGNMENT((#11375));
#10991=PRESENTATION_STYLE_ASSIGNMENT((#11376));
#10992=PRESENTATION_STYLE_ASSIGNMENT((#11377));
#10993=PRESENTATION_STYLE_ASSIGNMENT((#11378));
#10994=PRESENTATION_STYLE_ASSIGNMENT((#11379));
#10995=PRESENTATION_STYLE_ASSIGNMENT((#11380));
#10996=PRESENTATION_STYLE_ASSIGNMENT((#11381));
#10997=PRESENTATION_STYLE_ASSIGNMENT((#11382));
#10998=PRESENTATION_STYLE_ASSIGNMENT((#11383));
#10999=PRESENTATION_STYLE_ASSIGNMENT((#11384));
#11000=PRESENTATION_STYLE_ASSIGNMENT((#11385));
#11001=PRESENTATION_STYLE_ASSIGNMENT((#11386));
#11002=PRESENTATION_STYLE_ASSIGNMENT((#11387));
#11003=PRESENTATION_STYLE_ASSIGNMENT((#11388));
#11004=PRESENTATION_STYLE_ASSIGNMENT((#11389));
#11005=PRESENTATION_STYLE_ASSIGNMENT((#11390));
#11006=PRESENTATION_STYLE_ASSIGNMENT((#11391));
#11007=PRESENTATION_STYLE_ASSIGNMENT((#11392));
#11008=PRESENTATION_STYLE_ASSIGNMENT((#11393));
#11009=PRESENTATION_STYLE_ASSIGNMENT((#11394));
#11010=PRESENTATION_STYLE_ASSIGNMENT((#11395));
#11011=PRESENTATION_STYLE_ASSIGNMENT((#11396));
#11012=PRESENTATION_STYLE_ASSIGNMENT((#11397));
#11013=PRESENTATION_STYLE_ASSIGNMENT((#11398));
#11014=PRESENTATION_STYLE_ASSIGNMENT((#11399));
#11015=PRESENTATION_STYLE_ASSIGNMENT((#11400));
#11016=PRESENTATION_STYLE_ASSIGNMENT((#11401));
#11017=PRESENTATION_STYLE_ASSIGNMENT((#11402));
#11018=PRESENTATION_STYLE_ASSIGNMENT((#11403));
#11019=PRESENTATION_STYLE_ASSIGNMENT((#11404));
#11020=PRESENTATION_STYLE_ASSIGNMENT((#11405));
#11021=PRESENTATION_STYLE_ASSIGNMENT((#11406));
#11022=PRESENTATION_STYLE_ASSIGNMENT((#11407));
#11023=PRESENTATION_STYLE_ASSIGNMENT((#11408));
#11024=PRESENTATION_STYLE_ASSIGNMENT((#11409));
#11025=PRESENTATION_STYLE_ASSIGNMENT((#11410));
#11026=PRESENTATION_STYLE_ASSIGNMENT((#11411));
#11027=PRESENTATION_STYLE_ASSIGNMENT((#11412));
#11028=PRESENTATION_STYLE_ASSIGNMENT((#11413));
#11029=PRESENTATION_STYLE_ASSIGNMENT((#11414));
#11030=PRESENTATION_STYLE_ASSIGNMENT((#11415));
#11031=PRESENTATION_STYLE_ASSIGNMENT((#11416));
#11032=PRESENTATION_STYLE_ASSIGNMENT((#11417));
#11033=PRESENTATION_STYLE_ASSIGNMENT((#11418));
#11034=PRESENTATION_STYLE_ASSIGNMENT((#11419));
#11035=PRESENTATION_STYLE_ASSIGNMENT((#11420));
#11036=PRESENTATION_STYLE_ASSIGNMENT((#11421));
#11037=PRESENTATION_STYLE_ASSIGNMENT((#11422));
#11038=PRESENTATION_STYLE_ASSIGNMENT((#11423));
#11039=PRESENTATION_STYLE_ASSIGNMENT((#11424));
#11040=PRESENTATION_STYLE_ASSIGNMENT((#11425));
#11041=PRESENTATION_STYLE_ASSIGNMENT((#11426));
#11042=PRESENTATION_STYLE_ASSIGNMENT((#11427));
#11043=PRESENTATION_STYLE_ASSIGNMENT((#11428));
#11044=PRESENTATION_STYLE_ASSIGNMENT((#11429));
#11045=PRESENTATION_STYLE_ASSIGNMENT((#11430));
#11046=PRESENTATION_STYLE_ASSIGNMENT((#11431));
#11047=PRESENTATION_STYLE_ASSIGNMENT((#11432));
#11048=PRESENTATION_STYLE_ASSIGNMENT((#11433));
#11049=PRESENTATION_STYLE_ASSIGNMENT((#11434));
#11050=PRESENTATION_STYLE_ASSIGNMENT((#11435));
#11051=PRESENTATION_STYLE_ASSIGNMENT((#11436));
#11052=PRESENTATION_STYLE_ASSIGNMENT((#11437));
#11053=PRESENTATION_STYLE_ASSIGNMENT((#11438));
#11054=PRESENTATION_STYLE_ASSIGNMENT((#11439));
#11055=PRESENTATION_STYLE_ASSIGNMENT((#11440));
#11056=PRESENTATION_STYLE_ASSIGNMENT((#11441));
#11057=PRESENTATION_STYLE_ASSIGNMENT((#11442));
#11058=PRESENTATION_STYLE_ASSIGNMENT((#11443));
#11059=PRESENTATION_STYLE_ASSIGNMENT((#11444));
#11060=PRESENTATION_STYLE_ASSIGNMENT((#11445));
#11061=PRESENTATION_STYLE_ASSIGNMENT((#11446));
#11062=PRESENTATION_STYLE_ASSIGNMENT((#11447));
#11063=PRESENTATION_STYLE_ASSIGNMENT((#11448));
#11064=PRESENTATION_STYLE_ASSIGNMENT((#11449));
#11065=PRESENTATION_STYLE_ASSIGNMENT((#11450));
#11066=PRESENTATION_STYLE_ASSIGNMENT((#11451));
#11067=PRESENTATION_STYLE_ASSIGNMENT((#11452));
#11068=PRESENTATION_STYLE_ASSIGNMENT((#11453));
#11069=PRESENTATION_STYLE_ASSIGNMENT((#11454));
#11070=PRESENTATION_STYLE_ASSIGNMENT((#11455));
#11071=PRESENTATION_STYLE_ASSIGNMENT((#11456));
#11072=PRESENTATION_STYLE_ASSIGNMENT((#11457));
#11073=PRESENTATION_STYLE_ASSIGNMENT((#11458));
#11074=PRESENTATION_STYLE_ASSIGNMENT((#11459));
#11075=PRESENTATION_STYLE_ASSIGNMENT((#11460));
#11076=PRESENTATION_STYLE_ASSIGNMENT((#11461));
#11077=PRESENTATION_STYLE_ASSIGNMENT((#11462));
#11078=PRESENTATION_STYLE_ASSIGNMENT((#11463));
#11079=PRESENTATION_STYLE_ASSIGNMENT((#11464));
#11080=PRESENTATION_STYLE_ASSIGNMENT((#11465));
#11081=PRESENTATION_STYLE_ASSIGNMENT((#11466));
#11082=PRESENTATION_STYLE_ASSIGNMENT((#11467));
#11083=PRESENTATION_STYLE_ASSIGNMENT((#11468));
#11084=PRESENTATION_STYLE_ASSIGNMENT((#11469));
#11085=PRESENTATION_STYLE_ASSIGNMENT((#11470));
#11086=PRESENTATION_STYLE_ASSIGNMENT((#11471));
#11087=PRESENTATION_STYLE_ASSIGNMENT((#11472));
#11088=PRESENTATION_STYLE_ASSIGNMENT((#11473));
#11089=PRESENTATION_STYLE_ASSIGNMENT((#11474));
#11090=PRESENTATION_STYLE_ASSIGNMENT((#11475));
#11091=PRESENTATION_STYLE_ASSIGNMENT((#11476));
#11092=PRESENTATION_STYLE_ASSIGNMENT((#11477));
#11093=PRESENTATION_STYLE_ASSIGNMENT((#11478));
#11094=PRESENTATION_STYLE_ASSIGNMENT((#11479));
#11095=PRESENTATION_STYLE_ASSIGNMENT((#11480));
#11096=PRESENTATION_STYLE_ASSIGNMENT((#11481));
#11097=PRESENTATION_STYLE_ASSIGNMENT((#11482));
#11098=PRESENTATION_STYLE_ASSIGNMENT((#11483));
#11099=PRESENTATION_STYLE_ASSIGNMENT((#11484));
#11100=PRESENTATION_STYLE_ASSIGNMENT((#11485));
#11101=PRESENTATION_STYLE_ASSIGNMENT((#11486));
#11102=PRESENTATION_STYLE_ASSIGNMENT((#11487));
#11103=PRESENTATION_STYLE_ASSIGNMENT((#11488));
#11104=PRESENTATION_STYLE_ASSIGNMENT((#11489));
#11105=PRESENTATION_STYLE_ASSIGNMENT((#11490));
#11106=PRESENTATION_STYLE_ASSIGNMENT((#11491));
#11107=PRESENTATION_STYLE_ASSIGNMENT((#11492));
#11108=PRESENTATION_STYLE_ASSIGNMENT((#11493));
#11109=PRESENTATION_STYLE_ASSIGNMENT((#11494));
#11110=PRESENTATION_STYLE_ASSIGNMENT((#11495));
#11111=PRESENTATION_STYLE_ASSIGNMENT((#11496));
#11112=PRESENTATION_STYLE_ASSIGNMENT((#11497));
#11113=PRESENTATION_STYLE_ASSIGNMENT((#11498));
#11114=PRESENTATION_STYLE_ASSIGNMENT((#11499));
#11115=PRESENTATION_STYLE_ASSIGNMENT((#11500));
#11116=PRESENTATION_STYLE_ASSIGNMENT((#11501));
#11117=PRESENTATION_STYLE_ASSIGNMENT((#11502));
#11118=PRESENTATION_STYLE_ASSIGNMENT((#11503));
#11119=PRESENTATION_STYLE_ASSIGNMENT((#11504));
#11120=PRESENTATION_STYLE_ASSIGNMENT((#11505));
#11121=PRESENTATION_STYLE_ASSIGNMENT((#11506));
#11122=PRESENTATION_STYLE_ASSIGNMENT((#11507));
#11123=PRESENTATION_STYLE_ASSIGNMENT((#11508));
#11124=PRESENTATION_STYLE_ASSIGNMENT((#11509));
#11125=PRESENTATION_STYLE_ASSIGNMENT((#11510));
#11126=PRESENTATION_STYLE_ASSIGNMENT((#11511));
#11127=PRESENTATION_STYLE_ASSIGNMENT((#11512));
#11128=PRESENTATION_STYLE_ASSIGNMENT((#11513));
#11129=PRESENTATION_STYLE_ASSIGNMENT((#11514));
#11130=PRESENTATION_STYLE_ASSIGNMENT((#11515));
#11131=PRESENTATION_STYLE_ASSIGNMENT((#11516));
#11132=PRESENTATION_STYLE_ASSIGNMENT((#11517));
#11133=PRESENTATION_STYLE_ASSIGNMENT((#11518));
#11134=PRESENTATION_STYLE_ASSIGNMENT((#11519));
#11135=PRESENTATION_STYLE_ASSIGNMENT((#11520));
#11136=PRESENTATION_STYLE_ASSIGNMENT((#11521));
#11137=PRESENTATION_STYLE_ASSIGNMENT((#11522));
#11138=PRESENTATION_STYLE_ASSIGNMENT((#11523));
#11139=PRESENTATION_STYLE_ASSIGNMENT((#11524));
#11140=PRESENTATION_STYLE_ASSIGNMENT((#11525));
#11141=PRESENTATION_STYLE_ASSIGNMENT((#11526));
#11142=PRESENTATION_STYLE_ASSIGNMENT((#11527));
#11143=PRESENTATION_STYLE_ASSIGNMENT((#11528));
#11144=PRESENTATION_STYLE_ASSIGNMENT((#11529));
#11145=PRESENTATION_STYLE_ASSIGNMENT((#11530));
#11146=PRESENTATION_STYLE_ASSIGNMENT((#11531));
#11147=PRESENTATION_STYLE_ASSIGNMENT((#11532));
#11148=PRESENTATION_STYLE_ASSIGNMENT((#11533));
#11149=PRESENTATION_STYLE_ASSIGNMENT((#11534));
#11150=PRESENTATION_STYLE_ASSIGNMENT((#11535));
#11151=PRESENTATION_STYLE_ASSIGNMENT((#11536));
#11152=PRESENTATION_STYLE_ASSIGNMENT((#11537));
#11153=PRESENTATION_STYLE_ASSIGNMENT((#11538));
#11154=PRESENTATION_STYLE_ASSIGNMENT((#11539));
#11155=PRESENTATION_STYLE_ASSIGNMENT((#11540));
#11156=PRESENTATION_STYLE_ASSIGNMENT((#11541));
#11157=PRESENTATION_STYLE_ASSIGNMENT((#11542));
#11158=PRESENTATION_STYLE_ASSIGNMENT((#11543));
#11159=PRESENTATION_STYLE_ASSIGNMENT((#11544));
#11160=PRESENTATION_STYLE_ASSIGNMENT((#11545));
#11161=PRESENTATION_STYLE_ASSIGNMENT((#11546));
#11162=PRESENTATION_STYLE_ASSIGNMENT((#11547));
#11163=PRESENTATION_STYLE_ASSIGNMENT((#11548));
#11164=PRESENTATION_STYLE_ASSIGNMENT((#11549));
#11165=PRESENTATION_STYLE_ASSIGNMENT((#11550));
#11166=PRESENTATION_STYLE_ASSIGNMENT((#11551));
#11167=PRESENTATION_STYLE_ASSIGNMENT((#11552));
#11168=PRESENTATION_STYLE_ASSIGNMENT((#11553));
#11169=PRESENTATION_STYLE_ASSIGNMENT((#11554));
#11170=PRESENTATION_STYLE_ASSIGNMENT((#11555));
#11171=PRESENTATION_STYLE_ASSIGNMENT((#11556));
#11172=PRESENTATION_STYLE_ASSIGNMENT((#11557));
#11173=PRESENTATION_STYLE_ASSIGNMENT((#11558));
#11174=PRESENTATION_STYLE_ASSIGNMENT((#11559));
#11175=PRESENTATION_STYLE_ASSIGNMENT((#11560));
#11176=PRESENTATION_STYLE_ASSIGNMENT((#11561));
#11177=PRESENTATION_STYLE_ASSIGNMENT((#11562));
#11178=PRESENTATION_STYLE_ASSIGNMENT((#11563));
#11179=PRESENTATION_STYLE_ASSIGNMENT((#11564));
#11180=PRESENTATION_STYLE_ASSIGNMENT((#11565));
#11181=PRESENTATION_STYLE_ASSIGNMENT((#11566));
#11182=PRESENTATION_STYLE_ASSIGNMENT((#11567));
#11183=PRESENTATION_STYLE_ASSIGNMENT((#11568));
#11184=PRESENTATION_STYLE_ASSIGNMENT((#11569));
#11185=PRESENTATION_STYLE_ASSIGNMENT((#11570));
#11186=PRESENTATION_STYLE_ASSIGNMENT((#11571));
#11187=PRESENTATION_STYLE_ASSIGNMENT((#11572));
#11188=PRESENTATION_STYLE_ASSIGNMENT((#11573));
#11189=PRESENTATION_STYLE_ASSIGNMENT((#11574));
#11190=PRESENTATION_STYLE_ASSIGNMENT((#11575));
#11191=PRESENTATION_STYLE_ASSIGNMENT((#11576));
#11192=PRESENTATION_STYLE_ASSIGNMENT((#11577));
#11193=PRESENTATION_STYLE_ASSIGNMENT((#11578));
#11194=PRESENTATION_STYLE_ASSIGNMENT((#11579));
#11195=PRESENTATION_STYLE_ASSIGNMENT((#11580));
#11196=PRESENTATION_STYLE_ASSIGNMENT((#11581));
#11197=PRESENTATION_STYLE_ASSIGNMENT((#11582));
#11198=PRESENTATION_STYLE_ASSIGNMENT((#11583));
#11199=PRESENTATION_STYLE_ASSIGNMENT((#11584));
#11200=PRESENTATION_STYLE_ASSIGNMENT((#11585));
#11201=PRESENTATION_STYLE_ASSIGNMENT((#11586));
#11202=PRESENTATION_STYLE_ASSIGNMENT((#11587));
#11203=PRESENTATION_STYLE_ASSIGNMENT((#11588));
#11204=PRESENTATION_STYLE_ASSIGNMENT((#11589));
#11205=PRESENTATION_STYLE_ASSIGNMENT((#11590));
#11206=PRESENTATION_STYLE_ASSIGNMENT((#11591));
#11207=PRESENTATION_STYLE_ASSIGNMENT((#11592));
#11208=PRESENTATION_STYLE_ASSIGNMENT((#11593));
#11209=PRESENTATION_STYLE_ASSIGNMENT((#11594));
#11210=PRESENTATION_STYLE_ASSIGNMENT((#11595));
#11211=PRESENTATION_STYLE_ASSIGNMENT((#11596));
#11212=PRESENTATION_STYLE_ASSIGNMENT((#11597));
#11213=PRESENTATION_STYLE_ASSIGNMENT((#11598));
#11214=PRESENTATION_STYLE_ASSIGNMENT((#11599));
#11215=PRESENTATION_STYLE_ASSIGNMENT((#11600));
#11216=PRESENTATION_STYLE_ASSIGNMENT((#11601));
#11217=PRESENTATION_STYLE_ASSIGNMENT((#11602));
#11218=PRESENTATION_STYLE_ASSIGNMENT((#11603));
#11219=PRESENTATION_STYLE_ASSIGNMENT((#11604));
#11220=PRESENTATION_STYLE_ASSIGNMENT((#11605));
#11221=PRESENTATION_STYLE_ASSIGNMENT((#11606));
#11222=PRESENTATION_STYLE_ASSIGNMENT((#11607));
#11223=PRESENTATION_STYLE_ASSIGNMENT((#11608));
#11224=PRESENTATION_STYLE_ASSIGNMENT((#11609));
#11225=PRESENTATION_STYLE_ASSIGNMENT((#11610));
#11226=PRESENTATION_STYLE_ASSIGNMENT((#11611));
#11227=PRESENTATION_STYLE_ASSIGNMENT((#11612));
#11228=PRESENTATION_STYLE_ASSIGNMENT((#11613));
#11229=PRESENTATION_STYLE_ASSIGNMENT((#11614));
#11230=PRESENTATION_STYLE_ASSIGNMENT((#11615));
#11231=PRESENTATION_STYLE_ASSIGNMENT((#11616));
#11232=PRESENTATION_STYLE_ASSIGNMENT((#11617));
#11233=PRESENTATION_STYLE_ASSIGNMENT((#11618));
#11234=PRESENTATION_STYLE_ASSIGNMENT((#11619));
#11235=PRESENTATION_STYLE_ASSIGNMENT((#11620));
#11236=PRESENTATION_STYLE_ASSIGNMENT((#11621));
#11237=PRESENTATION_STYLE_ASSIGNMENT((#11622));
#11238=PRESENTATION_STYLE_ASSIGNMENT((#11623));
#11239=PRESENTATION_STYLE_ASSIGNMENT((#11624));
#11240=PRESENTATION_STYLE_ASSIGNMENT((#11625));
#11241=PRESENTATION_STYLE_ASSIGNMENT((#11626));
#11242=PRESENTATION_STYLE_ASSIGNMENT((#11627));
#11243=PRESENTATION_STYLE_ASSIGNMENT((#11628));
#11244=PRESENTATION_STYLE_ASSIGNMENT((#11629));
#11245=PRESENTATION_STYLE_ASSIGNMENT((#11630));
#11246=PRESENTATION_STYLE_ASSIGNMENT((#11631));
#11247=PRESENTATION_STYLE_ASSIGNMENT((#11632));
#11248=PRESENTATION_STYLE_ASSIGNMENT((#11633));
#11249=PRESENTATION_STYLE_ASSIGNMENT((#11634));
#11250=PRESENTATION_STYLE_ASSIGNMENT((#11635));
#11251=PRESENTATION_STYLE_ASSIGNMENT((#11636));
#11252=PRESENTATION_STYLE_ASSIGNMENT((#11637));
#11253=PRESENTATION_STYLE_ASSIGNMENT((#11638));
#11254=PRESENTATION_STYLE_ASSIGNMENT((#11639));
#11255=PRESENTATION_STYLE_ASSIGNMENT((#11640));
#11256=PRESENTATION_STYLE_ASSIGNMENT((#11641));
#11257=PRESENTATION_STYLE_ASSIGNMENT((#11642));
#11258=PRESENTATION_STYLE_ASSIGNMENT((#11643));
#11259=PRESENTATION_STYLE_ASSIGNMENT((#11644));
#11260=PRESENTATION_STYLE_ASSIGNMENT((#11645));
#11261=PRESENTATION_STYLE_ASSIGNMENT((#11646));
#11262=PRESENTATION_STYLE_ASSIGNMENT((#11647));
#11263=PRESENTATION_STYLE_ASSIGNMENT((#11648));
#11264=PRESENTATION_STYLE_ASSIGNMENT((#11649));
#11265=PRESENTATION_STYLE_ASSIGNMENT((#11650));
#11266=PRESENTATION_STYLE_ASSIGNMENT((#11651));
#11267=PRESENTATION_STYLE_ASSIGNMENT((#11652));
#11268=PRESENTATION_STYLE_ASSIGNMENT((#11653));
#11269=PRESENTATION_STYLE_ASSIGNMENT((#11654));
#11270=PRESENTATION_STYLE_ASSIGNMENT((#11655));
#11271=PRESENTATION_STYLE_ASSIGNMENT((#11656));
#11272=PRESENTATION_STYLE_ASSIGNMENT((#11657));
#11273=PRESENTATION_STYLE_ASSIGNMENT((#11658));
#11274=PRESENTATION_STYLE_ASSIGNMENT((#11659));
#11275=PRESENTATION_STYLE_ASSIGNMENT((#11660));
#11276=PRESENTATION_STYLE_ASSIGNMENT((#11661));
#11277=PRESENTATION_STYLE_ASSIGNMENT((#11662));
#11278=PRESENTATION_STYLE_ASSIGNMENT((#11663));
#11279=PRESENTATION_STYLE_ASSIGNMENT((#11664));
#11280=PRESENTATION_STYLE_ASSIGNMENT((#11665));
#11281=PRESENTATION_STYLE_ASSIGNMENT((#11666));
#11282=PRESENTATION_STYLE_ASSIGNMENT((#11667));
#11283=PRESENTATION_STYLE_ASSIGNMENT((#11668));
#11284=PRESENTATION_STYLE_ASSIGNMENT((#11669));
#11285=PRESENTATION_STYLE_ASSIGNMENT((#11670));
#11286=PRESENTATION_STYLE_ASSIGNMENT((#11671));
#11287=PRESENTATION_STYLE_ASSIGNMENT((#11672));
#11288=PRESENTATION_STYLE_ASSIGNMENT((#11673));
#11289=PRESENTATION_STYLE_ASSIGNMENT((#11674));
#11290=PRESENTATION_STYLE_ASSIGNMENT((#11675));
#11291=PRESENTATION_STYLE_ASSIGNMENT((#11676));
#11292=PRESENTATION_STYLE_ASSIGNMENT((#11677));
#11293=SURFACE_STYLE_USAGE(.BOTH.,#11678);
#11294=SURFACE_STYLE_USAGE(.BOTH.,#11679);
#11295=SURFACE_STYLE_USAGE(.BOTH.,#11680);
#11296=SURFACE_STYLE_USAGE(.BOTH.,#11681);
#11297=SURFACE_STYLE_USAGE(.BOTH.,#11682);
#11298=SURFACE_STYLE_USAGE(.BOTH.,#11683);
#11299=SURFACE_STYLE_USAGE(.BOTH.,#11684);
#11300=SURFACE_STYLE_USAGE(.BOTH.,#11685);
#11301=SURFACE_STYLE_USAGE(.BOTH.,#11686);
#11302=SURFACE_STYLE_USAGE(.BOTH.,#11687);
#11303=SURFACE_STYLE_USAGE(.BOTH.,#11688);
#11304=SURFACE_STYLE_USAGE(.BOTH.,#11689);
#11305=SURFACE_STYLE_USAGE(.BOTH.,#11690);
#11306=SURFACE_STYLE_USAGE(.BOTH.,#11691);
#11307=SURFACE_STYLE_USAGE(.BOTH.,#11692);
#11308=SURFACE_STYLE_USAGE(.BOTH.,#11693);
#11309=SURFACE_STYLE_USAGE(.BOTH.,#11694);
#11310=SURFACE_STYLE_USAGE(.BOTH.,#11695);
#11311=SURFACE_STYLE_USAGE(.BOTH.,#11696);
#11312=SURFACE_STYLE_USAGE(.BOTH.,#11697);
#11313=SURFACE_STYLE_USAGE(.BOTH.,#11698);
#11314=SURFACE_STYLE_USAGE(.BOTH.,#11699);
#11315=SURFACE_STYLE_USAGE(.BOTH.,#11700);
#11316=SURFACE_STYLE_USAGE(.BOTH.,#11701);
#11317=SURFACE_STYLE_USAGE(.BOTH.,#11702);
#11318=SURFACE_STYLE_USAGE(.BOTH.,#11703);
#11319=SURFACE_STYLE_USAGE(.BOTH.,#11704);
#11320=SURFACE_STYLE_USAGE(.BOTH.,#11705);
#11321=SURFACE_STYLE_USAGE(.BOTH.,#11706);
#11322=SURFACE_STYLE_USAGE(.BOTH.,#11707);
#11323=SURFACE_STYLE_USAGE(.BOTH.,#11708);
#11324=SURFACE_STYLE_USAGE(.BOTH.,#11709);
#11325=SURFACE_STYLE_USAGE(.BOTH.,#11710);
#11326=SURFACE_STYLE_USAGE(.BOTH.,#11711);
#11327=SURFACE_STYLE_USAGE(.BOTH.,#11712);
#11328=SURFACE_STYLE_USAGE(.BOTH.,#11713);
#11329=SURFACE_STYLE_USAGE(.BOTH.,#11714);
#11330=SURFACE_STYLE_USAGE(.BOTH.,#11715);
#11331=SURFACE_STYLE_USAGE(.BOTH.,#11716);
#11332=SURFACE_STYLE_USAGE(.BOTH.,#11717);
#11333=SURFACE_STYLE_USAGE(.BOTH.,#11718);
#11334=SURFACE_STYLE_USAGE(.BOTH.,#11719);
#11335=SURFACE_STYLE_USAGE(.BOTH.,#11720);
#11336=SURFACE_STYLE_USAGE(.BOTH.,#11721);
#11337=SURFACE_STYLE_USAGE(.BOTH.,#11722);
#11338=SURFACE_STYLE_USAGE(.BOTH.,#11723);
#11339=SURFACE_STYLE_USAGE(.BOTH.,#11724);
#11340=SURFACE_STYLE_USAGE(.BOTH.,#11725);
#11341=SURFACE_STYLE_USAGE(.BOTH.,#11726);
#11342=SURFACE_STYLE_USAGE(.BOTH.,#11727);
#11343=SURFACE_STYLE_USAGE(.BOTH.,#11728);
#11344=SURFACE_STYLE_USAGE(.BOTH.,#11729);
#11345=SURFACE_STYLE_USAGE(.BOTH.,#11730);
#11346=SURFACE_STYLE_USAGE(.BOTH.,#11731);
#11347=SURFACE_STYLE_USAGE(.BOTH.,#11732);
#11348=SURFACE_STYLE_USAGE(.BOTH.,#11733);
#11349=SURFACE_STYLE_USAGE(.BOTH.,#11734);
#11350=SURFACE_STYLE_USAGE(.BOTH.,#11735);
#11351=SURFACE_STYLE_USAGE(.BOTH.,#11736);
#11352=SURFACE_STYLE_USAGE(.BOTH.,#11737);
#11353=SURFACE_STYLE_USAGE(.BOTH.,#11738);
#11354=SURFACE_STYLE_USAGE(.BOTH.,#11739);
#11355=SURFACE_STYLE_USAGE(.BOTH.,#11740);
#11356=SURFACE_STYLE_USAGE(.BOTH.,#11741);
#11357=SURFACE_STYLE_USAGE(.BOTH.,#11742);
#11358=SURFACE_STYLE_USAGE(.BOTH.,#11743);
#11359=SURFACE_STYLE_USAGE(.BOTH.,#11744);
#11360=SURFACE_STYLE_USAGE(.BOTH.,#11745);
#11361=SURFACE_STYLE_USAGE(.BOTH.,#11746);
#11362=SURFACE_STYLE_USAGE(.BOTH.,#11747);
#11363=SURFACE_STYLE_USAGE(.BOTH.,#11748);
#11364=SURFACE_STYLE_USAGE(.BOTH.,#11749);
#11365=SURFACE_STYLE_USAGE(.BOTH.,#11750);
#11366=SURFACE_STYLE_USAGE(.BOTH.,#11751);
#11367=SURFACE_STYLE_USAGE(.BOTH.,#11752);
#11368=SURFACE_STYLE_USAGE(.BOTH.,#11753);
#11369=SURFACE_STYLE_USAGE(.BOTH.,#11754);
#11370=SURFACE_STYLE_USAGE(.BOTH.,#11755);
#11371=SURFACE_STYLE_USAGE(.BOTH.,#11756);
#11372=SURFACE_STYLE_USAGE(.BOTH.,#11757);
#11373=SURFACE_STYLE_USAGE(.BOTH.,#11758);
#11374=SURFACE_STYLE_USAGE(.BOTH.,#11759);
#11375=SURFACE_STYLE_USAGE(.BOTH.,#11760);
#11376=SURFACE_STYLE_USAGE(.BOTH.,#11761);
#11377=SURFACE_STYLE_USAGE(.BOTH.,#11762);
#11378=SURFACE_STYLE_USAGE(.BOTH.,#11763);
#11379=SURFACE_STYLE_USAGE(.BOTH.,#11764);
#11380=SURFACE_STYLE_USAGE(.BOTH.,#11765);
#11381=SURFACE_STYLE_USAGE(.BOTH.,#11766);
#11382=SURFACE_STYLE_USAGE(.BOTH.,#11767);
#11383=SURFACE_STYLE_USAGE(.BOTH.,#11768);
#11384=SURFACE_STYLE_USAGE(.BOTH.,#11769);
#11385=SURFACE_STYLE_USAGE(.BOTH.,#11770);
#11386=SURFACE_STYLE_USAGE(.BOTH.,#11771);
#11387=SURFACE_STYLE_USAGE(.BOTH.,#11772);
#11388=SURFACE_STYLE_USAGE(.BOTH.,#11773);
#11389=SURFACE_STYLE_USAGE(.BOTH.,#11774);
#11390=SURFACE_STYLE_USAGE(.BOTH.,#11775);
#11391=SURFACE_STYLE_USAGE(.BOTH.,#11776);
#11392=SURFACE_STYLE_USAGE(.BOTH.,#11777);
#11393=SURFACE_STYLE_USAGE(.BOTH.,#11778);
#11394=SURFACE_STYLE_USAGE(.BOTH.,#11779);
#11395=SURFACE_STYLE_USAGE(.BOTH.,#11780);
#11396=SURFACE_STYLE_USAGE(.BOTH.,#11781);
#11397=SURFACE_STYLE_USAGE(.BOTH.,#11782);
#11398=SURFACE_STYLE_USAGE(.BOTH.,#11783);
#11399=SURFACE_STYLE_USAGE(.BOTH.,#11784);
#11400=SURFACE_STYLE_USAGE(.BOTH.,#11785);
#11401=SURFACE_STYLE_USAGE(.BOTH.,#11786);
#11402=SURFACE_STYLE_USAGE(.BOTH.,#11787);
#11403=SURFACE_STYLE_USAGE(.BOTH.,#11788);
#11404=SURFACE_STYLE_USAGE(.BOTH.,#11789);
#11405=SURFACE_STYLE_USAGE(.BOTH.,#11790);
#11406=SURFACE_STYLE_USAGE(.BOTH.,#11791);
#11407=SURFACE_STYLE_USAGE(.BOTH.,#11792);
#11408=SURFACE_STYLE_USAGE(.BOTH.,#11793);
#11409=SURFACE_STYLE_USAGE(.BOTH.,#11794);
#11410=SURFACE_STYLE_USAGE(.BOTH.,#11795);
#11411=SURFACE_STYLE_USAGE(.BOTH.,#11796);
#11412=SURFACE_STYLE_USAGE(.BOTH.,#11797);
#11413=SURFACE_STYLE_USAGE(.BOTH.,#11798);
#11414=SURFACE_STYLE_USAGE(.BOTH.,#11799);
#11415=SURFACE_STYLE_USAGE(.BOTH.,#11800);
#11416=SURFACE_STYLE_USAGE(.BOTH.,#11801);
#11417=SURFACE_STYLE_USAGE(.BOTH.,#11802);
#11418=SURFACE_STYLE_USAGE(.BOTH.,#11803);
#11419=SURFACE_STYLE_USAGE(.BOTH.,#11804);
#11420=SURFACE_STYLE_USAGE(.BOTH.,#11805);
#11421=SURFACE_STYLE_USAGE(.BOTH.,#11806);
#11422=SURFACE_STYLE_USAGE(.BOTH.,#11807);
#11423=SURFACE_STYLE_USAGE(.BOTH.,#11808);
#11424=SURFACE_STYLE_USAGE(.BOTH.,#11809);
#11425=SURFACE_STYLE_USAGE(.BOTH.,#11810);
#11426=SURFACE_STYLE_USAGE(.BOTH.,#11811);
#11427=SURFACE_STYLE_USAGE(.BOTH.,#11812);
#11428=SURFACE_STYLE_USAGE(.BOTH.,#11813);
#11429=SURFACE_STYLE_USAGE(.BOTH.,#11814);
#11430=SURFACE_STYLE_USAGE(.BOTH.,#11815);
#11431=SURFACE_STYLE_USAGE(.BOTH.,#11816);
#11432=SURFACE_STYLE_USAGE(.BOTH.,#11817);
#11433=SURFACE_STYLE_USAGE(.BOTH.,#11818);
#11434=SURFACE_STYLE_USAGE(.BOTH.,#11819);
#11435=SURFACE_STYLE_USAGE(.BOTH.,#11820);
#11436=SURFACE_STYLE_USAGE(.BOTH.,#11821);
#11437=SURFACE_STYLE_USAGE(.BOTH.,#11822);
#11438=SURFACE_STYLE_USAGE(.BOTH.,#11823);
#11439=SURFACE_STYLE_USAGE(.BOTH.,#11824);
#11440=SURFACE_STYLE_USAGE(.BOTH.,#11825);
#11441=SURFACE_STYLE_USAGE(.BOTH.,#11826);
#11442=SURFACE_STYLE_USAGE(.BOTH.,#11827);
#11443=SURFACE_STYLE_USAGE(.BOTH.,#11828);
#11444=SURFACE_STYLE_USAGE(.BOTH.,#11829);
#11445=SURFACE_STYLE_USAGE(.BOTH.,#11830);
#11446=SURFACE_STYLE_USAGE(.BOTH.,#11831);
#11447=SURFACE_STYLE_USAGE(.BOTH.,#11832);
#11448=SURFACE_STYLE_USAGE(.BOTH.,#11833);
#11449=SURFACE_STYLE_USAGE(.BOTH.,#11834);
#11450=SURFACE_STYLE_USAGE(.BOTH.,#11835);
#11451=SURFACE_STYLE_USAGE(.BOTH.,#11836);
#11452=SURFACE_STYLE_USAGE(.BOTH.,#11837);
#11453=SURFACE_STYLE_USAGE(.BOTH.,#11838);
#11454=SURFACE_STYLE_USAGE(.BOTH.,#11839);
#11455=SURFACE_STYLE_USAGE(.BOTH.,#11840);
#11456=SURFACE_STYLE_USAGE(.BOTH.,#11841);
#11457=SURFACE_STYLE_USAGE(.BOTH.,#11842);
#11458=SURFACE_STYLE_USAGE(.BOTH.,#11843);
#11459=SURFACE_STYLE_USAGE(.BOTH.,#11844);
#11460=SURFACE_STYLE_USAGE(.BOTH.,#11845);
#11461=SURFACE_STYLE_USAGE(.BOTH.,#11846);
#11462=SURFACE_STYLE_USAGE(.BOTH.,#11847);
#11463=SURFACE_STYLE_USAGE(.BOTH.,#11848);
#11464=SURFACE_STYLE_USAGE(.BOTH.,#11849);
#11465=SURFACE_STYLE_USAGE(.BOTH.,#11850);
#11466=SURFACE_STYLE_USAGE(.BOTH.,#11851);
#11467=SURFACE_STYLE_USAGE(.BOTH.,#11852);
#11468=SURFACE_STYLE_USAGE(.BOTH.,#11853);
#11469=SURFACE_STYLE_USAGE(.BOTH.,#11854);
#11470=SURFACE_STYLE_USAGE(.BOTH.,#11855);
#11471=SURFACE_STYLE_USAGE(.BOTH.,#11856);
#11472=SURFACE_STYLE_USAGE(.BOTH.,#11857);
#11473=SURFACE_STYLE_USAGE(.BOTH.,#11858);
#11474=SURFACE_STYLE_USAGE(.BOTH.,#11859);
#11475=SURFACE_STYLE_USAGE(.BOTH.,#11860);
#11476=SURFACE_STYLE_USAGE(.BOTH.,#11861);
#11477=SURFACE_STYLE_USAGE(.BOTH.,#11862);
#11478=SURFACE_STYLE_USAGE(.BOTH.,#11863);
#11479=SURFACE_STYLE_USAGE(.BOTH.,#11864);
#11480=SURFACE_STYLE_USAGE(.BOTH.,#11865);
#11481=SURFACE_STYLE_USAGE(.BOTH.,#11866);
#11482=SURFACE_STYLE_USAGE(.BOTH.,#11867);
#11483=SURFACE_STYLE_USAGE(.BOTH.,#11868);
#11484=SURFACE_STYLE_USAGE(.BOTH.,#11869);
#11485=SURFACE_STYLE_USAGE(.BOTH.,#11870);
#11486=SURFACE_STYLE_USAGE(.BOTH.,#11871);
#11487=SURFACE_STYLE_USAGE(.BOTH.,#11872);
#11488=SURFACE_STYLE_USAGE(.BOTH.,#11873);
#11489=SURFACE_STYLE_USAGE(.BOTH.,#11874);
#11490=SURFACE_STYLE_USAGE(.BOTH.,#11875);
#11491=SURFACE_STYLE_USAGE(.BOTH.,#11876);
#11492=SURFACE_STYLE_USAGE(.BOTH.,#11877);
#11493=SURFACE_STYLE_USAGE(.BOTH.,#11878);
#11494=SURFACE_STYLE_USAGE(.BOTH.,#11879);
#11495=SURFACE_STYLE_USAGE(.BOTH.,#11880);
#11496=SURFACE_STYLE_USAGE(.BOTH.,#11881);
#11497=SURFACE_STYLE_USAGE(.BOTH.,#11882);
#11498=SURFACE_STYLE_USAGE(.BOTH.,#11883);
#11499=SURFACE_STYLE_USAGE(.BOTH.,#11884);
#11500=SURFACE_STYLE_USAGE(.BOTH.,#11885);
#11501=SURFACE_STYLE_USAGE(.BOTH.,#11886);
#11502=SURFACE_STYLE_USAGE(.BOTH.,#11887);
#11503=SURFACE_STYLE_USAGE(.BOTH.,#11888);
#11504=SURFACE_STYLE_USAGE(.BOTH.,#11889);
#11505=SURFACE_STYLE_USAGE(.BOTH.,#11890);
#11506=SURFACE_STYLE_USAGE(.BOTH.,#11891);
#11507=SURFACE_STYLE_USAGE(.BOTH.,#11892);
#11508=SURFACE_STYLE_USAGE(.BOTH.,#11893);
#11509=SURFACE_STYLE_USAGE(.BOTH.,#11894);
#11510=SURFACE_STYLE_USAGE(.BOTH.,#11895);
#11511=SURFACE_STYLE_USAGE(.BOTH.,#11896);
#11512=SURFACE_STYLE_USAGE(.BOTH.,#11897);
#11513=SURFACE_STYLE_USAGE(.BOTH.,#11898);
#11514=SURFACE_STYLE_USAGE(.BOTH.,#11899);
#11515=SURFACE_STYLE_USAGE(.BOTH.,#11900);
#11516=SURFACE_STYLE_USAGE(.BOTH.,#11901);
#11517=SURFACE_STYLE_USAGE(.BOTH.,#11902);
#11518=SURFACE_STYLE_USAGE(.BOTH.,#11903);
#11519=SURFACE_STYLE_USAGE(.BOTH.,#11904);
#11520=SURFACE_STYLE_USAGE(.BOTH.,#11905);
#11521=SURFACE_STYLE_USAGE(.BOTH.,#11906);
#11522=SURFACE_STYLE_USAGE(.BOTH.,#11907);
#11523=SURFACE_STYLE_USAGE(.BOTH.,#11908);
#11524=SURFACE_STYLE_USAGE(.BOTH.,#11909);
#11525=SURFACE_STYLE_USAGE(.BOTH.,#11910);
#11526=SURFACE_STYLE_USAGE(.BOTH.,#11911);
#11527=SURFACE_STYLE_USAGE(.BOTH.,#11912);
#11528=SURFACE_STYLE_USAGE(.BOTH.,#11913);
#11529=SURFACE_STYLE_USAGE(.BOTH.,#11914);
#11530=SURFACE_STYLE_USAGE(.BOTH.,#11915);
#11531=SURFACE_STYLE_USAGE(.BOTH.,#11916);
#11532=SURFACE_STYLE_USAGE(.BOTH.,#11917);
#11533=SURFACE_STYLE_USAGE(.BOTH.,#11918);
#11534=SURFACE_STYLE_USAGE(.BOTH.,#11919);
#11535=SURFACE_STYLE_USAGE(.BOTH.,#11920);
#11536=SURFACE_STYLE_USAGE(.BOTH.,#11921);
#11537=SURFACE_STYLE_USAGE(.BOTH.,#11922);
#11538=SURFACE_STYLE_USAGE(.BOTH.,#11923);
#11539=SURFACE_STYLE_USAGE(.BOTH.,#11924);
#11540=SURFACE_STYLE_USAGE(.BOTH.,#11925);
#11541=SURFACE_STYLE_USAGE(.BOTH.,#11926);
#11542=SURFACE_STYLE_USAGE(.BOTH.,#11927);
#11543=SURFACE_STYLE_USAGE(.BOTH.,#11928);
#11544=SURFACE_STYLE_USAGE(.BOTH.,#11929);
#11545=SURFACE_STYLE_USAGE(.BOTH.,#11930);
#11546=SURFACE_STYLE_USAGE(.BOTH.,#11931);
#11547=SURFACE_STYLE_USAGE(.BOTH.,#11932);
#11548=SURFACE_STYLE_USAGE(.BOTH.,#11933);
#11549=SURFACE_STYLE_USAGE(.BOTH.,#11934);
#11550=SURFACE_STYLE_USAGE(.BOTH.,#11935);
#11551=SURFACE_STYLE_USAGE(.BOTH.,#11936);
#11552=SURFACE_STYLE_USAGE(.BOTH.,#11937);
#11553=SURFACE_STYLE_USAGE(.BOTH.,#11938);
#11554=SURFACE_STYLE_USAGE(.BOTH.,#11939);
#11555=SURFACE_STYLE_USAGE(.BOTH.,#11940);
#11556=SURFACE_STYLE_USAGE(.BOTH.,#11941);
#11557=SURFACE_STYLE_USAGE(.BOTH.,#11942);
#11558=SURFACE_STYLE_USAGE(.BOTH.,#11943);
#11559=SURFACE_STYLE_USAGE(.BOTH.,#11944);
#11560=SURFACE_STYLE_USAGE(.BOTH.,#11945);
#11561=SURFACE_STYLE_USAGE(.BOTH.,#11946);
#11562=SURFACE_STYLE_USAGE(.BOTH.,#11947);
#11563=SURFACE_STYLE_USAGE(.BOTH.,#11948);
#11564=SURFACE_STYLE_USAGE(.BOTH.,#11949);
#11565=SURFACE_STYLE_USAGE(.BOTH.,#11950);
#11566=SURFACE_STYLE_USAGE(.BOTH.,#11951);
#11567=SURFACE_STYLE_USAGE(.BOTH.,#11952);
#11568=SURFACE_STYLE_USAGE(.BOTH.,#11953);
#11569=SURFACE_STYLE_USAGE(.BOTH.,#11954);
#11570=SURFACE_STYLE_USAGE(.BOTH.,#11955);
#11571=SURFACE_STYLE_USAGE(.BOTH.,#11956);
#11572=SURFACE_STYLE_USAGE(.BOTH.,#11957);
#11573=SURFACE_STYLE_USAGE(.BOTH.,#11958);
#11574=SURFACE_STYLE_USAGE(.BOTH.,#11959);
#11575=SURFACE_STYLE_USAGE(.BOTH.,#11960);
#11576=SURFACE_STYLE_USAGE(.BOTH.,#11961);
#11577=SURFACE_STYLE_USAGE(.BOTH.,#11962);
#11578=SURFACE_STYLE_USAGE(.BOTH.,#11963);
#11579=SURFACE_STYLE_USAGE(.BOTH.,#11964);
#11580=SURFACE_STYLE_USAGE(.BOTH.,#11965);
#11581=SURFACE_STYLE_USAGE(.BOTH.,#11966);
#11582=SURFACE_STYLE_USAGE(.BOTH.,#11967);
#11583=SURFACE_STYLE_USAGE(.BOTH.,#11968);
#11584=SURFACE_STYLE_USAGE(.BOTH.,#11969);
#11585=SURFACE_STYLE_USAGE(.BOTH.,#11970);
#11586=SURFACE_STYLE_USAGE(.BOTH.,#11971);
#11587=SURFACE_STYLE_USAGE(.BOTH.,#11972);
#11588=SURFACE_STYLE_USAGE(.BOTH.,#11973);
#11589=SURFACE_STYLE_USAGE(.BOTH.,#11974);
#11590=SURFACE_STYLE_USAGE(.BOTH.,#11975);
#11591=SURFACE_STYLE_USAGE(.BOTH.,#11976);
#11592=SURFACE_STYLE_USAGE(.BOTH.,#11977);
#11593=SURFACE_STYLE_USAGE(.BOTH.,#11978);
#11594=SURFACE_STYLE_USAGE(.BOTH.,#11979);
#11595=SURFACE_STYLE_USAGE(.BOTH.,#11980);
#11596=SURFACE_STYLE_USAGE(.BOTH.,#11981);
#11597=SURFACE_STYLE_USAGE(.BOTH.,#11982);
#11598=SURFACE_STYLE_USAGE(.BOTH.,#11983);
#11599=SURFACE_STYLE_USAGE(.BOTH.,#11984);
#11600=SURFACE_STYLE_USAGE(.BOTH.,#11985);
#11601=SURFACE_STYLE_USAGE(.BOTH.,#11986);
#11602=SURFACE_STYLE_USAGE(.BOTH.,#11987);
#11603=SURFACE_STYLE_USAGE(.BOTH.,#11988);
#11604=SURFACE_STYLE_USAGE(.BOTH.,#11989);
#11605=SURFACE_STYLE_USAGE(.BOTH.,#11990);
#11606=SURFACE_STYLE_USAGE(.BOTH.,#11991);
#11607=SURFACE_STYLE_USAGE(.BOTH.,#11992);
#11608=SURFACE_STYLE_USAGE(.BOTH.,#11993);
#11609=SURFACE_STYLE_USAGE(.BOTH.,#11994);
#11610=SURFACE_STYLE_USAGE(.BOTH.,#11995);
#11611=SURFACE_STYLE_USAGE(.BOTH.,#11996);
#11612=SURFACE_STYLE_USAGE(.BOTH.,#11997);
#11613=SURFACE_STYLE_USAGE(.BOTH.,#11998);
#11614=SURFACE_STYLE_USAGE(.BOTH.,#11999);
#11615=SURFACE_STYLE_USAGE(.BOTH.,#12000);
#11616=SURFACE_STYLE_USAGE(.BOTH.,#12001);
#11617=SURFACE_STYLE_USAGE(.BOTH.,#12002);
#11618=SURFACE_STYLE_USAGE(.BOTH.,#12003);
#11619=SURFACE_STYLE_USAGE(.BOTH.,#12004);
#11620=SURFACE_STYLE_USAGE(.BOTH.,#12005);
#11621=SURFACE_STYLE_USAGE(.BOTH.,#12006);
#11622=SURFACE_STYLE_USAGE(.BOTH.,#12007);
#11623=SURFACE_STYLE_USAGE(.BOTH.,#12008);
#11624=SURFACE_STYLE_USAGE(.BOTH.,#12009);
#11625=SURFACE_STYLE_USAGE(.BOTH.,#12010);
#11626=SURFACE_STYLE_USAGE(.BOTH.,#12011);
#11627=SURFACE_STYLE_USAGE(.BOTH.,#12012);
#11628=SURFACE_STYLE_USAGE(.BOTH.,#12013);
#11629=SURFACE_STYLE_USAGE(.BOTH.,#12014);
#11630=SURFACE_STYLE_USAGE(.BOTH.,#12015);
#11631=SURFACE_STYLE_USAGE(.BOTH.,#12016);
#11632=SURFACE_STYLE_USAGE(.BOTH.,#12017);
#11633=SURFACE_STYLE_USAGE(.BOTH.,#12018);
#11634=SURFACE_STYLE_USAGE(.BOTH.,#12019);
#11635=SURFACE_STYLE_USAGE(.BOTH.,#12020);
#11636=SURFACE_STYLE_USAGE(.BOTH.,#12021);
#11637=SURFACE_STYLE_USAGE(.BOTH.,#12022);
#11638=SURFACE_STYLE_USAGE(.BOTH.,#12023);
#11639=SURFACE_STYLE_USAGE(.BOTH.,#12024);
#11640=SURFACE_STYLE_USAGE(.BOTH.,#12025);
#11641=SURFACE_STYLE_USAGE(.BOTH.,#12026);
#11642=SURFACE_STYLE_USAGE(.BOTH.,#12027);
#11643=SURFACE_STYLE_USAGE(.BOTH.,#12028);
#11644=SURFACE_STYLE_USAGE(.BOTH.,#12029);
#11645=SURFACE_STYLE_USAGE(.BOTH.,#12030);
#11646=SURFACE_STYLE_USAGE(.BOTH.,#12031);
#11647=SURFACE_STYLE_USAGE(.BOTH.,#12032);
#11648=SURFACE_STYLE_USAGE(.BOTH.,#12033);
#11649=SURFACE_STYLE_USAGE(.BOTH.,#12034);
#11650=SURFACE_STYLE_USAGE(.BOTH.,#12035);
#11651=SURFACE_STYLE_USAGE(.BOTH.,#12036);
#11652=SURFACE_STYLE_USAGE(.BOTH.,#12037);
#11653=SURFACE_STYLE_USAGE(.BOTH.,#12038);
#11654=SURFACE_STYLE_USAGE(.BOTH.,#12039);
#11655=SURFACE_STYLE_USAGE(.BOTH.,#12040);
#11656=SURFACE_STYLE_USAGE(.BOTH.,#12041);
#11657=SURFACE_STYLE_USAGE(.BOTH.,#12042);
#11658=SURFACE_STYLE_USAGE(.BOTH.,#12043);
#11659=SURFACE_STYLE_USAGE(.BOTH.,#12044);
#11660=SURFACE_STYLE_USAGE(.BOTH.,#12045);
#11661=SURFACE_STYLE_USAGE(.BOTH.,#12046);
#11662=SURFACE_STYLE_USAGE(.BOTH.,#12047);
#11663=SURFACE_STYLE_USAGE(.BOTH.,#12048);
#11664=SURFACE_STYLE_USAGE(.BOTH.,#12049);
#11665=SURFACE_STYLE_USAGE(.BOTH.,#12050);
#11666=SURFACE_STYLE_USAGE(.BOTH.,#12051);
#11667=SURFACE_STYLE_USAGE(.BOTH.,#12052);
#11668=SURFACE_STYLE_USAGE(.BOTH.,#12053);
#11669=SURFACE_STYLE_USAGE(.BOTH.,#12054);
#11670=SURFACE_STYLE_USAGE(.BOTH.,#12055);
#11671=SURFACE_STYLE_USAGE(.BOTH.,#12056);
#11672=SURFACE_STYLE_USAGE(.BOTH.,#12057);
#11673=SURFACE_STYLE_USAGE(.BOTH.,#12058);
#11674=SURFACE_STYLE_USAGE(.BOTH.,#12059);
#11675=SURFACE_STYLE_USAGE(.BOTH.,#12060);
#11676=SURFACE_STYLE_USAGE(.BOTH.,#12061);
#11677=SURFACE_STYLE_USAGE(.BOTH.,#12062);
#11678=SURFACE_SIDE_STYLE('',(#12063));
#11679=SURFACE_SIDE_STYLE('',(#12064));
#11680=SURFACE_SIDE_STYLE('',(#12065));
#11681=SURFACE_SIDE_STYLE('',(#12066));
#11682=SURFACE_SIDE_STYLE('',(#12067));
#11683=SURFACE_SIDE_STYLE('',(#12068));
#11684=SURFACE_SIDE_STYLE('',(#12069));
#11685=SURFACE_SIDE_STYLE('',(#12070));
#11686=SURFACE_SIDE_STYLE('',(#12071));
#11687=SURFACE_SIDE_STYLE('',(#12072));
#11688=SURFACE_SIDE_STYLE('',(#12073));
#11689=SURFACE_SIDE_STYLE('',(#12074));
#11690=SURFACE_SIDE_STYLE('',(#12075));
#11691=SURFACE_SIDE_STYLE('',(#12076));
#11692=SURFACE_SIDE_STYLE('',(#12077));
#11693=SURFACE_SIDE_STYLE('',(#12078));
#11694=SURFACE_SIDE_STYLE('',(#12079));
#11695=SURFACE_SIDE_STYLE('',(#12080));
#11696=SURFACE_SIDE_STYLE('',(#12081));
#11697=SURFACE_SIDE_STYLE('',(#12082));
#11698=SURFACE_SIDE_STYLE('',(#12083));
#11699=SURFACE_SIDE_STYLE('',(#12084));
#11700=SURFACE_SIDE_STYLE('',(#12085));
#11701=SURFACE_SIDE_STYLE('',(#12086));
#11702=SURFACE_SIDE_STYLE('',(#12087));
#11703=SURFACE_SIDE_STYLE('',(#12088));
#11704=SURFACE_SIDE_STYLE('',(#12089));
#11705=SURFACE_SIDE_STYLE('',(#12090));
#11706=SURFACE_SIDE_STYLE('',(#12091));
#11707=SURFACE_SIDE_STYLE('',(#12092));
#11708=SURFACE_SIDE_STYLE('',(#12093));
#11709=SURFACE_SIDE_STYLE('',(#12094));
#11710=SURFACE_SIDE_STYLE('',(#12095));
#11711=SURFACE_SIDE_STYLE('',(#12096));
#11712=SURFACE_SIDE_STYLE('',(#12097));
#11713=SURFACE_SIDE_STYLE('',(#12098));
#11714=SURFACE_SIDE_STYLE('',(#12099));
#11715=SURFACE_SIDE_STYLE('',(#12100));
#11716=SURFACE_SIDE_STYLE('',(#12101));
#11717=SURFACE_SIDE_STYLE('',(#12102));
#11718=SURFACE_SIDE_STYLE('',(#12103));
#11719=SURFACE_SIDE_STYLE('',(#12104));
#11720=SURFACE_SIDE_STYLE('',(#12105));
#11721=SURFACE_SIDE_STYLE('',(#12106));
#11722=SURFACE_SIDE_STYLE('',(#12107));
#11723=SURFACE_SIDE_STYLE('',(#12108));
#11724=SURFACE_SIDE_STYLE('',(#12109));
#11725=SURFACE_SIDE_STYLE('',(#12110));
#11726=SURFACE_SIDE_STYLE('',(#12111));
#11727=SURFACE_SIDE_STYLE('',(#12112));
#11728=SURFACE_SIDE_STYLE('',(#12113));
#11729=SURFACE_SIDE_STYLE('',(#12114));
#11730=SURFACE_SIDE_STYLE('',(#12115));
#11731=SURFACE_SIDE_STYLE('',(#12116));
#11732=SURFACE_SIDE_STYLE('',(#12117));
#11733=SURFACE_SIDE_STYLE('',(#12118));
#11734=SURFACE_SIDE_STYLE('',(#12119));
#11735=SURFACE_SIDE_STYLE('',(#12120));
#11736=SURFACE_SIDE_STYLE('',(#12121));
#11737=SURFACE_SIDE_STYLE('',(#12122));
#11738=SURFACE_SIDE_STYLE('',(#12123));
#11739=SURFACE_SIDE_STYLE('',(#12124));
#11740=SURFACE_SIDE_STYLE('',(#12125));
#11741=SURFACE_SIDE_STYLE('',(#12126));
#11742=SURFACE_SIDE_STYLE('',(#12127));
#11743=SURFACE_SIDE_STYLE('',(#12128));
#11744=SURFACE_SIDE_STYLE('',(#12129));
#11745=SURFACE_SIDE_STYLE('',(#12130));
#11746=SURFACE_SIDE_STYLE('',(#12131));
#11747=SURFACE_SIDE_STYLE('',(#12132));
#11748=SURFACE_SIDE_STYLE('',(#12133));
#11749=SURFACE_SIDE_STYLE('',(#12134));
#11750=SURFACE_SIDE_STYLE('',(#12135));
#11751=SURFACE_SIDE_STYLE('',(#12136));
#11752=SURFACE_SIDE_STYLE('',(#12137));
#11753=SURFACE_SIDE_STYLE('',(#12138));
#11754=SURFACE_SIDE_STYLE('',(#12139));
#11755=SURFACE_SIDE_STYLE('',(#12140));
#11756=SURFACE_SIDE_STYLE('',(#12141));
#11757=SURFACE_SIDE_STYLE('',(#12142));
#11758=SURFACE_SIDE_STYLE('',(#12143));
#11759=SURFACE_SIDE_STYLE('',(#12144));
#11760=SURFACE_SIDE_STYLE('',(#12145));
#11761=SURFACE_SIDE_STYLE('',(#12146));
#11762=SURFACE_SIDE_STYLE('',(#12147));
#11763=SURFACE_SIDE_STYLE('',(#12148));
#11764=SURFACE_SIDE_STYLE('',(#12149));
#11765=SURFACE_SIDE_STYLE('',(#12150));
#11766=SURFACE_SIDE_STYLE('',(#12151));
#11767=SURFACE_SIDE_STYLE('',(#12152));
#11768=SURFACE_SIDE_STYLE('',(#12153));
#11769=SURFACE_SIDE_STYLE('',(#12154));
#11770=SURFACE_SIDE_STYLE('',(#12155));
#11771=SURFACE_SIDE_STYLE('',(#12156));
#11772=SURFACE_SIDE_STYLE('',(#12157));
#11773=SURFACE_SIDE_STYLE('',(#12158));
#11774=SURFACE_SIDE_STYLE('',(#12159));
#11775=SURFACE_SIDE_STYLE('',(#12160));
#11776=SURFACE_SIDE_STYLE('',(#12161));
#11777=SURFACE_SIDE_STYLE('',(#12162));
#11778=SURFACE_SIDE_STYLE('',(#12163));
#11779=SURFACE_SIDE_STYLE('',(#12164));
#11780=SURFACE_SIDE_STYLE('',(#12165));
#11781=SURFACE_SIDE_STYLE('',(#12166));
#11782=SURFACE_SIDE_STYLE('',(#12167));
#11783=SURFACE_SIDE_STYLE('',(#12168));
#11784=SURFACE_SIDE_STYLE('',(#12169));
#11785=SURFACE_SIDE_STYLE('',(#12170));
#11786=SURFACE_SIDE_STYLE('',(#12171));
#11787=SURFACE_SIDE_STYLE('',(#12172));
#11788=SURFACE_SIDE_STYLE('',(#12173));
#11789=SURFACE_SIDE_STYLE('',(#12174));
#11790=SURFACE_SIDE_STYLE('',(#12175));
#11791=SURFACE_SIDE_STYLE('',(#12176));
#11792=SURFACE_SIDE_STYLE('',(#12177));
#11793=SURFACE_SIDE_STYLE('',(#12178));
#11794=SURFACE_SIDE_STYLE('',(#12179));
#11795=SURFACE_SIDE_STYLE('',(#12180));
#11796=SURFACE_SIDE_STYLE('',(#12181));
#11797=SURFACE_SIDE_STYLE('',(#12182));
#11798=SURFACE_SIDE_STYLE('',(#12183));
#11799=SURFACE_SIDE_STYLE('',(#12184));
#11800=SURFACE_SIDE_STYLE('',(#12185));
#11801=SURFACE_SIDE_STYLE('',(#12186));
#11802=SURFACE_SIDE_STYLE('',(#12187));
#11803=SURFACE_SIDE_STYLE('',(#12188));
#11804=SURFACE_SIDE_STYLE('',(#12189));
#11805=SURFACE_SIDE_STYLE('',(#12190));
#11806=SURFACE_SIDE_STYLE('',(#12191));
#11807=SURFACE_SIDE_STYLE('',(#12192));
#11808=SURFACE_SIDE_STYLE('',(#12193));
#11809=SURFACE_SIDE_STYLE('',(#12194));
#11810=SURFACE_SIDE_STYLE('',(#12195));
#11811=SURFACE_SIDE_STYLE('',(#12196));
#11812=SURFACE_SIDE_STYLE('',(#12197));
#11813=SURFACE_SIDE_STYLE('',(#12198));
#11814=SURFACE_SIDE_STYLE('',(#12199));
#11815=SURFACE_SIDE_STYLE('',(#12200));
#11816=SURFACE_SIDE_STYLE('',(#12201));
#11817=SURFACE_SIDE_STYLE('',(#12202));
#11818=SURFACE_SIDE_STYLE('',(#12203));
#11819=SURFACE_SIDE_STYLE('',(#12204));
#11820=SURFACE_SIDE_STYLE('',(#12205));
#11821=SURFACE_SIDE_STYLE('',(#12206));
#11822=SURFACE_SIDE_STYLE('',(#12207));
#11823=SURFACE_SIDE_STYLE('',(#12208));
#11824=SURFACE_SIDE_STYLE('',(#12209));
#11825=SURFACE_SIDE_STYLE('',(#12210));
#11826=SURFACE_SIDE_STYLE('',(#12211));
#11827=SURFACE_SIDE_STYLE('',(#12212));
#11828=SURFACE_SIDE_STYLE('',(#12213));
#11829=SURFACE_SIDE_STYLE('',(#12214));
#11830=SURFACE_SIDE_STYLE('',(#12215));
#11831=SURFACE_SIDE_STYLE('',(#12216));
#11832=SURFACE_SIDE_STYLE('',(#12217));
#11833=SURFACE_SIDE_STYLE('',(#12218));
#11834=SURFACE_SIDE_STYLE('',(#12219));
#11835=SURFACE_SIDE_STYLE('',(#12220));
#11836=SURFACE_SIDE_STYLE('',(#12221));
#11837=SURFACE_SIDE_STYLE('',(#12222));
#11838=SURFACE_SIDE_STYLE('',(#12223));
#11839=SURFACE_SIDE_STYLE('',(#12224));
#11840=SURFACE_SIDE_STYLE('',(#12225));
#11841=SURFACE_SIDE_STYLE('',(#12226));
#11842=SURFACE_SIDE_STYLE('',(#12227));
#11843=SURFACE_SIDE_STYLE('',(#12228));
#11844=SURFACE_SIDE_STYLE('',(#12229));
#11845=SURFACE_SIDE_STYLE('',(#12230));
#11846=SURFACE_SIDE_STYLE('',(#12231));
#11847=SURFACE_SIDE_STYLE('',(#12232));
#11848=SURFACE_SIDE_STYLE('',(#12233));
#11849=SURFACE_SIDE_STYLE('',(#12234));
#11850=SURFACE_SIDE_STYLE('',(#12235));
#11851=SURFACE_SIDE_STYLE('',(#12236));
#11852=SURFACE_SIDE_STYLE('',(#12237));
#11853=SURFACE_SIDE_STYLE('',(#12238));
#11854=SURFACE_SIDE_STYLE('',(#12239));
#11855=SURFACE_SIDE_STYLE('',(#12240));
#11856=SURFACE_SIDE_STYLE('',(#12241));
#11857=SURFACE_SIDE_STYLE('',(#12242));
#11858=SURFACE_SIDE_STYLE('',(#12243));
#11859=SURFACE_SIDE_STYLE('',(#12244));
#11860=SURFACE_SIDE_STYLE('',(#12245));
#11861=SURFACE_SIDE_STYLE('',(#12246));
#11862=SURFACE_SIDE_STYLE('',(#12247));
#11863=SURFACE_SIDE_STYLE('',(#12248));
#11864=SURFACE_SIDE_STYLE('',(#12249));
#11865=SURFACE_SIDE_STYLE('',(#12250));
#11866=SURFACE_SIDE_STYLE('',(#12251));
#11867=SURFACE_SIDE_STYLE('',(#12252));
#11868=SURFACE_SIDE_STYLE('',(#12253));
#11869=SURFACE_SIDE_STYLE('',(#12254));
#11870=SURFACE_SIDE_STYLE('',(#12255));
#11871=SURFACE_SIDE_STYLE('',(#12256));
#11872=SURFACE_SIDE_STYLE('',(#12257));
#11873=SURFACE_SIDE_STYLE('',(#12258));
#11874=SURFACE_SIDE_STYLE('',(#12259));
#11875=SURFACE_SIDE_STYLE('',(#12260));
#11876=SURFACE_SIDE_STYLE('',(#12261));
#11877=SURFACE_SIDE_STYLE('',(#12262));
#11878=SURFACE_SIDE_STYLE('',(#12263));
#11879=SURFACE_SIDE_STYLE('',(#12264));
#11880=SURFACE_SIDE_STYLE('',(#12265));
#11881=SURFACE_SIDE_STYLE('',(#12266));
#11882=SURFACE_SIDE_STYLE('',(#12267));
#11883=SURFACE_SIDE_STYLE('',(#12268));
#11884=SURFACE_SIDE_STYLE('',(#12269));
#11885=SURFACE_SIDE_STYLE('',(#12270));
#11886=SURFACE_SIDE_STYLE('',(#12271));
#11887=SURFACE_SIDE_STYLE('',(#12272));
#11888=SURFACE_SIDE_STYLE('',(#12273));
#11889=SURFACE_SIDE_STYLE('',(#12274));
#11890=SURFACE_SIDE_STYLE('',(#12275));
#11891=SURFACE_SIDE_STYLE('',(#12276));
#11892=SURFACE_SIDE_STYLE('',(#12277));
#11893=SURFACE_SIDE_STYLE('',(#12278));
#11894=SURFACE_SIDE_STYLE('',(#12279));
#11895=SURFACE_SIDE_STYLE('',(#12280));
#11896=SURFACE_SIDE_STYLE('',(#12281));
#11897=SURFACE_SIDE_STYLE('',(#12282));
#11898=SURFACE_SIDE_STYLE('',(#12283));
#11899=SURFACE_SIDE_STYLE('',(#12284));
#11900=SURFACE_SIDE_STYLE('',(#12285));
#11901=SURFACE_SIDE_STYLE('',(#12286));
#11902=SURFACE_SIDE_STYLE('',(#12287));
#11903=SURFACE_SIDE_STYLE('',(#12288));
#11904=SURFACE_SIDE_STYLE('',(#12289));
#11905=SURFACE_SIDE_STYLE('',(#12290));
#11906=SURFACE_SIDE_STYLE('',(#12291));
#11907=SURFACE_SIDE_STYLE('',(#12292));
#11908=SURFACE_SIDE_STYLE('',(#12293));
#11909=SURFACE_SIDE_STYLE('',(#12294));
#11910=SURFACE_SIDE_STYLE('',(#12295));
#11911=SURFACE_SIDE_STYLE('',(#12296));
#11912=SURFACE_SIDE_STYLE('',(#12297));
#11913=SURFACE_SIDE_STYLE('',(#12298));
#11914=SURFACE_SIDE_STYLE('',(#12299));
#11915=SURFACE_SIDE_STYLE('',(#12300));
#11916=SURFACE_SIDE_STYLE('',(#12301));
#11917=SURFACE_SIDE_STYLE('',(#12302));
#11918=SURFACE_SIDE_STYLE('',(#12303));
#11919=SURFACE_SIDE_STYLE('',(#12304));
#11920=SURFACE_SIDE_STYLE('',(#12305));
#11921=SURFACE_SIDE_STYLE('',(#12306));
#11922=SURFACE_SIDE_STYLE('',(#12307));
#11923=SURFACE_SIDE_STYLE('',(#12308));
#11924=SURFACE_SIDE_STYLE('',(#12309));
#11925=SURFACE_SIDE_STYLE('',(#12310));
#11926=SURFACE_SIDE_STYLE('',(#12311));
#11927=SURFACE_SIDE_STYLE('',(#12312));
#11928=SURFACE_SIDE_STYLE('',(#12313));
#11929=SURFACE_SIDE_STYLE('',(#12314));
#11930=SURFACE_SIDE_STYLE('',(#12315));
#11931=SURFACE_SIDE_STYLE('',(#12316));
#11932=SURFACE_SIDE_STYLE('',(#12317));
#11933=SURFACE_SIDE_STYLE('',(#12318));
#11934=SURFACE_SIDE_STYLE('',(#12319));
#11935=SURFACE_SIDE_STYLE('',(#12320));
#11936=SURFACE_SIDE_STYLE('',(#12321));
#11937=SURFACE_SIDE_STYLE('',(#12322));
#11938=SURFACE_SIDE_STYLE('',(#12323));
#11939=SURFACE_SIDE_STYLE('',(#12324));
#11940=SURFACE_SIDE_STYLE('',(#12325));
#11941=SURFACE_SIDE_STYLE('',(#12326));
#11942=SURFACE_SIDE_STYLE('',(#12327));
#11943=SURFACE_SIDE_STYLE('',(#12328));
#11944=SURFACE_SIDE_STYLE('',(#12329));
#11945=SURFACE_SIDE_STYLE('',(#12330));
#11946=SURFACE_SIDE_STYLE('',(#12331));
#11947=SURFACE_SIDE_STYLE('',(#12332));
#11948=SURFACE_SIDE_STYLE('',(#12333));
#11949=SURFACE_SIDE_STYLE('',(#12334));
#11950=SURFACE_SIDE_STYLE('',(#12335));
#11951=SURFACE_SIDE_STYLE('',(#12336));
#11952=SURFACE_SIDE_STYLE('',(#12337));
#11953=SURFACE_SIDE_STYLE('',(#12338));
#11954=SURFACE_SIDE_STYLE('',(#12339));
#11955=SURFACE_SIDE_STYLE('',(#12340));
#11956=SURFACE_SIDE_STYLE('',(#12341));
#11957=SURFACE_SIDE_STYLE('',(#12342));
#11958=SURFACE_SIDE_STYLE('',(#12343));
#11959=SURFACE_SIDE_STYLE('',(#12344));
#11960=SURFACE_SIDE_STYLE('',(#12345));
#11961=SURFACE_SIDE_STYLE('',(#12346));
#11962=SURFACE_SIDE_STYLE('',(#12347));
#11963=SURFACE_SIDE_STYLE('',(#12348));
#11964=SURFACE_SIDE_STYLE('',(#12349));
#11965=SURFACE_SIDE_STYLE('',(#12350));
#11966=SURFACE_SIDE_STYLE('',(#12351));
#11967=SURFACE_SIDE_STYLE('',(#12352));
#11968=SURFACE_SIDE_STYLE('',(#12353));
#11969=SURFACE_SIDE_STYLE('',(#12354));
#11970=SURFACE_SIDE_STYLE('',(#12355));
#11971=SURFACE_SIDE_STYLE('',(#12356));
#11972=SURFACE_SIDE_STYLE('',(#12357));
#11973=SURFACE_SIDE_STYLE('',(#12358));
#11974=SURFACE_SIDE_STYLE('',(#12359));
#11975=SURFACE_SIDE_STYLE('',(#12360));
#11976=SURFACE_SIDE_STYLE('',(#12361));
#11977=SURFACE_SIDE_STYLE('',(#12362));
#11978=SURFACE_SIDE_STYLE('',(#12363));
#11979=SURFACE_SIDE_STYLE('',(#12364));
#11980=SURFACE_SIDE_STYLE('',(#12365));
#11981=SURFACE_SIDE_STYLE('',(#12366));
#11982=SURFACE_SIDE_STYLE('',(#12367));
#11983=SURFACE_SIDE_STYLE('',(#12368));
#11984=SURFACE_SIDE_STYLE('',(#12369));
#11985=SURFACE_SIDE_STYLE('',(#12370));
#11986=SURFACE_SIDE_STYLE('',(#12371));
#11987=SURFACE_SIDE_STYLE('',(#12372));
#11988=SURFACE_SIDE_STYLE('',(#12373));
#11989=SURFACE_SIDE_STYLE('',(#12374));
#11990=SURFACE_SIDE_STYLE('',(#12375));
#11991=SURFACE_SIDE_STYLE('',(#12376));
#11992=SURFACE_SIDE_STYLE('',(#12377));
#11993=SURFACE_SIDE_STYLE('',(#12378));
#11994=SURFACE_SIDE_STYLE('',(#12379));
#11995=SURFACE_SIDE_STYLE('',(#12380));
#11996=SURFACE_SIDE_STYLE('',(#12381));
#11997=SURFACE_SIDE_STYLE('',(#12382));
#11998=SURFACE_SIDE_STYLE('',(#12383));
#11999=SURFACE_SIDE_STYLE('',(#12384));
#12000=SURFACE_SIDE_STYLE('',(#12385));
#12001=SURFACE_SIDE_STYLE('',(#12386));
#12002=SURFACE_SIDE_STYLE('',(#12387));
#12003=SURFACE_SIDE_STYLE('',(#12388));
#12004=SURFACE_SIDE_STYLE('',(#12389));
#12005=SURFACE_SIDE_STYLE('',(#12390));
#12006=SURFACE_SIDE_STYLE('',(#12391));
#12007=SURFACE_SIDE_STYLE('',(#12392));
#12008=SURFACE_SIDE_STYLE('',(#12393));
#12009=SURFACE_SIDE_STYLE('',(#12394));
#12010=SURFACE_SIDE_STYLE('',(#12395));
#12011=SURFACE_SIDE_STYLE('',(#12396));
#12012=SURFACE_SIDE_STYLE('',(#12397));
#12013=SURFACE_SIDE_STYLE('',(#12398));
#12014=SURFACE_SIDE_STYLE('',(#12399));
#12015=SURFACE_SIDE_STYLE('',(#12400));
#12016=SURFACE_SIDE_STYLE('',(#12401));
#12017=SURFACE_SIDE_STYLE('',(#12402));
#12018=SURFACE_SIDE_STYLE('',(#12403));
#12019=SURFACE_SIDE_STYLE('',(#12404));
#12020=SURFACE_SIDE_STYLE('',(#12405));
#12021=SURFACE_SIDE_STYLE('',(#12406));
#12022=SURFACE_SIDE_STYLE('',(#12407));
#12023=SURFACE_SIDE_STYLE('',(#12408));
#12024=SURFACE_SIDE_STYLE('',(#12409));
#12025=SURFACE_SIDE_STYLE('',(#12410));
#12026=SURFACE_SIDE_STYLE('',(#12411));
#12027=SURFACE_SIDE_STYLE('',(#12412));
#12028=SURFACE_SIDE_STYLE('',(#12413));
#12029=SURFACE_SIDE_STYLE('',(#12414));
#12030=SURFACE_SIDE_STYLE('',(#12415));
#12031=SURFACE_SIDE_STYLE('',(#12416));
#12032=SURFACE_SIDE_STYLE('',(#12417));
#12033=SURFACE_SIDE_STYLE('',(#12418));
#12034=SURFACE_SIDE_STYLE('',(#12419));
#12035=SURFACE_SIDE_STYLE('',(#12420));
#12036=SURFACE_SIDE_STYLE('',(#12421));
#12037=SURFACE_SIDE_STYLE('',(#12422));
#12038=SURFACE_SIDE_STYLE('',(#12423));
#12039=SURFACE_SIDE_STYLE('',(#12424));
#12040=SURFACE_SIDE_STYLE('',(#12425));
#12041=SURFACE_SIDE_STYLE('',(#12426));
#12042=SURFACE_SIDE_STYLE('',(#12427));
#12043=SURFACE_SIDE_STYLE('',(#12428));
#12044=SURFACE_SIDE_STYLE('',(#12429));
#12045=SURFACE_SIDE_STYLE('',(#12430));
#12046=SURFACE_SIDE_STYLE('',(#12431));
#12047=SURFACE_SIDE_STYLE('',(#12432));
#12048=SURFACE_SIDE_STYLE('',(#12433));
#12049=SURFACE_SIDE_STYLE('',(#12434));
#12050=SURFACE_SIDE_STYLE('',(#12435));
#12051=SURFACE_SIDE_STYLE('',(#12436));
#12052=SURFACE_SIDE_STYLE('',(#12437));
#12053=SURFACE_SIDE_STYLE('',(#12438));
#12054=SURFACE_SIDE_STYLE('',(#12439));
#12055=SURFACE_SIDE_STYLE('',(#12440));
#12056=SURFACE_SIDE_STYLE('',(#12441));
#12057=SURFACE_SIDE_STYLE('',(#12442));
#12058=SURFACE_SIDE_STYLE('',(#12443));
#12059=SURFACE_SIDE_STYLE('',(#12444));
#12060=SURFACE_SIDE_STYLE('',(#12445));
#12061=SURFACE_SIDE_STYLE('',(#12446));
#12062=SURFACE_SIDE_STYLE('',(#12447));
#12063=SURFACE_STYLE_FILL_AREA(#12448);
#12064=SURFACE_STYLE_FILL_AREA(#12449);
#12065=SURFACE_STYLE_FILL_AREA(#12450);
#12066=SURFACE_STYLE_FILL_AREA(#12451);
#12067=SURFACE_STYLE_FILL_AREA(#12452);
#12068=SURFACE_STYLE_FILL_AREA(#12453);
#12069=SURFACE_STYLE_FILL_AREA(#12454);
#12070=SURFACE_STYLE_FILL_AREA(#12455);
#12071=SURFACE_STYLE_FILL_AREA(#12456);
#12072=SURFACE_STYLE_FILL_AREA(#12457);
#12073=SURFACE_STYLE_FILL_AREA(#12458);
#12074=SURFACE_STYLE_FILL_AREA(#12459);
#12075=SURFACE_STYLE_FILL_AREA(#12460);
#12076=SURFACE_STYLE_FILL_AREA(#12461);
#12077=SURFACE_STYLE_FILL_AREA(#12462);
#12078=SURFACE_STYLE_FILL_AREA(#12463);
#12079=SURFACE_STYLE_FILL_AREA(#12464);
#12080=SURFACE_STYLE_FILL_AREA(#12465);
#12081=SURFACE_STYLE_FILL_AREA(#12466);
#12082=SURFACE_STYLE_FILL_AREA(#12467);
#12083=SURFACE_STYLE_FILL_AREA(#12468);
#12084=SURFACE_STYLE_FILL_AREA(#12469);
#12085=SURFACE_STYLE_FILL_AREA(#12470);
#12086=SURFACE_STYLE_FILL_AREA(#12471);
#12087=SURFACE_STYLE_FILL_AREA(#12472);
#12088=SURFACE_STYLE_FILL_AREA(#12473);
#12089=SURFACE_STYLE_FILL_AREA(#12474);
#12090=SURFACE_STYLE_FILL_AREA(#12475);
#12091=SURFACE_STYLE_FILL_AREA(#12476);
#12092=SURFACE_STYLE_FILL_AREA(#12477);
#12093=SURFACE_STYLE_FILL_AREA(#12478);
#12094=SURFACE_STYLE_FILL_AREA(#12479);
#12095=SURFACE_STYLE_FILL_AREA(#12480);
#12096=SURFACE_STYLE_FILL_AREA(#12481);
#12097=SURFACE_STYLE_FILL_AREA(#12482);
#12098=SURFACE_STYLE_FILL_AREA(#12483);
#12099=SURFACE_STYLE_FILL_AREA(#12484);
#12100=SURFACE_STYLE_FILL_AREA(#12485);
#12101=SURFACE_STYLE_FILL_AREA(#12486);
#12102=SURFACE_STYLE_FILL_AREA(#12487);
#12103=SURFACE_STYLE_FILL_AREA(#12488);
#12104=SURFACE_STYLE_FILL_AREA(#12489);
#12105=SURFACE_STYLE_FILL_AREA(#12490);
#12106=SURFACE_STYLE_FILL_AREA(#12491);
#12107=SURFACE_STYLE_FILL_AREA(#12492);
#12108=SURFACE_STYLE_FILL_AREA(#12493);
#12109=SURFACE_STYLE_FILL_AREA(#12494);
#12110=SURFACE_STYLE_FILL_AREA(#12495);
#12111=SURFACE_STYLE_FILL_AREA(#12496);
#12112=SURFACE_STYLE_FILL_AREA(#12497);
#12113=SURFACE_STYLE_FILL_AREA(#12498);
#12114=SURFACE_STYLE_FILL_AREA(#12499);
#12115=SURFACE_STYLE_FILL_AREA(#12500);
#12116=SURFACE_STYLE_FILL_AREA(#12501);
#12117=SURFACE_STYLE_FILL_AREA(#12502);
#12118=SURFACE_STYLE_FILL_AREA(#12503);
#12119=SURFACE_STYLE_FILL_AREA(#12504);
#12120=SURFACE_STYLE_FILL_AREA(#12505);
#12121=SURFACE_STYLE_FILL_AREA(#12506);
#12122=SURFACE_STYLE_FILL_AREA(#12507);
#12123=SURFACE_STYLE_FILL_AREA(#12508);
#12124=SURFACE_STYLE_FILL_AREA(#12509);
#12125=SURFACE_STYLE_FILL_AREA(#12510);
#12126=SURFACE_STYLE_FILL_AREA(#12511);
#12127=SURFACE_STYLE_FILL_AREA(#12512);
#12128=SURFACE_STYLE_FILL_AREA(#12513);
#12129=SURFACE_STYLE_FILL_AREA(#12514);
#12130=SURFACE_STYLE_FILL_AREA(#12515);
#12131=SURFACE_STYLE_FILL_AREA(#12516);
#12132=SURFACE_STYLE_FILL_AREA(#12517);
#12133=SURFACE_STYLE_FILL_AREA(#12518);
#12134=SURFACE_STYLE_FILL_AREA(#12519);
#12135=SURFACE_STYLE_FILL_AREA(#12520);
#12136=SURFACE_STYLE_FILL_AREA(#12521);
#12137=SURFACE_STYLE_FILL_AREA(#12522);
#12138=SURFACE_STYLE_FILL_AREA(#12523);
#12139=SURFACE_STYLE_FILL_AREA(#12524);
#12140=SURFACE_STYLE_FILL_AREA(#12525);
#12141=SURFACE_STYLE_FILL_AREA(#12526);
#12142=SURFACE_STYLE_FILL_AREA(#12527);
#12143=SURFACE_STYLE_FILL_AREA(#12528);
#12144=SURFACE_STYLE_FILL_AREA(#12529);
#12145=SURFACE_STYLE_FILL_AREA(#12530);
#12146=SURFACE_STYLE_FILL_AREA(#12531);
#12147=SURFACE_STYLE_FILL_AREA(#12532);
#12148=SURFACE_STYLE_FILL_AREA(#12533);
#12149=SURFACE_STYLE_FILL_AREA(#12534);
#12150=SURFACE_STYLE_FILL_AREA(#12535);
#12151=SURFACE_STYLE_FILL_AREA(#12536);
#12152=SURFACE_STYLE_FILL_AREA(#12537);
#12153=SURFACE_STYLE_FILL_AREA(#12538);
#12154=SURFACE_STYLE_FILL_AREA(#12539);
#12155=SURFACE_STYLE_FILL_AREA(#12540);
#12156=SURFACE_STYLE_FILL_AREA(#12541);
#12157=SURFACE_STYLE_FILL_AREA(#12542);
#12158=SURFACE_STYLE_FILL_AREA(#12543);
#12159=SURFACE_STYLE_FILL_AREA(#12544);
#12160=SURFACE_STYLE_FILL_AREA(#12545);
#12161=SURFACE_STYLE_FILL_AREA(#12546);
#12162=SURFACE_STYLE_FILL_AREA(#12547);
#12163=SURFACE_STYLE_FILL_AREA(#12548);
#12164=SURFACE_STYLE_FILL_AREA(#12549);
#12165=SURFACE_STYLE_FILL_AREA(#12550);
#12166=SURFACE_STYLE_FILL_AREA(#12551);
#12167=SURFACE_STYLE_FILL_AREA(#12552);
#12168=SURFACE_STYLE_FILL_AREA(#12553);
#12169=SURFACE_STYLE_FILL_AREA(#12554);
#12170=SURFACE_STYLE_FILL_AREA(#12555);
#12171=SURFACE_STYLE_FILL_AREA(#12556);
#12172=SURFACE_STYLE_FILL_AREA(#12557);
#12173=SURFACE_STYLE_FILL_AREA(#12558);
#12174=SURFACE_STYLE_FILL_AREA(#12559);
#12175=SURFACE_STYLE_FILL_AREA(#12560);
#12176=SURFACE_STYLE_FILL_AREA(#12561);
#12177=SURFACE_STYLE_FILL_AREA(#12562);
#12178=SURFACE_STYLE_FILL_AREA(#12563);
#12179=SURFACE_STYLE_FILL_AREA(#12564);
#12180=SURFACE_STYLE_FILL_AREA(#12565);
#12181=SURFACE_STYLE_FILL_AREA(#12566);
#12182=SURFACE_STYLE_FILL_AREA(#12567);
#12183=SURFACE_STYLE_FILL_AREA(#12568);
#12184=SURFACE_STYLE_FILL_AREA(#12569);
#12185=SURFACE_STYLE_FILL_AREA(#12570);
#12186=SURFACE_STYLE_FILL_AREA(#12571);
#12187=SURFACE_STYLE_FILL_AREA(#12572);
#12188=SURFACE_STYLE_FILL_AREA(#12573);
#12189=SURFACE_STYLE_FILL_AREA(#12574);
#12190=SURFACE_STYLE_FILL_AREA(#12575);
#12191=SURFACE_STYLE_FILL_AREA(#12576);
#12192=SURFACE_STYLE_FILL_AREA(#12577);
#12193=SURFACE_STYLE_FILL_AREA(#12578);
#12194=SURFACE_STYLE_FILL_AREA(#12579);
#12195=SURFACE_STYLE_FILL_AREA(#12580);
#12196=SURFACE_STYLE_FILL_AREA(#12581);
#12197=SURFACE_STYLE_FILL_AREA(#12582);
#12198=SURFACE_STYLE_FILL_AREA(#12583);
#12199=SURFACE_STYLE_FILL_AREA(#12584);
#12200=SURFACE_STYLE_FILL_AREA(#12585);
#12201=SURFACE_STYLE_FILL_AREA(#12586);
#12202=SURFACE_STYLE_FILL_AREA(#12587);
#12203=SURFACE_STYLE_FILL_AREA(#12588);
#12204=SURFACE_STYLE_FILL_AREA(#12589);
#12205=SURFACE_STYLE_FILL_AREA(#12590);
#12206=SURFACE_STYLE_FILL_AREA(#12591);
#12207=SURFACE_STYLE_FILL_AREA(#12592);
#12208=SURFACE_STYLE_FILL_AREA(#12593);
#12209=SURFACE_STYLE_FILL_AREA(#12594);
#12210=SURFACE_STYLE_FILL_AREA(#12595);
#12211=SURFACE_STYLE_FILL_AREA(#12596);
#12212=SURFACE_STYLE_FILL_AREA(#12597);
#12213=SURFACE_STYLE_FILL_AREA(#12598);
#12214=SURFACE_STYLE_FILL_AREA(#12599);
#12215=SURFACE_STYLE_FILL_AREA(#12600);
#12216=SURFACE_STYLE_FILL_AREA(#12601);
#12217=SURFACE_STYLE_FILL_AREA(#12602);
#12218=SURFACE_STYLE_FILL_AREA(#12603);
#12219=SURFACE_STYLE_FILL_AREA(#12604);
#12220=SURFACE_STYLE_FILL_AREA(#12605);
#12221=SURFACE_STYLE_FILL_AREA(#12606);
#12222=SURFACE_STYLE_FILL_AREA(#12607);
#12223=SURFACE_STYLE_FILL_AREA(#12608);
#12224=SURFACE_STYLE_FILL_AREA(#12609);
#12225=SURFACE_STYLE_FILL_AREA(#12610);
#12226=SURFACE_STYLE_FILL_AREA(#12611);
#12227=SURFACE_STYLE_FILL_AREA(#12612);
#12228=SURFACE_STYLE_FILL_AREA(#12613);
#12229=SURFACE_STYLE_FILL_AREA(#12614);
#12230=SURFACE_STYLE_FILL_AREA(#12615);
#12231=SURFACE_STYLE_FILL_AREA(#12616);
#12232=SURFACE_STYLE_FILL_AREA(#12617);
#12233=SURFACE_STYLE_FILL_AREA(#12618);
#12234=SURFACE_STYLE_FILL_AREA(#12619);
#12235=SURFACE_STYLE_FILL_AREA(#12620);
#12236=SURFACE_STYLE_FILL_AREA(#12621);
#12237=SURFACE_STYLE_FILL_AREA(#12622);
#12238=SURFACE_STYLE_FILL_AREA(#12623);
#12239=SURFACE_STYLE_FILL_AREA(#12624);
#12240=SURFACE_STYLE_FILL_AREA(#12625);
#12241=SURFACE_STYLE_FILL_AREA(#12626);
#12242=SURFACE_STYLE_FILL_AREA(#12627);
#12243=SURFACE_STYLE_FILL_AREA(#12628);
#12244=SURFACE_STYLE_FILL_AREA(#12629);
#12245=SURFACE_STYLE_FILL_AREA(#12630);
#12246=SURFACE_STYLE_FILL_AREA(#12631);
#12247=SURFACE_STYLE_FILL_AREA(#12632);
#12248=SURFACE_STYLE_FILL_AREA(#12633);
#12249=SURFACE_STYLE_FILL_AREA(#12634);
#12250=SURFACE_STYLE_FILL_AREA(#12635);
#12251=SURFACE_STYLE_FILL_AREA(#12636);
#12252=SURFACE_STYLE_FILL_AREA(#12637);
#12253=SURFACE_STYLE_FILL_AREA(#12638);
#12254=SURFACE_STYLE_FILL_AREA(#12639);
#12255=SURFACE_STYLE_FILL_AREA(#12640);
#12256=SURFACE_STYLE_FILL_AREA(#12641);
#12257=SURFACE_STYLE_FILL_AREA(#12642);
#12258=SURFACE_STYLE_FILL_AREA(#12643);
#12259=SURFACE_STYLE_FILL_AREA(#12644);
#12260=SURFACE_STYLE_FILL_AREA(#12645);
#12261=SURFACE_STYLE_FILL_AREA(#12646);
#12262=SURFACE_STYLE_FILL_AREA(#12647);
#12263=SURFACE_STYLE_FILL_AREA(#12648);
#12264=SURFACE_STYLE_FILL_AREA(#12649);
#12265=SURFACE_STYLE_FILL_AREA(#12650);
#12266=SURFACE_STYLE_FILL_AREA(#12651);
#12267=SURFACE_STYLE_FILL_AREA(#12652);
#12268=SURFACE_STYLE_FILL_AREA(#12653);
#12269=SURFACE_STYLE_FILL_AREA(#12654);
#12270=SURFACE_STYLE_FILL_AREA(#12655);
#12271=SURFACE_STYLE_FILL_AREA(#12656);
#12272=SURFACE_STYLE_FILL_AREA(#12657);
#12273=SURFACE_STYLE_FILL_AREA(#12658);
#12274=SURFACE_STYLE_FILL_AREA(#12659);
#12275=SURFACE_STYLE_FILL_AREA(#12660);
#12276=SURFACE_STYLE_FILL_AREA(#12661);
#12277=SURFACE_STYLE_FILL_AREA(#12662);
#12278=SURFACE_STYLE_FILL_AREA(#12663);
#12279=SURFACE_STYLE_FILL_AREA(#12664);
#12280=SURFACE_STYLE_FILL_AREA(#12665);
#12281=SURFACE_STYLE_FILL_AREA(#12666);
#12282=SURFACE_STYLE_FILL_AREA(#12667);
#12283=SURFACE_STYLE_FILL_AREA(#12668);
#12284=SURFACE_STYLE_FILL_AREA(#12669);
#12285=SURFACE_STYLE_FILL_AREA(#12670);
#12286=SURFACE_STYLE_FILL_AREA(#12671);
#12287=SURFACE_STYLE_FILL_AREA(#12672);
#12288=SURFACE_STYLE_FILL_AREA(#12673);
#12289=SURFACE_STYLE_FILL_AREA(#12674);
#12290=SURFACE_STYLE_FILL_AREA(#12675);
#12291=SURFACE_STYLE_FILL_AREA(#12676);
#12292=SURFACE_STYLE_FILL_AREA(#12677);
#12293=SURFACE_STYLE_FILL_AREA(#12678);
#12294=SURFACE_STYLE_FILL_AREA(#12679);
#12295=SURFACE_STYLE_FILL_AREA(#12680);
#12296=SURFACE_STYLE_FILL_AREA(#12681);
#12297=SURFACE_STYLE_FILL_AREA(#12682);
#12298=SURFACE_STYLE_FILL_AREA(#12683);
#12299=SURFACE_STYLE_FILL_AREA(#12684);
#12300=SURFACE_STYLE_FILL_AREA(#12685);
#12301=SURFACE_STYLE_FILL_AREA(#12686);
#12302=SURFACE_STYLE_FILL_AREA(#12687);
#12303=SURFACE_STYLE_FILL_AREA(#12688);
#12304=SURFACE_STYLE_FILL_AREA(#12689);
#12305=SURFACE_STYLE_FILL_AREA(#12690);
#12306=SURFACE_STYLE_FILL_AREA(#12691);
#12307=SURFACE_STYLE_FILL_AREA(#12692);
#12308=SURFACE_STYLE_FILL_AREA(#12693);
#12309=SURFACE_STYLE_FILL_AREA(#12694);
#12310=SURFACE_STYLE_FILL_AREA(#12695);
#12311=SURFACE_STYLE_FILL_AREA(#12696);
#12312=SURFACE_STYLE_FILL_AREA(#12697);
#12313=SURFACE_STYLE_FILL_AREA(#12698);
#12314=SURFACE_STYLE_FILL_AREA(#12699);
#12315=SURFACE_STYLE_FILL_AREA(#12700);
#12316=SURFACE_STYLE_FILL_AREA(#12701);
#12317=SURFACE_STYLE_FILL_AREA(#12702);
#12318=SURFACE_STYLE_FILL_AREA(#12703);
#12319=SURFACE_STYLE_FILL_AREA(#12704);
#12320=SURFACE_STYLE_FILL_AREA(#12705);
#12321=SURFACE_STYLE_FILL_AREA(#12706);
#12322=SURFACE_STYLE_FILL_AREA(#12707);
#12323=SURFACE_STYLE_FILL_AREA(#12708);
#12324=SURFACE_STYLE_FILL_AREA(#12709);
#12325=SURFACE_STYLE_FILL_AREA(#12710);
#12326=SURFACE_STYLE_FILL_AREA(#12711);
#12327=SURFACE_STYLE_FILL_AREA(#12712);
#12328=SURFACE_STYLE_FILL_AREA(#12713);
#12329=SURFACE_STYLE_FILL_AREA(#12714);
#12330=SURFACE_STYLE_FILL_AREA(#12715);
#12331=SURFACE_STYLE_FILL_AREA(#12716);
#12332=SURFACE_STYLE_FILL_AREA(#12717);
#12333=SURFACE_STYLE_FILL_AREA(#12718);
#12334=SURFACE_STYLE_FILL_AREA(#12719);
#12335=SURFACE_STYLE_FILL_AREA(#12720);
#12336=SURFACE_STYLE_FILL_AREA(#12721);
#12337=SURFACE_STYLE_FILL_AREA(#12722);
#12338=SURFACE_STYLE_FILL_AREA(#12723);
#12339=SURFACE_STYLE_FILL_AREA(#12724);
#12340=SURFACE_STYLE_FILL_AREA(#12725);
#12341=SURFACE_STYLE_FILL_AREA(#12726);
#12342=SURFACE_STYLE_FILL_AREA(#12727);
#12343=SURFACE_STYLE_FILL_AREA(#12728);
#12344=SURFACE_STYLE_FILL_AREA(#12729);
#12345=SURFACE_STYLE_FILL_AREA(#12730);
#12346=SURFACE_STYLE_FILL_AREA(#12731);
#12347=SURFACE_STYLE_FILL_AREA(#12732);
#12348=SURFACE_STYLE_FILL_AREA(#12733);
#12349=SURFACE_STYLE_FILL_AREA(#12734);
#12350=SURFACE_STYLE_FILL_AREA(#12735);
#12351=SURFACE_STYLE_FILL_AREA(#12736);
#12352=SURFACE_STYLE_FILL_AREA(#12737);
#12353=SURFACE_STYLE_FILL_AREA(#12738);
#12354=SURFACE_STYLE_FILL_AREA(#12739);
#12355=SURFACE_STYLE_FILL_AREA(#12740);
#12356=SURFACE_STYLE_FILL_AREA(#12741);
#12357=SURFACE_STYLE_FILL_AREA(#12742);
#12358=SURFACE_STYLE_FILL_AREA(#12743);
#12359=SURFACE_STYLE_FILL_AREA(#12744);
#12360=SURFACE_STYLE_FILL_AREA(#12745);
#12361=SURFACE_STYLE_FILL_AREA(#12746);
#12362=SURFACE_STYLE_FILL_AREA(#12747);
#12363=SURFACE_STYLE_FILL_AREA(#12748);
#12364=SURFACE_STYLE_FILL_AREA(#12749);
#12365=SURFACE_STYLE_FILL_AREA(#12750);
#12366=SURFACE_STYLE_FILL_AREA(#12751);
#12367=SURFACE_STYLE_FILL_AREA(#12752);
#12368=SURFACE_STYLE_FILL_AREA(#12753);
#12369=SURFACE_STYLE_FILL_AREA(#12754);
#12370=SURFACE_STYLE_FILL_AREA(#12755);
#12371=SURFACE_STYLE_FILL_AREA(#12756);
#12372=SURFACE_STYLE_FILL_AREA(#12757);
#12373=SURFACE_STYLE_FILL_AREA(#12758);
#12374=SURFACE_STYLE_FILL_AREA(#12759);
#12375=SURFACE_STYLE_FILL_AREA(#12760);
#12376=SURFACE_STYLE_FILL_AREA(#12761);
#12377=SURFACE_STYLE_FILL_AREA(#12762);
#12378=SURFACE_STYLE_FILL_AREA(#12763);
#12379=SURFACE_STYLE_FILL_AREA(#12764);
#12380=SURFACE_STYLE_FILL_AREA(#12765);
#12381=SURFACE_STYLE_FILL_AREA(#12766);
#12382=SURFACE_STYLE_FILL_AREA(#12767);
#12383=SURFACE_STYLE_FILL_AREA(#12768);
#12384=SURFACE_STYLE_FILL_AREA(#12769);
#12385=SURFACE_STYLE_FILL_AREA(#12770);
#12386=SURFACE_STYLE_FILL_AREA(#12771);
#12387=SURFACE_STYLE_FILL_AREA(#12772);
#12388=SURFACE_STYLE_FILL_AREA(#12773);
#12389=SURFACE_STYLE_FILL_AREA(#12774);
#12390=SURFACE_STYLE_FILL_AREA(#12775);
#12391=SURFACE_STYLE_FILL_AREA(#12776);
#12392=SURFACE_STYLE_FILL_AREA(#12777);
#12393=SURFACE_STYLE_FILL_AREA(#12778);
#12394=SURFACE_STYLE_FILL_AREA(#12779);
#12395=SURFACE_STYLE_FILL_AREA(#12780);
#12396=SURFACE_STYLE_FILL_AREA(#12781);
#12397=SURFACE_STYLE_FILL_AREA(#12782);
#12398=SURFACE_STYLE_FILL_AREA(#12783);
#12399=SURFACE_STYLE_FILL_AREA(#12784);
#12400=SURFACE_STYLE_FILL_AREA(#12785);
#12401=SURFACE_STYLE_FILL_AREA(#12786);
#12402=SURFACE_STYLE_FILL_AREA(#12787);
#12403=SURFACE_STYLE_FILL_AREA(#12788);
#12404=SURFACE_STYLE_FILL_AREA(#12789);
#12405=SURFACE_STYLE_FILL_AREA(#12790);
#12406=SURFACE_STYLE_FILL_AREA(#12791);
#12407=SURFACE_STYLE_FILL_AREA(#12792);
#12408=SURFACE_STYLE_FILL_AREA(#12793);
#12409=SURFACE_STYLE_FILL_AREA(#12794);
#12410=SURFACE_STYLE_FILL_AREA(#12795);
#12411=SURFACE_STYLE_FILL_AREA(#12796);
#12412=SURFACE_STYLE_FILL_AREA(#12797);
#12413=SURFACE_STYLE_FILL_AREA(#12798);
#12414=SURFACE_STYLE_FILL_AREA(#12799);
#12415=SURFACE_STYLE_FILL_AREA(#12800);
#12416=SURFACE_STYLE_FILL_AREA(#12801);
#12417=SURFACE_STYLE_FILL_AREA(#12802);
#12418=SURFACE_STYLE_FILL_AREA(#12803);
#12419=SURFACE_STYLE_FILL_AREA(#12804);
#12420=SURFACE_STYLE_FILL_AREA(#12805);
#12421=SURFACE_STYLE_FILL_AREA(#12806);
#12422=SURFACE_STYLE_FILL_AREA(#12807);
#12423=SURFACE_STYLE_FILL_AREA(#12808);
#12424=SURFACE_STYLE_FILL_AREA(#12809);
#12425=SURFACE_STYLE_FILL_AREA(#12810);
#12426=SURFACE_STYLE_FILL_AREA(#12811);
#12427=SURFACE_STYLE_FILL_AREA(#12812);
#12428=SURFACE_STYLE_FILL_AREA(#12813);
#12429=SURFACE_STYLE_FILL_AREA(#12814);
#12430=SURFACE_STYLE_FILL_AREA(#12815);
#12431=SURFACE_STYLE_FILL_AREA(#12816);
#12432=SURFACE_STYLE_FILL_AREA(#12817);
#12433=SURFACE_STYLE_FILL_AREA(#12818);
#12434=SURFACE_STYLE_FILL_AREA(#12819);
#12435=SURFACE_STYLE_FILL_AREA(#12820);
#12436=SURFACE_STYLE_FILL_AREA(#12821);
#12437=SURFACE_STYLE_FILL_AREA(#12822);
#12438=SURFACE_STYLE_FILL_AREA(#12823);
#12439=SURFACE_STYLE_FILL_AREA(#12824);
#12440=SURFACE_STYLE_FILL_AREA(#12825);
#12441=SURFACE_STYLE_FILL_AREA(#12826);
#12442=SURFACE_STYLE_FILL_AREA(#12827);
#12443=SURFACE_STYLE_FILL_AREA(#12828);
#12444=SURFACE_STYLE_FILL_AREA(#12829);
#12445=SURFACE_STYLE_FILL_AREA(#12830);
#12446=SURFACE_STYLE_FILL_AREA(#12831);
#12447=SURFACE_STYLE_FILL_AREA(#12832);
#12448=FILL_AREA_STYLE('',(#12833));
#12449=FILL_AREA_STYLE('',(#12834));
#12450=FILL_AREA_STYLE('',(#12835));
#12451=FILL_AREA_STYLE('',(#12836));
#12452=FILL_AREA_STYLE('',(#12837));
#12453=FILL_AREA_STYLE('',(#12838));
#12454=FILL_AREA_STYLE('',(#12839));
#12455=FILL_AREA_STYLE('',(#12840));
#12456=FILL_AREA_STYLE('',(#12841));
#12457=FILL_AREA_STYLE('',(#12842));
#12458=FILL_AREA_STYLE('',(#12843));
#12459=FILL_AREA_STYLE('',(#12844));
#12460=FILL_AREA_STYLE('',(#12845));
#12461=FILL_AREA_STYLE('',(#12846));
#12462=FILL_AREA_STYLE('',(#12847));
#12463=FILL_AREA_STYLE('',(#12848));
#12464=FILL_AREA_STYLE('',(#12849));
#12465=FILL_AREA_STYLE('',(#12850));
#12466=FILL_AREA_STYLE('',(#12851));
#12467=FILL_AREA_STYLE('',(#12852));
#12468=FILL_AREA_STYLE('',(#12853));
#12469=FILL_AREA_STYLE('',(#12854));
#12470=FILL_AREA_STYLE('',(#12855));
#12471=FILL_AREA_STYLE('',(#12856));
#12472=FILL_AREA_STYLE('',(#12857));
#12473=FILL_AREA_STYLE('',(#12858));
#12474=FILL_AREA_STYLE('',(#12859));
#12475=FILL_AREA_STYLE('',(#12860));
#12476=FILL_AREA_STYLE('',(#12861));
#12477=FILL_AREA_STYLE('',(#12862));
#12478=FILL_AREA_STYLE('',(#12863));
#12479=FILL_AREA_STYLE('',(#12864));
#12480=FILL_AREA_STYLE('',(#12865));
#12481=FILL_AREA_STYLE('',(#12866));
#12482=FILL_AREA_STYLE('',(#12867));
#12483=FILL_AREA_STYLE('',(#12868));
#12484=FILL_AREA_STYLE('',(#12869));
#12485=FILL_AREA_STYLE('',(#12870));
#12486=FILL_AREA_STYLE('',(#12871));
#12487=FILL_AREA_STYLE('',(#12872));
#12488=FILL_AREA_STYLE('',(#12873));
#12489=FILL_AREA_STYLE('',(#12874));
#12490=FILL_AREA_STYLE('',(#12875));
#12491=FILL_AREA_STYLE('',(#12876));
#12492=FILL_AREA_STYLE('',(#12877));
#12493=FILL_AREA_STYLE('',(#12878));
#12494=FILL_AREA_STYLE('',(#12879));
#12495=FILL_AREA_STYLE('',(#12880));
#12496=FILL_AREA_STYLE('',(#12881));
#12497=FILL_AREA_STYLE('',(#12882));
#12498=FILL_AREA_STYLE('',(#12883));
#12499=FILL_AREA_STYLE('',(#12884));
#12500=FILL_AREA_STYLE('',(#12885));
#12501=FILL_AREA_STYLE('',(#12886));
#12502=FILL_AREA_STYLE('',(#12887));
#12503=FILL_AREA_STYLE('',(#12888));
#12504=FILL_AREA_STYLE('',(#12889));
#12505=FILL_AREA_STYLE('',(#12890));
#12506=FILL_AREA_STYLE('',(#12891));
#12507=FILL_AREA_STYLE('',(#12892));
#12508=FILL_AREA_STYLE('',(#12893));
#12509=FILL_AREA_STYLE('',(#12894));
#12510=FILL_AREA_STYLE('',(#12895));
#12511=FILL_AREA_STYLE('',(#12896));
#12512=FILL_AREA_STYLE('',(#12897));
#12513=FILL_AREA_STYLE('',(#12898));
#12514=FILL_AREA_STYLE('',(#12899));
#12515=FILL_AREA_STYLE('',(#12900));
#12516=FILL_AREA_STYLE('',(#12901));
#12517=FILL_AREA_STYLE('',(#12902));
#12518=FILL_AREA_STYLE('',(#12903));
#12519=FILL_AREA_STYLE('',(#12904));
#12520=FILL_AREA_STYLE('',(#12905));
#12521=FILL_AREA_STYLE('',(#12906));
#12522=FILL_AREA_STYLE('',(#12907));
#12523=FILL_AREA_STYLE('',(#12908));
#12524=FILL_AREA_STYLE('',(#12909));
#12525=FILL_AREA_STYLE('',(#12910));
#12526=FILL_AREA_STYLE('',(#12911));
#12527=FILL_AREA_STYLE('',(#12912));
#12528=FILL_AREA_STYLE('',(#12913));
#12529=FILL_AREA_STYLE('',(#12914));
#12530=FILL_AREA_STYLE('',(#12915));
#12531=FILL_AREA_STYLE('',(#12916));
#12532=FILL_AREA_STYLE('',(#12917));
#12533=FILL_AREA_STYLE('',(#12918));
#12534=FILL_AREA_STYLE('',(#12919));
#12535=FILL_AREA_STYLE('',(#12920));
#12536=FILL_AREA_STYLE('',(#12921));
#12537=FILL_AREA_STYLE('',(#12922));
#12538=FILL_AREA_STYLE('',(#12923));
#12539=FILL_AREA_STYLE('',(#12924));
#12540=FILL_AREA_STYLE('',(#12925));
#12541=FILL_AREA_STYLE('',(#12926));
#12542=FILL_AREA_STYLE('',(#12927));
#12543=FILL_AREA_STYLE('',(#12928));
#12544=FILL_AREA_STYLE('',(#12929));
#12545=FILL_AREA_STYLE('',(#12930));
#12546=FILL_AREA_STYLE('',(#12931));
#12547=FILL_AREA_STYLE('',(#12932));
#12548=FILL_AREA_STYLE('',(#12933));
#12549=FILL_AREA_STYLE('',(#12934));
#12550=FILL_AREA_STYLE('',(#12935));
#12551=FILL_AREA_STYLE('',(#12936));
#12552=FILL_AREA_STYLE('',(#12937));
#12553=FILL_AREA_STYLE('',(#12938));
#12554=FILL_AREA_STYLE('',(#12939));
#12555=FILL_AREA_STYLE('',(#12940));
#12556=FILL_AREA_STYLE('',(#12941));
#12557=FILL_AREA_STYLE('',(#12942));
#12558=FILL_AREA_STYLE('',(#12943));
#12559=FILL_AREA_STYLE('',(#12944));
#12560=FILL_AREA_STYLE('',(#12945));
#12561=FILL_AREA_STYLE('',(#12946));
#12562=FILL_AREA_STYLE('',(#12947));
#12563=FILL_AREA_STYLE('',(#12948));
#12564=FILL_AREA_STYLE('',(#12949));
#12565=FILL_AREA_STYLE('',(#12950));
#12566=FILL_AREA_STYLE('',(#12951));
#12567=FILL_AREA_STYLE('',(#12952));
#12568=FILL_AREA_STYLE('',(#12953));
#12569=FILL_AREA_STYLE('',(#12954));
#12570=FILL_AREA_STYLE('',(#12955));
#12571=FILL_AREA_STYLE('',(#12956));
#12572=FILL_AREA_STYLE('',(#12957));
#12573=FILL_AREA_STYLE('',(#12958));
#12574=FILL_AREA_STYLE('',(#12959));
#12575=FILL_AREA_STYLE('',(#12960));
#12576=FILL_AREA_STYLE('',(#12961));
#12577=FILL_AREA_STYLE('',(#12962));
#12578=FILL_AREA_STYLE('',(#12963));
#12579=FILL_AREA_STYLE('',(#12964));
#12580=FILL_AREA_STYLE('',(#12965));
#12581=FILL_AREA_STYLE('',(#12966));
#12582=FILL_AREA_STYLE('',(#12967));
#12583=FILL_AREA_STYLE('',(#12968));
#12584=FILL_AREA_STYLE('',(#12969));
#12585=FILL_AREA_STYLE('',(#12970));
#12586=FILL_AREA_STYLE('',(#12971));
#12587=FILL_AREA_STYLE('',(#12972));
#12588=FILL_AREA_STYLE('',(#12973));
#12589=FILL_AREA_STYLE('',(#12974));
#12590=FILL_AREA_STYLE('',(#12975));
#12591=FILL_AREA_STYLE('',(#12976));
#12592=FILL_AREA_STYLE('',(#12977));
#12593=FILL_AREA_STYLE('',(#12978));
#12594=FILL_AREA_STYLE('',(#12979));
#12595=FILL_AREA_STYLE('',(#12980));
#12596=FILL_AREA_STYLE('',(#12981));
#12597=FILL_AREA_STYLE('',(#12982));
#12598=FILL_AREA_STYLE('',(#12983));
#12599=FILL_AREA_STYLE('',(#12984));
#12600=FILL_AREA_STYLE('',(#12985));
#12601=FILL_AREA_STYLE('',(#12986));
#12602=FILL_AREA_STYLE('',(#12987));
#12603=FILL_AREA_STYLE('',(#12988));
#12604=FILL_AREA_STYLE('',(#12989));
#12605=FILL_AREA_STYLE('',(#12990));
#12606=FILL_AREA_STYLE('',(#12991));
#12607=FILL_AREA_STYLE('',(#12992));
#12608=FILL_AREA_STYLE('',(#12993));
#12609=FILL_AREA_STYLE('',(#12994));
#12610=FILL_AREA_STYLE('',(#12995));
#12611=FILL_AREA_STYLE('',(#12996));
#12612=FILL_AREA_STYLE('',(#12997));
#12613=FILL_AREA_STYLE('',(#12998));
#12614=FILL_AREA_STYLE('',(#12999));
#12615=FILL_AREA_STYLE('',(#13000));
#12616=FILL_AREA_STYLE('',(#13001));
#12617=FILL_AREA_STYLE('',(#13002));
#12618=FILL_AREA_STYLE('',(#13003));
#12619=FILL_AREA_STYLE('',(#13004));
#12620=FILL_AREA_STYLE('',(#13005));
#12621=FILL_AREA_STYLE('',(#13006));
#12622=FILL_AREA_STYLE('',(#13007));
#12623=FILL_AREA_STYLE('',(#13008));
#12624=FILL_AREA_STYLE('',(#13009));
#12625=FILL_AREA_STYLE('',(#13010));
#12626=FILL_AREA_STYLE('',(#13011));
#12627=FILL_AREA_STYLE('',(#13012));
#12628=FILL_AREA_STYLE('',(#13013));
#12629=FILL_AREA_STYLE('',(#13014));
#12630=FILL_AREA_STYLE('',(#13015));
#12631=FILL_AREA_STYLE('',(#13016));
#12632=FILL_AREA_STYLE('',(#13017));
#12633=FILL_AREA_STYLE('',(#13018));
#12634=FILL_AREA_STYLE('',(#13019));
#12635=FILL_AREA_STYLE('',(#13020));
#12636=FILL_AREA_STYLE('',(#13021));
#12637=FILL_AREA_STYLE('',(#13022));
#12638=FILL_AREA_STYLE('',(#13023));
#12639=FILL_AREA_STYLE('',(#13024));
#12640=FILL_AREA_STYLE('',(#13025));
#12641=FILL_AREA_STYLE('',(#13026));
#12642=FILL_AREA_STYLE('',(#13027));
#12643=FILL_AREA_STYLE('',(#13028));
#12644=FILL_AREA_STYLE('',(#13029));
#12645=FILL_AREA_STYLE('',(#13030));
#12646=FILL_AREA_STYLE('',(#13031));
#12647=FILL_AREA_STYLE('',(#13032));
#12648=FILL_AREA_STYLE('',(#13033));
#12649=FILL_AREA_STYLE('',(#13034));
#12650=FILL_AREA_STYLE('',(#13035));
#12651=FILL_AREA_STYLE('',(#13036));
#12652=FILL_AREA_STYLE('',(#13037));
#12653=FILL_AREA_STYLE('',(#13038));
#12654=FILL_AREA_STYLE('',(#13039));
#12655=FILL_AREA_STYLE('',(#13040));
#12656=FILL_AREA_STYLE('',(#13041));
#12657=FILL_AREA_STYLE('',(#13042));
#12658=FILL_AREA_STYLE('',(#13043));
#12659=FILL_AREA_STYLE('',(#13044));
#12660=FILL_AREA_STYLE('',(#13045));
#12661=FILL_AREA_STYLE('',(#13046));
#12662=FILL_AREA_STYLE('',(#13047));
#12663=FILL_AREA_STYLE('',(#13048));
#12664=FILL_AREA_STYLE('',(#13049));
#12665=FILL_AREA_STYLE('',(#13050));
#12666=FILL_AREA_STYLE('',(#13051));
#12667=FILL_AREA_STYLE('',(#13052));
#12668=FILL_AREA_STYLE('',(#13053));
#12669=FILL_AREA_STYLE('',(#13054));
#12670=FILL_AREA_STYLE('',(#13055));
#12671=FILL_AREA_STYLE('',(#13056));
#12672=FILL_AREA_STYLE('',(#13057));
#12673=FILL_AREA_STYLE('',(#13058));
#12674=FILL_AREA_STYLE('',(#13059));
#12675=FILL_AREA_STYLE('',(#13060));
#12676=FILL_AREA_STYLE('',(#13061));
#12677=FILL_AREA_STYLE('',(#13062));
#12678=FILL_AREA_STYLE('',(#13063));
#12679=FILL_AREA_STYLE('',(#13064));
#12680=FILL_AREA_STYLE('',(#13065));
#12681=FILL_AREA_STYLE('',(#13066));
#12682=FILL_AREA_STYLE('',(#13067));
#12683=FILL_AREA_STYLE('',(#13068));
#12684=FILL_AREA_STYLE('',(#13069));
#12685=FILL_AREA_STYLE('',(#13070));
#12686=FILL_AREA_STYLE('',(#13071));
#12687=FILL_AREA_STYLE('',(#13072));
#12688=FILL_AREA_STYLE('',(#13073));
#12689=FILL_AREA_STYLE('',(#13074));
#12690=FILL_AREA_STYLE('',(#13075));
#12691=FILL_AREA_STYLE('',(#13076));
#12692=FILL_AREA_STYLE('',(#13077));
#12693=FILL_AREA_STYLE('',(#13078));
#12694=FILL_AREA_STYLE('',(#13079));
#12695=FILL_AREA_STYLE('',(#13080));
#12696=FILL_AREA_STYLE('',(#13081));
#12697=FILL_AREA_STYLE('',(#13082));
#12698=FILL_AREA_STYLE('',(#13083));
#12699=FILL_AREA_STYLE('',(#13084));
#12700=FILL_AREA_STYLE('',(#13085));
#12701=FILL_AREA_STYLE('',(#13086));
#12702=FILL_AREA_STYLE('',(#13087));
#12703=FILL_AREA_STYLE('',(#13088));
#12704=FILL_AREA_STYLE('',(#13089));
#12705=FILL_AREA_STYLE('',(#13090));
#12706=FILL_AREA_STYLE('',(#13091));
#12707=FILL_AREA_STYLE('',(#13092));
#12708=FILL_AREA_STYLE('',(#13093));
#12709=FILL_AREA_STYLE('',(#13094));
#12710=FILL_AREA_STYLE('',(#13095));
#12711=FILL_AREA_STYLE('',(#13096));
#12712=FILL_AREA_STYLE('',(#13097));
#12713=FILL_AREA_STYLE('',(#13098));
#12714=FILL_AREA_STYLE('',(#13099));
#12715=FILL_AREA_STYLE('',(#13100));
#12716=FILL_AREA_STYLE('',(#13101));
#12717=FILL_AREA_STYLE('',(#13102));
#12718=FILL_AREA_STYLE('',(#13103));
#12719=FILL_AREA_STYLE('',(#13104));
#12720=FILL_AREA_STYLE('',(#13105));
#12721=FILL_AREA_STYLE('',(#13106));
#12722=FILL_AREA_STYLE('',(#13107));
#12723=FILL_AREA_STYLE('',(#13108));
#12724=FILL_AREA_STYLE('',(#13109));
#12725=FILL_AREA_STYLE('',(#13110));
#12726=FILL_AREA_STYLE('',(#13111));
#12727=FILL_AREA_STYLE('',(#13112));
#12728=FILL_AREA_STYLE('',(#13113));
#12729=FILL_AREA_STYLE('',(#13114));
#12730=FILL_AREA_STYLE('',(#13115));
#12731=FILL_AREA_STYLE('',(#13116));
#12732=FILL_AREA_STYLE('',(#13117));
#12733=FILL_AREA_STYLE('',(#13118));
#12734=FILL_AREA_STYLE('',(#13119));
#12735=FILL_AREA_STYLE('',(#13120));
#12736=FILL_AREA_STYLE('',(#13121));
#12737=FILL_AREA_STYLE('',(#13122));
#12738=FILL_AREA_STYLE('',(#13123));
#12739=FILL_AREA_STYLE('',(#13124));
#12740=FILL_AREA_STYLE('',(#13125));
#12741=FILL_AREA_STYLE('',(#13126));
#12742=FILL_AREA_STYLE('',(#13127));
#12743=FILL_AREA_STYLE('',(#13128));
#12744=FILL_AREA_STYLE('',(#13129));
#12745=FILL_AREA_STYLE('',(#13130));
#12746=FILL_AREA_STYLE('',(#13131));
#12747=FILL_AREA_STYLE('',(#13132));
#12748=FILL_AREA_STYLE('',(#13133));
#12749=FILL_AREA_STYLE('',(#13134));
#12750=FILL_AREA_STYLE('',(#13135));
#12751=FILL_AREA_STYLE('',(#13136));
#12752=FILL_AREA_STYLE('',(#13137));
#12753=FILL_AREA_STYLE('',(#13138));
#12754=FILL_AREA_STYLE('',(#13139));
#12755=FILL_AREA_STYLE('',(#13140));
#12756=FILL_AREA_STYLE('',(#13141));
#12757=FILL_AREA_STYLE('',(#13142));
#12758=FILL_AREA_STYLE('',(#13143));
#12759=FILL_AREA_STYLE('',(#13144));
#12760=FILL_AREA_STYLE('',(#13145));
#12761=FILL_AREA_STYLE('',(#13146));
#12762=FILL_AREA_STYLE('',(#13147));
#12763=FILL_AREA_STYLE('',(#13148));
#12764=FILL_AREA_STYLE('',(#13149));
#12765=FILL_AREA_STYLE('',(#13150));
#12766=FILL_AREA_STYLE('',(#13151));
#12767=FILL_AREA_STYLE('',(#13152));
#12768=FILL_AREA_STYLE('',(#13153));
#12769=FILL_AREA_STYLE('',(#13154));
#12770=FILL_AREA_STYLE('',(#13155));
#12771=FILL_AREA_STYLE('',(#13156));
#12772=FILL_AREA_STYLE('',(#13157));
#12773=FILL_AREA_STYLE('',(#13158));
#12774=FILL_AREA_STYLE('',(#13159));
#12775=FILL_AREA_STYLE('',(#13160));
#12776=FILL_AREA_STYLE('',(#13161));
#12777=FILL_AREA_STYLE('',(#13162));
#12778=FILL_AREA_STYLE('',(#13163));
#12779=FILL_AREA_STYLE('',(#13164));
#12780=FILL_AREA_STYLE('',(#13165));
#12781=FILL_AREA_STYLE('',(#13166));
#12782=FILL_AREA_STYLE('',(#13167));
#12783=FILL_AREA_STYLE('',(#13168));
#12784=FILL_AREA_STYLE('',(#13169));
#12785=FILL_AREA_STYLE('',(#13170));
#12786=FILL_AREA_STYLE('',(#13171));
#12787=FILL_AREA_STYLE('',(#13172));
#12788=FILL_AREA_STYLE('',(#13173));
#12789=FILL_AREA_STYLE('',(#13174));
#12790=FILL_AREA_STYLE('',(#13175));
#12791=FILL_AREA_STYLE('',(#13176));
#12792=FILL_AREA_STYLE('',(#13177));
#12793=FILL_AREA_STYLE('',(#13178));
#12794=FILL_AREA_STYLE('',(#13179));
#12795=FILL_AREA_STYLE('',(#13180));
#12796=FILL_AREA_STYLE('',(#13181));
#12797=FILL_AREA_STYLE('',(#13182));
#12798=FILL_AREA_STYLE('',(#13183));
#12799=FILL_AREA_STYLE('',(#13184));
#12800=FILL_AREA_STYLE('',(#13185));
#12801=FILL_AREA_STYLE('',(#13186));
#12802=FILL_AREA_STYLE('',(#13187));
#12803=FILL_AREA_STYLE('',(#13188));
#12804=FILL_AREA_STYLE('',(#13189));
#12805=FILL_AREA_STYLE('',(#13190));
#12806=FILL_AREA_STYLE('',(#13191));
#12807=FILL_AREA_STYLE('',(#13192));
#12808=FILL_AREA_STYLE('',(#13193));
#12809=FILL_AREA_STYLE('',(#13194));
#12810=FILL_AREA_STYLE('',(#13195));
#12811=FILL_AREA_STYLE('',(#13196));
#12812=FILL_AREA_STYLE('',(#13197));
#12813=FILL_AREA_STYLE('',(#13198));
#12814=FILL_AREA_STYLE('',(#13199));
#12815=FILL_AREA_STYLE('',(#13200));
#12816=FILL_AREA_STYLE('',(#13201));
#12817=FILL_AREA_STYLE('',(#13202));
#12818=FILL_AREA_STYLE('',(#13203));
#12819=FILL_AREA_STYLE('',(#13204));
#12820=FILL_AREA_STYLE('',(#13205));
#12821=FILL_AREA_STYLE('',(#13206));
#12822=FILL_AREA_STYLE('',(#13207));
#12823=FILL_AREA_STYLE('',(#13208));
#12824=FILL_AREA_STYLE('',(#13209));
#12825=FILL_AREA_STYLE('',(#13210));
#12826=FILL_AREA_STYLE('',(#13211));
#12827=FILL_AREA_STYLE('',(#13212));
#12828=FILL_AREA_STYLE('',(#13213));
#12829=FILL_AREA_STYLE('',(#13214));
#12830=FILL_AREA_STYLE('',(#13215));
#12831=FILL_AREA_STYLE('',(#13216));
#12832=FILL_AREA_STYLE('',(#13217));
#12833=FILL_AREA_STYLE_COLOUR('',#13218);
#12834=FILL_AREA_STYLE_COLOUR('',#13219);
#12835=FILL_AREA_STYLE_COLOUR('',#13219);
#12836=FILL_AREA_STYLE_COLOUR('',#13219);
#12837=FILL_AREA_STYLE_COLOUR('',#13219);
#12838=FILL_AREA_STYLE_COLOUR('',#13219);
#12839=FILL_AREA_STYLE_COLOUR('',#13219);
#12840=FILL_AREA_STYLE_COLOUR('',#13219);
#12841=FILL_AREA_STYLE_COLOUR('',#13219);
#12842=FILL_AREA_STYLE_COLOUR('',#13219);
#12843=FILL_AREA_STYLE_COLOUR('',#13219);
#12844=FILL_AREA_STYLE_COLOUR('',#13219);
#12845=FILL_AREA_STYLE_COLOUR('',#13219);
#12846=FILL_AREA_STYLE_COLOUR('',#13218);
#12847=FILL_AREA_STYLE_COLOUR('',#13218);
#12848=FILL_AREA_STYLE_COLOUR('',#13218);
#12849=FILL_AREA_STYLE_COLOUR('',#13218);
#12850=FILL_AREA_STYLE_COLOUR('',#13218);
#12851=FILL_AREA_STYLE_COLOUR('',#13219);
#12852=FILL_AREA_STYLE_COLOUR('',#13219);
#12853=FILL_AREA_STYLE_COLOUR('',#13219);
#12854=FILL_AREA_STYLE_COLOUR('',#13219);
#12855=FILL_AREA_STYLE_COLOUR('',#13219);
#12856=FILL_AREA_STYLE_COLOUR('',#13219);
#12857=FILL_AREA_STYLE_COLOUR('',#13219);
#12858=FILL_AREA_STYLE_COLOUR('',#13219);
#12859=FILL_AREA_STYLE_COLOUR('',#13219);
#12860=FILL_AREA_STYLE_COLOUR('',#13219);
#12861=FILL_AREA_STYLE_COLOUR('',#13219);
#12862=FILL_AREA_STYLE_COLOUR('',#13219);
#12863=FILL_AREA_STYLE_COLOUR('',#13219);
#12864=FILL_AREA_STYLE_COLOUR('',#13219);
#12865=FILL_AREA_STYLE_COLOUR('',#13219);
#12866=FILL_AREA_STYLE_COLOUR('',#13219);
#12867=FILL_AREA_STYLE_COLOUR('',#13219);
#12868=FILL_AREA_STYLE_COLOUR('',#13219);
#12869=FILL_AREA_STYLE_COLOUR('',#13219);
#12870=FILL_AREA_STYLE_COLOUR('',#13219);
#12871=FILL_AREA_STYLE_COLOUR('',#13219);
#12872=FILL_AREA_STYLE_COLOUR('',#13219);
#12873=FILL_AREA_STYLE_COLOUR('',#13219);
#12874=FILL_AREA_STYLE_COLOUR('',#13219);
#12875=FILL_AREA_STYLE_COLOUR('',#13219);
#12876=FILL_AREA_STYLE_COLOUR('',#13219);
#12877=FILL_AREA_STYLE_COLOUR('',#13219);
#12878=FILL_AREA_STYLE_COLOUR('',#13219);
#12879=FILL_AREA_STYLE_COLOUR('',#13219);
#12880=FILL_AREA_STYLE_COLOUR('',#13219);
#12881=FILL_AREA_STYLE_COLOUR('',#13219);
#12882=FILL_AREA_STYLE_COLOUR('',#13219);
#12883=FILL_AREA_STYLE_COLOUR('',#13219);
#12884=FILL_AREA_STYLE_COLOUR('',#13219);
#12885=FILL_AREA_STYLE_COLOUR('',#13219);
#12886=FILL_AREA_STYLE_COLOUR('',#13219);
#12887=FILL_AREA_STYLE_COLOUR('',#13219);
#12888=FILL_AREA_STYLE_COLOUR('',#13219);
#12889=FILL_AREA_STYLE_COLOUR('',#13219);
#12890=FILL_AREA_STYLE_COLOUR('',#13219);
#12891=FILL_AREA_STYLE_COLOUR('',#13219);
#12892=FILL_AREA_STYLE_COLOUR('',#13219);
#12893=FILL_AREA_STYLE_COLOUR('',#13219);
#12894=FILL_AREA_STYLE_COLOUR('',#13219);
#12895=FILL_AREA_STYLE_COLOUR('',#13219);
#12896=FILL_AREA_STYLE_COLOUR('',#13219);
#12897=FILL_AREA_STYLE_COLOUR('',#13219);
#12898=FILL_AREA_STYLE_COLOUR('',#13219);
#12899=FILL_AREA_STYLE_COLOUR('',#13219);
#12900=FILL_AREA_STYLE_COLOUR('',#13219);
#12901=FILL_AREA_STYLE_COLOUR('',#13219);
#12902=FILL_AREA_STYLE_COLOUR('',#13219);
#12903=FILL_AREA_STYLE_COLOUR('',#13219);
#12904=FILL_AREA_STYLE_COLOUR('',#13219);
#12905=FILL_AREA_STYLE_COLOUR('',#13219);
#12906=FILL_AREA_STYLE_COLOUR('',#13219);
#12907=FILL_AREA_STYLE_COLOUR('',#13219);
#12908=FILL_AREA_STYLE_COLOUR('',#13219);
#12909=FILL_AREA_STYLE_COLOUR('',#13219);
#12910=FILL_AREA_STYLE_COLOUR('',#13219);
#12911=FILL_AREA_STYLE_COLOUR('',#13219);
#12912=FILL_AREA_STYLE_COLOUR('',#13219);
#12913=FILL_AREA_STYLE_COLOUR('',#13219);
#12914=FILL_AREA_STYLE_COLOUR('',#13219);
#12915=FILL_AREA_STYLE_COLOUR('',#13219);
#12916=FILL_AREA_STYLE_COLOUR('',#13219);
#12917=FILL_AREA_STYLE_COLOUR('',#13219);
#12918=FILL_AREA_STYLE_COLOUR('',#13219);
#12919=FILL_AREA_STYLE_COLOUR('',#13219);
#12920=FILL_AREA_STYLE_COLOUR('',#13219);
#12921=FILL_AREA_STYLE_COLOUR('',#13219);
#12922=FILL_AREA_STYLE_COLOUR('',#13219);
#12923=FILL_AREA_STYLE_COLOUR('',#13219);
#12924=FILL_AREA_STYLE_COLOUR('',#13219);
#12925=FILL_AREA_STYLE_COLOUR('',#13219);
#12926=FILL_AREA_STYLE_COLOUR('',#13219);
#12927=FILL_AREA_STYLE_COLOUR('',#13219);
#12928=FILL_AREA_STYLE_COLOUR('',#13219);
#12929=FILL_AREA_STYLE_COLOUR('',#13219);
#12930=FILL_AREA_STYLE_COLOUR('',#13219);
#12931=FILL_AREA_STYLE_COLOUR('',#13219);
#12932=FILL_AREA_STYLE_COLOUR('',#13219);
#12933=FILL_AREA_STYLE_COLOUR('',#13219);
#12934=FILL_AREA_STYLE_COLOUR('',#13219);
#12935=FILL_AREA_STYLE_COLOUR('',#13219);
#12936=FILL_AREA_STYLE_COLOUR('',#13219);
#12937=FILL_AREA_STYLE_COLOUR('',#13219);
#12938=FILL_AREA_STYLE_COLOUR('',#13219);
#12939=FILL_AREA_STYLE_COLOUR('',#13219);
#12940=FILL_AREA_STYLE_COLOUR('',#13219);
#12941=FILL_AREA_STYLE_COLOUR('',#13219);
#12942=FILL_AREA_STYLE_COLOUR('',#13219);
#12943=FILL_AREA_STYLE_COLOUR('',#13219);
#12944=FILL_AREA_STYLE_COLOUR('',#13219);
#12945=FILL_AREA_STYLE_COLOUR('',#13219);
#12946=FILL_AREA_STYLE_COLOUR('',#13219);
#12947=FILL_AREA_STYLE_COLOUR('',#13219);
#12948=FILL_AREA_STYLE_COLOUR('',#13219);
#12949=FILL_AREA_STYLE_COLOUR('',#13219);
#12950=FILL_AREA_STYLE_COLOUR('',#13219);
#12951=FILL_AREA_STYLE_COLOUR('',#13219);
#12952=FILL_AREA_STYLE_COLOUR('',#13219);
#12953=FILL_AREA_STYLE_COLOUR('',#13219);
#12954=FILL_AREA_STYLE_COLOUR('',#13219);
#12955=FILL_AREA_STYLE_COLOUR('',#13219);
#12956=FILL_AREA_STYLE_COLOUR('',#13219);
#12957=FILL_AREA_STYLE_COLOUR('',#13219);
#12958=FILL_AREA_STYLE_COLOUR('',#13219);
#12959=FILL_AREA_STYLE_COLOUR('',#13219);
#12960=FILL_AREA_STYLE_COLOUR('',#13219);
#12961=FILL_AREA_STYLE_COLOUR('',#13219);
#12962=FILL_AREA_STYLE_COLOUR('',#13219);
#12963=FILL_AREA_STYLE_COLOUR('',#13219);
#12964=FILL_AREA_STYLE_COLOUR('',#13219);
#12965=FILL_AREA_STYLE_COLOUR('',#13219);
#12966=FILL_AREA_STYLE_COLOUR('',#13219);
#12967=FILL_AREA_STYLE_COLOUR('',#13219);
#12968=FILL_AREA_STYLE_COLOUR('',#13219);
#12969=FILL_AREA_STYLE_COLOUR('',#13219);
#12970=FILL_AREA_STYLE_COLOUR('',#13219);
#12971=FILL_AREA_STYLE_COLOUR('',#13219);
#12972=FILL_AREA_STYLE_COLOUR('',#13219);
#12973=FILL_AREA_STYLE_COLOUR('',#13219);
#12974=FILL_AREA_STYLE_COLOUR('',#13219);
#12975=FILL_AREA_STYLE_COLOUR('',#13219);
#12976=FILL_AREA_STYLE_COLOUR('',#13219);
#12977=FILL_AREA_STYLE_COLOUR('',#13219);
#12978=FILL_AREA_STYLE_COLOUR('',#13219);
#12979=FILL_AREA_STYLE_COLOUR('',#13219);
#12980=FILL_AREA_STYLE_COLOUR('',#13219);
#12981=FILL_AREA_STYLE_COLOUR('',#13219);
#12982=FILL_AREA_STYLE_COLOUR('',#13219);
#12983=FILL_AREA_STYLE_COLOUR('',#13219);
#12984=FILL_AREA_STYLE_COLOUR('',#13219);
#12985=FILL_AREA_STYLE_COLOUR('',#13219);
#12986=FILL_AREA_STYLE_COLOUR('',#13219);
#12987=FILL_AREA_STYLE_COLOUR('',#13219);
#12988=FILL_AREA_STYLE_COLOUR('',#13219);
#12989=FILL_AREA_STYLE_COLOUR('',#13219);
#12990=FILL_AREA_STYLE_COLOUR('',#13219);
#12991=FILL_AREA_STYLE_COLOUR('',#13219);
#12992=FILL_AREA_STYLE_COLOUR('',#13219);
#12993=FILL_AREA_STYLE_COLOUR('',#13219);
#12994=FILL_AREA_STYLE_COLOUR('',#13219);
#12995=FILL_AREA_STYLE_COLOUR('',#13219);
#12996=FILL_AREA_STYLE_COLOUR('',#13219);
#12997=FILL_AREA_STYLE_COLOUR('',#13219);
#12998=FILL_AREA_STYLE_COLOUR('',#13219);
#12999=FILL_AREA_STYLE_COLOUR('',#13219);
#13000=FILL_AREA_STYLE_COLOUR('',#13219);
#13001=FILL_AREA_STYLE_COLOUR('',#13219);
#13002=FILL_AREA_STYLE_COLOUR('',#13219);
#13003=FILL_AREA_STYLE_COLOUR('',#13219);
#13004=FILL_AREA_STYLE_COLOUR('',#13219);
#13005=FILL_AREA_STYLE_COLOUR('',#13219);
#13006=FILL_AREA_STYLE_COLOUR('',#13219);
#13007=FILL_AREA_STYLE_COLOUR('',#13219);
#13008=FILL_AREA_STYLE_COLOUR('',#13219);
#13009=FILL_AREA_STYLE_COLOUR('',#13219);
#13010=FILL_AREA_STYLE_COLOUR('',#13219);
#13011=FILL_AREA_STYLE_COLOUR('',#13219);
#13012=FILL_AREA_STYLE_COLOUR('',#13219);
#13013=FILL_AREA_STYLE_COLOUR('',#13219);
#13014=FILL_AREA_STYLE_COLOUR('',#13219);
#13015=FILL_AREA_STYLE_COLOUR('',#13219);
#13016=FILL_AREA_STYLE_COLOUR('',#13219);
#13017=FILL_AREA_STYLE_COLOUR('',#13219);
#13018=FILL_AREA_STYLE_COLOUR('',#13219);
#13019=FILL_AREA_STYLE_COLOUR('',#13219);
#13020=FILL_AREA_STYLE_COLOUR('',#13219);
#13021=FILL_AREA_STYLE_COLOUR('',#13219);
#13022=FILL_AREA_STYLE_COLOUR('',#13219);
#13023=FILL_AREA_STYLE_COLOUR('',#13219);
#13024=FILL_AREA_STYLE_COLOUR('',#13219);
#13025=FILL_AREA_STYLE_COLOUR('',#13219);
#13026=FILL_AREA_STYLE_COLOUR('',#13219);
#13027=FILL_AREA_STYLE_COLOUR('',#13219);
#13028=FILL_AREA_STYLE_COLOUR('',#13219);
#13029=FILL_AREA_STYLE_COLOUR('',#13219);
#13030=FILL_AREA_STYLE_COLOUR('',#13219);
#13031=FILL_AREA_STYLE_COLOUR('',#13219);
#13032=FILL_AREA_STYLE_COLOUR('',#13219);
#13033=FILL_AREA_STYLE_COLOUR('',#13219);
#13034=FILL_AREA_STYLE_COLOUR('',#13219);
#13035=FILL_AREA_STYLE_COLOUR('',#13219);
#13036=FILL_AREA_STYLE_COLOUR('',#13219);
#13037=FILL_AREA_STYLE_COLOUR('',#13219);
#13038=FILL_AREA_STYLE_COLOUR('',#13219);
#13039=FILL_AREA_STYLE_COLOUR('',#13219);
#13040=FILL_AREA_STYLE_COLOUR('',#13219);
#13041=FILL_AREA_STYLE_COLOUR('',#13219);
#13042=FILL_AREA_STYLE_COLOUR('',#13219);
#13043=FILL_AREA_STYLE_COLOUR('',#13219);
#13044=FILL_AREA_STYLE_COLOUR('',#13219);
#13045=FILL_AREA_STYLE_COLOUR('',#13219);
#13046=FILL_AREA_STYLE_COLOUR('',#13219);
#13047=FILL_AREA_STYLE_COLOUR('',#13219);
#13048=FILL_AREA_STYLE_COLOUR('',#13219);
#13049=FILL_AREA_STYLE_COLOUR('',#13219);
#13050=FILL_AREA_STYLE_COLOUR('',#13219);
#13051=FILL_AREA_STYLE_COLOUR('',#13219);
#13052=FILL_AREA_STYLE_COLOUR('',#13219);
#13053=FILL_AREA_STYLE_COLOUR('',#13219);
#13054=FILL_AREA_STYLE_COLOUR('',#13219);
#13055=FILL_AREA_STYLE_COLOUR('',#13219);
#13056=FILL_AREA_STYLE_COLOUR('',#13219);
#13057=FILL_AREA_STYLE_COLOUR('',#13219);
#13058=FILL_AREA_STYLE_COLOUR('',#13219);
#13059=FILL_AREA_STYLE_COLOUR('',#13219);
#13060=FILL_AREA_STYLE_COLOUR('',#13219);
#13061=FILL_AREA_STYLE_COLOUR('',#13219);
#13062=FILL_AREA_STYLE_COLOUR('',#13219);
#13063=FILL_AREA_STYLE_COLOUR('',#13219);
#13064=FILL_AREA_STYLE_COLOUR('',#13219);
#13065=FILL_AREA_STYLE_COLOUR('',#13219);
#13066=FILL_AREA_STYLE_COLOUR('',#13219);
#13067=FILL_AREA_STYLE_COLOUR('',#13219);
#13068=FILL_AREA_STYLE_COLOUR('',#13219);
#13069=FILL_AREA_STYLE_COLOUR('',#13219);
#13070=FILL_AREA_STYLE_COLOUR('',#13219);
#13071=FILL_AREA_STYLE_COLOUR('',#13219);
#13072=FILL_AREA_STYLE_COLOUR('',#13219);
#13073=FILL_AREA_STYLE_COLOUR('',#13219);
#13074=FILL_AREA_STYLE_COLOUR('',#13219);
#13075=FILL_AREA_STYLE_COLOUR('',#13219);
#13076=FILL_AREA_STYLE_COLOUR('',#13219);
#13077=FILL_AREA_STYLE_COLOUR('',#13219);
#13078=FILL_AREA_STYLE_COLOUR('',#13219);
#13079=FILL_AREA_STYLE_COLOUR('',#13219);
#13080=FILL_AREA_STYLE_COLOUR('',#13219);
#13081=FILL_AREA_STYLE_COLOUR('',#13219);
#13082=FILL_AREA_STYLE_COLOUR('',#13219);
#13083=FILL_AREA_STYLE_COLOUR('',#13219);
#13084=FILL_AREA_STYLE_COLOUR('',#13219);
#13085=FILL_AREA_STYLE_COLOUR('',#13219);
#13086=FILL_AREA_STYLE_COLOUR('',#13219);
#13087=FILL_AREA_STYLE_COLOUR('',#13219);
#13088=FILL_AREA_STYLE_COLOUR('',#13219);
#13089=FILL_AREA_STYLE_COLOUR('',#13219);
#13090=FILL_AREA_STYLE_COLOUR('',#13219);
#13091=FILL_AREA_STYLE_COLOUR('',#13219);
#13092=FILL_AREA_STYLE_COLOUR('',#13219);
#13093=FILL_AREA_STYLE_COLOUR('',#13219);
#13094=FILL_AREA_STYLE_COLOUR('',#13219);
#13095=FILL_AREA_STYLE_COLOUR('',#13219);
#13096=FILL_AREA_STYLE_COLOUR('',#13219);
#13097=FILL_AREA_STYLE_COLOUR('',#13219);
#13098=FILL_AREA_STYLE_COLOUR('',#13219);
#13099=FILL_AREA_STYLE_COLOUR('',#13219);
#13100=FILL_AREA_STYLE_COLOUR('',#13219);
#13101=FILL_AREA_STYLE_COLOUR('',#13219);
#13102=FILL_AREA_STYLE_COLOUR('',#13219);
#13103=FILL_AREA_STYLE_COLOUR('',#13219);
#13104=FILL_AREA_STYLE_COLOUR('',#13219);
#13105=FILL_AREA_STYLE_COLOUR('',#13219);
#13106=FILL_AREA_STYLE_COLOUR('',#13219);
#13107=FILL_AREA_STYLE_COLOUR('',#13219);
#13108=FILL_AREA_STYLE_COLOUR('',#13219);
#13109=FILL_AREA_STYLE_COLOUR('',#13219);
#13110=FILL_AREA_STYLE_COLOUR('',#13219);
#13111=FILL_AREA_STYLE_COLOUR('',#13219);
#13112=FILL_AREA_STYLE_COLOUR('',#13219);
#13113=FILL_AREA_STYLE_COLOUR('',#13219);
#13114=FILL_AREA_STYLE_COLOUR('',#13219);
#13115=FILL_AREA_STYLE_COLOUR('',#13219);
#13116=FILL_AREA_STYLE_COLOUR('',#13219);
#13117=FILL_AREA_STYLE_COLOUR('',#13219);
#13118=FILL_AREA_STYLE_COLOUR('',#13219);
#13119=FILL_AREA_STYLE_COLOUR('',#13219);
#13120=FILL_AREA_STYLE_COLOUR('',#13219);
#13121=FILL_AREA_STYLE_COLOUR('',#13219);
#13122=FILL_AREA_STYLE_COLOUR('',#13219);
#13123=FILL_AREA_STYLE_COLOUR('',#13219);
#13124=FILL_AREA_STYLE_COLOUR('',#13219);
#13125=FILL_AREA_STYLE_COLOUR('',#13219);
#13126=FILL_AREA_STYLE_COLOUR('',#13219);
#13127=FILL_AREA_STYLE_COLOUR('',#13219);
#13128=FILL_AREA_STYLE_COLOUR('',#13219);
#13129=FILL_AREA_STYLE_COLOUR('',#13219);
#13130=FILL_AREA_STYLE_COLOUR('',#13219);
#13131=FILL_AREA_STYLE_COLOUR('',#13219);
#13132=FILL_AREA_STYLE_COLOUR('',#13219);
#13133=FILL_AREA_STYLE_COLOUR('',#13218);
#13134=FILL_AREA_STYLE_COLOUR('',#13219);
#13135=FILL_AREA_STYLE_COLOUR('',#13219);
#13136=FILL_AREA_STYLE_COLOUR('',#13219);
#13137=FILL_AREA_STYLE_COLOUR('',#13219);
#13138=FILL_AREA_STYLE_COLOUR('',#13219);
#13139=FILL_AREA_STYLE_COLOUR('',#13219);
#13140=FILL_AREA_STYLE_COLOUR('',#13219);
#13141=FILL_AREA_STYLE_COLOUR('',#13219);
#13142=FILL_AREA_STYLE_COLOUR('',#13219);
#13143=FILL_AREA_STYLE_COLOUR('',#13219);
#13144=FILL_AREA_STYLE_COLOUR('',#13219);
#13145=FILL_AREA_STYLE_COLOUR('',#13219);
#13146=FILL_AREA_STYLE_COLOUR('',#13219);
#13147=FILL_AREA_STYLE_COLOUR('',#13219);
#13148=FILL_AREA_STYLE_COLOUR('',#13219);
#13149=FILL_AREA_STYLE_COLOUR('',#13219);
#13150=FILL_AREA_STYLE_COLOUR('',#13219);
#13151=FILL_AREA_STYLE_COLOUR('',#13219);
#13152=FILL_AREA_STYLE_COLOUR('',#13219);
#13153=FILL_AREA_STYLE_COLOUR('',#13219);
#13154=FILL_AREA_STYLE_COLOUR('',#13219);
#13155=FILL_AREA_STYLE_COLOUR('',#13219);
#13156=FILL_AREA_STYLE_COLOUR('',#13219);
#13157=FILL_AREA_STYLE_COLOUR('',#13219);
#13158=FILL_AREA_STYLE_COLOUR('',#13219);
#13159=FILL_AREA_STYLE_COLOUR('',#13219);
#13160=FILL_AREA_STYLE_COLOUR('',#13219);
#13161=FILL_AREA_STYLE_COLOUR('',#13219);
#13162=FILL_AREA_STYLE_COLOUR('',#13219);
#13163=FILL_AREA_STYLE_COLOUR('',#13219);
#13164=FILL_AREA_STYLE_COLOUR('',#13219);
#13165=FILL_AREA_STYLE_COLOUR('',#13219);
#13166=FILL_AREA_STYLE_COLOUR('',#13219);
#13167=FILL_AREA_STYLE_COLOUR('',#13219);
#13168=FILL_AREA_STYLE_COLOUR('',#13219);
#13169=FILL_AREA_STYLE_COLOUR('',#13219);
#13170=FILL_AREA_STYLE_COLOUR('',#13219);
#13171=FILL_AREA_STYLE_COLOUR('',#13219);
#13172=FILL_AREA_STYLE_COLOUR('',#13219);
#13173=FILL_AREA_STYLE_COLOUR('',#13219);
#13174=FILL_AREA_STYLE_COLOUR('',#13219);
#13175=FILL_AREA_STYLE_COLOUR('',#13219);
#13176=FILL_AREA_STYLE_COLOUR('',#13219);
#13177=FILL_AREA_STYLE_COLOUR('',#13219);
#13178=FILL_AREA_STYLE_COLOUR('',#13219);
#13179=FILL_AREA_STYLE_COLOUR('',#13219);
#13180=FILL_AREA_STYLE_COLOUR('',#13219);
#13181=FILL_AREA_STYLE_COLOUR('',#13219);
#13182=FILL_AREA_STYLE_COLOUR('',#13219);
#13183=FILL_AREA_STYLE_COLOUR('',#13219);
#13184=FILL_AREA_STYLE_COLOUR('',#13219);
#13185=FILL_AREA_STYLE_COLOUR('',#13219);
#13186=FILL_AREA_STYLE_COLOUR('',#13219);
#13187=FILL_AREA_STYLE_COLOUR('',#13219);
#13188=FILL_AREA_STYLE_COLOUR('',#13219);
#13189=FILL_AREA_STYLE_COLOUR('',#13219);
#13190=FILL_AREA_STYLE_COLOUR('',#13219);
#13191=FILL_AREA_STYLE_COLOUR('',#13219);
#13192=FILL_AREA_STYLE_COLOUR('',#13219);
#13193=FILL_AREA_STYLE_COLOUR('',#13219);
#13194=FILL_AREA_STYLE_COLOUR('',#13219);
#13195=FILL_AREA_STYLE_COLOUR('',#13219);
#13196=FILL_AREA_STYLE_COLOUR('',#13219);
#13197=FILL_AREA_STYLE_COLOUR('',#13219);
#13198=FILL_AREA_STYLE_COLOUR('',#13219);
#13199=FILL_AREA_STYLE_COLOUR('',#13219);
#13200=FILL_AREA_STYLE_COLOUR('',#13219);
#13201=FILL_AREA_STYLE_COLOUR('',#13219);
#13202=FILL_AREA_STYLE_COLOUR('',#13219);
#13203=FILL_AREA_STYLE_COLOUR('',#13219);
#13204=FILL_AREA_STYLE_COLOUR('',#13219);
#13205=FILL_AREA_STYLE_COLOUR('',#13219);
#13206=FILL_AREA_STYLE_COLOUR('',#13219);
#13207=FILL_AREA_STYLE_COLOUR('',#13219);
#13208=FILL_AREA_STYLE_COLOUR('',#13219);
#13209=FILL_AREA_STYLE_COLOUR('',#13219);
#13210=FILL_AREA_STYLE_COLOUR('',#13219);
#13211=FILL_AREA_STYLE_COLOUR('',#13219);
#13212=FILL_AREA_STYLE_COLOUR('',#13219);
#13213=FILL_AREA_STYLE_COLOUR('',#13219);
#13214=FILL_AREA_STYLE_COLOUR('',#13219);
#13215=FILL_AREA_STYLE_COLOUR('',#13219);
#13216=FILL_AREA_STYLE_COLOUR('',#13219);
#13217=FILL_AREA_STYLE_COLOUR('',#13219);
#13218=COLOUR_RGB('',0.180392156862745,0.956862745098039,0.752941176470588);
#13219=COLOUR_RGB('',0.901960784313726,0.901960784313726,0.901960784313726);
#13220=MANIFOLD_SOLID_BREP('Slide',#10900);
#13221=MANIFOLD_SOLID_BREP('Lever',#10901);
#13222=MANIFOLD_SOLID_BREP('Top',#10902);
#13223=MANIFOLD_SOLID_BREP('Bottom',#10903);
#13224=SHAPE_DEFINITION_REPRESENTATION(#19509,#13229);
#13225=SHAPE_DEFINITION_REPRESENTATION(#19510,#13230);
#13226=SHAPE_DEFINITION_REPRESENTATION(#19512,#13231);
#13227=SHAPE_DEFINITION_REPRESENTATION(#19514,#13232);
#13228=SHAPE_DEFINITION_REPRESENTATION(#19516,#13233);
#13229=SHAPE_REPRESENTATION('TFXTDOL14-Assy',(#13234,#13265,#13290,#13687,
#13889),#19496);
#13230=SHAPE_REPRESENTATION('Slide',(#13234),#19497);
#13231=SHAPE_REPRESENTATION('Lever',(#13234),#19498);
#13232=SHAPE_REPRESENTATION('Top',(#13234),#19499);
#13233=SHAPE_REPRESENTATION('Bottom',(#13234),#19500);
#13234=AXIS2_PLACEMENT_3D('',#16561,#13890,#13891);
#13235=AXIS2_PLACEMENT_3D('',#16562,#13892,#13893);
#13236=AXIS2_PLACEMENT_3D('',#16571,#13898,#13899);
#13237=AXIS2_PLACEMENT_3D('',#16588,#13908,#13909);
#13238=AXIS2_PLACEMENT_3D('',#16589,#13910,#13911);
#13239=AXIS2_PLACEMENT_3D('',#16600,#13917,#13918);
#13240=AXIS2_PLACEMENT_3D('',#16606,#13922,#13923);
#13241=AXIS2_PLACEMENT_3D('',#16607,#13924,#13925);
#13242=AXIS2_PLACEMENT_3D('',#16612,#13929,#13930);
#13243=AXIS2_PLACEMENT_3D('',#16621,#13935,#13936);
#13244=AXIS2_PLACEMENT_3D('',#16627,#13940,#13941);
#13245=AXIS2_PLACEMENT_3D('',#16633,#13945,#13946);
#13246=AXIS2_PLACEMENT_3D('',#16636,#13949,#13950);
#13247=AXIS2_PLACEMENT_3D('',#16638,#13952,#13953);
#13248=AXIS2_PLACEMENT_3D('',#16639,#13954,#13955);
#13249=AXIS2_PLACEMENT_3D('',#16647,#13960,#13961);
#13250=AXIS2_PLACEMENT_3D('',#16651,#13964,#13965);
#13251=AXIS2_PLACEMENT_3D('',#16654,#13968,#13969);
#13252=AXIS2_PLACEMENT_3D('',#16660,#13973,#13974);
#13253=AXIS2_PLACEMENT_3D('',#16663,#13976,#13977);
#13254=AXIS2_PLACEMENT_3D('',#16670,#13981,#13982);
#13255=AXIS2_PLACEMENT_3D('',#16671,#13983,#13984);
#13256=AXIS2_PLACEMENT_3D('',#16674,#13986,#13987);
#13257=AXIS2_PLACEMENT_3D('',#16681,#13991,#13992);
#13258=AXIS2_PLACEMENT_3D('',#16682,#13993,#13994);
#13259=AXIS2_PLACEMENT_3D('',#16685,#13997,#13998);
#13260=AXIS2_PLACEMENT_3D('',#16687,#14000,#14001);
#13261=AXIS2_PLACEMENT_3D('',#16688,#14002,#14003);
#13262=AXIS2_PLACEMENT_3D('',#16690,#14005,#14006);
#13263=AXIS2_PLACEMENT_3D('',#16691,#14007,#14008);
#13264=AXIS2_PLACEMENT_3D('',#16692,#14009,#14010);
#13265=AXIS2_PLACEMENT_3D('',#16693,#14011,#14012);
#13266=AXIS2_PLACEMENT_3D('',#16694,#14013,#14014);
#13267=AXIS2_PLACEMENT_3D('',#16695,#14015,#14016);
#13268=AXIS2_PLACEMENT_3D('',#16697,#14017,#14018);
#13269=AXIS2_PLACEMENT_3D('',#16699,#14019,#14020);
#13270=AXIS2_PLACEMENT_3D('',#16700,#14021,#14022);
#13271=AXIS2_PLACEMENT_3D('',#16702,#14023,#14024);
#13272=AXIS2_PLACEMENT_3D('',#16703,#14025,#14026);
#13273=AXIS2_PLACEMENT_3D('',#16705,#14027,#14028);
#13274=AXIS2_PLACEMENT_3D('',#16706,#14029,#14030);
#13275=AXIS2_PLACEMENT_3D('',#16708,#14031,#14032);
#13276=AXIS2_PLACEMENT_3D('',#16709,#14033,#14034);
#13277=AXIS2_PLACEMENT_3D('',#16711,#14035,#14036);
#13278=AXIS2_PLACEMENT_3D('',#16712,#14037,#14038);
#13279=AXIS2_PLACEMENT_3D('',#16714,#14039,#14040);
#13280=AXIS2_PLACEMENT_3D('',#16715,#14041,#14042);
#13281=AXIS2_PLACEMENT_3D('',#16717,#14043,#14044);
#13282=AXIS2_PLACEMENT_3D('',#16730,#14045,#14046);
#13283=AXIS2_PLACEMENT_3D('',#16731,#14047,#14048);
#13284=AXIS2_PLACEMENT_3D('',#16732,#14049,#14050);
#13285=AXIS2_PLACEMENT_3D('',#16734,#14051,#14052);
#13286=AXIS2_PLACEMENT_3D('',#16735,#14053,#14054);
#13287=AXIS2_PLACEMENT_3D('',#16737,#14055,#14056);
#13288=AXIS2_PLACEMENT_3D('',#16738,#14057,#14058);
#13289=AXIS2_PLACEMENT_3D('',#16740,#14059,#14060);
#13290=AXIS2_PLACEMENT_3D('',#16741,#14061,#14062);
#13291=AXIS2_PLACEMENT_3D('',#16742,#14063,#14064);
#13292=AXIS2_PLACEMENT_3D('',#16743,#14065,#14066);
#13293=AXIS2_PLACEMENT_3D('',#16745,#14067,#14068);
#13294=AXIS2_PLACEMENT_3D('',#16747,#14069,#14070);
#13295=AXIS2_PLACEMENT_3D('',#16748,#14071,#14072);
#13296=AXIS2_PLACEMENT_3D('',#16750,#14073,#14074);
#13297=AXIS2_PLACEMENT_3D('',#16752,#14075,#14076);
#13298=AXIS2_PLACEMENT_3D('',#16761,#14081,#14082);
#13299=AXIS2_PLACEMENT_3D('',#16770,#14087,#14088);
#13300=AXIS2_PLACEMENT_3D('',#16779,#14093,#14094);
#13301=AXIS2_PLACEMENT_3D('',#16788,#14099,#14100);
#13302=AXIS2_PLACEMENT_3D('',#16797,#14105,#14106);
#13303=AXIS2_PLACEMENT_3D('',#16806,#14111,#14112);
#13304=AXIS2_PLACEMENT_3D('',#16815,#14117,#14118);
#13305=AXIS2_PLACEMENT_3D('',#16824,#14123,#14124);
#13306=AXIS2_PLACEMENT_3D('',#16833,#14129,#14130);
#13307=AXIS2_PLACEMENT_3D('',#16842,#14135,#14136);
#13308=AXIS2_PLACEMENT_3D('',#16851,#14141,#14142);
#13309=AXIS2_PLACEMENT_3D('',#16860,#14147,#14148);
#13310=AXIS2_PLACEMENT_3D('',#16869,#14153,#14154);
#13311=AXIS2_PLACEMENT_3D('',#16878,#14159,#14160);
#13312=AXIS2_PLACEMENT_3D('',#16887,#14165,#14166);
#13313=AXIS2_PLACEMENT_3D('',#16896,#14171,#14172);
#13314=AXIS2_PLACEMENT_3D('',#16905,#14177,#14178);
#13315=AXIS2_PLACEMENT_3D('',#16914,#14183,#14184);
#13316=AXIS2_PLACEMENT_3D('',#16923,#14189,#14190);
#13317=AXIS2_PLACEMENT_3D('',#16932,#14195,#14196);
#13318=AXIS2_PLACEMENT_3D('',#16941,#14201,#14202);
#13319=AXIS2_PLACEMENT_3D('',#16950,#14207,#14208);
#13320=AXIS2_PLACEMENT_3D('',#16959,#14213,#14214);
#13321=AXIS2_PLACEMENT_3D('',#16968,#14219,#14220);
#13322=AXIS2_PLACEMENT_3D('',#16977,#14225,#14226);
#13323=AXIS2_PLACEMENT_3D('',#16986,#14231,#14232);
#13324=AXIS2_PLACEMENT_3D('',#16995,#14237,#14238);
#13325=AXIS2_PLACEMENT_3D('',#17004,#14243,#14244);
#13326=AXIS2_PLACEMENT_3D('',#17021,#14253,#14254);
#13327=AXIS2_PLACEMENT_3D('',#17025,#14256,#14257);
#13328=AXIS2_PLACEMENT_3D('',#17050,#14272,#14273);
#13329=AXIS2_PLACEMENT_3D('',#17054,#14275,#14276);
#13330=AXIS2_PLACEMENT_3D('',#17079,#14291,#14292);
#13331=AXIS2_PLACEMENT_3D('',#17083,#14294,#14295);
#13332=AXIS2_PLACEMENT_3D('',#17108,#14310,#14311);
#13333=AXIS2_PLACEMENT_3D('',#17112,#14313,#14314);
#13334=AXIS2_PLACEMENT_3D('',#17137,#14329,#14330);
#13335=AXIS2_PLACEMENT_3D('',#17144,#14335,#14336);
#13336=AXIS2_PLACEMENT_3D('',#17151,#14341,#14342);
#13337=AXIS2_PLACEMENT_3D('',#17152,#14343,#14344);
#13338=AXIS2_PLACEMENT_3D('',#17154,#14345,#14346);
#13339=AXIS2_PLACEMENT_3D('',#17177,#14358,#14359);
#13340=AXIS2_PLACEMENT_3D('',#17181,#14361,#14362);
#13341=AXIS2_PLACEMENT_3D('',#17185,#14364,#14365);
#13342=AXIS2_PLACEMENT_3D('',#17191,#14368,#14369);
#13343=AXIS2_PLACEMENT_3D('',#17195,#14371,#14372);
#13344=AXIS2_PLACEMENT_3D('',#17198,#14375,#14376);
#13345=AXIS2_PLACEMENT_3D('',#17342,#14462,#14463);
#13346=AXIS2_PLACEMENT_3D('',#17346,#14465,#14466);
#13347=AXIS2_PLACEMENT_3D('',#17350,#14468,#14469);
#13348=AXIS2_PLACEMENT_3D('',#17356,#14472,#14473);
#13349=AXIS2_PLACEMENT_3D('',#17360,#14475,#14476);
#13350=AXIS2_PLACEMENT_3D('',#17369,#14481,#14482);
#13351=AXIS2_PLACEMENT_3D('',#17372,#14485,#14486);
#13352=AXIS2_PLACEMENT_3D('',#17375,#14489,#14490);
#13353=AXIS2_PLACEMENT_3D('',#17377,#14492,#14493);
#13354=AXIS2_PLACEMENT_3D('',#17380,#14496,#14497);
#13355=AXIS2_PLACEMENT_3D('',#17383,#14500,#14501);
#13356=AXIS2_PLACEMENT_3D('',#17386,#14504,#14505);
#13357=AXIS2_PLACEMENT_3D('',#17387,#14506,#14507);
#13358=AXIS2_PLACEMENT_3D('',#17388,#14508,#14509);
#13359=AXIS2_PLACEMENT_3D('',#17389,#14510,#14511);
#13360=AXIS2_PLACEMENT_3D('',#17390,#14512,#14513);
#13361=AXIS2_PLACEMENT_3D('',#17391,#14514,#14515);
#13362=AXIS2_PLACEMENT_3D('',#17394,#14518,#14519);
#13363=AXIS2_PLACEMENT_3D('',#17401,#14524,#14525);
#13364=AXIS2_PLACEMENT_3D('',#17403,#14527,#14528);
#13365=AXIS2_PLACEMENT_3D('',#17404,#14529,#14530);
#13366=AXIS2_PLACEMENT_3D('',#17413,#14535,#14536);
#13367=AXIS2_PLACEMENT_3D('',#17422,#14541,#14542);
#13368=AXIS2_PLACEMENT_3D('',#17431,#14547,#14548);
#13369=AXIS2_PLACEMENT_3D('',#17440,#14553,#14554);
#13370=AXIS2_PLACEMENT_3D('',#17443,#14557,#14558);
#13371=AXIS2_PLACEMENT_3D('',#17446,#14561,#14562);
#13372=AXIS2_PLACEMENT_3D('',#17449,#14565,#14566);
#13373=AXIS2_PLACEMENT_3D('',#17451,#14568,#14569);
#13374=AXIS2_PLACEMENT_3D('',#17453,#14571,#14572);
#13375=AXIS2_PLACEMENT_3D('',#17456,#14574,#14575);
#13376=AXIS2_PLACEMENT_3D('',#17464,#14583,#14584);
#13377=AXIS2_PLACEMENT_3D('',#17465,#14585,#14586);
#13378=AXIS2_PLACEMENT_3D('',#17475,#14595,#14596);
#13379=AXIS2_PLACEMENT_3D('',#17476,#14597,#14598);
#13380=AXIS2_PLACEMENT_3D('',#17485,#14603,#14604);
#13381=AXIS2_PLACEMENT_3D('',#17494,#14609,#14610);
#13382=AXIS2_PLACEMENT_3D('',#17503,#14615,#14616);
#13383=AXIS2_PLACEMENT_3D('',#17512,#14621,#14622);
#13384=AXIS2_PLACEMENT_3D('',#17515,#14625,#14626);
#13385=AXIS2_PLACEMENT_3D('',#17518,#14629,#14630);
#13386=AXIS2_PLACEMENT_3D('',#17521,#14633,#14634);
#13387=AXIS2_PLACEMENT_3D('',#17524,#14636,#14637);
#13388=AXIS2_PLACEMENT_3D('',#17532,#14645,#14646);
#13389=AXIS2_PLACEMENT_3D('',#17535,#14649,#14650);
#13390=AXIS2_PLACEMENT_3D('',#17537,#14652,#14653);
#13391=AXIS2_PLACEMENT_3D('',#17538,#14654,#14655);
#13392=AXIS2_PLACEMENT_3D('',#17539,#14656,#14657);
#13393=AXIS2_PLACEMENT_3D('',#17548,#14665,#14666);
#13394=AXIS2_PLACEMENT_3D('',#17550,#14668,#14669);
#13395=AXIS2_PLACEMENT_3D('',#17552,#14671,#14672);
#13396=AXIS2_PLACEMENT_3D('',#17553,#14673,#14674);
#13397=AXIS2_PLACEMENT_3D('',#17554,#14675,#14676);
#13398=AXIS2_PLACEMENT_3D('',#17555,#14677,#14678);
#13399=AXIS2_PLACEMENT_3D('',#17556,#14679,#14680);
#13400=AXIS2_PLACEMENT_3D('',#17560,#14683,#14684);
#13401=AXIS2_PLACEMENT_3D('',#17564,#14687,#14688);
#13402=AXIS2_PLACEMENT_3D('',#17566,#14690,#14691);
#13403=AXIS2_PLACEMENT_3D('',#17567,#14692,#14693);
#13404=AXIS2_PLACEMENT_3D('',#17573,#14697,#14698);
#13405=AXIS2_PLACEMENT_3D('',#17579,#14702,#14703);
#13406=AXIS2_PLACEMENT_3D('',#17583,#14706,#14707);
#13407=AXIS2_PLACEMENT_3D('',#17589,#14711,#14712);
#13408=AXIS2_PLACEMENT_3D('',#17593,#14715,#14716);
#13409=AXIS2_PLACEMENT_3D('',#17595,#14718,#14719);
#13410=AXIS2_PLACEMENT_3D('',#17598,#14722,#14723);
#13411=AXIS2_PLACEMENT_3D('',#17599,#14724,#14725);
#13412=AXIS2_PLACEMENT_3D('',#17600,#14726,#14727);
#13413=AXIS2_PLACEMENT_3D('',#17606,#14731,#14732);
#13414=AXIS2_PLACEMENT_3D('',#17610,#14735,#14736);
#13415=AXIS2_PLACEMENT_3D('',#17614,#14739,#14740);
#13416=AXIS2_PLACEMENT_3D('',#17620,#14744,#14745);
#13417=AXIS2_PLACEMENT_3D('',#17624,#14748,#14749);
#13418=AXIS2_PLACEMENT_3D('',#17628,#14752,#14753);
#13419=AXIS2_PLACEMENT_3D('',#17631,#14756,#14757);
#13420=AXIS2_PLACEMENT_3D('',#17632,#14758,#14759);
#13421=AXIS2_PLACEMENT_3D('',#17633,#14760,#14761);
#13422=AXIS2_PLACEMENT_3D('',#17639,#14765,#14766);
#13423=AXIS2_PLACEMENT_3D('',#17645,#14770,#14771);
#13424=AXIS2_PLACEMENT_3D('',#17649,#14774,#14775);
#13425=AXIS2_PLACEMENT_3D('',#17655,#14779,#14780);
#13426=AXIS2_PLACEMENT_3D('',#17659,#14783,#14784);
#13427=AXIS2_PLACEMENT_3D('',#17661,#14786,#14787);
#13428=AXIS2_PLACEMENT_3D('',#17664,#14790,#14791);
#13429=AXIS2_PLACEMENT_3D('',#17665,#14792,#14793);
#13430=AXIS2_PLACEMENT_3D('',#17666,#14794,#14795);
#13431=AXIS2_PLACEMENT_3D('',#17672,#14799,#14800);
#13432=AXIS2_PLACEMENT_3D('',#17676,#14803,#14804);
#13433=AXIS2_PLACEMENT_3D('',#17680,#14807,#14808);
#13434=AXIS2_PLACEMENT_3D('',#17686,#14812,#14813);
#13435=AXIS2_PLACEMENT_3D('',#17690,#14816,#14817);
#13436=AXIS2_PLACEMENT_3D('',#17695,#14821,#14822);
#13437=AXIS2_PLACEMENT_3D('',#17697,#14824,#14825);
#13438=AXIS2_PLACEMENT_3D('',#17698,#14826,#14827);
#13439=AXIS2_PLACEMENT_3D('',#17699,#14828,#14829);
#13440=AXIS2_PLACEMENT_3D('',#17705,#14833,#14834);
#13441=AXIS2_PLACEMENT_3D('',#17711,#14838,#14839);
#13442=AXIS2_PLACEMENT_3D('',#17715,#14842,#14843);
#13443=AXIS2_PLACEMENT_3D('',#17721,#14847,#14848);
#13444=AXIS2_PLACEMENT_3D('',#17725,#14851,#14852);
#13445=AXIS2_PLACEMENT_3D('',#17727,#14854,#14855);
#13446=AXIS2_PLACEMENT_3D('',#17730,#14858,#14859);
#13447=AXIS2_PLACEMENT_3D('',#17731,#14860,#14861);
#13448=AXIS2_PLACEMENT_3D('',#17732,#14862,#14863);
#13449=AXIS2_PLACEMENT_3D('',#17738,#14867,#14868);
#13450=AXIS2_PLACEMENT_3D('',#17742,#14871,#14872);
#13451=AXIS2_PLACEMENT_3D('',#17746,#14875,#14876);
#13452=AXIS2_PLACEMENT_3D('',#17752,#14880,#14881);
#13453=AXIS2_PLACEMENT_3D('',#17756,#14884,#14885);
#13454=AXIS2_PLACEMENT_3D('',#17761,#14889,#14890);
#13455=AXIS2_PLACEMENT_3D('',#17763,#14892,#14893);
#13456=AXIS2_PLACEMENT_3D('',#17764,#14894,#14895);
#13457=AXIS2_PLACEMENT_3D('',#17765,#14896,#14897);
#13458=AXIS2_PLACEMENT_3D('',#17771,#14901,#14902);
#13459=AXIS2_PLACEMENT_3D('',#17775,#14905,#14906);
#13460=AXIS2_PLACEMENT_3D('',#17779,#14909,#14910);
#13461=AXIS2_PLACEMENT_3D('',#17783,#14913,#14914);
#13462=AXIS2_PLACEMENT_3D('',#17787,#14917,#14918);
#13463=AXIS2_PLACEMENT_3D('',#17790,#14921,#14922);
#13464=AXIS2_PLACEMENT_3D('',#17791,#14923,#14924);
#13465=AXIS2_PLACEMENT_3D('',#17792,#14925,#14926);
#13466=AXIS2_PLACEMENT_3D('',#17798,#14930,#14931);
#13467=AXIS2_PLACEMENT_3D('',#17802,#14934,#14935);
#13468=AXIS2_PLACEMENT_3D('',#17806,#14938,#14939);
#13469=AXIS2_PLACEMENT_3D('',#17812,#14943,#14944);
#13470=AXIS2_PLACEMENT_3D('',#17816,#14947,#14948);
#13471=AXIS2_PLACEMENT_3D('',#17821,#14952,#14953);
#13472=AXIS2_PLACEMENT_3D('',#17823,#14955,#14956);
#13473=AXIS2_PLACEMENT_3D('',#17824,#14957,#14958);
#13474=AXIS2_PLACEMENT_3D('',#17825,#14959,#14960);
#13475=AXIS2_PLACEMENT_3D('',#17831,#14964,#14965);
#13476=AXIS2_PLACEMENT_3D('',#17837,#14969,#14970);
#13477=AXIS2_PLACEMENT_3D('',#17841,#14973,#14974);
#13478=AXIS2_PLACEMENT_3D('',#17847,#14978,#14979);
#13479=AXIS2_PLACEMENT_3D('',#17851,#14982,#14983);
#13480=AXIS2_PLACEMENT_3D('',#17853,#14985,#14986);
#13481=AXIS2_PLACEMENT_3D('',#17856,#14989,#14990);
#13482=AXIS2_PLACEMENT_3D('',#17857,#14991,#14992);
#13483=AXIS2_PLACEMENT_3D('',#17858,#14993,#14994);
#13484=AXIS2_PLACEMENT_3D('',#17864,#14998,#14999);
#13485=AXIS2_PLACEMENT_3D('',#17868,#15002,#15003);
#13486=AXIS2_PLACEMENT_3D('',#17872,#15006,#15007);
#13487=AXIS2_PLACEMENT_3D('',#17878,#15011,#15012);
#13488=AXIS2_PLACEMENT_3D('',#17882,#15015,#15016);
#13489=AXIS2_PLACEMENT_3D('',#17887,#15020,#15021);
#13490=AXIS2_PLACEMENT_3D('',#17889,#15023,#15024);
#13491=AXIS2_PLACEMENT_3D('',#17890,#15025,#15026);
#13492=AXIS2_PLACEMENT_3D('',#17891,#15027,#15028);
#13493=AXIS2_PLACEMENT_3D('',#17897,#15032,#15033);
#13494=AXIS2_PLACEMENT_3D('',#17903,#15037,#15038);
#13495=AXIS2_PLACEMENT_3D('',#17907,#15041,#15042);
#13496=AXIS2_PLACEMENT_3D('',#17913,#15046,#15047);
#13497=AXIS2_PLACEMENT_3D('',#17917,#15050,#15051);
#13498=AXIS2_PLACEMENT_3D('',#17919,#15053,#15054);
#13499=AXIS2_PLACEMENT_3D('',#17922,#15057,#15058);
#13500=AXIS2_PLACEMENT_3D('',#17923,#15059,#15060);
#13501=AXIS2_PLACEMENT_3D('',#17924,#15061,#15062);
#13502=AXIS2_PLACEMENT_3D('',#17930,#15066,#15067);
#13503=AXIS2_PLACEMENT_3D('',#17934,#15070,#15071);
#13504=AXIS2_PLACEMENT_3D('',#17938,#15074,#15075);
#13505=AXIS2_PLACEMENT_3D('',#17944,#15079,#15080);
#13506=AXIS2_PLACEMENT_3D('',#17948,#15083,#15084);
#13507=AXIS2_PLACEMENT_3D('',#17953,#15088,#15089);
#13508=AXIS2_PLACEMENT_3D('',#17955,#15091,#15092);
#13509=AXIS2_PLACEMENT_3D('',#17956,#15093,#15094);
#13510=AXIS2_PLACEMENT_3D('',#17957,#15095,#15096);
#13511=AXIS2_PLACEMENT_3D('',#17963,#15100,#15101);
#13512=AXIS2_PLACEMENT_3D('',#17969,#15105,#15106);
#13513=AXIS2_PLACEMENT_3D('',#17973,#15109,#15110);
#13514=AXIS2_PLACEMENT_3D('',#17979,#15114,#15115);
#13515=AXIS2_PLACEMENT_3D('',#17983,#15118,#15119);
#13516=AXIS2_PLACEMENT_3D('',#17985,#15121,#15122);
#13517=AXIS2_PLACEMENT_3D('',#17988,#15125,#15126);
#13518=AXIS2_PLACEMENT_3D('',#17989,#15127,#15128);
#13519=AXIS2_PLACEMENT_3D('',#17990,#15129,#15130);
#13520=AXIS2_PLACEMENT_3D('',#17996,#15134,#15135);
#13521=AXIS2_PLACEMENT_3D('',#18000,#15138,#15139);
#13522=AXIS2_PLACEMENT_3D('',#18004,#15142,#15143);
#13523=AXIS2_PLACEMENT_3D('',#18010,#15147,#15148);
#13524=AXIS2_PLACEMENT_3D('',#18014,#15151,#15152);
#13525=AXIS2_PLACEMENT_3D('',#18019,#15156,#15157);
#13526=AXIS2_PLACEMENT_3D('',#18021,#15159,#15160);
#13527=AXIS2_PLACEMENT_3D('',#18022,#15161,#15162);
#13528=AXIS2_PLACEMENT_3D('',#18023,#15163,#15164);
#13529=AXIS2_PLACEMENT_3D('',#18029,#15168,#15169);
#13530=AXIS2_PLACEMENT_3D('',#18035,#15173,#15174);
#13531=AXIS2_PLACEMENT_3D('',#18039,#15177,#15178);
#13532=AXIS2_PLACEMENT_3D('',#18045,#15182,#15183);
#13533=AXIS2_PLACEMENT_3D('',#18049,#15186,#15187);
#13534=AXIS2_PLACEMENT_3D('',#18051,#15189,#15190);
#13535=AXIS2_PLACEMENT_3D('',#18054,#15193,#15194);
#13536=AXIS2_PLACEMENT_3D('',#18055,#15195,#15196);
#13537=AXIS2_PLACEMENT_3D('',#18056,#15197,#15198);
#13538=AXIS2_PLACEMENT_3D('',#18062,#15202,#15203);
#13539=AXIS2_PLACEMENT_3D('',#18066,#15206,#15207);
#13540=AXIS2_PLACEMENT_3D('',#18070,#15210,#15211);
#13541=AXIS2_PLACEMENT_3D('',#18076,#15215,#15216);
#13542=AXIS2_PLACEMENT_3D('',#18080,#15219,#15220);
#13543=AXIS2_PLACEMENT_3D('',#18085,#15224,#15225);
#13544=AXIS2_PLACEMENT_3D('',#18087,#15227,#15228);
#13545=AXIS2_PLACEMENT_3D('',#18088,#15229,#15230);
#13546=AXIS2_PLACEMENT_3D('',#18089,#15231,#15232);
#13547=AXIS2_PLACEMENT_3D('',#18095,#15236,#15237);
#13548=AXIS2_PLACEMENT_3D('',#18101,#15241,#15242);
#13549=AXIS2_PLACEMENT_3D('',#18105,#15245,#15246);
#13550=AXIS2_PLACEMENT_3D('',#18111,#15250,#15251);
#13551=AXIS2_PLACEMENT_3D('',#18115,#15254,#15255);
#13552=AXIS2_PLACEMENT_3D('',#18117,#15257,#15258);
#13553=AXIS2_PLACEMENT_3D('',#18120,#15261,#15262);
#13554=AXIS2_PLACEMENT_3D('',#18121,#15263,#15264);
#13555=AXIS2_PLACEMENT_3D('',#18122,#15265,#15266);
#13556=AXIS2_PLACEMENT_3D('',#18128,#15270,#15271);
#13557=AXIS2_PLACEMENT_3D('',#18132,#15274,#15275);
#13558=AXIS2_PLACEMENT_3D('',#18136,#15278,#15279);
#13559=AXIS2_PLACEMENT_3D('',#18142,#15283,#15284);
#13560=AXIS2_PLACEMENT_3D('',#18146,#15287,#15288);
#13561=AXIS2_PLACEMENT_3D('',#18151,#15292,#15293);
#13562=AXIS2_PLACEMENT_3D('',#18153,#15295,#15296);
#13563=AXIS2_PLACEMENT_3D('',#18154,#15297,#15298);
#13564=AXIS2_PLACEMENT_3D('',#18155,#15299,#15300);
#13565=AXIS2_PLACEMENT_3D('',#18161,#15304,#15305);
#13566=AXIS2_PLACEMENT_3D('',#18167,#15309,#15310);
#13567=AXIS2_PLACEMENT_3D('',#18171,#15313,#15314);
#13568=AXIS2_PLACEMENT_3D('',#18177,#15318,#15319);
#13569=AXIS2_PLACEMENT_3D('',#18181,#15322,#15323);
#13570=AXIS2_PLACEMENT_3D('',#18183,#15325,#15326);
#13571=AXIS2_PLACEMENT_3D('',#18186,#15329,#15330);
#13572=AXIS2_PLACEMENT_3D('',#18187,#15331,#15332);
#13573=AXIS2_PLACEMENT_3D('',#18188,#15333,#15334);
#13574=AXIS2_PLACEMENT_3D('',#18194,#15338,#15339);
#13575=AXIS2_PLACEMENT_3D('',#18198,#15342,#15343);
#13576=AXIS2_PLACEMENT_3D('',#18202,#15346,#15347);
#13577=AXIS2_PLACEMENT_3D('',#18208,#15351,#15352);
#13578=AXIS2_PLACEMENT_3D('',#18212,#15355,#15356);
#13579=AXIS2_PLACEMENT_3D('',#18217,#15360,#15361);
#13580=AXIS2_PLACEMENT_3D('',#18219,#15363,#15364);
#13581=AXIS2_PLACEMENT_3D('',#18220,#15365,#15366);
#13582=AXIS2_PLACEMENT_3D('',#18221,#15367,#15368);
#13583=AXIS2_PLACEMENT_3D('',#18227,#15372,#15373);
#13584=AXIS2_PLACEMENT_3D('',#18231,#15376,#15377);
#13585=AXIS2_PLACEMENT_3D('',#18235,#15380,#15381);
#13586=AXIS2_PLACEMENT_3D('',#18239,#15384,#15385);
#13587=AXIS2_PLACEMENT_3D('',#18243,#15388,#15389);
#13588=AXIS2_PLACEMENT_3D('',#18246,#15392,#15393);
#13589=AXIS2_PLACEMENT_3D('',#18247,#15394,#15395);
#13590=AXIS2_PLACEMENT_3D('',#18248,#15396,#15397);
#13591=AXIS2_PLACEMENT_3D('',#18254,#15401,#15402);
#13592=AXIS2_PLACEMENT_3D('',#18258,#15405,#15406);
#13593=AXIS2_PLACEMENT_3D('',#18262,#15409,#15410);
#13594=AXIS2_PLACEMENT_3D('',#18268,#15414,#15415);
#13595=AXIS2_PLACEMENT_3D('',#18272,#15418,#15419);
#13596=AXIS2_PLACEMENT_3D('',#18277,#15423,#15424);
#13597=AXIS2_PLACEMENT_3D('',#18279,#15426,#15427);
#13598=AXIS2_PLACEMENT_3D('',#18280,#15428,#15429);
#13599=AXIS2_PLACEMENT_3D('',#18281,#15430,#15431);
#13600=AXIS2_PLACEMENT_3D('',#18287,#15435,#15436);
#13601=AXIS2_PLACEMENT_3D('',#18293,#15440,#15441);
#13602=AXIS2_PLACEMENT_3D('',#18297,#15444,#15445);
#13603=AXIS2_PLACEMENT_3D('',#18303,#15449,#15450);
#13604=AXIS2_PLACEMENT_3D('',#18307,#15453,#15454);
#13605=AXIS2_PLACEMENT_3D('',#18309,#15456,#15457);
#13606=AXIS2_PLACEMENT_3D('',#18312,#15460,#15461);
#13607=AXIS2_PLACEMENT_3D('',#18313,#15462,#15463);
#13608=AXIS2_PLACEMENT_3D('',#18314,#15464,#15465);
#13609=AXIS2_PLACEMENT_3D('',#18320,#15469,#15470);
#13610=AXIS2_PLACEMENT_3D('',#18324,#15473,#15474);
#13611=AXIS2_PLACEMENT_3D('',#18328,#15477,#15478);
#13612=AXIS2_PLACEMENT_3D('',#18334,#15482,#15483);
#13613=AXIS2_PLACEMENT_3D('',#18338,#15486,#15487);
#13614=AXIS2_PLACEMENT_3D('',#18343,#15491,#15492);
#13615=AXIS2_PLACEMENT_3D('',#18345,#15494,#15495);
#13616=AXIS2_PLACEMENT_3D('',#18346,#15496,#15497);
#13617=AXIS2_PLACEMENT_3D('',#18347,#15498,#15499);
#13618=AXIS2_PLACEMENT_3D('',#18353,#15503,#15504);
#13619=AXIS2_PLACEMENT_3D('',#18359,#15508,#15509);
#13620=AXIS2_PLACEMENT_3D('',#18363,#15512,#15513);
#13621=AXIS2_PLACEMENT_3D('',#18369,#15517,#15518);
#13622=AXIS2_PLACEMENT_3D('',#18373,#15521,#15522);
#13623=AXIS2_PLACEMENT_3D('',#18375,#15524,#15525);
#13624=AXIS2_PLACEMENT_3D('',#18378,#15528,#15529);
#13625=AXIS2_PLACEMENT_3D('',#18379,#15530,#15531);
#13626=AXIS2_PLACEMENT_3D('',#18380,#15532,#15533);
#13627=AXIS2_PLACEMENT_3D('',#18386,#15537,#15538);
#13628=AXIS2_PLACEMENT_3D('',#18390,#15541,#15542);
#13629=AXIS2_PLACEMENT_3D('',#18394,#15545,#15546);
#13630=AXIS2_PLACEMENT_3D('',#18400,#15550,#15551);
#13631=AXIS2_PLACEMENT_3D('',#18404,#15554,#15555);
#13632=AXIS2_PLACEMENT_3D('',#18409,#15559,#15560);
#13633=AXIS2_PLACEMENT_3D('',#18411,#15562,#15563);
#13634=AXIS2_PLACEMENT_3D('',#18412,#15564,#15565);
#13635=AXIS2_PLACEMENT_3D('',#18413,#15566,#15567);
#13636=AXIS2_PLACEMENT_3D('',#18419,#15571,#15572);
#13637=AXIS2_PLACEMENT_3D('',#18425,#15576,#15577);
#13638=AXIS2_PLACEMENT_3D('',#18429,#15580,#15581);
#13639=AXIS2_PLACEMENT_3D('',#18435,#15585,#15586);
#13640=AXIS2_PLACEMENT_3D('',#18439,#15589,#15590);
#13641=AXIS2_PLACEMENT_3D('',#18441,#15592,#15593);
#13642=AXIS2_PLACEMENT_3D('',#18444,#15596,#15597);
#13643=AXIS2_PLACEMENT_3D('',#18445,#15598,#15599);
#13644=AXIS2_PLACEMENT_3D('',#18446,#15600,#15601);
#13645=AXIS2_PLACEMENT_3D('',#18452,#15605,#15606);
#13646=AXIS2_PLACEMENT_3D('',#18456,#15609,#15610);
#13647=AXIS2_PLACEMENT_3D('',#18460,#15613,#15614);
#13648=AXIS2_PLACEMENT_3D('',#18466,#15618,#15619);
#13649=AXIS2_PLACEMENT_3D('',#18470,#15622,#15623);
#13650=AXIS2_PLACEMENT_3D('',#18475,#15627,#15628);
#13651=AXIS2_PLACEMENT_3D('',#18477,#15630,#15631);
#13652=AXIS2_PLACEMENT_3D('',#18478,#15632,#15633);
#13653=AXIS2_PLACEMENT_3D('',#18479,#15634,#15635);
#13654=AXIS2_PLACEMENT_3D('',#18480,#15636,#15637);
#13655=AXIS2_PLACEMENT_3D('',#18506,#15650,#15651);
#13656=AXIS2_PLACEMENT_3D('',#18507,#15652,#15653);
#13657=AXIS2_PLACEMENT_3D('',#18508,#15654,#15655);
#13658=AXIS2_PLACEMENT_3D('',#18534,#15668,#15669);
#13659=AXIS2_PLACEMENT_3D('',#18535,#15670,#15671);
#13660=AXIS2_PLACEMENT_3D('',#18541,#15675,#15676);
#13661=AXIS2_PLACEMENT_3D('',#18545,#15679,#15680);
#13662=AXIS2_PLACEMENT_3D('',#18549,#15683,#15684);
#13663=AXIS2_PLACEMENT_3D('',#18553,#15687,#15688);
#13664=AXIS2_PLACEMENT_3D('',#18557,#15691,#15692);
#13665=AXIS2_PLACEMENT_3D('',#18561,#15695,#15696);
#13666=AXIS2_PLACEMENT_3D('',#18565,#15699,#15700);
#13667=AXIS2_PLACEMENT_3D('',#18569,#15703,#15704);
#13668=AXIS2_PLACEMENT_3D('',#18573,#15707,#15708);
#13669=AXIS2_PLACEMENT_3D('',#18577,#15711,#15712);
#13670=AXIS2_PLACEMENT_3D('',#18581,#15715,#15716);
#13671=AXIS2_PLACEMENT_3D('',#18583,#15718,#15719);
#13672=AXIS2_PLACEMENT_3D('',#18584,#15720,#15721);
#13673=AXIS2_PLACEMENT_3D('',#18590,#15725,#15726);
#13674=AXIS2_PLACEMENT_3D('',#18594,#15729,#15730);
#13675=AXIS2_PLACEMENT_3D('',#18598,#15733,#15734);
#13676=AXIS2_PLACEMENT_3D('',#18602,#15737,#15738);
#13677=AXIS2_PLACEMENT_3D('',#18606,#15741,#15742);
#13678=AXIS2_PLACEMENT_3D('',#18610,#15745,#15746);
#13679=AXIS2_PLACEMENT_3D('',#18614,#15749,#15750);
#13680=AXIS2_PLACEMENT_3D('',#18618,#15753,#15754);
#13681=AXIS2_PLACEMENT_3D('',#18622,#15757,#15758);
#13682=AXIS2_PLACEMENT_3D('',#18626,#15761,#15762);
#13683=AXIS2_PLACEMENT_3D('',#18630,#15765,#15766);
#13684=AXIS2_PLACEMENT_3D('',#18632,#15768,#15769);
#13685=AXIS2_PLACEMENT_3D('',#18633,#15770,#15771);
#13686=AXIS2_PLACEMENT_3D('',#18634,#15772,#15773);
#13687=AXIS2_PLACEMENT_3D('',#18635,#15774,#15775);
#13688=AXIS2_PLACEMENT_3D('',#18636,#15776,#15777);
#13689=AXIS2_PLACEMENT_3D('',#18640,#15779,#15780);
#13690=AXIS2_PLACEMENT_3D('',#18645,#15783,#15784);
#13691=AXIS2_PLACEMENT_3D('',#18646,#15785,#15786);
#13692=AXIS2_PLACEMENT_3D('',#18654,#15790,#15791);
#13693=AXIS2_PLACEMENT_3D('',#18669,#15800,#15801);
#13694=AXIS2_PLACEMENT_3D('',#18678,#15806,#15807);
#13695=AXIS2_PLACEMENT_3D('',#18684,#15811,#15812);
#13696=AXIS2_PLACEMENT_3D('',#18690,#15816,#15817);
#13697=AXIS2_PLACEMENT_3D('',#18699,#15822,#15823);
#13698=AXIS2_PLACEMENT_3D('',#18705,#15827,#15828);
#13699=AXIS2_PLACEMENT_3D('',#18711,#15832,#15833);
#13700=AXIS2_PLACEMENT_3D('',#18720,#15838,#15839);
#13701=AXIS2_PLACEMENT_3D('',#18726,#15843,#15844);
#13702=AXIS2_PLACEMENT_3D('',#18732,#15848,#15849);
#13703=AXIS2_PLACEMENT_3D('',#18741,#15854,#15855);
#13704=AXIS2_PLACEMENT_3D('',#18747,#15859,#15860);
#13705=AXIS2_PLACEMENT_3D('',#18753,#15864,#15865);
#13706=AXIS2_PLACEMENT_3D('',#18762,#15870,#15871);
#13707=AXIS2_PLACEMENT_3D('',#18768,#15875,#15876);
#13708=AXIS2_PLACEMENT_3D('',#18774,#15880,#15881);
#13709=AXIS2_PLACEMENT_3D('',#18783,#15886,#15887);
#13710=AXIS2_PLACEMENT_3D('',#18789,#15891,#15892);
#13711=AXIS2_PLACEMENT_3D('',#18795,#15896,#15897);
#13712=AXIS2_PLACEMENT_3D('',#18804,#15902,#15903);
#13713=AXIS2_PLACEMENT_3D('',#18810,#15907,#15908);
#13714=AXIS2_PLACEMENT_3D('',#18816,#15912,#15913);
#13715=AXIS2_PLACEMENT_3D('',#18825,#15918,#15919);
#13716=AXIS2_PLACEMENT_3D('',#18831,#15923,#15924);
#13717=AXIS2_PLACEMENT_3D('',#18837,#15928,#15929);
#13718=AXIS2_PLACEMENT_3D('',#18846,#15934,#15935);
#13719=AXIS2_PLACEMENT_3D('',#18852,#15939,#15940);
#13720=AXIS2_PLACEMENT_3D('',#18858,#15944,#15945);
#13721=AXIS2_PLACEMENT_3D('',#18867,#15950,#15951);
#13722=AXIS2_PLACEMENT_3D('',#18873,#15955,#15956);
#13723=AXIS2_PLACEMENT_3D('',#18879,#15960,#15961);
#13724=AXIS2_PLACEMENT_3D('',#18888,#15966,#15967);
#13725=AXIS2_PLACEMENT_3D('',#18894,#15971,#15972);
#13726=AXIS2_PLACEMENT_3D('',#18900,#15976,#15977);
#13727=AXIS2_PLACEMENT_3D('',#18909,#15982,#15983);
#13728=AXIS2_PLACEMENT_3D('',#18915,#15987,#15988);
#13729=AXIS2_PLACEMENT_3D('',#18921,#15992,#15993);
#13730=AXIS2_PLACEMENT_3D('',#18930,#15998,#15999);
#13731=AXIS2_PLACEMENT_3D('',#18936,#16003,#16004);
#13732=AXIS2_PLACEMENT_3D('',#18942,#16008,#16009);
#13733=AXIS2_PLACEMENT_3D('',#18951,#16014,#16015);
#13734=AXIS2_PLACEMENT_3D('',#18957,#16019,#16020);
#13735=AXIS2_PLACEMENT_3D('',#18963,#16024,#16025);
#13736=AXIS2_PLACEMENT_3D('',#18977,#16033,#16034);
#13737=AXIS2_PLACEMENT_3D('',#18991,#16042,#16043);
#13738=AXIS2_PLACEMENT_3D('',#18994,#16046,#16047);
#13739=AXIS2_PLACEMENT_3D('',#18997,#16050,#16051);
#13740=AXIS2_PLACEMENT_3D('',#19000,#16054,#16055);
#13741=AXIS2_PLACEMENT_3D('',#19003,#16058,#16059);
#13742=AXIS2_PLACEMENT_3D('',#19006,#16062,#16063);
#13743=AXIS2_PLACEMENT_3D('',#19009,#16066,#16067);
#13744=AXIS2_PLACEMENT_3D('',#19012,#16070,#16071);
#13745=AXIS2_PLACEMENT_3D('',#19015,#16074,#16075);
#13746=AXIS2_PLACEMENT_3D('',#19018,#16078,#16079);
#13747=AXIS2_PLACEMENT_3D('',#19021,#16082,#16083);
#13748=AXIS2_PLACEMENT_3D('',#19024,#16086,#16087);
#13749=AXIS2_PLACEMENT_3D('',#19027,#16090,#16091);
#13750=AXIS2_PLACEMENT_3D('',#19030,#16094,#16095);
#13751=AXIS2_PLACEMENT_3D('',#19033,#16098,#16099);
#13752=AXIS2_PLACEMENT_3D('',#19036,#16102,#16103);
#13753=AXIS2_PLACEMENT_3D('',#19037,#16104,#16105);
#13754=AXIS2_PLACEMENT_3D('',#19039,#16106,#16107);
#13755=AXIS2_PLACEMENT_3D('',#19041,#16108,#16109);
#13756=AXIS2_PLACEMENT_3D('',#19043,#16110,#16111);
#13757=AXIS2_PLACEMENT_3D('',#19045,#16112,#16113);
#13758=AXIS2_PLACEMENT_3D('',#19047,#16114,#16115);
#13759=AXIS2_PLACEMENT_3D('',#19049,#16116,#16117);
#13760=AXIS2_PLACEMENT_3D('',#19051,#16118,#16119);
#13761=AXIS2_PLACEMENT_3D('',#19055,#16121,#16122);
#13762=AXIS2_PLACEMENT_3D('',#19056,#16123,#16124);
#13763=AXIS2_PLACEMENT_3D('',#19060,#16126,#16127);
#13764=AXIS2_PLACEMENT_3D('',#19173,#16184,#16185);
#13765=AXIS2_PLACEMENT_3D('',#19175,#16187,#16188);
#13766=AXIS2_PLACEMENT_3D('',#19181,#16192,#16193);
#13767=AXIS2_PLACEMENT_3D('',#19182,#16194,#16195);
#13768=AXIS2_PLACEMENT_3D('',#19183,#16196,#16197);
#13769=AXIS2_PLACEMENT_3D('',#19184,#16198,#16199);
#13770=AXIS2_PLACEMENT_3D('',#19190,#16203,#16204);
#13771=AXIS2_PLACEMENT_3D('',#19200,#16210,#16211);
#13772=AXIS2_PLACEMENT_3D('',#19201,#16212,#16213);
#13773=AXIS2_PLACEMENT_3D('',#19202,#16214,#16215);
#13774=AXIS2_PLACEMENT_3D('',#19203,#16216,#16217);
#13775=AXIS2_PLACEMENT_3D('',#19205,#16219,#16220);
#13776=AXIS2_PLACEMENT_3D('',#19206,#16221,#16222);
#13777=AXIS2_PLACEMENT_3D('',#19207,#16223,#16224);
#13778=AXIS2_PLACEMENT_3D('',#19208,#16225,#16226);
#13779=AXIS2_PLACEMENT_3D('',#19209,#16227,#16228);
#13780=AXIS2_PLACEMENT_3D('',#19210,#16229,#16230);
#13781=AXIS2_PLACEMENT_3D('',#19211,#16231,#16232);
#13782=AXIS2_PLACEMENT_3D('',#19212,#16233,#16234);
#13783=AXIS2_PLACEMENT_3D('',#19213,#16235,#16236);
#13784=AXIS2_PLACEMENT_3D('',#19214,#16237,#16238);
#13785=AXIS2_PLACEMENT_3D('',#19215,#16239,#16240);
#13786=AXIS2_PLACEMENT_3D('',#19217,#16241,#16242);
#13787=AXIS2_PLACEMENT_3D('',#19218,#16243,#16244);
#13788=AXIS2_PLACEMENT_3D('',#19219,#16245,#16246);
#13789=AXIS2_PLACEMENT_3D('',#19221,#16247,#16248);
#13790=AXIS2_PLACEMENT_3D('',#19222,#16249,#16250);
#13791=AXIS2_PLACEMENT_3D('',#19223,#16251,#16252);
#13792=AXIS2_PLACEMENT_3D('',#19225,#16253,#16254);
#13793=AXIS2_PLACEMENT_3D('',#19226,#16255,#16256);
#13794=AXIS2_PLACEMENT_3D('',#19227,#16257,#16258);
#13795=AXIS2_PLACEMENT_3D('',#19229,#16259,#16260);
#13796=AXIS2_PLACEMENT_3D('',#19230,#16261,#16262);
#13797=AXIS2_PLACEMENT_3D('',#19231,#16263,#16264);
#13798=AXIS2_PLACEMENT_3D('',#19233,#16265,#16266);
#13799=AXIS2_PLACEMENT_3D('',#19234,#16267,#16268);
#13800=AXIS2_PLACEMENT_3D('',#19235,#16269,#16270);
#13801=AXIS2_PLACEMENT_3D('',#19237,#16271,#16272);
#13802=AXIS2_PLACEMENT_3D('',#19238,#16273,#16274);
#13803=AXIS2_PLACEMENT_3D('',#19239,#16275,#16276);
#13804=AXIS2_PLACEMENT_3D('',#19241,#16277,#16278);
#13805=AXIS2_PLACEMENT_3D('',#19242,#16279,#16280);
#13806=AXIS2_PLACEMENT_3D('',#19251,#16285,#16286);
#13807=AXIS2_PLACEMENT_3D('',#19254,#16289,#16290);
#13808=AXIS2_PLACEMENT_3D('',#19256,#16292,#16293);
#13809=AXIS2_PLACEMENT_3D('',#19258,#16295,#16296);
#13810=AXIS2_PLACEMENT_3D('',#19259,#16297,#16298);
#13811=AXIS2_PLACEMENT_3D('',#19260,#16299,#16300);
#13812=AXIS2_PLACEMENT_3D('',#19269,#16305,#16306);
#13813=AXIS2_PLACEMENT_3D('',#19272,#16309,#16310);
#13814=AXIS2_PLACEMENT_3D('',#19274,#16312,#16313);
#13815=AXIS2_PLACEMENT_3D('',#19276,#16315,#16316);
#13816=AXIS2_PLACEMENT_3D('',#19277,#16317,#16318);
#13817=AXIS2_PLACEMENT_3D('',#19278,#16319,#16320);
#13818=AXIS2_PLACEMENT_3D('',#19287,#16325,#16326);
#13819=AXIS2_PLACEMENT_3D('',#19290,#16329,#16330);
#13820=AXIS2_PLACEMENT_3D('',#19292,#16332,#16333);
#13821=AXIS2_PLACEMENT_3D('',#19294,#16335,#16336);
#13822=AXIS2_PLACEMENT_3D('',#19295,#16337,#16338);
#13823=AXIS2_PLACEMENT_3D('',#19296,#16339,#16340);
#13824=AXIS2_PLACEMENT_3D('',#19305,#16345,#16346);
#13825=AXIS2_PLACEMENT_3D('',#19308,#16349,#16350);
#13826=AXIS2_PLACEMENT_3D('',#19310,#16352,#16353);
#13827=AXIS2_PLACEMENT_3D('',#19312,#16355,#16356);
#13828=AXIS2_PLACEMENT_3D('',#19313,#16357,#16358);
#13829=AXIS2_PLACEMENT_3D('',#19314,#16359,#16360);
#13830=AXIS2_PLACEMENT_3D('',#19323,#16365,#16366);
#13831=AXIS2_PLACEMENT_3D('',#19326,#16369,#16370);
#13832=AXIS2_PLACEMENT_3D('',#19328,#16372,#16373);
#13833=AXIS2_PLACEMENT_3D('',#19330,#16375,#16376);
#13834=AXIS2_PLACEMENT_3D('',#19331,#16377,#16378);
#13835=AXIS2_PLACEMENT_3D('',#19332,#16379,#16380);
#13836=AXIS2_PLACEMENT_3D('',#19341,#16385,#16386);
#13837=AXIS2_PLACEMENT_3D('',#19344,#16389,#16390);
#13838=AXIS2_PLACEMENT_3D('',#19346,#16392,#16393);
#13839=AXIS2_PLACEMENT_3D('',#19348,#16395,#16396);
#13840=AXIS2_PLACEMENT_3D('',#19349,#16397,#16398);
#13841=AXIS2_PLACEMENT_3D('',#19350,#16399,#16400);
#13842=AXIS2_PLACEMENT_3D('',#19359,#16405,#16406);
#13843=AXIS2_PLACEMENT_3D('',#19362,#16409,#16410);
#13844=AXIS2_PLACEMENT_3D('',#19364,#16412,#16413);
#13845=AXIS2_PLACEMENT_3D('',#19366,#16415,#16416);
#13846=AXIS2_PLACEMENT_3D('',#19367,#16417,#16418);
#13847=AXIS2_PLACEMENT_3D('',#19368,#16419,#16420);
#13848=AXIS2_PLACEMENT_3D('',#19377,#16425,#16426);
#13849=AXIS2_PLACEMENT_3D('',#19380,#16429,#16430);
#13850=AXIS2_PLACEMENT_3D('',#19382,#16432,#16433);
#13851=AXIS2_PLACEMENT_3D('',#19384,#16435,#16436);
#13852=AXIS2_PLACEMENT_3D('',#19385,#16437,#16438);
#13853=AXIS2_PLACEMENT_3D('',#19386,#16439,#16440);
#13854=AXIS2_PLACEMENT_3D('',#19395,#16445,#16446);
#13855=AXIS2_PLACEMENT_3D('',#19398,#16449,#16450);
#13856=AXIS2_PLACEMENT_3D('',#19400,#16452,#16453);
#13857=AXIS2_PLACEMENT_3D('',#19402,#16455,#16456);
#13858=AXIS2_PLACEMENT_3D('',#19403,#16457,#16458);
#13859=AXIS2_PLACEMENT_3D('',#19404,#16459,#16460);
#13860=AXIS2_PLACEMENT_3D('',#19413,#16465,#16466);
#13861=AXIS2_PLACEMENT_3D('',#19416,#16469,#16470);
#13862=AXIS2_PLACEMENT_3D('',#19418,#16472,#16473);
#13863=AXIS2_PLACEMENT_3D('',#19420,#16475,#16476);
#13864=AXIS2_PLACEMENT_3D('',#19421,#16477,#16478);
#13865=AXIS2_PLACEMENT_3D('',#19422,#16479,#16480);
#13866=AXIS2_PLACEMENT_3D('',#19431,#16485,#16486);
#13867=AXIS2_PLACEMENT_3D('',#19434,#16489,#16490);
#13868=AXIS2_PLACEMENT_3D('',#19436,#16492,#16493);
#13869=AXIS2_PLACEMENT_3D('',#19438,#16495,#16496);
#13870=AXIS2_PLACEMENT_3D('',#19439,#16497,#16498);
#13871=AXIS2_PLACEMENT_3D('',#19440,#16499,#16500);
#13872=AXIS2_PLACEMENT_3D('',#19449,#16505,#16506);
#13873=AXIS2_PLACEMENT_3D('',#19452,#16509,#16510);
#13874=AXIS2_PLACEMENT_3D('',#19454,#16512,#16513);
#13875=AXIS2_PLACEMENT_3D('',#19456,#16515,#16516);
#13876=AXIS2_PLACEMENT_3D('',#19457,#16517,#16518);
#13877=AXIS2_PLACEMENT_3D('',#19458,#16519,#16520);
#13878=AXIS2_PLACEMENT_3D('',#19467,#16525,#16526);
#13879=AXIS2_PLACEMENT_3D('',#19470,#16529,#16530);
#13880=AXIS2_PLACEMENT_3D('',#19472,#16532,#16533);
#13881=AXIS2_PLACEMENT_3D('',#19474,#16535,#16536);
#13882=AXIS2_PLACEMENT_3D('',#19475,#16537,#16538);
#13883=AXIS2_PLACEMENT_3D('',#19476,#16539,#16540);
#13884=AXIS2_PLACEMENT_3D('',#19485,#16545,#16546);
#13885=AXIS2_PLACEMENT_3D('',#19488,#16549,#16550);
#13886=AXIS2_PLACEMENT_3D('',#19490,#16552,#16553);
#13887=AXIS2_PLACEMENT_3D('',#19492,#16555,#16556);
#13888=AXIS2_PLACEMENT_3D('',#19493,#16557,#16558);
#13889=AXIS2_PLACEMENT_3D('',#19494,#16559,#16560);
#13890=DIRECTION('',(0.,0.,1.));
#13891=DIRECTION('',(1.,0.,0.));
#13892=DIRECTION('',(0.,1.,0.));
#13893=DIRECTION('',(0.,0.,1.));
#13894=DIRECTION('',(1.,0.,0.));
#13895=DIRECTION('',(0.,0.,1.));
#13896=DIRECTION('',(1.,0.,0.));
#13897=DIRECTION('',(0.,0.,-1.));
#13898=DIRECTION('',(0.,0.,1.));
#13899=DIRECTION('',(1.,0.,0.));
#13900=DIRECTION('',(1.,0.,0.));
#13901=DIRECTION('',(-1.83084271870903E-16,1.,0.));
#13902=DIRECTION('',(-1.,0.,0.));
#13903=DIRECTION('',(0.,-1.,0.));
#13904=DIRECTION('',(1.,0.,0.));
#13905=DIRECTION('',(0.,1.,0.));
#13906=DIRECTION('',(1.,0.,0.));
#13907=DIRECTION('',(0.,1.,0.));
#13908=DIRECTION('',(-1.,0.,0.));
#13909=DIRECTION('',(0.,0.,1.));
#13910=DIRECTION('',(-1.,0.,0.));
#13911=DIRECTION('',(0.,0.,1.));
#13912=DIRECTION('',(0.,0.,-1.));
#13913=DIRECTION('',(0.,1.,0.));
#13914=DIRECTION('',(0.,0.,-1.));
#13915=DIRECTION('',(0.,1.,0.));
#13916=DIRECTION('',(0.,0.,-1.));
#13917=DIRECTION('',(0.,1.,0.));
#13918=DIRECTION('',(0.,0.,1.));
#13919=DIRECTION('',(1.,0.,0.));
#13920=DIRECTION('',(0.,0.,-1.));
#13921=DIRECTION('',(1.,0.,0.));
#13922=DIRECTION('',(-1.,-1.83084271870903E-16,0.));
#13923=DIRECTION('',(1.83084271870903E-16,-1.,0.));
#13924=DIRECTION('',(-1.,-1.83084271870903E-16,0.));
#13925=DIRECTION('',(1.83084271870903E-16,-1.,0.));
#13926=DIRECTION('',(0.,0.,-1.));
#13927=DIRECTION('',(-1.83084271870903E-16,1.,0.));
#13928=DIRECTION('',(-1.83084271870903E-16,1.,0.));
#13929=DIRECTION('',(1.,3.0620118992386E-16,0.));
#13930=DIRECTION('',(-3.0620118992386E-16,1.,0.));
#13931=DIRECTION('',(3.0620118992386E-16,-1.,0.));
#13932=DIRECTION('',(0.,0.,-1.));
#13933=DIRECTION('',(3.0620118992386E-16,-1.,0.));
#13934=DIRECTION('',(0.,0.,-1.));
#13935=DIRECTION('',(-5.2968655755017E-16,1.,0.));
#13936=DIRECTION('',(-1.,-5.2968655755017E-16,0.));
#13937=DIRECTION('',(1.,5.2968655755017E-16,0.));
#13938=DIRECTION('',(0.,0.,-1.));
#13939=DIRECTION('',(1.,5.2968655755017E-16,0.));
#13940=DIRECTION('',(1.,3.99936248063817E-16,0.));
#13941=DIRECTION('',(-3.99936248063817E-16,1.,0.));
#13942=DIRECTION('',(3.99936248063817E-16,-1.,0.));
#13943=DIRECTION('',(0.,0.,-1.));
#13944=DIRECTION('',(3.99936248063817E-16,-1.,0.));
#13945=DIRECTION('',(0.,1.,0.));
#13946=DIRECTION('',(0.,0.,1.));
#13947=DIRECTION('',(1.,0.,0.));
#13948=DIRECTION('',(1.,0.,0.));
#13949=DIRECTION('',(0.,1.,0.));
#13950=DIRECTION('',(0.,0.,1.));
#13951=DIRECTION('',(1.,0.,0.));
#13952=DIRECTION('',(0.,0.,1.));
#13953=DIRECTION('',(1.,0.,0.));
#13954=DIRECTION('',(0.,0.,1.));
#13955=DIRECTION('',(1.,0.,0.));
#13956=DIRECTION('',(1.,0.,0.));
#13957=DIRECTION('',(0.,-1.,0.));
#13958=DIRECTION('',(-1.,0.,0.));
#13959=DIRECTION('',(-1.83084271870903E-16,1.,0.));
#13960=DIRECTION('',(0.,1.,0.));
#13961=DIRECTION('',(0.,0.,1.));
#13962=DIRECTION('',(0.,0.,-1.));
#13963=DIRECTION('',(1.,0.,0.));
#13964=DIRECTION('',(1.,0.,0.));
#13965=DIRECTION('',(0.,0.,-1.));
#13966=DIRECTION('',(1.,0.,0.));
#13967=DIRECTION('',(1.,0.,0.));
#13968=DIRECTION('',(0.,1.,0.));
#13969=DIRECTION('',(0.,0.,1.));
#13970=DIRECTION('',(0.,0.,-1.));
#13971=DIRECTION('',(0.,0.,1.));
#13972=DIRECTION('',(-1.,0.,0.));
#13973=DIRECTION('',(-1.,-1.83084271870903E-16,0.));
#13974=DIRECTION('',(1.83084271870903E-16,-1.,0.));
#13975=DIRECTION('',(0.,0.,1.));
#13976=DIRECTION('',(-1.,-1.83084271870903E-16,0.));
#13977=DIRECTION('',(1.83084271870903E-16,-1.,0.));
#13978=DIRECTION('',(1.83084271870903E-16,-1.,0.));
#13979=DIRECTION('',(0.,0.,1.));
#13980=DIRECTION('',(-1.83084271870903E-16,1.,0.));
#13981=DIRECTION('',(-1.,-1.83084271870903E-16,0.));
#13982=DIRECTION('',(1.83084271870903E-16,-1.,0.));
#13983=DIRECTION('',(-1.,0.,0.));
#13984=DIRECTION('',(0.,-1.,0.));
#13985=DIRECTION('',(0.,0.,-1.));
#13986=DIRECTION('',(-1.,0.,0.));
#13987=DIRECTION('',(0.,0.,1.));
#13988=DIRECTION('',(0.,-1.,0.));
#13989=DIRECTION('',(0.,0.,-1.));
#13990=DIRECTION('',(0.,1.,0.));
#13991=DIRECTION('',(-1.,0.,0.));
#13992=DIRECTION('',(0.,0.,1.));
#13993=DIRECTION('',(-1.,0.,0.));
#13994=DIRECTION('',(0.,0.,1.));
#13995=DIRECTION('',(-1.,0.,0.));
#13996=DIRECTION('',(-1.,0.,0.));
#13997=DIRECTION('',(0.,0.,1.));
#13998=DIRECTION('',(1.,0.,0.));
#13999=DIRECTION('',(-1.,0.,0.));
#14000=DIRECTION('',(0.,1.,0.));
#14001=DIRECTION('',(0.,0.,1.));
#14002=DIRECTION('',(0.,0.,-1.));
#14003=DIRECTION('',(-1.,0.,0.));
#14004=DIRECTION('',(-1.,0.,0.));
#14005=DIRECTION('',(-1.,0.,0.));
#14006=DIRECTION('',(0.,0.,1.));
#14007=DIRECTION('',(0.,1.,0.));
#14008=DIRECTION('',(0.,0.,1.));
#14009=DIRECTION('',(0.,0.,1.));
#14010=DIRECTION('',(1.,0.,0.));
#14011=DIRECTION('',(0.,0.,1.));
#14012=DIRECTION('',(1.,0.,0.));
#14013=DIRECTION('',(0.964458286836891,-0.2642351470786,0.));
#14014=DIRECTION('',(0.2642351470786,0.964458286836891,0.));
#14015=DIRECTION('',(0.964458286836891,-0.2642351470786,0.));
#14016=DIRECTION('',(0.,0.,-1.));
#14017=DIRECTION('',(0.964458286836891,-0.2642351470786,0.));
#14018=DIRECTION('',(0.,0.,-1.));
#14019=DIRECTION('',(0.,0.,-1.));
#14020=DIRECTION('',(-1.,0.,0.));
#14021=DIRECTION('',(1.,0.,0.));
#14022=DIRECTION('',(0.,0.,-1.));
#14023=DIRECTION('',(1.,0.,0.));
#14024=DIRECTION('',(0.,0.,-1.));
#14025=DIRECTION('',(1.,0.,0.));
#14026=DIRECTION('',(0.,0.,-1.));
#14027=DIRECTION('',(0.,0.,-1.));
#14028=DIRECTION('',(-1.,0.,0.));
#14029=DIRECTION('',(0.979398347690075,0.201937803647438,0.));
#14030=DIRECTION('',(0.,0.,-1.));
#14031=DIRECTION('',(0.979398347690075,0.201937803647438,0.));
#14032=DIRECTION('',(-0.201937803647438,0.979398347690075,0.));
#14033=DIRECTION('',(0.979398347690075,0.201937803647438,0.));
#14034=DIRECTION('',(0.,0.,-1.));
#14035=DIRECTION('',(0.,0.,1.));
#14036=DIRECTION('',(1.,0.,0.));
#14037=DIRECTION('',(0.0124996346528681,-0.999921876515133,0.));
#14038=DIRECTION('',(0.,0.,-1.));
#14039=DIRECTION('',(0.0124996346528681,-0.999921876515133,0.));
#14040=DIRECTION('',(0.999921876515133,0.0124996346528681,0.));
#14041=DIRECTION('',(0.0124996346528679,-0.999921876515133,0.));
#14042=DIRECTION('',(0.,0.,-1.));
#14043=DIRECTION('',(0.,0.,1.));
#14044=DIRECTION('',(1.,0.,0.));
#14045=DIRECTION('',(0.964458286836891,-0.2642351470786,0.));
#14046=DIRECTION('',(0.2642351470786,0.964458286836891,0.));
#14047=DIRECTION('',(0.,-1.,0.));
#14048=DIRECTION('',(0.,0.,-1.));
#14049=DIRECTION('',(0.,-1.,0.));
#14050=DIRECTION('',(0.,0.,-1.));
#14051=DIRECTION('',(0.,-1.,0.));
#14052=DIRECTION('',(0.,0.,-1.));
#14053=DIRECTION('',(0.,-1.,0.));
#14054=DIRECTION('',(0.,0.,-1.));
#14055=DIRECTION('',(0.,-1.,0.));
#14056=DIRECTION('',(0.,0.,-1.));
#14057=DIRECTION('',(0.,-1.,0.));
#14058=DIRECTION('',(0.,0.,-1.));
#14059=DIRECTION('',(0.,-1.,0.));
#14060=DIRECTION('',(0.,0.,-1.));
#14061=DIRECTION('',(4.50067459710697E-37,3.13984949151794E-16,1.));
#14062=DIRECTION('',(1.,1.65434679920564E-37,-4.50067459710697E-37));
#14063=DIRECTION('',(0.,0.,-1.));
#14064=DIRECTION('',(-1.,0.,0.));
#14065=DIRECTION('',(0.,0.,1.));
#14066=DIRECTION('',(1.,0.,0.));
#14067=DIRECTION('',(0.,0.,1.));
#14068=DIRECTION('',(1.,0.,0.));
#14069=DIRECTION('',(0.,0.,-1.));
#14070=DIRECTION('',(-1.,0.,0.));
#14071=DIRECTION('',(0.,0.,1.));
#14072=DIRECTION('',(1.,0.,0.));
#14073=DIRECTION('',(0.,0.,1.));
#14074=DIRECTION('',(1.,0.,0.));
#14075=DIRECTION('',(1.,0.,0.));
#14076=DIRECTION('',(0.,0.,-1.));
#14077=DIRECTION('',(0.,-1.,0.));
#14078=DIRECTION('',(0.,0.,1.));
#14079=DIRECTION('',(0.,-1.,0.));
#14080=DIRECTION('',(0.,0.,1.));
#14081=DIRECTION('',(1.,0.,0.));
#14082=DIRECTION('',(0.,0.,-1.));
#14083=DIRECTION('',(0.,0.,1.));
#14084=DIRECTION('',(0.,-1.,0.));
#14085=DIRECTION('',(0.,0.,1.));
#14086=DIRECTION('',(0.,1.,0.));
#14087=DIRECTION('',(1.,0.,0.));
#14088=DIRECTION('',(0.,0.,-1.));
#14089=DIRECTION('',(0.,-1.,0.));
#14090=DIRECTION('',(0.,0.,1.));
#14091=DIRECTION('',(0.,-1.,0.));
#14092=DIRECTION('',(0.,0.,1.));
#14093=DIRECTION('',(1.,0.,0.));
#14094=DIRECTION('',(0.,0.,-1.));
#14095=DIRECTION('',(0.,0.,1.));
#14096=DIRECTION('',(0.,-1.,0.));
#14097=DIRECTION('',(0.,0.,1.));
#14098=DIRECTION('',(0.,1.,0.));
#14099=DIRECTION('',(1.,0.,0.));
#14100=DIRECTION('',(0.,0.,-1.));
#14101=DIRECTION('',(0.,-1.,0.));
#14102=DIRECTION('',(0.,0.,1.));
#14103=DIRECTION('',(0.,-1.,0.));
#14104=DIRECTION('',(0.,0.,1.));
#14105=DIRECTION('',(1.,0.,0.));
#14106=DIRECTION('',(0.,0.,-1.));
#14107=DIRECTION('',(0.,0.,1.));
#14108=DIRECTION('',(0.,-1.,0.));
#14109=DIRECTION('',(0.,0.,1.));
#14110=DIRECTION('',(0.,1.,0.));
#14111=DIRECTION('',(1.,0.,0.));
#14112=DIRECTION('',(0.,0.,-1.));
#14113=DIRECTION('',(0.,-1.,0.));
#14114=DIRECTION('',(0.,0.,1.));
#14115=DIRECTION('',(0.,-1.,0.));
#14116=DIRECTION('',(0.,0.,1.));
#14117=DIRECTION('',(1.,0.,0.));
#14118=DIRECTION('',(0.,0.,-1.));
#14119=DIRECTION('',(0.,0.,1.));
#14120=DIRECTION('',(0.,-1.,0.));
#14121=DIRECTION('',(0.,0.,1.));
#14122=DIRECTION('',(0.,1.,0.));
#14123=DIRECTION('',(1.,0.,0.));
#14124=DIRECTION('',(0.,0.,-1.));
#14125=DIRECTION('',(0.,-1.,0.));
#14126=DIRECTION('',(0.,0.,1.));
#14127=DIRECTION('',(0.,-1.,0.));
#14128=DIRECTION('',(0.,0.,1.));
#14129=DIRECTION('',(1.,0.,0.));
#14130=DIRECTION('',(0.,0.,-1.));
#14131=DIRECTION('',(0.,0.,1.));
#14132=DIRECTION('',(0.,-1.,0.));
#14133=DIRECTION('',(0.,0.,1.));
#14134=DIRECTION('',(0.,1.,0.));
#14135=DIRECTION('',(1.,0.,0.));
#14136=DIRECTION('',(0.,0.,-1.));
#14137=DIRECTION('',(0.,-1.,0.));
#14138=DIRECTION('',(0.,0.,1.));
#14139=DIRECTION('',(0.,-1.,0.));
#14140=DIRECTION('',(0.,0.,1.));
#14141=DIRECTION('',(1.,0.,0.));
#14142=DIRECTION('',(0.,0.,-1.));
#14143=DIRECTION('',(0.,0.,1.));
#14144=DIRECTION('',(0.,-1.,0.));
#14145=DIRECTION('',(0.,0.,1.));
#14146=DIRECTION('',(0.,1.,0.));
#14147=DIRECTION('',(1.,0.,0.));
#14148=DIRECTION('',(0.,0.,-1.));
#14149=DIRECTION('',(0.,-1.,0.));
#14150=DIRECTION('',(0.,0.,1.));
#14151=DIRECTION('',(0.,-1.,0.));
#14152=DIRECTION('',(0.,0.,1.));
#14153=DIRECTION('',(1.,0.,0.));
#14154=DIRECTION('',(0.,0.,-1.));
#14155=DIRECTION('',(0.,0.,1.));
#14156=DIRECTION('',(0.,-1.,0.));
#14157=DIRECTION('',(0.,0.,1.));
#14158=DIRECTION('',(0.,1.,0.));
#14159=DIRECTION('',(1.,0.,0.));
#14160=DIRECTION('',(0.,0.,-1.));
#14161=DIRECTION('',(0.,-1.,0.));
#14162=DIRECTION('',(0.,0.,1.));
#14163=DIRECTION('',(0.,-1.,0.));
#14164=DIRECTION('',(0.,0.,1.));
#14165=DIRECTION('',(1.,0.,0.));
#14166=DIRECTION('',(0.,0.,-1.));
#14167=DIRECTION('',(0.,0.,1.));
#14168=DIRECTION('',(0.,-1.,0.));
#14169=DIRECTION('',(0.,0.,1.));
#14170=DIRECTION('',(0.,1.,0.));
#14171=DIRECTION('',(1.,0.,0.));
#14172=DIRECTION('',(0.,0.,-1.));
#14173=DIRECTION('',(0.,-1.,0.));
#14174=DIRECTION('',(0.,0.,1.));
#14175=DIRECTION('',(0.,-1.,0.));
#14176=DIRECTION('',(0.,0.,1.));
#14177=DIRECTION('',(1.,0.,0.));
#14178=DIRECTION('',(0.,0.,-1.));
#14179=DIRECTION('',(0.,0.,1.));
#14180=DIRECTION('',(0.,-1.,0.));
#14181=DIRECTION('',(0.,0.,1.));
#14182=DIRECTION('',(0.,1.,0.));
#14183=DIRECTION('',(1.,0.,0.));
#14184=DIRECTION('',(0.,0.,-1.));
#14185=DIRECTION('',(0.,-1.,0.));
#14186=DIRECTION('',(0.,0.,1.));
#14187=DIRECTION('',(0.,-1.,0.));
#14188=DIRECTION('',(0.,0.,1.));
#14189=DIRECTION('',(1.,0.,0.));
#14190=DIRECTION('',(0.,0.,-1.));
#14191=DIRECTION('',(0.,0.,1.));
#14192=DIRECTION('',(0.,-1.,0.));
#14193=DIRECTION('',(0.,0.,1.));
#14194=DIRECTION('',(0.,1.,0.));
#14195=DIRECTION('',(1.,0.,0.));
#14196=DIRECTION('',(0.,0.,-1.));
#14197=DIRECTION('',(0.,-1.,0.));
#14198=DIRECTION('',(0.,0.,1.));
#14199=DIRECTION('',(0.,-1.,0.));
#14200=DIRECTION('',(0.,0.,1.));
#14201=DIRECTION('',(1.,0.,0.));
#14202=DIRECTION('',(0.,0.,-1.));
#14203=DIRECTION('',(0.,0.,1.));
#14204=DIRECTION('',(0.,-1.,0.));
#14205=DIRECTION('',(0.,0.,1.));
#14206=DIRECTION('',(0.,1.,0.));
#14207=DIRECTION('',(1.,0.,0.));
#14208=DIRECTION('',(0.,0.,-1.));
#14209=DIRECTION('',(0.,-1.,0.));
#14210=DIRECTION('',(0.,0.,1.));
#14211=DIRECTION('',(0.,-1.,0.));
#14212=DIRECTION('',(0.,0.,1.));
#14213=DIRECTION('',(1.,0.,0.));
#14214=DIRECTION('',(0.,0.,-1.));
#14215=DIRECTION('',(0.,0.,1.));
#14216=DIRECTION('',(0.,-1.,0.));
#14217=DIRECTION('',(0.,0.,1.));
#14218=DIRECTION('',(0.,1.,0.));
#14219=DIRECTION('',(1.,0.,0.));
#14220=DIRECTION('',(0.,0.,-1.));
#14221=DIRECTION('',(0.,-1.,0.));
#14222=DIRECTION('',(0.,0.,1.));
#14223=DIRECTION('',(0.,-1.,0.));
#14224=DIRECTION('',(0.,0.,1.));
#14225=DIRECTION('',(1.,0.,0.));
#14226=DIRECTION('',(0.,0.,-1.));
#14227=DIRECTION('',(0.,0.,1.));
#14228=DIRECTION('',(0.,-1.,0.));
#14229=DIRECTION('',(0.,0.,1.));
#14230=DIRECTION('',(0.,1.,0.));
#14231=DIRECTION('',(1.,0.,0.));
#14232=DIRECTION('',(0.,0.,-1.));
#14233=DIRECTION('',(0.,-1.,0.));
#14234=DIRECTION('',(0.,0.,1.));
#14235=DIRECTION('',(0.,-1.,0.));
#14236=DIRECTION('',(0.,0.,1.));
#14237=DIRECTION('',(1.,0.,0.));
#14238=DIRECTION('',(0.,0.,-1.));
#14239=DIRECTION('',(0.,0.,1.));
#14240=DIRECTION('',(0.,-1.,0.));
#14241=DIRECTION('',(0.,0.,1.));
#14242=DIRECTION('',(0.,1.,0.));
#14243=DIRECTION('',(0.,0.,1.));
#14244=DIRECTION('',(1.,0.,0.));
#14245=DIRECTION('',(-1.,0.,0.));
#14246=DIRECTION('',(0.,-1.,0.));
#14247=DIRECTION('',(-1.,0.,0.));
#14248=DIRECTION('',(0.,-1.,0.));
#14249=DIRECTION('',(1.,1.15648231731787E-15,0.));
#14250=DIRECTION('',(0.,-1.,0.));
#14251=DIRECTION('',(1.,0.,0.));
#14252=DIRECTION('',(0.,-1.,0.));
#14253=DIRECTION('',(0.978147600733806,0.,-0.207911690817759));
#14254=DIRECTION('',(-0.207911690817759,0.,-0.978147600733806));
#14255=DIRECTION('',(0.,-1.,0.));
#14256=DIRECTION('',(0.978147600733806,0.,-0.207911690817759));
#14257=DIRECTION('',(-0.207911690817759,0.,-0.978147600733806));
#14258=DIRECTION('',(0.207911690817759,0.,0.978147600733806));
#14259=DIRECTION('',(0.,-1.,0.));
#14260=DIRECTION('',(0.,-1.,0.));
#14261=DIRECTION('',(0.,-1.,0.));
#14262=DIRECTION('',(0.,-1.,0.));
#14263=DIRECTION('',(0.,-1.,0.));
#14264=DIRECTION('',(0.,-1.,0.));
#14265=DIRECTION('',(0.,-1.,0.));
#14266=DIRECTION('',(0.,-1.,0.));
#14267=DIRECTION('',(0.,-1.,0.));
#14268=DIRECTION('',(0.,-1.,0.));
#14269=DIRECTION('',(0.,-1.,0.));
#14270=DIRECTION('',(0.,-1.,0.));
#14271=DIRECTION('',(-0.203558594952779,0.203558594952779,-0.957667894857973));
#14272=DIRECTION('',(-0.978147600733806,0.,-0.207911690817759));
#14273=DIRECTION('',(-0.207911690817759,0.,0.978147600733806));
#14274=DIRECTION('',(0.207911690817759,0.,-0.978147600733806));
#14275=DIRECTION('',(-0.978147600733806,0.,-0.207911690817759));
#14276=DIRECTION('',(-0.207911690817759,0.,0.978147600733806));
#14277=DIRECTION('',(0.,1.,0.));
#14278=DIRECTION('',(-0.203558594952779,-0.203558594952779,0.957667894857973));
#14279=DIRECTION('',(0.,1.,0.));
#14280=DIRECTION('',(0.,1.,0.));
#14281=DIRECTION('',(0.,1.,0.));
#14282=DIRECTION('',(0.,1.,0.));
#14283=DIRECTION('',(0.,1.,0.));
#14284=DIRECTION('',(0.,1.,0.));
#14285=DIRECTION('',(0.,1.,0.));
#14286=DIRECTION('',(0.,1.,0.));
#14287=DIRECTION('',(0.,1.,0.));
#14288=DIRECTION('',(0.,1.,0.));
#14289=DIRECTION('',(0.,1.,0.));
#14290=DIRECTION('',(0.,1.,0.));
#14291=DIRECTION('',(0.978147600733806,0.,-0.207911690817759));
#14292=DIRECTION('',(-0.207911690817759,0.,-0.978147600733806));
#14293=DIRECTION('',(0.,-1.,0.));
#14294=DIRECTION('',(0.978147600733806,0.,-0.207911690817759));
#14295=DIRECTION('',(-0.207911690817759,0.,-0.978147600733806));
#14296=DIRECTION('',(0.207911690817759,0.,0.978147600733806));
#14297=DIRECTION('',(0.,-1.,0.));
#14298=DIRECTION('',(0.,-1.,0.));
#14299=DIRECTION('',(0.,-1.,0.));
#14300=DIRECTION('',(0.,-1.,0.));
#14301=DIRECTION('',(0.,-1.,0.));
#14302=DIRECTION('',(0.,-1.,0.));
#14303=DIRECTION('',(0.,-1.,0.));
#14304=DIRECTION('',(0.,-1.,0.));
#14305=DIRECTION('',(0.,-1.,0.));
#14306=DIRECTION('',(0.,-1.,0.));
#14307=DIRECTION('',(0.,-1.,0.));
#14308=DIRECTION('',(0.,-1.,0.));
#14309=DIRECTION('',(-0.203558594952779,0.203558594952779,-0.957667894857973));
#14310=DIRECTION('',(-0.978147600733806,0.,-0.207911690817759));
#14311=DIRECTION('',(-0.207911690817759,0.,0.978147600733806));
#14312=DIRECTION('',(0.207911690817759,0.,-0.978147600733806));
#14313=DIRECTION('',(-0.978147600733806,0.,-0.207911690817759));
#14314=DIRECTION('',(-0.207911690817759,0.,0.978147600733806));
#14315=DIRECTION('',(0.,1.,0.));
#14316=DIRECTION('',(-0.203558594952779,-0.203558594952779,0.957667894857973));
#14317=DIRECTION('',(0.,1.,0.));
#14318=DIRECTION('',(0.,1.,0.));
#14319=DIRECTION('',(0.,1.,0.));
#14320=DIRECTION('',(0.,1.,0.));
#14321=DIRECTION('',(0.,1.,0.));
#14322=DIRECTION('',(0.,1.,0.));
#14323=DIRECTION('',(0.,1.,0.));
#14324=DIRECTION('',(0.,1.,0.));
#14325=DIRECTION('',(0.,1.,0.));
#14326=DIRECTION('',(0.,1.,0.));
#14327=DIRECTION('',(0.,1.,0.));
#14328=DIRECTION('',(0.,1.,0.));
#14329=DIRECTION('',(0.,1.,0.));
#14330=DIRECTION('',(0.,0.,1.));
#14331=DIRECTION('',(0.,0.,1.));
#14332=DIRECTION('',(1.,0.,0.));
#14333=DIRECTION('',(0.,0.,1.));
#14334=DIRECTION('',(1.,0.,0.));
#14335=DIRECTION('',(0.,1.,0.));
#14336=DIRECTION('',(0.,0.,1.));
#14337=DIRECTION('',(0.,0.,1.));
#14338=DIRECTION('',(1.,0.,0.));
#14339=DIRECTION('',(0.,0.,1.));
#14340=DIRECTION('',(1.,0.,0.));
#14341=DIRECTION('',(0.,0.,1.));
#14342=DIRECTION('',(1.,0.,0.));
#14343=DIRECTION('',(0.,0.,1.));
#14344=DIRECTION('',(1.,0.,0.));
#14345=DIRECTION('',(0.,0.,1.));
#14346=DIRECTION('',(1.,0.,0.));
#14347=DIRECTION('',(0.,-1.,0.));
#14348=DIRECTION('',(1.,0.,0.));
#14349=DIRECTION('',(0.,1.,0.));
#14350=DIRECTION('',(1.,0.,0.));
#14351=DIRECTION('',(0.,-1.,0.));
#14352=DIRECTION('',(1.,0.,0.));
#14353=DIRECTION('',(0.,1.,0.));
#14354=DIRECTION('',(1.,0.,0.));
#14355=DIRECTION('',(1.,0.,0.));
#14356=DIRECTION('',(-1.,0.,0.));
#14357=DIRECTION('',(1.,0.,0.));
#14358=DIRECTION('',(0.,0.,1.));
#14359=DIRECTION('',(1.,0.,0.));
#14360=DIRECTION('',(0.,1.,0.));
#14361=DIRECTION('',(0.,0.,1.));
#14362=DIRECTION('',(1.,0.,0.));
#14363=DIRECTION('',(1.,0.,0.));
#14364=DIRECTION('',(0.,0.,1.));
#14365=DIRECTION('',(1.,0.,0.));
#14366=DIRECTION('',(5.42101086242752E-16,-1.,0.));
#14367=DIRECTION('',(-1.,0.,0.));
#14368=DIRECTION('',(0.,0.,1.));
#14369=DIRECTION('',(1.,0.,0.));
#14370=DIRECTION('',(0.,1.,0.));
#14371=DIRECTION('',(0.,0.,1.));
#14372=DIRECTION('',(1.,0.,0.));
#14373=DIRECTION('',(1.,0.,0.));
#14374=DIRECTION('',(-1.,0.,0.));
#14375=DIRECTION('',(0.,0.,1.));
#14376=DIRECTION('',(1.,0.,0.));
#14377=DIRECTION('',(0.,-1.,0.));
#14378=DIRECTION('',(1.,0.,0.));
#14379=DIRECTION('',(0.,-1.,0.));
#14380=DIRECTION('',(0.,-1.,0.));
#14381=DIRECTION('',(1.,0.,0.));
#14382=DIRECTION('',(0.,-1.,0.));
#14383=DIRECTION('',(0.,-1.,0.));
#14384=DIRECTION('',(1.,0.,0.));
#14385=DIRECTION('',(0.,-1.,0.));
#14386=DIRECTION('',(0.,-1.,0.));
#14387=DIRECTION('',(1.,0.,0.));
#14388=DIRECTION('',(0.,-1.,0.));
#14389=DIRECTION('',(0.,-1.,0.));
#14390=DIRECTION('',(1.,0.,0.));
#14391=DIRECTION('',(0.,-1.,0.));
#14392=DIRECTION('',(0.,-1.,0.));
#14393=DIRECTION('',(1.,0.,0.));
#14394=DIRECTION('',(0.,-1.,0.));
#14395=DIRECTION('',(1.,0.,0.));
#14396=DIRECTION('',(0.,-1.,0.));
#14397=DIRECTION('',(0.,-1.,0.));
#14398=DIRECTION('',(1.,0.,0.));
#14399=DIRECTION('',(0.,-1.,0.));
#14400=DIRECTION('',(0.,-1.,0.));
#14401=DIRECTION('',(1.,0.,0.));
#14402=DIRECTION('',(0.,-1.,0.));
#14403=DIRECTION('',(0.,-1.,0.));
#14404=DIRECTION('',(1.,0.,0.));
#14405=DIRECTION('',(0.,-1.,0.));
#14406=DIRECTION('',(0.,-1.,0.));
#14407=DIRECTION('',(1.,0.,0.));
#14408=DIRECTION('',(0.,-1.,0.));
#14409=DIRECTION('',(0.,-1.,0.));
#14410=DIRECTION('',(1.,0.,0.));
#14411=DIRECTION('',(0.,-1.,0.));
#14412=DIRECTION('',(0.,-1.,0.));
#14413=DIRECTION('',(1.,0.,0.));
#14414=DIRECTION('',(0.,-1.,0.));
#14415=DIRECTION('',(0.,-1.,0.));
#14416=DIRECTION('',(1.,0.,0.));
#14417=DIRECTION('',(0.,-1.,0.));
#14418=DIRECTION('',(0.,-1.,0.));
#14419=DIRECTION('',(0.,-1.,0.));
#14420=DIRECTION('',(1.,0.,0.));
#14421=DIRECTION('',(0.,-1.,0.));
#14422=DIRECTION('',(0.,-1.,0.));
#14423=DIRECTION('',(1.,0.,0.));
#14424=DIRECTION('',(0.,-1.,0.));
#14425=DIRECTION('',(1.,0.,0.));
#14426=DIRECTION('',(0.,-1.,0.));
#14427=DIRECTION('',(0.,-1.,0.));
#14428=DIRECTION('',(1.,0.,0.));
#14429=DIRECTION('',(0.,-1.,0.));
#14430=DIRECTION('',(0.,-1.,0.));
#14431=DIRECTION('',(1.,0.,0.));
#14432=DIRECTION('',(0.,-1.,0.));
#14433=DIRECTION('',(0.,-1.,0.));
#14434=DIRECTION('',(1.,0.,0.));
#14435=DIRECTION('',(0.,-1.,0.));
#14436=DIRECTION('',(0.,-1.,0.));
#14437=DIRECTION('',(1.,0.,0.));
#14438=DIRECTION('',(0.,-1.,0.));
#14439=DIRECTION('',(0.,-1.,0.));
#14440=DIRECTION('',(1.,0.,0.));
#14441=DIRECTION('',(0.,-1.,0.));
#14442=DIRECTION('',(0.,-1.,0.));
#14443=DIRECTION('',(1.,0.,0.));
#14444=DIRECTION('',(0.,-1.,0.));
#14445=DIRECTION('',(0.,-1.,0.));
#14446=DIRECTION('',(1.,0.,0.));
#14447=DIRECTION('',(0.,-1.,0.));
#14448=DIRECTION('',(0.,-1.,0.));
#14449=DIRECTION('',(1.,0.,0.));
#14450=DIRECTION('',(0.,-1.,0.));
#14451=DIRECTION('',(0.,-1.,0.));
#14452=DIRECTION('',(1.,0.,0.));
#14453=DIRECTION('',(0.,-1.,0.));
#14454=DIRECTION('',(0.,-1.,0.));
#14455=DIRECTION('',(1.,0.,0.));
#14456=DIRECTION('',(0.,-1.,0.));
#14457=DIRECTION('',(0.,-1.,0.));
#14458=DIRECTION('',(1.,0.,0.));
#14459=DIRECTION('',(0.,-1.,0.));
#14460=DIRECTION('',(0.,-1.,0.));
#14461=DIRECTION('',(0.,1.,0.));
#14462=DIRECTION('',(0.,0.,1.));
#14463=DIRECTION('',(1.,0.,0.));
#14464=DIRECTION('',(1.,0.,0.));
#14465=DIRECTION('',(0.,0.,1.));
#14466=DIRECTION('',(1.,0.,0.));
#14467=DIRECTION('',(0.,1.,0.));
#14468=DIRECTION('',(0.,0.,1.));
#14469=DIRECTION('',(1.,0.,0.));
#14470=DIRECTION('',(-1.,0.,0.));
#14471=DIRECTION('',(5.42101086242752E-16,-1.,0.));
#14472=DIRECTION('',(0.,0.,1.));
#14473=DIRECTION('',(1.,0.,0.));
#14474=DIRECTION('',(1.,0.,0.));
#14475=DIRECTION('',(0.,0.,1.));
#14476=DIRECTION('',(1.,0.,0.));
#14477=DIRECTION('',(1.,1.15648231731787E-15,0.));
#14478=DIRECTION('',(0.,-1.,0.));
#14479=DIRECTION('',(1.,0.,0.));
#14480=DIRECTION('',(0.,-1.,0.));
#14481=DIRECTION('',(0.,1.,0.));
#14482=DIRECTION('',(0.,0.,1.));
#14483=DIRECTION('',(0.,0.,-1.));
#14484=DIRECTION('',(0.,0.,-1.));
#14485=DIRECTION('',(1.,5.42101086242752E-16,0.));
#14486=DIRECTION('',(-5.42101086242752E-16,1.,0.));
#14487=DIRECTION('',(0.,0.,-1.));
#14488=DIRECTION('',(0.,0.,-1.));
#14489=DIRECTION('',(0.,-1.,0.));
#14490=DIRECTION('',(0.,0.,-1.));
#14491=DIRECTION('',(0.,0.,-1.));
#14492=DIRECTION('',(-1.,0.,0.));
#14493=DIRECTION('',(0.,0.,1.));
#14494=DIRECTION('',(0.,0.,-1.));
#14495=DIRECTION('',(0.,0.,-1.));
#14496=DIRECTION('',(0.,1.,0.));
#14497=DIRECTION('',(0.,0.,1.));
#14498=DIRECTION('',(0.,0.,-1.));
#14499=DIRECTION('',(0.,0.,-1.));
#14500=DIRECTION('',(-1.,0.,0.));
#14501=DIRECTION('',(0.,0.,1.));
#14502=DIRECTION('',(0.,0.,-1.));
#14503=DIRECTION('',(0.,0.,-1.));
#14504=DIRECTION('',(0.,0.,-1.));
#14505=DIRECTION('',(-1.,0.,0.));
#14506=DIRECTION('',(0.,0.,1.));
#14507=DIRECTION('',(1.,0.,0.));
#14508=DIRECTION('',(0.,0.,1.));
#14509=DIRECTION('',(1.,0.,0.));
#14510=DIRECTION('',(0.,0.,1.));
#14511=DIRECTION('',(1.,0.,0.));
#14512=DIRECTION('',(0.,0.,1.));
#14513=DIRECTION('',(1.,0.,0.));
#14514=DIRECTION('',(1.15648231731787E-15,-1.,0.));
#14515=DIRECTION('',(1.,1.15648231731787E-15,0.));
#14516=DIRECTION('',(0.,0.,1.));
#14517=DIRECTION('',(0.,0.,1.));
#14518=DIRECTION('',(-1.,0.,0.));
#14519=DIRECTION('',(0.,0.,1.));
#14520=DIRECTION('',(0.,0.,-1.));
#14521=DIRECTION('',(0.,-1.,0.));
#14522=DIRECTION('',(0.,0.,-1.));
#14523=DIRECTION('',(0.,0.,1.));
#14524=DIRECTION('',(0.,-1.,0.));
#14525=DIRECTION('',(0.,0.,-1.));
#14526=DIRECTION('',(0.,0.,1.));
#14527=DIRECTION('',(-1.,0.,0.));
#14528=DIRECTION('',(0.,0.,1.));
#14529=DIRECTION('',(0.,0.,1.));
#14530=DIRECTION('',(1.,0.,0.));
#14531=DIRECTION('',(1.,0.,0.));
#14532=DIRECTION('',(0.,-1.,0.));
#14533=DIRECTION('',(1.,0.,0.));
#14534=DIRECTION('',(0.,1.,0.));
#14535=DIRECTION('',(0.,0.,1.));
#14536=DIRECTION('',(1.,0.,0.));
#14537=DIRECTION('',(0.,1.,0.));
#14538=DIRECTION('',(1.,0.,0.));
#14539=DIRECTION('',(0.,-1.,0.));
#14540=DIRECTION('',(1.,0.,0.));
#14541=DIRECTION('',(0.,0.,1.));
#14542=DIRECTION('',(1.,0.,0.));
#14543=DIRECTION('',(0.,1.,0.));
#14544=DIRECTION('',(1.,0.,0.));
#14545=DIRECTION('',(0.,-1.,0.));
#14546=DIRECTION('',(1.,0.,0.));
#14547=DIRECTION('',(0.,0.,1.));
#14548=DIRECTION('',(1.,0.,0.));
#14549=DIRECTION('',(-1.,0.,0.));
#14550=DIRECTION('',(0.,-1.,0.));
#14551=DIRECTION('',(1.,0.,0.));
#14552=DIRECTION('',(0.,1.,0.));
#14553=DIRECTION('',(0.,0.,1.));
#14554=DIRECTION('',(1.,0.,0.));
#14555=DIRECTION('',(1.,0.,0.));
#14556=DIRECTION('',(1.,0.,0.));
#14557=DIRECTION('',(0.,0.,1.));
#14558=DIRECTION('',(1.,0.,0.));
#14559=DIRECTION('',(1.,0.,0.));
#14560=DIRECTION('',(1.,0.,0.));
#14561=DIRECTION('',(0.,0.,1.));
#14562=DIRECTION('',(1.,0.,0.));
#14563=DIRECTION('',(1.,0.,0.));
#14564=DIRECTION('',(1.,0.,0.));
#14565=DIRECTION('',(0.,-0.978147600733806,-0.207911690817759));
#14566=DIRECTION('',(0.,0.207911690817759,-0.978147600733806));
#14567=DIRECTION('',(-1.,0.,0.));
#14568=DIRECTION('',(0.,0.,1.));
#14569=DIRECTION('',(1.,0.,0.));
#14570=DIRECTION('',(1.,0.,0.));
#14571=DIRECTION('',(0.978147600733806,0.,-0.207911690817759));
#14572=DIRECTION('',(-0.207911690817759,0.,-0.978147600733806));
#14573=DIRECTION('',(0.207911690817759,0.,0.978147600733806));
#14574=DIRECTION('',(0.978147600733806,0.,-0.207911690817759));
#14575=DIRECTION('',(-0.207911690817759,0.,-0.978147600733806));
#14576=DIRECTION('',(0.203558594952779,0.203558594952779,0.957667894857973));
#14577=DIRECTION('',(0.,-1.,0.));
#14578=DIRECTION('',(0.,-1.,0.));
#14579=DIRECTION('',(0.,-1.,0.));
#14580=DIRECTION('',(0.,-1.,0.));
#14581=DIRECTION('',(0.,-1.,0.));
#14582=DIRECTION('',(0.,-1.,0.));
#14583=DIRECTION('',(-0.978147600733806,0.,-0.207911690817759));
#14584=DIRECTION('',(-0.207911690817759,0.,0.978147600733806));
#14585=DIRECTION('',(-0.978147600733806,0.,-0.207911690817759));
#14586=DIRECTION('',(-0.207911690817759,0.,0.978147600733806));
#14587=DIRECTION('',(0.207911690817759,0.,-0.978147600733806));
#14588=DIRECTION('',(0.,1.,0.));
#14589=DIRECTION('',(0.,1.,0.));
#14590=DIRECTION('',(0.,1.,0.));
#14591=DIRECTION('',(0.,1.,0.));
#14592=DIRECTION('',(0.,1.,0.));
#14593=DIRECTION('',(0.,1.,0.));
#14594=DIRECTION('',(0.203558594952779,-0.203558594952779,-0.957667894857973));
#14595=DIRECTION('',(0.,0.978147600733806,-0.207911690817759));
#14596=DIRECTION('',(0.,0.207911690817759,0.978147600733806));
#14597=DIRECTION('',(0.,0.,1.));
#14598=DIRECTION('',(1.,0.,0.));
#14599=DIRECTION('',(1.,0.,0.));
#14600=DIRECTION('',(0.,-1.,0.));
#14601=DIRECTION('',(1.,0.,0.));
#14602=DIRECTION('',(0.,1.,0.));
#14603=DIRECTION('',(0.,0.,1.));
#14604=DIRECTION('',(1.,0.,0.));
#14605=DIRECTION('',(0.,1.,0.));
#14606=DIRECTION('',(1.,0.,0.));
#14607=DIRECTION('',(0.,-1.,0.));
#14608=DIRECTION('',(1.,0.,0.));
#14609=DIRECTION('',(0.,0.,1.));
#14610=DIRECTION('',(1.,0.,0.));
#14611=DIRECTION('',(0.,1.,0.));
#14612=DIRECTION('',(1.,0.,0.));
#14613=DIRECTION('',(0.,-1.,0.));
#14614=DIRECTION('',(1.,0.,0.));
#14615=DIRECTION('',(0.,0.,1.));
#14616=DIRECTION('',(1.,0.,0.));
#14617=DIRECTION('',(-1.,0.,0.));
#14618=DIRECTION('',(0.,-1.,0.));
#14619=DIRECTION('',(1.,0.,0.));
#14620=DIRECTION('',(0.,1.,0.));
#14621=DIRECTION('',(0.,0.,1.));
#14622=DIRECTION('',(1.,0.,0.));
#14623=DIRECTION('',(1.,0.,0.));
#14624=DIRECTION('',(1.,0.,0.));
#14625=DIRECTION('',(0.,0.,1.));
#14626=DIRECTION('',(1.,0.,0.));
#14627=DIRECTION('',(1.,0.,0.));
#14628=DIRECTION('',(1.,0.,0.));
#14629=DIRECTION('',(0.,0.,1.));
#14630=DIRECTION('',(1.,0.,0.));
#14631=DIRECTION('',(1.,0.,0.));
#14632=DIRECTION('',(1.,0.,0.));
#14633=DIRECTION('',(0.978147600733806,0.,-0.207911690817759));
#14634=DIRECTION('',(-0.207911690817759,0.,-0.978147600733806));
#14635=DIRECTION('',(0.207911690817759,0.,0.978147600733806));
#14636=DIRECTION('',(0.978147600733806,0.,-0.207911690817759));
#14637=DIRECTION('',(-0.207911690817759,0.,-0.978147600733806));
#14638=DIRECTION('',(0.203558594952779,0.203558594952779,0.957667894857973));
#14639=DIRECTION('',(0.,-1.,0.));
#14640=DIRECTION('',(0.,-1.,0.));
#14641=DIRECTION('',(0.,-1.,0.));
#14642=DIRECTION('',(0.,-1.,0.));
#14643=DIRECTION('',(0.,-1.,0.));
#14644=DIRECTION('',(0.,-1.,0.));
#14645=DIRECTION('',(0.,0.,1.));
#14646=DIRECTION('',(1.,0.,0.));
#14647=DIRECTION('',(-1.,0.,0.));
#14648=DIRECTION('',(1.,0.,0.));
#14649=DIRECTION('',(0.,0.978147600733806,-0.207911690817759));
#14650=DIRECTION('',(0.,0.207911690817759,0.978147600733806));
#14651=DIRECTION('',(0.203558594952779,-0.203558594952779,-0.957667894857973));
#14652=DIRECTION('',(0.,-0.978147600733806,-0.207911690817759));
#14653=DIRECTION('',(0.,0.207911690817759,-0.978147600733806));
#14654=DIRECTION('',(-0.978147600733806,0.,-0.207911690817759));
#14655=DIRECTION('',(-0.207911690817759,0.,0.978147600733806));
#14656=DIRECTION('',(-0.978147600733806,0.,-0.207911690817759));
#14657=DIRECTION('',(-0.207911690817759,0.,0.978147600733806));
#14658=DIRECTION('',(0.207911690817759,0.,-0.978147600733806));
#14659=DIRECTION('',(0.,1.,0.));
#14660=DIRECTION('',(0.,1.,0.));
#14661=DIRECTION('',(0.,1.,0.));
#14662=DIRECTION('',(0.,1.,0.));
#14663=DIRECTION('',(0.,1.,0.));
#14664=DIRECTION('',(0.,1.,0.));
#14665=DIRECTION('',(0.,-1.,0.));
#14666=DIRECTION('',(0.,0.,-1.));
#14667=DIRECTION('',(1.,0.,0.));
#14668=DIRECTION('',(0.,-1.,0.));
#14669=DIRECTION('',(0.,0.,-1.));
#14670=DIRECTION('',(1.,0.,0.));
#14671=DIRECTION('',(-1.,0.,0.));
#14672=DIRECTION('',(0.,0.,1.));
#14673=DIRECTION('',(-1.,0.,0.));
#14674=DIRECTION('',(0.,0.,1.));
#14675=DIRECTION('',(-1.,0.,0.));
#14676=DIRECTION('',(0.,0.,1.));
#14677=DIRECTION('',(-1.,0.,0.));
#14678=DIRECTION('',(0.,0.,1.));
#14679=DIRECTION('',(0.,1.,0.));
#14680=DIRECTION('',(0.,0.,1.));
#14681=DIRECTION('',(-1.,0.,0.));
#14682=DIRECTION('',(0.,0.,-1.));
#14683=DIRECTION('',(0.,1.,0.));
#14684=DIRECTION('',(0.,0.,1.));
#14685=DIRECTION('',(0.,0.,-1.));
#14686=DIRECTION('',(-1.,0.,0.));
#14687=DIRECTION('',(0.,0.,-1.));
#14688=DIRECTION('',(-1.,0.,0.));
#14689=DIRECTION('',(0.,-1.,0.));
#14690=DIRECTION('',(-1.,0.,0.));
#14691=DIRECTION('',(0.,-1.,0.));
#14692=DIRECTION('',(0.,-1.,0.));
#14693=DIRECTION('',(0.,0.,-1.));
#14694=DIRECTION('',(0.,0.,1.));
#14695=DIRECTION('',(0.,0.,1.));
#14696=DIRECTION('',(1.,0.,0.));
#14697=DIRECTION('',(-1.,0.,0.));
#14698=DIRECTION('',(0.,0.,1.));
#14699=DIRECTION('',(0.,0.,1.));
#14700=DIRECTION('',(0.,-1.,0.));
#14701=DIRECTION('',(0.,0.,1.));
#14702=DIRECTION('',(-1.,0.,0.));
#14703=DIRECTION('',(0.,0.,1.));
#14704=DIRECTION('',(0.,-1.,0.));
#14705=DIRECTION('',(0.,0.,1.));
#14706=DIRECTION('',(-1.,0.,0.));
#14707=DIRECTION('',(0.,0.,1.));
#14708=DIRECTION('',(0.,0.,1.));
#14709=DIRECTION('',(0.,0.,1.));
#14710=DIRECTION('',(0.,-1.,0.));
#14711=DIRECTION('',(-1.,0.,0.));
#14712=DIRECTION('',(0.,0.,1.));
#14713=DIRECTION('',(0.,0.,1.));
#14714=DIRECTION('',(0.,-1.,0.));
#14715=DIRECTION('',(0.,-1.,0.));
#14716=DIRECTION('',(0.,0.,-1.));
#14717=DIRECTION('',(1.,0.,0.));
#14718=DIRECTION('',(0.,-1.,0.));
#14719=DIRECTION('',(0.,0.,-1.));
#14720=DIRECTION('',(1.,0.,0.));
#14721=DIRECTION('',(1.,0.,0.));
#14722=DIRECTION('',(0.,0.,1.));
#14723=DIRECTION('',(1.,0.,0.));
#14724=DIRECTION('',(0.,0.,1.));
#14725=DIRECTION('',(1.,0.,0.));
#14726=DIRECTION('',(1.,0.,0.));
#14727=DIRECTION('',(0.,0.,-1.));
#14728=DIRECTION('',(0.,0.,1.));
#14729=DIRECTION('',(0.,0.,1.));
#14730=DIRECTION('',(0.,1.,0.));
#14731=DIRECTION('',(0.,-1.,0.));
#14732=DIRECTION('',(0.,0.,-1.));
#14733=DIRECTION('',(1.,0.,0.));
#14734=DIRECTION('',(0.,0.,1.));
#14735=DIRECTION('',(1.,0.,0.));
#14736=DIRECTION('',(0.,0.,-1.));
#14737=DIRECTION('',(0.,1.,0.));
#14738=DIRECTION('',(0.,0.,1.));
#14739=DIRECTION('',(1.,0.,0.));
#14740=DIRECTION('',(0.,0.,-1.));
#14741=DIRECTION('',(0.,0.,1.));
#14742=DIRECTION('',(0.,1.,0.));
#14743=DIRECTION('',(0.,0.,1.));
#14744=DIRECTION('',(0.,-1.,0.));
#14745=DIRECTION('',(0.,0.,-1.));
#14746=DIRECTION('',(0.,0.,1.));
#14747=DIRECTION('',(1.,0.,0.));
#14748=DIRECTION('',(1.,0.,0.));
#14749=DIRECTION('',(0.,0.,-1.));
#14750=DIRECTION('',(0.,0.,1.));
#14751=DIRECTION('',(0.,1.,0.));
#14752=DIRECTION('',(0.,-1.,0.));
#14753=DIRECTION('',(0.,0.,-1.));
#14754=DIRECTION('',(1.,0.,0.));
#14755=DIRECTION('',(1.,0.,0.));
#14756=DIRECTION('',(0.,0.,1.));
#14757=DIRECTION('',(1.,0.,0.));
#14758=DIRECTION('',(0.,0.,1.));
#14759=DIRECTION('',(1.,0.,0.));
#14760=DIRECTION('',(0.,-1.,0.));
#14761=DIRECTION('',(0.,0.,-1.));
#14762=DIRECTION('',(0.,0.,1.));
#14763=DIRECTION('',(0.,0.,1.));
#14764=DIRECTION('',(1.,0.,0.));
#14765=DIRECTION('',(-1.,0.,0.));
#14766=DIRECTION('',(0.,0.,1.));
#14767=DIRECTION('',(0.,0.,1.));
#14768=DIRECTION('',(0.,-1.,0.));
#14769=DIRECTION('',(0.,0.,1.));
#14770=DIRECTION('',(-1.,0.,0.));
#14771=DIRECTION('',(0.,0.,1.));
#14772=DIRECTION('',(0.,-1.,0.));
#14773=DIRECTION('',(0.,0.,1.));
#14774=DIRECTION('',(-1.,0.,0.));
#14775=DIRECTION('',(0.,0.,1.));
#14776=DIRECTION('',(0.,0.,1.));
#14777=DIRECTION('',(0.,0.,1.));
#14778=DIRECTION('',(0.,-1.,0.));
#14779=DIRECTION('',(-1.,0.,0.));
#14780=DIRECTION('',(0.,0.,1.));
#14781=DIRECTION('',(0.,0.,1.));
#14782=DIRECTION('',(0.,-1.,0.));
#14783=DIRECTION('',(0.,-1.,0.));
#14784=DIRECTION('',(0.,0.,-1.));
#14785=DIRECTION('',(1.,0.,0.));
#14786=DIRECTION('',(0.,-1.,0.));
#14787=DIRECTION('',(0.,0.,-1.));
#14788=DIRECTION('',(1.,0.,0.));
#14789=DIRECTION('',(1.,0.,0.));
#14790=DIRECTION('',(0.,0.,1.));
#14791=DIRECTION('',(1.,0.,0.));
#14792=DIRECTION('',(0.,0.,1.));
#14793=DIRECTION('',(1.,0.,0.));
#14794=DIRECTION('',(0.,-1.,0.));
#14795=DIRECTION('',(0.,0.,-1.));
#14796=DIRECTION('',(0.,0.,1.));
#14797=DIRECTION('',(1.,0.,0.));
#14798=DIRECTION('',(0.,0.,1.));
#14799=DIRECTION('',(1.,0.,0.));
#14800=DIRECTION('',(0.,0.,-1.));
#14801=DIRECTION('',(0.,1.,0.));
#14802=DIRECTION('',(0.,0.,1.));
#14803=DIRECTION('',(1.,0.,0.));
#14804=DIRECTION('',(0.,0.,-1.));
#14805=DIRECTION('',(0.,0.,1.));
#14806=DIRECTION('',(0.,1.,0.));
#14807=DIRECTION('',(0.,-1.,0.));
#14808=DIRECTION('',(0.,0.,-1.));
#14809=DIRECTION('',(0.,0.,1.));
#14810=DIRECTION('',(0.,0.,1.));
#14811=DIRECTION('',(1.,0.,0.));
#14812=DIRECTION('',(1.,0.,0.));
#14813=DIRECTION('',(0.,0.,-1.));
#14814=DIRECTION('',(0.,0.,1.));
#14815=DIRECTION('',(0.,1.,0.));
#14816=DIRECTION('',(0.,-1.,0.));
#14817=DIRECTION('',(0.,0.,-1.));
#14818=DIRECTION('',(1.,0.,0.));
#14819=DIRECTION('',(1.,0.,0.));
#14820=DIRECTION('',(0.,0.,1.));
#14821=DIRECTION('',(1.,0.,0.));
#14822=DIRECTION('',(0.,0.,-1.));
#14823=DIRECTION('',(0.,1.,0.));
#14824=DIRECTION('',(0.,0.,1.));
#14825=DIRECTION('',(1.,0.,0.));
#14826=DIRECTION('',(0.,0.,1.));
#14827=DIRECTION('',(1.,0.,0.));
#14828=DIRECTION('',(0.,-1.,0.));
#14829=DIRECTION('',(0.,0.,-1.));
#14830=DIRECTION('',(0.,0.,1.));
#14831=DIRECTION('',(0.,0.,1.));
#14832=DIRECTION('',(1.,0.,0.));
#14833=DIRECTION('',(-1.,0.,0.));
#14834=DIRECTION('',(0.,0.,1.));
#14835=DIRECTION('',(0.,0.,1.));
#14836=DIRECTION('',(0.,-1.,0.));
#14837=DIRECTION('',(0.,0.,1.));
#14838=DIRECTION('',(-1.,0.,0.));
#14839=DIRECTION('',(0.,0.,1.));
#14840=DIRECTION('',(0.,-1.,0.));
#14841=DIRECTION('',(0.,0.,1.));
#14842=DIRECTION('',(-1.,0.,0.));
#14843=DIRECTION('',(0.,0.,1.));
#14844=DIRECTION('',(0.,0.,1.));
#14845=DIRECTION('',(0.,0.,1.));
#14846=DIRECTION('',(0.,-1.,0.));
#14847=DIRECTION('',(-1.,0.,0.));
#14848=DIRECTION('',(0.,0.,1.));
#14849=DIRECTION('',(0.,0.,1.));
#14850=DIRECTION('',(0.,-1.,0.));
#14851=DIRECTION('',(0.,-1.,0.));
#14852=DIRECTION('',(0.,0.,-1.));
#14853=DIRECTION('',(1.,0.,0.));
#14854=DIRECTION('',(0.,-1.,0.));
#14855=DIRECTION('',(0.,0.,-1.));
#14856=DIRECTION('',(1.,0.,0.));
#14857=DIRECTION('',(1.,0.,0.));
#14858=DIRECTION('',(0.,0.,1.));
#14859=DIRECTION('',(1.,0.,0.));
#14860=DIRECTION('',(0.,0.,1.));
#14861=DIRECTION('',(1.,0.,0.));
#14862=DIRECTION('',(0.,-1.,0.));
#14863=DIRECTION('',(0.,0.,-1.));
#14864=DIRECTION('',(0.,0.,1.));
#14865=DIRECTION('',(1.,0.,0.));
#14866=DIRECTION('',(0.,0.,1.));
#14867=DIRECTION('',(1.,0.,0.));
#14868=DIRECTION('',(0.,0.,-1.));
#14869=DIRECTION('',(0.,1.,0.));
#14870=DIRECTION('',(0.,0.,1.));
#14871=DIRECTION('',(1.,0.,0.));
#14872=DIRECTION('',(0.,0.,-1.));
#14873=DIRECTION('',(0.,0.,1.));
#14874=DIRECTION('',(0.,1.,0.));
#14875=DIRECTION('',(0.,-1.,0.));
#14876=DIRECTION('',(0.,0.,-1.));
#14877=DIRECTION('',(0.,0.,1.));
#14878=DIRECTION('',(0.,0.,1.));
#14879=DIRECTION('',(1.,0.,0.));
#14880=DIRECTION('',(1.,0.,0.));
#14881=DIRECTION('',(0.,0.,-1.));
#14882=DIRECTION('',(0.,0.,1.));
#14883=DIRECTION('',(0.,1.,0.));
#14884=DIRECTION('',(0.,-1.,0.));
#14885=DIRECTION('',(0.,0.,-1.));
#14886=DIRECTION('',(1.,0.,0.));
#14887=DIRECTION('',(1.,0.,0.));
#14888=DIRECTION('',(0.,0.,1.));
#14889=DIRECTION('',(1.,0.,0.));
#14890=DIRECTION('',(0.,0.,-1.));
#14891=DIRECTION('',(0.,1.,0.));
#14892=DIRECTION('',(0.,0.,1.));
#14893=DIRECTION('',(1.,0.,0.));
#14894=DIRECTION('',(0.,0.,1.));
#14895=DIRECTION('',(1.,0.,0.));
#14896=DIRECTION('',(0.,-1.,0.));
#14897=DIRECTION('',(0.,0.,-1.));
#14898=DIRECTION('',(0.,0.,1.));
#14899=DIRECTION('',(0.,0.,1.));
#14900=DIRECTION('',(1.,0.,0.));
#14901=DIRECTION('',(-1.,0.,0.));
#14902=DIRECTION('',(0.,0.,1.));
#14903=DIRECTION('',(0.,0.,1.));
#14904=DIRECTION('',(0.,-1.,0.));
#14905=DIRECTION('',(-1.,0.,0.));
#14906=DIRECTION('',(0.,0.,1.));
#14907=DIRECTION('',(0.,-1.,0.));
#14908=DIRECTION('',(0.,0.,1.));
#14909=DIRECTION('',(-1.,0.,0.));
#14910=DIRECTION('',(0.,0.,1.));
#14911=DIRECTION('',(0.,0.,1.));
#14912=DIRECTION('',(0.,-1.,0.));
#14913=DIRECTION('',(-1.,0.,0.));
#14914=DIRECTION('',(0.,0.,1.));
#14915=DIRECTION('',(0.,0.,1.));
#14916=DIRECTION('',(0.,-1.,0.));
#14917=DIRECTION('',(0.,-1.,0.));
#14918=DIRECTION('',(0.,0.,-1.));
#14919=DIRECTION('',(1.,0.,0.));
#14920=DIRECTION('',(1.,0.,0.));
#14921=DIRECTION('',(0.,0.,1.));
#14922=DIRECTION('',(1.,0.,0.));
#14923=DIRECTION('',(0.,0.,1.));
#14924=DIRECTION('',(1.,0.,0.));
#14925=DIRECTION('',(0.,-1.,0.));
#14926=DIRECTION('',(0.,0.,-1.));
#14927=DIRECTION('',(0.,0.,1.));
#14928=DIRECTION('',(1.,0.,0.));
#14929=DIRECTION('',(0.,0.,1.));
#14930=DIRECTION('',(1.,0.,0.));
#14931=DIRECTION('',(0.,0.,-1.));
#14932=DIRECTION('',(0.,1.,0.));
#14933=DIRECTION('',(0.,0.,1.));
#14934=DIRECTION('',(1.,0.,0.));
#14935=DIRECTION('',(0.,0.,-1.));
#14936=DIRECTION('',(0.,0.,1.));
#14937=DIRECTION('',(0.,1.,0.));
#14938=DIRECTION('',(0.,-1.,0.));
#14939=DIRECTION('',(0.,0.,-1.));
#14940=DIRECTION('',(0.,0.,1.));
#14941=DIRECTION('',(0.,0.,1.));
#14942=DIRECTION('',(1.,0.,0.));
#14943=DIRECTION('',(1.,0.,0.));
#14944=DIRECTION('',(0.,0.,-1.));
#14945=DIRECTION('',(0.,0.,1.));
#14946=DIRECTION('',(0.,1.,0.));
#14947=DIRECTION('',(0.,-1.,0.));
#14948=DIRECTION('',(0.,0.,-1.));
#14949=DIRECTION('',(1.,0.,0.));
#14950=DIRECTION('',(1.,0.,0.));
#14951=DIRECTION('',(0.,0.,1.));
#14952=DIRECTION('',(1.,0.,0.));
#14953=DIRECTION('',(0.,0.,-1.));
#14954=DIRECTION('',(0.,1.,0.));
#14955=DIRECTION('',(0.,0.,1.));
#14956=DIRECTION('',(1.,0.,0.));
#14957=DIRECTION('',(0.,0.,1.));
#14958=DIRECTION('',(1.,0.,0.));
#14959=DIRECTION('',(0.,-1.,0.));
#14960=DIRECTION('',(0.,0.,-1.));
#14961=DIRECTION('',(0.,0.,1.));
#14962=DIRECTION('',(0.,0.,1.));
#14963=DIRECTION('',(1.,0.,0.));
#14964=DIRECTION('',(-1.,0.,0.));
#14965=DIRECTION('',(0.,0.,1.));
#14966=DIRECTION('',(0.,0.,1.));
#14967=DIRECTION('',(0.,-1.,0.));
#14968=DIRECTION('',(0.,0.,1.));
#14969=DIRECTION('',(-1.,0.,0.));
#14970=DIRECTION('',(0.,0.,1.));
#14971=DIRECTION('',(0.,-1.,0.));
#14972=DIRECTION('',(0.,0.,1.));
#14973=DIRECTION('',(-1.,0.,0.));
#14974=DIRECTION('',(0.,0.,1.));
#14975=DIRECTION('',(0.,0.,1.));
#14976=DIRECTION('',(0.,0.,1.));
#14977=DIRECTION('',(0.,-1.,0.));
#14978=DIRECTION('',(-1.,0.,0.));
#14979=DIRECTION('',(0.,0.,1.));
#14980=DIRECTION('',(0.,0.,1.));
#14981=DIRECTION('',(0.,-1.,0.));
#14982=DIRECTION('',(0.,-1.,0.));
#14983=DIRECTION('',(0.,0.,-1.));
#14984=DIRECTION('',(1.,0.,0.));
#14985=DIRECTION('',(0.,-1.,0.));
#14986=DIRECTION('',(0.,0.,-1.));
#14987=DIRECTION('',(1.,0.,0.));
#14988=DIRECTION('',(1.,0.,0.));
#14989=DIRECTION('',(0.,0.,1.));
#14990=DIRECTION('',(1.,0.,0.));
#14991=DIRECTION('',(0.,0.,1.));
#14992=DIRECTION('',(1.,0.,0.));
#14993=DIRECTION('',(0.,-1.,0.));
#14994=DIRECTION('',(0.,0.,-1.));
#14995=DIRECTION('',(0.,0.,1.));
#14996=DIRECTION('',(1.,0.,0.));
#14997=DIRECTION('',(0.,0.,1.));
#14998=DIRECTION('',(1.,0.,0.));
#14999=DIRECTION('',(0.,0.,-1.));
#15000=DIRECTION('',(0.,1.,0.));
#15001=DIRECTION('',(0.,0.,1.));
#15002=DIRECTION('',(1.,0.,0.));
#15003=DIRECTION('',(0.,0.,-1.));
#15004=DIRECTION('',(0.,0.,1.));
#15005=DIRECTION('',(0.,1.,0.));
#15006=DIRECTION('',(0.,-1.,0.));
#15007=DIRECTION('',(0.,0.,-1.));
#15008=DIRECTION('',(0.,0.,1.));
#15009=DIRECTION('',(0.,0.,1.));
#15010=DIRECTION('',(1.,0.,0.));
#15011=DIRECTION('',(1.,0.,0.));
#15012=DIRECTION('',(0.,0.,-1.));
#15013=DIRECTION('',(0.,0.,1.));
#15014=DIRECTION('',(0.,1.,0.));
#15015=DIRECTION('',(0.,-1.,0.));
#15016=DIRECTION('',(0.,0.,-1.));
#15017=DIRECTION('',(1.,0.,0.));
#15018=DIRECTION('',(1.,0.,0.));
#15019=DIRECTION('',(0.,0.,1.));
#15020=DIRECTION('',(1.,0.,0.));
#15021=DIRECTION('',(0.,0.,-1.));
#15022=DIRECTION('',(0.,1.,0.));
#15023=DIRECTION('',(0.,0.,1.));
#15024=DIRECTION('',(1.,0.,0.));
#15025=DIRECTION('',(0.,0.,1.));
#15026=DIRECTION('',(1.,0.,0.));
#15027=DIRECTION('',(0.,-1.,0.));
#15028=DIRECTION('',(0.,0.,-1.));
#15029=DIRECTION('',(0.,0.,1.));
#15030=DIRECTION('',(0.,0.,1.));
#15031=DIRECTION('',(1.,0.,0.));
#15032=DIRECTION('',(-1.,0.,0.));
#15033=DIRECTION('',(0.,0.,1.));
#15034=DIRECTION('',(0.,0.,1.));
#15035=DIRECTION('',(0.,-1.,0.));
#15036=DIRECTION('',(0.,0.,1.));
#15037=DIRECTION('',(-1.,0.,0.));
#15038=DIRECTION('',(0.,0.,1.));
#15039=DIRECTION('',(0.,-1.,0.));
#15040=DIRECTION('',(0.,0.,1.));
#15041=DIRECTION('',(-1.,0.,0.));
#15042=DIRECTION('',(0.,0.,1.));
#15043=DIRECTION('',(0.,0.,1.));
#15044=DIRECTION('',(0.,0.,1.));
#15045=DIRECTION('',(0.,-1.,0.));
#15046=DIRECTION('',(-1.,0.,0.));
#15047=DIRECTION('',(0.,0.,1.));
#15048=DIRECTION('',(0.,0.,1.));
#15049=DIRECTION('',(0.,-1.,0.));
#15050=DIRECTION('',(0.,-1.,0.));
#15051=DIRECTION('',(0.,0.,-1.));
#15052=DIRECTION('',(1.,0.,0.));
#15053=DIRECTION('',(0.,-1.,0.));
#15054=DIRECTION('',(0.,0.,-1.));
#15055=DIRECTION('',(1.,0.,0.));
#15056=DIRECTION('',(1.,0.,0.));
#15057=DIRECTION('',(0.,0.,1.));
#15058=DIRECTION('',(1.,0.,0.));
#15059=DIRECTION('',(0.,0.,1.));
#15060=DIRECTION('',(1.,0.,0.));
#15061=DIRECTION('',(0.,-1.,0.));
#15062=DIRECTION('',(0.,0.,-1.));
#15063=DIRECTION('',(0.,0.,1.));
#15064=DIRECTION('',(1.,0.,0.));
#15065=DIRECTION('',(0.,0.,1.));
#15066=DIRECTION('',(1.,0.,0.));
#15067=DIRECTION('',(0.,0.,-1.));
#15068=DIRECTION('',(0.,1.,0.));
#15069=DIRECTION('',(0.,0.,1.));
#15070=DIRECTION('',(1.,0.,0.));
#15071=DIRECTION('',(0.,0.,-1.));
#15072=DIRECTION('',(0.,0.,1.));
#15073=DIRECTION('',(0.,1.,0.));
#15074=DIRECTION('',(0.,-1.,0.));
#15075=DIRECTION('',(0.,0.,-1.));
#15076=DIRECTION('',(0.,0.,1.));
#15077=DIRECTION('',(0.,0.,1.));
#15078=DIRECTION('',(1.,0.,0.));
#15079=DIRECTION('',(1.,0.,0.));
#15080=DIRECTION('',(0.,0.,-1.));
#15081=DIRECTION('',(0.,0.,1.));
#15082=DIRECTION('',(0.,1.,0.));
#15083=DIRECTION('',(0.,-1.,0.));
#15084=DIRECTION('',(0.,0.,-1.));
#15085=DIRECTION('',(1.,0.,0.));
#15086=DIRECTION('',(1.,0.,0.));
#15087=DIRECTION('',(0.,0.,1.));
#15088=DIRECTION('',(1.,0.,0.));
#15089=DIRECTION('',(0.,0.,-1.));
#15090=DIRECTION('',(0.,1.,0.));
#15091=DIRECTION('',(0.,0.,1.));
#15092=DIRECTION('',(1.,0.,0.));
#15093=DIRECTION('',(0.,0.,1.));
#15094=DIRECTION('',(1.,0.,0.));
#15095=DIRECTION('',(0.,-1.,0.));
#15096=DIRECTION('',(0.,0.,-1.));
#15097=DIRECTION('',(0.,0.,1.));
#15098=DIRECTION('',(0.,0.,1.));
#15099=DIRECTION('',(1.,0.,0.));
#15100=DIRECTION('',(-1.,0.,0.));
#15101=DIRECTION('',(0.,0.,1.));
#15102=DIRECTION('',(0.,0.,1.));
#15103=DIRECTION('',(0.,-1.,0.));
#15104=DIRECTION('',(0.,0.,1.));
#15105=DIRECTION('',(-1.,0.,0.));
#15106=DIRECTION('',(0.,0.,1.));
#15107=DIRECTION('',(0.,-1.,0.));
#15108=DIRECTION('',(0.,0.,1.));
#15109=DIRECTION('',(-1.,0.,0.));
#15110=DIRECTION('',(0.,0.,1.));
#15111=DIRECTION('',(0.,0.,1.));
#15112=DIRECTION('',(0.,0.,1.));
#15113=DIRECTION('',(0.,-1.,0.));
#15114=DIRECTION('',(-1.,0.,0.));
#15115=DIRECTION('',(0.,0.,1.));
#15116=DIRECTION('',(0.,0.,1.));
#15117=DIRECTION('',(0.,-1.,0.));
#15118=DIRECTION('',(0.,-1.,0.));
#15119=DIRECTION('',(0.,0.,-1.));
#15120=DIRECTION('',(1.,0.,0.));
#15121=DIRECTION('',(0.,-1.,0.));
#15122=DIRECTION('',(0.,0.,-1.));
#15123=DIRECTION('',(1.,0.,0.));
#15124=DIRECTION('',(1.,0.,0.));
#15125=DIRECTION('',(0.,0.,1.));
#15126=DIRECTION('',(1.,0.,0.));
#15127=DIRECTION('',(0.,0.,1.));
#15128=DIRECTION('',(1.,0.,0.));
#15129=DIRECTION('',(0.,-1.,0.));
#15130=DIRECTION('',(0.,0.,-1.));
#15131=DIRECTION('',(0.,0.,1.));
#15132=DIRECTION('',(1.,0.,0.));
#15133=DIRECTION('',(0.,0.,1.));
#15134=DIRECTION('',(1.,0.,0.));
#15135=DIRECTION('',(0.,0.,-1.));
#15136=DIRECTION('',(0.,1.,0.));
#15137=DIRECTION('',(0.,0.,1.));
#15138=DIRECTION('',(1.,0.,0.));
#15139=DIRECTION('',(0.,0.,-1.));
#15140=DIRECTION('',(0.,0.,1.));
#15141=DIRECTION('',(0.,1.,0.));
#15142=DIRECTION('',(0.,-1.,0.));
#15143=DIRECTION('',(0.,0.,-1.));
#15144=DIRECTION('',(0.,0.,1.));
#15145=DIRECTION('',(0.,0.,1.));
#15146=DIRECTION('',(1.,0.,0.));
#15147=DIRECTION('',(1.,0.,0.));
#15148=DIRECTION('',(0.,0.,-1.));
#15149=DIRECTION('',(0.,0.,1.));
#15150=DIRECTION('',(0.,1.,0.));
#15151=DIRECTION('',(0.,-1.,0.));
#15152=DIRECTION('',(0.,0.,-1.));
#15153=DIRECTION('',(1.,0.,0.));
#15154=DIRECTION('',(1.,0.,0.));
#15155=DIRECTION('',(0.,0.,1.));
#15156=DIRECTION('',(1.,0.,0.));
#15157=DIRECTION('',(0.,0.,-1.));
#15158=DIRECTION('',(0.,1.,0.));
#15159=DIRECTION('',(0.,0.,1.));
#15160=DIRECTION('',(1.,0.,0.));
#15161=DIRECTION('',(0.,0.,1.));
#15162=DIRECTION('',(1.,0.,0.));
#15163=DIRECTION('',(0.,-1.,0.));
#15164=DIRECTION('',(0.,0.,-1.));
#15165=DIRECTION('',(0.,0.,1.));
#15166=DIRECTION('',(0.,0.,1.));
#15167=DIRECTION('',(1.,0.,0.));
#15168=DIRECTION('',(-1.,0.,0.));
#15169=DIRECTION('',(0.,0.,1.));
#15170=DIRECTION('',(0.,0.,1.));
#15171=DIRECTION('',(0.,-1.,0.));
#15172=DIRECTION('',(0.,0.,1.));
#15173=DIRECTION('',(-1.,0.,0.));
#15174=DIRECTION('',(0.,0.,1.));
#15175=DIRECTION('',(0.,-1.,0.));
#15176=DIRECTION('',(0.,0.,1.));
#15177=DIRECTION('',(-1.,0.,0.));
#15178=DIRECTION('',(0.,0.,1.));
#15179=DIRECTION('',(0.,0.,1.));
#15180=DIRECTION('',(0.,0.,1.));
#15181=DIRECTION('',(0.,-1.,0.));
#15182=DIRECTION('',(-1.,0.,0.));
#15183=DIRECTION('',(0.,0.,1.));
#15184=DIRECTION('',(0.,0.,1.));
#15185=DIRECTION('',(0.,-1.,0.));
#15186=DIRECTION('',(0.,-1.,0.));
#15187=DIRECTION('',(0.,0.,-1.));
#15188=DIRECTION('',(1.,0.,0.));
#15189=DIRECTION('',(0.,-1.,0.));
#15190=DIRECTION('',(0.,0.,-1.));
#15191=DIRECTION('',(1.,0.,0.));
#15192=DIRECTION('',(1.,0.,0.));
#15193=DIRECTION('',(0.,0.,1.));
#15194=DIRECTION('',(1.,0.,0.));
#15195=DIRECTION('',(0.,0.,1.));
#15196=DIRECTION('',(1.,0.,0.));
#15197=DIRECTION('',(0.,-1.,0.));
#15198=DIRECTION('',(0.,0.,-1.));
#15199=DIRECTION('',(0.,0.,1.));
#15200=DIRECTION('',(1.,0.,0.));
#15201=DIRECTION('',(0.,0.,1.));
#15202=DIRECTION('',(1.,0.,0.));
#15203=DIRECTION('',(0.,0.,-1.));
#15204=DIRECTION('',(0.,1.,0.));
#15205=DIRECTION('',(0.,0.,1.));
#15206=DIRECTION('',(1.,0.,0.));
#15207=DIRECTION('',(0.,0.,-1.));
#15208=DIRECTION('',(0.,0.,1.));
#15209=DIRECTION('',(0.,1.,0.));
#15210=DIRECTION('',(0.,-1.,0.));
#15211=DIRECTION('',(0.,0.,-1.));
#15212=DIRECTION('',(0.,0.,1.));
#15213=DIRECTION('',(0.,0.,1.));
#15214=DIRECTION('',(1.,0.,0.));
#15215=DIRECTION('',(1.,0.,0.));
#15216=DIRECTION('',(0.,0.,-1.));
#15217=DIRECTION('',(0.,0.,1.));
#15218=DIRECTION('',(0.,1.,0.));
#15219=DIRECTION('',(0.,-1.,0.));
#15220=DIRECTION('',(0.,0.,-1.));
#15221=DIRECTION('',(1.,0.,0.));
#15222=DIRECTION('',(1.,0.,0.));
#15223=DIRECTION('',(0.,0.,1.));
#15224=DIRECTION('',(1.,0.,0.));
#15225=DIRECTION('',(0.,0.,-1.));
#15226=DIRECTION('',(0.,1.,0.));
#15227=DIRECTION('',(0.,0.,1.));
#15228=DIRECTION('',(1.,0.,0.));
#15229=DIRECTION('',(0.,0.,1.));
#15230=DIRECTION('',(1.,0.,0.));
#15231=DIRECTION('',(0.,-1.,0.));
#15232=DIRECTION('',(0.,0.,-1.));
#15233=DIRECTION('',(0.,0.,1.));
#15234=DIRECTION('',(0.,0.,1.));
#15235=DIRECTION('',(1.,0.,0.));
#15236=DIRECTION('',(-1.,0.,0.));
#15237=DIRECTION('',(0.,0.,1.));
#15238=DIRECTION('',(0.,0.,1.));
#15239=DIRECTION('',(0.,-1.,0.));
#15240=DIRECTION('',(0.,0.,1.));
#15241=DIRECTION('',(-1.,0.,0.));
#15242=DIRECTION('',(0.,0.,1.));
#15243=DIRECTION('',(0.,-1.,0.));
#15244=DIRECTION('',(0.,0.,1.));
#15245=DIRECTION('',(-1.,0.,0.));
#15246=DIRECTION('',(0.,0.,1.));
#15247=DIRECTION('',(0.,0.,1.));
#15248=DIRECTION('',(0.,0.,1.));
#15249=DIRECTION('',(0.,-1.,0.));
#15250=DIRECTION('',(-1.,0.,0.));
#15251=DIRECTION('',(0.,0.,1.));
#15252=DIRECTION('',(0.,0.,1.));
#15253=DIRECTION('',(0.,-1.,0.));
#15254=DIRECTION('',(0.,-1.,0.));
#15255=DIRECTION('',(0.,0.,-1.));
#15256=DIRECTION('',(1.,0.,0.));
#15257=DIRECTION('',(0.,-1.,0.));
#15258=DIRECTION('',(0.,0.,-1.));
#15259=DIRECTION('',(1.,0.,0.));
#15260=DIRECTION('',(1.,0.,0.));
#15261=DIRECTION('',(0.,0.,1.));
#15262=DIRECTION('',(1.,0.,0.));
#15263=DIRECTION('',(0.,0.,1.));
#15264=DIRECTION('',(1.,0.,0.));
#15265=DIRECTION('',(0.,-1.,0.));
#15266=DIRECTION('',(0.,0.,-1.));
#15267=DIRECTION('',(0.,0.,1.));
#15268=DIRECTION('',(1.,0.,0.));
#15269=DIRECTION('',(0.,0.,1.));
#15270=DIRECTION('',(1.,0.,0.));
#15271=DIRECTION('',(0.,0.,-1.));
#15272=DIRECTION('',(0.,1.,0.));
#15273=DIRECTION('',(0.,0.,1.));
#15274=DIRECTION('',(1.,0.,0.));
#15275=DIRECTION('',(0.,0.,-1.));
#15276=DIRECTION('',(0.,0.,1.));
#15277=DIRECTION('',(0.,1.,0.));
#15278=DIRECTION('',(0.,-1.,0.));
#15279=DIRECTION('',(0.,0.,-1.));
#15280=DIRECTION('',(0.,0.,1.));
#15281=DIRECTION('',(0.,0.,1.));
#15282=DIRECTION('',(1.,0.,0.));
#15283=DIRECTION('',(1.,0.,0.));
#15284=DIRECTION('',(0.,0.,-1.));
#15285=DIRECTION('',(0.,0.,1.));
#15286=DIRECTION('',(0.,1.,0.));
#15287=DIRECTION('',(0.,-1.,0.));
#15288=DIRECTION('',(0.,0.,-1.));
#15289=DIRECTION('',(1.,0.,0.));
#15290=DIRECTION('',(1.,0.,0.));
#15291=DIRECTION('',(0.,0.,1.));
#15292=DIRECTION('',(1.,0.,0.));
#15293=DIRECTION('',(0.,0.,-1.));
#15294=DIRECTION('',(0.,1.,0.));
#15295=DIRECTION('',(0.,0.,1.));
#15296=DIRECTION('',(1.,0.,0.));
#15297=DIRECTION('',(0.,0.,1.));
#15298=DIRECTION('',(1.,0.,0.));
#15299=DIRECTION('',(0.,-1.,0.));
#15300=DIRECTION('',(0.,0.,-1.));
#15301=DIRECTION('',(0.,0.,1.));
#15302=DIRECTION('',(0.,0.,1.));
#15303=DIRECTION('',(1.,0.,0.));
#15304=DIRECTION('',(-1.,0.,0.));
#15305=DIRECTION('',(0.,0.,1.));
#15306=DIRECTION('',(0.,0.,1.));
#15307=DIRECTION('',(0.,-1.,0.));
#15308=DIRECTION('',(0.,0.,1.));
#15309=DIRECTION('',(-1.,0.,0.));
#15310=DIRECTION('',(0.,0.,1.));
#15311=DIRECTION('',(0.,-1.,0.));
#15312=DIRECTION('',(0.,0.,1.));
#15313=DIRECTION('',(-1.,0.,0.));
#15314=DIRECTION('',(0.,0.,1.));
#15315=DIRECTION('',(0.,0.,1.));
#15316=DIRECTION('',(0.,0.,1.));
#15317=DIRECTION('',(0.,-1.,0.));
#15318=DIRECTION('',(-1.,0.,0.));
#15319=DIRECTION('',(0.,0.,1.));
#15320=DIRECTION('',(0.,0.,1.));
#15321=DIRECTION('',(0.,-1.,0.));
#15322=DIRECTION('',(0.,-1.,0.));
#15323=DIRECTION('',(0.,0.,-1.));
#15324=DIRECTION('',(1.,0.,0.));
#15325=DIRECTION('',(0.,-1.,0.));
#15326=DIRECTION('',(0.,0.,-1.));
#15327=DIRECTION('',(1.,0.,0.));
#15328=DIRECTION('',(1.,0.,0.));
#15329=DIRECTION('',(0.,0.,1.));
#15330=DIRECTION('',(1.,0.,0.));
#15331=DIRECTION('',(0.,0.,1.));
#15332=DIRECTION('',(1.,0.,0.));
#15333=DIRECTION('',(0.,-1.,0.));
#15334=DIRECTION('',(0.,0.,-1.));
#15335=DIRECTION('',(0.,0.,1.));
#15336=DIRECTION('',(1.,0.,0.));
#15337=DIRECTION('',(0.,0.,1.));
#15338=DIRECTION('',(1.,0.,0.));
#15339=DIRECTION('',(0.,0.,-1.));
#15340=DIRECTION('',(0.,1.,0.));
#15341=DIRECTION('',(0.,0.,1.));
#15342=DIRECTION('',(1.,0.,0.));
#15343=DIRECTION('',(0.,0.,-1.));
#15344=DIRECTION('',(0.,0.,1.));
#15345=DIRECTION('',(0.,1.,0.));
#15346=DIRECTION('',(0.,-1.,0.));
#15347=DIRECTION('',(0.,0.,-1.));
#15348=DIRECTION('',(0.,0.,1.));
#15349=DIRECTION('',(0.,0.,1.));
#15350=DIRECTION('',(1.,0.,0.));
#15351=DIRECTION('',(1.,0.,0.));
#15352=DIRECTION('',(0.,0.,-1.));
#15353=DIRECTION('',(0.,0.,1.));
#15354=DIRECTION('',(0.,1.,0.));
#15355=DIRECTION('',(0.,-1.,0.));
#15356=DIRECTION('',(0.,0.,-1.));
#15357=DIRECTION('',(1.,0.,0.));
#15358=DIRECTION('',(1.,0.,0.));
#15359=DIRECTION('',(0.,0.,1.));
#15360=DIRECTION('',(1.,0.,0.));
#15361=DIRECTION('',(0.,0.,-1.));
#15362=DIRECTION('',(0.,1.,0.));
#15363=DIRECTION('',(0.,0.,1.));
#15364=DIRECTION('',(1.,0.,0.));
#15365=DIRECTION('',(0.,0.,1.));
#15366=DIRECTION('',(1.,0.,0.));
#15367=DIRECTION('',(0.,-1.,0.));
#15368=DIRECTION('',(0.,0.,-1.));
#15369=DIRECTION('',(0.,0.,1.));
#15370=DIRECTION('',(0.,0.,1.));
#15371=DIRECTION('',(1.,0.,0.));
#15372=DIRECTION('',(-1.,0.,0.));
#15373=DIRECTION('',(0.,0.,1.));
#15374=DIRECTION('',(0.,0.,1.));
#15375=DIRECTION('',(0.,-1.,0.));
#15376=DIRECTION('',(-1.,0.,0.));
#15377=DIRECTION('',(0.,0.,1.));
#15378=DIRECTION('',(0.,-1.,0.));
#15379=DIRECTION('',(0.,0.,1.));
#15380=DIRECTION('',(-1.,0.,0.));
#15381=DIRECTION('',(0.,0.,1.));
#15382=DIRECTION('',(0.,0.,1.));
#15383=DIRECTION('',(0.,-1.,0.));
#15384=DIRECTION('',(-1.,0.,0.));
#15385=DIRECTION('',(0.,0.,1.));
#15386=DIRECTION('',(0.,0.,1.));
#15387=DIRECTION('',(0.,-1.,0.));
#15388=DIRECTION('',(0.,-1.,0.));
#15389=DIRECTION('',(0.,0.,-1.));
#15390=DIRECTION('',(1.,0.,0.));
#15391=DIRECTION('',(1.,0.,0.));
#15392=DIRECTION('',(0.,0.,1.));
#15393=DIRECTION('',(1.,0.,0.));
#15394=DIRECTION('',(0.,0.,1.));
#15395=DIRECTION('',(1.,0.,0.));
#15396=DIRECTION('',(0.,-1.,0.));
#15397=DIRECTION('',(0.,0.,-1.));
#15398=DIRECTION('',(0.,0.,1.));
#15399=DIRECTION('',(1.,0.,0.));
#15400=DIRECTION('',(0.,0.,1.));
#15401=DIRECTION('',(1.,0.,0.));
#15402=DIRECTION('',(0.,0.,-1.));
#15403=DIRECTION('',(0.,1.,0.));
#15404=DIRECTION('',(0.,0.,1.));
#15405=DIRECTION('',(1.,0.,0.));
#15406=DIRECTION('',(0.,0.,-1.));
#15407=DIRECTION('',(0.,0.,1.));
#15408=DIRECTION('',(0.,1.,0.));
#15409=DIRECTION('',(0.,-1.,0.));
#15410=DIRECTION('',(0.,0.,-1.));
#15411=DIRECTION('',(0.,0.,1.));
#15412=DIRECTION('',(0.,0.,1.));
#15413=DIRECTION('',(1.,0.,0.));
#15414=DIRECTION('',(1.,0.,0.));
#15415=DIRECTION('',(0.,0.,-1.));
#15416=DIRECTION('',(0.,0.,1.));
#15417=DIRECTION('',(0.,1.,0.));
#15418=DIRECTION('',(0.,-1.,0.));
#15419=DIRECTION('',(0.,0.,-1.));
#15420=DIRECTION('',(1.,0.,0.));
#15421=DIRECTION('',(1.,0.,0.));
#15422=DIRECTION('',(0.,0.,1.));
#15423=DIRECTION('',(1.,0.,0.));
#15424=DIRECTION('',(0.,0.,-1.));
#15425=DIRECTION('',(0.,1.,0.));
#15426=DIRECTION('',(0.,0.,1.));
#15427=DIRECTION('',(1.,0.,0.));
#15428=DIRECTION('',(0.,0.,1.));
#15429=DIRECTION('',(1.,0.,0.));
#15430=DIRECTION('',(0.,-1.,0.));
#15431=DIRECTION('',(0.,0.,-1.));
#15432=DIRECTION('',(0.,0.,1.));
#15433=DIRECTION('',(0.,0.,1.));
#15434=DIRECTION('',(1.,0.,0.));
#15435=DIRECTION('',(-1.,0.,0.));
#15436=DIRECTION('',(0.,0.,1.));
#15437=DIRECTION('',(0.,0.,1.));
#15438=DIRECTION('',(0.,-1.,0.));
#15439=DIRECTION('',(0.,0.,1.));
#15440=DIRECTION('',(-1.,0.,0.));
#15441=DIRECTION('',(0.,0.,1.));
#15442=DIRECTION('',(0.,-1.,0.));
#15443=DIRECTION('',(0.,0.,1.));
#15444=DIRECTION('',(-1.,0.,0.));
#15445=DIRECTION('',(0.,0.,1.));
#15446=DIRECTION('',(0.,0.,1.));
#15447=DIRECTION('',(0.,0.,1.));
#15448=DIRECTION('',(0.,-1.,0.));
#15449=DIRECTION('',(-1.,0.,0.));
#15450=DIRECTION('',(0.,0.,1.));
#15451=DIRECTION('',(0.,0.,1.));
#15452=DIRECTION('',(0.,-1.,0.));
#15453=DIRECTION('',(0.,-1.,0.));
#15454=DIRECTION('',(0.,0.,-1.));
#15455=DIRECTION('',(1.,0.,0.));
#15456=DIRECTION('',(0.,-1.,0.));
#15457=DIRECTION('',(0.,0.,-1.));
#15458=DIRECTION('',(1.,0.,0.));
#15459=DIRECTION('',(1.,0.,0.));
#15460=DIRECTION('',(0.,0.,1.));
#15461=DIRECTION('',(1.,0.,0.));
#15462=DIRECTION('',(0.,0.,1.));
#15463=DIRECTION('',(1.,0.,0.));
#15464=DIRECTION('',(0.,-1.,0.));
#15465=DIRECTION('',(0.,0.,-1.));
#15466=DIRECTION('',(0.,0.,1.));
#15467=DIRECTION('',(1.,0.,0.));
#15468=DIRECTION('',(0.,0.,1.));
#15469=DIRECTION('',(1.,0.,0.));
#15470=DIRECTION('',(0.,0.,-1.));
#15471=DIRECTION('',(0.,1.,0.));
#15472=DIRECTION('',(0.,0.,1.));
#15473=DIRECTION('',(1.,0.,0.));
#15474=DIRECTION('',(0.,0.,-1.));
#15475=DIRECTION('',(0.,0.,1.));
#15476=DIRECTION('',(0.,1.,0.));
#15477=DIRECTION('',(0.,-1.,0.));
#15478=DIRECTION('',(0.,0.,-1.));
#15479=DIRECTION('',(0.,0.,1.));
#15480=DIRECTION('',(0.,0.,1.));
#15481=DIRECTION('',(1.,0.,0.));
#15482=DIRECTION('',(1.,0.,0.));
#15483=DIRECTION('',(0.,0.,-1.));
#15484=DIRECTION('',(0.,0.,1.));
#15485=DIRECTION('',(0.,1.,0.));
#15486=DIRECTION('',(0.,-1.,0.));
#15487=DIRECTION('',(0.,0.,-1.));
#15488=DIRECTION('',(1.,0.,0.));
#15489=DIRECTION('',(1.,0.,0.));
#15490=DIRECTION('',(0.,0.,1.));
#15491=DIRECTION('',(1.,0.,0.));
#15492=DIRECTION('',(0.,0.,-1.));
#15493=DIRECTION('',(0.,1.,0.));
#15494=DIRECTION('',(0.,0.,1.));
#15495=DIRECTION('',(1.,0.,0.));
#15496=DIRECTION('',(0.,0.,1.));
#15497=DIRECTION('',(1.,0.,0.));
#15498=DIRECTION('',(0.,-1.,0.));
#15499=DIRECTION('',(0.,0.,-1.));
#15500=DIRECTION('',(0.,0.,1.));
#15501=DIRECTION('',(0.,0.,1.));
#15502=DIRECTION('',(1.,0.,0.));
#15503=DIRECTION('',(-1.,0.,0.));
#15504=DIRECTION('',(0.,0.,1.));
#15505=DIRECTION('',(0.,0.,1.));
#15506=DIRECTION('',(0.,-1.,0.));
#15507=DIRECTION('',(0.,0.,1.));
#15508=DIRECTION('',(-1.,0.,0.));
#15509=DIRECTION('',(0.,0.,1.));
#15510=DIRECTION('',(0.,-1.,0.));
#15511=DIRECTION('',(0.,0.,1.));
#15512=DIRECTION('',(-1.,0.,0.));
#15513=DIRECTION('',(0.,0.,1.));
#15514=DIRECTION('',(0.,0.,1.));
#15515=DIRECTION('',(0.,0.,1.));
#15516=DIRECTION('',(0.,-1.,0.));
#15517=DIRECTION('',(-1.,0.,0.));
#15518=DIRECTION('',(0.,0.,1.));
#15519=DIRECTION('',(0.,0.,1.));
#15520=DIRECTION('',(0.,-1.,0.));
#15521=DIRECTION('',(0.,-1.,0.));
#15522=DIRECTION('',(0.,0.,-1.));
#15523=DIRECTION('',(1.,0.,0.));
#15524=DIRECTION('',(0.,-1.,0.));
#15525=DIRECTION('',(0.,0.,-1.));
#15526=DIRECTION('',(1.,0.,0.));
#15527=DIRECTION('',(1.,0.,0.));
#15528=DIRECTION('',(0.,0.,1.));
#15529=DIRECTION('',(1.,0.,0.));
#15530=DIRECTION('',(0.,0.,1.));
#15531=DIRECTION('',(1.,0.,0.));
#15532=DIRECTION('',(0.,-1.,0.));
#15533=DIRECTION('',(0.,0.,-1.));
#15534=DIRECTION('',(0.,0.,1.));
#15535=DIRECTION('',(1.,0.,0.));
#15536=DIRECTION('',(0.,0.,1.));
#15537=DIRECTION('',(1.,0.,0.));
#15538=DIRECTION('',(0.,0.,-1.));
#15539=DIRECTION('',(0.,1.,0.));
#15540=DIRECTION('',(0.,0.,1.));
#15541=DIRECTION('',(1.,0.,0.));
#15542=DIRECTION('',(0.,0.,-1.));
#15543=DIRECTION('',(0.,0.,1.));
#15544=DIRECTION('',(0.,1.,0.));
#15545=DIRECTION('',(0.,-1.,0.));
#15546=DIRECTION('',(0.,0.,-1.));
#15547=DIRECTION('',(0.,0.,1.));
#15548=DIRECTION('',(0.,0.,1.));
#15549=DIRECTION('',(1.,0.,0.));
#15550=DIRECTION('',(1.,0.,0.));
#15551=DIRECTION('',(0.,0.,-1.));
#15552=DIRECTION('',(0.,0.,1.));
#15553=DIRECTION('',(0.,1.,0.));
#15554=DIRECTION('',(0.,-1.,0.));
#15555=DIRECTION('',(0.,0.,-1.));
#15556=DIRECTION('',(1.,0.,0.));
#15557=DIRECTION('',(1.,0.,0.));
#15558=DIRECTION('',(0.,0.,1.));
#15559=DIRECTION('',(1.,0.,0.));
#15560=DIRECTION('',(0.,0.,-1.));
#15561=DIRECTION('',(0.,1.,0.));
#15562=DIRECTION('',(0.,0.,1.));
#15563=DIRECTION('',(1.,0.,0.));
#15564=DIRECTION('',(0.,0.,1.));
#15565=DIRECTION('',(1.,0.,0.));
#15566=DIRECTION('',(0.,-1.,0.));
#15567=DIRECTION('',(0.,0.,-1.));
#15568=DIRECTION('',(0.,0.,1.));
#15569=DIRECTION('',(0.,0.,1.));
#15570=DIRECTION('',(1.,0.,0.));
#15571=DIRECTION('',(-1.,0.,0.));
#15572=DIRECTION('',(0.,0.,1.));
#15573=DIRECTION('',(0.,0.,1.));
#15574=DIRECTION('',(0.,-1.,0.));
#15575=DIRECTION('',(0.,0.,1.));
#15576=DIRECTION('',(-1.,0.,0.));
#15577=DIRECTION('',(0.,0.,1.));
#15578=DIRECTION('',(0.,-1.,0.));
#15579=DIRECTION('',(0.,0.,1.));
#15580=DIRECTION('',(-1.,0.,0.));
#15581=DIRECTION('',(0.,0.,1.));
#15582=DIRECTION('',(0.,0.,1.));
#15583=DIRECTION('',(0.,0.,1.));
#15584=DIRECTION('',(0.,-1.,0.));
#15585=DIRECTION('',(-1.,0.,0.));
#15586=DIRECTION('',(0.,0.,1.));
#15587=DIRECTION('',(0.,0.,1.));
#15588=DIRECTION('',(0.,-1.,0.));
#15589=DIRECTION('',(0.,-1.,0.));
#15590=DIRECTION('',(0.,0.,-1.));
#15591=DIRECTION('',(1.,0.,0.));
#15592=DIRECTION('',(0.,-1.,0.));
#15593=DIRECTION('',(0.,0.,-1.));
#15594=DIRECTION('',(1.,0.,0.));
#15595=DIRECTION('',(1.,0.,0.));
#15596=DIRECTION('',(0.,0.,1.));
#15597=DIRECTION('',(1.,0.,0.));
#15598=DIRECTION('',(0.,0.,1.));
#15599=DIRECTION('',(1.,0.,0.));
#15600=DIRECTION('',(0.,-1.,0.));
#15601=DIRECTION('',(0.,0.,-1.));
#15602=DIRECTION('',(0.,0.,1.));
#15603=DIRECTION('',(1.,0.,0.));
#15604=DIRECTION('',(0.,0.,1.));
#15605=DIRECTION('',(1.,0.,0.));
#15606=DIRECTION('',(0.,0.,-1.));
#15607=DIRECTION('',(0.,1.,0.));
#15608=DIRECTION('',(0.,0.,1.));
#15609=DIRECTION('',(1.,0.,0.));
#15610=DIRECTION('',(0.,0.,-1.));
#15611=DIRECTION('',(0.,0.,1.));
#15612=DIRECTION('',(0.,1.,0.));
#15613=DIRECTION('',(0.,-1.,0.));
#15614=DIRECTION('',(0.,0.,-1.));
#15615=DIRECTION('',(0.,0.,1.));
#15616=DIRECTION('',(0.,0.,1.));
#15617=DIRECTION('',(1.,0.,0.));
#15618=DIRECTION('',(1.,0.,0.));
#15619=DIRECTION('',(0.,0.,-1.));
#15620=DIRECTION('',(0.,0.,1.));
#15621=DIRECTION('',(0.,1.,0.));
#15622=DIRECTION('',(0.,-1.,0.));
#15623=DIRECTION('',(0.,0.,-1.));
#15624=DIRECTION('',(1.,0.,0.));
#15625=DIRECTION('',(1.,0.,0.));
#15626=DIRECTION('',(0.,0.,1.));
#15627=DIRECTION('',(1.,0.,0.));
#15628=DIRECTION('',(0.,0.,-1.));
#15629=DIRECTION('',(0.,1.,0.));
#15630=DIRECTION('',(0.,0.,1.));
#15631=DIRECTION('',(1.,0.,0.));
#15632=DIRECTION('',(0.,0.,1.));
#15633=DIRECTION('',(1.,0.,0.));
#15634=DIRECTION('',(0.,0.,1.));
#15635=DIRECTION('',(1.,0.,0.));
#15636=DIRECTION('',(0.,0.,1.));
#15637=DIRECTION('',(1.,0.,0.));
#15638=DIRECTION('',(0.,-1.,0.));
#15639=DIRECTION('',(-1.,0.,0.));
#15640=DIRECTION('',(0.,-1.,0.));
#15641=DIRECTION('',(-1.,-2.71050543121376E-16,0.));
#15642=DIRECTION('',(0.,-1.,0.));
#15643=DIRECTION('',(1.,0.,0.));
#15644=DIRECTION('',(0.,-1.,0.));
#15645=DIRECTION('',(-1.,-2.71050543121377E-16,0.));
#15646=DIRECTION('',(0.,-1.,0.));
#15647=DIRECTION('',(-1.,0.,0.));
#15648=DIRECTION('',(0.,-1.,0.));
#15649=DIRECTION('',(1.,0.,0.));
#15650=DIRECTION('',(0.,0.,1.));
#15651=DIRECTION('',(1.,0.,0.));
#15652=DIRECTION('',(0.,0.,1.));
#15653=DIRECTION('',(1.,0.,0.));
#15654=DIRECTION('',(0.,0.,1.));
#15655=DIRECTION('',(1.,0.,0.));
#15656=DIRECTION('',(0.,-1.,0.));
#15657=DIRECTION('',(-1.,0.,0.));
#15658=DIRECTION('',(0.,-1.,0.));
#15659=DIRECTION('',(-1.,0.,0.));
#15660=DIRECTION('',(0.,-1.,0.));
#15661=DIRECTION('',(1.,0.,0.));
#15662=DIRECTION('',(0.,-1.,0.));
#15663=DIRECTION('',(-1.,0.,0.));
#15664=DIRECTION('',(0.,-1.,0.));
#15665=DIRECTION('',(-1.,0.,0.));
#15666=DIRECTION('',(0.,-1.,0.));
#15667=DIRECTION('',(1.,0.,0.));
#15668=DIRECTION('',(0.,0.,1.));
#15669=DIRECTION('',(1.,0.,0.));
#15670=DIRECTION('',(1.,0.,0.));
#15671=DIRECTION('',(0.,0.,-1.));
#15672=DIRECTION('',(0.,0.,-1.));
#15673=DIRECTION('',(0.,-1.,0.));
#15674=DIRECTION('',(0.,0.,-1.));
#15675=DIRECTION('',(0.,1.,0.));
#15676=DIRECTION('',(0.,0.,1.));
#15677=DIRECTION('',(0.,0.,-1.));
#15678=DIRECTION('',(1.,0.,0.));
#15679=DIRECTION('',(1.,0.,0.));
#15680=DIRECTION('',(0.,0.,-1.));
#15681=DIRECTION('',(0.,0.,-1.));
#15682=DIRECTION('',(0.,-1.,0.));
#15683=DIRECTION('',(0.,-1.,0.));
#15684=DIRECTION('',(0.,0.,-1.));
#15685=DIRECTION('',(0.,0.,-1.));
#15686=DIRECTION('',(-1.,0.,0.));
#15687=DIRECTION('',(1.,0.,0.));
#15688=DIRECTION('',(0.,0.,-1.));
#15689=DIRECTION('',(0.,0.,-1.));
#15690=DIRECTION('',(0.,-1.,0.));
#15691=DIRECTION('',(0.,-1.,0.));
#15692=DIRECTION('',(0.,0.,-1.));
#15693=DIRECTION('',(0.,0.,-1.));
#15694=DIRECTION('',(-1.,0.,0.));
#15695=DIRECTION('',(1.,0.,0.));
#15696=DIRECTION('',(0.,0.,-1.));
#15697=DIRECTION('',(0.,0.,-1.));
#15698=DIRECTION('',(0.,-1.,0.));
#15699=DIRECTION('',(0.,1.,0.));
#15700=DIRECTION('',(0.,0.,1.));
#15701=DIRECTION('',(0.,0.,-1.));
#15702=DIRECTION('',(1.,0.,0.));
#15703=DIRECTION('',(1.,0.,0.));
#15704=DIRECTION('',(0.,0.,-1.));
#15705=DIRECTION('',(0.,0.,-1.));
#15706=DIRECTION('',(0.,-1.,0.));
#15707=DIRECTION('',(0.,-1.,0.));
#15708=DIRECTION('',(0.,0.,-1.));
#15709=DIRECTION('',(0.,0.,-1.));
#15710=DIRECTION('',(-1.,0.,0.));
#15711=DIRECTION('',(1.,0.,0.));
#15712=DIRECTION('',(0.,0.,-1.));
#15713=DIRECTION('',(0.,0.,-1.));
#15714=DIRECTION('',(0.,-1.,0.));
#15715=DIRECTION('',(0.,-1.,0.));
#15716=DIRECTION('',(0.,0.,-1.));
#15717=DIRECTION('',(-1.,0.,0.));
#15718=DIRECTION('',(0.,0.,1.));
#15719=DIRECTION('',(1.,0.,0.));
#15720=DIRECTION('',(1.,0.,0.));
#15721=DIRECTION('',(0.,0.,-1.));
#15722=DIRECTION('',(0.,0.,-1.));
#15723=DIRECTION('',(0.,-1.,0.));
#15724=DIRECTION('',(0.,0.,-1.));
#15725=DIRECTION('',(0.,1.,0.));
#15726=DIRECTION('',(0.,0.,1.));
#15727=DIRECTION('',(0.,0.,-1.));
#15728=DIRECTION('',(1.,0.,0.));
#15729=DIRECTION('',(1.,0.,0.));
#15730=DIRECTION('',(0.,0.,-1.));
#15731=DIRECTION('',(0.,0.,-1.));
#15732=DIRECTION('',(0.,-1.,0.));
#15733=DIRECTION('',(0.,-1.,0.));
#15734=DIRECTION('',(0.,0.,-1.));
#15735=DIRECTION('',(0.,0.,-1.));
#15736=DIRECTION('',(-1.,0.,0.));
#15737=DIRECTION('',(1.,0.,0.));
#15738=DIRECTION('',(0.,0.,-1.));
#15739=DIRECTION('',(0.,0.,-1.));
#15740=DIRECTION('',(0.,-1.,0.));
#15741=DIRECTION('',(2.71050543121377E-16,-1.,0.));
#15742=DIRECTION('',(1.,2.71050543121377E-16,0.));
#15743=DIRECTION('',(0.,0.,-1.));
#15744=DIRECTION('',(-1.,-2.71050543121377E-16,0.));
#15745=DIRECTION('',(1.,0.,0.));
#15746=DIRECTION('',(0.,0.,-1.));
#15747=DIRECTION('',(0.,0.,-1.));
#15748=DIRECTION('',(0.,-1.,0.));
#15749=DIRECTION('',(0.,1.,0.));
#15750=DIRECTION('',(0.,0.,1.));
#15751=DIRECTION('',(0.,0.,-1.));
#15752=DIRECTION('',(1.,0.,0.));
#15753=DIRECTION('',(1.,0.,0.));
#15754=DIRECTION('',(0.,0.,-1.));
#15755=DIRECTION('',(0.,0.,-1.));
#15756=DIRECTION('',(0.,-1.,0.));
#15757=DIRECTION('',(2.71050543121376E-16,-1.,0.));
#15758=DIRECTION('',(1.,2.71050543121376E-16,0.));
#15759=DIRECTION('',(0.,0.,-1.));
#15760=DIRECTION('',(-1.,-2.71050543121376E-16,0.));
#15761=DIRECTION('',(1.,0.,0.));
#15762=DIRECTION('',(0.,0.,-1.));
#15763=DIRECTION('',(0.,0.,-1.));
#15764=DIRECTION('',(0.,-1.,0.));
#15765=DIRECTION('',(0.,-1.,0.));
#15766=DIRECTION('',(0.,0.,-1.));
#15767=DIRECTION('',(-1.,0.,0.));
#15768=DIRECTION('',(0.,0.,1.));
#15769=DIRECTION('',(1.,0.,0.));
#15770=DIRECTION('',(0.,0.,1.));
#15771=DIRECTION('',(1.,0.,0.));
#15772=DIRECTION('',(0.,0.,1.));
#15773=DIRECTION('',(1.,0.,0.));
#15774=DIRECTION('',(0.,0.,1.));
#15775=DIRECTION('',(1.,0.,0.));
#15776=DIRECTION('',(1.,0.,0.));
#15777=DIRECTION('',(0.,0.,-1.));
#15778=DIRECTION('',(0.,0.,-1.));
#15779=DIRECTION('',(1.,0.,0.));
#15780=DIRECTION('',(0.,0.,-1.));
#15781=DIRECTION('',(0.,0.,-1.));
#15782=DIRECTION('',(0.,-1.,0.));
#15783=DIRECTION('',(1.,0.,0.));
#15784=DIRECTION('',(0.,0.,-1.));
#15785=DIRECTION('',(-1.,0.,0.));
#15786=DIRECTION('',(0.,0.,1.));
#15787=DIRECTION('',(0.,0.,-1.));
#15788=DIRECTION('',(0.,-1.,0.));
#15789=DIRECTION('',(0.,0.,-1.));
#15790=DIRECTION('',(0.,1.,0.));
#15791=DIRECTION('',(0.,0.,1.));
#15792=DIRECTION('',(1.,0.,0.));
#15793=DIRECTION('',(1.,0.,0.));
#15794=DIRECTION('',(0.,0.,-1.));
#15795=DIRECTION('',(1.,0.,0.));
#15796=DIRECTION('',(0.,0.,-1.));
#15797=DIRECTION('',(-1.,0.,0.));
#15798=DIRECTION('',(0.,0.,-1.));
#15799=DIRECTION('',(1.,0.,0.));
#15800=DIRECTION('',(1.,0.,0.));
#15801=DIRECTION('',(0.,0.,-1.));
#15802=DIRECTION('',(0.,1.,0.));
#15803=DIRECTION('',(0.,0.,-1.));
#15804=DIRECTION('',(0.,-1.,0.));
#15805=DIRECTION('',(0.,0.,-1.));
#15806=DIRECTION('',(0.,1.,0.));
#15807=DIRECTION('',(0.,0.,1.));
#15808=DIRECTION('',(-1.,0.,0.));
#15809=DIRECTION('',(0.,0.,-1.));
#15810=DIRECTION('',(1.,0.,0.));
#15811=DIRECTION('',(1.,0.,0.));
#15812=DIRECTION('',(0.,0.,-1.));
#15813=DIRECTION('',(0.,1.,0.));
#15814=DIRECTION('',(0.,0.,-1.));
#15815=DIRECTION('',(0.,-1.,0.));
#15816=DIRECTION('',(0.,1.,0.));
#15817=DIRECTION('',(0.,0.,1.));
#15818=DIRECTION('',(0.,0.,-1.));
#15819=DIRECTION('',(-1.,0.,0.));
#15820=DIRECTION('',(0.,0.,-1.));
#15821=DIRECTION('',(1.,0.,0.));
#15822=DIRECTION('',(1.,0.,0.));
#15823=DIRECTION('',(0.,0.,-1.));
#15824=DIRECTION('',(0.,1.,0.));
#15825=DIRECTION('',(0.,0.,-1.));
#15826=DIRECTION('',(0.,-1.,0.));
#15827=DIRECTION('',(0.,1.,0.));
#15828=DIRECTION('',(0.,0.,1.));
#15829=DIRECTION('',(-1.,0.,0.));
#15830=DIRECTION('',(0.,0.,-1.));
#15831=DIRECTION('',(1.,0.,0.));
#15832=DIRECTION('',(0.,1.,0.));
#15833=DIRECTION('',(0.,0.,1.));
#15834=DIRECTION('',(0.,0.,-1.));
#15835=DIRECTION('',(-1.,0.,0.));
#15836=DIRECTION('',(0.,0.,-1.));
#15837=DIRECTION('',(1.,0.,0.));
#15838=DIRECTION('',(1.,0.,0.));
#15839=DIRECTION('',(0.,0.,-1.));
#15840=DIRECTION('',(0.,1.,0.));
#15841=DIRECTION('',(0.,0.,-1.));
#15842=DIRECTION('',(0.,-1.,0.));
#15843=DIRECTION('',(0.,1.,0.));
#15844=DIRECTION('',(0.,0.,1.));
#15845=DIRECTION('',(-1.,0.,0.));
#15846=DIRECTION('',(0.,0.,-1.));
#15847=DIRECTION('',(1.,0.,0.));
#15848=DIRECTION('',(0.,1.,0.));
#15849=DIRECTION('',(0.,0.,1.));
#15850=DIRECTION('',(0.,0.,-1.));
#15851=DIRECTION('',(-1.,0.,0.));
#15852=DIRECTION('',(0.,0.,-1.));
#15853=DIRECTION('',(1.,0.,0.));
#15854=DIRECTION('',(1.,0.,0.));
#15855=DIRECTION('',(0.,0.,-1.));
#15856=DIRECTION('',(0.,1.,0.));
#15857=DIRECTION('',(0.,0.,-1.));
#15858=DIRECTION('',(0.,-1.,0.));
#15859=DIRECTION('',(0.,1.,0.));
#15860=DIRECTION('',(0.,0.,1.));
#15861=DIRECTION('',(-1.,0.,0.));
#15862=DIRECTION('',(0.,0.,-1.));
#15863=DIRECTION('',(1.,0.,0.));
#15864=DIRECTION('',(0.,1.,0.));
#15865=DIRECTION('',(0.,0.,1.));
#15866=DIRECTION('',(0.,0.,-1.));
#15867=DIRECTION('',(-1.,0.,0.));
#15868=DIRECTION('',(0.,0.,-1.));
#15869=DIRECTION('',(1.,0.,0.));
#15870=DIRECTION('',(1.,0.,0.));
#15871=DIRECTION('',(0.,0.,-1.));
#15872=DIRECTION('',(0.,1.,0.));
#15873=DIRECTION('',(0.,0.,-1.));
#15874=DIRECTION('',(0.,-1.,0.));
#15875=DIRECTION('',(0.,1.,0.));
#15876=DIRECTION('',(0.,0.,1.));
#15877=DIRECTION('',(-1.,0.,0.));
#15878=DIRECTION('',(0.,0.,-1.));
#15879=DIRECTION('',(1.,0.,0.));
#15880=DIRECTION('',(0.,1.,0.));
#15881=DIRECTION('',(0.,0.,1.));
#15882=DIRECTION('',(0.,0.,-1.));
#15883=DIRECTION('',(-1.,0.,0.));
#15884=DIRECTION('',(0.,0.,-1.));
#15885=DIRECTION('',(1.,0.,0.));
#15886=DIRECTION('',(1.,0.,0.));
#15887=DIRECTION('',(0.,0.,-1.));
#15888=DIRECTION('',(0.,1.,0.));
#15889=DIRECTION('',(0.,0.,-1.));
#15890=DIRECTION('',(0.,-1.,0.));
#15891=DIRECTION('',(0.,1.,0.));
#15892=DIRECTION('',(0.,0.,1.));
#15893=DIRECTION('',(-1.,0.,0.));
#15894=DIRECTION('',(0.,0.,-1.));
#15895=DIRECTION('',(1.,0.,0.));
#15896=DIRECTION('',(0.,1.,0.));
#15897=DIRECTION('',(0.,0.,1.));
#15898=DIRECTION('',(0.,0.,-1.));
#15899=DIRECTION('',(-1.,0.,0.));
#15900=DIRECTION('',(0.,0.,-1.));
#15901=DIRECTION('',(1.,0.,0.));
#15902=DIRECTION('',(1.,0.,0.));
#15903=DIRECTION('',(0.,0.,-1.));
#15904=DIRECTION('',(0.,1.,0.));
#15905=DIRECTION('',(0.,0.,-1.));
#15906=DIRECTION('',(0.,-1.,0.));
#15907=DIRECTION('',(0.,1.,0.));
#15908=DIRECTION('',(0.,0.,1.));
#15909=DIRECTION('',(-1.,0.,0.));
#15910=DIRECTION('',(0.,0.,-1.));
#15911=DIRECTION('',(1.,0.,0.));
#15912=DIRECTION('',(0.,1.,0.));
#15913=DIRECTION('',(0.,0.,1.));
#15914=DIRECTION('',(0.,0.,-1.));
#15915=DIRECTION('',(-1.,0.,0.));
#15916=DIRECTION('',(0.,0.,-1.));
#15917=DIRECTION('',(1.,0.,0.));
#15918=DIRECTION('',(1.,0.,0.));
#15919=DIRECTION('',(0.,0.,-1.));
#15920=DIRECTION('',(0.,1.,0.));
#15921=DIRECTION('',(0.,0.,-1.));
#15922=DIRECTION('',(0.,-1.,0.));
#15923=DIRECTION('',(0.,1.,0.));
#15924=DIRECTION('',(0.,0.,1.));
#15925=DIRECTION('',(-1.,0.,0.));
#15926=DIRECTION('',(0.,0.,-1.));
#15927=DIRECTION('',(1.,0.,0.));
#15928=DIRECTION('',(0.,1.,0.));
#15929=DIRECTION('',(0.,0.,1.));
#15930=DIRECTION('',(0.,0.,-1.));
#15931=DIRECTION('',(-1.,0.,0.));
#15932=DIRECTION('',(0.,0.,-1.));
#15933=DIRECTION('',(1.,0.,0.));
#15934=DIRECTION('',(1.,0.,0.));
#15935=DIRECTION('',(0.,0.,-1.));
#15936=DIRECTION('',(0.,1.,0.));
#15937=DIRECTION('',(0.,0.,-1.));
#15938=DIRECTION('',(0.,-1.,0.));
#15939=DIRECTION('',(0.,1.,0.));
#15940=DIRECTION('',(0.,0.,1.));
#15941=DIRECTION('',(-1.,0.,0.));
#15942=DIRECTION('',(0.,0.,-1.));
#15943=DIRECTION('',(1.,0.,0.));
#15944=DIRECTION('',(0.,1.,0.));
#15945=DIRECTION('',(0.,0.,1.));
#15946=DIRECTION('',(0.,0.,-1.));
#15947=DIRECTION('',(-1.,0.,0.));
#15948=DIRECTION('',(0.,0.,-1.));
#15949=DIRECTION('',(1.,0.,0.));
#15950=DIRECTION('',(1.,0.,0.));
#15951=DIRECTION('',(0.,0.,-1.));
#15952=DIRECTION('',(0.,1.,0.));
#15953=DIRECTION('',(0.,0.,-1.));
#15954=DIRECTION('',(0.,-1.,0.));
#15955=DIRECTION('',(0.,1.,0.));
#15956=DIRECTION('',(0.,0.,1.));
#15957=DIRECTION('',(-1.,0.,0.));
#15958=DIRECTION('',(0.,0.,-1.));
#15959=DIRECTION('',(1.,0.,0.));
#15960=DIRECTION('',(0.,1.,0.));
#15961=DIRECTION('',(0.,0.,1.));
#15962=DIRECTION('',(0.,0.,-1.));
#15963=DIRECTION('',(-1.,0.,0.));
#15964=DIRECTION('',(0.,0.,-1.));
#15965=DIRECTION('',(1.,0.,0.));
#15966=DIRECTION('',(1.,0.,0.));
#15967=DIRECTION('',(0.,0.,-1.));
#15968=DIRECTION('',(0.,1.,0.));
#15969=DIRECTION('',(0.,0.,-1.));
#15970=DIRECTION('',(0.,-1.,0.));
#15971=DIRECTION('',(0.,1.,0.));
#15972=DIRECTION('',(0.,0.,1.));
#15973=DIRECTION('',(-1.,0.,0.));
#15974=DIRECTION('',(0.,0.,-1.));
#15975=DIRECTION('',(1.,0.,0.));
#15976=DIRECTION('',(0.,1.,0.));
#15977=DIRECTION('',(0.,0.,1.));
#15978=DIRECTION('',(0.,0.,-1.));
#15979=DIRECTION('',(-1.,0.,0.));
#15980=DIRECTION('',(0.,0.,-1.));
#15981=DIRECTION('',(1.,0.,0.));
#15982=DIRECTION('',(1.,0.,0.));
#15983=DIRECTION('',(0.,0.,-1.));
#15984=DIRECTION('',(0.,1.,0.));
#15985=DIRECTION('',(0.,0.,-1.));
#15986=DIRECTION('',(0.,-1.,0.));
#15987=DIRECTION('',(0.,1.,0.));
#15988=DIRECTION('',(0.,0.,1.));
#15989=DIRECTION('',(-1.,0.,0.));
#15990=DIRECTION('',(0.,0.,-1.));
#15991=DIRECTION('',(1.,0.,0.));
#15992=DIRECTION('',(0.,1.,0.));
#15993=DIRECTION('',(0.,0.,1.));
#15994=DIRECTION('',(0.,0.,-1.));
#15995=DIRECTION('',(-1.,0.,0.));
#15996=DIRECTION('',(0.,0.,-1.));
#15997=DIRECTION('',(1.,0.,0.));
#15998=DIRECTION('',(1.,0.,0.));
#15999=DIRECTION('',(0.,0.,-1.));
#16000=DIRECTION('',(0.,1.,0.));
#16001=DIRECTION('',(0.,0.,-1.));
#16002=DIRECTION('',(0.,-1.,0.));
#16003=DIRECTION('',(0.,1.,0.));
#16004=DIRECTION('',(0.,0.,1.));
#16005=DIRECTION('',(-1.,0.,0.));
#16006=DIRECTION('',(0.,0.,-1.));
#16007=DIRECTION('',(1.,0.,0.));
#16008=DIRECTION('',(0.,1.,0.));
#16009=DIRECTION('',(0.,0.,1.));
#16010=DIRECTION('',(0.,0.,-1.));
#16011=DIRECTION('',(-1.,0.,0.));
#16012=DIRECTION('',(0.,0.,-1.));
#16013=DIRECTION('',(1.,0.,0.));
#16014=DIRECTION('',(1.,0.,0.));
#16015=DIRECTION('',(0.,0.,-1.));
#16016=DIRECTION('',(0.,1.,0.));
#16017=DIRECTION('',(0.,0.,-1.));
#16018=DIRECTION('',(0.,-1.,0.));
#16019=DIRECTION('',(0.,1.,0.));
#16020=DIRECTION('',(0.,0.,1.));
#16021=DIRECTION('',(-1.,0.,0.));
#16022=DIRECTION('',(0.,0.,-1.));
#16023=DIRECTION('',(1.,0.,0.));
#16024=DIRECTION('',(-1.,0.,0.));
#16025=DIRECTION('',(0.,0.,1.));
#16026=DIRECTION('',(0.,1.,0.));
#16027=DIRECTION('',(0.,0.,-1.));
#16028=DIRECTION('',(0.,1.,0.));
#16029=DIRECTION('',(0.,0.,-1.));
#16030=DIRECTION('',(0.,1.,0.));
#16031=DIRECTION('',(0.,1.,0.));
#16032=DIRECTION('',(0.,0.,-1.));
#16033=DIRECTION('',(-1.,-2.74807679362663E-16,0.));
#16034=DIRECTION('',(2.74807679362663E-16,-1.,0.));
#16035=DIRECTION('',(0.,1.,0.));
#16036=DIRECTION('',(0.,0.,-1.));
#16037=DIRECTION('',(-2.74807679362663E-16,1.,0.));
#16038=DIRECTION('',(0.,0.,-1.));
#16039=DIRECTION('',(0.,1.,0.));
#16040=DIRECTION('',(-2.74807679362663E-16,1.,0.));
#16041=DIRECTION('',(0.,0.,-1.));
#16042=DIRECTION('',(1.,0.,0.));
#16043=DIRECTION('',(0.,0.,-1.));
#16044=DIRECTION('',(0.,1.,0.));
#16045=DIRECTION('',(0.,-1.,0.));
#16046=DIRECTION('',(1.,0.,0.));
#16047=DIRECTION('',(0.,0.,-1.));
#16048=DIRECTION('',(0.,1.,0.));
#16049=DIRECTION('',(0.,-1.,0.));
#16050=DIRECTION('',(1.,0.,0.));
#16051=DIRECTION('',(0.,0.,-1.));
#16052=DIRECTION('',(0.,1.,0.));
#16053=DIRECTION('',(0.,-1.,0.));
#16054=DIRECTION('',(1.,0.,0.));
#16055=DIRECTION('',(0.,0.,-1.));
#16056=DIRECTION('',(0.,1.,0.));
#16057=DIRECTION('',(0.,-1.,0.));
#16058=DIRECTION('',(1.,0.,0.));
#16059=DIRECTION('',(0.,0.,-1.));
#16060=DIRECTION('',(0.,1.,0.));
#16061=DIRECTION('',(0.,-1.,0.));
#16062=DIRECTION('',(1.,0.,0.));
#16063=DIRECTION('',(0.,0.,-1.));
#16064=DIRECTION('',(0.,1.,0.));
#16065=DIRECTION('',(0.,-1.,0.));
#16066=DIRECTION('',(1.,0.,0.));
#16067=DIRECTION('',(0.,0.,-1.));
#16068=DIRECTION('',(0.,1.,0.));
#16069=DIRECTION('',(0.,-1.,0.));
#16070=DIRECTION('',(1.,0.,0.));
#16071=DIRECTION('',(0.,0.,-1.));
#16072=DIRECTION('',(0.,1.,0.));
#16073=DIRECTION('',(0.,-1.,0.));
#16074=DIRECTION('',(1.,0.,0.));
#16075=DIRECTION('',(0.,0.,-1.));
#16076=DIRECTION('',(0.,1.,0.));
#16077=DIRECTION('',(0.,-1.,0.));
#16078=DIRECTION('',(1.,0.,0.));
#16079=DIRECTION('',(0.,0.,-1.));
#16080=DIRECTION('',(0.,1.,0.));
#16081=DIRECTION('',(0.,-1.,0.));
#16082=DIRECTION('',(1.,0.,0.));
#16083=DIRECTION('',(0.,0.,-1.));
#16084=DIRECTION('',(0.,1.,0.));
#16085=DIRECTION('',(0.,-1.,0.));
#16086=DIRECTION('',(1.,0.,0.));
#16087=DIRECTION('',(0.,0.,-1.));
#16088=DIRECTION('',(0.,1.,0.));
#16089=DIRECTION('',(0.,-1.,0.));
#16090=DIRECTION('',(1.,0.,0.));
#16091=DIRECTION('',(0.,0.,-1.));
#16092=DIRECTION('',(0.,1.,0.));
#16093=DIRECTION('',(0.,-1.,0.));
#16094=DIRECTION('',(0.,1.,0.));
#16095=DIRECTION('',(0.,0.,1.));
#16096=DIRECTION('',(-1.,0.,0.));
#16097=DIRECTION('',(1.,0.,0.));
#16098=DIRECTION('',(0.,0.,1.));
#16099=DIRECTION('',(1.,0.,0.));
#16100=DIRECTION('',(1.,0.,0.));
#16101=DIRECTION('',(1.,0.,0.));
#16102=DIRECTION('',(0.,0.,1.));
#16103=DIRECTION('',(1.,0.,0.));
#16104=DIRECTION('',(0.,0.,1.));
#16105=DIRECTION('',(1.,0.,0.));
#16106=DIRECTION('',(0.,0.,1.));
#16107=DIRECTION('',(1.,0.,0.));
#16108=DIRECTION('',(0.,0.,1.));
#16109=DIRECTION('',(1.,0.,0.));
#16110=DIRECTION('',(0.,0.,1.));
#16111=DIRECTION('',(1.,0.,0.));
#16112=DIRECTION('',(0.,0.,1.));
#16113=DIRECTION('',(1.,0.,0.));
#16114=DIRECTION('',(0.,0.,1.));
#16115=DIRECTION('',(1.,0.,0.));
#16116=DIRECTION('',(0.,0.,1.));
#16117=DIRECTION('',(1.,0.,0.));
#16118=DIRECTION('',(0.,0.,1.));
#16119=DIRECTION('',(1.,0.,0.));
#16120=DIRECTION('',(1.,0.,0.));
#16121=DIRECTION('',(0.,0.,1.));
#16122=DIRECTION('',(1.,0.,0.));
#16123=DIRECTION('',(0.,0.,1.));
#16124=DIRECTION('',(1.,0.,0.));
#16125=DIRECTION('',(1.,0.,0.));
#16126=DIRECTION('',(0.,0.,1.));
#16127=DIRECTION('',(1.,0.,0.));
#16128=DIRECTION('',(1.,0.,0.));
#16129=DIRECTION('',(0.,-1.,0.));
#16130=DIRECTION('',(1.,0.,0.));
#16131=DIRECTION('',(0.,-1.,0.));
#16132=DIRECTION('',(1.,0.,0.));
#16133=DIRECTION('',(0.,-1.,0.));
#16134=DIRECTION('',(1.,0.,0.));
#16135=DIRECTION('',(0.,-1.,0.));
#16136=DIRECTION('',(1.,0.,0.));
#16137=DIRECTION('',(0.,-1.,0.));
#16138=DIRECTION('',(1.,0.,0.));
#16139=DIRECTION('',(0.,-1.,0.));
#16140=DIRECTION('',(1.,0.,0.));
#16141=DIRECTION('',(0.,-1.,0.));
#16142=DIRECTION('',(1.,0.,0.));
#16143=DIRECTION('',(0.,-1.,0.));
#16144=DIRECTION('',(1.,0.,0.));
#16145=DIRECTION('',(0.,-1.,0.));
#16146=DIRECTION('',(1.,0.,0.));
#16147=DIRECTION('',(0.,-1.,0.));
#16148=DIRECTION('',(1.,0.,0.));
#16149=DIRECTION('',(0.,-1.,0.));
#16150=DIRECTION('',(1.,0.,0.));
#16151=DIRECTION('',(0.,-1.,0.));
#16152=DIRECTION('',(1.,0.,0.));
#16153=DIRECTION('',(0.,-1.,0.));
#16154=DIRECTION('',(1.,0.,0.));
#16155=DIRECTION('',(0.,-1.,0.));
#16156=DIRECTION('',(1.,0.,0.));
#16157=DIRECTION('',(0.,-1.,0.));
#16158=DIRECTION('',(1.,0.,0.));
#16159=DIRECTION('',(0.,-1.,0.));
#16160=DIRECTION('',(1.,0.,0.));
#16161=DIRECTION('',(0.,-1.,0.));
#16162=DIRECTION('',(1.,0.,0.));
#16163=DIRECTION('',(0.,-1.,0.));
#16164=DIRECTION('',(1.,0.,0.));
#16165=DIRECTION('',(0.,-1.,0.));
#16166=DIRECTION('',(1.,0.,0.));
#16167=DIRECTION('',(0.,-1.,0.));
#16168=DIRECTION('',(1.,0.,0.));
#16169=DIRECTION('',(0.,-1.,0.));
#16170=DIRECTION('',(1.,0.,0.));
#16171=DIRECTION('',(0.,-1.,0.));
#16172=DIRECTION('',(1.,0.,0.));
#16173=DIRECTION('',(0.,-1.,0.));
#16174=DIRECTION('',(1.,0.,0.));
#16175=DIRECTION('',(0.,-1.,0.));
#16176=DIRECTION('',(1.,0.,0.));
#16177=DIRECTION('',(0.,-1.,0.));
#16178=DIRECTION('',(1.,0.,0.));
#16179=DIRECTION('',(0.,-1.,0.));
#16180=DIRECTION('',(0.,-1.,0.));
#16181=DIRECTION('',(1.,0.,0.));
#16182=DIRECTION('',(0.,-1.,0.));
#16183=DIRECTION('',(1.,0.,0.));
#16184=DIRECTION('',(0.,1.,0.));
#16185=DIRECTION('',(0.,0.,1.));
#16186=DIRECTION('',(1.,0.,0.));
#16187=DIRECTION('',(0.,1.,0.));
#16188=DIRECTION('',(0.,0.,1.));
#16189=DIRECTION('',(0.,0.,-1.));
#16190=DIRECTION('',(1.,0.,0.));
#16191=DIRECTION('',(0.,0.,-1.));
#16192=DIRECTION('',(0.,0.,1.));
#16193=DIRECTION('',(1.,0.,0.));
#16194=DIRECTION('',(0.,0.,1.));
#16195=DIRECTION('',(1.,0.,0.));
#16196=DIRECTION('',(0.,0.,1.));
#16197=DIRECTION('',(1.,0.,0.));
#16198=DIRECTION('',(1.,0.,0.));
#16199=DIRECTION('',(0.,0.,-1.));
#16200=DIRECTION('',(0.,-1.,0.));
#16201=DIRECTION('',(0.,0.,-1.));
#16202=DIRECTION('',(0.,-1.,0.));
#16203=DIRECTION('',(0.,1.,0.));
#16204=DIRECTION('',(0.,0.,1.));
#16205=DIRECTION('',(1.,0.,0.));
#16206=DIRECTION('',(0.,0.,-1.));
#16207=DIRECTION('',(0.,0.,-1.));
#16208=DIRECTION('',(1.,0.,0.));
#16209=DIRECTION('',(0.,0.,-1.));
#16210=DIRECTION('',(0.,0.,1.));
#16211=DIRECTION('',(1.,0.,0.));
#16212=DIRECTION('',(0.,0.,1.));
#16213=DIRECTION('',(1.,0.,0.));
#16214=DIRECTION('',(0.,0.,1.));
#16215=DIRECTION('',(1.,0.,0.));
#16216=DIRECTION('',(0.,1.,0.));
#16217=DIRECTION('',(0.,0.,1.));
#16218=DIRECTION('',(1.,0.,0.));
#16219=DIRECTION('',(0.,0.,1.));
#16220=DIRECTION('',(1.,0.,0.));
#16221=DIRECTION('',(0.,0.,1.));
#16222=DIRECTION('',(1.,0.,0.));
#16223=DIRECTION('',(0.,0.,1.));
#16224=DIRECTION('',(1.,0.,0.));
#16225=DIRECTION('',(0.,0.,-1.));
#16226=DIRECTION('',(-1.,0.,0.));
#16227=DIRECTION('',(0.,0.,1.));
#16228=DIRECTION('',(1.,0.,0.));
#16229=DIRECTION('',(0.,0.,1.));
#16230=DIRECTION('',(1.,0.,0.));
#16231=DIRECTION('',(0.,0.,-1.));
#16232=DIRECTION('',(-1.,0.,0.));
#16233=DIRECTION('',(0.,0.,1.));
#16234=DIRECTION('',(1.,0.,0.));
#16235=DIRECTION('',(-1.,0.,0.));
#16236=DIRECTION('',(0.,0.,1.));
#16237=DIRECTION('',(0.,0.,1.));
#16238=DIRECTION('',(1.,0.,0.));
#16239=DIRECTION('',(0.,0.,1.));
#16240=DIRECTION('',(1.,0.,0.));
#16241=DIRECTION('',(0.,0.,1.));
#16242=DIRECTION('',(1.,0.,0.));
#16243=DIRECTION('',(0.,0.,1.));
#16244=DIRECTION('',(1.,0.,0.));
#16245=DIRECTION('',(0.,0.,1.));
#16246=DIRECTION('',(1.,0.,0.));
#16247=DIRECTION('',(0.,0.,1.));
#16248=DIRECTION('',(1.,0.,0.));
#16249=DIRECTION('',(0.,0.,1.));
#16250=DIRECTION('',(1.,0.,0.));
#16251=DIRECTION('',(0.,0.,1.));
#16252=DIRECTION('',(1.,0.,0.));
#16253=DIRECTION('',(0.,0.,1.));
#16254=DIRECTION('',(1.,0.,0.));
#16255=DIRECTION('',(0.,0.,1.));
#16256=DIRECTION('',(1.,0.,0.));
#16257=DIRECTION('',(0.,0.,1.));
#16258=DIRECTION('',(1.,0.,0.));
#16259=DIRECTION('',(0.,0.,1.));
#16260=DIRECTION('',(1.,0.,0.));
#16261=DIRECTION('',(0.,0.,1.));
#16262=DIRECTION('',(1.,0.,0.));
#16263=DIRECTION('',(0.,0.,1.));
#16264=DIRECTION('',(1.,0.,0.));
#16265=DIRECTION('',(0.,0.,1.));
#16266=DIRECTION('',(1.,0.,0.));
#16267=DIRECTION('',(0.,0.,1.));
#16268=DIRECTION('',(1.,0.,0.));
#16269=DIRECTION('',(0.,0.,1.));
#16270=DIRECTION('',(1.,0.,0.));
#16271=DIRECTION('',(0.,0.,1.));
#16272=DIRECTION('',(1.,0.,0.));
#16273=DIRECTION('',(0.,0.,1.));
#16274=DIRECTION('',(1.,0.,0.));
#16275=DIRECTION('',(0.,0.,1.));
#16276=DIRECTION('',(1.,0.,0.));
#16277=DIRECTION('',(0.,0.,1.));
#16278=DIRECTION('',(1.,0.,0.));
#16279=DIRECTION('',(0.,0.,1.));
#16280=DIRECTION('',(1.,0.,0.));
#16281=DIRECTION('',(1.,0.,0.));
#16282=DIRECTION('',(0.,-1.,0.));
#16283=DIRECTION('',(1.,0.,0.));
#16284=DIRECTION('',(0.,-1.,0.));
#16285=DIRECTION('',(-1.,0.,0.));
#16286=DIRECTION('',(0.,0.,1.));
#16287=DIRECTION('',(0.,0.,1.));
#16288=DIRECTION('',(0.,0.,1.));
#16289=DIRECTION('',(0.,-1.,0.));
#16290=DIRECTION('',(0.,0.,-1.));
#16291=DIRECTION('',(0.,0.,1.));
#16292=DIRECTION('',(-1.,0.,0.));
#16293=DIRECTION('',(0.,0.,1.));
#16294=DIRECTION('',(0.,0.,1.));
#16295=DIRECTION('',(0.,-1.,0.));
#16296=DIRECTION('',(0.,0.,-1.));
#16297=DIRECTION('',(0.,0.,1.));
#16298=DIRECTION('',(1.,0.,0.));
#16299=DIRECTION('',(0.,0.,1.));
#16300=DIRECTION('',(1.,0.,0.));
#16301=DIRECTION('',(0.,-1.,0.));
#16302=DIRECTION('',(1.,0.,0.));
#16303=DIRECTION('',(0.,-1.,0.));
#16304=DIRECTION('',(1.,0.,0.));
#16305=DIRECTION('',(0.,-1.,0.));
#16306=DIRECTION('',(0.,0.,-1.));
#16307=DIRECTION('',(0.,0.,1.));
#16308=DIRECTION('',(0.,0.,1.));
#16309=DIRECTION('',(-1.,0.,0.));
#16310=DIRECTION('',(0.,0.,1.));
#16311=DIRECTION('',(0.,0.,1.));
#16312=DIRECTION('',(-1.,0.,0.));
#16313=DIRECTION('',(0.,0.,1.));
#16314=DIRECTION('',(0.,0.,1.));
#16315=DIRECTION('',(0.,-1.,0.));
#16316=DIRECTION('',(0.,0.,-1.));
#16317=DIRECTION('',(0.,0.,1.));
#16318=DIRECTION('',(1.,0.,0.));
#16319=DIRECTION('',(0.,0.,1.));
#16320=DIRECTION('',(1.,0.,0.));
#16321=DIRECTION('',(0.,-1.,0.));
#16322=DIRECTION('',(1.,0.,0.));
#16323=DIRECTION('',(0.,-1.,0.));
#16324=DIRECTION('',(1.,0.,0.));
#16325=DIRECTION('',(0.,-1.,0.));
#16326=DIRECTION('',(0.,0.,-1.));
#16327=DIRECTION('',(0.,0.,1.));
#16328=DIRECTION('',(0.,0.,1.));
#16329=DIRECTION('',(-1.,0.,0.));
#16330=DIRECTION('',(0.,0.,1.));
#16331=DIRECTION('',(0.,0.,1.));
#16332=DIRECTION('',(-1.,0.,0.));
#16333=DIRECTION('',(0.,0.,1.));
#16334=DIRECTION('',(0.,0.,1.));
#16335=DIRECTION('',(0.,-1.,0.));
#16336=DIRECTION('',(0.,0.,-1.));
#16337=DIRECTION('',(0.,0.,1.));
#16338=DIRECTION('',(1.,0.,0.));
#16339=DIRECTION('',(0.,0.,1.));
#16340=DIRECTION('',(1.,0.,0.));
#16341=DIRECTION('',(0.,-1.,0.));
#16342=DIRECTION('',(1.,0.,0.));
#16343=DIRECTION('',(0.,-1.,0.));
#16344=DIRECTION('',(1.,0.,0.));
#16345=DIRECTION('',(0.,-1.,0.));
#16346=DIRECTION('',(0.,0.,-1.));
#16347=DIRECTION('',(0.,0.,1.));
#16348=DIRECTION('',(0.,0.,1.));
#16349=DIRECTION('',(-1.,0.,0.));
#16350=DIRECTION('',(0.,0.,1.));
#16351=DIRECTION('',(0.,0.,1.));
#16352=DIRECTION('',(-1.,0.,0.));
#16353=DIRECTION('',(0.,0.,1.));
#16354=DIRECTION('',(0.,0.,1.));
#16355=DIRECTION('',(0.,-1.,0.));
#16356=DIRECTION('',(0.,0.,-1.));
#16357=DIRECTION('',(0.,0.,1.));
#16358=DIRECTION('',(1.,0.,0.));
#16359=DIRECTION('',(0.,0.,1.));
#16360=DIRECTION('',(1.,0.,0.));
#16361=DIRECTION('',(0.,-1.,0.));
#16362=DIRECTION('',(1.,0.,0.));
#16363=DIRECTION('',(0.,-1.,0.));
#16364=DIRECTION('',(1.,0.,0.));
#16365=DIRECTION('',(0.,-1.,0.));
#16366=DIRECTION('',(0.,0.,-1.));
#16367=DIRECTION('',(0.,0.,1.));
#16368=DIRECTION('',(0.,0.,1.));
#16369=DIRECTION('',(-1.,0.,0.));
#16370=DIRECTION('',(0.,0.,1.));
#16371=DIRECTION('',(0.,0.,1.));
#16372=DIRECTION('',(-1.,0.,0.));
#16373=DIRECTION('',(0.,0.,1.));
#16374=DIRECTION('',(0.,0.,1.));
#16375=DIRECTION('',(0.,-1.,0.));
#16376=DIRECTION('',(0.,0.,-1.));
#16377=DIRECTION('',(0.,0.,1.));
#16378=DIRECTION('',(1.,0.,0.));
#16379=DIRECTION('',(0.,0.,1.));
#16380=DIRECTION('',(1.,0.,0.));
#16381=DIRECTION('',(0.,-1.,0.));
#16382=DIRECTION('',(1.,0.,0.));
#16383=DIRECTION('',(0.,-1.,0.));
#16384=DIRECTION('',(1.,0.,0.));
#16385=DIRECTION('',(0.,-1.,0.));
#16386=DIRECTION('',(0.,0.,-1.));
#16387=DIRECTION('',(0.,0.,1.));
#16388=DIRECTION('',(0.,0.,1.));
#16389=DIRECTION('',(-1.,0.,0.));
#16390=DIRECTION('',(0.,0.,1.));
#16391=DIRECTION('',(0.,0.,1.));
#16392=DIRECTION('',(-1.,0.,0.));
#16393=DIRECTION('',(0.,0.,1.));
#16394=DIRECTION('',(0.,0.,1.));
#16395=DIRECTION('',(0.,-1.,0.));
#16396=DIRECTION('',(0.,0.,-1.));
#16397=DIRECTION('',(0.,0.,1.));
#16398=DIRECTION('',(1.,0.,0.));
#16399=DIRECTION('',(0.,0.,1.));
#16400=DIRECTION('',(1.,0.,0.));
#16401=DIRECTION('',(0.,-1.,0.));
#16402=DIRECTION('',(1.,0.,0.));
#16403=DIRECTION('',(0.,-1.,0.));
#16404=DIRECTION('',(1.,0.,0.));
#16405=DIRECTION('',(0.,-1.,0.));
#16406=DIRECTION('',(0.,0.,-1.));
#16407=DIRECTION('',(0.,0.,1.));
#16408=DIRECTION('',(0.,0.,1.));
#16409=DIRECTION('',(-1.,0.,0.));
#16410=DIRECTION('',(0.,0.,1.));
#16411=DIRECTION('',(0.,0.,1.));
#16412=DIRECTION('',(-1.,0.,0.));
#16413=DIRECTION('',(0.,0.,1.));
#16414=DIRECTION('',(0.,0.,1.));
#16415=DIRECTION('',(0.,-1.,0.));
#16416=DIRECTION('',(0.,0.,-1.));
#16417=DIRECTION('',(0.,0.,1.));
#16418=DIRECTION('',(1.,0.,0.));
#16419=DIRECTION('',(0.,0.,1.));
#16420=DIRECTION('',(1.,0.,0.));
#16421=DIRECTION('',(0.,-1.,0.));
#16422=DIRECTION('',(1.,0.,0.));
#16423=DIRECTION('',(0.,-1.,0.));
#16424=DIRECTION('',(1.,0.,0.));
#16425=DIRECTION('',(0.,-1.,0.));
#16426=DIRECTION('',(0.,0.,-1.));
#16427=DIRECTION('',(0.,0.,1.));
#16428=DIRECTION('',(0.,0.,1.));
#16429=DIRECTION('',(-1.,0.,0.));
#16430=DIRECTION('',(0.,0.,1.));
#16431=DIRECTION('',(0.,0.,1.));
#16432=DIRECTION('',(-1.,0.,0.));
#16433=DIRECTION('',(0.,0.,1.));
#16434=DIRECTION('',(0.,0.,1.));
#16435=DIRECTION('',(0.,-1.,0.));
#16436=DIRECTION('',(0.,0.,-1.));
#16437=DIRECTION('',(0.,0.,1.));
#16438=DIRECTION('',(1.,0.,0.));
#16439=DIRECTION('',(0.,0.,1.));
#16440=DIRECTION('',(1.,0.,0.));
#16441=DIRECTION('',(0.,-1.,0.));
#16442=DIRECTION('',(1.,0.,0.));
#16443=DIRECTION('',(0.,-1.,0.));
#16444=DIRECTION('',(1.,0.,0.));
#16445=DIRECTION('',(0.,-1.,0.));
#16446=DIRECTION('',(0.,0.,-1.));
#16447=DIRECTION('',(0.,0.,1.));
#16448=DIRECTION('',(0.,0.,1.));
#16449=DIRECTION('',(-1.,0.,0.));
#16450=DIRECTION('',(0.,0.,1.));
#16451=DIRECTION('',(0.,0.,1.));
#16452=DIRECTION('',(-1.,0.,0.));
#16453=DIRECTION('',(0.,0.,1.));
#16454=DIRECTION('',(0.,0.,1.));
#16455=DIRECTION('',(0.,-1.,0.));
#16456=DIRECTION('',(0.,0.,-1.));
#16457=DIRECTION('',(0.,0.,1.));
#16458=DIRECTION('',(1.,0.,0.));
#16459=DIRECTION('',(0.,0.,1.));
#16460=DIRECTION('',(1.,0.,0.));
#16461=DIRECTION('',(0.,-1.,0.));
#16462=DIRECTION('',(1.,0.,0.));
#16463=DIRECTION('',(0.,-1.,0.));
#16464=DIRECTION('',(1.,0.,0.));
#16465=DIRECTION('',(0.,-1.,0.));
#16466=DIRECTION('',(0.,0.,-1.));
#16467=DIRECTION('',(0.,0.,1.));
#16468=DIRECTION('',(0.,0.,1.));
#16469=DIRECTION('',(-1.,0.,0.));
#16470=DIRECTION('',(0.,0.,1.));
#16471=DIRECTION('',(0.,0.,1.));
#16472=DIRECTION('',(-1.,0.,0.));
#16473=DIRECTION('',(0.,0.,1.));
#16474=DIRECTION('',(0.,0.,1.));
#16475=DIRECTION('',(0.,-1.,0.));
#16476=DIRECTION('',(0.,0.,-1.));
#16477=DIRECTION('',(0.,0.,1.));
#16478=DIRECTION('',(1.,0.,0.));
#16479=DIRECTION('',(0.,0.,1.));
#16480=DIRECTION('',(1.,0.,0.));
#16481=DIRECTION('',(0.,-1.,0.));
#16482=DIRECTION('',(1.,0.,0.));
#16483=DIRECTION('',(0.,-1.,0.));
#16484=DIRECTION('',(1.,0.,0.));
#16485=DIRECTION('',(0.,-1.,0.));
#16486=DIRECTION('',(0.,0.,-1.));
#16487=DIRECTION('',(0.,0.,1.));
#16488=DIRECTION('',(0.,0.,1.));
#16489=DIRECTION('',(-1.,0.,0.));
#16490=DIRECTION('',(0.,0.,1.));
#16491=DIRECTION('',(0.,0.,1.));
#16492=DIRECTION('',(-1.,0.,0.));
#16493=DIRECTION('',(0.,0.,1.));
#16494=DIRECTION('',(0.,0.,1.));
#16495=DIRECTION('',(0.,-1.,0.));
#16496=DIRECTION('',(0.,0.,-1.));
#16497=DIRECTION('',(0.,0.,1.));
#16498=DIRECTION('',(1.,0.,0.));
#16499=DIRECTION('',(0.,0.,1.));
#16500=DIRECTION('',(1.,0.,0.));
#16501=DIRECTION('',(0.,-1.,0.));
#16502=DIRECTION('',(1.,0.,0.));
#16503=DIRECTION('',(0.,-1.,0.));
#16504=DIRECTION('',(1.,0.,0.));
#16505=DIRECTION('',(0.,-1.,0.));
#16506=DIRECTION('',(0.,0.,-1.));
#16507=DIRECTION('',(0.,0.,1.));
#16508=DIRECTION('',(0.,0.,1.));
#16509=DIRECTION('',(-1.,0.,0.));
#16510=DIRECTION('',(0.,0.,1.));
#16511=DIRECTION('',(0.,0.,1.));
#16512=DIRECTION('',(-1.,0.,0.));
#16513=DIRECTION('',(0.,0.,1.));
#16514=DIRECTION('',(0.,0.,1.));
#16515=DIRECTION('',(0.,-1.,0.));
#16516=DIRECTION('',(0.,0.,-1.));
#16517=DIRECTION('',(0.,0.,1.));
#16518=DIRECTION('',(1.,0.,0.));
#16519=DIRECTION('',(0.,0.,1.));
#16520=DIRECTION('',(1.,0.,0.));
#16521=DIRECTION('',(0.,-1.,0.));
#16522=DIRECTION('',(1.,0.,0.));
#16523=DIRECTION('',(0.,-1.,0.));
#16524=DIRECTION('',(1.,0.,0.));
#16525=DIRECTION('',(0.,-1.,0.));
#16526=DIRECTION('',(0.,0.,-1.));
#16527=DIRECTION('',(0.,0.,1.));
#16528=DIRECTION('',(0.,0.,1.));
#16529=DIRECTION('',(-1.,0.,0.));
#16530=DIRECTION('',(0.,0.,1.));
#16531=DIRECTION('',(0.,0.,1.));
#16532=DIRECTION('',(-1.,0.,0.));
#16533=DIRECTION('',(0.,0.,1.));
#16534=DIRECTION('',(0.,0.,1.));
#16535=DIRECTION('',(0.,-1.,0.));
#16536=DIRECTION('',(0.,0.,-1.));
#16537=DIRECTION('',(0.,0.,1.));
#16538=DIRECTION('',(1.,0.,0.));
#16539=DIRECTION('',(0.,0.,1.));
#16540=DIRECTION('',(1.,0.,0.));
#16541=DIRECTION('',(0.,-1.,0.));
#16542=DIRECTION('',(1.,0.,0.));
#16543=DIRECTION('',(0.,-1.,0.));
#16544=DIRECTION('',(1.,0.,0.));
#16545=DIRECTION('',(0.,-1.,0.));
#16546=DIRECTION('',(0.,0.,-1.));
#16547=DIRECTION('',(0.,0.,1.));
#16548=DIRECTION('',(0.,0.,1.));
#16549=DIRECTION('',(-1.,0.,0.));
#16550=DIRECTION('',(0.,0.,1.));
#16551=DIRECTION('',(0.,0.,1.));
#16552=DIRECTION('',(-1.,0.,0.));
#16553=DIRECTION('',(0.,0.,1.));
#16554=DIRECTION('',(0.,0.,1.));
#16555=DIRECTION('',(0.,-1.,0.));
#16556=DIRECTION('',(0.,0.,-1.));
#16557=DIRECTION('',(0.,0.,1.));
#16558=DIRECTION('',(1.,0.,0.));
#16559=DIRECTION('',(0.,0.,1.));
#16560=DIRECTION('',(1.,0.,0.));
#16561=CARTESIAN_POINT('',(0.,0.,0.));
#16562=CARTESIAN_POINT('',(0.00735,0.02165,0.00305));
#16563=CARTESIAN_POINT('',(0.00735,0.02165,0.));
#16564=CARTESIAN_POINT('',(0.01465,0.02165,0.));
#16565=CARTESIAN_POINT('',(0.0147,0.02165,0.));
#16566=CARTESIAN_POINT('',(0.01465,0.02165,0.00305));
#16567=CARTESIAN_POINT('',(0.01465,0.02165,0.00275));
#16568=CARTESIAN_POINT('',(0.00735,0.02165,0.00275));
#16569=CARTESIAN_POINT('',(0.0147,0.02165,0.00275));
#16570=CARTESIAN_POINT('',(0.0147,0.02165,0.00305));
#16571=CARTESIAN_POINT('',(0.00735,0.010825,0.00305));
#16572=CARTESIAN_POINT('',(0.00735,0.02135,0.00305));
#16573=CARTESIAN_POINT('',(0.0147,0.02135,0.00305));
#16574=CARTESIAN_POINT('',(0.01465,0.02135,0.00305));
#16575=CARTESIAN_POINT('',(0.01465,0.02019,0.00305));
#16576=CARTESIAN_POINT('',(0.01465,0.01898,0.00305));
#16577=CARTESIAN_POINT('',(0.259817621135332,0.01898,0.00305));
#16578=CARTESIAN_POINT('',(5.E-5,0.01898,0.00305));
#16579=CARTESIAN_POINT('',(5.E-5,0.02019,0.00305));
#16580=CARTESIAN_POINT('',(5.E-5,0.02135,0.00305));
#16581=CARTESIAN_POINT('',(0.00735,0.02135,0.00305));
#16582=CARTESIAN_POINT('',(0.,0.02135,0.00305));
#16583=CARTESIAN_POINT('',(0.,0.0203,0.00305));
#16584=CARTESIAN_POINT('',(-3.46944695195361E-18,0.01895,0.00305));
#16585=CARTESIAN_POINT('',(0.00735,0.01895,0.00305));
#16586=CARTESIAN_POINT('',(0.0147,0.01895,0.00305));
#16587=CARTESIAN_POINT('',(0.0147,0.0203,0.00305));
#16588=CARTESIAN_POINT('',(0.,0.009475,0.0035));
#16589=CARTESIAN_POINT('',(0.,0.02135,0.00275));
#16590=CARTESIAN_POINT('',(-3.46944695195361E-18,0.02165,0.00275));
#16591=CARTESIAN_POINT('',(-3.46944695195361E-18,0.02165,0.00305));
#16592=CARTESIAN_POINT('',(-3.46944695195361E-18,0.02165,0.));
#16593=CARTESIAN_POINT('',(0.,0.009475,0.));
#16594=CARTESIAN_POINT('',(0.,0.,0.));
#16595=CARTESIAN_POINT('',(0.,0.,0.0035));
#16596=CARTESIAN_POINT('',(0.,0.,0.0035));
#16597=CARTESIAN_POINT('',(0.,0.009475,0.0035));
#16598=CARTESIAN_POINT('',(-3.46944695195361E-18,0.01895,0.0035));
#16599=CARTESIAN_POINT('',(-3.46944695195361E-18,0.01895,0.0035));
#16600=CARTESIAN_POINT('',(0.00735,0.,0.0035));
#16601=CARTESIAN_POINT('',(0.00735,0.,0.));
#16602=CARTESIAN_POINT('',(0.0147,0.,0.));
#16603=CARTESIAN_POINT('',(0.0147,0.,0.0035));
#16604=CARTESIAN_POINT('',(0.0147,0.,0.0035));
#16605=CARTESIAN_POINT('',(0.00735,0.,0.0035));
#16606=CARTESIAN_POINT('',(0.0147,0.009475,0.0035));
#16607=CARTESIAN_POINT('',(0.0147,0.02135,0.00275));
#16608=CARTESIAN_POINT('',(0.0147,0.01895,0.0035));
#16609=CARTESIAN_POINT('',(0.0147,0.01895,0.0035));
#16610=CARTESIAN_POINT('',(0.0147,0.009475,0.0035));
#16611=CARTESIAN_POINT('',(0.0147,0.009475,0.));
#16612=CARTESIAN_POINT('',(0.0008,0.009475,0.0035));
#16613=CARTESIAN_POINT('',(0.0008,0.009475,0.001));
#16614=CARTESIAN_POINT('',(0.0008,0.01815,0.001));
#16615=CARTESIAN_POINT('',(0.0008,0.0008,0.001));
#16616=CARTESIAN_POINT('',(0.0008,0.01815,0.0035));
#16617=CARTESIAN_POINT('',(0.0008,0.01815,0.0035));
#16618=CARTESIAN_POINT('',(0.0008,0.009475,0.0035));
#16619=CARTESIAN_POINT('',(0.0008,0.0008,0.0035));
#16620=CARTESIAN_POINT('',(0.0008,0.0008,0.0035));
#16621=CARTESIAN_POINT('',(0.00735,0.01815,0.0035));
#16622=CARTESIAN_POINT('',(0.00735,0.01815,0.001));
#16623=CARTESIAN_POINT('',(0.0139,0.01815,0.001));
#16624=CARTESIAN_POINT('',(0.0139,0.01815,0.0035));
#16625=CARTESIAN_POINT('',(0.0139,0.01815,0.0035));
#16626=CARTESIAN_POINT('',(0.00735,0.01815,0.0035));
#16627=CARTESIAN_POINT('',(0.0139,0.009475,0.0035));
#16628=CARTESIAN_POINT('',(0.0139,0.009475,0.001));
#16629=CARTESIAN_POINT('',(0.0139,0.0008,0.001));
#16630=CARTESIAN_POINT('',(0.0139,0.0008,0.0035));
#16631=CARTESIAN_POINT('',(0.0139,0.0008,0.0035));
#16632=CARTESIAN_POINT('',(0.0139,0.009475,0.0035));
#16633=CARTESIAN_POINT('',(0.00735,0.0008,0.0035));
#16634=CARTESIAN_POINT('',(0.00735,0.0008,0.001));
#16635=CARTESIAN_POINT('',(0.00735,0.0008,0.0035));
#16636=CARTESIAN_POINT('',(0.00735,0.01895,0.0035));
#16637=CARTESIAN_POINT('',(0.00735,0.01895,0.0035));
#16638=CARTESIAN_POINT('',(0.00735,0.010825,0.0035));
#16639=CARTESIAN_POINT('',(0.00735,0.010825,0.));
#16640=CARTESIAN_POINT('',(0.00735,0.02165,0.));
#16641=CARTESIAN_POINT('',(5.E-5,0.02165,0.));
#16642=CARTESIAN_POINT('',(5.E-5,0.021875,0.));
#16643=CARTESIAN_POINT('',(5.E-5,0.0221,0.));
#16644=CARTESIAN_POINT('',(0.259817621135332,0.0221,0.));
#16645=CARTESIAN_POINT('',(0.01465,0.0221,0.));
#16646=CARTESIAN_POINT('',(0.01465,0.021875,0.));
#16647=CARTESIAN_POINT('',(0.00735,0.02165,0.00305));
#16648=CARTESIAN_POINT('',(4.99999999999965E-5,0.02165,0.00305));
#16649=CARTESIAN_POINT('',(5.E-5,0.02165,0.00275));
#16650=CARTESIAN_POINT('',(0.00735,0.02165,0.00275));
#16651=CARTESIAN_POINT('',(0.00735,0.02135,0.00275));
#16652=CARTESIAN_POINT('',(0.00735,0.02135,0.00305));
#16653=CARTESIAN_POINT('',(0.00735,0.02165,0.00275));
#16654=CARTESIAN_POINT('',(0.259817621135332,0.02165,0.00305));
#16655=CARTESIAN_POINT('',(4.99999999999965E-5,0.02165,0.00305));
#16656=CARTESIAN_POINT('',(5.E-5,0.02165,0.0028));
#16657=CARTESIAN_POINT('',(0.01465,0.02165,0.00305));
#16658=CARTESIAN_POINT('',(0.01465,0.02165,0.0028));
#16659=CARTESIAN_POINT('',(0.259817621135332,0.02165,0.0028));
#16660=CARTESIAN_POINT('',(0.01465,0.009475,0.0035));
#16661=CARTESIAN_POINT('',(0.01465,0.0221,0.0014));
#16662=CARTESIAN_POINT('',(0.01465,0.0221,0.0028));
#16663=CARTESIAN_POINT('',(0.01465,0.0214,0.0028));
#16664=CARTESIAN_POINT('',(0.01465,0.0214,0.0035));
#16665=CARTESIAN_POINT('',(0.01465,0.02019,0.0035));
#16666=CARTESIAN_POINT('',(0.01465,0.01898,0.0035));
#16667=CARTESIAN_POINT('',(0.01465,0.01898,0.003275));
#16668=CARTESIAN_POINT('',(0.01465,0.02019,0.00305));
#16669=CARTESIAN_POINT('',(0.01465,0.0214,0.00305));
#16670=CARTESIAN_POINT('',(0.01465,0.0214,0.0028));
#16671=CARTESIAN_POINT('',(5.E-5,0.01105,0.00175));
#16672=CARTESIAN_POINT('',(5.E-5,0.0221,0.0014));
#16673=CARTESIAN_POINT('',(5.E-5,0.0221,0.0028));
#16674=CARTESIAN_POINT('',(5.E-5,0.0214,0.0028));
#16675=CARTESIAN_POINT('',(5.E-5,0.0214,0.00305));
#16676=CARTESIAN_POINT('',(5.E-5,0.02019,0.00305));
#16677=CARTESIAN_POINT('',(5.E-5,0.01898,0.003275));
#16678=CARTESIAN_POINT('',(5.E-5,0.01898,0.0035));
#16679=CARTESIAN_POINT('',(5.E-5,0.02019,0.0035));
#16680=CARTESIAN_POINT('',(5.E-5,0.0214,0.0035));
#16681=CARTESIAN_POINT('',(5.E-5,0.0214,0.0028));
#16682=CARTESIAN_POINT('',(0.259817621135332,0.0214,0.0028));
#16683=CARTESIAN_POINT('',(0.259817621135332,0.0221,0.0028));
#16684=CARTESIAN_POINT('',(0.259817621135332,0.0214,0.0035));
#16685=CARTESIAN_POINT('',(0.259817621135332,0.02019,0.0035));
#16686=CARTESIAN_POINT('',(0.259817621135332,0.01898,0.0035));
#16687=CARTESIAN_POINT('',(0.259817621135332,0.01898,0.003275));
#16688=CARTESIAN_POINT('',(0.259817621135332,0.02019,0.00305));
#16689=CARTESIAN_POINT('',(0.259817621135332,0.0214,0.00305));
#16690=CARTESIAN_POINT('',(0.259817621135332,0.0214,0.0028));
#16691=CARTESIAN_POINT('',(0.259817621135332,0.0221,0.0014));
#16692=CARTESIAN_POINT('',(0.00735,0.010825,0.001));
#16693=CARTESIAN_POINT('',(-0.00202500000000003,0.003575,0.0037));
#16694=CARTESIAN_POINT('',(0.00825756360487256,0.000943133258939026,4.8985871965894E-20));
#16695=CARTESIAN_POINT('',(0.0117,-8.67361737988404E-19,4.8985871965894E-20));
#16696=CARTESIAN_POINT('',(0.0117,-8.67361737988404E-19,-0.0008));
#16697=CARTESIAN_POINT('',(0.00825756360487255,0.000943133258939008,4.8985871965894E-20));
#16698=CARTESIAN_POINT('',(0.00825756360487255,0.000943133258939008,-0.0008));
#16699=CARTESIAN_POINT('',(0.0078347873695468,-0.0006,4.8985871965894E-20));
#16700=CARTESIAN_POINT('',(0.0078347873695468,0.001,4.8985871965894E-20));
#16701=CARTESIAN_POINT('',(0.0078347873695468,0.001,-0.0008));
#16702=CARTESIAN_POINT('',(0.00501323166391089,0.001,4.8985871965894E-20));
#16703=CARTESIAN_POINT('',(0.00501323166391089,0.001,4.8985871965894E-20));
#16704=CARTESIAN_POINT('',(0.00501323166391089,0.001,-0.0008));
#16705=CARTESIAN_POINT('',(0.00501323166391088,-0.0006,4.8985871965894E-20));
#16706=CARTESIAN_POINT('',(0.00469013117807499,0.000967037356304121,4.8985871965894E-20));
#16707=CARTESIAN_POINT('',(0.00469013117807499,0.000967037356304121,-0.0008));
#16708=CARTESIAN_POINT('',(0.00168260355222759,0.000346928567469607,4.8985871965894E-20));
#16709=CARTESIAN_POINT('',(0.0016826035522276,0.000346928567469594,4.8985871965894E-20));
#16710=CARTESIAN_POINT('',(0.0016826035522276,0.000346928567469594,-0.0008));
#16711=CARTESIAN_POINT('',(0.00139989062712119,0.0017180862542357,4.8985871965894E-20));
#16712=CARTESIAN_POINT('',(-2.16840434497101E-19,0.00170058676572169,4.8985871965894E-20));
#16713=CARTESIAN_POINT('',(-2.16840434497101E-19,0.00170058676572169,-0.0008));
#16714=CARTESIAN_POINT('',(-0.000149218765151331,0.0136375042681187,4.8985871965894E-20));
#16715=CARTESIAN_POINT('',(-0.000149218765151331,0.0136375042681187,4.8985871965894E-20));
#16716=CARTESIAN_POINT('',(-0.000149218765151331,0.0136375042681187,-0.0008));
#16717=CARTESIAN_POINT('',(0.00985,0.0137625006146474,4.8985871965894E-20));
#16718=CARTESIAN_POINT('',(-0.000149039959070117,0.0137031278474423,-0.000886711392038522));
#16719=CARTESIAN_POINT('',(-0.000777017203840989,0.0137031198369258,-0.000626869782443277));
#16720=CARTESIAN_POINT('',(-0.00103624095562989,0.0137031168454095,3.16332478281778E-7));
#16721=CARTESIAN_POINT('',(-0.000777039369602969,0.0137031198369927,0.000626394824989316));
#16722=CARTESIAN_POINT('',(-0.000150244064625058,0.0137031278312062,0.000886685134368315));
#16723=CARTESIAN_POINT('',(0.000476975900014595,0.0137031371629403,0.000626864179373161));
#16724=CARTESIAN_POINT('',(0.000736614498613333,0.0137031415082662,9.29562320418344E-7));
#16725=CARTESIAN_POINT('',(0.000477713216800889,0.0137031371749871,-0.000626283388934638));
#16726=CARTESIAN_POINT('',(-0.000149039959070117,0.0137031278474423,-0.000886711392038522));
#16727=CARTESIAN_POINT('',(-0.000777017203840989,0.0137031198369258,-0.000626869782443277));
#16728=CARTESIAN_POINT('',(-0.00103624095562989,0.0137031168454095,3.16332478281778E-7));
#16729=CARTESIAN_POINT('',(-0.000715558288343983,0.0137031206734258,-0.000565645698222207));
#16730=CARTESIAN_POINT('',(0.0117,-1.7347234759768E-18,0.));
#16731=CARTESIAN_POINT('',(0.0002,0.0205,0.));
#16732=CARTESIAN_POINT('',(-0.00015,0.0205,0.));
#16733=CARTESIAN_POINT('',(-0.00015,0.0205,-0.0007));
#16734=CARTESIAN_POINT('',(-0.00015,0.0153,0.));
#16735=CARTESIAN_POINT('',(-0.00015,0.0153,0.));
#16736=CARTESIAN_POINT('',(-0.00015,0.0153,-0.0023));
#16737=CARTESIAN_POINT('',(-0.00015,0.0171,0.));
#16738=CARTESIAN_POINT('',(-0.00015,0.0189,0.));
#16739=CARTESIAN_POINT('',(-0.00015,0.0189,-0.0023));
#16740=CARTESIAN_POINT('',(-0.00015,0.0189,0.));
#16741=CARTESIAN_POINT('',(-0.00108823166391088,0.025475,0.0057));
#16742=CARTESIAN_POINT('',(0.00735,0.031275,0.0033));
#16743=CARTESIAN_POINT('',(0.00735,0.031275,0.));
#16744=CARTESIAN_POINT('',(0.00835,0.031275,0.));
#16745=CARTESIAN_POINT('',(0.00735,0.031275,0.0023));
#16746=CARTESIAN_POINT('',(0.00835,0.031275,0.0023));
#16747=CARTESIAN_POINT('',(0.00735,0.001975,0.0033));
#16748=CARTESIAN_POINT('',(0.00735,0.001975,0.));
#16749=CARTESIAN_POINT('',(0.00835,0.001975,0.));
#16750=CARTESIAN_POINT('',(0.00735,0.001975,0.0023));
#16751=CARTESIAN_POINT('',(0.00835,0.001975,0.0023));
#16752=CARTESIAN_POINT('',(0.01266,0.00775,0.0033));
#16753=CARTESIAN_POINT('',(0.01266,0.00775,0.));
#16754=CARTESIAN_POINT('',(0.01266,0.0084,0.));
#16755=CARTESIAN_POINT('',(0.01266,0.0071,0.));
#16756=CARTESIAN_POINT('',(0.01266,0.0071,-0.00114));
#16757=CARTESIAN_POINT('',(0.01266,0.0071,0.0014));
#16758=CARTESIAN_POINT('',(0.01266,0.00775,0.0014));
#16759=CARTESIAN_POINT('',(0.01266,0.0084,0.0014));
#16760=CARTESIAN_POINT('',(0.01266,0.0084,-0.00114));
#16761=CARTESIAN_POINT('',(0.00966,0.00775,0.0033));
#16762=CARTESIAN_POINT('',(0.00966,0.0071,-0.00114));
#16763=CARTESIAN_POINT('',(0.00966,0.0071,0.));
#16764=CARTESIAN_POINT('',(0.00966,0.0071,0.0014));
#16765=CARTESIAN_POINT('',(0.00966,0.00775,0.));
#16766=CARTESIAN_POINT('',(0.00966,0.0084,0.));
#16767=CARTESIAN_POINT('',(0.00966,0.0084,-0.00114));
#16768=CARTESIAN_POINT('',(0.00966,0.0084,0.0014));
#16769=CARTESIAN_POINT('',(0.00966,0.00775,0.0014));
#16770=CARTESIAN_POINT('',(0.01266,0.01029,0.0033));
#16771=CARTESIAN_POINT('',(0.01266,0.01029,0.));
#16772=CARTESIAN_POINT('',(0.01266,0.01094,0.));
#16773=CARTESIAN_POINT('',(0.01266,0.00964,0.));
#16774=CARTESIAN_POINT('',(0.01266,0.00964,-0.00114));
#16775=CARTESIAN_POINT('',(0.01266,0.00964,0.0014));
#16776=CARTESIAN_POINT('',(0.01266,0.00775,0.0014));
#16777=CARTESIAN_POINT('',(0.01266,0.01094,0.0014));
#16778=CARTESIAN_POINT('',(0.01266,0.01094,-0.00114));
#16779=CARTESIAN_POINT('',(0.00966,0.01029,0.0033));
#16780=CARTESIAN_POINT('',(0.00966,0.00964,-0.00114));
#16781=CARTESIAN_POINT('',(0.00966,0.00964,0.));
#16782=CARTESIAN_POINT('',(0.00966,0.00964,0.0014));
#16783=CARTESIAN_POINT('',(0.00966,0.01029,0.));
#16784=CARTESIAN_POINT('',(0.00966,0.01094,0.));
#16785=CARTESIAN_POINT('',(0.00966,0.01094,-0.00114));
#16786=CARTESIAN_POINT('',(0.00966,0.01094,0.0014));
#16787=CARTESIAN_POINT('',(0.00966,0.00775,0.0014));
#16788=CARTESIAN_POINT('',(0.01266,0.01283,0.0033));
#16789=CARTESIAN_POINT('',(0.01266,0.01283,0.));
#16790=CARTESIAN_POINT('',(0.01266,0.01348,0.));
#16791=CARTESIAN_POINT('',(0.01266,0.01218,0.));
#16792=CARTESIAN_POINT('',(0.01266,0.01218,-0.00114));
#16793=CARTESIAN_POINT('',(0.01266,0.01218,0.0014));
#16794=CARTESIAN_POINT('',(0.01266,0.00775,0.0014));
#16795=CARTESIAN_POINT('',(0.01266,0.01348,0.0014));
#16796=CARTESIAN_POINT('',(0.01266,0.01348,-0.00114));
#16797=CARTESIAN_POINT('',(0.00966,0.01283,0.0033));
#16798=CARTESIAN_POINT('',(0.00966,0.01218,-0.00114));
#16799=CARTESIAN_POINT('',(0.00966,0.01218,0.));
#16800=CARTESIAN_POINT('',(0.00966,0.01218,0.0014));
#16801=CARTESIAN_POINT('',(0.00966,0.01283,0.));
#16802=CARTESIAN_POINT('',(0.00966,0.01348,0.));
#16803=CARTESIAN_POINT('',(0.00966,0.01348,-0.00114));
#16804=CARTESIAN_POINT('',(0.00966,0.01348,0.0014));
#16805=CARTESIAN_POINT('',(0.00966,0.00775,0.0014));
#16806=CARTESIAN_POINT('',(0.01266,0.01537,0.0033));
#16807=CARTESIAN_POINT('',(0.01266,0.01537,0.));
#16808=CARTESIAN_POINT('',(0.01266,0.01602,0.));
#16809=CARTESIAN_POINT('',(0.01266,0.01472,0.));
#16810=CARTESIAN_POINT('',(0.01266,0.01472,-0.00114));
#16811=CARTESIAN_POINT('',(0.01266,0.01472,0.0014));
#16812=CARTESIAN_POINT('',(0.01266,0.00775,0.0014));
#16813=CARTESIAN_POINT('',(0.01266,0.01602,0.0014));
#16814=CARTESIAN_POINT('',(0.01266,0.01602,-0.00114));
#16815=CARTESIAN_POINT('',(0.00966,0.01537,0.0033));
#16816=CARTESIAN_POINT('',(0.00966,0.01472,-0.00114));
#16817=CARTESIAN_POINT('',(0.00966,0.01472,0.));
#16818=CARTESIAN_POINT('',(0.00966,0.01472,0.0014));
#16819=CARTESIAN_POINT('',(0.00966,0.01537,0.));
#16820=CARTESIAN_POINT('',(0.00966,0.01602,0.));
#16821=CARTESIAN_POINT('',(0.00966,0.01602,-0.00114));
#16822=CARTESIAN_POINT('',(0.00966,0.01602,0.0014));
#16823=CARTESIAN_POINT('',(0.00966,0.00775,0.0014));
#16824=CARTESIAN_POINT('',(0.01266,0.01791,0.0033));
#16825=CARTESIAN_POINT('',(0.01266,0.01791,0.));
#16826=CARTESIAN_POINT('',(0.01266,0.01856,0.));
#16827=CARTESIAN_POINT('',(0.01266,0.01726,0.));
#16828=CARTESIAN_POINT('',(0.01266,0.01726,-0.00114));
#16829=CARTESIAN_POINT('',(0.01266,0.01726,0.0014));
#16830=CARTESIAN_POINT('',(0.01266,0.00775,0.0014));
#16831=CARTESIAN_POINT('',(0.01266,0.01856,0.0014));
#16832=CARTESIAN_POINT('',(0.01266,0.01856,-0.00114));
#16833=CARTESIAN_POINT('',(0.00966,0.01791,0.0033));
#16834=CARTESIAN_POINT('',(0.00966,0.01726,-0.00114));
#16835=CARTESIAN_POINT('',(0.00966,0.01726,0.));
#16836=CARTESIAN_POINT('',(0.00966,0.01726,0.0014));
#16837=CARTESIAN_POINT('',(0.00966,0.01791,0.));
#16838=CARTESIAN_POINT('',(0.00966,0.01856,0.));
#16839=CARTESIAN_POINT('',(0.00966,0.01856,-0.00114));
#16840=CARTESIAN_POINT('',(0.00966,0.01856,0.0014));
#16841=CARTESIAN_POINT('',(0.00966,0.00775,0.0014));
#16842=CARTESIAN_POINT('',(0.01266,0.02045,0.0033));
#16843=CARTESIAN_POINT('',(0.01266,0.02045,0.));
#16844=CARTESIAN_POINT('',(0.01266,0.0211,0.));
#16845=CARTESIAN_POINT('',(0.01266,0.0198,0.));
#16846=CARTESIAN_POINT('',(0.01266,0.0198,-0.00114));
#16847=CARTESIAN_POINT('',(0.01266,0.0198,0.0014));
#16848=CARTESIAN_POINT('',(0.01266,0.00775,0.0014));
#16849=CARTESIAN_POINT('',(0.01266,0.0211,0.0014));
#16850=CARTESIAN_POINT('',(0.01266,0.0211,-0.00114));
#16851=CARTESIAN_POINT('',(0.00966,0.02045,0.0033));
#16852=CARTESIAN_POINT('',(0.00966,0.0198,-0.00114));
#16853=CARTESIAN_POINT('',(0.00966,0.0198,0.));
#16854=CARTESIAN_POINT('',(0.00966,0.0198,0.0014));
#16855=CARTESIAN_POINT('',(0.00966,0.02045,0.));
#16856=CARTESIAN_POINT('',(0.00966,0.0211,0.));
#16857=CARTESIAN_POINT('',(0.00966,0.0211,-0.00114));
#16858=CARTESIAN_POINT('',(0.00966,0.0211,0.0014));
#16859=CARTESIAN_POINT('',(0.00966,0.00775,0.0014));
#16860=CARTESIAN_POINT('',(0.01266,0.02299,0.0033));
#16861=CARTESIAN_POINT('',(0.01266,0.02299,0.));
#16862=CARTESIAN_POINT('',(0.01266,0.02364,0.));
#16863=CARTESIAN_POINT('',(0.01266,0.02234,0.));
#16864=CARTESIAN_POINT('',(0.01266,0.02234,-0.00114));
#16865=CARTESIAN_POINT('',(0.01266,0.02234,0.0014));
#16866=CARTESIAN_POINT('',(0.01266,0.00775,0.0014));
#16867=CARTESIAN_POINT('',(0.01266,0.02364,0.0014));
#16868=CARTESIAN_POINT('',(0.01266,0.02364,-0.00114));
#16869=CARTESIAN_POINT('',(0.00966,0.02299,0.0033));
#16870=CARTESIAN_POINT('',(0.00966,0.02234,-0.00114));
#16871=CARTESIAN_POINT('',(0.00966,0.02234,0.));
#16872=CARTESIAN_POINT('',(0.00966,0.02234,0.0014));
#16873=CARTESIAN_POINT('',(0.00966,0.02299,0.));
#16874=CARTESIAN_POINT('',(0.00966,0.02364,0.));
#16875=CARTESIAN_POINT('',(0.00966,0.02364,-0.00114));
#16876=CARTESIAN_POINT('',(0.00966,0.02364,0.0014));
#16877=CARTESIAN_POINT('',(0.00966,0.00775,0.0014));
#16878=CARTESIAN_POINT('',(0.00504,0.00775,0.0033));
#16879=CARTESIAN_POINT('',(0.00504,0.00775,0.));
#16880=CARTESIAN_POINT('',(0.00504,0.0084,0.));
#16881=CARTESIAN_POINT('',(0.00504,0.0071,0.));
#16882=CARTESIAN_POINT('',(0.00504,0.0071,-0.00114));
#16883=CARTESIAN_POINT('',(0.00504,0.0071,0.0014));
#16884=CARTESIAN_POINT('',(0.00504,0.00775,0.0014));
#16885=CARTESIAN_POINT('',(0.00504,0.0084,0.0014));
#16886=CARTESIAN_POINT('',(0.00504,0.0084,-0.00114));
#16887=CARTESIAN_POINT('',(0.00204,0.00775,0.0033));
#16888=CARTESIAN_POINT('',(0.00204,0.0071,-0.00114));
#16889=CARTESIAN_POINT('',(0.00204,0.0071,0.));
#16890=CARTESIAN_POINT('',(0.00204,0.0071,0.0014));
#16891=CARTESIAN_POINT('',(0.00204,0.00775,0.));
#16892=CARTESIAN_POINT('',(0.00204,0.0084,0.));
#16893=CARTESIAN_POINT('',(0.00204,0.0084,-0.00114));
#16894=CARTESIAN_POINT('',(0.00204,0.0084,0.0014));
#16895=CARTESIAN_POINT('',(0.00204,0.00775,0.0014));
#16896=CARTESIAN_POINT('',(0.00504,0.01029,0.0033));
#16897=CARTESIAN_POINT('',(0.00504,0.01029,0.));
#16898=CARTESIAN_POINT('',(0.00504,0.01094,0.));
#16899=CARTESIAN_POINT('',(0.00504,0.00964,0.));
#16900=CARTESIAN_POINT('',(0.00504,0.00964,-0.00114));
#16901=CARTESIAN_POINT('',(0.00504,0.00964,0.0014));
#16902=CARTESIAN_POINT('',(0.00504,0.00775,0.0014));
#16903=CARTESIAN_POINT('',(0.00504,0.01094,0.0014));
#16904=CARTESIAN_POINT('',(0.00504,0.01094,-0.00114));
#16905=CARTESIAN_POINT('',(0.00204,0.01029,0.0033));
#16906=CARTESIAN_POINT('',(0.00204,0.00964,-0.00114));
#16907=CARTESIAN_POINT('',(0.00204,0.00964,0.));
#16908=CARTESIAN_POINT('',(0.00204,0.00964,0.0014));
#16909=CARTESIAN_POINT('',(0.00204,0.01029,0.));
#16910=CARTESIAN_POINT('',(0.00204,0.01094,0.));
#16911=CARTESIAN_POINT('',(0.00204,0.01094,-0.00114));
#16912=CARTESIAN_POINT('',(0.00204,0.01094,0.0014));
#16913=CARTESIAN_POINT('',(0.00204,0.00775,0.0014));
#16914=CARTESIAN_POINT('',(0.00504,0.01283,0.0033));
#16915=CARTESIAN_POINT('',(0.00504,0.01283,0.));
#16916=CARTESIAN_POINT('',(0.00504,0.01348,0.));
#16917=CARTESIAN_POINT('',(0.00504,0.01218,0.));
#16918=CARTESIAN_POINT('',(0.00504,0.01218,-0.00114));
#16919=CARTESIAN_POINT('',(0.00504,0.01218,0.0014));
#16920=CARTESIAN_POINT('',(0.00504,0.00775,0.0014));
#16921=CARTESIAN_POINT('',(0.00504,0.01348,0.0014));
#16922=CARTESIAN_POINT('',(0.00504,0.01348,-0.00114));
#16923=CARTESIAN_POINT('',(0.00204,0.01283,0.0033));
#16924=CARTESIAN_POINT('',(0.00204,0.01218,-0.00114));
#16925=CARTESIAN_POINT('',(0.00204,0.01218,0.));
#16926=CARTESIAN_POINT('',(0.00204,0.01218,0.0014));
#16927=CARTESIAN_POINT('',(0.00204,0.01283,0.));
#16928=CARTESIAN_POINT('',(0.00204,0.01348,0.));
#16929=CARTESIAN_POINT('',(0.00204,0.01348,-0.00114));
#16930=CARTESIAN_POINT('',(0.00204,0.01348,0.0014));
#16931=CARTESIAN_POINT('',(0.00204,0.00775,0.0014));
#16932=CARTESIAN_POINT('',(0.00504,0.01537,0.0033));
#16933=CARTESIAN_POINT('',(0.00504,0.01537,0.));
#16934=CARTESIAN_POINT('',(0.00504,0.01602,0.));
#16935=CARTESIAN_POINT('',(0.00504,0.01472,0.));
#16936=CARTESIAN_POINT('',(0.00504,0.01472,-0.00114));
#16937=CARTESIAN_POINT('',(0.00504,0.01472,0.0014));
#16938=CARTESIAN_POINT('',(0.00504,0.00775,0.0014));
#16939=CARTESIAN_POINT('',(0.00504,0.01602,0.0014));
#16940=CARTESIAN_POINT('',(0.00504,0.01602,-0.00114));
#16941=CARTESIAN_POINT('',(0.00204,0.01537,0.0033));
#16942=CARTESIAN_POINT('',(0.00204,0.01472,-0.00114));
#16943=CARTESIAN_POINT('',(0.00204,0.01472,0.));
#16944=CARTESIAN_POINT('',(0.00204,0.01472,0.0014));
#16945=CARTESIAN_POINT('',(0.00204,0.01537,0.));
#16946=CARTESIAN_POINT('',(0.00204,0.01602,0.));
#16947=CARTESIAN_POINT('',(0.00204,0.01602,-0.00114));
#16948=CARTESIAN_POINT('',(0.00204,0.01602,0.0014));
#16949=CARTESIAN_POINT('',(0.00204,0.00775,0.0014));
#16950=CARTESIAN_POINT('',(0.00504,0.01791,0.0033));
#16951=CARTESIAN_POINT('',(0.00504,0.01791,0.));
#16952=CARTESIAN_POINT('',(0.00504,0.01856,0.));
#16953=CARTESIAN_POINT('',(0.00504,0.01726,0.));
#16954=CARTESIAN_POINT('',(0.00504,0.01726,-0.00114));
#16955=CARTESIAN_POINT('',(0.00504,0.01726,0.0014));
#16956=CARTESIAN_POINT('',(0.00504,0.00775,0.0014));
#16957=CARTESIAN_POINT('',(0.00504,0.01856,0.0014));
#16958=CARTESIAN_POINT('',(0.00504,0.01856,-0.00114));
#16959=CARTESIAN_POINT('',(0.00204,0.01791,0.0033));
#16960=CARTESIAN_POINT('',(0.00204,0.01726,-0.00114));
#16961=CARTESIAN_POINT('',(0.00204,0.01726,0.));
#16962=CARTESIAN_POINT('',(0.00204,0.01726,0.0014));
#16963=CARTESIAN_POINT('',(0.00204,0.01791,0.));
#16964=CARTESIAN_POINT('',(0.00204,0.01856,0.));
#16965=CARTESIAN_POINT('',(0.00204,0.01856,-0.00114));
#16966=CARTESIAN_POINT('',(0.00204,0.01856,0.0014));
#16967=CARTESIAN_POINT('',(0.00204,0.00775,0.0014));
#16968=CARTESIAN_POINT('',(0.00504,0.02045,0.0033));
#16969=CARTESIAN_POINT('',(0.00504,0.02045,0.));
#16970=CARTESIAN_POINT('',(0.00504,0.0211,0.));
#16971=CARTESIAN_POINT('',(0.00504,0.0198,0.));
#16972=CARTESIAN_POINT('',(0.00504,0.0198,-0.00114));
#16973=CARTESIAN_POINT('',(0.00504,0.0198,0.0014));
#16974=CARTESIAN_POINT('',(0.00504,0.00775,0.0014));
#16975=CARTESIAN_POINT('',(0.00504,0.0211,0.0014));
#16976=CARTESIAN_POINT('',(0.00504,0.0211,-0.00114));
#16977=CARTESIAN_POINT('',(0.00204,0.02045,0.0033));
#16978=CARTESIAN_POINT('',(0.00204,0.0198,-0.00114));
#16979=CARTESIAN_POINT('',(0.00204,0.0198,0.));
#16980=CARTESIAN_POINT('',(0.00204,0.0198,0.0014));
#16981=CARTESIAN_POINT('',(0.00204,0.02045,0.));
#16982=CARTESIAN_POINT('',(0.00204,0.0211,0.));
#16983=CARTESIAN_POINT('',(0.00204,0.0211,-0.00114));
#16984=CARTESIAN_POINT('',(0.00204,0.0211,0.0014));
#16985=CARTESIAN_POINT('',(0.00204,0.00775,0.0014));
#16986=CARTESIAN_POINT('',(0.00504,0.02299,0.0033));
#16987=CARTESIAN_POINT('',(0.00504,0.02299,0.));
#16988=CARTESIAN_POINT('',(0.00504,0.02364,0.));
#16989=CARTESIAN_POINT('',(0.00504,0.02234,0.));
#16990=CARTESIAN_POINT('',(0.00504,0.02234,-0.00114));
#16991=CARTESIAN_POINT('',(0.00504,0.02234,0.0014));
#16992=CARTESIAN_POINT('',(0.00504,0.00775,0.0014));
#16993=CARTESIAN_POINT('',(0.00504,0.02364,0.0014));
#16994=CARTESIAN_POINT('',(0.00504,0.02364,-0.00114));
#16995=CARTESIAN_POINT('',(0.00204,0.02299,0.0033));
#16996=CARTESIAN_POINT('',(0.00204,0.02234,-0.00114));
#16997=CARTESIAN_POINT('',(0.00204,0.02234,0.));
#16998=CARTESIAN_POINT('',(0.00204,0.02234,0.0014));
#16999=CARTESIAN_POINT('',(0.00204,0.02299,0.));
#17000=CARTESIAN_POINT('',(0.00204,0.02364,0.));
#17001=CARTESIAN_POINT('',(0.00204,0.02364,-0.00114));
#17002=CARTESIAN_POINT('',(0.00204,0.02364,0.0014));
#17003=CARTESIAN_POINT('',(0.00204,0.00775,0.0014));
#17004=CARTESIAN_POINT('',(0.00735,0.016625,-0.0009));
#17005=CARTESIAN_POINT('',(0.00685,0.02835,-0.0009));
#17006=CARTESIAN_POINT('',(0.00685,0.02835,-0.0009));
#17007=CARTESIAN_POINT('',(0.00585,0.02835,-0.0009));
#17008=CARTESIAN_POINT('',(0.00685,0.02845,-0.0009));
#17009=CARTESIAN_POINT('',(0.00685,0.02855,-0.0009));
#17010=CARTESIAN_POINT('',(0.00685,0.02855,-0.0009));
#17011=CARTESIAN_POINT('',(0.00585,0.02855,-0.0009));
#17012=CARTESIAN_POINT('',(0.00585,0.02845,-0.0009));
#17013=CARTESIAN_POINT('',(0.00585,0.02925,-0.0009));
#17014=CARTESIAN_POINT('',(0.00735,0.02925,-0.0009));
#17015=CARTESIAN_POINT('',(0.00885,0.02925,-0.0009));
#17016=CARTESIAN_POINT('',(0.00885,0.02845,-0.0009));
#17017=CARTESIAN_POINT('',(0.00885,0.02765,-0.0009));
#17018=CARTESIAN_POINT('',(0.00735,0.02765,-0.0009));
#17019=CARTESIAN_POINT('',(0.00585,0.02765,-0.0009));
#17020=CARTESIAN_POINT('',(0.00585,0.02845,-0.0009));
#17021=CARTESIAN_POINT('',(0.01266,0.00775,0.0014));
#17022=CARTESIAN_POINT('',(0.013063857467173,0.00775,0.0033));
#17023=CARTESIAN_POINT('',(0.013063857467173,0.00599614253282696,0.0033));
#17024=CARTESIAN_POINT('',(0.013063857467173,0.01642,0.0033));
#17025=CARTESIAN_POINT('',(0.013021346154839,0.01642,0.0031));
#17026=CARTESIAN_POINT('',(0.013021346154839,0.01622,0.0031));
#17027=CARTESIAN_POINT('',(0.0119623093138609,0.01622,-0.00188237660911288));
#17028=CARTESIAN_POINT('',(0.01266,0.01622,0.0014));
#17029=CARTESIAN_POINT('',(0.01266,0.00775,0.0014));
#17030=CARTESIAN_POINT('',(0.01266,0.00775,0.0014));
#17031=CARTESIAN_POINT('',(0.01266,0.01452,0.0014));
#17032=CARTESIAN_POINT('',(0.01266,0.00775,0.0014));
#17033=CARTESIAN_POINT('',(0.01266,0.01368,0.0014));
#17034=CARTESIAN_POINT('',(0.01266,0.00775,0.0014));
#17035=CARTESIAN_POINT('',(0.01266,0.00775,0.0014));
#17036=CARTESIAN_POINT('',(0.01266,0.01198,0.0014));
#17037=CARTESIAN_POINT('',(0.01266,0.00775,0.0014));
#17038=CARTESIAN_POINT('',(0.01266,0.01114,0.0014));
#17039=CARTESIAN_POINT('',(0.01266,0.00775,0.0014));
#17040=CARTESIAN_POINT('',(0.01266,0.00775,0.0014));
#17041=CARTESIAN_POINT('',(0.01266,0.00944,0.0014));
#17042=CARTESIAN_POINT('',(0.01266,0.00775,0.0014));
#17043=CARTESIAN_POINT('',(0.01266,0.0086,0.0014));
#17044=CARTESIAN_POINT('',(0.01266,0.00775,0.0014));
#17045=CARTESIAN_POINT('',(0.01266,0.00775,0.0014));
#17046=CARTESIAN_POINT('',(0.01266,0.0069,0.0014));
#17047=CARTESIAN_POINT('',(0.01266,0.00775,0.0014));
#17048=CARTESIAN_POINT('',(0.01266,0.0064,0.0014));
#17049=CARTESIAN_POINT('',(0.0126040612628681,0.00645593873713185,0.00113682893300329));
#17050=CARTESIAN_POINT('',(0.00966,0.00775,0.0014));
#17051=CARTESIAN_POINT('',(0.0100282988797574,0.01622,-0.000332709998994084));
#17052=CARTESIAN_POINT('',(0.00929865384516096,0.01622,0.0031));
#17053=CARTESIAN_POINT('',(0.00966,0.01622,0.0014));
#17054=CARTESIAN_POINT('',(0.00929865384516096,0.01642,0.0031));
#17055=CARTESIAN_POINT('',(0.00925614253282696,0.01642,0.0033));
#17056=CARTESIAN_POINT('',(0.00925614253282696,0.00775,0.0033));
#17057=CARTESIAN_POINT('',(0.00925614253282696,0.00599614253282696,0.0033));
#17058=CARTESIAN_POINT('',(0.00971593873713185,0.00645593873713185,0.00113682893300329));
#17059=CARTESIAN_POINT('',(0.00966,0.0064,0.0014));
#17060=CARTESIAN_POINT('',(0.00966,0.00775,0.0014));
#17061=CARTESIAN_POINT('',(0.00966,0.0069,0.0014));
#17062=CARTESIAN_POINT('',(0.00966,0.00775,0.0014));
#17063=CARTESIAN_POINT('',(0.00966,0.00775,0.0014));
#17064=CARTESIAN_POINT('',(0.00966,0.0086,0.0014));
#17065=CARTESIAN_POINT('',(0.00966,0.00775,0.0014));
#17066=CARTESIAN_POINT('',(0.00966,0.00944,0.0014));
#17067=CARTESIAN_POINT('',(0.00966,0.00775,0.0014));
#17068=CARTESIAN_POINT('',(0.00966,0.00775,0.0014));
#17069=CARTESIAN_POINT('',(0.00966,0.01114,0.0014));
#17070=CARTESIAN_POINT('',(0.00966,0.00775,0.0014));
#17071=CARTESIAN_POINT('',(0.00966,0.01198,0.0014));
#17072=CARTESIAN_POINT('',(0.00966,0.00775,0.0014));
#17073=CARTESIAN_POINT('',(0.00966,0.00775,0.0014));
#17074=CARTESIAN_POINT('',(0.00966,0.01368,0.0014));
#17075=CARTESIAN_POINT('',(0.00966,0.00775,0.0014));
#17076=CARTESIAN_POINT('',(0.00966,0.01452,0.0014));
#17077=CARTESIAN_POINT('',(0.00966,0.00775,0.0014));
#17078=CARTESIAN_POINT('',(0.00966,0.00775,0.0014));
#17079=CARTESIAN_POINT('',(0.00504,0.00775,0.0014));
#17080=CARTESIAN_POINT('',(0.00544385746717304,0.00775,0.0033));
#17081=CARTESIAN_POINT('',(0.00544385746717304,0.00599614253282696,0.0033));
#17082=CARTESIAN_POINT('',(0.00544385746717304,0.01642,0.0033));
#17083=CARTESIAN_POINT('',(0.00540134615483904,0.01642,0.0031));
#17084=CARTESIAN_POINT('',(0.00540134615483904,0.01622,0.0031));
#17085=CARTESIAN_POINT('',(0.00467170112024255,0.01622,-0.000332709998994085));
#17086=CARTESIAN_POINT('',(0.00504,0.01622,0.0014));
#17087=CARTESIAN_POINT('',(0.00504,0.00775,0.0014));
#17088=CARTESIAN_POINT('',(0.00504,0.00775,0.0014));
#17089=CARTESIAN_POINT('',(0.00504,0.01452,0.0014));
#17090=CARTESIAN_POINT('',(0.00504,0.00775,0.0014));
#17091=CARTESIAN_POINT('',(0.00504,0.01368,0.0014));
#17092=CARTESIAN_POINT('',(0.00504,0.00775,0.0014));
#17093=CARTESIAN_POINT('',(0.00504,0.00775,0.0014));
#17094=CARTESIAN_POINT('',(0.00504,0.01198,0.0014));
#17095=CARTESIAN_POINT('',(0.00504,0.00775,0.0014));
#17096=CARTESIAN_POINT('',(0.00504,0.01114,0.0014));
#17097=CARTESIAN_POINT('',(0.00504,0.00775,0.0014));
#17098=CARTESIAN_POINT('',(0.00504,0.00775,0.0014));
#17099=CARTESIAN_POINT('',(0.00504,0.00944,0.0014));
#17100=CARTESIAN_POINT('',(0.00504,0.00775,0.0014));
#17101=CARTESIAN_POINT('',(0.00504,0.0086,0.0014));
#17102=CARTESIAN_POINT('',(0.00504,0.00775,0.0014));
#17103=CARTESIAN_POINT('',(0.00504,0.00775,0.0014));
#17104=CARTESIAN_POINT('',(0.00504,0.0069,0.0014));
#17105=CARTESIAN_POINT('',(0.00504,0.00775,0.0014));
#17106=CARTESIAN_POINT('',(0.00504,0.0064,0.0014));
#17107=CARTESIAN_POINT('',(0.00498406126286815,0.00645593873713185,0.00113682893300329));
#17108=CARTESIAN_POINT('',(0.00204,0.00775,0.0014));
#17109=CARTESIAN_POINT('',(0.00273769068613914,0.01622,-0.00188237660911288));
#17110=CARTESIAN_POINT('',(0.00167865384516097,0.01622,0.0031));
#17111=CARTESIAN_POINT('',(0.00204,0.01622,0.0014));
#17112=CARTESIAN_POINT('',(0.00167865384516097,0.01642,0.0031));
#17113=CARTESIAN_POINT('',(0.00163614253282696,0.01642,0.0033));
#17114=CARTESIAN_POINT('',(0.00163614253282696,0.00775,0.0033));
#17115=CARTESIAN_POINT('',(0.00163614253282696,0.00599614253282696,0.0033));
#17116=CARTESIAN_POINT('',(0.00209593873713186,0.00645593873713185,0.00113682893300329));
#17117=CARTESIAN_POINT('',(0.00204,0.0064,0.0014));
#17118=CARTESIAN_POINT('',(0.00204,0.00775,0.0014));
#17119=CARTESIAN_POINT('',(0.00204,0.0069,0.0014));
#17120=CARTESIAN_POINT('',(0.00204,0.00775,0.0014));
#17121=CARTESIAN_POINT('',(0.00204,0.00775,0.0014));
#17122=CARTESIAN_POINT('',(0.00204,0.0086,0.0014));
#17123=CARTESIAN_POINT('',(0.00204,0.00775,0.0014));
#17124=CARTESIAN_POINT('',(0.00204,0.00944,0.0014));
#17125=CARTESIAN_POINT('',(0.00204,0.00775,0.0014));
#17126=CARTESIAN_POINT('',(0.00204,0.00775,0.0014));
#17127=CARTESIAN_POINT('',(0.00204,0.01114,0.0014));
#17128=CARTESIAN_POINT('',(0.00204,0.00775,0.0014));
#17129=CARTESIAN_POINT('',(0.00204,0.01198,0.0014));
#17130=CARTESIAN_POINT('',(0.00204,0.00775,0.0014));
#17131=CARTESIAN_POINT('',(0.00204,0.00775,0.0014));
#17132=CARTESIAN_POINT('',(0.00204,0.01368,0.0014));
#17133=CARTESIAN_POINT('',(0.00204,0.00775,0.0014));
#17134=CARTESIAN_POINT('',(0.00204,0.01452,0.0014));
#17135=CARTESIAN_POINT('',(0.00204,0.00775,0.0014));
#17136=CARTESIAN_POINT('',(0.00204,0.00775,0.0014));
#17137=CARTESIAN_POINT('',(0.00354,0.01622,0.0033));
#17138=CARTESIAN_POINT('',(0.00204,0.01622,-0.00114));
#17139=CARTESIAN_POINT('',(0.00204,0.01622,0.00141));
#17140=CARTESIAN_POINT('',(0.00354,0.01622,0.00141));
#17141=CARTESIAN_POINT('',(0.00504,0.01622,0.00141));
#17142=CARTESIAN_POINT('',(0.00504,0.01622,-0.00114));
#17143=CARTESIAN_POINT('',(0.00163614253282696,0.01622,0.0031));
#17144=CARTESIAN_POINT('',(0.01116,0.01622,0.0033));
#17145=CARTESIAN_POINT('',(0.00966,0.01622,-0.00114));
#17146=CARTESIAN_POINT('',(0.00966,0.01622,0.00141));
#17147=CARTESIAN_POINT('',(0.01116,0.01622,0.00141));
#17148=CARTESIAN_POINT('',(0.01266,0.01622,0.00141));
#17149=CARTESIAN_POINT('',(0.01266,0.01622,-0.00114));
#17150=CARTESIAN_POINT('',(0.00925614253282696,0.01622,0.0031));
#17151=CARTESIAN_POINT('',(0.00735,0.016625,0.0033));
#17152=CARTESIAN_POINT('',(0.00735,0.031275,0.0033));
#17153=CARTESIAN_POINT('',(0.00875,0.031275,0.0033));
#17154=CARTESIAN_POINT('',(0.00735,0.001975,0.0033));
#17155=CARTESIAN_POINT('',(0.00875,0.001975,0.0033));
#17156=CARTESIAN_POINT('',(0.013063857467173,0.00775,0.0033));
#17157=CARTESIAN_POINT('',(0.013063857467173,0.01677,0.0033));
#17158=CARTESIAN_POINT('',(0.013063857467173,0.0246038574671731,0.0033));
#17159=CARTESIAN_POINT('',(0.00925614253282696,0.01677,0.0033));
#17160=CARTESIAN_POINT('',(0.00925614253282696,0.01677,0.0033));
#17161=CARTESIAN_POINT('',(0.00925614253282696,0.00775,0.0033));
#17162=CARTESIAN_POINT('',(0.00925614253282696,0.0246038574671731,0.0033));
#17163=CARTESIAN_POINT('',(0.00966,0.0246038574671731,0.0033));
#17164=CARTESIAN_POINT('',(0.00544385746717304,0.00775,0.0033));
#17165=CARTESIAN_POINT('',(0.00544385746717304,0.01677,0.0033));
#17166=CARTESIAN_POINT('',(0.00544385746717304,0.0246038574671731,0.0033));
#17167=CARTESIAN_POINT('',(0.00163614253282696,0.01677,0.0033));
#17168=CARTESIAN_POINT('',(0.00163614253282696,0.01677,0.0033));
#17169=CARTESIAN_POINT('',(0.00163614253282696,0.00775,0.0033));
#17170=CARTESIAN_POINT('',(0.00163614253282696,0.0246038574671731,0.0033));
#17171=CARTESIAN_POINT('',(0.00204,0.0246038574671731,0.0033));
#17172=CARTESIAN_POINT('',(0.013063857467173,0.01642,0.0033));
#17173=CARTESIAN_POINT('',(0.00966,0.00599614253282696,0.0033));
#17174=CARTESIAN_POINT('',(0.00735,0.,0.0033));
#17175=CARTESIAN_POINT('',(0.001,0.,0.0033));
#17176=CARTESIAN_POINT('',(0.0137,0.,0.0033));
#17177=CARTESIAN_POINT('',(0.0137,0.001,0.0033));
#17178=CARTESIAN_POINT('',(0.0147,0.001,0.0033));
#17179=CARTESIAN_POINT('',(0.0147,0.03125,0.0033));
#17180=CARTESIAN_POINT('',(0.0147,0.03225,0.0033));
#17181=CARTESIAN_POINT('',(0.0137,0.03225,0.0033));
#17182=CARTESIAN_POINT('',(0.0137,0.03325,0.0033));
#17183=CARTESIAN_POINT('',(0.008325,0.03325,0.0033));
#17184=CARTESIAN_POINT('',(0.00295,0.03325,0.0033));
#17185=CARTESIAN_POINT('',(0.00295,0.03225,0.0033));
#17186=CARTESIAN_POINT('',(0.00195,0.03225,0.0033));
#17187=CARTESIAN_POINT('',(0.00195,0.03125,0.0033));
#17188=CARTESIAN_POINT('',(0.00195,0.02725,0.0033));
#17189=CARTESIAN_POINT('',(0.000975,0.02725,0.0033));
#17190=CARTESIAN_POINT('',(0.001,0.02725,0.0033));
#17191=CARTESIAN_POINT('',(0.001,0.02625,0.0033));
#17192=CARTESIAN_POINT('',(0.,0.02625,0.0033));
#17193=CARTESIAN_POINT('',(0.,0.015575,0.0033));
#17194=CARTESIAN_POINT('',(0.,0.001,0.0033));
#17195=CARTESIAN_POINT('',(0.001,0.001,0.0033));
#17196=CARTESIAN_POINT('',(0.00544385746717304,0.01642,0.0033));
#17197=CARTESIAN_POINT('',(0.00204,0.00599614253282696,0.0033));
#17198=CARTESIAN_POINT('',(0.00735,0.016625,0.));
#17199=CARTESIAN_POINT('',(0.00504,0.00775,0.));
#17200=CARTESIAN_POINT('',(0.00504,0.0086,0.));
#17201=CARTESIAN_POINT('',(0.00354,0.0086,0.));
#17202=CARTESIAN_POINT('',(0.00204,0.0086,0.));
#17203=CARTESIAN_POINT('',(0.00204,0.00775,0.));
#17204=CARTESIAN_POINT('',(0.00204,0.00775,0.));
#17205=CARTESIAN_POINT('',(0.00204,0.0069,0.));
#17206=CARTESIAN_POINT('',(0.00354,0.0069,0.));
#17207=CARTESIAN_POINT('',(0.00504,0.0069,0.));
#17208=CARTESIAN_POINT('',(0.00504,0.00775,0.));
#17209=CARTESIAN_POINT('',(0.00504,0.01029,0.));
#17210=CARTESIAN_POINT('',(0.00504,0.01114,0.));
#17211=CARTESIAN_POINT('',(0.00354,0.01114,0.));
#17212=CARTESIAN_POINT('',(0.00204,0.01114,0.));
#17213=CARTESIAN_POINT('',(0.00204,0.01029,0.));
#17214=CARTESIAN_POINT('',(0.00204,0.01029,0.));
#17215=CARTESIAN_POINT('',(0.00204,0.00944,0.));
#17216=CARTESIAN_POINT('',(0.00354,0.00944,0.));
#17217=CARTESIAN_POINT('',(0.00504,0.00944,0.));
#17218=CARTESIAN_POINT('',(0.00504,0.01029,0.));
#17219=CARTESIAN_POINT('',(0.00504,0.01283,0.));
#17220=CARTESIAN_POINT('',(0.00504,0.01368,0.));
#17221=CARTESIAN_POINT('',(0.00354,0.01368,0.));
#17222=CARTESIAN_POINT('',(0.00204,0.01368,0.));
#17223=CARTESIAN_POINT('',(0.00204,0.01283,0.));
#17224=CARTESIAN_POINT('',(0.00204,0.01283,0.));
#17225=CARTESIAN_POINT('',(0.00204,0.01198,0.));
#17226=CARTESIAN_POINT('',(0.00354,0.01198,0.));
#17227=CARTESIAN_POINT('',(0.00504,0.01198,0.));
#17228=CARTESIAN_POINT('',(0.00504,0.01283,0.));
#17229=CARTESIAN_POINT('',(0.00354,0.02214,0.));
#17230=CARTESIAN_POINT('',(0.00204,0.02214,0.));
#17231=CARTESIAN_POINT('',(0.00504,0.02214,0.));
#17232=CARTESIAN_POINT('',(0.00504,0.02299,0.));
#17233=CARTESIAN_POINT('',(0.00504,0.02299,0.));
#17234=CARTESIAN_POINT('',(0.00504,0.02384,0.));
#17235=CARTESIAN_POINT('',(0.00354,0.02384,0.));
#17236=CARTESIAN_POINT('',(0.00204,0.02384,0.));
#17237=CARTESIAN_POINT('',(0.00204,0.02299,0.));
#17238=CARTESIAN_POINT('',(0.00204,0.02299,0.));
#17239=CARTESIAN_POINT('',(0.00354,0.0196,0.));
#17240=CARTESIAN_POINT('',(0.00204,0.0196,0.));
#17241=CARTESIAN_POINT('',(0.00504,0.0196,0.));
#17242=CARTESIAN_POINT('',(0.00504,0.02045,0.));
#17243=CARTESIAN_POINT('',(0.00504,0.02045,0.));
#17244=CARTESIAN_POINT('',(0.00504,0.0213,0.));
#17245=CARTESIAN_POINT('',(0.00354,0.0213,0.));
#17246=CARTESIAN_POINT('',(0.00204,0.0213,0.));
#17247=CARTESIAN_POINT('',(0.00204,0.02045,0.));
#17248=CARTESIAN_POINT('',(0.00204,0.02045,0.));
#17249=CARTESIAN_POINT('',(0.00354,0.01706,0.));
#17250=CARTESIAN_POINT('',(0.00204,0.01706,0.));
#17251=CARTESIAN_POINT('',(0.00504,0.01706,0.));
#17252=CARTESIAN_POINT('',(0.00504,0.01791,0.));
#17253=CARTESIAN_POINT('',(0.00504,0.01791,0.));
#17254=CARTESIAN_POINT('',(0.00504,0.01876,0.));
#17255=CARTESIAN_POINT('',(0.00354,0.01876,0.));
#17256=CARTESIAN_POINT('',(0.00204,0.01876,0.));
#17257=CARTESIAN_POINT('',(0.00204,0.01791,0.));
#17258=CARTESIAN_POINT('',(0.00204,0.01791,0.));
#17259=CARTESIAN_POINT('',(0.00354,0.01452,0.));
#17260=CARTESIAN_POINT('',(0.00204,0.01452,0.));
#17261=CARTESIAN_POINT('',(0.00504,0.01452,0.));
#17262=CARTESIAN_POINT('',(0.00504,0.01537,0.));
#17263=CARTESIAN_POINT('',(0.00504,0.01537,0.));
#17264=CARTESIAN_POINT('',(0.00504,0.01622,0.));
#17265=CARTESIAN_POINT('',(0.00354,0.01622,0.));
#17266=CARTESIAN_POINT('',(0.00204,0.01622,0.));
#17267=CARTESIAN_POINT('',(0.00204,0.01537,0.));
#17268=CARTESIAN_POINT('',(0.00204,0.01537,0.));
#17269=CARTESIAN_POINT('',(0.01266,0.00775,0.));
#17270=CARTESIAN_POINT('',(0.01266,0.0086,0.));
#17271=CARTESIAN_POINT('',(0.01116,0.0086,0.));
#17272=CARTESIAN_POINT('',(0.00966,0.0086,0.));
#17273=CARTESIAN_POINT('',(0.00966,0.00775,0.));
#17274=CARTESIAN_POINT('',(0.00966,0.00775,0.));
#17275=CARTESIAN_POINT('',(0.00966,0.0069,0.));
#17276=CARTESIAN_POINT('',(0.01116,0.0069,0.));
#17277=CARTESIAN_POINT('',(0.01266,0.0069,0.));
#17278=CARTESIAN_POINT('',(0.01266,0.00775,0.));
#17279=CARTESIAN_POINT('',(0.01116,0.02214,0.));
#17280=CARTESIAN_POINT('',(0.00966,0.02214,0.));
#17281=CARTESIAN_POINT('',(0.01266,0.02214,0.));
#17282=CARTESIAN_POINT('',(0.01266,0.02299,0.));
#17283=CARTESIAN_POINT('',(0.01266,0.02299,0.));
#17284=CARTESIAN_POINT('',(0.01266,0.02384,0.));
#17285=CARTESIAN_POINT('',(0.01116,0.02384,0.));
#17286=CARTESIAN_POINT('',(0.00966,0.02384,0.));
#17287=CARTESIAN_POINT('',(0.00966,0.02299,0.));
#17288=CARTESIAN_POINT('',(0.00966,0.02299,0.));
#17289=CARTESIAN_POINT('',(0.01116,0.0196,0.));
#17290=CARTESIAN_POINT('',(0.00966,0.0196,0.));
#17291=CARTESIAN_POINT('',(0.01266,0.0196,0.));
#17292=CARTESIAN_POINT('',(0.01266,0.02045,0.));
#17293=CARTESIAN_POINT('',(0.01266,0.02045,0.));
#17294=CARTESIAN_POINT('',(0.01266,0.0213,0.));
#17295=CARTESIAN_POINT('',(0.01116,0.0213,0.));
#17296=CARTESIAN_POINT('',(0.00966,0.0213,0.));
#17297=CARTESIAN_POINT('',(0.00966,0.02045,0.));
#17298=CARTESIAN_POINT('',(0.00966,0.02045,0.));
#17299=CARTESIAN_POINT('',(0.01116,0.01706,0.));
#17300=CARTESIAN_POINT('',(0.00966,0.01706,0.));
#17301=CARTESIAN_POINT('',(0.01266,0.01706,0.));
#17302=CARTESIAN_POINT('',(0.01266,0.01791,0.));
#17303=CARTESIAN_POINT('',(0.01266,0.01791,0.));
#17304=CARTESIAN_POINT('',(0.01266,0.01876,0.));
#17305=CARTESIAN_POINT('',(0.01116,0.01876,0.));
#17306=CARTESIAN_POINT('',(0.00966,0.01876,0.));
#17307=CARTESIAN_POINT('',(0.00966,0.01791,0.));
#17308=CARTESIAN_POINT('',(0.00966,0.01791,0.));
#17309=CARTESIAN_POINT('',(0.01116,0.01452,0.));
#17310=CARTESIAN_POINT('',(0.00966,0.01452,0.));
#17311=CARTESIAN_POINT('',(0.01266,0.01452,0.));
#17312=CARTESIAN_POINT('',(0.01266,0.01537,0.));
#17313=CARTESIAN_POINT('',(0.01266,0.01537,0.));
#17314=CARTESIAN_POINT('',(0.01266,0.01622,0.));
#17315=CARTESIAN_POINT('',(0.01116,0.01622,0.));
#17316=CARTESIAN_POINT('',(0.00966,0.01622,0.));
#17317=CARTESIAN_POINT('',(0.00966,0.01537,0.));
#17318=CARTESIAN_POINT('',(0.00966,0.01537,0.));
#17319=CARTESIAN_POINT('',(0.01116,0.01198,0.));
#17320=CARTESIAN_POINT('',(0.00966,0.01198,0.));
#17321=CARTESIAN_POINT('',(0.01266,0.01198,0.));
#17322=CARTESIAN_POINT('',(0.01266,0.01283,0.));
#17323=CARTESIAN_POINT('',(0.01266,0.01283,0.));
#17324=CARTESIAN_POINT('',(0.01266,0.01368,0.));
#17325=CARTESIAN_POINT('',(0.01116,0.01368,0.));
#17326=CARTESIAN_POINT('',(0.00966,0.01368,0.));
#17327=CARTESIAN_POINT('',(0.00966,0.01283,0.));
#17328=CARTESIAN_POINT('',(0.00966,0.01283,0.));
#17329=CARTESIAN_POINT('',(0.01116,0.00944,0.));
#17330=CARTESIAN_POINT('',(0.00966,0.00944,0.));
#17331=CARTESIAN_POINT('',(0.01266,0.00944,0.));
#17332=CARTESIAN_POINT('',(0.01266,0.01029,0.));
#17333=CARTESIAN_POINT('',(0.01266,0.01029,0.));
#17334=CARTESIAN_POINT('',(0.01266,0.01114,0.));
#17335=CARTESIAN_POINT('',(0.01116,0.01114,0.));
#17336=CARTESIAN_POINT('',(0.00966,0.01114,0.));
#17337=CARTESIAN_POINT('',(0.00966,0.01029,0.));
#17338=CARTESIAN_POINT('',(0.00966,0.01029,0.));
#17339=CARTESIAN_POINT('',(0.0147,0.03125,0.));
#17340=CARTESIAN_POINT('',(0.0147,0.001,0.));
#17341=CARTESIAN_POINT('',(0.0147,0.03225,0.));
#17342=CARTESIAN_POINT('',(0.0137,0.001,0.));
#17343=CARTESIAN_POINT('',(0.0137,0.,0.));
#17344=CARTESIAN_POINT('',(0.00735,0.,0.));
#17345=CARTESIAN_POINT('',(0.001,0.,0.));
#17346=CARTESIAN_POINT('',(0.001,0.001,0.));
#17347=CARTESIAN_POINT('',(0.,0.001,0.));
#17348=CARTESIAN_POINT('',(0.,0.015575,0.));
#17349=CARTESIAN_POINT('',(0.,0.02625,0.));
#17350=CARTESIAN_POINT('',(0.001,0.02625,0.));
#17351=CARTESIAN_POINT('',(0.001,0.02725,0.));
#17352=CARTESIAN_POINT('',(0.000975,0.02725,0.));
#17353=CARTESIAN_POINT('',(0.00195,0.02725,0.));
#17354=CARTESIAN_POINT('',(0.00195,0.03125,0.));
#17355=CARTESIAN_POINT('',(0.00195,0.03225,0.));
#17356=CARTESIAN_POINT('',(0.00295,0.03225,0.));
#17357=CARTESIAN_POINT('',(0.00295,0.03325,0.));
#17358=CARTESIAN_POINT('',(0.008325,0.03325,0.));
#17359=CARTESIAN_POINT('',(0.0137,0.03325,0.));
#17360=CARTESIAN_POINT('',(0.0137,0.03225,0.));
#17361=CARTESIAN_POINT('',(0.00735,0.02925,0.));
#17362=CARTESIAN_POINT('',(0.00585,0.02925,0.));
#17363=CARTESIAN_POINT('',(0.00885,0.02925,0.));
#17364=CARTESIAN_POINT('',(0.00585,0.02845,0.));
#17365=CARTESIAN_POINT('',(0.00585,0.02765,0.));
#17366=CARTESIAN_POINT('',(0.00735,0.02765,0.));
#17367=CARTESIAN_POINT('',(0.00885,0.02765,0.));
#17368=CARTESIAN_POINT('',(0.00885,0.02845,0.));
#17369=CARTESIAN_POINT('',(0.008325,0.03325,0.0033));
#17370=CARTESIAN_POINT('',(0.0137,0.03325,0.));
#17371=CARTESIAN_POINT('',(0.00295,0.03325,0.0033));
#17372=CARTESIAN_POINT('',(0.00195,0.03125,0.0033));
#17373=CARTESIAN_POINT('',(0.00195,0.03225,0.));
#17374=CARTESIAN_POINT('',(0.00195,0.02725,0.0033));
#17375=CARTESIAN_POINT('',(0.000975,0.02725,0.0033));
#17376=CARTESIAN_POINT('',(0.001,0.02725,0.0033));
#17377=CARTESIAN_POINT('',(0.,0.015575,0.0033));
#17378=CARTESIAN_POINT('',(0.,0.001,0.0033));
#17379=CARTESIAN_POINT('',(0.,0.02625,0.));
#17380=CARTESIAN_POINT('',(0.00735,0.,0.0033));
#17381=CARTESIAN_POINT('',(0.0137,0.,0.0033));
#17382=CARTESIAN_POINT('',(0.001,0.,0.));
#17383=CARTESIAN_POINT('',(0.0147,0.03125,0.0033));
#17384=CARTESIAN_POINT('',(0.0147,0.001,0.0033));
#17385=CARTESIAN_POINT('',(0.0147,0.03225,0.0033));
#17386=CARTESIAN_POINT('',(0.0137,0.001,0.0033));
#17387=CARTESIAN_POINT('',(0.001,0.001,0.0033));
#17388=CARTESIAN_POINT('',(0.0137,0.03225,0.0033));
#17389=CARTESIAN_POINT('',(0.00295,0.03225,0.0033));
#17390=CARTESIAN_POINT('',(0.001,0.02625,0.0033));
#17391=CARTESIAN_POINT('',(0.00735,0.02925,-0.0009));
#17392=CARTESIAN_POINT('',(0.00885,0.02925,-0.0009));
#17393=CARTESIAN_POINT('',(0.00585,0.02925,-0.0009));
#17394=CARTESIAN_POINT('',(0.00585,0.02845,-0.0009));
#17395=CARTESIAN_POINT('',(0.00585,0.02855,-0.0013));
#17396=CARTESIAN_POINT('',(0.00585,0.02855,-0.0017));
#17397=CARTESIAN_POINT('',(0.00585,0.02845,-0.0017));
#17398=CARTESIAN_POINT('',(0.00585,0.02835,-0.0017));
#17399=CARTESIAN_POINT('',(0.00585,0.02835,-0.0013));
#17400=CARTESIAN_POINT('',(0.00585,0.02765,-0.0009));
#17401=CARTESIAN_POINT('',(0.00735,0.02765,-0.0009));
#17402=CARTESIAN_POINT('',(0.00885,0.02765,-0.0009));
#17403=CARTESIAN_POINT('',(0.00885,0.02845,-0.0009));
#17404=CARTESIAN_POINT('',(0.00735,0.016625,0.0014));
#17405=CARTESIAN_POINT('',(0.01116,0.02384,0.0014));
#17406=CARTESIAN_POINT('',(0.00966,0.02384,0.0014));
#17407=CARTESIAN_POINT('',(0.01266,0.02384,0.0014));
#17408=CARTESIAN_POINT('',(0.01266,0.00775,0.0014));
#17409=CARTESIAN_POINT('',(0.01266,0.0242,0.0014));
#17410=CARTESIAN_POINT('',(0.00966,0.0242,0.0014));
#17411=CARTESIAN_POINT('',(0.00966,0.0242,0.0014));
#17412=CARTESIAN_POINT('',(0.00966,0.00775,0.0014));
#17413=CARTESIAN_POINT('',(0.00735,0.016625,0.0014));
#17414=CARTESIAN_POINT('',(0.00966,0.00775,0.0014));
#17415=CARTESIAN_POINT('',(0.00966,0.0213,0.0014));
#17416=CARTESIAN_POINT('',(0.00966,0.02214,0.0014));
#17417=CARTESIAN_POINT('',(0.01116,0.0213,0.0014));
#17418=CARTESIAN_POINT('',(0.01266,0.0213,0.0014));
#17419=CARTESIAN_POINT('',(0.01266,0.00775,0.0014));
#17420=CARTESIAN_POINT('',(0.01266,0.02214,0.0014));
#17421=CARTESIAN_POINT('',(0.01116,0.02214,0.0014));
#17422=CARTESIAN_POINT('',(0.00735,0.016625,0.0014));
#17423=CARTESIAN_POINT('',(0.00966,0.00775,0.0014));
#17424=CARTESIAN_POINT('',(0.00966,0.01876,0.0014));
#17425=CARTESIAN_POINT('',(0.00966,0.0196,0.0014));
#17426=CARTESIAN_POINT('',(0.01116,0.01876,0.0014));
#17427=CARTESIAN_POINT('',(0.01266,0.01876,0.0014));
#17428=CARTESIAN_POINT('',(0.01266,0.00775,0.0014));
#17429=CARTESIAN_POINT('',(0.01266,0.0196,0.0014));
#17430=CARTESIAN_POINT('',(0.01116,0.0196,0.0014));
#17431=CARTESIAN_POINT('',(0.00735,0.016625,0.0014));
#17432=CARTESIAN_POINT('',(0.00735,0.01697,0.0014));
#17433=CARTESIAN_POINT('',(0.01266,0.01697,0.0014));
#17434=CARTESIAN_POINT('',(0.00966,0.01697,0.0014));
#17435=CARTESIAN_POINT('',(0.01266,0.00775,0.0014));
#17436=CARTESIAN_POINT('',(0.01266,0.01706,0.0014));
#17437=CARTESIAN_POINT('',(0.01116,0.01706,0.0014));
#17438=CARTESIAN_POINT('',(0.00966,0.01706,0.0014));
#17439=CARTESIAN_POINT('',(0.00966,0.00775,0.0014));
#17440=CARTESIAN_POINT('',(0.00735,0.016625,0.0014));
#17441=CARTESIAN_POINT('',(0.01116,0.01368,0.0014));
#17442=CARTESIAN_POINT('',(0.01116,0.01452,0.0014));
#17443=CARTESIAN_POINT('',(0.00735,0.016625,0.0014));
#17444=CARTESIAN_POINT('',(0.01116,0.01114,0.0014));
#17445=CARTESIAN_POINT('',(0.01116,0.01198,0.0014));
#17446=CARTESIAN_POINT('',(0.00735,0.016625,0.0014));
#17447=CARTESIAN_POINT('',(0.01116,0.0086,0.0014));
#17448=CARTESIAN_POINT('',(0.01116,0.00944,0.0014));
#17449=CARTESIAN_POINT('',(0.00966,0.0064,0.0014));
#17450=CARTESIAN_POINT('',(0.00966,0.0064,0.0014));
#17451=CARTESIAN_POINT('',(0.00735,0.016625,0.0014));
#17452=CARTESIAN_POINT('',(0.01116,0.0069,0.0014));
#17453=CARTESIAN_POINT('',(0.01266,0.00775,0.0014));
#17454=CARTESIAN_POINT('',(0.0119623093138609,0.01697,-0.00188237660911288));
#17455=CARTESIAN_POINT('',(0.013021346154839,0.01697,0.0031));
#17456=CARTESIAN_POINT('',(0.013021346154839,0.01677,0.0031));
#17457=CARTESIAN_POINT('',(0.011978376129023,0.023518376129023,-0.0018067881867377));
#17458=CARTESIAN_POINT('',(0.01266,0.00775,0.0014));
#17459=CARTESIAN_POINT('',(0.01266,0.00775,0.0014));
#17460=CARTESIAN_POINT('',(0.01266,0.00775,0.0014));
#17461=CARTESIAN_POINT('',(0.01266,0.00775,0.0014));
#17462=CARTESIAN_POINT('',(0.01266,0.00775,0.0014));
#17463=CARTESIAN_POINT('',(0.01266,0.00775,0.0014));
#17464=CARTESIAN_POINT('',(0.00966,0.00775,0.0014));
#17465=CARTESIAN_POINT('',(0.00929865384516096,0.01677,0.0031));
#17466=CARTESIAN_POINT('',(0.00929865384516096,0.01697,0.0031));
#17467=CARTESIAN_POINT('',(0.0100282988797574,0.01697,-0.000332709998994084));
#17468=CARTESIAN_POINT('',(0.00966,0.00775,0.0014));
#17469=CARTESIAN_POINT('',(0.00966,0.00775,0.0014));
#17470=CARTESIAN_POINT('',(0.00966,0.00775,0.0014));
#17471=CARTESIAN_POINT('',(0.00966,0.00775,0.0014));
#17472=CARTESIAN_POINT('',(0.00966,0.00775,0.0014));
#17473=CARTESIAN_POINT('',(0.00966,0.00775,0.0014));
#17474=CARTESIAN_POINT('',(0.010341623870977,0.023518376129023,-0.0018067881867377));
#17475=CARTESIAN_POINT('',(0.00966,0.0242,0.0014));
#17476=CARTESIAN_POINT('',(0.00735,0.016625,0.0014));
#17477=CARTESIAN_POINT('',(0.00354,0.02384,0.0014));
#17478=CARTESIAN_POINT('',(0.00204,0.02384,0.0014));
#17479=CARTESIAN_POINT('',(0.00504,0.02384,0.0014));
#17480=CARTESIAN_POINT('',(0.00504,0.00775,0.0014));
#17481=CARTESIAN_POINT('',(0.00504,0.0242,0.0014));
#17482=CARTESIAN_POINT('',(0.00204,0.0242,0.0014));
#17483=CARTESIAN_POINT('',(0.00204,0.0242,0.0014));
#17484=CARTESIAN_POINT('',(0.00204,0.00775,0.0014));
#17485=CARTESIAN_POINT('',(0.00735,0.016625,0.0014));
#17486=CARTESIAN_POINT('',(0.00204,0.00775,0.0014));
#17487=CARTESIAN_POINT('',(0.00204,0.0213,0.0014));
#17488=CARTESIAN_POINT('',(0.00204,0.02214,0.0014));
#17489=CARTESIAN_POINT('',(0.00354,0.0213,0.0014));
#17490=CARTESIAN_POINT('',(0.00504,0.0213,0.0014));
#17491=CARTESIAN_POINT('',(0.00504,0.00775,0.0014));
#17492=CARTESIAN_POINT('',(0.00504,0.02214,0.0014));
#17493=CARTESIAN_POINT('',(0.00354,0.02214,0.0014));
#17494=CARTESIAN_POINT('',(0.00735,0.016625,0.0014));
#17495=CARTESIAN_POINT('',(0.00204,0.00775,0.0014));
#17496=CARTESIAN_POINT('',(0.00204,0.01876,0.0014));
#17497=CARTESIAN_POINT('',(0.00204,0.0196,0.0014));
#17498=CARTESIAN_POINT('',(0.00354,0.01876,0.0014));
#17499=CARTESIAN_POINT('',(0.00504,0.01876,0.0014));
#17500=CARTESIAN_POINT('',(0.00504,0.00775,0.0014));
#17501=CARTESIAN_POINT('',(0.00504,0.0196,0.0014));
#17502=CARTESIAN_POINT('',(0.00354,0.0196,0.0014));
#17503=CARTESIAN_POINT('',(0.00735,0.016625,0.0014));
#17504=CARTESIAN_POINT('',(0.00735,0.01697,0.0014));
#17505=CARTESIAN_POINT('',(0.00504,0.01697,0.0014));
#17506=CARTESIAN_POINT('',(0.00204,0.01697,0.0014));
#17507=CARTESIAN_POINT('',(0.00504,0.00775,0.0014));
#17508=CARTESIAN_POINT('',(0.00504,0.01706,0.0014));
#17509=CARTESIAN_POINT('',(0.00354,0.01706,0.0014));
#17510=CARTESIAN_POINT('',(0.00204,0.01706,0.0014));
#17511=CARTESIAN_POINT('',(0.00204,0.00775,0.0014));
#17512=CARTESIAN_POINT('',(0.00735,0.016625,0.0014));
#17513=CARTESIAN_POINT('',(0.00354,0.0086,0.0014));
#17514=CARTESIAN_POINT('',(0.00354,0.00944,0.0014));
#17515=CARTESIAN_POINT('',(0.00735,0.016625,0.0014));
#17516=CARTESIAN_POINT('',(0.00354,0.01114,0.0014));
#17517=CARTESIAN_POINT('',(0.00354,0.01198,0.0014));
#17518=CARTESIAN_POINT('',(0.00735,0.016625,0.0014));
#17519=CARTESIAN_POINT('',(0.00354,0.01368,0.0014));
#17520=CARTESIAN_POINT('',(0.00354,0.01452,0.0014));
#17521=CARTESIAN_POINT('',(0.00504,0.00775,0.0014));
#17522=CARTESIAN_POINT('',(0.00467170112024255,0.01697,-0.000332709998994085));
#17523=CARTESIAN_POINT('',(0.00540134615483904,0.01697,0.0031));
#17524=CARTESIAN_POINT('',(0.00540134615483904,0.01677,0.0031));
#17525=CARTESIAN_POINT('',(0.004358376129023,0.023518376129023,-0.0018067881867377));
#17526=CARTESIAN_POINT('',(0.00504,0.00775,0.0014));
#17527=CARTESIAN_POINT('',(0.00504,0.00775,0.0014));
#17528=CARTESIAN_POINT('',(0.00504,0.00775,0.0014));
#17529=CARTESIAN_POINT('',(0.00504,0.00775,0.0014));
#17530=CARTESIAN_POINT('',(0.00504,0.00775,0.0014));
#17531=CARTESIAN_POINT('',(0.00504,0.00775,0.0014));
#17532=CARTESIAN_POINT('',(0.00735,0.016625,0.0014));
#17533=CARTESIAN_POINT('',(0.00204,0.0064,0.0014));
#17534=CARTESIAN_POINT('',(0.00354,0.0069,0.0014));
#17535=CARTESIAN_POINT('',(0.00204,0.0242,0.0014));
#17536=CARTESIAN_POINT('',(0.00272162387097701,0.023518376129023,-0.0018067881867377));
#17537=CARTESIAN_POINT('',(0.00204,0.0064,0.0014));
#17538=CARTESIAN_POINT('',(0.00204,0.00775,0.0014));
#17539=CARTESIAN_POINT('',(0.00167865384516097,0.01677,0.0031));
#17540=CARTESIAN_POINT('',(0.00167865384516097,0.01697,0.0031));
#17541=CARTESIAN_POINT('',(0.00273769068613914,0.01697,-0.00188237660911288));
#17542=CARTESIAN_POINT('',(0.00204,0.00775,0.0014));
#17543=CARTESIAN_POINT('',(0.00204,0.00775,0.0014));
#17544=CARTESIAN_POINT('',(0.00204,0.00775,0.0014));
#17545=CARTESIAN_POINT('',(0.00204,0.00775,0.0014));
#17546=CARTESIAN_POINT('',(0.00204,0.00775,0.0014));
#17547=CARTESIAN_POINT('',(0.00204,0.00775,0.0014));
#17548=CARTESIAN_POINT('',(0.00735,0.01697,-0.000902));
#17549=CARTESIAN_POINT('',(0.00544385746717304,0.01697,0.0031));
#17550=CARTESIAN_POINT('',(0.00735,0.01697,-0.000902));
#17551=CARTESIAN_POINT('',(0.013063857467173,0.01697,0.0031));
#17552=CARTESIAN_POINT('',(0.00735,0.01677,0.0031));
#17553=CARTESIAN_POINT('',(0.00735,0.01642,0.0031));
#17554=CARTESIAN_POINT('',(0.00735,0.01642,0.0031));
#17555=CARTESIAN_POINT('',(0.00735,0.01677,0.0031));
#17556=CARTESIAN_POINT('',(0.00685,0.02835,-0.0013));
#17557=CARTESIAN_POINT('',(0.00685,0.02835,-0.0017));
#17558=CARTESIAN_POINT('',(0.00685,0.02835,-0.0017));
#17559=CARTESIAN_POINT('',(0.00685,0.02835,-0.0013));
#17560=CARTESIAN_POINT('',(0.00685,0.02855,-0.0013));
#17561=CARTESIAN_POINT('',(0.00685,0.02855,-0.0013));
#17562=CARTESIAN_POINT('',(0.00685,0.02855,-0.0017));
#17563=CARTESIAN_POINT('',(0.00685,0.02855,-0.0017));
#17564=CARTESIAN_POINT('',(0.00685,0.02845,-0.0017));
#17565=CARTESIAN_POINT('',(0.00685,0.02845,-0.0017));
#17566=CARTESIAN_POINT('',(0.00685,0.02845,-0.00085));
#17567=CARTESIAN_POINT('',(0.00354,0.02384,-0.00114));
#17568=CARTESIAN_POINT('',(0.00204,0.02384,-0.00114));
#17569=CARTESIAN_POINT('',(0.00204,0.02384,-0.00114));
#17570=CARTESIAN_POINT('',(0.00504,0.02384,-0.00114));
#17571=CARTESIAN_POINT('',(0.00504,0.02384,-0.00114));
#17572=CARTESIAN_POINT('',(0.00354,0.02384,-0.00114));
#17573=CARTESIAN_POINT('',(0.00204,0.02374,-0.00114));
#17574=CARTESIAN_POINT('',(0.00204,0.02364,-0.00114));
#17575=CARTESIAN_POINT('',(0.00204,0.02364,0.00141));
#17576=CARTESIAN_POINT('',(0.00204,0.02374,0.00141));
#17577=CARTESIAN_POINT('',(0.00204,0.02384,0.00141));
#17578=CARTESIAN_POINT('',(0.00204,0.02384,-0.00114));
#17579=CARTESIAN_POINT('',(0.00204,0.02374,-0.00114));
#17580=CARTESIAN_POINT('',(0.00204,0.02374,-0.00114));
#17581=CARTESIAN_POINT('',(0.00204,0.02364,-0.00114));
#17582=CARTESIAN_POINT('',(0.00204,0.02364,-0.00114));
#17583=CARTESIAN_POINT('',(0.00504,0.02374,-0.00114));
#17584=CARTESIAN_POINT('',(0.00504,0.02364,-0.00114));
#17585=CARTESIAN_POINT('',(0.00504,0.02364,0.00141));
#17586=CARTESIAN_POINT('',(0.00504,0.02384,-0.00114));
#17587=CARTESIAN_POINT('',(0.00504,0.02384,0.00141));
#17588=CARTESIAN_POINT('',(0.00504,0.02374,0.00141));
#17589=CARTESIAN_POINT('',(0.00504,0.02374,-0.00114));
#17590=CARTESIAN_POINT('',(0.00504,0.02364,-0.00114));
#17591=CARTESIAN_POINT('',(0.00504,0.02364,-0.00114));
#17592=CARTESIAN_POINT('',(0.00504,0.02374,-0.00114));
#17593=CARTESIAN_POINT('',(0.00354,0.02384,-0.00114));
#17594=CARTESIAN_POINT('',(0.00354,0.02384,0.00141));
#17595=CARTESIAN_POINT('',(0.00354,0.02364,-0.00114));
#17596=CARTESIAN_POINT('',(0.00354,0.02364,0.00141));
#17597=CARTESIAN_POINT('',(0.00354,0.02364,-0.00114));
#17598=CARTESIAN_POINT('',(0.00735,0.01555,-0.00114));
#17599=CARTESIAN_POINT('',(0.00735,0.01555,0.00141));
#17600=CARTESIAN_POINT('',(0.00204,0.02224,-0.00114));
#17601=CARTESIAN_POINT('',(0.00204,0.02214,-0.00114));
#17602=CARTESIAN_POINT('',(0.00204,0.02214,-0.00114));
#17603=CARTESIAN_POINT('',(0.00204,0.02234,-0.00114));
#17604=CARTESIAN_POINT('',(0.00204,0.02234,-0.00114));
#17605=CARTESIAN_POINT('',(0.00204,0.02224,-0.00114));
#17606=CARTESIAN_POINT('',(0.00354,0.02214,-0.00114));
#17607=CARTESIAN_POINT('',(0.00354,0.02214,-0.00114));
#17608=CARTESIAN_POINT('',(0.00504,0.02214,-0.00114));
#17609=CARTESIAN_POINT('',(0.00504,0.02214,-0.00114));
#17610=CARTESIAN_POINT('',(0.00504,0.02224,-0.00114));
#17611=CARTESIAN_POINT('',(0.00504,0.02224,-0.00114));
#17612=CARTESIAN_POINT('',(0.00504,0.02234,-0.00114));
#17613=CARTESIAN_POINT('',(0.00504,0.02234,-0.00114));
#17614=CARTESIAN_POINT('',(0.00204,0.02224,-0.00114));
#17615=CARTESIAN_POINT('',(0.00204,0.02214,-0.00114));
#17616=CARTESIAN_POINT('',(0.00204,0.02214,0.00141));
#17617=CARTESIAN_POINT('',(0.00204,0.02224,0.00141));
#17618=CARTESIAN_POINT('',(0.00204,0.02234,0.00141));
#17619=CARTESIAN_POINT('',(0.00204,0.02234,-0.00114));
#17620=CARTESIAN_POINT('',(0.00354,0.02214,-0.00114));
#17621=CARTESIAN_POINT('',(0.00504,0.02214,-0.00114));
#17622=CARTESIAN_POINT('',(0.00504,0.02214,0.00141));
#17623=CARTESIAN_POINT('',(0.00354,0.02214,0.00141));
#17624=CARTESIAN_POINT('',(0.00504,0.02224,-0.00114));
#17625=CARTESIAN_POINT('',(0.00504,0.02234,-0.00114));
#17626=CARTESIAN_POINT('',(0.00504,0.02234,0.00141));
#17627=CARTESIAN_POINT('',(0.00504,0.02224,0.00141));
#17628=CARTESIAN_POINT('',(0.00354,0.02234,-0.00114));
#17629=CARTESIAN_POINT('',(0.00354,0.02234,0.00141));
#17630=CARTESIAN_POINT('',(0.00354,0.02234,-0.00114));
#17631=CARTESIAN_POINT('',(0.00735,0.01555,-0.00114));
#17632=CARTESIAN_POINT('',(0.00735,0.01555,0.00141));
#17633=CARTESIAN_POINT('',(0.00354,0.0213,-0.00114));
#17634=CARTESIAN_POINT('',(0.00204,0.0213,-0.00114));
#17635=CARTESIAN_POINT('',(0.00204,0.0213,-0.00114));
#17636=CARTESIAN_POINT('',(0.00504,0.0213,-0.00114));
#17637=CARTESIAN_POINT('',(0.00504,0.0213,-0.00114));
#17638=CARTESIAN_POINT('',(0.00354,0.0213,-0.00114));
#17639=CARTESIAN_POINT('',(0.00204,0.0212,-0.00114));
#17640=CARTESIAN_POINT('',(0.00204,0.0211,-0.00114));
#17641=CARTESIAN_POINT('',(0.00204,0.0211,0.00141));
#17642=CARTESIAN_POINT('',(0.00204,0.0212,0.00141));
#17643=CARTESIAN_POINT('',(0.00204,0.0213,0.00141));
#17644=CARTESIAN_POINT('',(0.00204,0.0213,-0.00114));
#17645=CARTESIAN_POINT('',(0.00204,0.0212,-0.00114));
#17646=CARTESIAN_POINT('',(0.00204,0.0212,-0.00114));
#17647=CARTESIAN_POINT('',(0.00204,0.0211,-0.00114));
#17648=CARTESIAN_POINT('',(0.00204,0.0211,-0.00114));
#17649=CARTESIAN_POINT('',(0.00504,0.0212,-0.00114));
#17650=CARTESIAN_POINT('',(0.00504,0.0211,-0.00114));
#17651=CARTESIAN_POINT('',(0.00504,0.0211,0.00141));
#17652=CARTESIAN_POINT('',(0.00504,0.0213,-0.00114));
#17653=CARTESIAN_POINT('',(0.00504,0.0213,0.00141));
#17654=CARTESIAN_POINT('',(0.00504,0.0212,0.00141));
#17655=CARTESIAN_POINT('',(0.00504,0.0212,-0.00114));
#17656=CARTESIAN_POINT('',(0.00504,0.0211,-0.00114));
#17657=CARTESIAN_POINT('',(0.00504,0.0211,-0.00114));
#17658=CARTESIAN_POINT('',(0.00504,0.0212,-0.00114));
#17659=CARTESIAN_POINT('',(0.00354,0.0213,-0.00114));
#17660=CARTESIAN_POINT('',(0.00354,0.0213,0.00141));
#17661=CARTESIAN_POINT('',(0.00354,0.0211,-0.00114));
#17662=CARTESIAN_POINT('',(0.00354,0.0211,0.00141));
#17663=CARTESIAN_POINT('',(0.00354,0.0211,-0.00114));
#17664=CARTESIAN_POINT('',(0.00735,0.01555,-0.00114));
#17665=CARTESIAN_POINT('',(0.00735,0.01555,0.00141));
#17666=CARTESIAN_POINT('',(0.00354,0.0196,-0.00114));
#17667=CARTESIAN_POINT('',(0.00204,0.0196,-0.00114));
#17668=CARTESIAN_POINT('',(0.00204,0.0196,-0.00114));
#17669=CARTESIAN_POINT('',(0.00354,0.0196,-0.00114));
#17670=CARTESIAN_POINT('',(0.00504,0.0196,-0.00114));
#17671=CARTESIAN_POINT('',(0.00504,0.0196,-0.00114));
#17672=CARTESIAN_POINT('',(0.00504,0.0197,-0.00114));
#17673=CARTESIAN_POINT('',(0.00504,0.0197,-0.00114));
#17674=CARTESIAN_POINT('',(0.00504,0.0198,-0.00114));
#17675=CARTESIAN_POINT('',(0.00504,0.0198,-0.00114));
#17676=CARTESIAN_POINT('',(0.00204,0.0197,-0.00114));
#17677=CARTESIAN_POINT('',(0.00204,0.0198,-0.00114));
#17678=CARTESIAN_POINT('',(0.00204,0.0198,-0.00114));
#17679=CARTESIAN_POINT('',(0.00204,0.0197,-0.00114));
#17680=CARTESIAN_POINT('',(0.00354,0.0196,-0.00114));
#17681=CARTESIAN_POINT('',(0.00204,0.0196,-0.00114));
#17682=CARTESIAN_POINT('',(0.00204,0.0196,0.00141));
#17683=CARTESIAN_POINT('',(0.00504,0.0196,-0.00114));
#17684=CARTESIAN_POINT('',(0.00504,0.0196,0.00141));
#17685=CARTESIAN_POINT('',(0.00354,0.0196,0.00141));
#17686=CARTESIAN_POINT('',(0.00504,0.0197,-0.00114));
#17687=CARTESIAN_POINT('',(0.00504,0.0198,-0.00114));
#17688=CARTESIAN_POINT('',(0.00504,0.0198,0.00141));
#17689=CARTESIAN_POINT('',(0.00504,0.0197,0.00141));
#17690=CARTESIAN_POINT('',(0.00354,0.0198,-0.00114));
#17691=CARTESIAN_POINT('',(0.00354,0.0198,0.00141));
#17692=CARTESIAN_POINT('',(0.00204,0.0198,0.00141));
#17693=CARTESIAN_POINT('',(0.00354,0.0198,-0.00114));
#17694=CARTESIAN_POINT('',(0.00204,0.0198,-0.00114));
#17695=CARTESIAN_POINT('',(0.00204,0.0197,-0.00114));
#17696=CARTESIAN_POINT('',(0.00204,0.0197,0.00141));
#17697=CARTESIAN_POINT('',(0.00735,0.01555,-0.00114));
#17698=CARTESIAN_POINT('',(0.00735,0.01555,0.00141));
#17699=CARTESIAN_POINT('',(0.00354,0.01876,-0.00114));
#17700=CARTESIAN_POINT('',(0.00204,0.01876,-0.00114));
#17701=CARTESIAN_POINT('',(0.00204,0.01876,-0.00114));
#17702=CARTESIAN_POINT('',(0.00504,0.01876,-0.00114));
#17703=CARTESIAN_POINT('',(0.00504,0.01876,-0.00114));
#17704=CARTESIAN_POINT('',(0.00354,0.01876,-0.00114));
#17705=CARTESIAN_POINT('',(0.00204,0.01866,-0.00114));
#17706=CARTESIAN_POINT('',(0.00204,0.01856,-0.00114));
#17707=CARTESIAN_POINT('',(0.00204,0.01856,0.00141));
#17708=CARTESIAN_POINT('',(0.00204,0.01866,0.00141));
#17709=CARTESIAN_POINT('',(0.00204,0.01876,0.00141));
#17710=CARTESIAN_POINT('',(0.00204,0.01876,-0.00114));
#17711=CARTESIAN_POINT('',(0.00204,0.01866,-0.00114));
#17712=CARTESIAN_POINT('',(0.00204,0.01866,-0.00114));
#17713=CARTESIAN_POINT('',(0.00204,0.01856,-0.00114));
#17714=CARTESIAN_POINT('',(0.00204,0.01856,-0.00114));
#17715=CARTESIAN_POINT('',(0.00504,0.01866,-0.00114));
#17716=CARTESIAN_POINT('',(0.00504,0.01856,-0.00114));
#17717=CARTESIAN_POINT('',(0.00504,0.01856,0.00141));
#17718=CARTESIAN_POINT('',(0.00504,0.01876,-0.00114));
#17719=CARTESIAN_POINT('',(0.00504,0.01876,0.00141));
#17720=CARTESIAN_POINT('',(0.00504,0.01866,0.00141));
#17721=CARTESIAN_POINT('',(0.00504,0.01866,-0.00114));
#17722=CARTESIAN_POINT('',(0.00504,0.01856,-0.00114));
#17723=CARTESIAN_POINT('',(0.00504,0.01856,-0.00114));
#17724=CARTESIAN_POINT('',(0.00504,0.01866,-0.00114));
#17725=CARTESIAN_POINT('',(0.00354,0.01876,-0.00114));
#17726=CARTESIAN_POINT('',(0.00354,0.01876,0.00141));
#17727=CARTESIAN_POINT('',(0.00354,0.01856,-0.00114));
#17728=CARTESIAN_POINT('',(0.00354,0.01856,0.00141));
#17729=CARTESIAN_POINT('',(0.00354,0.01856,-0.00114));
#17730=CARTESIAN_POINT('',(0.00735,0.01555,-0.00114));
#17731=CARTESIAN_POINT('',(0.00735,0.01555,0.00141));
#17732=CARTESIAN_POINT('',(0.00354,0.01706,-0.00114));
#17733=CARTESIAN_POINT('',(0.00204,0.01706,-0.00114));
#17734=CARTESIAN_POINT('',(0.00204,0.01706,-0.00114));
#17735=CARTESIAN_POINT('',(0.00354,0.01706,-0.00114));
#17736=CARTESIAN_POINT('',(0.00504,0.01706,-0.00114));
#17737=CARTESIAN_POINT('',(0.00504,0.01706,-0.00114));
#17738=CARTESIAN_POINT('',(0.00504,0.01716,-0.00114));
#17739=CARTESIAN_POINT('',(0.00504,0.01716,-0.00114));
#17740=CARTESIAN_POINT('',(0.00504,0.01726,-0.00114));
#17741=CARTESIAN_POINT('',(0.00504,0.01726,-0.00114));
#17742=CARTESIAN_POINT('',(0.00204,0.01716,-0.00114));
#17743=CARTESIAN_POINT('',(0.00204,0.01726,-0.00114));
#17744=CARTESIAN_POINT('',(0.00204,0.01726,-0.00114));
#17745=CARTESIAN_POINT('',(0.00204,0.01716,-0.00114));
#17746=CARTESIAN_POINT('',(0.00354,0.01706,-0.00114));
#17747=CARTESIAN_POINT('',(0.00204,0.01706,-0.00114));
#17748=CARTESIAN_POINT('',(0.00204,0.01706,0.00141));
#17749=CARTESIAN_POINT('',(0.00504,0.01706,-0.00114));
#17750=CARTESIAN_POINT('',(0.00504,0.01706,0.00141));
#17751=CARTESIAN_POINT('',(0.00354,0.01706,0.00141));
#17752=CARTESIAN_POINT('',(0.00504,0.01716,-0.00114));
#17753=CARTESIAN_POINT('',(0.00504,0.01726,-0.00114));
#17754=CARTESIAN_POINT('',(0.00504,0.01726,0.00141));
#17755=CARTESIAN_POINT('',(0.00504,0.01716,0.00141));
#17756=CARTESIAN_POINT('',(0.00354,0.01726,-0.00114));
#17757=CARTESIAN_POINT('',(0.00354,0.01726,0.00141));
#17758=CARTESIAN_POINT('',(0.00204,0.01726,0.00141));
#17759=CARTESIAN_POINT('',(0.00354,0.01726,-0.00114));
#17760=CARTESIAN_POINT('',(0.00204,0.01726,-0.00114));
#17761=CARTESIAN_POINT('',(0.00204,0.01716,-0.00114));
#17762=CARTESIAN_POINT('',(0.00204,0.01716,0.00141));
#17763=CARTESIAN_POINT('',(0.00735,0.01555,-0.00114));
#17764=CARTESIAN_POINT('',(0.00735,0.01555,0.00141));
#17765=CARTESIAN_POINT('',(0.00354,0.01622,-0.00114));
#17766=CARTESIAN_POINT('',(0.00204,0.01622,-0.00114));
#17767=CARTESIAN_POINT('',(0.00204,0.01622,-0.00114));
#17768=CARTESIAN_POINT('',(0.00504,0.01622,-0.00114));
#17769=CARTESIAN_POINT('',(0.00504,0.01622,-0.00114));
#17770=CARTESIAN_POINT('',(0.00354,0.01622,-0.00114));
#17771=CARTESIAN_POINT('',(0.00204,0.01612,-0.00114));
#17772=CARTESIAN_POINT('',(0.00204,0.01602,-0.00114));
#17773=CARTESIAN_POINT('',(0.00204,0.01602,0.00141));
#17774=CARTESIAN_POINT('',(0.00204,0.01612,0.00141));
#17775=CARTESIAN_POINT('',(0.00204,0.01612,-0.00114));
#17776=CARTESIAN_POINT('',(0.00204,0.01612,-0.00114));
#17777=CARTESIAN_POINT('',(0.00204,0.01602,-0.00114));
#17778=CARTESIAN_POINT('',(0.00204,0.01602,-0.00114));
#17779=CARTESIAN_POINT('',(0.00504,0.01612,-0.00114));
#17780=CARTESIAN_POINT('',(0.00504,0.01602,-0.00114));
#17781=CARTESIAN_POINT('',(0.00504,0.01602,0.00141));
#17782=CARTESIAN_POINT('',(0.00504,0.01612,0.00141));
#17783=CARTESIAN_POINT('',(0.00504,0.01612,-0.00114));
#17784=CARTESIAN_POINT('',(0.00504,0.01602,-0.00114));
#17785=CARTESIAN_POINT('',(0.00504,0.01602,-0.00114));
#17786=CARTESIAN_POINT('',(0.00504,0.01612,-0.00114));
#17787=CARTESIAN_POINT('',(0.00354,0.01602,-0.00114));
#17788=CARTESIAN_POINT('',(0.00354,0.01602,0.00141));
#17789=CARTESIAN_POINT('',(0.00354,0.01602,-0.00114));
#17790=CARTESIAN_POINT('',(0.00735,0.01555,-0.00114));
#17791=CARTESIAN_POINT('',(0.00735,0.01555,0.00141));
#17792=CARTESIAN_POINT('',(0.00354,0.01452,-0.00114));
#17793=CARTESIAN_POINT('',(0.00204,0.01452,-0.00114));
#17794=CARTESIAN_POINT('',(0.00204,0.01452,-0.00114));
#17795=CARTESIAN_POINT('',(0.00354,0.01452,-0.00114));
#17796=CARTESIAN_POINT('',(0.00504,0.01452,-0.00114));
#17797=CARTESIAN_POINT('',(0.00504,0.01452,-0.00114));
#17798=CARTESIAN_POINT('',(0.00504,0.01462,-0.00114));
#17799=CARTESIAN_POINT('',(0.00504,0.01462,-0.00114));
#17800=CARTESIAN_POINT('',(0.00504,0.01472,-0.00114));
#17801=CARTESIAN_POINT('',(0.00504,0.01472,-0.00114));
#17802=CARTESIAN_POINT('',(0.00204,0.01462,-0.00114));
#17803=CARTESIAN_POINT('',(0.00204,0.01472,-0.00114));
#17804=CARTESIAN_POINT('',(0.00204,0.01472,-0.00114));
#17805=CARTESIAN_POINT('',(0.00204,0.01462,-0.00114));
#17806=CARTESIAN_POINT('',(0.00354,0.01452,-0.00114));
#17807=CARTESIAN_POINT('',(0.00204,0.01452,-0.00114));
#17808=CARTESIAN_POINT('',(0.00204,0.01452,0.00141));
#17809=CARTESIAN_POINT('',(0.00504,0.01452,-0.00114));
#17810=CARTESIAN_POINT('',(0.00504,0.01452,0.00141));
#17811=CARTESIAN_POINT('',(0.00354,0.01452,0.00141));
#17812=CARTESIAN_POINT('',(0.00504,0.01462,-0.00114));
#17813=CARTESIAN_POINT('',(0.00504,0.01472,-0.00114));
#17814=CARTESIAN_POINT('',(0.00504,0.01472,0.00141));
#17815=CARTESIAN_POINT('',(0.00504,0.01462,0.00141));
#17816=CARTESIAN_POINT('',(0.00354,0.01472,-0.00114));
#17817=CARTESIAN_POINT('',(0.00354,0.01472,0.00141));
#17818=CARTESIAN_POINT('',(0.00204,0.01472,0.00141));
#17819=CARTESIAN_POINT('',(0.00354,0.01472,-0.00114));
#17820=CARTESIAN_POINT('',(0.00204,0.01472,-0.00114));
#17821=CARTESIAN_POINT('',(0.00204,0.01462,-0.00114));
#17822=CARTESIAN_POINT('',(0.00204,0.01462,0.00141));
#17823=CARTESIAN_POINT('',(0.00735,0.01555,-0.00114));
#17824=CARTESIAN_POINT('',(0.00735,0.01555,0.00141));
#17825=CARTESIAN_POINT('',(0.00354,0.01368,-0.00114));
#17826=CARTESIAN_POINT('',(0.00204,0.01368,-0.00114));
#17827=CARTESIAN_POINT('',(0.00204,0.01368,-0.00114));
#17828=CARTESIAN_POINT('',(0.00504,0.01368,-0.00114));
#17829=CARTESIAN_POINT('',(0.00504,0.01368,-0.00114));
#17830=CARTESIAN_POINT('',(0.00354,0.01368,-0.00114));
#17831=CARTESIAN_POINT('',(0.00204,0.01358,-0.00114));
#17832=CARTESIAN_POINT('',(0.00204,0.01348,-0.00114));
#17833=CARTESIAN_POINT('',(0.00204,0.01348,0.00141));
#17834=CARTESIAN_POINT('',(0.00204,0.01358,0.00141));
#17835=CARTESIAN_POINT('',(0.00204,0.01368,0.00141));
#17836=CARTESIAN_POINT('',(0.00204,0.01368,-0.00114));
#17837=CARTESIAN_POINT('',(0.00204,0.01358,-0.00114));
#17838=CARTESIAN_POINT('',(0.00204,0.01358,-0.00114));
#17839=CARTESIAN_POINT('',(0.00204,0.01348,-0.00114));
#17840=CARTESIAN_POINT('',(0.00204,0.01348,-0.00114));
#17841=CARTESIAN_POINT('',(0.00504,0.01358,-0.00114));
#17842=CARTESIAN_POINT('',(0.00504,0.01348,-0.00114));
#17843=CARTESIAN_POINT('',(0.00504,0.01348,0.00141));
#17844=CARTESIAN_POINT('',(0.00504,0.01368,-0.00114));
#17845=CARTESIAN_POINT('',(0.00504,0.01368,0.00141));
#17846=CARTESIAN_POINT('',(0.00504,0.01358,0.00141));
#17847=CARTESIAN_POINT('',(0.00504,0.01358,-0.00114));
#17848=CARTESIAN_POINT('',(0.00504,0.01348,-0.00114));
#17849=CARTESIAN_POINT('',(0.00504,0.01348,-0.00114));
#17850=CARTESIAN_POINT('',(0.00504,0.01358,-0.00114));
#17851=CARTESIAN_POINT('',(0.00354,0.01368,-0.00114));
#17852=CARTESIAN_POINT('',(0.00354,0.01368,0.00141));
#17853=CARTESIAN_POINT('',(0.00354,0.01348,-0.00114));
#17854=CARTESIAN_POINT('',(0.00354,0.01348,0.00141));
#17855=CARTESIAN_POINT('',(0.00354,0.01348,-0.00114));
#17856=CARTESIAN_POINT('',(0.00735,0.01555,-0.00114));
#17857=CARTESIAN_POINT('',(0.00735,0.01555,0.00141));
#17858=CARTESIAN_POINT('',(0.00354,0.01198,-0.00114));
#17859=CARTESIAN_POINT('',(0.00204,0.01198,-0.00114));
#17860=CARTESIAN_POINT('',(0.00204,0.01198,-0.00114));
#17861=CARTESIAN_POINT('',(0.00354,0.01198,-0.00114));
#17862=CARTESIAN_POINT('',(0.00504,0.01198,-0.00114));
#17863=CARTESIAN_POINT('',(0.00504,0.01198,-0.00114));
#17864=CARTESIAN_POINT('',(0.00504,0.01208,-0.00114));
#17865=CARTESIAN_POINT('',(0.00504,0.01208,-0.00114));
#17866=CARTESIAN_POINT('',(0.00504,0.01218,-0.00114));
#17867=CARTESIAN_POINT('',(0.00504,0.01218,-0.00114));
#17868=CARTESIAN_POINT('',(0.00204,0.01208,-0.00114));
#17869=CARTESIAN_POINT('',(0.00204,0.01218,-0.00114));
#17870=CARTESIAN_POINT('',(0.00204,0.01218,-0.00114));
#17871=CARTESIAN_POINT('',(0.00204,0.01208,-0.00114));
#17872=CARTESIAN_POINT('',(0.00354,0.01198,-0.00114));
#17873=CARTESIAN_POINT('',(0.00204,0.01198,-0.00114));
#17874=CARTESIAN_POINT('',(0.00204,0.01198,0.00141));
#17875=CARTESIAN_POINT('',(0.00504,0.01198,-0.00114));
#17876=CARTESIAN_POINT('',(0.00504,0.01198,0.00141));
#17877=CARTESIAN_POINT('',(0.00354,0.01198,0.00141));
#17878=CARTESIAN_POINT('',(0.00504,0.01208,-0.00114));
#17879=CARTESIAN_POINT('',(0.00504,0.01218,-0.00114));
#17880=CARTESIAN_POINT('',(0.00504,0.01218,0.00141));
#17881=CARTESIAN_POINT('',(0.00504,0.01208,0.00141));
#17882=CARTESIAN_POINT('',(0.00354,0.01218,-0.00114));
#17883=CARTESIAN_POINT('',(0.00354,0.01218,0.00141));
#17884=CARTESIAN_POINT('',(0.00204,0.01218,0.00141));
#17885=CARTESIAN_POINT('',(0.00354,0.01218,-0.00114));
#17886=CARTESIAN_POINT('',(0.00204,0.01218,-0.00114));
#17887=CARTESIAN_POINT('',(0.00204,0.01208,-0.00114));
#17888=CARTESIAN_POINT('',(0.00204,0.01208,0.00141));
#17889=CARTESIAN_POINT('',(0.00735,0.01555,-0.00114));
#17890=CARTESIAN_POINT('',(0.00735,0.01555,0.00141));
#17891=CARTESIAN_POINT('',(0.00354,0.01114,-0.00114));
#17892=CARTESIAN_POINT('',(0.00204,0.01114,-0.00114));
#17893=CARTESIAN_POINT('',(0.00204,0.01114,-0.00114));
#17894=CARTESIAN_POINT('',(0.00504,0.01114,-0.00114));
#17895=CARTESIAN_POINT('',(0.00504,0.01114,-0.00114));
#17896=CARTESIAN_POINT('',(0.00354,0.01114,-0.00114));
#17897=CARTESIAN_POINT('',(0.00204,0.01104,-0.00114));
#17898=CARTESIAN_POINT('',(0.00204,0.01094,-0.00114));
#17899=CARTESIAN_POINT('',(0.00204,0.01094,0.00141));
#17900=CARTESIAN_POINT('',(0.00204,0.01104,0.00141));
#17901=CARTESIAN_POINT('',(0.00204,0.01114,0.00141));
#17902=CARTESIAN_POINT('',(0.00204,0.01114,-0.00114));
#17903=CARTESIAN_POINT('',(0.00204,0.01104,-0.00114));
#17904=CARTESIAN_POINT('',(0.00204,0.01104,-0.00114));
#17905=CARTESIAN_POINT('',(0.00204,0.01094,-0.00114));
#17906=CARTESIAN_POINT('',(0.00204,0.01094,-0.00114));
#17907=CARTESIAN_POINT('',(0.00504,0.01104,-0.00114));
#17908=CARTESIAN_POINT('',(0.00504,0.01094,-0.00114));
#17909=CARTESIAN_POINT('',(0.00504,0.01094,0.00141));
#17910=CARTESIAN_POINT('',(0.00504,0.01114,-0.00114));
#17911=CARTESIAN_POINT('',(0.00504,0.01114,0.00141));
#17912=CARTESIAN_POINT('',(0.00504,0.01104,0.00141));
#17913=CARTESIAN_POINT('',(0.00504,0.01104,-0.00114));
#17914=CARTESIAN_POINT('',(0.00504,0.01094,-0.00114));
#17915=CARTESIAN_POINT('',(0.00504,0.01094,-0.00114));
#17916=CARTESIAN_POINT('',(0.00504,0.01104,-0.00114));
#17917=CARTESIAN_POINT('',(0.00354,0.01114,-0.00114));
#17918=CARTESIAN_POINT('',(0.00354,0.01114,0.00141));
#17919=CARTESIAN_POINT('',(0.00354,0.01094,-0.00114));
#17920=CARTESIAN_POINT('',(0.00354,0.01094,0.00141));
#17921=CARTESIAN_POINT('',(0.00354,0.01094,-0.00114));
#17922=CARTESIAN_POINT('',(0.00735,0.01555,-0.00114));
#17923=CARTESIAN_POINT('',(0.00735,0.01555,0.00141));
#17924=CARTESIAN_POINT('',(0.00354,0.00944,-0.00114));
#17925=CARTESIAN_POINT('',(0.00204,0.00944,-0.00114));
#17926=CARTESIAN_POINT('',(0.00204,0.00944,-0.00114));
#17927=CARTESIAN_POINT('',(0.00354,0.00944,-0.00114));
#17928=CARTESIAN_POINT('',(0.00504,0.00944,-0.00114));
#17929=CARTESIAN_POINT('',(0.00504,0.00944,-0.00114));
#17930=CARTESIAN_POINT('',(0.00504,0.00954,-0.00114));
#17931=CARTESIAN_POINT('',(0.00504,0.00954,-0.00114));
#17932=CARTESIAN_POINT('',(0.00504,0.00964,-0.00114));
#17933=CARTESIAN_POINT('',(0.00504,0.00964,-0.00114));
#17934=CARTESIAN_POINT('',(0.00204,0.00954,-0.00114));
#17935=CARTESIAN_POINT('',(0.00204,0.00964,-0.00114));
#17936=CARTESIAN_POINT('',(0.00204,0.00964,-0.00114));
#17937=CARTESIAN_POINT('',(0.00204,0.00954,-0.00114));
#17938=CARTESIAN_POINT('',(0.00354,0.00944,-0.00114));
#17939=CARTESIAN_POINT('',(0.00204,0.00944,-0.00114));
#17940=CARTESIAN_POINT('',(0.00204,0.00944,0.00141));
#17941=CARTESIAN_POINT('',(0.00504,0.00944,-0.00114));
#17942=CARTESIAN_POINT('',(0.00504,0.00944,0.00141));
#17943=CARTESIAN_POINT('',(0.00354,0.00944,0.00141));
#17944=CARTESIAN_POINT('',(0.00504,0.00954,-0.00114));
#17945=CARTESIAN_POINT('',(0.00504,0.00964,-0.00114));
#17946=CARTESIAN_POINT('',(0.00504,0.00964,0.00141));
#17947=CARTESIAN_POINT('',(0.00504,0.00954,0.00141));
#17948=CARTESIAN_POINT('',(0.00354,0.00964,-0.00114));
#17949=CARTESIAN_POINT('',(0.00354,0.00964,0.00141));
#17950=CARTESIAN_POINT('',(0.00204,0.00964,0.00141));
#17951=CARTESIAN_POINT('',(0.00354,0.00964,-0.00114));
#17952=CARTESIAN_POINT('',(0.00204,0.00964,-0.00114));
#17953=CARTESIAN_POINT('',(0.00204,0.00954,-0.00114));
#17954=CARTESIAN_POINT('',(0.00204,0.00954,0.00141));
#17955=CARTESIAN_POINT('',(0.00735,0.01555,-0.00114));
#17956=CARTESIAN_POINT('',(0.00735,0.01555,0.00141));
#17957=CARTESIAN_POINT('',(0.00354,0.0086,-0.00114));
#17958=CARTESIAN_POINT('',(0.00204,0.0086,-0.00114));
#17959=CARTESIAN_POINT('',(0.00204,0.0086,-0.00114));
#17960=CARTESIAN_POINT('',(0.00504,0.0086,-0.00114));
#17961=CARTESIAN_POINT('',(0.00504,0.0086,-0.00114));
#17962=CARTESIAN_POINT('',(0.00354,0.0086,-0.00114));
#17963=CARTESIAN_POINT('',(0.00204,0.0085,-0.00114));
#17964=CARTESIAN_POINT('',(0.00204,0.0084,-0.00114));
#17965=CARTESIAN_POINT('',(0.00204,0.0084,0.00141));
#17966=CARTESIAN_POINT('',(0.00204,0.0085,0.00141));
#17967=CARTESIAN_POINT('',(0.00204,0.0086,0.00141));
#17968=CARTESIAN_POINT('',(0.00204,0.0086,-0.00114));
#17969=CARTESIAN_POINT('',(0.00204,0.0085,-0.00114));
#17970=CARTESIAN_POINT('',(0.00204,0.0085,-0.00114));
#17971=CARTESIAN_POINT('',(0.00204,0.0084,-0.00114));
#17972=CARTESIAN_POINT('',(0.00204,0.0084,-0.00114));
#17973=CARTESIAN_POINT('',(0.00504,0.0085,-0.00114));
#17974=CARTESIAN_POINT('',(0.00504,0.0084,-0.00114));
#17975=CARTESIAN_POINT('',(0.00504,0.0084,0.00141));
#17976=CARTESIAN_POINT('',(0.00504,0.0086,-0.00114));
#17977=CARTESIAN_POINT('',(0.00504,0.0086,0.00141));
#17978=CARTESIAN_POINT('',(0.00504,0.0085,0.00141));
#17979=CARTESIAN_POINT('',(0.00504,0.0085,-0.00114));
#17980=CARTESIAN_POINT('',(0.00504,0.0084,-0.00114));
#17981=CARTESIAN_POINT('',(0.00504,0.0084,-0.00114));
#17982=CARTESIAN_POINT('',(0.00504,0.0085,-0.00114));
#17983=CARTESIAN_POINT('',(0.00354,0.0086,-0.00114));
#17984=CARTESIAN_POINT('',(0.00354,0.0086,0.00141));
#17985=CARTESIAN_POINT('',(0.00354,0.0084,-0.00114));
#17986=CARTESIAN_POINT('',(0.00354,0.0084,0.00141));
#17987=CARTESIAN_POINT('',(0.00354,0.0084,-0.00114));
#17988=CARTESIAN_POINT('',(0.00735,0.01555,-0.00114));
#17989=CARTESIAN_POINT('',(0.00735,0.01555,0.00141));
#17990=CARTESIAN_POINT('',(0.00354,0.0069,-0.00114));
#17991=CARTESIAN_POINT('',(0.00204,0.0069,-0.00114));
#17992=CARTESIAN_POINT('',(0.00204,0.0069,-0.00114));
#17993=CARTESIAN_POINT('',(0.00354,0.0069,-0.00114));
#17994=CARTESIAN_POINT('',(0.00504,0.0069,-0.00114));
#17995=CARTESIAN_POINT('',(0.00504,0.0069,-0.00114));
#17996=CARTESIAN_POINT('',(0.00504,0.007,-0.00114));
#17997=CARTESIAN_POINT('',(0.00504,0.007,-0.00114));
#17998=CARTESIAN_POINT('',(0.00504,0.0071,-0.00114));
#17999=CARTESIAN_POINT('',(0.00504,0.0071,-0.00114));
#18000=CARTESIAN_POINT('',(0.00204,0.007,-0.00114));
#18001=CARTESIAN_POINT('',(0.00204,0.0071,-0.00114));
#18002=CARTESIAN_POINT('',(0.00204,0.0071,-0.00114));
#18003=CARTESIAN_POINT('',(0.00204,0.007,-0.00114));
#18004=CARTESIAN_POINT('',(0.00354,0.0069,-0.00114));
#18005=CARTESIAN_POINT('',(0.00204,0.0069,-0.00114));
#18006=CARTESIAN_POINT('',(0.00204,0.0069,0.00141));
#18007=CARTESIAN_POINT('',(0.00504,0.0069,-0.00114));
#18008=CARTESIAN_POINT('',(0.00504,0.0069,0.00141));
#18009=CARTESIAN_POINT('',(0.00354,0.0069,0.00141));
#18010=CARTESIAN_POINT('',(0.00504,0.007,-0.00114));
#18011=CARTESIAN_POINT('',(0.00504,0.0071,-0.00114));
#18012=CARTESIAN_POINT('',(0.00504,0.0071,0.00141));
#18013=CARTESIAN_POINT('',(0.00504,0.007,0.00141));
#18014=CARTESIAN_POINT('',(0.00354,0.0071,-0.00114));
#18015=CARTESIAN_POINT('',(0.00354,0.0071,0.00141));
#18016=CARTESIAN_POINT('',(0.00204,0.0071,0.00141));
#18017=CARTESIAN_POINT('',(0.00354,0.0071,-0.00114));
#18018=CARTESIAN_POINT('',(0.00204,0.0071,-0.00114));
#18019=CARTESIAN_POINT('',(0.00204,0.007,-0.00114));
#18020=CARTESIAN_POINT('',(0.00204,0.007,0.00141));
#18021=CARTESIAN_POINT('',(0.00735,0.01555,-0.00114));
#18022=CARTESIAN_POINT('',(0.00735,0.01555,0.00141));
#18023=CARTESIAN_POINT('',(0.01116,0.02384,-0.00114));
#18024=CARTESIAN_POINT('',(0.00966,0.02384,-0.00114));
#18025=CARTESIAN_POINT('',(0.00966,0.02384,-0.00114));
#18026=CARTESIAN_POINT('',(0.01266,0.02384,-0.00114));
#18027=CARTESIAN_POINT('',(0.01266,0.02384,-0.00114));
#18028=CARTESIAN_POINT('',(0.01116,0.02384,-0.00114));
#18029=CARTESIAN_POINT('',(0.00966,0.02374,-0.00114));
#18030=CARTESIAN_POINT('',(0.00966,0.02364,-0.00114));
#18031=CARTESIAN_POINT('',(0.00966,0.02364,0.00141));
#18032=CARTESIAN_POINT('',(0.00966,0.02374,0.00141));
#18033=CARTESIAN_POINT('',(0.00966,0.02384,0.00141));
#18034=CARTESIAN_POINT('',(0.00966,0.02384,-0.00114));
#18035=CARTESIAN_POINT('',(0.00966,0.02374,-0.00114));
#18036=CARTESIAN_POINT('',(0.00966,0.02374,-0.00114));
#18037=CARTESIAN_POINT('',(0.00966,0.02364,-0.00114));
#18038=CARTESIAN_POINT('',(0.00966,0.02364,-0.00114));
#18039=CARTESIAN_POINT('',(0.01266,0.02374,-0.00114));
#18040=CARTESIAN_POINT('',(0.01266,0.02364,-0.00114));
#18041=CARTESIAN_POINT('',(0.01266,0.02364,0.00141));
#18042=CARTESIAN_POINT('',(0.01266,0.02384,-0.00114));
#18043=CARTESIAN_POINT('',(0.01266,0.02384,0.00141));
#18044=CARTESIAN_POINT('',(0.01266,0.02374,0.00141));
#18045=CARTESIAN_POINT('',(0.01266,0.02374,-0.00114));
#18046=CARTESIAN_POINT('',(0.01266,0.02364,-0.00114));
#18047=CARTESIAN_POINT('',(0.01266,0.02364,-0.00114));
#18048=CARTESIAN_POINT('',(0.01266,0.02374,-0.00114));
#18049=CARTESIAN_POINT('',(0.01116,0.02384,-0.00114));
#18050=CARTESIAN_POINT('',(0.01116,0.02384,0.00141));
#18051=CARTESIAN_POINT('',(0.01116,0.02364,-0.00114));
#18052=CARTESIAN_POINT('',(0.01116,0.02364,0.00141));
#18053=CARTESIAN_POINT('',(0.01116,0.02364,-0.00114));
#18054=CARTESIAN_POINT('',(0.00735,0.01555,-0.00114));
#18055=CARTESIAN_POINT('',(0.00735,0.01555,0.00141));
#18056=CARTESIAN_POINT('',(0.01116,0.02214,-0.00114));
#18057=CARTESIAN_POINT('',(0.00966,0.02214,-0.00114));
#18058=CARTESIAN_POINT('',(0.00966,0.02214,-0.00114));
#18059=CARTESIAN_POINT('',(0.01116,0.02214,-0.00114));
#18060=CARTESIAN_POINT('',(0.01266,0.02214,-0.00114));
#18061=CARTESIAN_POINT('',(0.01266,0.02214,-0.00114));
#18062=CARTESIAN_POINT('',(0.01266,0.02224,-0.00114));
#18063=CARTESIAN_POINT('',(0.01266,0.02224,-0.00114));
#18064=CARTESIAN_POINT('',(0.01266,0.02234,-0.00114));
#18065=CARTESIAN_POINT('',(0.01266,0.02234,-0.00114));
#18066=CARTESIAN_POINT('',(0.00966,0.02224,-0.00114));
#18067=CARTESIAN_POINT('',(0.00966,0.02234,-0.00114));
#18068=CARTESIAN_POINT('',(0.00966,0.02234,-0.00114));
#18069=CARTESIAN_POINT('',(0.00966,0.02224,-0.00114));
#18070=CARTESIAN_POINT('',(0.01116,0.02214,-0.00114));
#18071=CARTESIAN_POINT('',(0.00966,0.02214,-0.00114));
#18072=CARTESIAN_POINT('',(0.00966,0.02214,0.00141));
#18073=CARTESIAN_POINT('',(0.01266,0.02214,-0.00114));
#18074=CARTESIAN_POINT('',(0.01266,0.02214,0.00141));
#18075=CARTESIAN_POINT('',(0.01116,0.02214,0.00141));
#18076=CARTESIAN_POINT('',(0.01266,0.02224,-0.00114));
#18077=CARTESIAN_POINT('',(0.01266,0.02234,-0.00114));
#18078=CARTESIAN_POINT('',(0.01266,0.02234,0.00141));
#18079=CARTESIAN_POINT('',(0.01266,0.02224,0.00141));
#18080=CARTESIAN_POINT('',(0.01116,0.02234,-0.00114));
#18081=CARTESIAN_POINT('',(0.01116,0.02234,0.00141));
#18082=CARTESIAN_POINT('',(0.00966,0.02234,0.00141));
#18083=CARTESIAN_POINT('',(0.01116,0.02234,-0.00114));
#18084=CARTESIAN_POINT('',(0.00966,0.02234,-0.00114));
#18085=CARTESIAN_POINT('',(0.00966,0.02224,-0.00114));
#18086=CARTESIAN_POINT('',(0.00966,0.02224,0.00141));
#18087=CARTESIAN_POINT('',(0.00735,0.01555,-0.00114));
#18088=CARTESIAN_POINT('',(0.00735,0.01555,0.00141));
#18089=CARTESIAN_POINT('',(0.01116,0.0213,-0.00114));
#18090=CARTESIAN_POINT('',(0.00966,0.0213,-0.00114));
#18091=CARTESIAN_POINT('',(0.00966,0.0213,-0.00114));
#18092=CARTESIAN_POINT('',(0.01266,0.0213,-0.00114));
#18093=CARTESIAN_POINT('',(0.01266,0.0213,-0.00114));
#18094=CARTESIAN_POINT('',(0.01116,0.0213,-0.00114));
#18095=CARTESIAN_POINT('',(0.00966,0.0212,-0.00114));
#18096=CARTESIAN_POINT('',(0.00966,0.0211,-0.00114));
#18097=CARTESIAN_POINT('',(0.00966,0.0211,0.00141));
#18098=CARTESIAN_POINT('',(0.00966,0.0212,0.00141));
#18099=CARTESIAN_POINT('',(0.00966,0.0213,0.00141));
#18100=CARTESIAN_POINT('',(0.00966,0.0213,-0.00114));
#18101=CARTESIAN_POINT('',(0.00966,0.0212,-0.00114));
#18102=CARTESIAN_POINT('',(0.00966,0.0212,-0.00114));
#18103=CARTESIAN_POINT('',(0.00966,0.0211,-0.00114));
#18104=CARTESIAN_POINT('',(0.00966,0.0211,-0.00114));
#18105=CARTESIAN_POINT('',(0.01266,0.0212,-0.00114));
#18106=CARTESIAN_POINT('',(0.01266,0.0211,-0.00114));
#18107=CARTESIAN_POINT('',(0.01266,0.0211,0.00141));
#18108=CARTESIAN_POINT('',(0.01266,0.0213,-0.00114));
#18109=CARTESIAN_POINT('',(0.01266,0.0213,0.00141));
#18110=CARTESIAN_POINT('',(0.01266,0.0212,0.00141));
#18111=CARTESIAN_POINT('',(0.01266,0.0212,-0.00114));
#18112=CARTESIAN_POINT('',(0.01266,0.0211,-0.00114));
#18113=CARTESIAN_POINT('',(0.01266,0.0211,-0.00114));
#18114=CARTESIAN_POINT('',(0.01266,0.0212,-0.00114));
#18115=CARTESIAN_POINT('',(0.01116,0.0213,-0.00114));
#18116=CARTESIAN_POINT('',(0.01116,0.0213,0.00141));
#18117=CARTESIAN_POINT('',(0.01116,0.0211,-0.00114));
#18118=CARTESIAN_POINT('',(0.01116,0.0211,0.00141));
#18119=CARTESIAN_POINT('',(0.01116,0.0211,-0.00114));
#18120=CARTESIAN_POINT('',(0.00735,0.01555,-0.00114));
#18121=CARTESIAN_POINT('',(0.00735,0.01555,0.00141));
#18122=CARTESIAN_POINT('',(0.01116,0.0196,-0.00114));
#18123=CARTESIAN_POINT('',(0.00966,0.0196,-0.00114));
#18124=CARTESIAN_POINT('',(0.00966,0.0196,-0.00114));
#18125=CARTESIAN_POINT('',(0.01116,0.0196,-0.00114));
#18126=CARTESIAN_POINT('',(0.01266,0.0196,-0.00114));
#18127=CARTESIAN_POINT('',(0.01266,0.0196,-0.00114));
#18128=CARTESIAN_POINT('',(0.01266,0.0197,-0.00114));
#18129=CARTESIAN_POINT('',(0.01266,0.0197,-0.00114));
#18130=CARTESIAN_POINT('',(0.01266,0.0198,-0.00114));
#18131=CARTESIAN_POINT('',(0.01266,0.0198,-0.00114));
#18132=CARTESIAN_POINT('',(0.00966,0.0197,-0.00114));
#18133=CARTESIAN_POINT('',(0.00966,0.0198,-0.00114));
#18134=CARTESIAN_POINT('',(0.00966,0.0198,-0.00114));
#18135=CARTESIAN_POINT('',(0.00966,0.0197,-0.00114));
#18136=CARTESIAN_POINT('',(0.01116,0.0196,-0.00114));
#18137=CARTESIAN_POINT('',(0.00966,0.0196,-0.00114));
#18138=CARTESIAN_POINT('',(0.00966,0.0196,0.00141));
#18139=CARTESIAN_POINT('',(0.01266,0.0196,-0.00114));
#18140=CARTESIAN_POINT('',(0.01266,0.0196,0.00141));
#18141=CARTESIAN_POINT('',(0.01116,0.0196,0.00141));
#18142=CARTESIAN_POINT('',(0.01266,0.0197,-0.00114));
#18143=CARTESIAN_POINT('',(0.01266,0.0198,-0.00114));
#18144=CARTESIAN_POINT('',(0.01266,0.0198,0.00141));
#18145=CARTESIAN_POINT('',(0.01266,0.0197,0.00141));
#18146=CARTESIAN_POINT('',(0.01116,0.0198,-0.00114));
#18147=CARTESIAN_POINT('',(0.01116,0.0198,0.00141));
#18148=CARTESIAN_POINT('',(0.00966,0.0198,0.00141));
#18149=CARTESIAN_POINT('',(0.01116,0.0198,-0.00114));
#18150=CARTESIAN_POINT('',(0.00966,0.0198,-0.00114));
#18151=CARTESIAN_POINT('',(0.00966,0.0197,-0.00114));
#18152=CARTESIAN_POINT('',(0.00966,0.0197,0.00141));
#18153=CARTESIAN_POINT('',(0.00735,0.01555,-0.00114));
#18154=CARTESIAN_POINT('',(0.00735,0.01555,0.00141));
#18155=CARTESIAN_POINT('',(0.01116,0.01876,-0.00114));
#18156=CARTESIAN_POINT('',(0.00966,0.01876,-0.00114));
#18157=CARTESIAN_POINT('',(0.00966,0.01876,-0.00114));
#18158=CARTESIAN_POINT('',(0.01266,0.01876,-0.00114));
#18159=CARTESIAN_POINT('',(0.01266,0.01876,-0.00114));
#18160=CARTESIAN_POINT('',(0.01116,0.01876,-0.00114));
#18161=CARTESIAN_POINT('',(0.00966,0.01866,-0.00114));
#18162=CARTESIAN_POINT('',(0.00966,0.01856,-0.00114));
#18163=CARTESIAN_POINT('',(0.00966,0.01856,0.00141));
#18164=CARTESIAN_POINT('',(0.00966,0.01866,0.00141));
#18165=CARTESIAN_POINT('',(0.00966,0.01876,0.00141));
#18166=CARTESIAN_POINT('',(0.00966,0.01876,-0.00114));
#18167=CARTESIAN_POINT('',(0.00966,0.01866,-0.00114));
#18168=CARTESIAN_POINT('',(0.00966,0.01866,-0.00114));
#18169=CARTESIAN_POINT('',(0.00966,0.01856,-0.00114));
#18170=CARTESIAN_POINT('',(0.00966,0.01856,-0.00114));
#18171=CARTESIAN_POINT('',(0.01266,0.01866,-0.00114));
#18172=CARTESIAN_POINT('',(0.01266,0.01856,-0.00114));
#18173=CARTESIAN_POINT('',(0.01266,0.01856,0.00141));
#18174=CARTESIAN_POINT('',(0.01266,0.01876,-0.00114));
#18175=CARTESIAN_POINT('',(0.01266,0.01876,0.00141));
#18176=CARTESIAN_POINT('',(0.01266,0.01866,0.00141));
#18177=CARTESIAN_POINT('',(0.01266,0.01866,-0.00114));
#18178=CARTESIAN_POINT('',(0.01266,0.01856,-0.00114));
#18179=CARTESIAN_POINT('',(0.01266,0.01856,-0.00114));
#18180=CARTESIAN_POINT('',(0.01266,0.01866,-0.00114));
#18181=CARTESIAN_POINT('',(0.01116,0.01876,-0.00114));
#18182=CARTESIAN_POINT('',(0.01116,0.01876,0.00141));
#18183=CARTESIAN_POINT('',(0.01116,0.01856,-0.00114));
#18184=CARTESIAN_POINT('',(0.01116,0.01856,0.00141));
#18185=CARTESIAN_POINT('',(0.01116,0.01856,-0.00114));
#18186=CARTESIAN_POINT('',(0.00735,0.01555,-0.00114));
#18187=CARTESIAN_POINT('',(0.00735,0.01555,0.00141));
#18188=CARTESIAN_POINT('',(0.01116,0.01706,-0.00114));
#18189=CARTESIAN_POINT('',(0.00966,0.01706,-0.00114));
#18190=CARTESIAN_POINT('',(0.00966,0.01706,-0.00114));
#18191=CARTESIAN_POINT('',(0.01116,0.01706,-0.00114));
#18192=CARTESIAN_POINT('',(0.01266,0.01706,-0.00114));
#18193=CARTESIAN_POINT('',(0.01266,0.01706,-0.00114));
#18194=CARTESIAN_POINT('',(0.01266,0.01716,-0.00114));
#18195=CARTESIAN_POINT('',(0.01266,0.01716,-0.00114));
#18196=CARTESIAN_POINT('',(0.01266,0.01726,-0.00114));
#18197=CARTESIAN_POINT('',(0.01266,0.01726,-0.00114));
#18198=CARTESIAN_POINT('',(0.00966,0.01716,-0.00114));
#18199=CARTESIAN_POINT('',(0.00966,0.01726,-0.00114));
#18200=CARTESIAN_POINT('',(0.00966,0.01726,-0.00114));
#18201=CARTESIAN_POINT('',(0.00966,0.01716,-0.00114));
#18202=CARTESIAN_POINT('',(0.01116,0.01706,-0.00114));
#18203=CARTESIAN_POINT('',(0.00966,0.01706,-0.00114));
#18204=CARTESIAN_POINT('',(0.00966,0.01706,0.00141));
#18205=CARTESIAN_POINT('',(0.01266,0.01706,-0.00114));
#18206=CARTESIAN_POINT('',(0.01266,0.01706,0.00141));
#18207=CARTESIAN_POINT('',(0.01116,0.01706,0.00141));
#18208=CARTESIAN_POINT('',(0.01266,0.01716,-0.00114));
#18209=CARTESIAN_POINT('',(0.01266,0.01726,-0.00114));
#18210=CARTESIAN_POINT('',(0.01266,0.01726,0.00141));
#18211=CARTESIAN_POINT('',(0.01266,0.01716,0.00141));
#18212=CARTESIAN_POINT('',(0.01116,0.01726,-0.00114));
#18213=CARTESIAN_POINT('',(0.01116,0.01726,0.00141));
#18214=CARTESIAN_POINT('',(0.00966,0.01726,0.00141));
#18215=CARTESIAN_POINT('',(0.01116,0.01726,-0.00114));
#18216=CARTESIAN_POINT('',(0.00966,0.01726,-0.00114));
#18217=CARTESIAN_POINT('',(0.00966,0.01716,-0.00114));
#18218=CARTESIAN_POINT('',(0.00966,0.01716,0.00141));
#18219=CARTESIAN_POINT('',(0.00735,0.01555,-0.00114));
#18220=CARTESIAN_POINT('',(0.00735,0.01555,0.00141));
#18221=CARTESIAN_POINT('',(0.01116,0.01622,-0.00114));
#18222=CARTESIAN_POINT('',(0.00966,0.01622,-0.00114));
#18223=CARTESIAN_POINT('',(0.00966,0.01622,-0.00114));
#18224=CARTESIAN_POINT('',(0.01266,0.01622,-0.00114));
#18225=CARTESIAN_POINT('',(0.01266,0.01622,-0.00114));
#18226=CARTESIAN_POINT('',(0.01116,0.01622,-0.00114));
#18227=CARTESIAN_POINT('',(0.00966,0.01612,-0.00114));
#18228=CARTESIAN_POINT('',(0.00966,0.01602,-0.00114));
#18229=CARTESIAN_POINT('',(0.00966,0.01602,0.00141));
#18230=CARTESIAN_POINT('',(0.00966,0.01612,0.00141));
#18231=CARTESIAN_POINT('',(0.00966,0.01612,-0.00114));
#18232=CARTESIAN_POINT('',(0.00966,0.01612,-0.00114));
#18233=CARTESIAN_POINT('',(0.00966,0.01602,-0.00114));
#18234=CARTESIAN_POINT('',(0.00966,0.01602,-0.00114));
#18235=CARTESIAN_POINT('',(0.01266,0.01612,-0.00114));
#18236=CARTESIAN_POINT('',(0.01266,0.01602,-0.00114));
#18237=CARTESIAN_POINT('',(0.01266,0.01602,0.00141));
#18238=CARTESIAN_POINT('',(0.01266,0.01612,0.00141));
#18239=CARTESIAN_POINT('',(0.01266,0.01612,-0.00114));
#18240=CARTESIAN_POINT('',(0.01266,0.01602,-0.00114));
#18241=CARTESIAN_POINT('',(0.01266,0.01602,-0.00114));
#18242=CARTESIAN_POINT('',(0.01266,0.01612,-0.00114));
#18243=CARTESIAN_POINT('',(0.01116,0.01602,-0.00114));
#18244=CARTESIAN_POINT('',(0.01116,0.01602,0.00141));
#18245=CARTESIAN_POINT('',(0.01116,0.01602,-0.00114));
#18246=CARTESIAN_POINT('',(0.00735,0.01555,-0.00114));
#18247=CARTESIAN_POINT('',(0.00735,0.01555,0.00141));
#18248=CARTESIAN_POINT('',(0.01116,0.01452,-0.00114));
#18249=CARTESIAN_POINT('',(0.00966,0.01452,-0.00114));
#18250=CARTESIAN_POINT('',(0.00966,0.01452,-0.00114));
#18251=CARTESIAN_POINT('',(0.01116,0.01452,-0.00114));
#18252=CARTESIAN_POINT('',(0.01266,0.01452,-0.00114));
#18253=CARTESIAN_POINT('',(0.01266,0.01452,-0.00114));
#18254=CARTESIAN_POINT('',(0.01266,0.01462,-0.00114));
#18255=CARTESIAN_POINT('',(0.01266,0.01462,-0.00114));
#18256=CARTESIAN_POINT('',(0.01266,0.01472,-0.00114));
#18257=CARTESIAN_POINT('',(0.01266,0.01472,-0.00114));
#18258=CARTESIAN_POINT('',(0.00966,0.01462,-0.00114));
#18259=CARTESIAN_POINT('',(0.00966,0.01472,-0.00114));
#18260=CARTESIAN_POINT('',(0.00966,0.01472,-0.00114));
#18261=CARTESIAN_POINT('',(0.00966,0.01462,-0.00114));
#18262=CARTESIAN_POINT('',(0.01116,0.01452,-0.00114));
#18263=CARTESIAN_POINT('',(0.00966,0.01452,-0.00114));
#18264=CARTESIAN_POINT('',(0.00966,0.01452,0.00141));
#18265=CARTESIAN_POINT('',(0.01266,0.01452,-0.00114));
#18266=CARTESIAN_POINT('',(0.01266,0.01452,0.00141));
#18267=CARTESIAN_POINT('',(0.01116,0.01452,0.00141));
#18268=CARTESIAN_POINT('',(0.01266,0.01462,-0.00114));
#18269=CARTESIAN_POINT('',(0.01266,0.01472,-0.00114));
#18270=CARTESIAN_POINT('',(0.01266,0.01472,0.00141));
#18271=CARTESIAN_POINT('',(0.01266,0.01462,0.00141));
#18272=CARTESIAN_POINT('',(0.01116,0.01472,-0.00114));
#18273=CARTESIAN_POINT('',(0.01116,0.01472,0.00141));
#18274=CARTESIAN_POINT('',(0.00966,0.01472,0.00141));
#18275=CARTESIAN_POINT('',(0.01116,0.01472,-0.00114));
#18276=CARTESIAN_POINT('',(0.00966,0.01472,-0.00114));
#18277=CARTESIAN_POINT('',(0.00966,0.01462,-0.00114));
#18278=CARTESIAN_POINT('',(0.00966,0.01462,0.00141));
#18279=CARTESIAN_POINT('',(0.00735,0.01555,-0.00114));
#18280=CARTESIAN_POINT('',(0.00735,0.01555,0.00141));
#18281=CARTESIAN_POINT('',(0.01116,0.01368,-0.00114));
#18282=CARTESIAN_POINT('',(0.00966,0.01368,-0.00114));
#18283=CARTESIAN_POINT('',(0.00966,0.01368,-0.00114));
#18284=CARTESIAN_POINT('',(0.01266,0.01368,-0.00114));
#18285=CARTESIAN_POINT('',(0.01266,0.01368,-0.00114));
#18286=CARTESIAN_POINT('',(0.01116,0.01368,-0.00114));
#18287=CARTESIAN_POINT('',(0.00966,0.01358,-0.00114));
#18288=CARTESIAN_POINT('',(0.00966,0.01348,-0.00114));
#18289=CARTESIAN_POINT('',(0.00966,0.01348,0.00141));
#18290=CARTESIAN_POINT('',(0.00966,0.01358,0.00141));
#18291=CARTESIAN_POINT('',(0.00966,0.01368,0.00141));
#18292=CARTESIAN_POINT('',(0.00966,0.01368,-0.00114));
#18293=CARTESIAN_POINT('',(0.00966,0.01358,-0.00114));
#18294=CARTESIAN_POINT('',(0.00966,0.01358,-0.00114));
#18295=CARTESIAN_POINT('',(0.00966,0.01348,-0.00114));
#18296=CARTESIAN_POINT('',(0.00966,0.01348,-0.00114));
#18297=CARTESIAN_POINT('',(0.01266,0.01358,-0.00114));
#18298=CARTESIAN_POINT('',(0.01266,0.01348,-0.00114));
#18299=CARTESIAN_POINT('',(0.01266,0.01348,0.00141));
#18300=CARTESIAN_POINT('',(0.01266,0.01368,-0.00114));
#18301=CARTESIAN_POINT('',(0.01266,0.01368,0.00141));
#18302=CARTESIAN_POINT('',(0.01266,0.01358,0.00141));
#18303=CARTESIAN_POINT('',(0.01266,0.01358,-0.00114));
#18304=CARTESIAN_POINT('',(0.01266,0.01348,-0.00114));
#18305=CARTESIAN_POINT('',(0.01266,0.01348,-0.00114));
#18306=CARTESIAN_POINT('',(0.01266,0.01358,-0.00114));
#18307=CARTESIAN_POINT('',(0.01116,0.01368,-0.00114));
#18308=CARTESIAN_POINT('',(0.01116,0.01368,0.00141));
#18309=CARTESIAN_POINT('',(0.01116,0.01348,-0.00114));
#18310=CARTESIAN_POINT('',(0.01116,0.01348,0.00141));
#18311=CARTESIAN_POINT('',(0.01116,0.01348,-0.00114));
#18312=CARTESIAN_POINT('',(0.00735,0.01555,-0.00114));
#18313=CARTESIAN_POINT('',(0.00735,0.01555,0.00141));
#18314=CARTESIAN_POINT('',(0.01116,0.01198,-0.00114));
#18315=CARTESIAN_POINT('',(0.00966,0.01198,-0.00114));
#18316=CARTESIAN_POINT('',(0.00966,0.01198,-0.00114));
#18317=CARTESIAN_POINT('',(0.01116,0.01198,-0.00114));
#18318=CARTESIAN_POINT('',(0.01266,0.01198,-0.00114));
#18319=CARTESIAN_POINT('',(0.01266,0.01198,-0.00114));
#18320=CARTESIAN_POINT('',(0.01266,0.01208,-0.00114));
#18321=CARTESIAN_POINT('',(0.01266,0.01208,-0.00114));
#18322=CARTESIAN_POINT('',(0.01266,0.01218,-0.00114));
#18323=CARTESIAN_POINT('',(0.01266,0.01218,-0.00114));
#18324=CARTESIAN_POINT('',(0.00966,0.01208,-0.00114));
#18325=CARTESIAN_POINT('',(0.00966,0.01218,-0.00114));
#18326=CARTESIAN_POINT('',(0.00966,0.01218,-0.00114));
#18327=CARTESIAN_POINT('',(0.00966,0.01208,-0.00114));
#18328=CARTESIAN_POINT('',(0.01116,0.01198,-0.00114));
#18329=CARTESIAN_POINT('',(0.00966,0.01198,-0.00114));
#18330=CARTESIAN_POINT('',(0.00966,0.01198,0.00141));
#18331=CARTESIAN_POINT('',(0.01266,0.01198,-0.00114));
#18332=CARTESIAN_POINT('',(0.01266,0.01198,0.00141));
#18333=CARTESIAN_POINT('',(0.01116,0.01198,0.00141));
#18334=CARTESIAN_POINT('',(0.01266,0.01208,-0.00114));
#18335=CARTESIAN_POINT('',(0.01266,0.01218,-0.00114));
#18336=CARTESIAN_POINT('',(0.01266,0.01218,0.00141));
#18337=CARTESIAN_POINT('',(0.01266,0.01208,0.00141));
#18338=CARTESIAN_POINT('',(0.01116,0.01218,-0.00114));
#18339=CARTESIAN_POINT('',(0.01116,0.01218,0.00141));
#18340=CARTESIAN_POINT('',(0.00966,0.01218,0.00141));
#18341=CARTESIAN_POINT('',(0.01116,0.01218,-0.00114));
#18342=CARTESIAN_POINT('',(0.00966,0.01218,-0.00114));
#18343=CARTESIAN_POINT('',(0.00966,0.01208,-0.00114));
#18344=CARTESIAN_POINT('',(0.00966,0.01208,0.00141));
#18345=CARTESIAN_POINT('',(0.00735,0.01555,-0.00114));
#18346=CARTESIAN_POINT('',(0.00735,0.01555,0.00141));
#18347=CARTESIAN_POINT('',(0.01116,0.01114,-0.00114));
#18348=CARTESIAN_POINT('',(0.00966,0.01114,-0.00114));
#18349=CARTESIAN_POINT('',(0.00966,0.01114,-0.00114));
#18350=CARTESIAN_POINT('',(0.01266,0.01114,-0.00114));
#18351=CARTESIAN_POINT('',(0.01266,0.01114,-0.00114));
#18352=CARTESIAN_POINT('',(0.01116,0.01114,-0.00114));
#18353=CARTESIAN_POINT('',(0.00966,0.01104,-0.00114));
#18354=CARTESIAN_POINT('',(0.00966,0.01094,-0.00114));
#18355=CARTESIAN_POINT('',(0.00966,0.01094,0.00141));
#18356=CARTESIAN_POINT('',(0.00966,0.01104,0.00141));
#18357=CARTESIAN_POINT('',(0.00966,0.01114,0.00141));
#18358=CARTESIAN_POINT('',(0.00966,0.01114,-0.00114));
#18359=CARTESIAN_POINT('',(0.00966,0.01104,-0.00114));
#18360=CARTESIAN_POINT('',(0.00966,0.01104,-0.00114));
#18361=CARTESIAN_POINT('',(0.00966,0.01094,-0.00114));
#18362=CARTESIAN_POINT('',(0.00966,0.01094,-0.00114));
#18363=CARTESIAN_POINT('',(0.01266,0.01104,-0.00114));
#18364=CARTESIAN_POINT('',(0.01266,0.01094,-0.00114));
#18365=CARTESIAN_POINT('',(0.01266,0.01094,0.00141));
#18366=CARTESIAN_POINT('',(0.01266,0.01114,-0.00114));
#18367=CARTESIAN_POINT('',(0.01266,0.01114,0.00141));
#18368=CARTESIAN_POINT('',(0.01266,0.01104,0.00141));
#18369=CARTESIAN_POINT('',(0.01266,0.01104,-0.00114));
#18370=CARTESIAN_POINT('',(0.01266,0.01094,-0.00114));
#18371=CARTESIAN_POINT('',(0.01266,0.01094,-0.00114));
#18372=CARTESIAN_POINT('',(0.01266,0.01104,-0.00114));
#18373=CARTESIAN_POINT('',(0.01116,0.01114,-0.00114));
#18374=CARTESIAN_POINT('',(0.01116,0.01114,0.00141));
#18375=CARTESIAN_POINT('',(0.01116,0.01094,-0.00114));
#18376=CARTESIAN_POINT('',(0.01116,0.01094,0.00141));
#18377=CARTESIAN_POINT('',(0.01116,0.01094,-0.00114));
#18378=CARTESIAN_POINT('',(0.00735,0.01555,-0.00114));
#18379=CARTESIAN_POINT('',(0.00735,0.01555,0.00141));
#18380=CARTESIAN_POINT('',(0.01116,0.00944,-0.00114));
#18381=CARTESIAN_POINT('',(0.00966,0.00944,-0.00114));
#18382=CARTESIAN_POINT('',(0.00966,0.00944,-0.00114));
#18383=CARTESIAN_POINT('',(0.01116,0.00944,-0.00114));
#18384=CARTESIAN_POINT('',(0.01266,0.00944,-0.00114));
#18385=CARTESIAN_POINT('',(0.01266,0.00944,-0.00114));
#18386=CARTESIAN_POINT('',(0.01266,0.00954,-0.00114));
#18387=CARTESIAN_POINT('',(0.01266,0.00954,-0.00114));
#18388=CARTESIAN_POINT('',(0.01266,0.00964,-0.00114));
#18389=CARTESIAN_POINT('',(0.01266,0.00964,-0.00114));
#18390=CARTESIAN_POINT('',(0.00966,0.00954,-0.00114));
#18391=CARTESIAN_POINT('',(0.00966,0.00964,-0.00114));
#18392=CARTESIAN_POINT('',(0.00966,0.00964,-0.00114));
#18393=CARTESIAN_POINT('',(0.00966,0.00954,-0.00114));
#18394=CARTESIAN_POINT('',(0.01116,0.00944,-0.00114));
#18395=CARTESIAN_POINT('',(0.00966,0.00944,-0.00114));
#18396=CARTESIAN_POINT('',(0.00966,0.00944,0.00141));
#18397=CARTESIAN_POINT('',(0.01266,0.00944,-0.00114));
#18398=CARTESIAN_POINT('',(0.01266,0.00944,0.00141));
#18399=CARTESIAN_POINT('',(0.01116,0.00944,0.00141));
#18400=CARTESIAN_POINT('',(0.01266,0.00954,-0.00114));
#18401=CARTESIAN_POINT('',(0.01266,0.00964,-0.00114));
#18402=CARTESIAN_POINT('',(0.01266,0.00964,0.00141));
#18403=CARTESIAN_POINT('',(0.01266,0.00954,0.00141));
#18404=CARTESIAN_POINT('',(0.01116,0.00964,-0.00114));
#18405=CARTESIAN_POINT('',(0.01116,0.00964,0.00141));
#18406=CARTESIAN_POINT('',(0.00966,0.00964,0.00141));
#18407=CARTESIAN_POINT('',(0.01116,0.00964,-0.00114));
#18408=CARTESIAN_POINT('',(0.00966,0.00964,-0.00114));
#18409=CARTESIAN_POINT('',(0.00966,0.00954,-0.00114));
#18410=CARTESIAN_POINT('',(0.00966,0.00954,0.00141));
#18411=CARTESIAN_POINT('',(0.00735,0.01555,-0.00114));
#18412=CARTESIAN_POINT('',(0.00735,0.01555,0.00141));
#18413=CARTESIAN_POINT('',(0.01116,0.0086,-0.00114));
#18414=CARTESIAN_POINT('',(0.00966,0.0086,-0.00114));
#18415=CARTESIAN_POINT('',(0.00966,0.0086,-0.00114));
#18416=CARTESIAN_POINT('',(0.01266,0.0086,-0.00114));
#18417=CARTESIAN_POINT('',(0.01266,0.0086,-0.00114));
#18418=CARTESIAN_POINT('',(0.01116,0.0086,-0.00114));
#18419=CARTESIAN_POINT('',(0.00966,0.0085,-0.00114));
#18420=CARTESIAN_POINT('',(0.00966,0.0084,-0.00114));
#18421=CARTESIAN_POINT('',(0.00966,0.0084,0.00141));
#18422=CARTESIAN_POINT('',(0.00966,0.0085,0.00141));
#18423=CARTESIAN_POINT('',(0.00966,0.0086,0.00141));
#18424=CARTESIAN_POINT('',(0.00966,0.0086,-0.00114));
#18425=CARTESIAN_POINT('',(0.00966,0.0085,-0.00114));
#18426=CARTESIAN_POINT('',(0.00966,0.0085,-0.00114));
#18427=CARTESIAN_POINT('',(0.00966,0.0084,-0.00114));
#18428=CARTESIAN_POINT('',(0.00966,0.0084,-0.00114));
#18429=CARTESIAN_POINT('',(0.01266,0.0085,-0.00114));
#18430=CARTESIAN_POINT('',(0.01266,0.0084,-0.00114));
#18431=CARTESIAN_POINT('',(0.01266,0.0084,0.00141));
#18432=CARTESIAN_POINT('',(0.01266,0.0086,-0.00114));
#18433=CARTESIAN_POINT('',(0.01266,0.0086,0.00141));
#18434=CARTESIAN_POINT('',(0.01266,0.0085,0.00141));
#18435=CARTESIAN_POINT('',(0.01266,0.0085,-0.00114));
#18436=CARTESIAN_POINT('',(0.01266,0.0084,-0.00114));
#18437=CARTESIAN_POINT('',(0.01266,0.0084,-0.00114));
#18438=CARTESIAN_POINT('',(0.01266,0.0085,-0.00114));
#18439=CARTESIAN_POINT('',(0.01116,0.0086,-0.00114));
#18440=CARTESIAN_POINT('',(0.01116,0.0086,0.00141));
#18441=CARTESIAN_POINT('',(0.01116,0.0084,-0.00114));
#18442=CARTESIAN_POINT('',(0.01116,0.0084,0.00141));
#18443=CARTESIAN_POINT('',(0.01116,0.0084,-0.00114));
#18444=CARTESIAN_POINT('',(0.00735,0.01555,-0.00114));
#18445=CARTESIAN_POINT('',(0.00735,0.01555,0.00141));
#18446=CARTESIAN_POINT('',(0.01116,0.0069,-0.00114));
#18447=CARTESIAN_POINT('',(0.00966,0.0069,-0.00114));
#18448=CARTESIAN_POINT('',(0.00966,0.0069,-0.00114));
#18449=CARTESIAN_POINT('',(0.01116,0.0069,-0.00114));
#18450=CARTESIAN_POINT('',(0.01266,0.0069,-0.00114));
#18451=CARTESIAN_POINT('',(0.01266,0.0069,-0.00114));
#18452=CARTESIAN_POINT('',(0.01266,0.007,-0.00114));
#18453=CARTESIAN_POINT('',(0.01266,0.007,-0.00114));
#18454=CARTESIAN_POINT('',(0.01266,0.0071,-0.00114));
#18455=CARTESIAN_POINT('',(0.01266,0.0071,-0.00114));
#18456=CARTESIAN_POINT('',(0.00966,0.007,-0.00114));
#18457=CARTESIAN_POINT('',(0.00966,0.0071,-0.00114));
#18458=CARTESIAN_POINT('',(0.00966,0.0071,-0.00114));
#18459=CARTESIAN_POINT('',(0.00966,0.007,-0.00114));
#18460=CARTESIAN_POINT('',(0.01116,0.0069,-0.00114));
#18461=CARTESIAN_POINT('',(0.00966,0.0069,-0.00114));
#18462=CARTESIAN_POINT('',(0.00966,0.0069,0.00141));
#18463=CARTESIAN_POINT('',(0.01266,0.0069,-0.00114));
#18464=CARTESIAN_POINT('',(0.01266,0.0069,0.00141));
#18465=CARTESIAN_POINT('',(0.01116,0.0069,0.00141));
#18466=CARTESIAN_POINT('',(0.01266,0.007,-0.00114));
#18467=CARTESIAN_POINT('',(0.01266,0.0071,-0.00114));
#18468=CARTESIAN_POINT('',(0.01266,0.0071,0.00141));
#18469=CARTESIAN_POINT('',(0.01266,0.007,0.00141));
#18470=CARTESIAN_POINT('',(0.01116,0.0071,-0.00114));
#18471=CARTESIAN_POINT('',(0.01116,0.0071,0.00141));
#18472=CARTESIAN_POINT('',(0.00966,0.0071,0.00141));
#18473=CARTESIAN_POINT('',(0.01116,0.0071,-0.00114));
#18474=CARTESIAN_POINT('',(0.00966,0.0071,-0.00114));
#18475=CARTESIAN_POINT('',(0.00966,0.007,-0.00114));
#18476=CARTESIAN_POINT('',(0.00966,0.007,0.00141));
#18477=CARTESIAN_POINT('',(0.00735,0.01555,-0.00114));
#18478=CARTESIAN_POINT('',(0.00735,0.01555,0.00141));
#18479=CARTESIAN_POINT('',(0.016075,0.016625,0.0035));
#18480=CARTESIAN_POINT('',(0.00735,0.001975,0.0035));
#18481=CARTESIAN_POINT('',(0.00855,0.001975,0.0035));
#18482=CARTESIAN_POINT('',(0.00755,0.002575,0.0035));
#18483=CARTESIAN_POINT('',(0.00755,0.002975,0.0035));
#18484=CARTESIAN_POINT('',(0.00755,0.002175,0.0035));
#18485=CARTESIAN_POINT('',(0.00795,0.002175,0.0035));
#18486=CARTESIAN_POINT('',(0.00835,0.002175,0.0035));
#18487=CARTESIAN_POINT('',(0.00835,0.001975,0.0035));
#18488=CARTESIAN_POINT('',(0.00835,0.001775,0.0035));
#18489=CARTESIAN_POINT('',(0.00795,0.001775,0.0035));
#18490=CARTESIAN_POINT('',(0.00755,0.001775,0.0035));
#18491=CARTESIAN_POINT('',(0.00755,0.001375,0.0035));
#18492=CARTESIAN_POINT('',(0.00755,0.000975,0.0035));
#18493=CARTESIAN_POINT('',(0.00735,0.000975,0.0035));
#18494=CARTESIAN_POINT('',(0.00715,0.000975,0.0035));
#18495=CARTESIAN_POINT('',(0.00715,0.001375,0.0035));
#18496=CARTESIAN_POINT('',(0.00715,0.001775,0.0035));
#18497=CARTESIAN_POINT('',(0.00675,0.001775,0.0035));
#18498=CARTESIAN_POINT('',(0.00635,0.001775,0.0035));
#18499=CARTESIAN_POINT('',(0.00635,0.001975,0.0035));
#18500=CARTESIAN_POINT('',(0.00635,0.002175,0.0035));
#18501=CARTESIAN_POINT('',(0.00675,0.002175,0.0035));
#18502=CARTESIAN_POINT('',(0.00715,0.002175,0.0035));
#18503=CARTESIAN_POINT('',(0.00715,0.002575,0.0035));
#18504=CARTESIAN_POINT('',(0.00715,0.002975,0.0035));
#18505=CARTESIAN_POINT('',(0.00735,0.002975,0.0035));
#18506=CARTESIAN_POINT('',(0.016075,0.016625,0.0023));
#18507=CARTESIAN_POINT('',(0.016075,0.016625,0.0035));
#18508=CARTESIAN_POINT('',(0.00735,0.031275,0.0035));
#18509=CARTESIAN_POINT('',(0.00855,0.031275,0.0035));
#18510=CARTESIAN_POINT('',(0.00755,0.031875,0.0035));
#18511=CARTESIAN_POINT('',(0.00755,0.032275,0.0035));
#18512=CARTESIAN_POINT('',(0.00755,0.031475,0.0035));
#18513=CARTESIAN_POINT('',(0.00795,0.031475,0.0035));
#18514=CARTESIAN_POINT('',(0.00835,0.031475,0.0035));
#18515=CARTESIAN_POINT('',(0.00835,0.031275,0.0035));
#18516=CARTESIAN_POINT('',(0.00835,0.031075,0.0035));
#18517=CARTESIAN_POINT('',(0.00795,0.031075,0.0035));
#18518=CARTESIAN_POINT('',(0.00755,0.031075,0.0035));
#18519=CARTESIAN_POINT('',(0.00755,0.030675,0.0035));
#18520=CARTESIAN_POINT('',(0.00755,0.030275,0.0035));
#18521=CARTESIAN_POINT('',(0.00735,0.030275,0.0035));
#18522=CARTESIAN_POINT('',(0.00715,0.030275,0.0035));
#18523=CARTESIAN_POINT('',(0.00715,0.030675,0.0035));
#18524=CARTESIAN_POINT('',(0.00715,0.031075,0.0035));
#18525=CARTESIAN_POINT('',(0.00675,0.031075,0.0035));
#18526=CARTESIAN_POINT('',(0.00635,0.031075,0.0035));
#18527=CARTESIAN_POINT('',(0.00635,0.031275,0.0035));
#18528=CARTESIAN_POINT('',(0.00635,0.031475,0.0035));
#18529=CARTESIAN_POINT('',(0.00675,0.031475,0.0035));
#18530=CARTESIAN_POINT('',(0.00715,0.031475,0.0035));
#18531=CARTESIAN_POINT('',(0.00715,0.031875,0.0035));
#18532=CARTESIAN_POINT('',(0.00715,0.032275,0.0035));
#18533=CARTESIAN_POINT('',(0.00735,0.032275,0.0035));
#18534=CARTESIAN_POINT('',(0.016075,0.016625,0.0023));
#18535=CARTESIAN_POINT('',(0.00755,0.031875,0.003502));
#18536=CARTESIAN_POINT('',(0.00755,0.032275,0.003502));
#18537=CARTESIAN_POINT('',(0.00755,0.032275,0.003));
#18538=CARTESIAN_POINT('',(0.00755,0.031875,0.003));
#18539=CARTESIAN_POINT('',(0.00755,0.031475,0.003));
#18540=CARTESIAN_POINT('',(0.00755,0.031475,0.003502));
#18541=CARTESIAN_POINT('',(0.00735,0.032275,0.003502));
#18542=CARTESIAN_POINT('',(0.00715,0.032275,0.003502));
#18543=CARTESIAN_POINT('',(0.00715,0.032275,0.003));
#18544=CARTESIAN_POINT('',(0.00735,0.032275,0.003));
#18545=CARTESIAN_POINT('',(0.00715,0.031875,0.003502));
#18546=CARTESIAN_POINT('',(0.00715,0.031475,0.003502));
#18547=CARTESIAN_POINT('',(0.00715,0.031475,0.003));
#18548=CARTESIAN_POINT('',(0.00715,0.031875,0.003));
#18549=CARTESIAN_POINT('',(0.00675,0.031475,0.003502));
#18550=CARTESIAN_POINT('',(0.00635,0.031475,0.003502));
#18551=CARTESIAN_POINT('',(0.00635,0.031475,0.003));
#18552=CARTESIAN_POINT('',(0.00675,0.031475,0.003));
#18553=CARTESIAN_POINT('',(0.00635,0.031275,0.003502));
#18554=CARTESIAN_POINT('',(0.00635,0.031075,0.003502));
#18555=CARTESIAN_POINT('',(0.00635,0.031075,0.003));
#18556=CARTESIAN_POINT('',(0.00635,0.031275,0.003));
#18557=CARTESIAN_POINT('',(0.00675,0.031075,0.003502));
#18558=CARTESIAN_POINT('',(0.00715,0.031075,0.003502));
#18559=CARTESIAN_POINT('',(0.00715,0.031075,0.003));
#18560=CARTESIAN_POINT('',(0.00675,0.031075,0.003));
#18561=CARTESIAN_POINT('',(0.00715,0.030675,0.003502));
#18562=CARTESIAN_POINT('',(0.00715,0.030275,0.003502));
#18563=CARTESIAN_POINT('',(0.00715,0.030275,0.003));
#18564=CARTESIAN_POINT('',(0.00715,0.030675,0.003));
#18565=CARTESIAN_POINT('',(0.00735,0.030275,0.003502));
#18566=CARTESIAN_POINT('',(0.00755,0.030275,0.003502));
#18567=CARTESIAN_POINT('',(0.00755,0.030275,0.003));
#18568=CARTESIAN_POINT('',(0.00735,0.030275,0.003));
#18569=CARTESIAN_POINT('',(0.00755,0.030675,0.003502));
#18570=CARTESIAN_POINT('',(0.00755,0.031075,0.003502));
#18571=CARTESIAN_POINT('',(0.00755,0.031075,0.003));
#18572=CARTESIAN_POINT('',(0.00755,0.030675,0.003));
#18573=CARTESIAN_POINT('',(0.00795,0.031075,0.003502));
#18574=CARTESIAN_POINT('',(0.00835,0.031075,0.003502));
#18575=CARTESIAN_POINT('',(0.00835,0.031075,0.003));
#18576=CARTESIAN_POINT('',(0.00795,0.031075,0.003));
#18577=CARTESIAN_POINT('',(0.00835,0.031275,0.003502));
#18578=CARTESIAN_POINT('',(0.00835,0.031475,0.003502));
#18579=CARTESIAN_POINT('',(0.00835,0.031475,0.003));
#18580=CARTESIAN_POINT('',(0.00835,0.031275,0.003));
#18581=CARTESIAN_POINT('',(0.00795,0.031475,0.003502));
#18582=CARTESIAN_POINT('',(0.00795,0.031475,0.003));
#18583=CARTESIAN_POINT('',(0.016075,0.016625,0.003));
#18584=CARTESIAN_POINT('',(0.00755,0.002575,0.003502));
#18585=CARTESIAN_POINT('',(0.00755,0.002975,0.003502));
#18586=CARTESIAN_POINT('',(0.00755,0.002975,0.003));
#18587=CARTESIAN_POINT('',(0.00755,0.002575,0.003));
#18588=CARTESIAN_POINT('',(0.00755,0.002175,0.003));
#18589=CARTESIAN_POINT('',(0.00755,0.002175,0.003502));
#18590=CARTESIAN_POINT('',(0.00735,0.002975,0.003502));
#18591=CARTESIAN_POINT('',(0.00715,0.002975,0.003502));
#18592=CARTESIAN_POINT('',(0.00715,0.002975,0.003));
#18593=CARTESIAN_POINT('',(0.00735,0.002975,0.003));
#18594=CARTESIAN_POINT('',(0.00715,0.002575,0.003502));
#18595=CARTESIAN_POINT('',(0.00715,0.002175,0.003502));
#18596=CARTESIAN_POINT('',(0.00715,0.002175,0.003));
#18597=CARTESIAN_POINT('',(0.00715,0.002575,0.003));
#18598=CARTESIAN_POINT('',(0.00675,0.002175,0.003502));
#18599=CARTESIAN_POINT('',(0.00635,0.002175,0.003502));
#18600=CARTESIAN_POINT('',(0.00635,0.002175,0.003));
#18601=CARTESIAN_POINT('',(0.00675,0.002175,0.003));
#18602=CARTESIAN_POINT('',(0.00635,0.001975,0.003502));
#18603=CARTESIAN_POINT('',(0.00635,0.001775,0.003502));
#18604=CARTESIAN_POINT('',(0.00635,0.001775,0.003));
#18605=CARTESIAN_POINT('',(0.00635,0.001975,0.003));
#18606=CARTESIAN_POINT('',(0.00675,0.001775,0.003502));
#18607=CARTESIAN_POINT('',(0.00715,0.001775,0.003502));
#18608=CARTESIAN_POINT('',(0.00715,0.001775,0.003));
#18609=CARTESIAN_POINT('',(0.00675,0.001775,0.003));
#18610=CARTESIAN_POINT('',(0.00715,0.001375,0.003502));
#18611=CARTESIAN_POINT('',(0.00715,0.000975,0.003502));
#18612=CARTESIAN_POINT('',(0.00715,0.000975,0.003));
#18613=CARTESIAN_POINT('',(0.00715,0.001375,0.003));
#18614=CARTESIAN_POINT('',(0.00735,0.000975,0.003502));
#18615=CARTESIAN_POINT('',(0.00755,0.000975,0.003502));
#18616=CARTESIAN_POINT('',(0.00755,0.000975,0.003));
#18617=CARTESIAN_POINT('',(0.00735,0.000975,0.003));
#18618=CARTESIAN_POINT('',(0.00755,0.001375,0.003502));
#18619=CARTESIAN_POINT('',(0.00755,0.001775,0.003502));
#18620=CARTESIAN_POINT('',(0.00755,0.001775,0.003));
#18621=CARTESIAN_POINT('',(0.00755,0.001375,0.003));
#18622=CARTESIAN_POINT('',(0.00795,0.001775,0.003502));
#18623=CARTESIAN_POINT('',(0.00835,0.001775,0.003502));
#18624=CARTESIAN_POINT('',(0.00835,0.001775,0.003));
#18625=CARTESIAN_POINT('',(0.00795,0.001775,0.003));
#18626=CARTESIAN_POINT('',(0.00835,0.001975,0.003502));
#18627=CARTESIAN_POINT('',(0.00835,0.002175,0.003502));
#18628=CARTESIAN_POINT('',(0.00835,0.002175,0.003));
#18629=CARTESIAN_POINT('',(0.00835,0.001975,0.003));
#18630=CARTESIAN_POINT('',(0.00795,0.002175,0.003502));
#18631=CARTESIAN_POINT('',(0.00795,0.002175,0.003));
#18632=CARTESIAN_POINT('',(0.016075,0.016625,0.003));
#18633=CARTESIAN_POINT('',(0.00735,0.031275,0.0033));
#18634=CARTESIAN_POINT('',(0.00735,0.001975,0.0033));
#18635=CARTESIAN_POINT('',(-0.002025,-0.001975,0.0074));
#18636=CARTESIAN_POINT('',(0.00885,0.02845,0.0044));
#18637=CARTESIAN_POINT('',(0.00885,0.02925,0.0044));
#18638=CARTESIAN_POINT('',(0.00885,0.02925,0.0044));
#18639=CARTESIAN_POINT('',(0.00885,0.02925,0.0031));
#18640=CARTESIAN_POINT('',(0.00885,0.02845,0.00831918358845307));
#18641=CARTESIAN_POINT('',(0.00885,0.02765,0.0044));
#18642=CARTESIAN_POINT('',(0.00885,0.02765,0.0044));
#18643=CARTESIAN_POINT('',(0.00885,0.02765,0.0031));
#18644=CARTESIAN_POINT('',(0.00885,0.02845,0.0031));
#18645=CARTESIAN_POINT('',(0.00585,0.02845,0.0044));
#18646=CARTESIAN_POINT('',(0.00585,0.02845,0.00831918358845307));
#18647=CARTESIAN_POINT('',(0.00585,0.02925,0.0044));
#18648=CARTESIAN_POINT('',(0.00585,0.02765,0.0044));
#18649=CARTESIAN_POINT('',(0.00585,0.02925,0.0044));
#18650=CARTESIAN_POINT('',(0.00585,0.02925,0.0031));
#18651=CARTESIAN_POINT('',(0.00585,0.02845,0.0031));
#18652=CARTESIAN_POINT('',(0.00585,0.02765,0.0031));
#18653=CARTESIAN_POINT('',(0.00585,0.02765,0.0044));
#18654=CARTESIAN_POINT('',(0.0039,0.02925,0.0069));
#18655=CARTESIAN_POINT('',(0.00735,0.02925,0.0044));
#18656=CARTESIAN_POINT('',(0.011775,0.02925,0.0031));
#18657=CARTESIAN_POINT('',(0.0147,0.02925,0.0031));
#18658=CARTESIAN_POINT('',(0.0147,0.02925,0.0069));
#18659=CARTESIAN_POINT('',(0.0147,0.02925,0.0069));
#18660=CARTESIAN_POINT('',(0.0039,0.02925,0.0069));
#18661=CARTESIAN_POINT('',(0.00195,0.02925,0.0069));
#18662=CARTESIAN_POINT('',(0.00195,0.02925,0.0069));
#18663=CARTESIAN_POINT('',(0.00195,0.02925,0.0044));
#18664=CARTESIAN_POINT('',(0.000975,0.02925,0.0044));
#18665=CARTESIAN_POINT('',(0.,0.02925,0.0044));
#18666=CARTESIAN_POINT('',(0.,0.02925,0.0044));
#18667=CARTESIAN_POINT('',(0.,0.02925,0.0031));
#18668=CARTESIAN_POINT('',(0.0039,0.02925,0.0031));
#18669=CARTESIAN_POINT('',(0.00314,0.00775,0.0031));
#18670=CARTESIAN_POINT('',(0.00314,0.00775,0.00309));
#18671=CARTESIAN_POINT('',(0.00314,0.00757,0.00309));
#18672=CARTESIAN_POINT('',(0.00314,0.00793,0.00309));
#18673=CARTESIAN_POINT('',(0.00314,0.00793,0.0031));
#18674=CARTESIAN_POINT('',(0.00314,0.00793,0.0031));
#18675=CARTESIAN_POINT('',(0.00314,0.00775,0.0031));
#18676=CARTESIAN_POINT('',(0.00314,0.00757,0.0031));
#18677=CARTESIAN_POINT('',(0.00314,0.00757,0.0031));
#18678=CARTESIAN_POINT('',(0.00354,0.00793,0.0031));
#18679=CARTESIAN_POINT('',(0.00354,0.00793,0.00309));
#18680=CARTESIAN_POINT('',(0.00394,0.00793,0.00309));
#18681=CARTESIAN_POINT('',(0.00394,0.00793,0.0031));
#18682=CARTESIAN_POINT('',(0.00394,0.00793,0.0031));
#18683=CARTESIAN_POINT('',(0.00354,0.00793,0.0031));
#18684=CARTESIAN_POINT('',(0.00394,0.00775,0.0031));
#18685=CARTESIAN_POINT('',(0.00394,0.00775,0.00309));
#18686=CARTESIAN_POINT('',(0.00394,0.00757,0.00309));
#18687=CARTESIAN_POINT('',(0.00394,0.00757,0.0031));
#18688=CARTESIAN_POINT('',(0.00394,0.00757,0.0031));
#18689=CARTESIAN_POINT('',(0.00394,0.00775,0.0031));
#18690=CARTESIAN_POINT('',(0.01116,0.02317,0.0031));
#18691=CARTESIAN_POINT('',(0.01076,0.02317,0.0031));
#18692=CARTESIAN_POINT('',(0.01076,0.02317,0.0031));
#18693=CARTESIAN_POINT('',(0.01076,0.02317,0.00309));
#18694=CARTESIAN_POINT('',(0.01116,0.02317,0.00309));
#18695=CARTESIAN_POINT('',(0.01156,0.02317,0.00309));
#18696=CARTESIAN_POINT('',(0.01156,0.02317,0.0031));
#18697=CARTESIAN_POINT('',(0.01156,0.02317,0.0031));
#18698=CARTESIAN_POINT('',(0.01116,0.02317,0.0031));
#18699=CARTESIAN_POINT('',(0.01156,0.02299,0.0031));
#18700=CARTESIAN_POINT('',(0.01156,0.02299,0.00309));
#18701=CARTESIAN_POINT('',(0.01156,0.02281,0.00309));
#18702=CARTESIAN_POINT('',(0.01156,0.02281,0.0031));
#18703=CARTESIAN_POINT('',(0.01156,0.02281,0.0031));
#18704=CARTESIAN_POINT('',(0.01156,0.02299,0.0031));
#18705=CARTESIAN_POINT('',(0.01116,0.02281,0.0031));
#18706=CARTESIAN_POINT('',(0.01116,0.02281,0.00309));
#18707=CARTESIAN_POINT('',(0.01076,0.02281,0.00309));
#18708=CARTESIAN_POINT('',(0.01076,0.02281,0.0031));
#18709=CARTESIAN_POINT('',(0.01076,0.02281,0.0031));
#18710=CARTESIAN_POINT('',(0.01116,0.02281,0.0031));
#18711=CARTESIAN_POINT('',(0.01116,0.02063,0.0031));
#18712=CARTESIAN_POINT('',(0.01076,0.02063,0.0031));
#18713=CARTESIAN_POINT('',(0.01076,0.02063,0.0031));
#18714=CARTESIAN_POINT('',(0.01076,0.02063,0.00309));
#18715=CARTESIAN_POINT('',(0.01116,0.02063,0.00309));
#18716=CARTESIAN_POINT('',(0.01156,0.02063,0.00309));
#18717=CARTESIAN_POINT('',(0.01156,0.02063,0.0031));
#18718=CARTESIAN_POINT('',(0.01156,0.02063,0.0031));
#18719=CARTESIAN_POINT('',(0.01116,0.02063,0.0031));
#18720=CARTESIAN_POINT('',(0.01156,0.02045,0.0031));
#18721=CARTESIAN_POINT('',(0.01156,0.02045,0.00309));
#18722=CARTESIAN_POINT('',(0.01156,0.02027,0.00309));
#18723=CARTESIAN_POINT('',(0.01156,0.02027,0.0031));
#18724=CARTESIAN_POINT('',(0.01156,0.02027,0.0031));
#18725=CARTESIAN_POINT('',(0.01156,0.02045,0.0031));
#18726=CARTESIAN_POINT('',(0.01116,0.02027,0.0031));
#18727=CARTESIAN_POINT('',(0.01116,0.02027,0.00309));
#18728=CARTESIAN_POINT('',(0.01076,0.02027,0.00309));
#18729=CARTESIAN_POINT('',(0.01076,0.02027,0.0031));
#18730=CARTESIAN_POINT('',(0.01076,0.02027,0.0031));
#18731=CARTESIAN_POINT('',(0.01116,0.02027,0.0031));
#18732=CARTESIAN_POINT('',(0.01116,0.01809,0.0031));
#18733=CARTESIAN_POINT('',(0.01076,0.01809,0.0031));
#18734=CARTESIAN_POINT('',(0.01076,0.01809,0.0031));
#18735=CARTESIAN_POINT('',(0.01076,0.01809,0.00309));
#18736=CARTESIAN_POINT('',(0.01116,0.01809,0.00309));
#18737=CARTESIAN_POINT('',(0.01156,0.01809,0.00309));
#18738=CARTESIAN_POINT('',(0.01156,0.01809,0.0031));
#18739=CARTESIAN_POINT('',(0.01156,0.01809,0.0031));
#18740=CARTESIAN_POINT('',(0.01116,0.01809,0.0031));
#18741=CARTESIAN_POINT('',(0.01156,0.01791,0.0031));
#18742=CARTESIAN_POINT('',(0.01156,0.01791,0.00309));
#18743=CARTESIAN_POINT('',(0.01156,0.01773,0.00309));
#18744=CARTESIAN_POINT('',(0.01156,0.01773,0.0031));
#18745=CARTESIAN_POINT('',(0.01156,0.01773,0.0031));
#18746=CARTESIAN_POINT('',(0.01156,0.01791,0.0031));
#18747=CARTESIAN_POINT('',(0.01116,0.01773,0.0031));
#18748=CARTESIAN_POINT('',(0.01116,0.01773,0.00309));
#18749=CARTESIAN_POINT('',(0.01076,0.01773,0.00309));
#18750=CARTESIAN_POINT('',(0.01076,0.01773,0.0031));
#18751=CARTESIAN_POINT('',(0.01076,0.01773,0.0031));
#18752=CARTESIAN_POINT('',(0.01116,0.01773,0.0031));
#18753=CARTESIAN_POINT('',(0.01116,0.01555,0.0031));
#18754=CARTESIAN_POINT('',(0.01076,0.01555,0.0031));
#18755=CARTESIAN_POINT('',(0.01076,0.01555,0.0031));
#18756=CARTESIAN_POINT('',(0.01076,0.01555,0.00309));
#18757=CARTESIAN_POINT('',(0.01116,0.01555,0.00309));
#18758=CARTESIAN_POINT('',(0.01156,0.01555,0.00309));
#18759=CARTESIAN_POINT('',(0.01156,0.01555,0.0031));
#18760=CARTESIAN_POINT('',(0.01156,0.01555,0.0031));
#18761=CARTESIAN_POINT('',(0.01116,0.01555,0.0031));
#18762=CARTESIAN_POINT('',(0.01156,0.01537,0.0031));
#18763=CARTESIAN_POINT('',(0.01156,0.01537,0.00309));
#18764=CARTESIAN_POINT('',(0.01156,0.01519,0.00309));
#18765=CARTESIAN_POINT('',(0.01156,0.01519,0.0031));
#18766=CARTESIAN_POINT('',(0.01156,0.01519,0.0031));
#18767=CARTESIAN_POINT('',(0.01156,0.01537,0.0031));
#18768=CARTESIAN_POINT('',(0.01116,0.01519,0.0031));
#18769=CARTESIAN_POINT('',(0.01116,0.01519,0.00309));
#18770=CARTESIAN_POINT('',(0.01076,0.01519,0.00309));
#18771=CARTESIAN_POINT('',(0.01076,0.01519,0.0031));
#18772=CARTESIAN_POINT('',(0.01076,0.01519,0.0031));
#18773=CARTESIAN_POINT('',(0.01116,0.01519,0.0031));
#18774=CARTESIAN_POINT('',(0.01116,0.01301,0.0031));
#18775=CARTESIAN_POINT('',(0.01076,0.01301,0.0031));
#18776=CARTESIAN_POINT('',(0.01076,0.01301,0.0031));
#18777=CARTESIAN_POINT('',(0.01076,0.01301,0.00309));
#18778=CARTESIAN_POINT('',(0.01116,0.01301,0.00309));
#18779=CARTESIAN_POINT('',(0.01156,0.01301,0.00309));
#18780=CARTESIAN_POINT('',(0.01156,0.01301,0.0031));
#18781=CARTESIAN_POINT('',(0.01156,0.01301,0.0031));
#18782=CARTESIAN_POINT('',(0.01116,0.01301,0.0031));
#18783=CARTESIAN_POINT('',(0.01156,0.01283,0.0031));
#18784=CARTESIAN_POINT('',(0.01156,0.01283,0.00309));
#18785=CARTESIAN_POINT('',(0.01156,0.01265,0.00309));
#18786=CARTESIAN_POINT('',(0.01156,0.01265,0.0031));
#18787=CARTESIAN_POINT('',(0.01156,0.01265,0.0031));
#18788=CARTESIAN_POINT('',(0.01156,0.01283,0.0031));
#18789=CARTESIAN_POINT('',(0.01116,0.01265,0.0031));
#18790=CARTESIAN_POINT('',(0.01116,0.01265,0.00309));
#18791=CARTESIAN_POINT('',(0.01076,0.01265,0.00309));
#18792=CARTESIAN_POINT('',(0.01076,0.01265,0.0031));
#18793=CARTESIAN_POINT('',(0.01076,0.01265,0.0031));
#18794=CARTESIAN_POINT('',(0.01116,0.01265,0.0031));
#18795=CARTESIAN_POINT('',(0.01116,0.01047,0.0031));
#18796=CARTESIAN_POINT('',(0.01076,0.01047,0.0031));
#18797=CARTESIAN_POINT('',(0.01076,0.01047,0.0031));
#18798=CARTESIAN_POINT('',(0.01076,0.01047,0.00309));
#18799=CARTESIAN_POINT('',(0.01116,0.01047,0.00309));
#18800=CARTESIAN_POINT('',(0.01156,0.01047,0.00309));
#18801=CARTESIAN_POINT('',(0.01156,0.01047,0.0031));
#18802=CARTESIAN_POINT('',(0.01156,0.01047,0.0031));
#18803=CARTESIAN_POINT('',(0.01116,0.01047,0.0031));
#18804=CARTESIAN_POINT('',(0.01156,0.01029,0.0031));
#18805=CARTESIAN_POINT('',(0.01156,0.01029,0.00309));
#18806=CARTESIAN_POINT('',(0.01156,0.01011,0.00309));
#18807=CARTESIAN_POINT('',(0.01156,0.01011,0.0031));
#18808=CARTESIAN_POINT('',(0.01156,0.01011,0.0031));
#18809=CARTESIAN_POINT('',(0.01156,0.01029,0.0031));
#18810=CARTESIAN_POINT('',(0.01116,0.01011,0.0031));
#18811=CARTESIAN_POINT('',(0.01116,0.01011,0.00309));
#18812=CARTESIAN_POINT('',(0.01076,0.01011,0.00309));
#18813=CARTESIAN_POINT('',(0.01076,0.01011,0.0031));
#18814=CARTESIAN_POINT('',(0.01076,0.01011,0.0031));
#18815=CARTESIAN_POINT('',(0.01116,0.01011,0.0031));
#18816=CARTESIAN_POINT('',(0.01116,0.00793,0.0031));
#18817=CARTESIAN_POINT('',(0.01076,0.00793,0.0031));
#18818=CARTESIAN_POINT('',(0.01076,0.00793,0.0031));
#18819=CARTESIAN_POINT('',(0.01076,0.00793,0.00309));
#18820=CARTESIAN_POINT('',(0.01116,0.00793,0.00309));
#18821=CARTESIAN_POINT('',(0.01156,0.00793,0.00309));
#18822=CARTESIAN_POINT('',(0.01156,0.00793,0.0031));
#18823=CARTESIAN_POINT('',(0.01156,0.00793,0.0031));
#18824=CARTESIAN_POINT('',(0.01116,0.00793,0.0031));
#18825=CARTESIAN_POINT('',(0.01156,0.00775,0.0031));
#18826=CARTESIAN_POINT('',(0.01156,0.00775,0.00309));
#18827=CARTESIAN_POINT('',(0.01156,0.00757,0.00309));
#18828=CARTESIAN_POINT('',(0.01156,0.00757,0.0031));
#18829=CARTESIAN_POINT('',(0.01156,0.00757,0.0031));
#18830=CARTESIAN_POINT('',(0.01156,0.00775,0.0031));
#18831=CARTESIAN_POINT('',(0.01116,0.00757,0.0031));
#18832=CARTESIAN_POINT('',(0.01116,0.00757,0.00309));
#18833=CARTESIAN_POINT('',(0.01076,0.00757,0.00309));
#18834=CARTESIAN_POINT('',(0.01076,0.00757,0.0031));
#18835=CARTESIAN_POINT('',(0.01076,0.00757,0.0031));
#18836=CARTESIAN_POINT('',(0.01116,0.00757,0.0031));
#18837=CARTESIAN_POINT('',(0.00354,0.02317,0.0031));
#18838=CARTESIAN_POINT('',(0.00314,0.02317,0.0031));
#18839=CARTESIAN_POINT('',(0.00314,0.02317,0.0031));
#18840=CARTESIAN_POINT('',(0.00314,0.02317,0.00309));
#18841=CARTESIAN_POINT('',(0.00354,0.02317,0.00309));
#18842=CARTESIAN_POINT('',(0.00394,0.02317,0.00309));
#18843=CARTESIAN_POINT('',(0.00394,0.02317,0.0031));
#18844=CARTESIAN_POINT('',(0.00394,0.02317,0.0031));
#18845=CARTESIAN_POINT('',(0.00354,0.02317,0.0031));
#18846=CARTESIAN_POINT('',(0.00394,0.02299,0.0031));
#18847=CARTESIAN_POINT('',(0.00394,0.02299,0.00309));
#18848=CARTESIAN_POINT('',(0.00394,0.02281,0.00309));
#18849=CARTESIAN_POINT('',(0.00394,0.02281,0.0031));
#18850=CARTESIAN_POINT('',(0.00394,0.02281,0.0031));
#18851=CARTESIAN_POINT('',(0.00394,0.02299,0.0031));
#18852=CARTESIAN_POINT('',(0.00354,0.02281,0.0031));
#18853=CARTESIAN_POINT('',(0.00354,0.02281,0.00309));
#18854=CARTESIAN_POINT('',(0.00314,0.02281,0.00309));
#18855=CARTESIAN_POINT('',(0.00314,0.02281,0.0031));
#18856=CARTESIAN_POINT('',(0.00314,0.02281,0.0031));
#18857=CARTESIAN_POINT('',(0.00354,0.02281,0.0031));
#18858=CARTESIAN_POINT('',(0.00354,0.02063,0.0031));
#18859=CARTESIAN_POINT('',(0.00314,0.02063,0.0031));
#18860=CARTESIAN_POINT('',(0.00314,0.02063,0.0031));
#18861=CARTESIAN_POINT('',(0.00314,0.02063,0.00309));
#18862=CARTESIAN_POINT('',(0.00354,0.02063,0.00309));
#18863=CARTESIAN_POINT('',(0.00394,0.02063,0.00309));
#18864=CARTESIAN_POINT('',(0.00394,0.02063,0.0031));
#18865=CARTESIAN_POINT('',(0.00394,0.02063,0.0031));
#18866=CARTESIAN_POINT('',(0.00354,0.02063,0.0031));
#18867=CARTESIAN_POINT('',(0.00394,0.02045,0.0031));
#18868=CARTESIAN_POINT('',(0.00394,0.02045,0.00309));
#18869=CARTESIAN_POINT('',(0.00394,0.02027,0.00309));
#18870=CARTESIAN_POINT('',(0.00394,0.02027,0.0031));
#18871=CARTESIAN_POINT('',(0.00394,0.02027,0.0031));
#18872=CARTESIAN_POINT('',(0.00394,0.02045,0.0031));
#18873=CARTESIAN_POINT('',(0.00354,0.02027,0.0031));
#18874=CARTESIAN_POINT('',(0.00354,0.02027,0.00309));
#18875=CARTESIAN_POINT('',(0.00314,0.02027,0.00309));
#18876=CARTESIAN_POINT('',(0.00314,0.02027,0.0031));
#18877=CARTESIAN_POINT('',(0.00314,0.02027,0.0031));
#18878=CARTESIAN_POINT('',(0.00354,0.02027,0.0031));
#18879=CARTESIAN_POINT('',(0.00354,0.01809,0.0031));
#18880=CARTESIAN_POINT('',(0.00314,0.01809,0.0031));
#18881=CARTESIAN_POINT('',(0.00314,0.01809,0.0031));
#18882=CARTESIAN_POINT('',(0.00314,0.01809,0.00309));
#18883=CARTESIAN_POINT('',(0.00354,0.01809,0.00309));
#18884=CARTESIAN_POINT('',(0.00394,0.01809,0.00309));
#18885=CARTESIAN_POINT('',(0.00394,0.01809,0.0031));
#18886=CARTESIAN_POINT('',(0.00394,0.01809,0.0031));
#18887=CARTESIAN_POINT('',(0.00354,0.01809,0.0031));
#18888=CARTESIAN_POINT('',(0.00394,0.01791,0.0031));
#18889=CARTESIAN_POINT('',(0.00394,0.01791,0.00309));
#18890=CARTESIAN_POINT('',(0.00394,0.01773,0.00309));
#18891=CARTESIAN_POINT('',(0.00394,0.01773,0.0031));
#18892=CARTESIAN_POINT('',(0.00394,0.01773,0.0031));
#18893=CARTESIAN_POINT('',(0.00394,0.01791,0.0031));
#18894=CARTESIAN_POINT('',(0.00354,0.01773,0.0031));
#18895=CARTESIAN_POINT('',(0.00354,0.01773,0.00309));
#18896=CARTESIAN_POINT('',(0.00314,0.01773,0.00309));
#18897=CARTESIAN_POINT('',(0.00314,0.01773,0.0031));
#18898=CARTESIAN_POINT('',(0.00314,0.01773,0.0031));
#18899=CARTESIAN_POINT('',(0.00354,0.01773,0.0031));
#18900=CARTESIAN_POINT('',(0.00354,0.01555,0.0031));
#18901=CARTESIAN_POINT('',(0.00314,0.01555,0.0031));
#18902=CARTESIAN_POINT('',(0.00314,0.01555,0.0031));
#18903=CARTESIAN_POINT('',(0.00314,0.01555,0.00309));
#18904=CARTESIAN_POINT('',(0.00354,0.01555,0.00309));
#18905=CARTESIAN_POINT('',(0.00394,0.01555,0.00309));
#18906=CARTESIAN_POINT('',(0.00394,0.01555,0.0031));
#18907=CARTESIAN_POINT('',(0.00394,0.01555,0.0031));
#18908=CARTESIAN_POINT('',(0.00354,0.01555,0.0031));
#18909=CARTESIAN_POINT('',(0.00394,0.01537,0.0031));
#18910=CARTESIAN_POINT('',(0.00394,0.01537,0.00309));
#18911=CARTESIAN_POINT('',(0.00394,0.01519,0.00309));
#18912=CARTESIAN_POINT('',(0.00394,0.01519,0.0031));
#18913=CARTESIAN_POINT('',(0.00394,0.01519,0.0031));
#18914=CARTESIAN_POINT('',(0.00394,0.01537,0.0031));
#18915=CARTESIAN_POINT('',(0.00354,0.01519,0.0031));
#18916=CARTESIAN_POINT('',(0.00354,0.01519,0.00309));
#18917=CARTESIAN_POINT('',(0.00314,0.01519,0.00309));
#18918=CARTESIAN_POINT('',(0.00314,0.01519,0.0031));
#18919=CARTESIAN_POINT('',(0.00314,0.01519,0.0031));
#18920=CARTESIAN_POINT('',(0.00354,0.01519,0.0031));
#18921=CARTESIAN_POINT('',(0.00354,0.01301,0.0031));
#18922=CARTESIAN_POINT('',(0.00314,0.01301,0.0031));
#18923=CARTESIAN_POINT('',(0.00314,0.01301,0.0031));
#18924=CARTESIAN_POINT('',(0.00314,0.01301,0.00309));
#18925=CARTESIAN_POINT('',(0.00354,0.01301,0.00309));
#18926=CARTESIAN_POINT('',(0.00394,0.01301,0.00309));
#18927=CARTESIAN_POINT('',(0.00394,0.01301,0.0031));
#18928=CARTESIAN_POINT('',(0.00394,0.01301,0.0031));
#18929=CARTESIAN_POINT('',(0.00354,0.01301,0.0031));
#18930=CARTESIAN_POINT('',(0.00394,0.01283,0.0031));
#18931=CARTESIAN_POINT('',(0.00394,0.01283,0.00309));
#18932=CARTESIAN_POINT('',(0.00394,0.01265,0.00309));
#18933=CARTESIAN_POINT('',(0.00394,0.01265,0.0031));
#18934=CARTESIAN_POINT('',(0.00394,0.01265,0.0031));
#18935=CARTESIAN_POINT('',(0.00394,0.01283,0.0031));
#18936=CARTESIAN_POINT('',(0.00354,0.01265,0.0031));
#18937=CARTESIAN_POINT('',(0.00354,0.01265,0.00309));
#18938=CARTESIAN_POINT('',(0.00314,0.01265,0.00309));
#18939=CARTESIAN_POINT('',(0.00314,0.01265,0.0031));
#18940=CARTESIAN_POINT('',(0.00314,0.01265,0.0031));
#18941=CARTESIAN_POINT('',(0.00354,0.01265,0.0031));
#18942=CARTESIAN_POINT('',(0.00354,0.01047,0.0031));
#18943=CARTESIAN_POINT('',(0.00314,0.01047,0.0031));
#18944=CARTESIAN_POINT('',(0.00314,0.01047,0.0031));
#18945=CARTESIAN_POINT('',(0.00314,0.01047,0.00309));
#18946=CARTESIAN_POINT('',(0.00354,0.01047,0.00309));
#18947=CARTESIAN_POINT('',(0.00394,0.01047,0.00309));
#18948=CARTESIAN_POINT('',(0.00394,0.01047,0.0031));
#18949=CARTESIAN_POINT('',(0.00394,0.01047,0.0031));
#18950=CARTESIAN_POINT('',(0.00354,0.01047,0.0031));
#18951=CARTESIAN_POINT('',(0.00394,0.01029,0.0031));
#18952=CARTESIAN_POINT('',(0.00394,0.01029,0.00309));
#18953=CARTESIAN_POINT('',(0.00394,0.01011,0.00309));
#18954=CARTESIAN_POINT('',(0.00394,0.01011,0.0031));
#18955=CARTESIAN_POINT('',(0.00394,0.01011,0.0031));
#18956=CARTESIAN_POINT('',(0.00394,0.01029,0.0031));
#18957=CARTESIAN_POINT('',(0.00354,0.01011,0.0031));
#18958=CARTESIAN_POINT('',(0.00354,0.01011,0.00309));
#18959=CARTESIAN_POINT('',(0.00314,0.01011,0.00309));
#18960=CARTESIAN_POINT('',(0.00314,0.01011,0.0031));
#18961=CARTESIAN_POINT('',(0.00314,0.01011,0.0031));
#18962=CARTESIAN_POINT('',(0.00354,0.01011,0.0031));
#18963=CARTESIAN_POINT('',(0.,0.016625,0.0031));
#18964=CARTESIAN_POINT('',(0.,0.016625,0.));
#18965=CARTESIAN_POINT('',(0.,0.001,0.));
#18966=CARTESIAN_POINT('',(0.,0.03225,0.));
#18967=CARTESIAN_POINT('',(0.,0.001,0.0069));
#18968=CARTESIAN_POINT('',(0.,0.001,0.0069));
#18969=CARTESIAN_POINT('',(0.,0.002,0.0069));
#18970=CARTESIAN_POINT('',(0.,0.004,0.0069));
#18971=CARTESIAN_POINT('',(0.,0.004,0.0069));
#18972=CARTESIAN_POINT('',(0.,0.004,0.0031));
#18973=CARTESIAN_POINT('',(0.,0.016625,0.0031));
#18974=CARTESIAN_POINT('',(0.,0.03125,0.0044));
#18975=CARTESIAN_POINT('',(0.,0.03225,0.0044));
#18976=CARTESIAN_POINT('',(0.,0.03225,0.0031));
#18977=CARTESIAN_POINT('',(0.0147,0.016625,0.0031));
#18978=CARTESIAN_POINT('',(0.0147,0.002,0.0069));
#18979=CARTESIAN_POINT('',(0.0147,0.001,0.0069));
#18980=CARTESIAN_POINT('',(0.0147,0.004,0.0069));
#18981=CARTESIAN_POINT('',(0.0147,0.001,0.0031));
#18982=CARTESIAN_POINT('',(0.0147,0.001,0.));
#18983=CARTESIAN_POINT('',(0.0147,0.016625,0.));
#18984=CARTESIAN_POINT('',(0.0147,0.03225,0.));
#18985=CARTESIAN_POINT('',(0.0147,0.03225,0.0069));
#18986=CARTESIAN_POINT('',(0.0147,0.03225,0.0069));
#18987=CARTESIAN_POINT('',(0.0147,0.03125,0.0069));
#18988=CARTESIAN_POINT('',(0.0147,0.016625,0.0031));
#18989=CARTESIAN_POINT('',(0.0147,0.004,0.0031));
#18990=CARTESIAN_POINT('',(0.0147,0.004,0.0069));
#18991=CARTESIAN_POINT('',(0.01076,0.02299,0.0031));
#18992=CARTESIAN_POINT('',(0.01076,0.02299,0.00309));
#18993=CARTESIAN_POINT('',(0.01076,0.02299,0.0031));
#18994=CARTESIAN_POINT('',(0.01076,0.02045,0.0031));
#18995=CARTESIAN_POINT('',(0.01076,0.02045,0.00309));
#18996=CARTESIAN_POINT('',(0.01076,0.02045,0.0031));
#18997=CARTESIAN_POINT('',(0.01076,0.01791,0.0031));
#18998=CARTESIAN_POINT('',(0.01076,0.01791,0.00309));
#18999=CARTESIAN_POINT('',(0.01076,0.01791,0.0031));
#19000=CARTESIAN_POINT('',(0.01076,0.01537,0.0031));
#19001=CARTESIAN_POINT('',(0.01076,0.01537,0.00309));
#19002=CARTESIAN_POINT('',(0.01076,0.01537,0.0031));
#19003=CARTESIAN_POINT('',(0.01076,0.01283,0.0031));
#19004=CARTESIAN_POINT('',(0.01076,0.01283,0.00309));
#19005=CARTESIAN_POINT('',(0.01076,0.01283,0.0031));
#19006=CARTESIAN_POINT('',(0.01076,0.01029,0.0031));
#19007=CARTESIAN_POINT('',(0.01076,0.01029,0.00309));
#19008=CARTESIAN_POINT('',(0.01076,0.01029,0.0031));
#19009=CARTESIAN_POINT('',(0.01076,0.00775,0.0031));
#19010=CARTESIAN_POINT('',(0.01076,0.00775,0.00309));
#19011=CARTESIAN_POINT('',(0.01076,0.00775,0.0031));
#19012=CARTESIAN_POINT('',(0.00314,0.02299,0.0031));
#19013=CARTESIAN_POINT('',(0.00314,0.02299,0.00309));
#19014=CARTESIAN_POINT('',(0.00314,0.02299,0.0031));
#19015=CARTESIAN_POINT('',(0.00314,0.02045,0.0031));
#19016=CARTESIAN_POINT('',(0.00314,0.02045,0.00309));
#19017=CARTESIAN_POINT('',(0.00314,0.02045,0.0031));
#19018=CARTESIAN_POINT('',(0.00314,0.01791,0.0031));
#19019=CARTESIAN_POINT('',(0.00314,0.01791,0.00309));
#19020=CARTESIAN_POINT('',(0.00314,0.01791,0.0031));
#19021=CARTESIAN_POINT('',(0.00314,0.01537,0.0031));
#19022=CARTESIAN_POINT('',(0.00314,0.01537,0.00309));
#19023=CARTESIAN_POINT('',(0.00314,0.01537,0.0031));
#19024=CARTESIAN_POINT('',(0.00314,0.01283,0.0031));
#19025=CARTESIAN_POINT('',(0.00314,0.01283,0.00309));
#19026=CARTESIAN_POINT('',(0.00314,0.01283,0.0031));
#19027=CARTESIAN_POINT('',(0.00314,0.01029,0.0031));
#19028=CARTESIAN_POINT('',(0.00314,0.01029,0.00309));
#19029=CARTESIAN_POINT('',(0.00314,0.01029,0.0031));
#19030=CARTESIAN_POINT('',(0.00354,0.00757,0.0031));
#19031=CARTESIAN_POINT('',(0.00354,0.00757,0.00309));
#19032=CARTESIAN_POINT('',(0.00354,0.00757,0.0031));
#19033=CARTESIAN_POINT('',(0.00735,0.016625,0.0031));
#19034=CARTESIAN_POINT('',(0.00735,0.004,0.0031));
#19035=CARTESIAN_POINT('',(0.00735,0.02765,0.0031));
#19036=CARTESIAN_POINT('',(0.00735,0.016625,0.));
#19037=CARTESIAN_POINT('',(0.00735,0.001975,0.));
#19038=CARTESIAN_POINT('',(0.0088,0.001975,0.));
#19039=CARTESIAN_POINT('',(0.012675,0.001975,0.));
#19040=CARTESIAN_POINT('',(0.014125,0.001975,0.));
#19041=CARTESIAN_POINT('',(0.002025,0.001975,0.));
#19042=CARTESIAN_POINT('',(0.003475,0.001975,0.));
#19043=CARTESIAN_POINT('',(0.002025,0.031275,0.));
#19044=CARTESIAN_POINT('',(0.003475,0.031275,0.));
#19045=CARTESIAN_POINT('',(0.012675,0.031275,0.));
#19046=CARTESIAN_POINT('',(0.014125,0.031275,0.));
#19047=CARTESIAN_POINT('',(0.00735,0.031275,0.));
#19048=CARTESIAN_POINT('',(0.0088,0.031275,0.));
#19049=CARTESIAN_POINT('',(0.00735,0.016625,0.));
#19050=CARTESIAN_POINT('',(0.0088,0.016625,0.));
#19051=CARTESIAN_POINT('',(0.0137,0.001,0.));
#19052=CARTESIAN_POINT('',(0.0137,0.,0.));
#19053=CARTESIAN_POINT('',(0.00735,0.,0.));
#19054=CARTESIAN_POINT('',(0.001,0.,0.));
#19055=CARTESIAN_POINT('',(0.001,0.001,0.));
#19056=CARTESIAN_POINT('',(0.001,0.03225,0.));
#19057=CARTESIAN_POINT('',(0.001,0.03325,0.));
#19058=CARTESIAN_POINT('',(0.008325,0.03325,0.));
#19059=CARTESIAN_POINT('',(0.0137,0.03325,0.));
#19060=CARTESIAN_POINT('',(0.0137,0.03225,0.));
#19061=CARTESIAN_POINT('',(0.00354,0.01047,0.));
#19062=CARTESIAN_POINT('',(0.00314,0.01047,0.));
#19063=CARTESIAN_POINT('',(0.00394,0.01047,0.));
#19064=CARTESIAN_POINT('',(0.00314,0.01029,0.));
#19065=CARTESIAN_POINT('',(0.00314,0.01011,0.));
#19066=CARTESIAN_POINT('',(0.00354,0.01011,0.));
#19067=CARTESIAN_POINT('',(0.00394,0.01011,0.));
#19068=CARTESIAN_POINT('',(0.00394,0.01029,0.));
#19069=CARTESIAN_POINT('',(0.00354,0.01301,0.));
#19070=CARTESIAN_POINT('',(0.00314,0.01301,0.));
#19071=CARTESIAN_POINT('',(0.00394,0.01301,0.));
#19072=CARTESIAN_POINT('',(0.00314,0.01283,0.));
#19073=CARTESIAN_POINT('',(0.00314,0.01265,0.));
#19074=CARTESIAN_POINT('',(0.00354,0.01265,0.));
#19075=CARTESIAN_POINT('',(0.00394,0.01265,0.));
#19076=CARTESIAN_POINT('',(0.00394,0.01283,0.));
#19077=CARTESIAN_POINT('',(0.00354,0.01555,0.));
#19078=CARTESIAN_POINT('',(0.00314,0.01555,0.));
#19079=CARTESIAN_POINT('',(0.00394,0.01555,0.));
#19080=CARTESIAN_POINT('',(0.00314,0.01537,0.));
#19081=CARTESIAN_POINT('',(0.00314,0.01519,0.));
#19082=CARTESIAN_POINT('',(0.00354,0.01519,0.));
#19083=CARTESIAN_POINT('',(0.00394,0.01519,0.));
#19084=CARTESIAN_POINT('',(0.00394,0.01537,0.));
#19085=CARTESIAN_POINT('',(0.00354,0.01809,0.));
#19086=CARTESIAN_POINT('',(0.00314,0.01809,0.));
#19087=CARTESIAN_POINT('',(0.00394,0.01809,0.));
#19088=CARTESIAN_POINT('',(0.00314,0.01791,0.));
#19089=CARTESIAN_POINT('',(0.00314,0.01773,0.));
#19090=CARTESIAN_POINT('',(0.00354,0.01773,0.));
#19091=CARTESIAN_POINT('',(0.00394,0.01773,0.));
#19092=CARTESIAN_POINT('',(0.00394,0.01791,0.));
#19093=CARTESIAN_POINT('',(0.00354,0.02063,0.));
#19094=CARTESIAN_POINT('',(0.00314,0.02063,0.));
#19095=CARTESIAN_POINT('',(0.00394,0.02063,0.));
#19096=CARTESIAN_POINT('',(0.00314,0.02045,0.));
#19097=CARTESIAN_POINT('',(0.00314,0.02027,0.));
#19098=CARTESIAN_POINT('',(0.00354,0.02027,0.));
#19099=CARTESIAN_POINT('',(0.00394,0.02027,0.));
#19100=CARTESIAN_POINT('',(0.00394,0.02045,0.));
#19101=CARTESIAN_POINT('',(0.00354,0.02317,0.));
#19102=CARTESIAN_POINT('',(0.00314,0.02317,0.));
#19103=CARTESIAN_POINT('',(0.00394,0.02317,0.));
#19104=CARTESIAN_POINT('',(0.00314,0.02299,0.));
#19105=CARTESIAN_POINT('',(0.00314,0.02281,0.));
#19106=CARTESIAN_POINT('',(0.00354,0.02281,0.));
#19107=CARTESIAN_POINT('',(0.00394,0.02281,0.));
#19108=CARTESIAN_POINT('',(0.00394,0.02299,0.));
#19109=CARTESIAN_POINT('',(0.01116,0.00793,0.));
#19110=CARTESIAN_POINT('',(0.01076,0.00793,0.));
#19111=CARTESIAN_POINT('',(0.01156,0.00793,0.));
#19112=CARTESIAN_POINT('',(0.01076,0.00775,0.));
#19113=CARTESIAN_POINT('',(0.01076,0.00757,0.));
#19114=CARTESIAN_POINT('',(0.01116,0.00757,0.));
#19115=CARTESIAN_POINT('',(0.01156,0.00757,0.));
#19116=CARTESIAN_POINT('',(0.01156,0.00775,0.));
#19117=CARTESIAN_POINT('',(0.01116,0.01047,0.));
#19118=CARTESIAN_POINT('',(0.01076,0.01047,0.));
#19119=CARTESIAN_POINT('',(0.01156,0.01047,0.));
#19120=CARTESIAN_POINT('',(0.01076,0.01029,0.));
#19121=CARTESIAN_POINT('',(0.01076,0.01011,0.));
#19122=CARTESIAN_POINT('',(0.01116,0.01011,0.));
#19123=CARTESIAN_POINT('',(0.01156,0.01011,0.));
#19124=CARTESIAN_POINT('',(0.01156,0.01029,0.));
#19125=CARTESIAN_POINT('',(0.01116,0.01301,0.));
#19126=CARTESIAN_POINT('',(0.01076,0.01301,0.));
#19127=CARTESIAN_POINT('',(0.01156,0.01301,0.));
#19128=CARTESIAN_POINT('',(0.01076,0.01283,0.));
#19129=CARTESIAN_POINT('',(0.01076,0.01265,0.));
#19130=CARTESIAN_POINT('',(0.01116,0.01265,0.));
#19131=CARTESIAN_POINT('',(0.01156,0.01265,0.));
#19132=CARTESIAN_POINT('',(0.01156,0.01283,0.));
#19133=CARTESIAN_POINT('',(0.01116,0.01555,0.));
#19134=CARTESIAN_POINT('',(0.01076,0.01555,0.));
#19135=CARTESIAN_POINT('',(0.01156,0.01555,0.));
#19136=CARTESIAN_POINT('',(0.01076,0.01537,0.));
#19137=CARTESIAN_POINT('',(0.01076,0.01519,0.));
#19138=CARTESIAN_POINT('',(0.01116,0.01519,0.));
#19139=CARTESIAN_POINT('',(0.01156,0.01519,0.));
#19140=CARTESIAN_POINT('',(0.01156,0.01537,0.));
#19141=CARTESIAN_POINT('',(0.01116,0.01809,0.));
#19142=CARTESIAN_POINT('',(0.01076,0.01809,0.));
#19143=CARTESIAN_POINT('',(0.01156,0.01809,0.));
#19144=CARTESIAN_POINT('',(0.01076,0.01791,0.));
#19145=CARTESIAN_POINT('',(0.01076,0.01773,0.));
#19146=CARTESIAN_POINT('',(0.01116,0.01773,0.));
#19147=CARTESIAN_POINT('',(0.01156,0.01773,0.));
#19148=CARTESIAN_POINT('',(0.01156,0.01791,0.));
#19149=CARTESIAN_POINT('',(0.01116,0.02063,0.));
#19150=CARTESIAN_POINT('',(0.01076,0.02063,0.));
#19151=CARTESIAN_POINT('',(0.01156,0.02063,0.));
#19152=CARTESIAN_POINT('',(0.01076,0.02045,0.));
#19153=CARTESIAN_POINT('',(0.01076,0.02027,0.));
#19154=CARTESIAN_POINT('',(0.01116,0.02027,0.));
#19155=CARTESIAN_POINT('',(0.01156,0.02027,0.));
#19156=CARTESIAN_POINT('',(0.01156,0.02045,0.));
#19157=CARTESIAN_POINT('',(0.01116,0.02317,0.));
#19158=CARTESIAN_POINT('',(0.01076,0.02317,0.));
#19159=CARTESIAN_POINT('',(0.01156,0.02317,0.));
#19160=CARTESIAN_POINT('',(0.01076,0.02299,0.));
#19161=CARTESIAN_POINT('',(0.01076,0.02281,0.));
#19162=CARTESIAN_POINT('',(0.01116,0.02281,0.));
#19163=CARTESIAN_POINT('',(0.01156,0.02281,0.));
#19164=CARTESIAN_POINT('',(0.01156,0.02299,0.));
#19165=CARTESIAN_POINT('',(0.00314,0.00775,0.));
#19166=CARTESIAN_POINT('',(0.00314,0.00793,0.));
#19167=CARTESIAN_POINT('',(0.00314,0.00757,0.));
#19168=CARTESIAN_POINT('',(0.00354,0.00757,0.));
#19169=CARTESIAN_POINT('',(0.00394,0.00757,0.));
#19170=CARTESIAN_POINT('',(0.00394,0.00775,0.));
#19171=CARTESIAN_POINT('',(0.00394,0.00793,0.));
#19172=CARTESIAN_POINT('',(0.00354,0.00793,0.));
#19173=CARTESIAN_POINT('',(0.00735,0.004,0.0069));
#19174=CARTESIAN_POINT('',(0.00735,0.004,0.0069));
#19175=CARTESIAN_POINT('',(0.00735,0.,0.0069));
#19176=CARTESIAN_POINT('',(0.0137,0.,0.0069));
#19177=CARTESIAN_POINT('',(0.0137,0.,0.0069));
#19178=CARTESIAN_POINT('',(0.00735,0.,0.0069));
#19179=CARTESIAN_POINT('',(0.001,0.,0.0069));
#19180=CARTESIAN_POINT('',(0.001,0.,0.));
#19181=CARTESIAN_POINT('',(0.00735,0.016625,0.0069));
#19182=CARTESIAN_POINT('',(0.0137,0.001,0.0069));
#19183=CARTESIAN_POINT('',(0.001,0.001,0.0069));
#19184=CARTESIAN_POINT('',(0.00195,0.0329865295228787,0.0069));
#19185=CARTESIAN_POINT('',(0.00195,0.0329865295228787,0.0069));
#19186=CARTESIAN_POINT('',(0.00195,0.03225,0.0069));
#19187=CARTESIAN_POINT('',(0.00195,0.03225,0.0044));
#19188=CARTESIAN_POINT('',(0.00195,0.03225,0.0044));
#19189=CARTESIAN_POINT('',(0.00195,0.0295384704771212,0.0044));
#19190=CARTESIAN_POINT('',(0.008325,0.03325,0.0069));
#19191=CARTESIAN_POINT('',(0.008325,0.03325,0.0069));
#19192=CARTESIAN_POINT('',(0.00295,0.03325,0.0069));
#19193=CARTESIAN_POINT('',(0.0137,0.03325,0.0069));
#19194=CARTESIAN_POINT('',(0.0137,0.03325,0.));
#19195=CARTESIAN_POINT('',(0.001,0.03325,0.0069));
#19196=CARTESIAN_POINT('',(0.001,0.03325,0.0044));
#19197=CARTESIAN_POINT('',(0.000975,0.03325,0.0044));
#19198=CARTESIAN_POINT('',(0.00295,0.03325,0.0044));
#19199=CARTESIAN_POINT('',(0.00295,0.03325,0.0069));
#19200=CARTESIAN_POINT('',(0.00735,0.016625,0.0069));
#19201=CARTESIAN_POINT('',(0.0137,0.03225,0.0069));
#19202=CARTESIAN_POINT('',(0.00295,0.03225,0.0069));
#19203=CARTESIAN_POINT('',(0.00735,0.02765,0.0044));
#19204=CARTESIAN_POINT('',(0.00735,0.02765,0.0044));
#19205=CARTESIAN_POINT('',(0.00735,0.016625,0.0044));
#19206=CARTESIAN_POINT('',(0.001,0.03225,0.0044));
#19207=CARTESIAN_POINT('',(0.00295,0.03225,0.0044));
#19208=CARTESIAN_POINT('',(0.0137,0.001,0.0031));
#19209=CARTESIAN_POINT('',(0.001,0.001,0.0069));
#19210=CARTESIAN_POINT('',(0.0137,0.03225,0.0069));
#19211=CARTESIAN_POINT('',(0.001,0.03225,0.0031));
#19212=CARTESIAN_POINT('',(0.00295,0.03225,0.0069));
#19213=CARTESIAN_POINT('',(0.014702,0.02845,0.00831918358845307));
#19214=CARTESIAN_POINT('',(0.00735,0.016625,-0.0005));
#19215=CARTESIAN_POINT('',(0.00735,0.016625,-0.0005));
#19216=CARTESIAN_POINT('',(0.0088,0.016625,-0.0005));
#19217=CARTESIAN_POINT('',(0.00735,0.016625,-0.0005));
#19218=CARTESIAN_POINT('',(0.00735,0.031275,-0.0005));
#19219=CARTESIAN_POINT('',(0.00735,0.031275,-0.0005));
#19220=CARTESIAN_POINT('',(0.0088,0.031275,-0.0005));
#19221=CARTESIAN_POINT('',(0.00735,0.016625,-0.0005));
#19222=CARTESIAN_POINT('',(0.012675,0.031275,-0.0005));
#19223=CARTESIAN_POINT('',(0.012675,0.031275,-0.0005));
#19224=CARTESIAN_POINT('',(0.014125,0.031275,-0.0005));
#19225=CARTESIAN_POINT('',(0.00735,0.016625,-0.0005));
#19226=CARTESIAN_POINT('',(0.002025,0.031275,-0.0005));
#19227=CARTESIAN_POINT('',(0.002025,0.031275,-0.0005));
#19228=CARTESIAN_POINT('',(0.003475,0.031275,-0.0005));
#19229=CARTESIAN_POINT('',(0.00735,0.016625,-0.0005));
#19230=CARTESIAN_POINT('',(0.002025,0.001975,-0.0005));
#19231=CARTESIAN_POINT('',(0.002025,0.001975,-0.0005));
#19232=CARTESIAN_POINT('',(0.003475,0.001975,-0.0005));
#19233=CARTESIAN_POINT('',(0.00735,0.016625,-0.0005));
#19234=CARTESIAN_POINT('',(0.012675,0.001975,-0.0005));
#19235=CARTESIAN_POINT('',(0.012675,0.001975,-0.0005));
#19236=CARTESIAN_POINT('',(0.014125,0.001975,-0.0005));
#19237=CARTESIAN_POINT('',(0.00735,0.016625,-0.0005));
#19238=CARTESIAN_POINT('',(0.00735,0.001975,-0.0005));
#19239=CARTESIAN_POINT('',(0.00735,0.001975,-0.0005));
#19240=CARTESIAN_POINT('',(0.0088,0.001975,-0.0005));
#19241=CARTESIAN_POINT('',(0.00735,0.016625,-0.0005));
#19242=CARTESIAN_POINT('',(0.00735,0.016625,-0.004));
#19243=CARTESIAN_POINT('',(0.00354,0.00793,-0.004));
#19244=CARTESIAN_POINT('',(0.00314,0.00793,-0.004));
#19245=CARTESIAN_POINT('',(0.00394,0.00793,-0.004));
#19246=CARTESIAN_POINT('',(0.00394,0.00775,-0.004));
#19247=CARTESIAN_POINT('',(0.00394,0.00757,-0.004));
#19248=CARTESIAN_POINT('',(0.00354,0.00757,-0.004));
#19249=CARTESIAN_POINT('',(0.00314,0.00757,-0.004));
#19250=CARTESIAN_POINT('',(0.00314,0.00775,-0.004));
#19251=CARTESIAN_POINT('',(0.00394,0.00775,-0.004));
#19252=CARTESIAN_POINT('',(0.00394,0.00793,-0.004));
#19253=CARTESIAN_POINT('',(0.00394,0.00757,-0.004));
#19254=CARTESIAN_POINT('',(0.00354,0.00757,-0.004));
#19255=CARTESIAN_POINT('',(0.00314,0.00757,-0.004));
#19256=CARTESIAN_POINT('',(0.00314,0.00775,-0.004));
#19257=CARTESIAN_POINT('',(0.00314,0.00793,-0.004));
#19258=CARTESIAN_POINT('',(0.00354,0.00793,-0.004));
#19259=CARTESIAN_POINT('',(0.00735,0.016625,0.00309));
#19260=CARTESIAN_POINT('',(0.00735,0.016625,-0.004));
#19261=CARTESIAN_POINT('',(0.00394,0.01029,-0.004));
#19262=CARTESIAN_POINT('',(0.00394,0.01047,-0.004));
#19263=CARTESIAN_POINT('',(0.00394,0.01011,-0.004));
#19264=CARTESIAN_POINT('',(0.00354,0.01011,-0.004));
#19265=CARTESIAN_POINT('',(0.00314,0.01011,-0.004));
#19266=CARTESIAN_POINT('',(0.00314,0.01029,-0.004));
#19267=CARTESIAN_POINT('',(0.00314,0.01047,-0.004));
#19268=CARTESIAN_POINT('',(0.00354,0.01047,-0.004));
#19269=CARTESIAN_POINT('',(0.00354,0.01011,-0.004));
#19270=CARTESIAN_POINT('',(0.00314,0.01011,-0.004));
#19271=CARTESIAN_POINT('',(0.00394,0.01011,-0.004));
#19272=CARTESIAN_POINT('',(0.00394,0.01029,-0.004));
#19273=CARTESIAN_POINT('',(0.00394,0.01047,-0.004));
#19274=CARTESIAN_POINT('',(0.00314,0.01029,-0.004));
#19275=CARTESIAN_POINT('',(0.00314,0.01047,-0.004));
#19276=CARTESIAN_POINT('',(0.00354,0.01047,-0.004));
#19277=CARTESIAN_POINT('',(0.00735,0.016625,0.00309));
#19278=CARTESIAN_POINT('',(0.00735,0.016625,-0.004));
#19279=CARTESIAN_POINT('',(0.00394,0.01283,-0.004));
#19280=CARTESIAN_POINT('',(0.00394,0.01301,-0.004));
#19281=CARTESIAN_POINT('',(0.00394,0.01265,-0.004));
#19282=CARTESIAN_POINT('',(0.00354,0.01265,-0.004));
#19283=CARTESIAN_POINT('',(0.00314,0.01265,-0.004));
#19284=CARTESIAN_POINT('',(0.00314,0.01283,-0.004));
#19285=CARTESIAN_POINT('',(0.00314,0.01301,-0.004));
#19286=CARTESIAN_POINT('',(0.00354,0.01301,-0.004));
#19287=CARTESIAN_POINT('',(0.00354,0.01265,-0.004));
#19288=CARTESIAN_POINT('',(0.00314,0.01265,-0.004));
#19289=CARTESIAN_POINT('',(0.00394,0.01265,-0.004));
#19290=CARTESIAN_POINT('',(0.00394,0.01283,-0.004));
#19291=CARTESIAN_POINT('',(0.00394,0.01301,-0.004));
#19292=CARTESIAN_POINT('',(0.00314,0.01283,-0.004));
#19293=CARTESIAN_POINT('',(0.00314,0.01301,-0.004));
#19294=CARTESIAN_POINT('',(0.00354,0.01301,-0.004));
#19295=CARTESIAN_POINT('',(0.00735,0.016625,0.00309));
#19296=CARTESIAN_POINT('',(0.00735,0.016625,-0.004));
#19297=CARTESIAN_POINT('',(0.00394,0.01537,-0.004));
#19298=CARTESIAN_POINT('',(0.00394,0.01555,-0.004));
#19299=CARTESIAN_POINT('',(0.00394,0.01519,-0.004));
#19300=CARTESIAN_POINT('',(0.00354,0.01519,-0.004));
#19301=CARTESIAN_POINT('',(0.00314,0.01519,-0.004));
#19302=CARTESIAN_POINT('',(0.00314,0.01537,-0.004));
#19303=CARTESIAN_POINT('',(0.00314,0.01555,-0.004));
#19304=CARTESIAN_POINT('',(0.00354,0.01555,-0.004));
#19305=CARTESIAN_POINT('',(0.00354,0.01519,-0.004));
#19306=CARTESIAN_POINT('',(0.00314,0.01519,-0.004));
#19307=CARTESIAN_POINT('',(0.00394,0.01519,-0.004));
#19308=CARTESIAN_POINT('',(0.00394,0.01537,-0.004));
#19309=CARTESIAN_POINT('',(0.00394,0.01555,-0.004));
#19310=CARTESIAN_POINT('',(0.00314,0.01537,-0.004));
#19311=CARTESIAN_POINT('',(0.00314,0.01555,-0.004));
#19312=CARTESIAN_POINT('',(0.00354,0.01555,-0.004));
#19313=CARTESIAN_POINT('',(0.00735,0.016625,0.00309));
#19314=CARTESIAN_POINT('',(0.00735,0.016625,-0.004));
#19315=CARTESIAN_POINT('',(0.00394,0.01791,-0.004));
#19316=CARTESIAN_POINT('',(0.00394,0.01809,-0.004));
#19317=CARTESIAN_POINT('',(0.00394,0.01773,-0.004));
#19318=CARTESIAN_POINT('',(0.00354,0.01773,-0.004));
#19319=CARTESIAN_POINT('',(0.00314,0.01773,-0.004));
#19320=CARTESIAN_POINT('',(0.00314,0.01791,-0.004));
#19321=CARTESIAN_POINT('',(0.00314,0.01809,-0.004));
#19322=CARTESIAN_POINT('',(0.00354,0.01809,-0.004));
#19323=CARTESIAN_POINT('',(0.00354,0.01773,-0.004));
#19324=CARTESIAN_POINT('',(0.00314,0.01773,-0.004));
#19325=CARTESIAN_POINT('',(0.00394,0.01773,-0.004));
#19326=CARTESIAN_POINT('',(0.00394,0.01791,-0.004));
#19327=CARTESIAN_POINT('',(0.00394,0.01809,-0.004));
#19328=CARTESIAN_POINT('',(0.00314,0.01791,-0.004));
#19329=CARTESIAN_POINT('',(0.00314,0.01809,-0.004));
#19330=CARTESIAN_POINT('',(0.00354,0.01809,-0.004));
#19331=CARTESIAN_POINT('',(0.00735,0.016625,0.00309));
#19332=CARTESIAN_POINT('',(0.00735,0.016625,-0.004));
#19333=CARTESIAN_POINT('',(0.00394,0.02045,-0.004));
#19334=CARTESIAN_POINT('',(0.00394,0.02063,-0.004));
#19335=CARTESIAN_POINT('',(0.00394,0.02027,-0.004));
#19336=CARTESIAN_POINT('',(0.00354,0.02027,-0.004));
#19337=CARTESIAN_POINT('',(0.00314,0.02027,-0.004));
#19338=CARTESIAN_POINT('',(0.00314,0.02045,-0.004));
#19339=CARTESIAN_POINT('',(0.00314,0.02063,-0.004));
#19340=CARTESIAN_POINT('',(0.00354,0.02063,-0.004));
#19341=CARTESIAN_POINT('',(0.00354,0.02027,-0.004));
#19342=CARTESIAN_POINT('',(0.00314,0.02027,-0.004));
#19343=CARTESIAN_POINT('',(0.00394,0.02027,-0.004));
#19344=CARTESIAN_POINT('',(0.00394,0.02045,-0.004));
#19345=CARTESIAN_POINT('',(0.00394,0.02063,-0.004));
#19346=CARTESIAN_POINT('',(0.00314,0.02045,-0.004));
#19347=CARTESIAN_POINT('',(0.00314,0.02063,-0.004));
#19348=CARTESIAN_POINT('',(0.00354,0.02063,-0.004));
#19349=CARTESIAN_POINT('',(0.00735,0.016625,0.00309));
#19350=CARTESIAN_POINT('',(0.00735,0.016625,-0.004));
#19351=CARTESIAN_POINT('',(0.00394,0.02299,-0.004));
#19352=CARTESIAN_POINT('',(0.00394,0.02317,-0.004));
#19353=CARTESIAN_POINT('',(0.00394,0.02281,-0.004));
#19354=CARTESIAN_POINT('',(0.00354,0.02281,-0.004));
#19355=CARTESIAN_POINT('',(0.00314,0.02281,-0.004));
#19356=CARTESIAN_POINT('',(0.00314,0.02299,-0.004));
#19357=CARTESIAN_POINT('',(0.00314,0.02317,-0.004));
#19358=CARTESIAN_POINT('',(0.00354,0.02317,-0.004));
#19359=CARTESIAN_POINT('',(0.00354,0.02281,-0.004));
#19360=CARTESIAN_POINT('',(0.00314,0.02281,-0.004));
#19361=CARTESIAN_POINT('',(0.00394,0.02281,-0.004));
#19362=CARTESIAN_POINT('',(0.00394,0.02299,-0.004));
#19363=CARTESIAN_POINT('',(0.00394,0.02317,-0.004));
#19364=CARTESIAN_POINT('',(0.00314,0.02299,-0.004));
#19365=CARTESIAN_POINT('',(0.00314,0.02317,-0.004));
#19366=CARTESIAN_POINT('',(0.00354,0.02317,-0.004));
#19367=CARTESIAN_POINT('',(0.00735,0.016625,0.00309));
#19368=CARTESIAN_POINT('',(0.00735,0.016625,-0.004));
#19369=CARTESIAN_POINT('',(0.01156,0.00775,-0.004));
#19370=CARTESIAN_POINT('',(0.01156,0.00793,-0.004));
#19371=CARTESIAN_POINT('',(0.01156,0.00757,-0.004));
#19372=CARTESIAN_POINT('',(0.01116,0.00757,-0.004));
#19373=CARTESIAN_POINT('',(0.01076,0.00757,-0.004));
#19374=CARTESIAN_POINT('',(0.01076,0.00775,-0.004));
#19375=CARTESIAN_POINT('',(0.01076,0.00793,-0.004));
#19376=CARTESIAN_POINT('',(0.01116,0.00793,-0.004));
#19377=CARTESIAN_POINT('',(0.01116,0.00757,-0.004));
#19378=CARTESIAN_POINT('',(0.01076,0.00757,-0.004));
#19379=CARTESIAN_POINT('',(0.01156,0.00757,-0.004));
#19380=CARTESIAN_POINT('',(0.01156,0.00775,-0.004));
#19381=CARTESIAN_POINT('',(0.01156,0.00793,-0.004));
#19382=CARTESIAN_POINT('',(0.01076,0.00775,-0.004));
#19383=CARTESIAN_POINT('',(0.01076,0.00793,-0.004));
#19384=CARTESIAN_POINT('',(0.01116,0.00793,-0.004));
#19385=CARTESIAN_POINT('',(0.00735,0.016625,0.00309));
#19386=CARTESIAN_POINT('',(0.00735,0.016625,-0.004));
#19387=CARTESIAN_POINT('',(0.01156,0.01029,-0.004));
#19388=CARTESIAN_POINT('',(0.01156,0.01047,-0.004));
#19389=CARTESIAN_POINT('',(0.01156,0.01011,-0.004));
#19390=CARTESIAN_POINT('',(0.01116,0.01011,-0.004));
#19391=CARTESIAN_POINT('',(0.01076,0.01011,-0.004));
#19392=CARTESIAN_POINT('',(0.01076,0.01029,-0.004));
#19393=CARTESIAN_POINT('',(0.01076,0.01047,-0.004));
#19394=CARTESIAN_POINT('',(0.01116,0.01047,-0.004));
#19395=CARTESIAN_POINT('',(0.01116,0.01011,-0.004));
#19396=CARTESIAN_POINT('',(0.01076,0.01011,-0.004));
#19397=CARTESIAN_POINT('',(0.01156,0.01011,-0.004));
#19398=CARTESIAN_POINT('',(0.01156,0.01029,-0.004));
#19399=CARTESIAN_POINT('',(0.01156,0.01047,-0.004));
#19400=CARTESIAN_POINT('',(0.01076,0.01029,-0.004));
#19401=CARTESIAN_POINT('',(0.01076,0.01047,-0.004));
#19402=CARTESIAN_POINT('',(0.01116,0.01047,-0.004));
#19403=CARTESIAN_POINT('',(0.00735,0.016625,0.00309));
#19404=CARTESIAN_POINT('',(0.00735,0.016625,-0.004));
#19405=CARTESIAN_POINT('',(0.01156,0.01283,-0.004));
#19406=CARTESIAN_POINT('',(0.01156,0.01301,-0.004));
#19407=CARTESIAN_POINT('',(0.01156,0.01265,-0.004));
#19408=CARTESIAN_POINT('',(0.01116,0.01265,-0.004));
#19409=CARTESIAN_POINT('',(0.01076,0.01265,-0.004));
#19410=CARTESIAN_POINT('',(0.01076,0.01283,-0.004));
#19411=CARTESIAN_POINT('',(0.01076,0.01301,-0.004));
#19412=CARTESIAN_POINT('',(0.01116,0.01301,-0.004));
#19413=CARTESIAN_POINT('',(0.01116,0.01265,-0.004));
#19414=CARTESIAN_POINT('',(0.01076,0.01265,-0.004));
#19415=CARTESIAN_POINT('',(0.01156,0.01265,-0.004));
#19416=CARTESIAN_POINT('',(0.01156,0.01283,-0.004));
#19417=CARTESIAN_POINT('',(0.01156,0.01301,-0.004));
#19418=CARTESIAN_POINT('',(0.01076,0.01283,-0.004));
#19419=CARTESIAN_POINT('',(0.01076,0.01301,-0.004));
#19420=CARTESIAN_POINT('',(0.01116,0.01301,-0.004));
#19421=CARTESIAN_POINT('',(0.00735,0.016625,0.00309));
#19422=CARTESIAN_POINT('',(0.00735,0.016625,-0.004));
#19423=CARTESIAN_POINT('',(0.01156,0.01537,-0.004));
#19424=CARTESIAN_POINT('',(0.01156,0.01555,-0.004));
#19425=CARTESIAN_POINT('',(0.01156,0.01519,-0.004));
#19426=CARTESIAN_POINT('',(0.01116,0.01519,-0.004));
#19427=CARTESIAN_POINT('',(0.01076,0.01519,-0.004));
#19428=CARTESIAN_POINT('',(0.01076,0.01537,-0.004));
#19429=CARTESIAN_POINT('',(0.01076,0.01555,-0.004));
#19430=CARTESIAN_POINT('',(0.01116,0.01555,-0.004));
#19431=CARTESIAN_POINT('',(0.01116,0.01519,-0.004));
#19432=CARTESIAN_POINT('',(0.01076,0.01519,-0.004));
#19433=CARTESIAN_POINT('',(0.01156,0.01519,-0.004));
#19434=CARTESIAN_POINT('',(0.01156,0.01537,-0.004));
#19435=CARTESIAN_POINT('',(0.01156,0.01555,-0.004));
#19436=CARTESIAN_POINT('',(0.01076,0.01537,-0.004));
#19437=CARTESIAN_POINT('',(0.01076,0.01555,-0.004));
#19438=CARTESIAN_POINT('',(0.01116,0.01555,-0.004));
#19439=CARTESIAN_POINT('',(0.00735,0.016625,0.00309));
#19440=CARTESIAN_POINT('',(0.00735,0.016625,-0.004));
#19441=CARTESIAN_POINT('',(0.01156,0.01791,-0.004));
#19442=CARTESIAN_POINT('',(0.01156,0.01809,-0.004));
#19443=CARTESIAN_POINT('',(0.01156,0.01773,-0.004));
#19444=CARTESIAN_POINT('',(0.01116,0.01773,-0.004));
#19445=CARTESIAN_POINT('',(0.01076,0.01773,-0.004));
#19446=CARTESIAN_POINT('',(0.01076,0.01791,-0.004));
#19447=CARTESIAN_POINT('',(0.01076,0.01809,-0.004));
#19448=CARTESIAN_POINT('',(0.01116,0.01809,-0.004));
#19449=CARTESIAN_POINT('',(0.01116,0.01773,-0.004));
#19450=CARTESIAN_POINT('',(0.01076,0.01773,-0.004));
#19451=CARTESIAN_POINT('',(0.01156,0.01773,-0.004));
#19452=CARTESIAN_POINT('',(0.01156,0.01791,-0.004));
#19453=CARTESIAN_POINT('',(0.01156,0.01809,-0.004));
#19454=CARTESIAN_POINT('',(0.01076,0.01791,-0.004));
#19455=CARTESIAN_POINT('',(0.01076,0.01809,-0.004));
#19456=CARTESIAN_POINT('',(0.01116,0.01809,-0.004));
#19457=CARTESIAN_POINT('',(0.00735,0.016625,0.00309));
#19458=CARTESIAN_POINT('',(0.00735,0.016625,-0.004));
#19459=CARTESIAN_POINT('',(0.01156,0.02045,-0.004));
#19460=CARTESIAN_POINT('',(0.01156,0.02063,-0.004));
#19461=CARTESIAN_POINT('',(0.01156,0.02027,-0.004));
#19462=CARTESIAN_POINT('',(0.01116,0.02027,-0.004));
#19463=CARTESIAN_POINT('',(0.01076,0.02027,-0.004));
#19464=CARTESIAN_POINT('',(0.01076,0.02045,-0.004));
#19465=CARTESIAN_POINT('',(0.01076,0.02063,-0.004));
#19466=CARTESIAN_POINT('',(0.01116,0.02063,-0.004));
#19467=CARTESIAN_POINT('',(0.01116,0.02027,-0.004));
#19468=CARTESIAN_POINT('',(0.01076,0.02027,-0.004));
#19469=CARTESIAN_POINT('',(0.01156,0.02027,-0.004));
#19470=CARTESIAN_POINT('',(0.01156,0.02045,-0.004));
#19471=CARTESIAN_POINT('',(0.01156,0.02063,-0.004));
#19472=CARTESIAN_POINT('',(0.01076,0.02045,-0.004));
#19473=CARTESIAN_POINT('',(0.01076,0.02063,-0.004));
#19474=CARTESIAN_POINT('',(0.01116,0.02063,-0.004));
#19475=CARTESIAN_POINT('',(0.00735,0.016625,0.00309));
#19476=CARTESIAN_POINT('',(0.00735,0.016625,-0.004));
#19477=CARTESIAN_POINT('',(0.01156,0.02299,-0.004));
#19478=CARTESIAN_POINT('',(0.01156,0.02317,-0.004));
#19479=CARTESIAN_POINT('',(0.01156,0.02281,-0.004));
#19480=CARTESIAN_POINT('',(0.01116,0.02281,-0.004));
#19481=CARTESIAN_POINT('',(0.01076,0.02281,-0.004));
#19482=CARTESIAN_POINT('',(0.01076,0.02299,-0.004));
#19483=CARTESIAN_POINT('',(0.01076,0.02317,-0.004));
#19484=CARTESIAN_POINT('',(0.01116,0.02317,-0.004));
#19485=CARTESIAN_POINT('',(0.01116,0.02281,-0.004));
#19486=CARTESIAN_POINT('',(0.01076,0.02281,-0.004));
#19487=CARTESIAN_POINT('',(0.01156,0.02281,-0.004));
#19488=CARTESIAN_POINT('',(0.01156,0.02299,-0.004));
#19489=CARTESIAN_POINT('',(0.01156,0.02317,-0.004));
#19490=CARTESIAN_POINT('',(0.01076,0.02299,-0.004));
#19491=CARTESIAN_POINT('',(0.01076,0.02317,-0.004));
#19492=CARTESIAN_POINT('',(0.01116,0.02317,-0.004));
#19493=CARTESIAN_POINT('',(0.00735,0.016625,0.00309));
#19494=CARTESIAN_POINT('',(-0.002025,-0.001975,0.0005));
#19495=MECHANICAL_DESIGN_GEOMETRIC_PRESENTATION_REPRESENTATION('',(#10904,
#91,#92,#93,#94,#95,#96,#97,#98,#99,#100,#101,#10905,#102,#103,#104,#105,
#10906,#106,#107,#108,#109,#110,#111,#112,#113,#114,#115,#116,#117,#118,
#119,#120,#121,#122,#123,#124,#125,#126,#127,#128,#129,#130,#131,#132,#133,
#134,#135,#136,#137,#138,#139,#140,#141,#142,#143,#144,#145,#146,#147,#148,
#149,#150,#151,#152,#153,#154,#155,#156,#157,#158,#159,#160,#161,#162,#163,
#164,#165,#166,#167,#168,#169,#170,#171,#172,#173,#174,#175,#176,#177,#178,
#179,#180,#181,#182,#183,#184,#185,#186,#187,#188,#189,#190,#191,#192,#193,
#194,#195,#196,#197,#198,#199,#200,#201,#202,#203,#204,#205,#206,#207,#208,
#209,#210,#211,#212,#213,#214,#215,#216,#217,#218,#219,#220,#221,#222,#223,
#224,#225,#226,#227,#228,#229,#230,#231,#232,#233,#234,#235,#236,#237,#238,
#239,#240,#241,#242,#243,#244,#245,#246,#247,#248,#249,#250,#251,#252,#253,
#254,#255,#256,#257,#258,#259,#260,#261,#262,#263,#264,#265,#266,#267,#268,
#269,#270,#271,#272,#273,#274,#275,#276,#277,#278,#279,#280,#281,#282,#283,
#284,#285,#286,#287,#288,#289,#290,#291,#292,#293,#294,#295,#296,#297,#298,
#299,#300,#301,#302,#303,#304,#305,#306,#307,#308,#309,#310,#311,#312,#313,
#314,#315,#316,#317,#318,#319,#320,#321,#322,#323,#324,#325,#326,#327,#328,
#329,#330,#331,#332,#333,#334,#335,#336,#337,#338,#339,#340,#341,#342,#343,
#344,#345,#346,#347,#348,#349,#350,#351,#352,#353,#354,#355,#356,#357,#358,
#359,#360,#361,#362,#363,#364,#365,#366,#367,#368,#369,#370,#371,#372,#373,
#374,#375,#376,#377,#378,#379,#380,#381,#382,#383,#384,#385,#386,#387,#10907,
#388,#389,#390,#391,#392,#393,#394,#395,#396,#397,#398,#399,#400,#401,#402,
#403,#404,#405,#406,#407,#408,#409,#410,#411,#412,#413,#414,#415,#416,#417,
#418,#419,#420,#421,#422,#423,#424,#425,#426,#427,#428,#429,#430,#431,#432,
#433,#434,#435,#436,#437,#438,#439,#440,#441,#442,#443,#444,#445,#446,#447,
#448,#449,#450,#451,#452,#453,#454,#455,#456,#457,#458,#459,#460,#461,#462,
#463,#464,#465,#466,#467,#468,#469,#470,#471),#19496);
#19496=(
GEOMETRIC_REPRESENTATION_CONTEXT(3)
GLOBAL_UNCERTAINTY_ASSIGNED_CONTEXT((#19501))
GLOBAL_UNIT_ASSIGNED_CONTEXT((#19508,#19507,#19506))
REPRESENTATION_CONTEXT('TFXTDOL14-Assy','TOP_LEVEL_ASSEMBLY_PART')
);
#19497=(
GEOMETRIC_REPRESENTATION_CONTEXT(3)
GLOBAL_UNCERTAINTY_ASSIGNED_CONTEXT((#19502))
GLOBAL_UNIT_ASSIGNED_CONTEXT((#19508,#19507,#19506))
REPRESENTATION_CONTEXT('Slide','COMPONENT_PART')
);
#19498=(
GEOMETRIC_REPRESENTATION_CONTEXT(3)
GLOBAL_UNCERTAINTY_ASSIGNED_CONTEXT((#19503))
GLOBAL_UNIT_ASSIGNED_CONTEXT((#19508,#19507,#19506))
REPRESENTATION_CONTEXT('Lever','COMPONENT_PART')
);
#19499=(
GEOMETRIC_REPRESENTATION_CONTEXT(3)
GLOBAL_UNCERTAINTY_ASSIGNED_CONTEXT((#19504))
GLOBAL_UNIT_ASSIGNED_CONTEXT((#19508,#19507,#19506))
REPRESENTATION_CONTEXT('Top','COMPONENT_PART')
);
#19500=(
GEOMETRIC_REPRESENTATION_CONTEXT(3)
GLOBAL_UNCERTAINTY_ASSIGNED_CONTEXT((#19505))
GLOBAL_UNIT_ASSIGNED_CONTEXT((#19508,#19507,#19506))
REPRESENTATION_CONTEXT('Bottom','COMPONENT_PART')
);
#19501=UNCERTAINTY_MEASURE_WITH_UNIT(LENGTH_MEASURE(5.E-6),#19508,
'DISTANCE_ACCURACY_VALUE','Maximum Tolerance applied to model');
#19502=UNCERTAINTY_MEASURE_WITH_UNIT(LENGTH_MEASURE(5.E-6),#19508,
'DISTANCE_ACCURACY_VALUE','Maximum Tolerance applied to model');
#19503=UNCERTAINTY_MEASURE_WITH_UNIT(LENGTH_MEASURE(5.E-6),#19508,
'DISTANCE_ACCURACY_VALUE','Maximum Tolerance applied to model');
#19504=UNCERTAINTY_MEASURE_WITH_UNIT(LENGTH_MEASURE(5.E-6),#19508,
'DISTANCE_ACCURACY_VALUE','Maximum Tolerance applied to model');
#19505=UNCERTAINTY_MEASURE_WITH_UNIT(LENGTH_MEASURE(5.E-6),#19508,
'DISTANCE_ACCURACY_VALUE','Maximum Tolerance applied to model');
#19506=(
NAMED_UNIT(*)
SI_UNIT($,.STERADIAN.)
SOLID_ANGLE_UNIT()
);
#19507=(
NAMED_UNIT(*)
PLANE_ANGLE_UNIT()
SI_UNIT($,.RADIAN.)
);
#19508=(
LENGTH_UNIT()
NAMED_UNIT(*)
SI_UNIT($,.METRE.)
);
#19509=PRODUCT_DEFINITION_SHAPE('','',#19518);
#19510=PRODUCT_DEFINITION_SHAPE('','',#19519);
#19511=PRODUCT_DEFINITION_SHAPE(' ','NAUO PRDDFN',#39);
#19512=PRODUCT_DEFINITION_SHAPE('','',#19520);
#19513=PRODUCT_DEFINITION_SHAPE(' ','NAUO PRDDFN',#40);
#19514=PRODUCT_DEFINITION_SHAPE('','',#19521);
#19515=PRODUCT_DEFINITION_SHAPE(' ','NAUO PRDDFN',#41);
#19516=PRODUCT_DEFINITION_SHAPE('','',#19522);
#19517=PRODUCT_DEFINITION_SHAPE(' ','NAUO PRDDFN',#42);
#19518=PRODUCT_DEFINITION('','',#19528,#19523);
#19519=PRODUCT_DEFINITION('','',#19529,#19524);
#19520=PRODUCT_DEFINITION('','',#19530,#19525);
#19521=PRODUCT_DEFINITION('','',#19531,#19526);
#19522=PRODUCT_DEFINITION('','',#19532,#19527);
#19523=PRODUCT_DEFINITION_CONTEXT('',#19554,'design');
#19524=PRODUCT_DEFINITION_CONTEXT('',#19554,'design');
#19525=PRODUCT_DEFINITION_CONTEXT('',#19554,'design');
#19526=PRODUCT_DEFINITION_CONTEXT('',#19554,'design');
#19527=PRODUCT_DEFINITION_CONTEXT('',#19554,'design');
#19528=PRODUCT_DEFINITION_FORMATION_WITH_SPECIFIED_SOURCE('','',#19538,
 .NOT_KNOWN.);
#19529=PRODUCT_DEFINITION_FORMATION_WITH_SPECIFIED_SOURCE('','',#19539,
 .NOT_KNOWN.);
#19530=PRODUCT_DEFINITION_FORMATION_WITH_SPECIFIED_SOURCE('','',#19540,
 .NOT_KNOWN.);
#19531=PRODUCT_DEFINITION_FORMATION_WITH_SPECIFIED_SOURCE('','',#19541,
 .NOT_KNOWN.);
#19532=PRODUCT_DEFINITION_FORMATION_WITH_SPECIFIED_SOURCE('','',#19542,
 .NOT_KNOWN.);
#19533=PRODUCT_RELATED_PRODUCT_CATEGORY('','',(#19538));
#19534=PRODUCT_RELATED_PRODUCT_CATEGORY('','',(#19539));
#19535=PRODUCT_RELATED_PRODUCT_CATEGORY('','',(#19540));
#19536=PRODUCT_RELATED_PRODUCT_CATEGORY('','',(#19541));
#19537=PRODUCT_RELATED_PRODUCT_CATEGORY('','',(#19542));
#19538=PRODUCT('TFXTDOL14-Assy','TFXTDOL14-Assy','TFXTDOL14-Assy',(#19548));
#19539=PRODUCT('Slide','Slide','Slide',(#19549));
#19540=PRODUCT('Lever','Lever','Lever',(#19550));
#19541=PRODUCT('Top','Top','Top',(#19551));
#19542=PRODUCT('Bottom','Bottom','Bottom',(#19552));
#19543=PRODUCT_CATEGORY('','');
#19544=PRODUCT_CATEGORY('','');
#19545=PRODUCT_CATEGORY('','');
#19546=PRODUCT_CATEGORY('','');
#19547=PRODUCT_CATEGORY('','');
#19548=PRODUCT_CONTEXT('',#19554,'mechanical');
#19549=PRODUCT_CONTEXT('',#19554,'mechanical');
#19550=PRODUCT_CONTEXT('',#19554,'mechanical');
#19551=PRODUCT_CONTEXT('',#19554,'mechanical');
#19552=PRODUCT_CONTEXT('',#19554,'mechanical');
#19553=APPLICATION_PROTOCOL_DEFINITION('international standard',
'automotive_design',2010,#19554);
#19554=APPLICATION_CONTEXT(
'core data for automotive mechanical design processes');
ENDSEC;
END-ISO-10303-21;
