:020000040000fa
:020000041fc01b
:040bf000ffffffcf35
:020000040000fa
:020000041fc01b
:040bf400d9fff9ff2d
:020000040000fa
:020000041fc01b
:040bf80059df74ff4e
:020000040000fa
:020000041fc01b
:040bfc00fbffff7f7d
:020000040000fa
:020000041fc01b
:100000000200f00f0000000000601a40c0045a7f98
:100010000500401300000000019d1a3c48995a2732
:10002000080040030000000001a01d3cf8ffbd27b0
:1000300000a01c3cf07f9c27019d083c209a0825cd
:1000400009f800010000000000a0083c0c00082591
:1000500000a0093c680029250300001000000000f2
:10006000000000ad040008252b080901fcff201446
:1000700000000000019d083ccc8e082509f8000115
:10008000000000000000093c00002925100020119c
:10009000000000000100093c0000292588bf0a3c3f
:1000a00010204a25000049ad0100093c0000292527
:1000b00088bf0a3c20204a25000049ad0100093cc8
:1000c0000000292588bf0a3c30204a25000049ada0
:1000d00000488040ffff0a2400588a404000083c46
:1000e00000600a4025500a0100608a40049d093cd6
:1000f00000f02925c0000000017889400000093c7b
:100100000100292500000a2444492a7d01608a4013
:100110008000093c00688940008008408005097d16
:10012000404c0900006008405800013c2440010197
:100130002540280100608840c0000000019d083c67
:10014000289a082509f80001000000000060084016
:10015000bfff013cffff21342440010100608840c3
:10016000000084300000a530019d083c88920825dd
:0801700008000001000000007e
:020000040000fa
:020000041fc01b
:10038000019d1a3c2c935a270800400300000000ee
:020000040000fa
:020000041d03da
:10f18000019d1a3cc8855a27080040030000000072
:020000040000fa
:020000041d03da
:08f20000c219400b00000000e0
:020000040000fa
:020000041d03da
:08f22000ef24400b0000000088
:020000040000fa
:020000041d03da
:08f24000ef24400b0000000068
:020000040000fa
:020000041d03da
:08f26000ef24400b0000000048
:020000040000fa
:020000041d03da
:08f28000ef24400b0000000028
:020000040000fa
:020000041d03da
:08f2a000ef24400b0000000008
:020000040000fa
:020000041d03da
:08f2c000ef24400b00000000e8
:020000040000fa
:020000041d03da
:08f2e000ef24400b00000000c8
:020000040000fa
:020000041d03da
:08f30000ef24400b00000000a7
:020000040000fa
:020000041d03da
:08f32000ef24400b0000000087
:020000040000fa
:020000041d03da
:08f34000ef24400b0000000067
:020000040000fa
:020000041d03da
:08f36000ef24400b0000000047
:020000040000fa
:020000041d03da
:08f38000ef24400b0000000027
:020000040000fa
:020000041d03da
:08f3a000ef24400b0000000007
:020000040000fa
:020000041d03da
:08f3c000ef24400b00000000e7
:020000040000fa
:020000041d03da
:08f3e000d102400b0000000007
:020000040000fa
:020000041d03da
:08f40000ef24400b00000000a6
:020000040000fa
:020000041d03da
:08f42000ef24400b0000000086
:020000040000fa
:020000041d03da
:08f44000ef24400b0000000066
:020000040000fa
:020000041d03da
:08f46000ef24400b0000000046
:020000040000fa
:020000041d03da
:08f48000ef24400b0000000026
:020000040000fa
:020000041d03da
:08f4a000ef24400b0000000006
:020000040000fa
:020000041d03da
:08f4c000ef24400b00000000e6
:020000040000fa
:020000041d03da
:08f4e000ef24400b00000000c6
:020000040000fa
:020000041d03da
:08f50000ef24400b00000000a5
:020000040000fa
:020000041d03da
:08f52000ef24400b0000000085
:020000040000fa
:020000041d03da
:08f54000ef24400b0000000065
:020000040000fa
:020000041d03da
:08f56000ef24400b0000000045
:020000040000fa
:020000041d03da
:08f58000ef24400b0000000025
:020000040000fa
:020000041d03da
:08f5a000ef24400b0000000005
:020000040000fa
:020000041d03da
:08f5c000ef24400b00000000e5
:020000040000fa
:020000041d03da
:08f5e000ef24400b00000000c5
:020000040000fa
:020000041d03da
:08f60000ef24400b00000000a4
:020000040000fa
:020000041d03da
:08f62000ef24400b0000000084
:020000040000fa
:020000041d03da
:08f64000ef24400b0000000064
:020000040000fa
:020000041d03da
:08f66000ef24400b0000000044
:020000040000fa
:020000041d03da
:08f68000ef24400b0000000024
:020000040000fa
:020000041d03da
:08f6a000ef24400b0000000004
:020000040000fa
:020000041d03da
:08f6c000ef24400b00000000e4
:020000040000fa
:020000041d03da
:08f6e000ef24400b00000000c4
:020000040000fa
:020000041d03da
:08f70000ef24400b00000000a3
:020000040000fa
:020000041d03da
:08f72000ef24400b0000000083
:020000040000fa
:020000041d03da
:08f74000ef24400b0000000063
:020000040000fa
:020000041d03da
:08f76000ef24400b0000000043
:020000040000fa
:020000041fc01b
:1004800000f89b40c0000000019d1b3c04947b27aa
:10049000020060130000000000c09b4000f81b40f9
:0c04a000c00000001f000042000000002f
:020000040000fa
:020000041d00dd
:10000000d8ffbd272400bfaf2000beaf25f0a0035e
:10001000251080002800c2a3009d023cd056442435
:100020004c11400f00000000009d023cd8564424b3
:100030004c11400f000000002800c293608082a392
:1000400088bf033c106162944429027c106162a461
:1000500088bf033c30616294010004244429827cff
:10006000306162a488bf033c106062900421027c6e
:10007000106062a0252000008c03400f00000000eb
:1000800088bf033c1061629401000424444a827cce
:10009000106162a488bf023c2061428c4002427c15
:1000a000ff00423003004010000000000100022465
:1000b000708082af009d023cf85644244c11400fe2
:1000c0000000000080bf033c0058628cc47b027caf
:1000d000005862ac80bf033c0058628cc4bd027cf7
:1000e000005862ac80bf033c0058628cc4ff027ca5
:1000f000005862ac80bf033c40586294c439027c13
:10010000405862a480bf033c0058628c0100042464
:100110004429827c005862ac80bf033c0058628c4a
:10012000444a027c005862ac88bf033c1061629470
:100130008473027c106162a488bf033c10616294e6
:1001400001000424c45a827c106162a481bf023c75
:100150000300032484fa43ac88bf033c106162941b
:10016000446b027c106162a481bf023c0300032443
:1001700060fb43ac88bf033c10616294c47b027c8b
:10018000106162a488bf033c3061629401000424c2
:10019000c47b827c306162a480bf023c02000324e5
:1001a000305843ac80bf033c0058628c0484027c0e
:1001b000005862ac80bf033c1058628c8431027cd2
:1001c000105862ac80bf033c0058628c01000424cc
:1001d0000442827c005862ac80bf033c0058628cb1
:1001e0008431027c005862ac80bf033c0058628cb2
:1001f000c45a027c005862ac80bf033c0058628c39
:100200008452027c005862ac80bf033c0058628c70
:1002100044ef027c005862ac80bf033c0058628c03
:1002200004e7027c005862ac80bf033c0058628c3b
:1002300001000424c47b827c005862ac80bf023c75
:100240002058428c88bf033c106162940100042452
:100250000442827c106162a481bf023c040003243a
:100260000cfa43ac88bf033c0010628c01000424ec
:100270000463827c001062ac88bf033c0010628c77
:10028000c418027c001062ac88bf033cc010628cb2
:100290000700042484e6827cc01062ac88bf033c63
:1002a000c010628c04ce027cc01062ac88bf023cdd
:1002b0000400033c341043ac88bf023c0400033c00
:1002c000681043ac206062411000c0a30904400fd5
:1002d0000000000001004238ff00423007004010db
:1002e00000000000009d023c105744244c11400fb8
:1002f000000000000700001000000000009d023c0c
:100300003c5744244c11400f00000000010002241f
:100310001000c2a31000c2938c0040100000000027
:100320007080828f890040140000000001000224c8
:100330001c00c2a31c00c22701000624252840007f
:1003400002000424a405400f000000007203400fc7
:1003500000000000700002241c00c2a31c00c22781
:10036000010006242528400007000424a405400fae
:1003700000000000009d023c645744244c11400fd3
:100380000000000080bf033c00086294c47b027c34
:10039000000862a480bf033c000862944408027c09
:1003a000000862a480bf033c00086294c439027c48
:1003b000000862a480bf033c00086294010004248a
:1003c0000431827c000862a480bf023c4fc3033426
:1003d000200843ac80bf023c100840ac88bf023c00
:1003e00000020324341043ac80bf033c0008629435
:1003f00001000424c47b827c000862a488bf033c03
:10040000106062900400027c106062a088bf033c10
:10041000006062900400027c006062a080bf033c28
:1004200000306294c47b027c003062a480bf033c35
:1004300000306294446b027c003062a481bf023cb5
:100440000500032400fb43ac80bf033c00306294f2
:100450004429027c003062a480bf033c00306294d7
:10046000c418027c003062a480bf023c103040ac53
:1004700080bf023c203040ac80bf033c003062941f
:10048000060004240410827c003062a480bf033c78
:100490000030629401000424c47b827c003062a49a
:1004a00088bf033c106062904408027c106062a028
:1004b00088bf033c006062904408027c006062a038
:1004c00080bf033c00326294c47b027c003262a491
:1004d00080bf033c00326294446b027c003262a411
:1004e00081bf023c0500032404fb43ac80bf033cf6
:1004f000003262944429027c003262a480bf033c33
:1005000000326294c418027c003262a480bf023cb4
:10051000103240ac80bf023c203240ac80bf033c74
:1005200000326294060004240410827c003262a42b
:1005300080bf033c0032629401000424c47b827caf
:10054000003262a42a000010000000001000c293d4
:1005500027004010000000007080838f01000224fb
:100560002300621400000000108084276704400ffd
:100570000000000001000524030004247806400f59
:1005800000000000009d023c845744244c11400fa1
:100590000000000088bf033c00606290010004245a
:1005a0000400827c006062a088bf033c10606290ff
:1005b000010004240400827c106062a088bf033c18
:1005c00000606290010004244408827c006062a004
:1005d00088bf033c10606290010004244408827cc0
:1005e000106062a0030004240c1c400f00000000f7
:1005f000020002241400c2af608082931400c58ff1
:100600001800c68f252040003c13400f000000005a
:10061000040040100000000001000224020000104d
:10062000000000002510000025e8c0032400bf8f53
:100630002000be8f2800bd270800e0030000000056
:10064000e8ffbd271400bfaf1000beaf25f0a00328
:100650001800c4af1c00c5af608082931800c58f1e
:100660001c00c68f252040003c13400f00000000f6
:1006700025e8c0031400bf8f1000be8f1800bd27ef
:100680000800e00300000000d0ffbd272c00bfaf32
:100690002800beaf25f0a0033000c4af3400c5afc2
:1006a0003800c6af1400c0af3400c28f0b00432c1b
:1006b000180160100000000080180200009d023c3c
:1006c000d4064224211062000000428c0800400041
:1006d00000000000140b009d140b009d140b009de6
:1006e000c40a009d140b009d140b009d140b009d6b
:1006f000140b009d0007009dd407009d400a009d3b
:100700006c80829340004230ff0042301300401062
:1007100000000000009d023ca85744244c11400feb
:10072000000000002003400f0000000001004238dc
:10073000ff004230f00040100000000009000224d9
:100740003400c2af3400c48f3800c58f9001400f11
:1007500000000000e8000010000000006c808293a0
:1007600020004230ff00423009004010000000002d
:10077000009d023cc05744244c11400f0000000073
:1007800001000224168082a3db000010000000009c
:100790006c80829310004230ff004230070040100e
:1007a00000000000009d023ce85744244c11400f1b
:1007b00000000000d000001000000000009d023c7e
:1007c0000c5844244c11400f00000000ca000010d7
:1007d000000000001c00c227252040003003400f0d
:1007e000000000001000c2a3009d023c24584424d5
:1007f0004c11400f000000001d00c39301000224b3
:1008000078006214000000001e00c2931100c2a311
:100810001f00c2931200c2a31100c29325284000fa
:10082000009d023c2c5844244c11400f0000000055
:100830001100c283330040040000000080bf023c6e
:10084000203040ac1100c39325106000401002001e
:10085000211043008021020021104400801002007a
:1008600021104300801002002110430000110200fb
:100870007f004324000044280b106400c3110200d1
:10088000231002002518400050c3023421106200da
:100890002518400080bf023c203243ac1100c393b6
:1008a000251060004010020021104300802102004a
:1008b000211044008010020021104300801002002b
:1008c00021104300001102007f004324000044284f
:1008d0000b106400c3110200231002002518400011
:1008e00050c302342110620025284000009d023cc4
:1008f000485844244c11400f000000003100001003
:100900000000000080bf023c203240ac1100c393c5
:1009100025106000401002002110430080210200d9
:1009200021104400801002002110430080100200ba
:1009300021104300001102007f00432400004428de
:100940000b106400c311020025184000ffff023c99
:10095000b03c4234211062002518400080bf023ca8
:10096000203043ac1100c3932510600040100200fa
:100970002110430080210200211044008010020059
:1009800021104300801002002110430000110200da
:100990007f004324000044280b106400c3110200b0
:1009a00025184000ffff023cb03c42342110620099
:1009b00025284000009d023c485844244c11400f1b
:1009c000000000001200c29325284000009d023c58
:1009d0005c5844244c11400f0000000049000010f6
:1009e000000000001d00c3930100022408006210f3
:1009f0000000000001000524009d023c7c584424b6
:100a00004c11400f000000003e00001000000000ec
:100a10001000c29301004238ff00423039004010fc
:100a200000000000009d023c9c5844244c11400fe3
:100a30000000000000000000320000100000000074
:100a40003800c29702120200ffff4230ff0042301e
:100a5000158082a33800c297ff004230748082a3c1
:100a600015808293748083932528600025204000a0
:100a7000cf03400f00000000168082932400401036
:100a8000000000001580829325284000009d023c54
:100a9000d45844244c11400f00000000748082930d
:100aa00025284000009d023cec5844244c11400f86
:100ab00000000000a803400f000000001400001018
:100ac00000000000ffff02242400c2a32400c2276c
:100ad00025284000070004248c05400f000000007a
:100ae000e80305240f0004240f14400f0000000049
:100af00008000010000000000000000005000010c9
:100b000000000000000000000200001000000000d3
:100b1000000000003000c28f1400c48f1800c38f83
:100b2000000044ac040043ac3000c28f25e8c00391
:100b30002c00bf8f2800be8f3000bd270800e003c7
:100b40000000000000e85d4100701a4000601b409a
:100b500078ffbd278400bbaf44781b7c001c7b372b
:100b600000609b406c00bfaf6800beaf6400b9afcf
:100b70006000b8af5c00afaf5800aeaf5400adaf8f
:100b80005000acaf4c00abaf4800aaaf4400a9afd7
:100b90004000a8af3c00a7af3800a6af3400a5af17
:100ba0003000a4af2c00a3af2800a2af2400a1af57
:100bb000121000007400a2af101800007000a3af64
:100bc00025f0a00388bf023c0400033c341043ac72
:100bd000700002241000c2a3010006241000c227e6
:100be0002528400007000424a405400f0000000051
:100bf000080002241400c2af1400c48f1800c58f6f
:100c00009001400f000000000000000025e8c00334
:100c10007400a28f130040007000a38f11006000c9
:100c20006c00bf8f6800be8f6400b98f6000b88f02
:100c30005c00af8f5800ae8f5400ad8f5000ac8f6a
:100c40004c00ab8f4800aa8f4400a98f4000a88faa
:100c50003c00a78f3800a68f3400a58f3000a48fea
:100c60002c00a38f2800a28f2400a18f8400bb8fab
:100c70008800bd2700e8dd4100609b40180000426d
:100c8000f8ffbd270400beaf25f0a0037080838f5e
:100c9000010002240400621400000000010002248c
:100ca00002000010000000002510000025e8c0032d
:100cb0000400be8f0800bd270800e003000000000c
:100cc000d0ffbd272c00bfaf2800beaf25f0a0038a
:100cd0003000c4af1000c0a3610002241800c2a3fa
:100ce000010002241400c2af09000010000000003f
:100cf0001400c28f1000c32721106200ffff0324dd
:100d0000080043a01400c28f010042241400c2afa7
:100d10001400c28f05004228f5ff401400000000b7
:100d20001800c227050006243000c58f252040008a
:100d30001a06400f00000000700002242000c2a329
:100d40002000c227010006242528400007000424b3
:100d5000a405400f000000003000c28f01004224b3
:100d600000004290251840003000c28f020042244b
:100d700000004290211062003000c38f0300632402
:100d800000006390211043003000c38f04006324ef
:100d90000000639021184300ff0002240300621446
:100da00000000000010002241000c2a31000c29342
:100db00025e8c0032c00bf8f2800be8f3000bd2760
:100dc0000800e00300000000e0ffbd271c00bfafeb
:100dd0001800beaf25f0a003010005242520000067
:100de0007806400f00000000700002241000c2a32b
:100df000010006241000c227252840000700042413
:100e0000a405400f00000000108084276704400ff5
:100e1000000000000000000025e8c0031c00bf8f98
:100e20001800be8f2000bd270800e003000000006e
:100e3000f8ffbd270400beaf25f0a0030800c4af33
:100e40000800c28f070040140000000088bf033c68
:100e5000306062900421027c306062a00a000010c1
:100e6000000000000800c38f010002240600621485
:100e70000000000088bf033c306062900100042441
:100e80000421827c306062a00000000025e8c003dd
:100e90000400be8f0800bd270800e003000000002a
:100ea000d8ffbd272400bfaf2000beaf25f0a003b0
:100eb000168080a36c80829370004230090040103d
:100ec00000000000700002241800c2a31800c2270e
:100ed000010006242528400007000424a405400f33
:100ee00000000000050006241000c227252840004d
:100ef000648084271a06400f0000000001000424cb
:100f00008c03400f000000002d0004245507400f03
:100f100000000000252000008c03400f00000000ae
:100f20000000000025e8c0032400bf8f2000be8f12
:100f30002800bd270800e00300000000f0ffbd27e7
:100f40000c00beaf25f0a003251080002518a000de
:100f50001000c2a3251060001400c2a31000c393a8
:100f60001400c29321106200ff00423001004224ad
:100f7000ff004230271002000000c2a3a0ff02249d
:100f8000648082a301000224658082a31000c293c2
:100f9000668082a31400c293678082a30000c2937c
:100fa000688082a30000000025e8c0030c00be8f0b
:100fb0001000bd270800e00300000000e0ffbd278f
:100fc0001c00bfaf1800beaf25f0a0030100052430
:100fd000030004247806400f0000000010808427de
:100fe0006704400f00000000010002241000c2a3ab
:100ff000010006241000c227252840000200042416
:10100000a405400f000000000000000025e8c00318
:101010001c00bf8f1800be8f2000bd270800e00312
:1010200000000000d8ffbd272400bfaf2000beafe6
:1010300025f0a0031000c0a30f000524dc05042444
:101040002f05400f0000000025280000252000008b
:101050005d05400f00000000f904400f0000000093
:101060001400c0a31400c227010006242528400054
:101070001c000424a405400f000000003f000224cf
:101080001400c2a31400c227010006242528400032
:1010900001000424a405400f000000000300022406
:1010a0001400c2a31400c227010006242528400012
:1010b00002000424a405400f0000000004000424e2
:1010c000c604400f00000000030002241400c2a365
:1010d0001400c22701000624252840000300042430
:1010e000a405400f000000002a000424af04400fb4
:1010f00000000000700002241400c2a31400c227e4
:10110000010006242528400007000424a405400f00
:10111000000000008104400f000000009804400f10
:101120000000000001000524040004247806400f9c
:10113000000000001800c2272528400025200000dc
:101140008c05400f000000001900c2931c00c2a3d0
:101150001c00c29308004230ff00423008004010db
:10116000000000001c00c29304004230ff00423027
:101170000300401000000000010002241000c2a380
:101180001000c29325e8c0032400bf8f2000be8f4b
:101190002800bd270800e00300000000e8ffbd278d
:1011a0001400bfaf1000beaf25f0a0031800c4affd
:1011b000050006241800c58f0a000424a405400f6a
:1011c000000000007080838f01000224060062147a
:1011d00000000000050006241800c58f100004243c
:1011e000a405400f000000000000000025e8c00337
:1011f0001400bf8f1000be8f1800bd270800e00349
:1012000000000000e0ffbd271c00bfaf1800beaf0c
:1012100025f0a003e2ff02241000c2a31400c2279d
:1012200001000624252840001000c2272520400088
:101230001a06400f00000000640004245507400f08
:10124000000000000000000025e8c0031c00bf8f64
:101250001800be8f2000bd270800e003000000003a
:10126000e0ffbd271c00bfaf1800beaf25f0a003f4
:10127000e1ff02241000c2a31400c22701000624cb
:10128000252840001000c227252040001a06400fe4
:1012900000000000640004245507400f0000000017
:1012a0000000000025e8c0031c00bf8f1800be8f9f
:1012b0002000bd270800e00300000000e0ffbd277c
:1012c0001c00bfaf1800beaf25f0a00325108000a2
:1012d0002000c2a32000c2937f004230ff004230b2
:1012e0001000c2a3010006241000c22725284000d8
:1012f00005000424a405400f0000000000000000c9
:1013000025e8c0031c00bf8f1800be8f2000bd273a
:101310000800e00300000000e0ffbd271c00bfaf95
:101320001800beaf25f0a003251080002000c2a346
:101330002000c2931000c2a3010006241000c2279f
:101340002528400011000424a405400f00000000df
:10135000010006241000c2272528400012000424a2
:10136000a405400f00000000010006241000c22761
:101370002528400013000424a405400f00000000ad
:10138000010006241000c227252840001400042470
:10139000a405400f00000000010006241000c22731
:1013a0002528400015000424a405400f000000007b
:1013b000010006241000c22725284000160004243e
:1013c000a405400f000000000000000025e8c00355
:1013d0001c00bf8f1800be8f2000bd270800e0034f
:1013e00000000000d0ffbd272c00bfaf2800beaf1b
:1013f00025f0a0031000c227252840001d0004246a
:101400008c05400f00000000500002241400c2a30d
:10141000730002241500c2a31800c3271400c227ba
:101420000200062425286000252040001a06400fef
:10143000000000001c00c227252840001d000424d5
:101440008c05400f000000001d00c29314004010e6
:1014500000000000730002242000c2a31100c39307
:101460001d00c29307006214000000002000c22784
:10147000010006242528400050000424a405400f44
:10148000000000002000c0a32000c22701000624a5
:10149000252840001d000424a405400f0000000082
:1014a0000000000025e8c0032c00bf8f2800be8f7d
:1014b0003000bd270800e00300000000e0ffbd276a
:1014c0001c00bfaf1800beaf25f0a00325108000a0
:1014d0002518a0002000c2a7251060002400c2a388
:1014e0002000c3976210023cd34d423419006200c1
:1014f0001010000002110200ffff4230ff004230d6
:10150000ffff42241000c2a32000c297a10f422c6b
:1015100003004014000000000f0002241000c2a3ca
:101520001000c29300110200201c027c2400c28320
:10153000251062002014027cff0042301400c2a378
:101540001400c227010006242528400004000424ba
:10155000a405400f000000000000000025e8c003c3
:101560001c00bf8f1800be8f2000bd270800e003bd
:1015700000000000d8ffbd272400bfaf2000beaf91
:1015800025f0a0032800c4af2c00c5af1000c2276f
:1015900025284000060004248c05400f00000000b0
:1015a0001100c2931400c2a32c00c28f030042306a
:1015b000ff0043301400c2934410627c1400c2a3a5
:1015c0002800c28f4210020001004230ff00433069
:1015d0001400c2934429627c1400c2a32800c28f65
:1015e00001004230ff0043301400c293c418627cf3
:1015f0001400c2a31400c2931800c2a31800c2278b
:10160000010006242528400006000424a405400ffc
:10161000000000000000000025e8c0032400bf8f88
:101620002000be8f2800bd270800e0030000000056
:10163000e0ffbd271c00bfaf1800beaf25f0a00320
:10164000251080002400c5af2000c2a32000c29353
:101650001000c2a3ffff02241100c2a3020006244f
:101660002400c58f1000c227252040001a06400f15
:10167000000000000000000025e8c0031c00bf8f30
:101680001800be8f2000bd270800e0030000000006
:10169000b8ffbd274400bfaf4000beaf3c00b4afb1
:1016a0003800b3af3400b2af3000b1af2c00b0aff0
:1016b00025f0a0034c00c5af2528c0004800c4a3f6
:1016c0002520a0005000c4a32520a00325a0800051
:1016d0005000c49301008424ffff85241000c5af8f
:1016e000252880002590a00025980000422f120098
:1016f000c06813002568ad00c06012002528800076
:101700002580a00025880000422f1000c05811003d
:101710002558ab00c050100007008424c2200400ec
:10172000c020040023e8a4031000a42700008424a0
:101730001800c4af4800c49320008434ff008530f3
:101740001800c48f000085a01400c0af0d00001069
:10175000000000001400c48f4c00c58f2128a40095
:101760001400c48f010084240000a5901800c68fc7
:101770002120c400000085a01400c48f010084242f
:101780001400c4af5000c4931400c58f2a20a400d5
:10179000f0ff8014000000005000c4930100842476
:1017a0002528a0032580a000ffff85241c00c5afcd
:1017b0002528800025c0a00025c80000422f180061
:1017c000c04819002548a900c040180025288000fd
:1017d0002570a00025780000422f0e00c0180f00d1
:1017e0002518a300c0100e00251080000700422419
:1017f000c2100200c010020023e8a2031000a227ba
:10180000000042242000c2af1800c38f2000c48f04
:101810005000c29301004224ff00423025304000b6
:1018200025288000252060001a06400f00000000d7
:1018300025e8000225e880020000000025e8c0033a
:101840004400bf8f4000be8f3c00b48f3800b38f80
:101850003400b28f3000b18f2c00b08f4800bd270c
:101860000800e00300000000e0ffbd271c00bfaf40
:101870001800beaf25f0a0032000c4af2400c5af00
:101880002510c0002800c2a32800c3930100022431
:101890001d0062140000000088bf033c30616294a8
:1018a000c47b027c306162a42000c28f00004290a1
:1018b0002518400080bf023c205843ac00000000c7
:1018c00080bf023c1058428c0000427cff00423036
:1018d000fbff40100000000080bf023c2058428cfb
:1018e000ff0043302400c28f000043a088bf033ca8
:1018f0003061629401000424c47b827c306162a464
:101900002a0000100000000088bf033c3061629490
:10191000c47b027c306162a41000c0a319000010d7
:10192000000000001000c2932000c38f211062004d
:10193000000042902518400080bf023c205843ac74
:101940000000000080bf023c1058428c0000427c26
:10195000ff004230fbff40100000000080bf023c4f
:101960002058448c1000c2932400c38f21106200c1
:10197000ff008330000043a01000c2930100422406
:101980001000c2a31000c3932800c2932b10620062
:10199000e4ff40140000000088bf033c3061629403
:1019a00001000424c47b827c306162a42400c28fc5
:1019b000000042906c8082a32d0004245507400f44
:1019c000000000000000000025e8c0031c00bf8fdd
:1019d0001800be8f2000bd270800e00300000000b3
:1019e000d8ffbd272400bfaf2000beaf25f0a00365
:1019f0002800c4af2510a0002c00c2a31400c0a36f
:101a00001400c29301000324c418627c1400c2a312
:101a10002c00c29301004230ff0043301400c293f7
:101a20008410627c1400c2a31400c2938431027c2f
:101a30001400c2a31400c2934429027c1400c2a360
:101a40001400c2930421027c1400c2a31000c0a39e
:101a50002800c28f0500422c7400401000000000d6
:101a60002800c28f80180200009d023c801a422488
:101a7000211062000000428c0800400000000000bd
:101a8000941a009dec1a009d401b009d941b009d24
:101a9000e41b009d1000c2930500401000000000f0
:101aa000009d023c045944244c11400f00000000ea
:101ab0001400c293010003244408627c1400c2a3f2
:101ac0001400c293010003240400627c1400c2a32a
:101ad00088bf033c30606290010004240421827cb2
:101ae000306062a051000010000000001000c2939e
:101af0000500401000000000009d023c28594424cd
:101b00004c11400f000000001400c2930100032498
:101b10004408627c1400c2a31400c2930400027c37
:101b20001400c2a388bf033c30606290010004240b
:101b30000421827c306062a03c00001000000000a4
:101b40001000c2930500401000000000009d023c00
:101b50004c5944244c11400f000000001400c29363
:101b6000010003244408627c1400c2a31400c29341
:101b70000400027c1400c2a388bf033c3060629062
:101b8000010004240421827c306062a02700001040
:101b9000000000001000c29305004010000000008b
:101ba000009d023c745944244c11400f0000000079
:101bb0001400c293010003244408627c1400c2a3f1
:101bc0001400c2930400027c1400c2a388bf033c2b
:101bd000306062900421027c306062a0130000102b
:101be000000000001000c29305004010000000003b
:101bf000009d023c9c5944244c11400f0000000001
:101c00001400c2934408027c1400c2a31400c293bf
:101c10000400027c1400c2a388bf033c30606290c1
:101c20000421027c306062a0000000001400c29316
:101c30001800c2a31800c22701000624252840006e
:101c400025200000a405400f0000000010270424f8
:101c50005507400f000000000000000025e8c00309
:101c60002400bf8f2000be8f2800bd270800e0039e
:101c700000000000e8ffbd271400bfaf1000beaf9a
:101c800025f0a0031800c4a3009d023cc4594424bd
:101c90004c11400f000000001800c28f8001427cf0
:101ca000ff00423025284000009d023cd8594424c2
:101cb0004c11400f000000001800c28f4001427c10
:101cc000ff00423025284000009d023c0c5a44246d
:101cd0004c11400f000000001800c28f0001427c30
:101ce000ff00423025284000009d023c405a442419
:101cf0004c11400f000000001800c28f4010427cc1
:101d0000ff00423025284000009d023c785a4424c0
:101d10004c11400f000000001800c28f0000427cf0
:101d2000ff00423025284000009d023cbc5a44245c
:101d30004c11400f000000000000000025e8c00327
:101d40001400bf8f1000be8f1800bd270800e003ed
:101d500000000000f8ffbd270400beaf25f0a0037f
:101d60000800c4af04000010000000000800c28f8b
:101d7000ffff42240800c2af0800c28ffbff4104ee
:101d8000000000000000000025e8c0030400be8f32
:0c1d90000800bd270800e0030000000070
:020000040000fa
:020000041d00dd
:101d9c0078ffbd279400a7af0000a28c6c00b3aff6
:101dac000400d38c1c00a2af0800a28c6400b1af5d
:101dbc006000b0af2000a2af1000a28c8800a4afce
:101dcc008c00a5af3400a2af0000c28c0400b18c13
:101ddc000c00b08c1800a2af1800a38f25300000a7
:101dec002538000025206000252860028400bfaf44
:101dfc008000beaf7c00b7af7800b6af7400b5af53
:101e0c007000b4afb31f400f6800b2af0d004004b8
:101e1c000080023c1c00a28f0400423037004014aa
:101e2c002000b28f1c00a28f080042300c00401022
:101e3c002400a2af20000224000002a20600001021
:101e4c00ffff5226269853002d000224000002a208
:101e5c002000a28fffff5224010002242400a2af15
:101e6c002400a38f211803022c00a3af1800a38f0a
:101e7c002600601400f0627ef07f033c24004314c3
:101e8c00f07f043c9400a28fbfff42241a00422c26
:101e9c001c004010019d053c019d053ce499a524c6
:101eac00d425400f2c00a48f8825400f252000023c
:101ebc001c00a38f2000a78f8800a48f1000a3af55
:101ecc00252800024020400f253040008400bf8fa1
:101edc008000be8f7c00b78f7800b68f7400b58ff2
:101eec007000b48f6c00b38f6800b28f6400b18f38
:101efc006000b08f0800e0038800bd27d3ff0010fe
:101f0c002b000224e6ff0010e899a524f07f043c86
:101f1c00010083242b184300050060509400a28f0d
:101f2c000c0044141800a28f0a0040109400a28fd9
:101f3c00bfff42241a00422c04004050019d053c76
:101f4c00019d053cd6ff0010ec99a524d4ff001090
:101f5c00f099a5241800a38f253000002538000027
:101f6c0025206000681f400f25286002019d173c4a
:101f7c00019d033c3000a3af2898f58e2c98f68e6b
:101f8c001300401425a000003026400f9400a48fad
:101f9c002014027c2800a2af2800a38fa5012006e4
:101fac0067000224570062142800a98f01002052f8
:101fbc0001001124fcff822a030040142a10910214
:101fcc0096014014000000005a000010650009241e
:101fdc00019d023c30984a8c34984b8c2530400142
:101fec00253860012520a0022528c0023800aaafa0
:101ffc00411b400f3c00abaf1800a48f253860028a
:10200c0025286000253080002520400025f0400068
:10201c00681f400f2800a3af2d00401c2800a38f81
:10202c003800aa8f3c00ab8f0100942625a8c00372
:10203c00eaff001025b06000130040102800a28faa
:10204c00110040141800a38f3800a68f25286002b9
:10205c002538c003411b400f252060004800a68f87
:10206c005000a78f2520a0022528c0021800a2af7f
:10207c00411b400f2598600025a840000100022458
:10208c0025b060002800a2af4000a68f4400a78fa7
:10209c002520a0021e10400f2528c00225a84000b4
:1020ac0025b06000ffff94261800a38f2530a002f6
:1020bc002538c00225206000b31f400f2528600280
:1020cc00ddff4204d4fe822aafff001000000000a6
:1020dc00019d023c3898438c3c985e8c3000a28f5a
:1020ec003800a3af4800a3af3498438c3098428c8f
:1020fc002800a0af5000beaf4000a2afeaff001016
:10210c004400a3af660002240a0022150100312608
:10211c00040081062800a38f2898f58e2c98f68e43
:10212c0025a000006700022402006210660009244a
:10213c00218834021800ac8f2558a0022550c0020b
:10214c0025b860022570000025306001253840015b
:10215c00252080012528e0025c00a9af5800aeaf15
:10216c005000abaf5400aaaf1e10400f4800acafec
:10217c0025204000fe1f400f252860002528600008
:10218c00252040004400a3af2723400f4000a2affe
:10219c004000ac8f4800af8f5400aa8f5000ab8f1b
:1021ac004400ad8f25f0e0020080173c2620fe0293
:1021bc0025306001253840012528a0011000afaf63
:1021cc001400a4af252080014800aaafad0b400f2e
:1021dc003800a2af4000a2af25f040003000a28f23
:1021ec005000ab8f4800aa8f3098468c3498478c9f
:1021fc0025206001252840011e10400f26b8e3025f
:10220c005800ae8f25584000255060000100ce25a7
:10221c004000ac8fccff2e165c00a98f019d023cb8
:10222c004098468c4498478c2520600125286000f6
:10223c00411b400f4800a9af2530400025386000f5
:10224c002520c0032528e0024000a2afb31f400f99
:10225c004400a3af100040044800a98f4000aa8f8f
:10226c004400ab8f2520c003253040012538600188
:10227c00681f400f2528e0024000aa8f4400ab8f56
:10228c00070040144800a98f3800a28f010042308b
:10229c00040040141800a38f25500000255800009e
:1022ac001800a38f253040012538600125286002d5
:1022bc0025206000aa14400f4800a9af25f040006b
:1022cc001800a2af3000a28f2520a0022528c00242
:1022dc003098468c3498478c25b86000411b400fd1
:1022ec003800a3af252040002530c0032538e0027c
:1022fc002528600025984000b31f400f4000a3af75
:10230c005400401c4800a98f66000224010094264a
:10231c00520022154000ab8f0100312625b08002ff
:10232c002400b58f2310d1024000a2af25f000008d
:10233c00258800004000a28f0700561025b8a00287
:10234c008c00a28f1000428cfbff42242b10a202a7
:10235c00470040141800a38f070020161c00a28f02
:10236c00100042300400401021b817022e00022445
:10237c000100b5260000e2a221201502650002240e
:10238c0022002215000080a0030081062518000001
:10239c0023a01400010003243400a28ffeff4a2660
:1023ac000a000724ffff4224212802020000a0a0fb
:1023bc000200052488008016219045018600a01c8f
:1023cc002d0006242b0005240b28c3002518a00083
:1023dc0021280202ffffa3a09400a38f450005242f
:1023ec00feff4224bfff63241a00632c0b48a3009a
:1023fc002aa8a202212802020000a9a00300a01210
:10240c00feff5226d425400f000000001c00a28fb6
:10241c000200032403004230a3fe4314000000001a
:10242c00a1fe401a000000008825400f2520000264
:10243c002400a38f2a18430071006010253040023d
:10244c002c00a48fca25400f3000052496fe0010e6
:10245c002000a0af2598a0022558c002650036398f
:10246c00251080020a101600adff001025b04000a8
:10247c003800a28f253860012530600225206000cd
:10248c00252840005400a9af1e10400f5000abafe0
:10249c0025204000fe1f400f25286000252040000d
:1024ac00252860004c00a3af2723400f4800a2afa3
:1024bc000a004428090003240a1064001c00a38f9e
:1024cc004800ae8f4c00af8f1000633025186200af
:1024dc005000ab8f0c0060145400a98f2800a48fff
:1024ec006700032408008314000000001d00c006d0
:1024fc000100d7272518a0022120150225b8c003fa
:10250c000e00001030000524fbff20162518a00239
:10251c00faffc3062120150221b817022e0003244e
:10252c000100b526ffff52260000e3a2f1ff0010c8
:10253c0001001124fffff72601008424fdffe05663
:10254c00000085a0ffff52260100b52621180302ca
:10255c0023905e0221a8be023000422421f07e00ae
:10256c000000c2a33800a28f1800a58f00801e3c6b
:10257c002620c20325306002253860011000a5af6b
:10258c001400a4af2528e0012520c0015000a9affc
:10259c00ad0b400f4800abaf1800a2af2610c30321
:1025ac003800a2af3000a28f4800ab8f252060020c
:1025bc003098468c3498478c252860011e10400fab
:1025cc00ffffd626259840002558600025f0e00234
:1025dc0058ff00105000a98f1a008702f401e00088
:1025ec00ffff422421580202ffffa52410300000f7
:1025fc003000c624000066a16eff001012a000007f
:10260c0021180202000064802118420221180302e2
:10261c00000064a086ff0010ffff4224c1fe81066b
:10262c002800a38fb7fe00106600092461fe00107d
:10263c00060011245ffe621006001124b1fe00108a
:04264c0025486000bd
:020000040000fa
:020000041d00dd
:102650000400a28c70ffbd278000b6af1c00a2afa3
:102660000800a28c7c00b5af0000d68c0400d58c8d
:102670001800a2af1000a28c8800beaf6c00b1aff2
:102680006800b0af9000a4af2588e0000000be8cc9
:102690000c00b08c25300000253800002520c00239
:1026a0002528a0028c00bfaf8400b7af7800b4af7c
:1026b0007400b3af7000b2afb31f400f4000a2afc1
:1026c000080040040400c233340040140800d4332e
:1026d0001800a28f0b0080123000a2af040000107f
:1026e000200002240080023c26a855002d00022470
:1026f000000002a21800a28f01001424ffff422450
:102700003000a2afbfff232600f0a27e2500c01636
:102710002000a3aff07f033c23004354f07f053c2f
:102720002000a28f019d113c212014021a00422c8e
:1027300003004010d8992526019d053cd499a52475
:10274000d425400f00000000d89924268825400f8a
:10275000000000001800a78f9000a48f1000beafeb
:10276000252800024020400f253040008c00bf8ffc
:102770008800be8f8400b78f8000b68f7c00b58f35
:102780007800b48f7400b38f7000b28f6c00b18f7b
:102790006800b08f0800e0039000bd27d4ff001050
:1027a0002b000224f07f053c2000a48f0100a3240d
:1027b0002b18430021b81402050060101a00842c65
:1027c0000c004514300002240b00c01258000324f2
:1027d000019d113c03008010e0992526019d053cd8
:1027e000dc99a524d425400f2520e002d7ff001056
:1027f000e0992426580003240000e2a27800022475
:102800000b10640025300000253800002520c00290
:102810002528a002681f400f4400a2af019d033c81
:10282000259800000097718c150140140497728c54
:102830001c00a28f1c00a48f180003240000422853
:102840000a1882004400a28f3800a3af2548200256
:102850000100e2a2010062244400a2af2540400230
:102860002800b6af2400b5af25b800002800ab8f14
:102870002400aa8f25302001252060012528400151
:10288000253800012400abaf2800aaaf5400a9af3f
:102890001e10400f5000a8af25204000fe1f400f23
:1028a000252860005400a98f5000a88f25204000e3
:1028b0002530200125380001252860005800a9afe7
:1028c0005400a8af4800a2af411b400f4c00a3af7b
:1028d0002400ab8f2800aa8f2530400025206001fe
:1028e00025284001a814400f25386000019d0c3cac
:1028f0005800a98f5400a88f1897868d1c97878d34
:1029000025202001252800012800a2af6000a2afe9
:102910002400a3af5c00a3af411b400f5000acaf3d
:10292000254840001c00a28f254060000d00410496
:102930000100f7266000ab8f5c00aa8f25300000f5
:102940002538000025206001252840015400a9af4a
:10295000681f400f5800a3af5400a98f0500401016
:102960005800a88f4400a28fc0ff57143800a28fd0
:1029700001005724019d023c2097468c2497478ce8
:1029800025202001411b400f252800012530400053
:10299000253860003800a2af3c00a3af2400a28f0e
:1029a0002800a38f25284000b31f400f252060007a
:1029b000150040043800a88f3c00a98f2800a38f81
:1029c0002400a28f25300001253820012520600039
:1029d000681f400f252840003800a88f0c004014c5
:1029e0003c00a98f4800a48f4c00a58f2800a8aff9
:1029f0002723400f2c00a9af010042302800a88fe8
:102a0000030040142c00a98f254000002548000039
:102a100025300001253820012520c002aa14400fce
:102a20002528a0022400a3af020094262800a2af0c
:102a30000400401400f0637cf07f023c39ff621018
:102a40002000a28f3000a28f25a880022548000018
:102a5000feff4a24231017003800a2af25b800005b
:102a600025b000004000a28ffbff42242b10a202e1
:102a7000370040102568a0022800a38f2400a28ff1
:102a800025302002253840022520600025284000fe
:102a90005400aaaf4400a9af1e10400f4800adafcc
:102aa00025204000fe1f400f252860002520400003
:102ab000252860003000a2af2723400f3400a3afc9
:102ac0004800ad8f4400a98fb50040145400aa8f70
:102ad000bc00c0522bb81700010029253000a48f7c
:102ae0003400a58f25302002253840024400aaafcb
:102af000411b400f4800a9af253040002538600039
:102b00002400a28f2800a38fffffd626252840008f
:102b1000a814400f252060002800a2af5000a28f0b
:102b200025202002252840021897468c1c97478ca8
:102b3000411b400f2400a3af258840003800a28f1e
:102b4000259060004800a98fc6ff56144400aa8f44
:102b50001400e01621201502cf00201121101502cb
:102b60001c00a38fcc0060180100c333ca0060149e
:102b70002e000324000043a0211835012118030270
:102b800030000424010044a001004224fdff43144e
:102b900021403501274809000100152521502a014f
:102ba00021201502000080a0030061062518000006
:102bb00023981300010003244000a28fffff4a2541
:102bc00001000924ffff4224212802020000a0a0e6
:102bd0000a000724010005249e0060162188450193
:102be0009c00a9102d0006242b0005240b28c300ef
:102bf0002518a00021280202ffffa3a02000a38f18
:102c000050000624700005241a00632c0b28c30012
:102c1000feff42242518a000212802022a10a20249
:102c2000030040100000a3a0d425400f00000000c6
:102c30000300c233020003240c004314feff3226bb
:102c4000c2fe401a252000028825400f25200002e0
:102c50002a185400890060102530400230000524f5
:102c6000ca25400f212014021800a0afb7fe0010a3
:102c70002520000201007326258820012590600090
:102c8000253020022538400225202002aa14400fba
:102c90002528400225386000253040002520c0024c
:102ca0002528a0022800a3afb31f400f2400a2af25
:102cb0002800a38fefff41042400a98f019d023c4f
:102cc0000897438c0c97428c2800a3af2400a2af36
:102cd000019d023c1097438c1497428c3800a3af9f
:102ce0004800a2af4800a28f5000a3af5400a2af8b
:102cf0002800a28f5800a2af2400a28f5c00a2afd0
:102d000025302002253840022520c002b31f400f85
:102d10002528a002c6fe41042800a68f2400a78f04
:102d200025202002411b400f25284002252040007d
:102d30002530000025380000681f400f252860005e
:102d40000e0040143800a68f4800a78f25202002cf
:102d5000411b400f252840025000a68f5400a78f2a
:102d60002520c0022528a00225884000411b400fd5
:102d70002590600025b0400025a860005800a68f6f
:102d80005c00a78f25202002411b400f2528400210
:102d90002588400025906000d9ff0010ffff7326b2
:102da0000900e0162518a0020700c01221680d02d4
:102db0002e0003240100b526ffff4a250000a3a131
:102dc000010017242518a002212815022520200122
:102dd00004000010300006240000a6a0ffff842499
:102de0000100a524fcff80140100a826ffff4a254e
:102df0002350490121a80901214823010a00432841
:102e00002148090202006010570044243000442485
:102e10002000a28f1a00422c0b00401020008234a8
:102e20009fff42241a00422c08004050000024a1b9
:102e30004400a9af3e26400f4800aaaf4400a98f26
:102e40004800aa8f25204000000024a123ff001085
:102e5000254800001a006702f401e000ffff422449
:102e600021580202ffffa524103000003000c624c4
:102e7000000066a158ff00101298000021180202fd
:102e8000000064802118220221180302feff64a0c2
:102e90006fff0010ffff42241000c33341ff60109a
:102ea000212015022e0003240100b5263cff00104e
:042eb000000043a03b
:020000040000fa
:020000041d00dd
:102eb40078ffbd278800a4af9000a6af9400a7af09
:102ec400253080002538a0003000a4278400bfaf3f
:102ed4008c00a5af8000beaf6c00b3af6800b2af8a
:102ee4009c00b38f9800b28f7c00b7af7800b6af68
:102ef4007400b5af7000b4af6400b1af6422400f8a
:102f04006000b0af9000a68f9400a78f6422400f9a
:102f14002000a42725304002253860026422400f97
:102f24001000a4273800be8fcb03c22b060040102c
:102f34009000a68f2800af8fcb03e2290e00401427
:102f44001800a68f9000a68f9400a78f8800a48fe6
:102f5400411b400f8c00a58f2530400025386000b0
:102f640025204002aa14400f252860022590400025
:102f74000600001025986000cb03c22811004014fd
:102f8400cb030224f0ffc2149000a68f8400bf8fed
:102f940025104002251860028000be8f7c00b78f88
:102fa4007800b68f7400b58f7000b48f6c00b38f47
:102fb4006800b28f6400b18f6000b08f0800e00336
:102fc4008800bd273000a28f2000ac8f2400a48f7e
:102fd4003400b88f19004c0021f0cf032388de00a1
:102fe400104800004400a9af124000004000a8af00
:102ff4004000a98f190044001210000010180000ae
:1030040019000c031260000021704c002b28c2012f
:10301400106800004400a28f21686d0019000403a9
:103024004400a38f2170c2012128ad002b20c301cd
:1030340012c00000212805032b10b8002120a40091
:1030440010c80000211059002b288500258080001d
:10305400ad00201a21b0a2004000222a1000af8f38
:10306400790040101400b78f2520e0012528e002e4
:10307400253020025400aeaf5000a9af6125400fa7
:103084004c00afaf4c00af8f400006242528e0026f
:103094002520e0012330d1004800a2af5225400f83
:1030a4004000a3af4000b88f4800a78f5000a98ffd
:1030b4005400ae8f2578400025b860002c00a28f04
:1030c4003c00b18f268822021c00a28fb900511443
:1030d4002150e9002b90470121700e0321a04e02dc
:1030e4002b10980225a84001060040140100062474
:1030f400030014172b3847010300e0142158f00192
:10310400253000002158f0012b786f012110f602c0
:103114002158cb002110e2012b30660121c8c200e6
:1031240025206001252820034800abaf2a24400f46
:103134004000b9afffff5324400006242330d300de
:103144002520a0025225400f252880024800ab8f7d
:103154004000b98f25306002252060012528200316
:10316400258040006125400f2590600025306002d5
:103174002520a00225288002258002026125400f17
:1031840025904302251043002b1002004000de2747
:103194002580020225200002050020122528400275
:1031a400232010002b100400232812002328a2003f
:1031b4000d24400f23f0d30325b04000c4fbc22be1
:1031c400fc00401025b86000c3fb0224ff00c217b6
:1031d40080251000b8002012019d023c5098548ca8
:1031e4005498558c2530c0022538e00225208002f1
:1031f400681f400f2528a002b3004014019d023c23
:103204005898468c5c98478c2520c002411b400f7f
:103214002528e002252860008020400f252040005a
:103224003922400f25204000019d043c6098868c83
:103234006498878c25286000411b400f252040009e
:103244004bff001025904000c0ff3126c0ffde2454
:103254002538000099ff201225c000004000222ad2
:103264004c0040104000a48f40000b2423587101ef
:10327400253060012528c0015800b8af5400a7af1d
:103284005000afaf4c00abaf6125400f4800aeaf6c
:103294004800ae8f4000a48f251043002528c001ac
:1032a400253020025225400f2ba802004c00ab8f82
:1032b400252000022528c0022530600125a06000d9
:1032c4006125400f25a8a2022548a2022570830289
:1032d400252000022528c002253020024800a9af7d
:1032e4005225400f4000aeaf2580400025b060005d
:1032f4004000ae8f4800a98f5000af8f5400a78fb5
:103304006eff00105800b88f2388c60305002016ee
:103314001000a78f1400b88f2578000067ff0010f5
:1033240025b800004000222a1f0040101000aa8f78
:103334001400ab8f4000062425204001252860019d
:103344002330d1004c00aeaf4800a9af4000aaaf73
:103354006125400f4400abaf4000aa8f4400ab8fff
:103364002510430025302002252040012528600136
:103374005225400f2ba002002538820225c0600090
:103384002578000025b800004800a98f4bff0010e5
:103394004c00ae8f01000924257000002580000038
:1033a40046ff001025b0000001000724daff0010da
:1033b40025c00000235027012b182a012340d801df
:1033c40023a003012b10d40125a8400101001f24d0
:1033d400060040142530000004008e5625f8000035
:1033e4000300601423180f0225f8000023180f02ad
:1033f4002bc803022310d7022310590023587f003f
:103404002b186b002310460023c843001300210728
:103414002350e9002b38ea0023400e032320f00157
:1034240023a007012b78e4012310f6022558540148
:1034340021f89f0023104f002b580b002b20e4038e
:10344400211046002358eb03211082002bf8eb03d4
:1034540025a8400123c85f000100312e2510790101
:103464002fff40142510b402b6fe40102520a00200
:103474002a24400f25288002ffff532407006106f9
:10348400c017140042801500258050000100aa32a4
:1034940025800a023fff001042901400253060028c
:1034a4002520a0026125400f2528800225804000a8
:1034b40038ff001025906000019d023c4898548c10
:1034c40048ff00104c98558c4015100039004010ee
:1034d400c017120042201000252044004228120088
:1034e400010010320040023c25209000050020120b
:1034f40025284500232004002b1004002328050060
:103504002328a2000d24400f0000000025304000b5
:103514002538600025204000aa14400f25286000ab
:1035240025204000253080022538a002a814400f31
:103534002528600025804000019d023c6098468c4f
:103544006498478c2520000225286000411b400f09
:103554002588600025304000253860002520400083
:10356400411b400f25286000253000022538200229
:10357400252000022528200225904000a814400f91
:103584002598600025304000253860002520400241
:10359400411b400f252860022520400025300002f1
:1035a40025382002aa14400f2528600025b04000c9
:1035b40025b860002530c0032520c002fd20400f3f
:1035c4002528e0026afe00102590400080151200b4
:1035d40082821000258050002b20040025209000ba
:1035e40025284002821504000448057c252845004e
:1035f4000500201280220400232004002b10040064
:10360400232805002328a2000d24400f00000000f9
:08361400e7ff001025b04000a3
:020000040000fa
:020000041d00dd
:10361c0018ffbd27dc00b4afd800b3afd400b2aff5
:10362c00d000b1afe400bfafe000b5afcc00b0af9d
:10363c00259080002588c000b800a5af2598000013
:10364c00019d143cb800a58f0000a280e40040103e
:10365c00ffff02249c00a2af1800a227a400a2af77
:10366c00800002249800a0afa000a0afa800a2afd9
:10367c0025800000250003242110b00000004280aa
:10368c000300401000000000fbff43540100102613
:10369c0006000012253000020323400f25204002b3
:1036ac00b800a28f21105000b800a2afb800b58f9f
:1036bc00250002240000a382c20062140100b5267a
:1036cc00b800b5af2b0005242d00062430000324d0
:1036dc002000072423000824b800a48f0000828057
:1036ec001b0045509800a28f2c0049281e00201169
:1036fc0000000000180047509800a28f1800485096
:10370c009800a28f2a0003241e0043500000228e32
:10371c00d023400f00000000a000a2afb800a38f80
:10372c0000006280d0ff42240a00422c210040108d
:10373c0001006324f9ff0010b800a3af010042346c
:10374c00010084249800a2afe3ff0010b800a4afde
:10375c00fbff001004004234f9ff00100800423453
:10376c00f7ff001010004234f4ff46509800a28f6f
:10377c00e5ff43542a0003249800a28ff0ff0010a9
:10378c000200423401008424b800a4af0400432496
:10379c000000428c000023ae06004104a000a2af42
:1037ac009800a38f23100200a000a2af0100633881
:1037bc009800a3af9800a28f010043300200601064
:1037cc004408027c9800a2afb800a28f2e000324fc
:1037dc00000044800d008314010044249c00a0af21
:1037ec00b800a4af010045802a0003242300a314d1
:1037fc0002004224b800a2af0000228e0400432431
:10380c000000428c000023ae9c00a2af8c24400f21
:10381c00b800a427c000a2afb800a28f3026400f7a
:10382c00000044806900032477004310c000a58f7a
:10383c006a0043282f00601063000324be0043106d
:10384c00640043281800601025000324cb004310ab
:10385c00610003244f00435025302002ffff022457
:10386c00b800b5af9800a0afa000a0af9c00a2af6d
:10387c001000a0afc900001025380000d023400f65
:10388c00000000009c00a2afb800a38f0000628073
:10389c00d0ff42240a00422cdcff401001006324bc
:1038ac00f9ff0010b800a3af6400032456004310c6
:1038bc0068004228eaff4010ffff02242530200256
:1038cc00b724400fb000a42797004010b800a28f77
:1038dc00b000a6279800a52701004324b800a3af89
:1038ec00000047806707400f25204002350000107c
:1038fc0021800202700003246e00431071004328e3
:10390c00130060106e000324830043106f00032427
:10391c00d3ff4314ffff022425382002253000007a
:10392c00a31d400fb000a4277f004010b800a28f49
:10393c00b000a6279800a5270100422425204002ac
:10394c00c020400fb800a2af1e0000102180020260
:10395c00750003243a0043107800032446004310fa
:10396c0073000324bdff4314800002246e00a214d4
:10397c00b800a28f2538000001004224b800a2af85
:10398c000000228e04004324000023ae76000010b9
:10399c000000468cb724400fb000a42762004010f2
:1039ac00b800a28fb000a6279800a52701004324d9
:1039bc00b800a3af000047809409400f25204002b7
:1039cc0021800202218070022a9813027700601273
:1039dc0000a0023c4f000324b40543acffff1324aa
:1039ec00e400bf8f25106002e000b58fdc00b48fbf
:1039fc00d800b38fd400b28fd000b18fcc00b08f71
:103a0c000800e003e800bd27253820020100062449
:103a1c00a31d400fb000a42743004010b800a28f94
:103a2c00b000a6279800a5270100422425204002bb
:103a3c00c51e400fb800a2afe2ff001021800202a9
:103a4c002538200225300000a31d400fb000a4270c
:103a5c0035004010b800a28fb000a6279800a5270b
:103a6c0001004224252040020a22400fb800a2afd8
:103a7c00d4ff0010218002022538200225300000de
:103a8c00a31d400fb000a42727004010b800a28f40
:103a9c0001004324b800a3af00004780b000a62764
:103aac009800a527b31c400f25204002c5ff00102d
:103abc00218002022538200225300000f000052468
:103acc00a31d400fb000a42717004010b800a28f10
:103adc00b400a38f01004224b800a2afb000a28fa3
:103aec0025104300edff4014780007248825400f73
:103afc00149a84269800a38fa000a78f253040002d
:103b0c001000a3af149a85264020400f25204002b8
:103b1c00acff0010218002022538200221307002f7
:103b2c003921400fb000a427b800a28f0100422415
:103b3c00a4ff0010b800a2af80000224faffa21468
:103b4c00b800a28f01000724b000a6270100422470
:103b5c00b800a2af0000228e040043240000428c67
:103b6c00000023aeb000a2a39800a5278e22400f20
:103b7c002520400293ff00102180020280000224c5
:103b8c00e9ffa214b800a28fa000a78f0100422465
:103b9c00b800a2af9800a28f1000a2af019d053c07
:103bac0001000624d8ff00101c9aa524a5fe0010c5
:043bbc002598000246
:020000040000fa
:020000041d00dd
:103bc000e8ffbd271400bfaf1000beaf25f0a00373
:103bd0001800c4af1800c48f0510400f000000008b
:103be0000e004010000000001800c28f0800428c38
:103bf000010043241800c28f080043ac1800c28f94
:103c00000800438c1800c28f0c00428c0300621421
:103c1000000000001800c28f080040ac1800c28fde
:103c20000400428c010043241800c28f040043acfe
:103c30001800c28f0400438c1800c28f0c00428c05
:103c400003006214000000001800c28f040040aca2
:103c50000000000025e8c0031400bf8f1000be8fd5
:103c60001800bd270800e00300000000f8ffbd2792
:103c70000400beaf25f0a0030800c4af0800c28f47
:103c80000800428c010043240800c28f080043aca6
:103c90000800c28f0800438c0800c28f0c00428cc1
:103ca00003006214000000000800c28f080040ac4e
:103cb0000000000025e8c0030400be8f0800bd27f7
:103cc0000800e00300000000e0ffbd271c00bfafbc
:103cd0001800beaf25f0a0032000c4af2400c5af7c
:103ce0004c8082930019020000a0023c90054224ff
:103cf000211062001000c2af4c8082930100422468
:103d0000ff0042304c8082a31000c28f2000c38f7e
:103d1000000043ac1000c28f2400c38f0c0043ace2
:103d20001000c48f520f400f000000001000c28f1f
:103d300025e8c0031c00bf8f1800be8f2000bd27e0
:103d40000800e00300000000f8ffbd270400beaf3c
:103d500025f0a0030800c4af0800c28f040040ace7
:103d60000800c28f080040ac0000000025e8c00336
:103d70000400be8f0800bd270800e003000000001b
:103d8000e0ffbd271c00bfaf1800beaf25f0a003a9
:103d90002000c4af2000c28f0c00428c1000c2afc4
:103da0002000c48f0510400f0000000001004238c1
:103db000ff00423019004010000000002000c28fb8
:103dc0000400438c2000c28f0800428c2b1062003c
:103dd00009004014000000002000c28f0400438c42
:103de0002000c28f0800428c231062001000c2af76
:103df0000a000010000000002000c28f0c00438c5d
:103e00002000c28f0400428c211862002000c28f63
:103e10000800428c231062001000c2af1000c28f55
:103e200025e8c0031c00bf8f1800be8f2000bd27ef
:103e30000800e00300000000f8ffbd270400beaf4b
:103e400025f0a0030800c4af0800c28f0c00428c0c
:103e500025e8c0030400be8f0800bd270800e0036a
:103e600000000000e8ffbd271400bfaf1000beaf88
:103e700025f0a0031800c4af2510a0001c00c2a3a9
:103e80001800c28f0000438c1800c28f0400428cbf
:103e9000211062001c00c393000043a01800c48fcf
:103ea000f00e400f000000000000000025e8c003f5
:103eb0001400bf8f1000be8f1800bd270800e0035c
:103ec00000000000e0ffbd271c00bfaf1800beaf20
:103ed00025f0a0032000c4af2510a0002400c2a339
:103ee000ffff02241000c2af2000c48f0510400f56
:103ef0000000000001004238ff0042300c0040107a
:103f0000000000002000c28f0000438c2000c28f00
:103f10000400428c211062002400c393000043a0df
:103f20002000c48ff00e400f000000001000c0af52
:103f30001000c28f25e8c0031c00bf8f1800be8f81
:103f40002000bd270800e00300000000e0ffbd27bf
:103f50001c00bfaf1800beaf25f0a0032000c4af07
:103f60002400c5afffff02241000c2af2000c48fa1
:103f7000f50f400f0000000001004238ff00423002
:103f80000d004010000000002000c28f0000438c94
:103f90002000c28f0800428c211062000000439074
:103fa0002400c28f000043a02000c48f1b0f400fcd
:103fb000000000001000c0af1000c28f25e8c00351
:103fc0001c00bf8f1800be8f2000bd270800e00333
:103fd00000000000f8ffbd270400beaf25f0a003dd
:103fe0000800c4af0800c28f0400438c0800c28fd1
:103ff0000800428c261062000100422cff00423073
:1040000025e8c0030400be8f0800bd270800e003b8
:1040100000000000f0ffbd270c00beaf25f0a0039c
:104020001000c4af1000c28f0400428c0100422473
:104030000000c2af1000c28f0c00428c0000c38f82
:1040400002006214000000000000c0af1000c28f28
:104050000800428c0000c38f261062000100422c31
:10406000ff00423025e8c0030c00be8f1000bd27c2
:084070000800e003000000005d
:020000040000fa
:020000041d00dd
:104078004050050042550a00c04a0500427d040030
:1040880025482f01c042040000800e3c25482e011f
:1040980040680700426d0d00c0620700427d0600bf
:1040a80025608f01c05a060025608e012628a700ca
:1040b8002428ae00ffff4f25fe07e12dcb0020107e
:1040c80000000000ffffaf25fe07e12df4002010df
:1040d8000000000023504d01ff034a25424008001c
:1040e800c07f090025400f0142480900023c0c002e
:1040f800f401e0001b0027011270000010480000c6
:10410800ffff86311900ce0012200000004c090084
:10411800027c080025482f012b7824010600e011b5
:1041280023482401ffffce2521482c012b082c0110
:10413800fcff201000000000f401e0001b00270134
:1041480012380000104800001900c70012200000b3
:10415800004c0900ffff0f3125482f012b7824015f
:104168000600e01123482401ffffe72421482c0121
:104178002b082c01fcff20100000000000740e002a
:104188002170c7011900cb0112380000102000006f
:10419800000008242b780701234007012b102f016a
:1041a80023482f012b7824012578e2010b00e01128
:1041b80023482401ffffce2521400b012b780b015a
:1041c80021482c0121482f0102002c110000000079
:1041d8002b782c01f7ffe0110000000006002c15d9
:1041e8000000000025200b002548080000000d24d1
:1041f8002a00001025380d00023c0c00f401e000f4
:104208001b0027011268000010480000ffff8631dc
:104218001900cd0012200000004c0900027c0800a3
:1042280025482f012b7824010600e011234824019a
:10423800ffffad2521482c012b082c01fcff201085
:1042480000000000f401e0001b0027011238000004
:10425800104800001900c70012200000004c090097
:10426800ffff0f3125482f012b7824010600e011ac
:1042780023482401ffffe72421482c012b082c01a7
:10428800fcff201000000000006c0d002168a70151
:104298001900ab01123800001020000000000824ab
:1042a8002b780701234007012b102f0123482f01ea
:1042b8002b7824012578e2010b00e0112348240122
:1042c800ffffad2521400b012b780b0121482c0164
:1042d80021482f0102002c11000000002b782c012e
:1042e800f7ffe011000000000600c0050000000014
:1042f8002a78a0012168ad012170ce012170cf017b
:10430800ffff4a25257828010200e011000000007f
:104318000100ad3525480e0025400d00ffff4f2553
:10432800fe07e12d150020100000000000040825fc
:1043380000040f2d21482f012b782f0121504f0108
:10434800c27a08000100ef3123400f01c2220800a1
:10435800407d090025208f0040780900027b0f006e
:104368002528af00007d0a002528af00251004008d
:10437800251805000800e003000000004400401d67
:104388000000000001000e242370ca012000c12d86
:104398000700201400000000e0ffce212b200800b9
:1043a8000d00091025402401f8ff00100000093411
:1043b8000900c0110000000022300e000420c800cf
:1043c8000430c9000640c8010648c901020080102f
:1043d8002540c800020008350004082500040f2df8
:1043e80021482f01d6ff0010c25709002a78000182
:1043f80021400801214829011700401521482f01b3
:10440800257828011400e01100000000080020159c
:1044180000000000030000150000000029ff001044
:1044280000000a242548000100000824e0ff4a256e
:1044380020702e7123ffc0110000000023504e0190
:1044480022300e000630c8000440c8010448c901e3
:104458001cff00102548260105004d15000000002e
:1044680040780c002578eb012b00e01100000000db
:10447800ff0701240a00a11100000000bbff401142
:1044880000000000257828012300e0150000000046
:10449800f07f013c2528a100b4ff0010000004248f
:1044a8002a78600121586b0121608c011700a01542
:1044b80021608f0125788b01f5ffe01100000000d5
:1044c80008008015000000000300601500000000cf
:1044d80000ff001000000d242560600100000b247f
:1044e800e0ffad2520708e71fafec01100000000bb
:1044f8002368ae0122300e000630cb000458cb01f1
:104508000460cc01f3fe00102560860125788b013c
:104518000200e01100000000f8ff053c93ff0010c6
:08452800000004240000000063
:020000040000fa
:020000041d00dd
:1045300058ffbd27a400bfafa000beaf25f0a00369
:10454000a800c4afac00c5afb000c6afb400c7afe1
:10455000ac00c2271c00c2af2400c2272000c2af9b
:104560002000c28f000040a0a10000100000000049
:10457000a800c28f00004380250002240b006210b7
:1045800000000000a800c38f01006224a800c2af91
:104590002000c28f010044242000c4af00006380cb
:1045a000000043a09200001000000000a800c28f8d
:1045b00001004224a800c2afa800c28f00004280c0
:1045c0006400032417004310000000006500432826
:1045d0000900601000000000250003246a00431059
:1045e00000000000630003244100431000000000ad
:1045f0006c00001000000000750003242f00431021
:1046000000000000780003241f0043100000000099
:1046100073000324410043100000000061000010fb
:10462000000000001c00c28f040043241c00c3af24
:104630000000428c1400c2af1400c28f0900410474
:10464000000000002000c28f010043242000c3afff
:104650002d000324000043a01400c28f2310020089
:104660001400c2af1400c28f2000c3270a00062422
:1046700025284000252060002612400f0000000081
:1046800058000010000000001c00c28f04004324ea
:104690001c00c3af0000428c1800c2af2000c2272c
:1046a000100006241800c58f252040002612400f58
:1046b000000000004b000010000000001c00c28f32
:1046c000040043241c00c3af0000428c1800c2af9a
:1046d0002000c2270a0006241800c58f25204000ac
:1046e0002612400f000000003e00001000000000f5
:1046f0001c00c28f040043241c00c3af0000448c84
:104700002000c28f010043242000c3af201c047c82
:10471000000043a033000010000000001c00c28f06
:10472000040043241c00c3af0000428c1000c2af41
:104730001000c28f0e00401400000000019d023cda
:10474000889842241000c2af090000100000000049
:104750001000c38f010062241000c2af2000c28f7e
:10476000010044242000c4af00006380000043a087
:104770001000c28f00004280f5ff401400000000ce
:1047800018000010000000002000c28f0100432428
:104790002000c3af25000324000043a01100001037
:1047a000000000002000c28f010043242000c3af9e
:1047b00042000324000043a02000c28f01004324d4
:1047c0002000c3af41000324000043a02000c28f9b
:1047d000010043242000c3af44000324000043a091
:1047e00000000000a800c28f01004224a800c2af50
:1047f000a800c28f000042805dff4014000000004e
:104800002000c28f000040a02400c2272000c2afb9
:1048100016000010000000002000c28f000043803e
:104820000a00022408006210000000002000c28f6d
:104830000000428025204000f125400f00000000cc
:1048400007000010000000000d000424f125400fb7
:10485000000000000a000424f125400f00000000c1
:104860002000c28f010042242000c2af2000c28f6e
:1048700000004280e8ff401400000000000000003b
:1048800025e8c003a400bf8fa000be8fa800bd27ed
:104890000800e00300000000e0ffbd271c00beafe1
:1048a00025f0a0032000c4af2400c5af2800c6af88
:1048b0001300c0a32400c28f0c00401400000000ad
:1048c0002000c28f0000428c30000324000043a06f
:1048d0002000c28f0000428c010043242000c28fc0
:1048e000000043ac32000010000000000800c227a6
:1048f0000b0042240000c2af1800001000000000ae
:104900002400c38f2800c28f1b006200f401400006
:10491000101000000400c2a30400c3930000c28f63
:10492000ffff42240000c2af019d023c9098422448
:1049300021106200000043800000c28f000043a0ed
:104940002400c38f2800c28f1b006200f4014000c6
:1049500010100000121000002400c2af2400c28f0b
:10496000e7ff4014000000000d00001000000000f0
:104970000000c28f010043240000c3af2000c38f9a
:104980000000638c00004280000062a02000c28f03
:104990000000428c010043242000c28f000043ac81
:1049a0000000c28f00004280f1ff401400000000b0
:1049b00025e8c0031c00be8f2000bd270800e003cf
:1049c00000000000e0ffbd271c00bfaf1800beaf15
:1049d00025f0a0032000c4af2000c48f9413400f23
:1049e000000000001000c0a3330000100000000011
:1049f0001000c393019d023cc0180300a4994224f7
:104a0000211062000000428c0500401000000000f0
:104a1000009d023c8806422404004014000000006f
:104a20000300022428000010000000001000c393bf
:104a3000019d023cc0180300ac9942242110620081
:104a40000000448c1000c293019d033cac99632488
:104a5000c01002002110620004004290252840008e
:104a60009c18400f000000001000c393019d023c01
:104a7000c0180300a4994224211062000000428c57
:104a80001000c3932520600009f8400000000000da
:104a900001004238ff0042300400401000000000d6
:104aa0000500022408000010000000001000c2935e
:104ab000010042241000c2a31000c293ccff40109a
:104ac000000000002510000025e8c0031c00bf8f77
:104ad0001800be8f2000bd270800e0030000000082
:104ae000d8ffbd272400bfaf2000beaf25f0a00334
:104af0002f000010000000001c808297252040003d
:104b0000a921400f000000001000c2a31000c393b1
:104b1000019d023cc0180300ac99422421106200a0
:104b20000000428c20808527252040002b19400f53
:104b30000000000010004014000000001000c393ab
:104b4000019d023c40180300c095422421106200e0
:104b5000000042942016027c27100200201e027cd6
:104b60001c8082972016027c241062002016027c92
:104b7000ffff42301c8082a7009d023c8806422431
:104b80001400c3272080858f2480868f2520600015
:104b900009f84000000000001400c28f040040101b
:104ba00000000000020002241200001000000000bb
:104bb0003d1a400f000000000400401000000000fb
:104bc0001c808297ccff401400000000df22400fc1
:104bd0000000000001004238ff004230f4ff4010a6
:104be00000000000071b400f00000000f0ff001055
:104bf0000000000025e8c0032400bf8f2000be8f06
:104c00002800bd270800e00300000000e0ffbd27ea
:104c10001c00bfaf1800beaf25f0a0032000c4af3a
:104c20002400c5af1000c0a31d000010000000004c
:104c30001000c393019d023cc0180300ac994224ac
:104c4000211062000000428c2000c58f2400c68f16
:104c500025204000b418400f000000000100423839
:104c6000ff00423013004014000000001000c39306
:104c7000019d023c40180300c095422421106200af
:104c8000000043941c80829725106200ffff423091
:104c90001c8082a71000c293010042241000c2a30e
:104ca0001000c293e2ff401000000000020000105c
:104cb00000000000000000001000c3930100022467
:104cc0000400621400000000010002240200001031
:104cd000000000002510000025e8c0031c00bf8f65
:104ce0001800be8f2000bd270800e0030000000070
:104cf000e8ffbd271400bfaf1000beaf25f0a00332
:104d0000251080001c00c5af2000c6af1800c2a34c
:104d10001800c2931b004014000000001800c39349
:104d2000019d023cc0180300ac994224211062008e
:104d30000000428c1c00c58f2000c68f252040003b
:104d4000b418400f000000000e00401000000000ea
:104d50001800c393019d023c40180300c0954224f3
:104d600021106200000043941c808297251062008d
:104d7000ffff42301c8082a70100022402000010c5
:104d8000000000002510000025e8c0031400bf8fbc
:104d90001000be8f1800bd270800e00300000000cf
:104da000e8ffbd271400bfaf1000beaf25f0a00381
:104db000251080001c00c5af2000c6af1800c2a39c
:104dc0001800c2931b004014000000001800c39399
:104dd000019d023cc0180300ac99422421106200de
:104de0000000428c1c00c58f2000c68f252040008b
:104df000eb18400f000000000e0040100000000003
:104e00001800c393019d023c40180300c095422442
:104e100021106200000043941c80829725106200dc
:104e2000ffff42301c8082a7010002240200001014
:104e3000000000002510000025e8c0031400bf8f0b
:104e40001000be8f1800bd270800e003000000001e
:020000040000fa
:020000041d00dd
:104e5000e8ffbd271400bfaf1000beaf25f0a003d0
:104e60001800c4af1800c48f9019400f0000000054
:104e70000000000025e8c0031400bf8f1000be8fa3
:104e80001800bd270800e00300000000f8ffbd2760
:104e90000400beaf25f0a003251080002518a00057
:104ea0000800c2a3251060000c00c2a70800c2932e
:104eb0001000422c0c004010000000000800c393ba
:104ec000019d023c801803008c9442242110620052
:104ed0000000428c04004010000000000c00c2974b
:104ee0000400401400000000ffff0224090000102d
:104ef000000000000800c39300a0023c401803001b
:104f000070054224211062000c00c397000043a4e6
:104f10002510000025e8c0030400be8f0800bd274f
:104f20000800e00300000000f8ffbd270400beaf4a
:104f300025f0a003251080000800c2a30800c2933a
:104f40001000422c09004010000000000800c3932c
:104f500000a0023c401803007005422421106200aa
:104f6000000042940400401400000000ffff0224ef
:104f70000c000010000000000800c393019d023cdb
:104f800040180300c09542242110620000004394a1
:104f90003880829725106200ffff4230388082a758
:104fa0002510000025e8c0030400be8f0800bd27bf
:104fb0000800e00300000000f8ffbd270400beafba
:104fc00025f0a003251080000800c2a30800c293aa
:104fd0001000422c0400401400000000ffff0224d7
:104fe00011000010000000000800c393019d023c66
:104ff00040180300c0954224211062000000429432
:105000002016027c27100200201e027c3880829726
:105010002016027c241062002016027cffff423022
:10502000388082a72510000025e8c0030400be8f49
:105030000800bd270800e00300000000f8ffbd27be
:105040000400beaf25f0a003251080002518a000a5
:105050000800c2a3251060000c00c2a70800c2937c
:105060001000422c0c004010000000000800c39308
:10507000019d023c801803008c94422421106200a0
:105080000000428c04004010000000000c00c29799
:105090000400401400000000ffff02241300001071
:1050a000000000000800c39300a0023c4018030069
:1050b00070054224211062000c00c397000043a435
:1050c0000800c393019d023c40180300c095422490
:1050d00021106200000043943880829725106200fe
:1050e000ffff4230388082a72510000025e8c0036a
:1050f0000400be8f0800bd270800e0030000000088
:10510000e8ffbd271400bfaf1000beaf25f0a0031d
:10511000331a400f0000000025e8c0031400bf8fc1
:105120001000be8f1800bd270800e003000000003b
:10513000e8ffbd271400bfaf1000beaf25f0a003ed
:10514000388082974f00401000000000388082971e
:105150003a8082a73a80829725204000a921400ffb
:10516000000000003c8082a33c80829300a0033cae
:10517000402002007005632421188300000063941e
:10518000ffff6324ffff643000a0033c40280200bf
:10519000700563242118a300000064a400a0043c4f
:1051a0004018020070058224211062000000429421
:1051b000210040140000000003000224408082af60
:1051c0003c808293ffff4230448082a73c808293e0
:1051d00025184000019d023c801803008c94422455
:1051e000211062000000428c4080848f4480858fb3
:1051f00009f84000000000003c8082932518400020
:10520000019d023c40180300c09542242110620019
:10521000000042942016027c27100200201e027c0f
:10522000388082972016027c241062002016027caf
:10523000ffff4230388082a73c80829325184000cf
:10524000019d023c40180300c095422421106200d9
:10525000000042942016027c27100200201e027ccf
:105260003a8082972016027c241062002016027c6d
:10527000ffff42303a8082a73a808297b5ff401400
:10528000000000000000000025e8c0031400bf8fec
:105290001000be8f1800bd270800e00300000000ca
:020000040000fa
:020000041d00dd
:1052a0000080013c2638e10040580500425d0b00bb
:1052b000c0520500427d040025504f01c04a040041
:1052c0000080083c255048014070070042750e00e0
:1052d000c06a0700427d06002568af01c062060073
:1052e0002568a801ffff6f25fe07e12d8d00201026
:1052f00000000000ffffcf25fe07e12dbb002010be
:10530000000000000080013c2428a10023406e0121
:105310002c00001100000000150000190000000022
:105320002000012d0700201400000000e0ff0821ec
:105330002b300c0023000d102560a601f8ff001093
:1053400000000d341f0000110000000022200800a2
:1053500004308c0004208d0006600c0106680d01ed
:105360001800c01025608c001600001002008c355b
:1053700025580e00234008002000012d07002014ae
:1053800000000000e0ff08212b3009000d000a108a
:1053900025484601f8ff001000000a3409000011fa
:1053a00000000000222008000430890004208a0048
:1053b0000648090106500a010200c010254889006c
:1053c000020029352678a7001c00e0050000000037
:1053d00021482c012b782c0121504d0121504f01e7
:1053e00002004d11000000002b784d013700e01144
:1053f0000000000001002f310200e0110000000059
:105400000200293542480900c07f0a0025482f01c3
:1054100042500a000080013c2550410101006b25eb
:10542000ff0701242900611500000000f07f013c06
:105430002528a10037000010000004242b782c013f
:1054400023482c012b104f0123504f012b784d0185
:105450002578e2010700e01123504d010080013c56
:105460002628a1002b7809002348090023500a00b0
:1054700023504f01080040150000000003002015d4
:10548000000000000d00001000000b24255020013a
:1054900000000924e0ff6b2520404871070000113f
:1054a000000000002358680122200800062089001f
:1054b0000448090104500a01255044012578490196
:1054c0000200e015000000000000052468006019db
:1054d000000000000004292500042f2d21504f0159
:1054e0002b784f0121586f01c27a09000100ef317a
:1054f00023482f01c2220900407d0a0025208f0089
:1055000040780a00027b0f002528af00007d0b00c9
:105510002528af0025100400251805000800e00329
:10552000000000002a7820012148290121504a0169
:105530002300601521504f01257849011400e01126
:1055400000000000080040150000000003002015c6
:105550000000000067ff001000000b242550200110
:1055600000000924e0ff6b252040487161ff001115
:10557000000000002358680122200800062089004e
:105580000448090104500a015aff00102550440143
:10559000ff0701241500c111000000002140e700b1
:1055a000257806010300e01500000000d9ffe004a3
:1055b0000000000025100600d8ff00102518070085
:1055c000257849012700e01500000000ff070124ad
:1055d000d0ffc115000000002678a7002100e005db
:1055e00000000000f3ff0010000000002a78800196
:1055f00021608c012168ad011700c0152168af0141
:105600002578ac01c3ffe011000000000800a015e0
:1056100000000000030080150000000039ff0010aa
:1056200000000e242568800100000c24e0ffce2538
:105630002040a87133ff0011000000002370c80152
:105640002220080006208c0004600c0104680d0173
:105650002cff00102568a4012578ac01d5ffe011ce
:1056600000000000f8ff053caaff00100000042421
:105670000100082423400b012000012d0700201405
:1056800000000000e0ff08212b3009000d000a1087
:1056900025484601f8ff001000000a3409000011f7
:1056a00000000000222008000430890004208a0045
:1056b0000648090106500a010200c0102548890069
:1056c0000200293583ff001000000b2400000000b9
:020000040000fa
:020000041d00dd
:1056d0001b5b324a0000000c496e697420547261f1
:1056e0006e736d69742f52656365697665205365c5
:1056f00072766963650a0000436f6e66696775724a
:10570000696e6720535049206275730a0000000ccf
:10571000556e7375636365737366756c6c7920631e
:105720006f6d6d756e696361746564207769746807
:1057300020726164696f2e0a0000000c5375636368
:1057400065737366756c6c7920636f6d6d756e69ca
:105750006361746564207769746820726164696f3d
:105760002e0a0000526164696f20636f6e6669677c
:105770007572656420617320612072656365697666
:1057800065720a00526164696f20636f6e666967b3
:10579000757265642061732061207472616e736d2f
:1057a00069747465720a00004461746120726561f5
:1057b000647920696e205258204649464f0a0000fd
:1057c00044617461207375636365737366756c6c93
:1057d000792073656e742066726f6d205458204670
:1057e00049464f0a000000004d6178206e756d62d9
:1057f0006572206f66205458207472616e736d69f3
:10580000747320726561636865640a0053484f557c
:105810004c44204e4f5420424520484552452121ba
:10582000210a0000484552450a0000005570646195
:1058300074696e67206d6f746f7220737065656434
:105840003a2025640a0000006d6f746f7220737037
:105850006565643a2025640a0000000055706461a3
:1058600074696e6720736572766f20706f736974e8
:10587000696f6e3a2025640a000000005261646975
:105880006f20494420646f6573206e6f74206d61d2
:105890007463683a2025640a00000000496e76614e
:1058a0006c69642064617461207265636965766502
:1058b000642e20556e64657369657261626c652043
:1058c000636865636b73756d2076616c75652e0a10
:1058d00000000000557064617465206d6f746f7214
:1058e0002073706565643a2025640a005570646110
:1058f000746520736572766f20706f733a2025642b
:105900000a0a0000436f6e6669677572696e6720e8
:10591000726164696f20696e746f205258206d6fd8
:1059200064652e0a00000000436f6e666967757239
:10593000696e6720726164696f20696e746f2054ac
:1059400058206d6f64652e0a00000000436f6e667c
:1059500069677572696e6720726164696f20696e2c
:10596000746f205374616e64627932206d6f646568
:105970002e0a0000436f6e6669677572696e672054
:10598000726164696f20696e746f205374616e6414
:10599000627931206d6f64652e0a0000436f6e6678
:1059a00069677572696e6720726164696f20696edc
:1059b000746f20506f776572446f776e206d6f64df
:1059c000652e0a000a5354415455532052656769a5
:1059d000737465720a00000052585f4452202862b6
:1059e000697420362909093d2025642028646174e2
:1059f00061207265616479204658204649464f20ef
:105a0000696e74657272757074290a0054585f4427
:105a100053202862697420352909093d2025642016
:105a200028646174612073656e742054582046495f
:105a3000464f20696e74657272757074290a000091
:105a40004d41585f52542028626974203429090955
:105a50003d20256420286d61782023205458207231
:105a6000657472616e736d69747320696e746572aa
:105a700072757074290a000052585f505f4e4f20b3
:105a80002862697420333a3129093d202564202891
:105a9000302d353a2064617461207069706520236f
:105aa0002c20363a204e412c20373a20525820469e
:105ab00049464f20656d707479290a0054585f4635
:105ac000554c4c202862697420302909093d202555
:105ad000642028313a205458204649464f206675a4
:105ae0006c6c2c20303a205458204649464f206e8a
:0c5af0006f742066756c6c290a0a0000b7
:020000040000fa
:020000041d00dd
:105afc002540c0002518e000255080009800e014d7
:105b0c002510a0002b30a6003500c01000000000ae
:105b1c00202805710600a0102320050006208a000d
:105b2c000410a2000440a800251082000450aa0012
:105b3c00023408001b004600f401c000ffff0531d1
:105b4c0002240a0012380000101000000014020099
:105b5c00252044000248a7702b5889000a006011c8
:105b6c002510e000212088002b58880006006015c5
:105b7c00ffffe2242b588900040060512320890088
:105b8c00feffe22421208800232089001b008600d0
:105b9c00f401c00010300000003406001220000098
:105bac000238a470ffff45312528c5002b48a700fb
:105bbc000800201125308000212805012b40a80069
:105bcc0004000015ffff86242b28a7000100a05419
:105bdc00feff8624001402000800e0032510460096
:105bec0004000015010002241b004800f401000110
:105bfc001240000020580b71230060152000072470
:105c0c002328a80001000324023408001b00a6006e
:105c1c00f401c000ffff073102240a001228000023
:105c2c001010000000140200252044000248e5700a
:105c3c002b5889000a0060112510a0002120880033
:105c4c002b58880006006015ffffa2242b588900f2
:105c5c000400605123208900feffa224212088002b
:105c6c00232089001b008600f401c000ffff4a318d
:105c7c0010280000002c05002528aa001220000086
:105c8c00caff00100238e4702338eb0004406801ae
:105c9c000648e400023408000638e5001b00e60064
:105cac00f401c0000410650125482201ffff0231f8
:105cbc00021c09001228000010380000003c0700ec
:105ccc002538e300025045702b60ea000a00801171
:105cdc002518a0002138e8002b60e800060080158c
:105cec00ffffa3242b60ea00040080512338ea0054
:105cfc00feffa3242138e8002338ea001b00e6004d
:105d0c00f401c000ffff25311230000010380000f4
:105d1c00003c07002528e500021046702b48a20025
:105d2c000a0020112538c0002128a8002b48a80003
:105d3c0006002015ffffc7242b48a20004002051a9
:105d4c00001c0300feffc7242128a800001c030030
:105d5c00045064012328a200abff00102518670033
:105d6c002b40a700251800004e0000152510000040
:105d7c002050ea7007004015200009242b28e5006c
:105d8c004800a014010002242b1086000800e00338
:105d9c000100423823482a01061026010438470125
:105dac002538470004184501024407000628250140
:105dbc001b00a800f4010001ffffeb3006102401ca
:105dcc0025104300021c020012280000104800009d
:105ddc00004c090025482301026065712b682c01d9
:105dec000a00a0112518a000214827012b682701c3
:105dfc000600a015ffffa3242b682c010400a05162
:105e0c0023482c01feffa3242148270123482c0101
:105e1c001b002801f4010001ffff45301240000077
:105e2c0010480000004c0900252825010258687113
:105e3c002b10ab000a004010254800012128a700b8
:105e4c002b10a70006004014ffff09252b10ab00f8
:105e5c000400401000140300feff09252128a700b0
:105e6c000014030004304601251049001900c2003b
:105e7c002328ab00103800002b18a7000700601473
:105e8c00123000000700a71425180000042044015c
:105e9c002b2086000300801000000000ffff42242e
:105eac00251800000800e003000000002548c00091
:105ebc00251080008b00e0142518a0002b30a600c4
:105ecc003300c01020502a7108004011025c0900f8
:105edc000418450123280a000628a4000448490197
:105eec002518a30004104401025c09001b006b0080
:105efc00f4016001ffff243112180000102800008b
:105f0c0002306470001c0500022c0200251865008c
:105f1c002b2866000800a050231866002118690081
:105f2c002b2869000300a0142b2866000100a05444
:105f3c0021186900231866001b006b00f401600136
:105f4c00ffff42301030000012180000025864703d
:105f5c00001c0600251062002b184b000900605035
:105f6c0023104b00211049002b18490005006054e8
:105f7c0023104b002b184b000100605421104900da
:105f8c0023104b00061042010800e0032518000006
:105f9c0004002015010003241b006900f4012001fa
:105fac001248000020502a711f00401520000724c1
:105fbc002328a900025c09001b00ab00f40160015e
:105fcc00ffff243112280000101800000230a470ca
:105fdc00002c0300021c02002528a3002b18a6008d
:105fec00080060502330a6002128a9002b18a90016
:105ffc00030060142b18a600010060542128a9008e
:10600c002330a6001b00cb00f4016001ffff4230df
:10601c0010280000123000000258c4700034050033
:10602c00cdff00102510c2002338ea0004484901b6
:10603c000618e400023409000638e5001b00e600ef
:10604c00f401c00004104501ffff2831251862003f
:10605c00022c030012380000106000000210e870df
:10606c00003c0c002538e5002b28e2000800a0506d
:10607c002338e2002138e9002b28e9000300a014a2
:10608c002b28e2000100a0542138e9002338e2005b
:10609c001b00e600f401c000ffff65301230000069
:1060ac0010380000003c07002528e5000230c870bd
:1060bc002b10a60009004010041044012128a9004f
:1060cc002b10a90005004014041044012b10a6004d
:1060dc00010040542128a90004104401b5ff001010
:1060ec002328a6002b40a7005c0000152070ee7042
:1060fc000a00c0152b40e500030000152b4086005c
:10610c005600001500000000231086002328a7006d
:10611c002b1882000800e0032318a30020000b2496
:10612c0023586e01066066010438c70125388701c3
:10613c000440c501024c0700062865011b00a9009c
:10614c00f40120010610640125104800ffffe8301f
:10615c0002640200122800001050000000540a00d3
:10616c0025504c01021805712b6043010a00801167
:10617c002568a000215047012b60470106008015bf
:10618c00ffffad242b6043010400805123504301d9
:10619c00feffad2421504701235043011b00490150
:1061ac00f4012001124800001050000000540a00b5
:1061bc0002280971ffff4830254048012b100501ca
:1061cc000a00401025502001214007012b10070127
:1061dc0006004014ffff2a252b1005010400401077
:1061ec0000640d00feff2a252140070100640d000c
:1061fc000410c60125608a011900820123400501a3
:10620c000418c401106800002b200d012528a001e2
:10621c0012600000050080141230000007000d15fc
:10622c002b206c0006008010233066002330820186
:10623c002338a7012b6086012328ec00233066004d
:10624c002b18660023400501231803010410630179
:10625c000630c601251046000618c3010800e003ed
:04626c00000000002e
:020000040000fa
:020000041d00dd
:10627000f0ffbd270c00beaf25f0a0031000c4af97
:106280002510a0001400c2a31000c28f0000c2afee
:106290001400c293ffff4224ff0043300000c28f6e
:1062a000000043a00000c28f010040a00000c28f88
:1062b000020040a00000c28f0000429025e8c00309
:1062c0000c00be8f1000bd270800e0030000000096
:1062d000f0ffbd270c00bfaf0800beaf25f0a00344
:1062e0001000c4af1400c5af1800c6af1000c28fb5
:1062f0000000c2af0000c28f020043900000c28fb6
:10630000000042902b1062002100401000000000ad
:1063100000606241c0000000000000000000c28f69
:1063200001004290251840000000c28f02004290f8
:10633000211062000000c38f000063901a00430028
:10634000f40160001010000001004224c01002009f
:106350001000c38f211062001400c48f1800c38f77
:10636000000044ac040043ac0000c28f0200429025
:1063700001004224ff0043300000c28f020043a00e
:1063800020606241010002240200001000000000b1
:106390002510000025e8c0030c00bf8f0800be8f49
:1063a0001000bd270800e00300000000f0ffbd273b
:1063b0000c00bfaf0800beaf25f0a0031000c4afb3
:1063c0001400c5af1800c6af1000c28f0000c2afe6
:1063d0000000c28f020043900000c28f0000429074
:1063e0002b1062002a004010000000000060624193
:1063f000c0000000000000000000c28f02004290b8
:1064000001004224ff0043300000c28f020043a07d
:106410000000c28f010042900900401400000000fb
:106420000000c28f00004290ffff4224ff00433073
:106430000000c28f010043a0070000100000000010
:106440000000c28f01004290ffff4224ff00433052
:106450000000c28f010043a00000c28f01004290e3
:1064600001004224c01002001000c38f21106200fe
:106470001400c48f1800c38f000044ac040043ac68
:1064800020606241010002240200001000000000b0
:106490002510000025e8c0030c00bf8f0800be8f48
:1064a0001000bd270800e00300000000f0ffbd273a
:1064b0000c00bfaf0800beaf25f0a0031000c4afb2
:1064c0001400c5af1000c28f0400c2af0400c28f19
:1064d0000200429032004010000000000060624163
:1064e000c0000000000000000400c28f01004290c4
:1064f00001004224c01002001000c38f2118620066
:106500001400c28f0000648c0400638c000044ac53
:10651000040043ac0400c28f0100429001004224f9
:10652000ff0043300400c28f010043a00400c28f6b
:10653000010043900400c28f000042902b106200c3
:106540000b004014000000000400c28f01004390c3
:106550000400c28f000042901b006200f401400062
:1065600010100000ff0043300400c28f010043a060
:106570000400c28f02004290ffff4224ff0043301c
:106580000400c28f020043a00400c28f02004290a8
:106590000000c2a32060624106000010000000005d
:1065a0001400c28f000040ac1400c28f040040a44d
:1065b0000000c0a30000c29325e8c0030c00bf8ff9
:1065c0000800be8f1000bd270800e0030000000097
:1065d000f0ffbd270c00beaf25f0a0031000c4af34
:1065e0001000c28f0000c2af0000c28f02004290b4
:1065f0000100422cff00423025e8c0030c00be8f92
:106600001000bd270800e00300000000e8ffbd27e0
:106610001400bfaf1000beaf25f0a003621a400ff8
:10662000000000000000000025e8c0031400bf8f38
:106630001000be8f1800bd270800e0030000000016
:10664000f0ffbd270c00bfaf0800beaf25f0a003d0
:106650001000c4af1000c28f2400401000000000e2
:1066600000b803400002023c2510620000b88240de
:10667000c00000001000c28f2c8082af0048024092
:106680000000c2af0000c38f1000c28f2110620053
:1066900000588240c000000088bf033c0010628c9c
:1066a000010004240463827c001062ac88bf033cb8
:1066b0009010628c030004248420827c901062acd1
:1066c00088bf033c3010628c0400027c301062ac46
:1066d00088bf033c6010628c010004240400827cab
:1066e000601062ac20606241000000000000000009
:1066f00025e8c0030c00bf8f0800be8f1000bd2727
:106700000800e0030000000000e85d4100701b404d
:1067100002601a40d0ffbd272c00bbaf00601b40b9
:106720002400baaf2800bbaf44781b7c000c7b3739
:1067300000609b400800a3af0400a2af2400a38f19
:106740000f00633004006014000000001400bfafad
:106750001000beaf0c00a4af00000000121000003b
:106760001c00a2af101800001800a3af25f0a00372
:1067700088bf023c01000324341043ac0060624136
:10678000c000000000000000004803400058024024
:1067900023106200308082af2c80828ff4ff43246c
:1067a0003080828f2b1043000a0040100000000050
:1067b000005803402c80828f2110620000588240d4
:1067c000c000000001000224348082a316000010e3
:1067d000000000002c80828f421802003080828fdf
:1067e000211862002c80828f1b006200f40140009f
:1067f0001010000012100000ff004230010042247f
:10680000ff004230348082a30058034034808293da
:10681000252040002c80828f02108270211062009f
:1068200000588240c00000002060624128808293ae
:10683000ff0043303480829321106200ff00423019
:10684000288082a334808293ffff43302a8082977e
:10685000ffff423021106200ffff42302a8082a7f2
:106860000000000025e8c0031c00a28f13004000b8
:106870001800a38f110060002400a28f0f00423087
:1068800006004014000000001400bf8f1000be8fef
:106890000c00a48f0800a38f0400a28f000000004a
:1068a00000606041c00000002c00ba8f2800bb8f40
:1068b00000709a402400ba8f3000bd2702609a40d1
:1068c00000e8dd4100609b4018000042f8ffbd2752
:1068d0000400beaf25f0a0032a808297ffff42305c
:1068e00025e8c0030400be8f0800bd270800e003b0
:1068f00000000000e8ffbd271400bfaf1000beafce
:1069000025f0a00308000010000000004c14400f08
:106910000000000028808293ff004230ffff4224e5
:10692000ff004230288082a328808293ff004230fb
:10693000f6ff4014000000000100022425e8c00317
:106940001400bf8f1000be8f1800bd270800e003a1
:1069500000000000e8ffbd271400bfaf1000beaf6d
:1069600025f0a003621a400f0000000000000000a4
:1069700025e8c0031400bf8f1000be8f1800bd278c
:086980000800e0030000000024
:020000040000fa
:020000041d00dd
:10698800e8ffbd271400bfaf1000beaf25f0a0037d
:1069980088bf023c0061428c8439027c2518400083
:1069a80088bf023c006143ac88bf033c30616294fd
:1069b80001000424c439827c306162a488bf033c8e
:1069c80010616294c439027c106162a488bf033ce0
:1069d80010616294010004248431827c106162a4f5
:1069e80081bf023c0100032448fb43ac81bf023c49
:1069f8000100032450fa43ac80bf033c006062945a
:106a0800c47b027c006062a480bf033c0060629487
:106a180001000424c418827c006062a480bf023c88
:106a2800106040ac80bf023c2a000324406043aca5
:106a380001000224188082af80bf033c1060628c82
:106a4800010004248452827c106062ac80bf033c45
:106a58001060628c010004240463827c106062acc4
:106a680080bf033c0060629401000424c47b827ce4
:106a7800006062a40004052400a0023c40014424f4
:106a8800320f400f00000000488082af0000000075
:106a980025e8c0031400bf8f1000be8f1800bd2763
:106aa8000800e00300000000f8ffbd270400beafa7
:106ab80025f0a0030000000080bf023c1060428c5b
:106ac8000000427cff004230fbff40100000000045
:106ad80080bf023c1060428c4000427cff00423084
:106ae800050040100000000080bf033c1060628c6d
:106af8004408027c106062ac80bf023c3060428c6b
:106b0800ff00423025e8c0030400be8f0800bd27ff
:106b18000800e00300000000e8ffbd271400bfaf35
:106b28001000beaf25f0a003251080001800c2a3f6
:106b38004880828f1800c3932528600025204000d4
:106b4800990f400f000000000000000025e8c00376
:106b58001400bf8f1000be8f1800bd270800e00387
:106b680000000000f8ffbd270400beaf25f0a00319
:106b780080bf023c1060428c8000427cff004230a3
:106b8800060040100000000080bf023c3060428ccc
:106b980025100000070000100000000080bf023c24
:106ba8001060428c0000427cff0042302b10020033
:106bb800ff00423025e8c0030400be8f0800bd274f
:106bc8000800e00300000000e8ffbd271400bfaf85
:106bd8001000beaf25f0a003251080001800c2a346
:106be8004880828f1800c393252860002520400024
:106bf800990f400f000000000000000025e8c003c6
:106c08001400bf8f1000be8f1800bd270800e003d6
:106c180000000000e0ffbd271c00bfaf1800beaf9a
:106c280025f0a0030b000010000000004880828fb0
:106c38001000c3272528600025204000d30f400fef
:106c4800000000001000c2932518400080bf023cdd
:106c5800206043ac4880828f25204000f50f400f0c
:106c68000000000001004238ff00423007004010d9
:106c78000000000080bf023c1060428c4002427c51
:106c8800ff004230e9ff4010000000000000000053
:106c980025e8c0031c00bf8f1800be8f2000bd2749
:106ca8000800e00300000000e0ffbd271c00bfafa4
:106cb8001800beaf25f0a0032000c4af2400c5af64
:106cc8002800c6af2c00c7af2c00c28f1000a2af9f
:106cd8002400c78f2000c68f2800c58f019d023c65
:106ce800f09544244c11400f00000000071b400f92
:0c6cf80000000000fdff00100000000084
:020000040000fa
:020000041d00dd
:106d04004050050042550a00c04a0500427d040077
:106d140025482f01c042040000800e3c25482e0166
:106d240040680700426d0d00c0620700427d060006
:106d340025608f01c05a060025608e012628a70011
:106d44002428ae00ffff4f25fe07e12d4700201049
:106d540000000000ffffaf25fe07e12d6f002010ab
:106d64000000000002fcaf2521504f0119002c0146
:106d7400123800001070000019000b0112200000ee
:106d84001030000019002b01125800001068000098
:106d94002130cb002b78cb002138ed002138ef00d7
:106da4000200ed10000000002b78ed002170cf01ef
:106db40019000c0112400000104800002130c800e6
:106dc4002b78c8002138e9002138ef000200e910cf
:106dd400000000002b78e9002170cf01257886009f
:106de4000200e011000000000100e73425480e0015
:106df40006002005254007002a78000121400801eb
:106e04002148290121482f01ffff4a25ffff4f2573
:106e1400fe07e12d68002010000000000004082592
:106e240000040f2d21482f012b782f0121504f01f1
:106e3400c27a08000100ef3123400f01c22208008a
:106e4400407d090025208f0040780900027b0f0057
:106e54002528af00007d0a002528af002510040076
:106e6400251805000800e003000000002a7800014e
:106e740021400801214829011c00401521482f0107
:106e8400257828011400e0110000000008002015f6
:106e9400000000000300001500000000adff00101a
:106ea40000000a242548000100000824e0ff4a25c8
:106eb40020702e71a7ffc0110000000023504e0166
:106ec40022380e000638e8000440c8010448c9010d
:106ed400a0ff001025482701ff0701243300a1115a
:106ee40000000000ddff00100000000025782801ec
:106ef4002e00e015000000000500a01500000000b1
:106f040040780c002578eb012800e0110000000017
:106f1400ff0701242100a115000000002a78600168
:106f240021586b0121608c011900a01521608f018b
:106f340025788b011400e011000000000800801582
:106f440000000000030060150000000085ff001031
:106f540000000d242560600100000b24e0ffad2536
:106f6400203086717fffc010000000002368a60156
:106f7400227006000670cb010458cb000460cc00dc
:106f840078ff001025608e01b4ff00100000042477
:106f940025788b010500e01500000000f07f013c1e
:106fa4002528a100adff001000000424f8ff053cd3
:106fb400aaff001000000424f8ff401d0000000098
:106fc40001000e242370ca012000c12d07002014e3
:106fd40000000000e0ffce212b3008000d00091056
:106fe40025402601f8ff0010000009340900c011f3
:106ff4000000000022380e000430e8000438e900e4
:107004000640c8010648c9010200c0102540e80036
:10701400020008350004082500040f2d21482f0123
:0c70240083ff0010c257090000000000ac
:020000040000fa
:020000041d00dd
:10703000e0ffbd271c00bfaf1800beaf25f0a003c6
:10704000251080002000c2a7010002241000c2a366
:107050002000c29725204000971c400f0000000030
:10706000758082a3758082930900422c040040142d
:10707000000000001000c0a3350000100000000058
:1070800081bf033c00906294c47b027c009062a4a8
:1070900081bf033c00906294010004248410827c30
:1070a000009062a481bf033c009062940421027ca2
:1070b000009062a481bf033c009062940700042406
:1070c0004439827c009062a481bf033c109062949a
:1070d000010004244408827c109062a481bf033c18
:1070e00010906294010004248452827c109062a467
:1070f00075808293ffff4224801002002518400013
:1071000081bf023c189043ac81bf023c01000324c4
:10711000209043a081bf033c209062940f00042480
:107120000462827c209062a481bf023c409040ac0b
:107130002000c39781bf023c509043ac81bf033c09
:107140000090629401000424c47b827c009062a4bd
:107150001000c29325e8c0031c00bf8f1800be8f2b
:107160002000bd270800e00300000000e8ffbd2765
:107170001400beaf25f0a0031800c4af81bf033ccc
:10718000009062948410027c009062a481bf023c53
:107190001090428cc001427cff0043300100022469
:1071a000060062140000000081bf023c709042247f
:1071b0000400c2af040000100000000081bf023cc8
:1071c000f09042240400c2af0000c0a310000010e1
:1071d000000000000000c293001102000400c38ff1
:1071e000211862000000c293801002001800c48fb2
:1071f000211082000000638c000043ac0000428c30
:107200000800c2af0000c293010042240000c2a3e4
:10721000758082930000c3932b106200edff401431
:107220000000000081bf033c009062940100042430
:107230008410827c009062a488bf023c0010033c52
:10724000341043ac0000000025e8c0031400be8fda
:107250001800bd270800e00300000000f0ffbd2774
:107260000c00beaf25f0a003251080001000c2a7bf
:107270000000c0a30c000010000000001000c29726
:10728000ffff4224ffff4230201e027c1000c28715
:10729000241062002016027c1000c2a70000c293d6
:1072a000010042240000c2a31000c297f3ff401463
:1072b000000000000000c29325e8c0030c00be8f50
:0c72c0001000bd270800e00300000000e3
:020000040000fa
:020000041d00dd
:1072cc000400a88cb0ffbd274400b7af3800b4afa2
:1072dc002c00b1af4c00bfaf4800beaf4000b6af02
:1072ec003c00b5af3400b3af3000b2af2800b0af44
:1072fc0025b880002588a0004c0000050000b48c47
:10730c004408147c08003e8e10008a320000d28c97
:10731c000400d68c0400401125a8c0032510560289
:10732c0001004054feffd52708008932010020558a
:10733c00ffffb5261000308e0c00338e2528a002de
:10734c00ffff102621107002000040a00200022a4c
:10735c000b00401425105602360040140f00433227
:10736c0023101501211045003300401c0a0064282d
:10737c000300a018020082322f004014000000000d
:10738c000b004011000000000000c28c0400c38cf4
:10739c00251043000600401021107002feff10263d
:1073ac00ffff47a03000032421107002000043a00f
:1073bc000400201120000324ffff1026211070026e
:1073cc00000043a01000268e1000b4af2538c00377
:1073dc00ffffc6242330d000212870024020400f2c
:1073ec002520e0020400e38e0001633004006010ed
:1073fc004c00bf8f0400238e2a2043000b10640026
:10740c004800be8f4400b78f4000b68f3c00b58f4c
:10741c003800b48f3400b38f3000b28f2c00b18f92
:10742c002800b08f0800e0035000bd27b5ff001006
:10743c00010008240a00642802008010570062240e
:10744c0030006224bfffe3241a00632c1300601089
:10745c00200043349fff63241a00632c10006050fb
:10746c00ffff1026252040005c00a7af5800a6aff8
:10747c002400a8af2000a5af1c00a9af3e26400fea
:10748c001800aaaf5c00a78f5800a68f2400a88f05
:10749c002000a58f1c00a98f1800aa8fffff1026b3
:1074ac0021187002000062a0029112000017160051
:1074bc00ffffa52425905200a4ff001002b1160076
:020000040000fa
:020000041d00dd
:1074cc00400500a030000000000000000c0000a0ef
:1074dc001900000000000000700500a02000000052
:1074ec0000000000280000a01000000000000000b8
:1074fc00400100a00004000000000000380000a0c3
:10750c000400000000000000900500a02000000016
:10751c00000000003c0000a0010000000000000082
:10752c00400000a02500000000000000000000a0aa
:10753c0007000000010000003030303131800100c4
:10754c00650000a00100000000000000080000a081
:10755c00040000000100000002000000b00500a0c3
:10756c000400000000000000680000a0680000009b
:10757c0001000000700000a0700000a002000000dc
:10758c0003000000000000000000000000000000ec
:10759c0000000000000000006887009d0000000053
:1075ac000000000000000000e897009d409a009d3c
:1075bc00ff000000000000000000000000000000c0
:1075cc0000000000000000000000000000000000af
:1075dc00000000000000000000000000380100a0c6
:1075ec0004000000010000006c0000a0d00000a00e
:1075fc006800000001000000d80000a0d80000a026
:10760c00010000000300000000000000000000006a
:10761c000000000000000000000000006887009dd2
:10762c00000000000000000000000000e897009d32
:10763c00609a009d000000000000000000000000a7
:10764c00000000000000000000000000000000002e
:10765c00000000000000000000000000000000001e
:10766c003c0100a00400000001000000d40000a0b8
:10767c00b40500a0040000000000000000000000a1
:020000040000fa
:020000041d00dd
:10768c00880002243f00a2108900a2281a00401092
:10769c00810002245400a2108200a2280500401090
:1076ac00800002245100a2500000e28c0800e0038c
:1076bc0025100000820002243b00a2500000e28c46
:1076cc0084000224f9ffa214000000000000e28ce8
:1076dc00040043240000428c2700c0100000e3acdf
:1076ec002016027c000082acc3170200040082ac9e
:1076fc000800e00301000224a00002243600a2507e
:10770c000000e28ca100a22810004010900002247e
:10771c00e6ffa214000000000000e28c07004224e7
:10772c000410027c0000488c0400498c08004224a0
:10773c000000e2ac000088ac040089ac0100c01071
:10774c00010002240800e00300000000c000022435
:10775c000500a2500000e28cf0000224d3ffa2141a
:10776c00000000000000e28c040043240000e3aca5
:10777c00020000100000428cffff4230200000107d
:10778c00000082ac0000e28c040043240000428c18
:10779c000300c0100000e3acd2ff00102014027ce8
:1077ac00f6ff0010ff004230070042240410027c58
:1077bc000000488c0400498c080042240000e2ac14
:1077cc00000088ac040089acdeffc010010002246c
:1077dc000800e00300000000040043240000e3acb8
:1077ec00c0ff00100000428c0000e28c0400432417
:1077fc000000e3ac0000428cbbffc014000082ac64
:08780c00bbff0010040080ac7a
:020000040000fa
:020000041d00dd
:10781400e0ffbd271c00bfaf1800beaf25f0a003da
:107824001000c0af8319400f00000000204e042454
:107834007112400f000000001000c2af1000c28f90
:107844000400401400000000b812400f00000000c3
:107854001000c2af1000c38f03000224170062108f
:10786400000000001000c38f0500022421006210f4
:10787400000000001000c38f010002242b006214da
:10788400000000001000c0af1000c38f01000224ec
:107894003400621000000000019d023c348e472435
:1078a40027000624019d023cb48d4524019d023c21
:1078b400cc8d44241225400f000000001000c0affe
:1078c4001000c38f0300022429006210000000008e
:1078d400019d023c348e47242e000624019d023c67
:1078e400b48d4524019d023ce48d44241225400faf
:1078f400000000001000c0af1000c38f0500022478
:107904001e00621000000000019d023c348e4724da
:1079140035000624019d023cb48d4524019d023ca2
:10792400008e44241225400f000000001000c0af58
:107934001000c38f06000224130062100000000030
:10794400019d023c348e47243c000624019d023ce8
:10795400b48d4524019d023c188e44241225400f09
:1079640000000000000000000800001000000000fb
:1079740000000000050000100000000000000000ee
:10798400020000100000000000000000ffff0010d3
:1079940000000000e0ffbd271c00bfaf1800beaf11
:1079a40025f0a00380bf023c1060428c0000427ca2
:1079b400ff0042300e0040100000000005000224c9
:1079c4001000c2afac1a400f00000000ffff4230ad
:1079d4001400c2a71000c48f1400c58f0313400ff6
:1079e400000000000100022402000010000000005a
:1079f4002510000025e8c0031c00bf8f1800be8faf
:107a04002000bd270800e00300000000d8ffbd27c8
:107a14002400bfaf2000beaf25f0a0031000c0a318
:107a2400508084275b1c400f000000005080828f30
:107a3400821002001100c2a35480828f82100200bf
:107a44001200c2a35880828fff0042301100c393fa
:107a5400231062001300c2a35c80828fff004230b7
:107a64001200c393231062001400c2a32003400f2a
:107a7400000000001f004010000000001300c2932b
:107a84000600422c05004010000000001400c293c0
:107a94000600422c17004014000000001100c2939d
:107aa40000120200201e027c1200c2932016027ce7
:107ab400251062002016027c1600c2a70a000224c8
:107ac4001800c2af1600c2971c00c2a71800c48fca
:107ad4001c00c58f9001400f00000000010002242b
:107ae4001000c2a31100c293588082af1200c29347
:107af4005c8082af1000c29325e8c0032400bf8fce
:107b04002000be8f2800bd270800e003000000000d
:020000040000fa
:020000041d00dd
:107b1400c0ffbd272c00b1af258880002520c00000
:107b24000400878c0000a28c3800b4afc2a7070001
:107b34003400b3af3000b2af2800b0af3c00bfafe9
:107b44002580a0000400a38c0800b28c2000a2af02
:107b54000c00b38c3e0080120000c68c233006005b
:107b64002b20060023380700080060042338e400b3
:107b74004408027c050080162000a2af2000a28fda
:107b8400040043302a006010c000427cffff4226fc
:107b94002000a3271800a3af0a0003241400a3aff6
:107ba4001000a2af191f400f252000020600801606
:107bb4002d0003242000a38f040064301e008010d5
:107bc400080063302b000324ffff422421206202bb
:107bd400000083a01000068e2000a38f25384002e9
:107be400ffffc6241000a3af2330c2002128620285
:107bf4004020400f252020020400238e0001633022
:107c0400040060103c00bf8f0400038e2a20430050
:107c14000b1064003800b48f3400b38f3000b28f7f
:107c24002c00b18f2800b08f0800e0034000bd276e
:107c3400d7ff001023104202e6ff60102000042446
:107c4400ffff422421186202e2ff0010000064a03a
:107c5400c8ff63044408027cc9ff00102000a28fff
:020000040000fa
:020000041d00dd
:107c64000400828cc0ffbd273800beaf2800b4af2b
:107c74002000b2af1c00b1af3c00bfaf3400b7afbf
:107c84003000b6af2c00b5af2400b3af1800b0afce
:107c94002588c0002590e0005400b48f0200410400
:107ca4005800be8f010002241000908c0c00958cab
:107cb4000000d78f5000b38fffff10262118b002a9
:107cc400000060a001000924234053000200f732a1
:107cd400c3b714001000001e251032022c002051de
:107ce4000000c28f3c00bf8f251000023800be8ff9
:107cf4003400b78f3000b68f2c00b58f2800b48fb6
:107d04002400b38f2000b28f1c00b18f1800b08ff5
:107d14000800e0034000bd270700401421101301b0
:107d24000600401c25202002ecff601a0000000021
:107d3400eaffe0120000000025202002252840026e
:107d4400253080022538c0021400a8afae17400fba
:107d5400ffff10261000a2af2118b0023000422409
:107d64002520200225284002000062a02530800240
:107d7400bf16400f2538c002ffff73262588400038
:107d8400259060001400a88fd2ff00101000a98f66
:0c7d94000421027cd3ff00100000c2afed
:020000040000fa
:020000041d00dd
:107da000feff092440500500405807002558640193
:107db0002558660125504b010300401500000000c6
:107dc0003c0000100000022402008010404005002a
:107dd00001000825e0ff013c010021342b080101ce
:107de00037002010000000000200c01040400700d3
:107df00001000825e0ff013c010021342b080101ae
:107e00002f002010000000001600a1040000000058
:107e10000300e0040000000026000010ffff022421
:107e20002b508600232086002b58aa002328aa0066
:107e30002b50a70025504b01030040112328a70019
:107e40001c000010010002242550a4000300401172
:107e50000000000017000010ffff022415000010b2
:107e6000000002240300e1040000000011000010e3
:107e7000010002242b508600232086002b58aa00e4
:107e80002328aa002b50a70025504b0103004011c6
:107e90002328a70007000010ffff02242550a4009c
:107ea0000300401100000000020000100100022445
:107eb000000002240800e0030000000000000000b1
:0c7ec000fcff001025100900000000006d
:020000040000fa
:020000041d00dd
:107ecc00feff092440500500405807002558640166
:107edc002558660125504b01030040150000000099
:107eec003c000010000002240200801040400500fd
:107efc0001000825e0ff013c010021342b080101a1
:107f0c0037002010000000000200c01040400700a5
:107f1c0001000825e0ff013c010021342b08010180
:107f2c002f002010000000001600a104000000002b
:107f3c000300e0040000000026000010ffff0224f4
:107f4c002b508600232086002b58aa002328aa0039
:107f5c002b50a70025504b01030040112328a700ec
:107f6c001c000010010002242550a4000300401145
:107f7c000000000017000010ffff02241500001085
:107f8c00000002240300e1040000000011000010b6
:107f9c00010002242b508600232086002b58aa00b7
:107fac002328aa002b50a70025504b010300401199
:107fbc002328a70007000010ffff02242550a4006f
:107fcc000300401100000000020000100100022418
:107fdc00000002240800e003000000000000000084
:0c7fec00fcff0010010002340000000047
:020000040000fa
:020000041d00dd
:107ff8000080013c2430a10040380500423d0700c4
:10800800ff0701242b00e1100000000033040924bd
:10801800233827013500e12c0b0020140000000054
:108028002000e004000000002d00c0100000000047
:1080380040480500254824012600201500000000be
:1080480027000010000000000500c010000000001c
:108058002b48040023200400232805002328a90016
:108068001f00e930010008240440280123400800cb
:108078002000e12c0400201400000000000004246b
:10808800020000102428a800242088000500c01041
:10809800000000002b4804002320040023280500ca
:1080a8002328a90025100400251805000800e0036e
:1080b800000000000f00013cffff21342448a1000c
:1080c800254824010900201500000000f5ff0010d4
:1080d80000000000f0bf053cf2ff0010000004247f
:1080e80025280600efff001000000424f8ff053cd7
:0880f800ecff0010000004245d
:020000040000fa
:020000041d00dd
:10810000c0ffbd272c00b3af5000b38f3800b6af0f
:108110003000b4af010073322800b2af2400b1af19
:108120002000b0af3c00bfaf3400b5af2590800059
:1081300025b0a0002580c0002588e000030060165f
:108140002ba0c7001300805623a030022530000268
:108150002528c0020323400f252040020d00801671
:1081600023a03002258800023c00bf8f251020028a
:108170003800b68f3400b58f3000b48f2c00b38f29
:108180002800b28f2400b18f2000b08f0800e003d8
:108190004000bd271100862e100002240b1086021d
:1081a00025304000200005241000a427ca25400fd8
:1081b00025a880021000a22e0b0040100f0086326e
:1081c0001000a5270323400f25204002e6ff60167c
:1081d000253000022528c0020323400f252040023d
:1081e000e2ff00103c00bf8f100006241000a527fe
:1081f0000323400f25204002eeff0010f0ffb526bc
:020000040000fa
:020000041d00dd
:10820000c03a0500425d04002538eb00c03204008e
:108210000080013c2538e1000080013c2448a10099
:10822000404005004245080080fc0825ffff0b2563
:10823000fe00612d12002010000000000200c0109e
:10824000000000000100e7348000e7248000eb2cf0
:1082500021400b01025a070001006b312338eb006b
:1082600040380700423a0700c05d08002538eb009f
:108270002510e9000800e0030000000000000000f5
:108280007f0401240700011500000000405807008a
:10829000255866010300601100000000f5ff001082
:1082a000c0ff023cff000129040020140000000070
:1082b000807f013cefff00102510210101000a24fe
:1082c000235048012000412d03002014000000002d
:1082d000e8ff00102510090020000c2423608a010b
:1082e000045887012530cb000638470100000824d8
:1082f0000080013cd1ff00102538e10000000000a3
:020000040000fa
:020000041d00dd
:108300000000a28c0400a38cc0ffbd273800b3afcf
:108310003400b2af3000b1af2c00b0af3c00bfaf03
:10832000259080002580a0000800b38c2000a2af1b
:10833000030060040c00b18c4408027c2000a2af52
:108340002000a2271800a2af080002241400a2af48
:108350001000b3af0400c78c0000c68c191f400f7b
:10836000252000022000a38f10006330040060105d
:1083700030000424ffff422421182202000064a0e0
:108380002000a38f08006330040060102000042444
:10839000ffff422421182202000064a01000068e74
:1083a0002000a38f25386002ffffc6241000a3af72
:1083b0002330c200212822024020400f2520400205
:1083c0000400438e00016330040060103c00bf8f46
:1083d0000400038e2a2043000b1064003800b38f82
:1083e0003400b28f3000b18f2c00b08f0800e00352
:0483f0004000bd2765
:020000040000fa
:020000041d00dd
:1083f400e0ffbd271400b1af2588c0000004c628e3
:108404001c00bfaf1800b2af1f00c0141000b0af03
:10841400019d123cf899468efc99478e411b400ff2
:1084240001fc30260004042a09008014f899468ec1
:10843400fc99478e2520400025286000411b400ff1
:1084440002f830260004052aff0304240a8085006c
:10845400ff03102600251000252800002530a00069
:108464002538800025286000411b400f252040004e
:108474001c00bf8f1800b28f1400b18f1000b08f92
:108484000800e0032000bd2702fc262a25108000f6
:108494002518a000eeffc01025802002019d123c8b
:1084a400009a468e049a478e411b400fc90330261a
:1084b40002fc042ae6ff8010009a468e049a478e36
:1084c4002520400025286000411b400f92073026dc
:1084d40002fc052a02fc0424ddff00100b80850049
:020000040000fa
:020000041d00dd
:1084e400840002242200a2500000e28c8500a2280d
:1084f40010004010810002240800a2500000e28c09
:10850400820002242700a2500000e28c8000022492
:108514001000a214000000000000e28c04004324b8
:108524000000e3ac0000428c000082ac1500001097
:10853400000046ac900002241a00a2500000e28c15
:108544009100a22805004010880002240f00a250c8
:108554000000e28c0800e00325100000a0000224c3
:10856400eeffa2500000e28ce9ff0010c0000224dc
:10857400040043240000e3ac0000428c000082ac01
:10858400000046a40800e003010002240400432480
:108594000000e3ac0000428c000082acf9ff001044
:1085a400000046a0040043240000e3ac0000428c19
:1085b400000082ac000046acc3370600f1ff001097
:0485c400040046acbd
:020000040000fa
:020000041d00dd
:1085c800a8ffbd270400a1af0800a2af0c00a3af0d
:1085d8001000a4af1400a5af1800a6af1c00a7afe9
:1085e8002000a8af2400a9af2800aaaf2c00abaf89
:1085f8003000acaf3400adaf3800aeaf3c00afaf29
:108608004000b8af4400b9af4800bfaf1240000007
:108618004c00a8af104000005000a8af019d1a3cc4
:1086280074935a2700000000006804400060054069
:1086380009f84003000000005000a88f1100000155
:108648004c00a88f130000010400a18f0800a28f1e
:108658000c00a38f1000a48f1400a58f1800a68ffc
:108668001c00a78f2000a88f2400a98f2800aa8f9c
:108678002c00ab8f3000ac8f3400ad8f3800ae8f3c
:108688003c00af8f4000b88f4400b98f4800bf8fbf
:0c8698005800bd27c00000001800004280
:020000040000fa
:020000041d00dd
:1086a400f0ffbd270c00beaf25f0a003251080000d
:1086b4001000c2a780ff02240100c2a30300022409
:1086c4000000c2a31e000010000000001000c297aa
:1086d4000000c39380180300ff006330071062009a
:1086e400ff0042300f0042300200c2a30200c293d6
:1086f4000e004010000000000200c293ffff43245c
:10870400019d023ce0954224211062000000439048
:108714000000c29380100200ff004230211062006a
:108724000100c2a309000010000000000000c28381
:10873400ff004230ffff4224ff0042300000c2a38a
:108744000000c283e1ff4104000000000100c29365
:1087540025e8c0030c00be8f1000bd270800e0030d
:048764000000000011
:020000040000fa
:020000041d00dd
:1087680003008014251000000800e003000000004a
:108778000400828ce0ffbd271800b1af2000423012
:108788001400b0af1c00bfaf258080000900401066
:108798002588a0001400828c1800838c2b1062009e
:1087a800140040542c00828c280000ae180000ae43
:1087b800140000ae3c00058e4000028e2b18a2006b
:1087c80004006010010006240000048ea226400f59
:1087d8002328a200400000ae3c0000ae0b0020128f
:1087e80025100000a426400f0000048e0800001089
:1087f8001c00bf8f2530000009f840002528000024
:108808001400038ee8ff6014ffff02241c00bf8fd2
:108818001800b18f1400b08f0800e0032000bd27b6
:020000040000fa
:020000041d00dd
:108828000000a28c0400a38cc0ffbd273800b3afa2
:108838003400b2af3000b1af2c00b0af3c00bfafd6
:10884800258880002580a0000800b28c2000a2aff7
:10885800030060040c00b38c4408027c2000a2af23
:108868002000a2271800a2af0a0002241400a2af19
:108878001000b2af0400c78c0000c68c191f400f4f
:10888800252000021000068e2000a38f2538400204
:10889800ffffc6241000a3af2330c20021286202c4
:1088a8004020400f252020020400238e0001633061
:1088b800040060103c00bf8f0400038e2a20430090
:1088c8000b1064003800b38f3400b28f3000b18fc2
:0c88d8002c00b08f0800e0034000bd271a
:020000040000fa
:020000041d00dd
:1088e400c23d0400ff00e7300080013c24308100d9
:1088f400ffffe924fe00212d0d00201000000000e0
:108904008003e724404a0400024b09002530c900d3
:10891400402f0400004d07002530c9002510050034
:10892400251806000800e003000000000000000015
:108934000000052421208400f6ff801000000000c0
:108944000900e01400000000ffffe7242120840058
:108954008000013c2b088100fbff20140000000074
:10896400e7ff001000000000ff07072400ff013ca0
:10897400010021342b088100e6ff201400000000d0
:0c898400e4ff0010f8ff063c00000000bb
:020000040000fa
:020000041d00dd
:10899000e0ffbd271800b1af028d0700ff072532a9
:1089a0001400b0af1c00bfaf258080002510c000b0
:1089b0000e00a0142520e000019d023c2540c000cf
:1089c0002518e0004898468c4c98478c25200001db
:1089d000411b400f25286000252060000055637c66
:1089e0000200601000080524c1ff6524c2370200a0
:1089f00040180400401002002518c3001c00bf8f5f
:108a0000000002ae00a0637c2000023c2518430059
:108a100000083132ccfba5240c0011ae2510000259
:108a2000040003ae080005ae1800b18f1400b08f2b
:088a30000800e0032000bd274f
:020000040000fa
:020000041d00dd
:108a3800756c033cc8ffbd27286e63241800a3afdc
:108a48006c2903242800b2af2000b0af3400bfafb8
:108a58003000b4af2c00b3af2400b1af2590800034
:108a68002510e0001c00a3a71e00a0a30200c01050
:108a78001800b0272580c0000400b18c0800b38c12
:108a8800030040140000b48c8825400f2520000204
:108a9800020020062b1822020b1023021000b4af8c
:108aa8002538600225280002252040024020400f7a
:108ab800253040003400bf8f3000b48f2c00b38fb6
:108ac8002800b28f2400b18f2000b08f0800e00387
:048ad8003800bd277e
:020000040000fa
:020000041d00dd
:108adc0003008014251000000800e00300000000d3
:108aec000400828ce0ffbd271800b1af200042309b
:108afc001400b0af1c00bfaf258080000b004014e9
:108b0c002588a000280000ae180000ae1400201626
:108b1c00140000ae251000001c00bf8f1800b18f90
:108b2c001400b08f0800e0032000bd271400828cd5
:108b3c001800838c2b106200f2ff401025300000cf
:108b4c002c00828c09f84000252800001400038eac
:108b5c00f1ff6010ffff0224ebff0010280000aeb5
:108b6c00a426400f0000048eecff00101c00bf8fe9
:020000040000fa
:020000041d00dd
:108b7c00e0ffbd271c00bfaf1800beaf25f0a0035f
:108b8c001000c0a30a00001000000000009d023c71
:108b9c00107a422409f8400000000000090040143b
:108bac00000000001000c293010042241000c2a378
:108bbc001000c293f5ff40100000000002000010ee
:108bcc0000000000000000001000c393010002240c
:108bdc0004006214000000002510000002000010c8
:108bec00000000000100022425e8c0031c00bf8f18
:108bfc001800be8f2000bd270800e0030000000015
:020000040000fa
:020000041d00dd
:108c0c000400828ce0ffbd271c00bfaf0001473081
:108c1c001800b1af1700e0101400b0af1000828c38
:108c2c002518c0002b88c2000a1851000c006010d7
:108c3c0025886000258080001400848caa25400fb4
:108c4c00253060001400028e1000038e211051009c
:108c5c0023887100140002ae100011ae000040a079
:108c6c001c00bf8f1800b18f1400b08f0800e003f8
:108c7c002000bd2710004230faff40541c00bf8f6b
:108c8c00fa25400f00000000f6ff00101c00bf8ffb
:020000040000fa
:020000041d00dd
:108c9c00c03a0500425504002538ea000080013c2a
:108cac002538e1004050050042550a001e040624f8
:108cbc002330ca000c00c018000000002000c12c9a
:108ccc000200201400000000000007340200a10480
:108cdc000638c70023380700251007000800e003fa
:108cec0000000000000000000200801000000000e6
:108cfc000100a534f07f013c010021342b08a100b8
:108d0c000300201400000000f4ff00100080023c5f
:108d1c00ff7f023cf1ff0010ffff42340000000017
:020000040000fa
:020000041d00dd
:108d2c00d8ffbd272400bfaf2000beaf25f0a003a5
:108d3c00251080002c00c5af2800c2a31000c0a3d2
:108d4c001400c227252840002c00c48f2b19400f7b
:108d5c00000000001400c28f090040100000000049
:108d6c002800c2931400c58f1800c68f2520400020
:108d7c006813400f00000000010002241000c2a381
:108d8c001400c28feeff4014000000001000c293cc
:108d9c0025e8c0032400bf8f2000be8f2800bd270c
:088dac000800e00300000000d4
:020000040000fa
:020000041d00dd
:108db40050726f6a656374536f757263652f6d616a
:108dc400696e2e630000000c4661696c6564506f27
:108dd4007374203d3d204572726f72547970650042
:108de4004661696c6564506f696e746572203d3dbf
:108df400204572726f725479706500004661696c27
:108e04006564496e6974203d3d204572726f7254e9
:108e1400797065004661696c65644f746865722099
:108e24003d3d204572726f725479706500000000f8
:088e34006d61696e0000000091
:020000040000fa
:020000041d00dd
:108e3c00e0ffbd271400b1af1c00bfaf1800b2afec
:108e4c001000b0af0d00a010258800000c00c05021
:108e5c001c00bf8f0300842c080080102588c000e4
:108e6c000000023c000042240b0040102580a000b2
:108e7c002528c0000000000c252000021c00bf8f1c
:108e8c00251020021800b28f1400b18f1000b08f83
:108e9c000800e0032000bd272190a60000000482fa
:108eac00f41a400f01001026fcff50161c00bf8f57
:088ebc00f4ff00102510200254
:020000040000fa
:020000041d00dd
:108ec4000800e003000000002518e003009d043cb6
:108ed400cc74842416008010000000000000858cef
:108ee4001300a010040084240000868c0400842451
:108ef40000008b8404008424019d0c3c90998c25f3
:108f040080580b0021606c0100008c8d09f88001f1
:108f1400000000002520400003008424fcff0624f8
:108f24002420c4000000858cecffa0140000000085
:0c8f340025f860000800e00300000000c9
:020000040000fa
:020000041d00dd
:108f400020000524000082800d004510f7ff432417
:108f50000500632c0a0060142b0003240a00431050
:108f60002d000324030043142528000001000524dc
:108f70000100842425100000070000100a000724c7
:108f8000f0ff001001008424f9ff001025280000e4
:108f9000010084242310430000008380d0ff632459
:108fa0000a00662cfaffc054021047700100a0505e
:0c8fb000231002000800e0030000000095
:020000040000fa
:020000041d00dd
:108fbc00000005242548050025380500253004004f
:108fcc000c00c010000000000600c10400000000ee
:108fdc000080093c2b500500232805002330060097
:108fec002330ca001e0407242040c8702338e80030
:108ffc0004300601c24205004055060025400a0116
:10900c004050060002530a0025482a01005507006b
:10901c0025482a0125100800251809000800e0033e
:08902c0000000000000000003c
:020000040000fa
:020000041d00dd
:10903400e0ffbd271800b2af259080002520a000d6
:109044001c00bfaf1400b1afef23400f1000b0af4e
:10905400019d043c709a868c749a878c2528600044
:10906400411b400f25204000252040022580400060
:109074003325400f2588600025204000253000025c
:1090840025382002aa14400f252860001c00bf8f39
:109094001800b28f1400b18f1000b08f0800e003e5
:0490a4002000bd27c4
:020000040000fa
:020000041d00dd
:1090a800200003240b20a5000b180500022c040047
:1090b8000400a01402120500100063342528800063
:1090c8000212050004004014022102000800633463
:1090d8002510a00002210200040080548210040020
:1090e800040063342520400082100400040040542a
:1090f8004210020002006334251080004210020072
:0c910800010042380800e003251043007d
:020000040000fa
:020000041d00dd
:109114001000828ce0ffbd271800b1af2b88c2007d
:109124000a3051001c00bfaf0c00c0101400b0afd7
:10913400258080001400848caa25400f2588c00057
:109144001400028e1000068e211051002388d100d5
:10915400140002ae100011ae000040a01c00bf8f2e
:109164001800b18f1400b08f0800e0032000bd2761
:020000040000fa
:020000041d00dd
:109174000400a28ce0ffbd27ff00833000014230d1
:109184001c00bfaf0a0040101000a3a31400a28c5f
:10919400ff008430010046241400a6ac000043a064
:1091a4001c00bf8f251080000800e0032000bd27ad
:1091b4002520a00001000624fa25400f1000a52751
:1091c400f7ff4010ffff0424f5ff00101000a493e4
:020000040000fa
:020000041d00dd
:1091d400e8ffbd271400bfaf100080141000b0af2b
:1091e40000a0023cd000438c0500601025800000e4
:1091f400d000448c7524400f0000000025804000fe
:109204008c26400f00000000251002021400bf8fbe
:109214001000b08f0800e0031800bd278e26400f11
:0c92240025280000faff00101400bf8f86
:020000040000fa
:020000041d00dd
:10923000019d063c251000006099c62440180200dc
:1092400021186600000067800300e0540000858c50
:109250000800e00301006290010042240000a880a1
:1092600004000715ff004230010062900100a524b0
:10927000000085ac0b00432cf1ff60144018020085
:089280000800e00300000000fb
:020000040000fa
:020000041d00dd
:109288000000043ce8ffbd27000084240300801090
:109298001400bfaf09f8800000000000000084300f
:1092a8000000a530009d083c1478082509f8000145
:1092b800000000000000023c0000422403004010af
:1092c8000000000009f8400000000000f9ff00104d
:0492d8000000000092
:020000040000fa
:020000041d00dd
:1092dc008000a32810006014251000008200a32831
:1092ec0003006014830003240b00a314000000008f
:1092fc000000c28c070042240410027c08004324a6
:10930c000000c3ac0400438c0000428c040083ac0e
:10931c00000082ac010002240800e0030000000001
:020000040000fa
:020000041d00dd
:10932c000000023c00004224050040100000023cfa
:10933c000000422403004010019d023c3f000070dd
:10934c00019d023c049442240500401000000000e2
:10935c00e8ffbd271400bfaf09f840000000000073
:08936c00ffff001000000000eb
:020000040000fa
:020000041d00dd
:109374000000023c00004224050040100000023cb2
:109384000000422403004010019d023c3f00007095
:10939400019d023c0494422405004010000000009a
:1093a400e8ffbd271400bfaf09f84000000000002b
:0893b400ffff001000000000a3
:020000040000fa
:020000041d00dd
:1093bc000000023c00004224070040100000023c68
:1093cc000000422405004050019d023c3f0000700b
:1093dc000800e00300000000019d023c04944224bc
:1093ec00030040100000000009f8400000000000dd
:0893fc000800e003000000007e
:020000040000fa
:020000041d00dd
:1094040000606041c000000099aa033c81bf023c97
:109414005566632430f240ac30f243ac6655033ced
:10942400aa99633430f243ac81bf023c01000324a7
:1094340018f643ac81bf023c10f6428c0325400b66
:049444000000000024
:020000040000fa
:020000041d00dd
:1094480000a0023c3801428ce0ffbd271c00bfafe2
:109458000000428c1000a7af2538a000019d053cf4
:109468001400a6afa097a52425308000b525400f8d
:10947800252040007524400f252000006d26400f50
:0494880000000000e0
:020000040000fa
:020000041d00dd
:10948c0000000000000000000000000000000000d0
:10949c0000000000000000000000000000000000c0
:1094ac0000000000000000000000000000000000b0
:1094bc000000000000000000000000004006009dbd
:020000040000fa
:020000041d00dd
:1094cc00e8ffbd271000b0af1400bfafef23400f73
:1094dc00258080000600010625286000019d043cc3
:1094ec00789a868c7c9a878caa14400f2520400091
:1094fc001400bf8f1000b08f0800e0031800bd27c8
:020000040000fa
:020000041d00dd
:10950c00e0ffbd271800b0af1000a6af258080008b
:10951c001c00bfaf870d400f1000a6270400038e60
:10952c001c00bf8fffff0424100063300b1083005e
:0c953c001800b08f0800e0032000bd27dd
:020000040000fa
:020000041d00dd
:109548000800c0102510800020000324231866009e
:109558000600601c0620c500252000000610c50076
:10956800252880000800e0032518a0000610c20086
:1095780004286500faff0010251045000800c010f7
:109588002510800020000424232086000600805c2b
:109598000418c200251800000428c2002510600025
:1095a8000800e0032518a0000428c5000610820062
:0895b800faff00102528a200b3
:020000040000fa
:020000041d00dd
:1095c000010002000400080010002000400080009c
:1095d000000100020004000800100020004000808c
:1095e0000001010202020203030303030303030059
:1095f0004173736572742022257322204661696c61
:109600006564206174204c696e653a2025642c20c5
:10961000696e2046696c653a202573200a0d0000aa
:020000040000fa
:020000041d00dd
:10962000000082800800401000000000251080002b
:109630000100422400004380feff605401004224e8
:109640000800e003231044000800e0032510000098
:020000040000fa
:020000041d00dd
:10965000e8ffbd271400bfaf8226400f00000000c6
:109660001400bf8f00a0033c6c0062ac00a0033c60
:0c967000680062ac0800e0031800bd2791
:020000040000fa
:020000041d00dd
:10967c00e8ffbd271400bfaf0226400f000000001a
:10968c009425400f000000009a26400f00000000b7
:0c969c001400bf8f0800e0031800bd2779
:020000040000fa
:020000041d00dd
:1096a8000800c01025108000213086002518800091
:1096b8000100a524ffffa79001006324fcff6614a6
:0c96c800ffff67a00800e00300000000a6
:020000040000fa
:020000041d00dd
:1096d400e0ffbd272800a6af2800a6271c00bfafc7
:1096e4002c00a7af4325400f1000a6af1c00bf8f6e
:0896f4000800e0032000bd277f
:020000040000fa
:020000041d00dd
:10970000000000000000f03f000000000000e03f0b
:109710000000000000005043000000000000b03fc7
:089720000000000000002040e1
:020000040000fa
:020000041d00dd
:109728000700c01025108000202c057c2130860001
:109738002518800001006324feff6614ffff65a062
:089748000800e003000000002e
:020000040000fa
:020000041d00dd
:10975000e8ffbd271000b0af1400bfafde25400ffb
:10976000258080001400bf8f251000021000b08fec
:089770000800e0031800bd270a
:020000040000fa
:020000041d00dd
:1097780002000010251080002510c0000100a5245b
:10978800ffffa38001004624fbff6014ffffc3a076
:089798000800e00300000000de
:020000040000fa
:020000041d00dd
:1097a000417373657274696f6e206661696c65647c
:1097b0003a202573202825733a2025733a20256402
:0497c000290a000072
:020000040000fa
:020000041d00dd
:1097c40000a0023c3c01428ce8ffbd271400bfaf5f
:1097d4002926400f0000458c1400bf8f0800e003c9
:0497e4001800bd2785
:020000040000fa
:020000041d00dd
:1097e8000000848ce8ffbd271400bfaf8f23400f13
:1097f800000000001400bf8f0800e0031800bd2718
:020000040000fa
:020000041d00dd
:1098080000a0023cd800422400a0033cd40062ac73
:1098180000a0033cd00062ac0800e0030000000098
:020000040000fa
:020000041d00dd
:10982800000000000000f03f00000000000024409d
:109838000000000000005043000000000000144039
:10984800000000000000e043000000000000e0c34a
:10985800000000f0ffff1f34000000000000f007c8
:020000040000fa
:020000041d00dd
:1098680000008c90ffffc624010084240000aca0f7
:10987800fbffc0140100a5240800e00325108000a8
:020000040000fa
:020000041d00dd
:10988800286e756c6c290000303132333435363728
:0c989800383961626364656600000000fe
:020000040000fa
:020000041d00dd
:1098a400e8ffbd271400bfaf5d24400f0000000097
:0c98b4001400bf8f0800e0031800bd275f
:020000040000fa
:020000041d00dd
:1098c000bfff83241a00632c020060102510800063
:0c98d000200082340800e00300000000cb
:020000040000fa
:020000041d00dd
:1098dc00e8ffbd271400bfaf3026400f000000008a
:0c98ec001400bf8f0800e0031800bd2727
:020000040000fa
:020000041d00dd
:1098f8009fff83241a00632c02006010251080004b
:0c9908005f0082300800e0030000000057
:020000040000fa
:020000041d00dd
:10991400e8ffbd271400bfaf3e26400f0000000043
:0c9924001400bf8f0800e0031800bd27ee
:020000040000fa
:020000041d00dd
:109930000000200201000003000000000b000000f6
:0899400001000000000000001e
:020000040000fa
:020000041d00dd
:1099480000601a40bfff1b3cffff7b3724d05b033e
:0899580000609a401800004273
:020000040000fa
:020000041d00dd
:1099600068076c094c836a9074a07ac0008068888c
:0899700000846c8200810000fc
:020000040000fa
:020000041d00dd
:10997800ffffc6240000a0a0fdffc0140100a5241d
:089988000800e0032510800037
:020000040000fa
:020000041d00dd
:109990007899009d6898009dc48e009dc48e009d9e
:1099a000c48e009d0000009d8806009d400500a01b
:0499b00006000000ad
:020000040000fa
:020000041d00dd
:1099b400e8ffbd271400bfaf7126400f7f000424c9
:020000040000fa
:020000041d00dd
:1099c400e8ffbd271400bfafa026400f0000000031
:020000040000fa
:020000041d00dd
:1099d400494e4600696e66004e414e006e616e004f
:1099e400494e4600696e66004e414e006e616e003f
:020000040000fa
:020000041d00dd
:1099f800000000000000e07f00000000000060039d
:020000040000fa
:020000041d00dd
:0c9a080000a0023c0800e00370004224b3
:020000040000fa
:020000041d00dd
:0c9a1400286e696c29000000250000008d
:020000040000fa
:020000041d00dd
:089a20000800e0030000000053
:020000040000fa
:020000041d00dd
:089a28000800e003000000004b
:020000040000fa
:020000041d00dd
:089a30000800e003251000000e
:020000040000fa
:020000041d00dd
:089a38000800e0032510000006
:020000040000fa
:020000041d00dd
:089a40000800e00325100000fe
:020000040000fa
:020000041d00dd
:089a48000800e00325100000f6
:020000040000fa
:020000041d00dd
:089a50000800e00325100000ee
:020000040000fa
:020000041d00dd
:089a58000800e00325100000e6
:020000040000fa
:020000041d00dd
:109a60000800e003251000000800e00300000000eb
:020000040000fa
:020000041d00dd
:109a7000000000000000f041000000000000f04184
:020000040000fa
:020000041d00dd
:089a8000ffff001000000000d0
:020000040000fa
:020000041d00dd
:089a88000800e00325100000b6
:020000040000fa
:020000041d00dd
:089a90000800e00325100000ae
:020000040000fa
:020000041d00dd
:0496fc00107a009d43
:00000001FF
