

Microchip MPLAB XC8 Assembler V2.50 build 20240725155939 
                                                                                               Sat Aug 30 15:49:47 2025

Microchip MPLAB XC8 C Compiler v2.50 (Free license) build 20240725155939 Og1 
     1                           	processor	16F18326
     2                           	pagewidth 120
     3                           	opt	flic
     4                           	psect	idataBANK0,global,class=CODE,space=0,delta=2,noexec
     5                           	psect	cinit,global,class=CODE,space=0,merge=1,delta=2
     6                           	psect	bssBANK0,global,class=BANK0,space=1,delta=1,noexec
     7                           	psect	dataBANK0,global,class=BANK0,space=1,delta=1,noexec
     8                           	psect	bssBANK1,global,class=BANK1,space=1,delta=1,noexec
     9                           	psect	inittext,global,class=CODE,space=0,delta=2
    10                           	psect	clrtext,global,class=CODE,space=0,delta=2
    11                           	psect	cstackCOMMON,global,class=COMMON,space=1,delta=1,noexec
    12                           	psect	cstackBANK0,global,class=BANK0,space=1,delta=1,noexec
    13                           	psect	maintext,global,class=CODE,space=0,merge=1,split=1,delta=2
    14                           	psect	text1,local,class=CODE,space=0,merge=1,delta=2
    15                           	psect	text2,local,class=CODE,space=0,merge=1,delta=2
    16                           	psect	text3,local,class=CODE,space=0,merge=1,delta=2
    17                           	psect	text4,local,class=CODE,space=0,merge=1,delta=2
    18                           	psect	text5,local,class=CODE,space=0,merge=1,delta=2
    19                           	psect	text6,local,class=CODE,space=0,merge=1,delta=2
    20                           	psect	text7,local,class=CODE,space=0,merge=1,delta=2
    21                           	psect	text8,local,class=CODE,space=0,merge=1,delta=2
    22                           	psect	text9,local,class=CODE,space=0,merge=1,delta=2
    23                           	psect	text10,local,class=CODE,space=0,merge=1,delta=2,group=1
    24                           	psect	text11,local,class=CODE,space=0,merge=1,delta=2
    25                           	psect	text12,local,class=CODE,space=0,merge=1,delta=2
    26                           	psect	text13,local,class=CODE,space=0,merge=1,delta=2,group=1
    27                           	psect	text14,local,class=CODE,space=0,merge=1,delta=2
    28                           	psect	text15,local,class=CODE,space=0,merge=1,delta=2
    29                           	psect	text16,local,class=CODE,space=0,merge=1,delta=2
    30                           	psect	text17,local,class=CODE,space=0,merge=1,delta=2
    31                           	psect	text18,local,class=CODE,space=0,merge=1,delta=2
    32                           	psect	text19,local,class=CODE,space=0,merge=1,delta=2
    33                           	psect	text20,local,class=CODE,space=0,merge=1,delta=2
    34                           	psect	text21,local,class=CODE,space=0,merge=1,delta=2
    35                           	psect	text22,local,class=CODE,space=0,merge=1,delta=2
    36                           	psect	text23,local,class=CODE,space=0,merge=1,delta=2
    37                           	psect	config,global,abs,ovrld,class=CONFIG,space=4,delta=2,noexec
    38                           	dabs	1,0x7E,2
    39     0000                     
    40                           ; Generated 11/01/2024 GMT
    41                           ; 
    42                           ; Copyright © 2024, Microchip Technology Inc. and its subsidiaries ("Microchip")
    43                           ; All rights reserved.
    44                           ; 
    45                           ; This software is developed by Microchip Technology Inc. and its subsidiaries ("Microch
      +                          ip").
    46                           ; 
    47                           ; Redistribution and use in source and binary forms, with or without modification, are
    48                           ; permitted provided that the following conditions are met:
    49                           ; 
    50                           ;     1. Redistributions of source code must retain the above copyright notice, this lis
      +                          t of
    51                           ;        conditions and the following disclaimer.
    52                           ; 
    53                           ;     2. Redistributions in binary form must reproduce the above copyright notice, this 
      +                          list
    54                           ;        of conditions and the following disclaimer in the documentation and/or other
    55                           ;        materials provided with the distribution. Publication is not required when
    56                           ;        this file is used in an embedded application.
    57                           ; 
    58                           ;     3. Microchip's name may not be used to endorse or promote products derived from th
      +                          is
    59                           ;        software without specific prior written permission.
    60                           ; 
    61                           ; THIS SOFTWARE IS PROVIDED BY MICROCHIP "AS IS" AND ANY EXPRESS OR IMPLIED WARRANTIES,
    62                           ; INCLUDING, BUT NOT LIMITED TO, THE IMPLIED WARRANTIES OF MERCHANTABILITY AND FITNESS F
      +                          OR
    63                           ; PURPOSE ARE DISCLAIMED.  IN NO EVENT SHALL MICROCHIP BE LIABLE FOR ANY DIRECT, INDIREC
      +                          T,
    64                           ; INCIDENTAL, SPECIAL, EXEMPLARY, OR CONSEQUENTIAL DAMAGES (INCLUDING BUT NOT LIMITED TO
    65                           ; PROCUREMENT OF SUBSTITUTE GOODS OR SERVICES; LOSS OF USE, DATA OR PROFITS; OR BUSINESS
    66                           ; INTERRUPTION) HOWSOEVER CAUSED AND ON ANY THEORY OF LIABILITY, WHETHER IN CONTRACT, ST
      +                          RICT
    67                           ; LIABILITY, OR TORT (INCLUDING NEGLIGENCE OR OTHERWISE) ARISING IN ANY WAY OUT OF THE U
      +                          SE OF
    68                           ; THIS SOFTWARE, EVEN IF ADVISED OF THE POSSIBILITY OF SUCH DAMAGE.
    69                           ; 
    70                           ; 
    71                           ; Code-generator required, PIC16F18326 Definitions
    72                           ; 
    73                           ; SFR Addresses
    74     0008                     bsr             equ	8
    75     0005                     fsr0h           equ	5
    76     0004                     fsr0l           equ	4
    77     0007                     fsr1h           equ	7
    78     0006                     fsr1l           equ	6
    79     0000                     indf            equ	0
    80     0000                     indf0           equ	0
    81     0001                     indf1           equ	1
    82     000B                     intcon          equ	11
    83     0002                     pc              equ	2
    84     0002                     pcl             equ	2
    85     000A                     pclath          equ	10
    86     0003                     status          equ	3
    87     0009                     wreg            equ	9
    88     0000                     INDF0           equ	0	;# 
    89     0001                     INDF1           equ	1	;# 
    90     0002                     PCL             equ	2	;# 
    91     0003                     STATUS          equ	3	;# 
    92     0004                     FSR0L           equ	4	;# 
    93     0005                     FSR0H           equ	5	;# 
    94     0006                     FSR1L           equ	6	;# 
    95     0007                     FSR1H           equ	7	;# 
    96     0008                     BSR             equ	8	;# 
    97     0009                     WREG            equ	9	;# 
    98     000A                     PCLATH          equ	10	;# 
    99     000B                     INTCON          equ	11	;# 
   100     000C                     PORTA           equ	12	;# 
   101     000E                     PORTC           equ	14	;# 
   102     0010                     PIR0            equ	16	;# 
   103     0011                     PIR1            equ	17	;# 
   104     0012                     PIR2            equ	18	;# 
   105     0013                     PIR3            equ	19	;# 
   106     0014                     PIR4            equ	20	;# 
   107     0015                     TMR0L           equ	21	;# 
   108     0015                     TMR0            equ	21	;# 
   109     0016                     TMR0H           equ	22	;# 
   110     0016                     PR0             equ	22	;# 
   111     0017                     T0CON0          equ	23	;# 
   112     0018                     T0CON1          equ	24	;# 
   113     0019                     TMR1            equ	25	;# 
   114     0019                     TMR1L           equ	25	;# 
   115     001A                     TMR1H           equ	26	;# 
   116     001B                     T1CON           equ	27	;# 
   117     001C                     T1GCON          equ	28	;# 
   118     001D                     TMR2            equ	29	;# 
   119     001E                     PR2             equ	30	;# 
   120     001F                     T2CON           equ	31	;# 
   121     008C                     TRISA           equ	140	;# 
   122     008E                     TRISC           equ	142	;# 
   123     0090                     PIE0            equ	144	;# 
   124     0091                     PIE1            equ	145	;# 
   125     0092                     PIE2            equ	146	;# 
   126     0093                     PIE3            equ	147	;# 
   127     0094                     PIE4            equ	148	;# 
   128     0097                     WDTCON          equ	151	;# 
   129     009B                     ADRES           equ	155	;# 
   130     009B                     ADRESL          equ	155	;# 
   131     009C                     ADRESH          equ	156	;# 
   132     009D                     ADCON0          equ	157	;# 
   133     009E                     ADCON1          equ	158	;# 
   134     009F                     ADACT           equ	159	;# 
   135     010C                     LATA            equ	268	;# 
   136     010E                     LATC            equ	270	;# 
   137     0111                     CM1CON0         equ	273	;# 
   138     0112                     CM1CON1         equ	274	;# 
   139     0113                     CM2CON0         equ	275	;# 
   140     0114                     CM2CON1         equ	276	;# 
   141     0115                     CMOUT           equ	277	;# 
   142     0116                     BORCON          equ	278	;# 
   143     0117                     FVRCON          equ	279	;# 
   144     0118                     DACCON0         equ	280	;# 
   145     0119                     DACCON1         equ	281	;# 
   146     018C                     ANSELA          equ	396	;# 
   147     018E                     ANSELC          equ	398	;# 
   148     0197                     VREGCON         equ	407	;# 
   149     0199                     RC1REG          equ	409	;# 
   150     0199                     RCREG           equ	409	;# 
   151     0199                     RCREG1          equ	409	;# 
   152     019A                     TX1REG          equ	410	;# 
   153     019A                     TXREG1          equ	410	;# 
   154     019A                     TXREG           equ	410	;# 
   155     019B                     SP1BRG          equ	411	;# 
   156     019B                     SPBRG           equ	411	;# 
   157     019B                     SP1BRGL         equ	411	;# 
   158     019B                     SPBRG1          equ	411	;# 
   159     019B                     SPBRGL          equ	411	;# 
   160     019C                     SP1BRGH         equ	412	;# 
   161     019C                     SPBRGH          equ	412	;# 
   162     019C                     SPBRGH1         equ	412	;# 
   163     019D                     RC1STA          equ	413	;# 
   164     019D                     RCSTA1          equ	413	;# 
   165     019D                     RCSTA           equ	413	;# 
   166     019E                     TX1STA          equ	414	;# 
   167     019E                     TXSTA1          equ	414	;# 
   168     019E                     TXSTA           equ	414	;# 
   169     019F                     BAUD1CON        equ	415	;# 
   170     019F                     BAUDCON1        equ	415	;# 
   171     019F                     BAUDCTL1        equ	415	;# 
   172     019F                     BAUDCON         equ	415	;# 
   173     019F                     BAUDCTL         equ	415	;# 
   174     020C                     WPUA            equ	524	;# 
   175     020E                     WPUC            equ	526	;# 
   176     0211                     SSP1BUF         equ	529	;# 
   177     0211                     SSPBUF          equ	529	;# 
   178     0212                     SSP1ADD         equ	530	;# 
   179     0212                     SSPADD          equ	530	;# 
   180     0213                     SSP1MSK         equ	531	;# 
   181     0213                     SSPMSK          equ	531	;# 
   182     0214                     SSP1STAT        equ	532	;# 
   183     0214                     SSPSTAT         equ	532	;# 
   184     0215                     SSP1CON1        equ	533	;# 
   185     0215                     SSPCON          equ	533	;# 
   186     0215                     SSPCON1         equ	533	;# 
   187     0215                     SSP1CON         equ	533	;# 
   188     0216                     SSP1CON2        equ	534	;# 
   189     0216                     SSPCON2         equ	534	;# 
   190     0217                     SSP1CON3        equ	535	;# 
   191     0217                     SSPCON3         equ	535	;# 
   192     0219                     SSP2BUF         equ	537	;# 
   193     021A                     SSP2ADD         equ	538	;# 
   194     021B                     SSP2MSK         equ	539	;# 
   195     021C                     SSP2STAT        equ	540	;# 
   196     021D                     SSP2CON1        equ	541	;# 
   197     021D                     SSP2CON         equ	541	;# 
   198     021E                     SSP2CON2        equ	542	;# 
   199     021F                     SSP2CON3        equ	543	;# 
   200     028C                     ODCONA          equ	652	;# 
   201     028E                     ODCONC          equ	654	;# 
   202     0291                     CCPR1           equ	657	;# 
   203     0291                     CCPR1L          equ	657	;# 
   204     0292                     CCPR1H          equ	658	;# 
   205     0293                     CCP1CON         equ	659	;# 
   206     0294                     CCP1CAP         equ	660	;# 
   207     0295                     CCPR2           equ	661	;# 
   208     0295                     CCPR2L          equ	661	;# 
   209     0296                     CCPR2H          equ	662	;# 
   210     0297                     CCP2CON         equ	663	;# 
   211     0298                     CCP2CAP         equ	664	;# 
   212     029F                     CCPTMRS         equ	671	;# 
   213     030C                     SLRCONA         equ	780	;# 
   214     030E                     SLRCONC         equ	782	;# 
   215     0311                     CCPR3           equ	785	;# 
   216     0311                     CCPR3L          equ	785	;# 
   217     0312                     CCPR3H          equ	786	;# 
   218     0313                     CCP3CON         equ	787	;# 
   219     0314                     CCP3CAP         equ	788	;# 
   220     0315                     CCPR4           equ	789	;# 
   221     0315                     CCPR4L          equ	789	;# 
   222     0316                     CCPR4H          equ	790	;# 
   223     0317                     CCP4CON         equ	791	;# 
   224     0318                     CCP4CAP         equ	792	;# 
   225     038C                     INLVLA          equ	908	;# 
   226     038E                     INLVLC          equ	910	;# 
   227     0391                     IOCAP           equ	913	;# 
   228     0392                     IOCAN           equ	914	;# 
   229     0393                     IOCAF           equ	915	;# 
   230     0397                     IOCCP           equ	919	;# 
   231     0398                     IOCCN           equ	920	;# 
   232     0399                     IOCCF           equ	921	;# 
   233     039A                     CLKRCON         equ	922	;# 
   234     039C                     MDCON           equ	924	;# 
   235     039D                     MDSRC           equ	925	;# 
   236     039E                     MDCARH          equ	926	;# 
   237     039F                     MDCARL          equ	927	;# 
   238     0411                     TMR3            equ	1041	;# 
   239     0411                     TMR3L           equ	1041	;# 
   240     0412                     TMR3H           equ	1042	;# 
   241     0413                     T3CON           equ	1043	;# 
   242     0414                     T3GCON          equ	1044	;# 
   243     0415                     TMR4            equ	1045	;# 
   244     0416                     PR4             equ	1046	;# 
   245     0417                     T4CON           equ	1047	;# 
   246     0418                     TMR5            equ	1048	;# 
   247     0418                     TMR5L           equ	1048	;# 
   248     0419                     TMR5H           equ	1049	;# 
   249     041A                     T5CON           equ	1050	;# 
   250     041B                     T5GCON          equ	1051	;# 
   251     041C                     TMR6            equ	1052	;# 
   252     041D                     PR6             equ	1053	;# 
   253     041E                     T6CON           equ	1054	;# 
   254     041F                     CCDCON          equ	1055	;# 
   255     0498                     NCO1ACC         equ	1176	;# 
   256     0498                     NCO1ACCL        equ	1176	;# 
   257     0499                     NCO1ACCH        equ	1177	;# 
   258     049A                     NCO1ACCU        equ	1178	;# 
   259     049B                     NCO1INC         equ	1179	;# 
   260     049B                     NCO1INCL        equ	1179	;# 
   261     049C                     NCO1INCH        equ	1180	;# 
   262     049D                     NCO1INCU        equ	1181	;# 
   263     049E                     NCO1CON         equ	1182	;# 
   264     049F                     NCO1CLK         equ	1183	;# 
   265     0617                     PWM5DCL         equ	1559	;# 
   266     0618                     PWM5DCH         equ	1560	;# 
   267     0619                     PWM5CON         equ	1561	;# 
   268     0619                     PWM5CON0        equ	1561	;# 
   269     061A                     PWM6DCL         equ	1562	;# 
   270     061B                     PWM6DCH         equ	1563	;# 
   271     061C                     PWM6CON         equ	1564	;# 
   272     061C                     PWM6CON0        equ	1564	;# 
   273     061F                     PWMTMRS         equ	1567	;# 
   274     0691                     CWG1CLKCON      equ	1681	;# 
   275     0692                     CWG1DAT         equ	1682	;# 
   276     0693                     CWG1DBR         equ	1683	;# 
   277     0694                     CWG1DBF         equ	1684	;# 
   278     0695                     CWG1CON0        equ	1685	;# 
   279     0696                     CWG1CON1        equ	1686	;# 
   280     0697                     CWG1AS0         equ	1687	;# 
   281     0698                     CWG1AS1         equ	1688	;# 
   282     0699                     CWG1STR         equ	1689	;# 
   283     0711                     CWG2CLKCON      equ	1809	;# 
   284     0712                     CWG2DAT         equ	1810	;# 
   285     0713                     CWG2DBR         equ	1811	;# 
   286     0714                     CWG2DBF         equ	1812	;# 
   287     0715                     CWG2CON0        equ	1813	;# 
   288     0716                     CWG2CON1        equ	1814	;# 
   289     0717                     CWG2AS0         equ	1815	;# 
   290     0718                     CWG2AS1         equ	1816	;# 
   291     0719                     CWG2STR         equ	1817	;# 
   292     0891                     NVMADR          equ	2193	;# 
   293     0891                     EEADR           equ	2193	;# 
   294     0891                     PMADR           equ	2193	;# 
   295     0891                     NVMADRL         equ	2193	;# 
   296     0891                     EEADRL          equ	2193	;# 
   297     0891                     PMADRL          equ	2193	;# 
   298     0892                     NVMADRH         equ	2194	;# 
   299     0892                     EEADRH          equ	2194	;# 
   300     0892                     PMADRH          equ	2194	;# 
   301     0893                     NVMDAT          equ	2195	;# 
   302     0893                     EEDAT           equ	2195	;# 
   303     0893                     PMDAT           equ	2195	;# 
   304     0893                     NVMDATL         equ	2195	;# 
   305     0893                     EEDATL          equ	2195	;# 
   306     0893                     PMDATL          equ	2195	;# 
   307     0894                     NVMDATH         equ	2196	;# 
   308     0894                     EEDATH          equ	2196	;# 
   309     0894                     PMDATH          equ	2196	;# 
   310     0895                     NVMCON1         equ	2197	;# 
   311     0895                     EECON1          equ	2197	;# 
   312     0895                     PMCON1          equ	2197	;# 
   313     0896                     NVMCON2         equ	2198	;# 
   314     0896                     EECON2          equ	2198	;# 
   315     0896                     PMCON2          equ	2198	;# 
   316     089B                     PCON0           equ	2203	;# 
   317     0911                     PMD0            equ	2321	;# 
   318     0912                     PMD1            equ	2322	;# 
   319     0913                     PMD2            equ	2323	;# 
   320     0914                     PMD3            equ	2324	;# 
   321     0915                     PMD4            equ	2325	;# 
   322     0916                     PMD5            equ	2326	;# 
   323     0918                     CPUDOZE         equ	2328	;# 
   324     0919                     OSCCON1         equ	2329	;# 
   325     091A                     OSCCON2         equ	2330	;# 
   326     091B                     OSCCON3         equ	2331	;# 
   327     091C                     OSCSTAT1        equ	2332	;# 
   328     091D                     OSCEN           equ	2333	;# 
   329     091E                     OSCTUNE         equ	2334	;# 
   330     091F                     OSCFRQ          equ	2335	;# 
   331     0E0F                     PPSLOCK         equ	3599	;# 
   332     0E10                     INTPPS          equ	3600	;# 
   333     0E11                     T0CKIPPS        equ	3601	;# 
   334     0E12                     T1CKIPPS        equ	3602	;# 
   335     0E13                     T1GPPS          equ	3603	;# 
   336     0E14                     CCP1PPS         equ	3604	;# 
   337     0E15                     CCP2PPS         equ	3605	;# 
   338     0E16                     CCP3PPS         equ	3606	;# 
   339     0E17                     CCP4PPS         equ	3607	;# 
   340     0E18                     CWG1PPS         equ	3608	;# 
   341     0E19                     CWG2PPS         equ	3609	;# 
   342     0E1A                     MDCIN1PPS       equ	3610	;# 
   343     0E1B                     MDCIN2PPS       equ	3611	;# 
   344     0E1C                     MDMINPPS        equ	3612	;# 
   345     0E1D                     SSP2CLKPPS      equ	3613	;# 
   346     0E1E                     SSP2DATPPS      equ	3614	;# 
   347     0E1F                     SSP2SSPPS       equ	3615	;# 
   348     0E20                     SSP1CLKPPS      equ	3616	;# 
   349     0E21                     SSP1DATPPS      equ	3617	;# 
   350     0E22                     SSP1SSPPS       equ	3618	;# 
   351     0E24                     RXPPS           equ	3620	;# 
   352     0E25                     TXPPS           equ	3621	;# 
   353     0E28                     CLCIN0PPS       equ	3624	;# 
   354     0E29                     CLCIN1PPS       equ	3625	;# 
   355     0E2A                     CLCIN2PPS       equ	3626	;# 
   356     0E2B                     CLCIN3PPS       equ	3627	;# 
   357     0E2C                     T3CKIPPS        equ	3628	;# 
   358     0E2D                     T3GPPS          equ	3629	;# 
   359     0E2E                     T5CKIPPS        equ	3630	;# 
   360     0E2F                     T5GPPS          equ	3631	;# 
   361     0E90                     RA0PPS          equ	3728	;# 
   362     0E91                     RA1PPS          equ	3729	;# 
   363     0E92                     RA2PPS          equ	3730	;# 
   364     0E94                     RA4PPS          equ	3732	;# 
   365     0E95                     RA5PPS          equ	3733	;# 
   366     0EA0                     RC0PPS          equ	3744	;# 
   367     0EA1                     RC1PPS          equ	3745	;# 
   368     0EA2                     RC2PPS          equ	3746	;# 
   369     0EA3                     RC3PPS          equ	3747	;# 
   370     0EA4                     RC4PPS          equ	3748	;# 
   371     0EA5                     RC5PPS          equ	3749	;# 
   372     0F0F                     CLCDATA         equ	3855	;# 
   373     0F10                     CLC1CON         equ	3856	;# 
   374     0F11                     CLC1POL         equ	3857	;# 
   375     0F12                     CLC1SEL0        equ	3858	;# 
   376     0F13                     CLC1SEL1        equ	3859	;# 
   377     0F14                     CLC1SEL2        equ	3860	;# 
   378     0F15                     CLC1SEL3        equ	3861	;# 
   379     0F16                     CLC1GLS0        equ	3862	;# 
   380     0F17                     CLC1GLS1        equ	3863	;# 
   381     0F18                     CLC1GLS2        equ	3864	;# 
   382     0F19                     CLC1GLS3        equ	3865	;# 
   383     0F1A                     CLC2CON         equ	3866	;# 
   384     0F1B                     CLC2POL         equ	3867	;# 
   385     0F1C                     CLC2SEL0        equ	3868	;# 
   386     0F1D                     CLC2SEL1        equ	3869	;# 
   387     0F1E                     CLC2SEL2        equ	3870	;# 
   388     0F1F                     CLC2SEL3        equ	3871	;# 
   389     0F20                     CLC2GLS0        equ	3872	;# 
   390     0F21                     CLC2GLS1        equ	3873	;# 
   391     0F22                     CLC2GLS2        equ	3874	;# 
   392     0F23                     CLC2GLS3        equ	3875	;# 
   393     0F24                     CLC3CON         equ	3876	;# 
   394     0F25                     CLC3POL         equ	3877	;# 
   395     0F26                     CLC3SEL0        equ	3878	;# 
   396     0F27                     CLC3SEL1        equ	3879	;# 
   397     0F28                     CLC3SEL2        equ	3880	;# 
   398     0F29                     CLC3SEL3        equ	3881	;# 
   399     0F2A                     CLC3GLS0        equ	3882	;# 
   400     0F2B                     CLC3GLS1        equ	3883	;# 
   401     0F2C                     CLC3GLS2        equ	3884	;# 
   402     0F2D                     CLC3GLS3        equ	3885	;# 
   403     0F2E                     CLC4CON         equ	3886	;# 
   404     0F2F                     CLC4POL         equ	3887	;# 
   405     0F30                     CLC4SEL0        equ	3888	;# 
   406     0F31                     CLC4SEL1        equ	3889	;# 
   407     0F32                     CLC4SEL2        equ	3890	;# 
   408     0F33                     CLC4SEL3        equ	3891	;# 
   409     0F34                     CLC4GLS0        equ	3892	;# 
   410     0F35                     CLC4GLS1        equ	3893	;# 
   411     0F36                     CLC4GLS2        equ	3894	;# 
   412     0F37                     CLC4GLS3        equ	3895	;# 
   413     0FE4                     STATUS_SHAD     equ	4068	;# 
   414     0FE5                     WREG_SHAD       equ	4069	;# 
   415     0FE6                     BSR_SHAD        equ	4070	;# 
   416     0FE7                     PCLATH_SHAD     equ	4071	;# 
   417     0FE8                     FSR0L_SHAD      equ	4072	;# 
   418     0FE9                     FSR0H_SHAD      equ	4073	;# 
   419     0FEA                     FSR1L_SHAD      equ	4074	;# 
   420     0FEB                     FSR1H_SHAD      equ	4075	;# 
   421     0FED                     STKPTR          equ	4077	;# 
   422     0FEE                     TOSL            equ	4078	;# 
   423     0FEF                     TOSH            equ	4079	;# 
   424     0000                     INDF0           equ	0	;# 
   425     0001                     INDF1           equ	1	;# 
   426     0002                     PCL             equ	2	;# 
   427     0003                     STATUS          equ	3	;# 
   428     0004                     FSR0L           equ	4	;# 
   429     0005                     FSR0H           equ	5	;# 
   430     0006                     FSR1L           equ	6	;# 
   431     0007                     FSR1H           equ	7	;# 
   432     0008                     BSR             equ	8	;# 
   433     0009                     WREG            equ	9	;# 
   434     000A                     PCLATH          equ	10	;# 
   435     000B                     INTCON          equ	11	;# 
   436     000C                     PORTA           equ	12	;# 
   437     000E                     PORTC           equ	14	;# 
   438     0010                     PIR0            equ	16	;# 
   439     0011                     PIR1            equ	17	;# 
   440     0012                     PIR2            equ	18	;# 
   441     0013                     PIR3            equ	19	;# 
   442     0014                     PIR4            equ	20	;# 
   443     0015                     TMR0L           equ	21	;# 
   444     0015                     TMR0            equ	21	;# 
   445     0016                     TMR0H           equ	22	;# 
   446     0016                     PR0             equ	22	;# 
   447     0017                     T0CON0          equ	23	;# 
   448     0018                     T0CON1          equ	24	;# 
   449     0019                     TMR1            equ	25	;# 
   450     0019                     TMR1L           equ	25	;# 
   451     001A                     TMR1H           equ	26	;# 
   452     001B                     T1CON           equ	27	;# 
   453     001C                     T1GCON          equ	28	;# 
   454     001D                     TMR2            equ	29	;# 
   455     001E                     PR2             equ	30	;# 
   456     001F                     T2CON           equ	31	;# 
   457     008C                     TRISA           equ	140	;# 
   458     008E                     TRISC           equ	142	;# 
   459     0090                     PIE0            equ	144	;# 
   460     0091                     PIE1            equ	145	;# 
   461     0092                     PIE2            equ	146	;# 
   462     0093                     PIE3            equ	147	;# 
   463     0094                     PIE4            equ	148	;# 
   464     0097                     WDTCON          equ	151	;# 
   465     009B                     ADRES           equ	155	;# 
   466     009B                     ADRESL          equ	155	;# 
   467     009C                     ADRESH          equ	156	;# 
   468     009D                     ADCON0          equ	157	;# 
   469     009E                     ADCON1          equ	158	;# 
   470     009F                     ADACT           equ	159	;# 
   471     010C                     LATA            equ	268	;# 
   472     010E                     LATC            equ	270	;# 
   473     0111                     CM1CON0         equ	273	;# 
   474     0112                     CM1CON1         equ	274	;# 
   475     0113                     CM2CON0         equ	275	;# 
   476     0114                     CM2CON1         equ	276	;# 
   477     0115                     CMOUT           equ	277	;# 
   478     0116                     BORCON          equ	278	;# 
   479     0117                     FVRCON          equ	279	;# 
   480     0118                     DACCON0         equ	280	;# 
   481     0119                     DACCON1         equ	281	;# 
   482     018C                     ANSELA          equ	396	;# 
   483     018E                     ANSELC          equ	398	;# 
   484     0197                     VREGCON         equ	407	;# 
   485     0199                     RC1REG          equ	409	;# 
   486     0199                     RCREG           equ	409	;# 
   487     0199                     RCREG1          equ	409	;# 
   488     019A                     TX1REG          equ	410	;# 
   489     019A                     TXREG1          equ	410	;# 
   490     019A                     TXREG           equ	410	;# 
   491     019B                     SP1BRG          equ	411	;# 
   492     019B                     SPBRG           equ	411	;# 
   493     019B                     SP1BRGL         equ	411	;# 
   494     019B                     SPBRG1          equ	411	;# 
   495     019B                     SPBRGL          equ	411	;# 
   496     019C                     SP1BRGH         equ	412	;# 
   497     019C                     SPBRGH          equ	412	;# 
   498     019C                     SPBRGH1         equ	412	;# 
   499     019D                     RC1STA          equ	413	;# 
   500     019D                     RCSTA1          equ	413	;# 
   501     019D                     RCSTA           equ	413	;# 
   502     019E                     TX1STA          equ	414	;# 
   503     019E                     TXSTA1          equ	414	;# 
   504     019E                     TXSTA           equ	414	;# 
   505     019F                     BAUD1CON        equ	415	;# 
   506     019F                     BAUDCON1        equ	415	;# 
   507     019F                     BAUDCTL1        equ	415	;# 
   508     019F                     BAUDCON         equ	415	;# 
   509     019F                     BAUDCTL         equ	415	;# 
   510     020C                     WPUA            equ	524	;# 
   511     020E                     WPUC            equ	526	;# 
   512     0211                     SSP1BUF         equ	529	;# 
   513     0211                     SSPBUF          equ	529	;# 
   514     0212                     SSP1ADD         equ	530	;# 
   515     0212                     SSPADD          equ	530	;# 
   516     0213                     SSP1MSK         equ	531	;# 
   517     0213                     SSPMSK          equ	531	;# 
   518     0214                     SSP1STAT        equ	532	;# 
   519     0214                     SSPSTAT         equ	532	;# 
   520     0215                     SSP1CON1        equ	533	;# 
   521     0215                     SSPCON          equ	533	;# 
   522     0215                     SSPCON1         equ	533	;# 
   523     0215                     SSP1CON         equ	533	;# 
   524     0216                     SSP1CON2        equ	534	;# 
   525     0216                     SSPCON2         equ	534	;# 
   526     0217                     SSP1CON3        equ	535	;# 
   527     0217                     SSPCON3         equ	535	;# 
   528     0219                     SSP2BUF         equ	537	;# 
   529     021A                     SSP2ADD         equ	538	;# 
   530     021B                     SSP2MSK         equ	539	;# 
   531     021C                     SSP2STAT        equ	540	;# 
   532     021D                     SSP2CON1        equ	541	;# 
   533     021D                     SSP2CON         equ	541	;# 
   534     021E                     SSP2CON2        equ	542	;# 
   535     021F                     SSP2CON3        equ	543	;# 
   536     028C                     ODCONA          equ	652	;# 
   537     028E                     ODCONC          equ	654	;# 
   538     0291                     CCPR1           equ	657	;# 
   539     0291                     CCPR1L          equ	657	;# 
   540     0292                     CCPR1H          equ	658	;# 
   541     0293                     CCP1CON         equ	659	;# 
   542     0294                     CCP1CAP         equ	660	;# 
   543     0295                     CCPR2           equ	661	;# 
   544     0295                     CCPR2L          equ	661	;# 
   545     0296                     CCPR2H          equ	662	;# 
   546     0297                     CCP2CON         equ	663	;# 
   547     0298                     CCP2CAP         equ	664	;# 
   548     029F                     CCPTMRS         equ	671	;# 
   549     030C                     SLRCONA         equ	780	;# 
   550     030E                     SLRCONC         equ	782	;# 
   551     0311                     CCPR3           equ	785	;# 
   552     0311                     CCPR3L          equ	785	;# 
   553     0312                     CCPR3H          equ	786	;# 
   554     0313                     CCP3CON         equ	787	;# 
   555     0314                     CCP3CAP         equ	788	;# 
   556     0315                     CCPR4           equ	789	;# 
   557     0315                     CCPR4L          equ	789	;# 
   558     0316                     CCPR4H          equ	790	;# 
   559     0317                     CCP4CON         equ	791	;# 
   560     0318                     CCP4CAP         equ	792	;# 
   561     038C                     INLVLA          equ	908	;# 
   562     038E                     INLVLC          equ	910	;# 
   563     0391                     IOCAP           equ	913	;# 
   564     0392                     IOCAN           equ	914	;# 
   565     0393                     IOCAF           equ	915	;# 
   566     0397                     IOCCP           equ	919	;# 
   567     0398                     IOCCN           equ	920	;# 
   568     0399                     IOCCF           equ	921	;# 
   569     039A                     CLKRCON         equ	922	;# 
   570     039C                     MDCON           equ	924	;# 
   571     039D                     MDSRC           equ	925	;# 
   572     039E                     MDCARH          equ	926	;# 
   573     039F                     MDCARL          equ	927	;# 
   574     0411                     TMR3            equ	1041	;# 
   575     0411                     TMR3L           equ	1041	;# 
   576     0412                     TMR3H           equ	1042	;# 
   577     0413                     T3CON           equ	1043	;# 
   578     0414                     T3GCON          equ	1044	;# 
   579     0415                     TMR4            equ	1045	;# 
   580     0416                     PR4             equ	1046	;# 
   581     0417                     T4CON           equ	1047	;# 
   582     0418                     TMR5            equ	1048	;# 
   583     0418                     TMR5L           equ	1048	;# 
   584     0419                     TMR5H           equ	1049	;# 
   585     041A                     T5CON           equ	1050	;# 
   586     041B                     T5GCON          equ	1051	;# 
   587     041C                     TMR6            equ	1052	;# 
   588     041D                     PR6             equ	1053	;# 
   589     041E                     T6CON           equ	1054	;# 
   590     041F                     CCDCON          equ	1055	;# 
   591     0498                     NCO1ACC         equ	1176	;# 
   592     0498                     NCO1ACCL        equ	1176	;# 
   593     0499                     NCO1ACCH        equ	1177	;# 
   594     049A                     NCO1ACCU        equ	1178	;# 
   595     049B                     NCO1INC         equ	1179	;# 
   596     049B                     NCO1INCL        equ	1179	;# 
   597     049C                     NCO1INCH        equ	1180	;# 
   598     049D                     NCO1INCU        equ	1181	;# 
   599     049E                     NCO1CON         equ	1182	;# 
   600     049F                     NCO1CLK         equ	1183	;# 
   601     0617                     PWM5DCL         equ	1559	;# 
   602     0618                     PWM5DCH         equ	1560	;# 
   603     0619                     PWM5CON         equ	1561	;# 
   604     0619                     PWM5CON0        equ	1561	;# 
   605     061A                     PWM6DCL         equ	1562	;# 
   606     061B                     PWM6DCH         equ	1563	;# 
   607     061C                     PWM6CON         equ	1564	;# 
   608     061C                     PWM6CON0        equ	1564	;# 
   609     061F                     PWMTMRS         equ	1567	;# 
   610     0691                     CWG1CLKCON      equ	1681	;# 
   611     0692                     CWG1DAT         equ	1682	;# 
   612     0693                     CWG1DBR         equ	1683	;# 
   613     0694                     CWG1DBF         equ	1684	;# 
   614     0695                     CWG1CON0        equ	1685	;# 
   615     0696                     CWG1CON1        equ	1686	;# 
   616     0697                     CWG1AS0         equ	1687	;# 
   617     0698                     CWG1AS1         equ	1688	;# 
   618     0699                     CWG1STR         equ	1689	;# 
   619     0711                     CWG2CLKCON      equ	1809	;# 
   620     0712                     CWG2DAT         equ	1810	;# 
   621     0713                     CWG2DBR         equ	1811	;# 
   622     0714                     CWG2DBF         equ	1812	;# 
   623     0715                     CWG2CON0        equ	1813	;# 
   624     0716                     CWG2CON1        equ	1814	;# 
   625     0717                     CWG2AS0         equ	1815	;# 
   626     0718                     CWG2AS1         equ	1816	;# 
   627     0719                     CWG2STR         equ	1817	;# 
   628     0891                     NVMADR          equ	2193	;# 
   629     0891                     EEADR           equ	2193	;# 
   630     0891                     PMADR           equ	2193	;# 
   631     0891                     NVMADRL         equ	2193	;# 
   632     0891                     EEADRL          equ	2193	;# 
   633     0891                     PMADRL          equ	2193	;# 
   634     0892                     NVMADRH         equ	2194	;# 
   635     0892                     EEADRH          equ	2194	;# 
   636     0892                     PMADRH          equ	2194	;# 
   637     0893                     NVMDAT          equ	2195	;# 
   638     0893                     EEDAT           equ	2195	;# 
   639     0893                     PMDAT           equ	2195	;# 
   640     0893                     NVMDATL         equ	2195	;# 
   641     0893                     EEDATL          equ	2195	;# 
   642     0893                     PMDATL          equ	2195	;# 
   643     0894                     NVMDATH         equ	2196	;# 
   644     0894                     EEDATH          equ	2196	;# 
   645     0894                     PMDATH          equ	2196	;# 
   646     0895                     NVMCON1         equ	2197	;# 
   647     0895                     EECON1          equ	2197	;# 
   648     0895                     PMCON1          equ	2197	;# 
   649     0896                     NVMCON2         equ	2198	;# 
   650     0896                     EECON2          equ	2198	;# 
   651     0896                     PMCON2          equ	2198	;# 
   652     089B                     PCON0           equ	2203	;# 
   653     0911                     PMD0            equ	2321	;# 
   654     0912                     PMD1            equ	2322	;# 
   655     0913                     PMD2            equ	2323	;# 
   656     0914                     PMD3            equ	2324	;# 
   657     0915                     PMD4            equ	2325	;# 
   658     0916                     PMD5            equ	2326	;# 
   659     0918                     CPUDOZE         equ	2328	;# 
   660     0919                     OSCCON1         equ	2329	;# 
   661     091A                     OSCCON2         equ	2330	;# 
   662     091B                     OSCCON3         equ	2331	;# 
   663     091C                     OSCSTAT1        equ	2332	;# 
   664     091D                     OSCEN           equ	2333	;# 
   665     091E                     OSCTUNE         equ	2334	;# 
   666     091F                     OSCFRQ          equ	2335	;# 
   667     0E0F                     PPSLOCK         equ	3599	;# 
   668     0E10                     INTPPS          equ	3600	;# 
   669     0E11                     T0CKIPPS        equ	3601	;# 
   670     0E12                     T1CKIPPS        equ	3602	;# 
   671     0E13                     T1GPPS          equ	3603	;# 
   672     0E14                     CCP1PPS         equ	3604	;# 
   673     0E15                     CCP2PPS         equ	3605	;# 
   674     0E16                     CCP3PPS         equ	3606	;# 
   675     0E17                     CCP4PPS         equ	3607	;# 
   676     0E18                     CWG1PPS         equ	3608	;# 
   677     0E19                     CWG2PPS         equ	3609	;# 
   678     0E1A                     MDCIN1PPS       equ	3610	;# 
   679     0E1B                     MDCIN2PPS       equ	3611	;# 
   680     0E1C                     MDMINPPS        equ	3612	;# 
   681     0E1D                     SSP2CLKPPS      equ	3613	;# 
   682     0E1E                     SSP2DATPPS      equ	3614	;# 
   683     0E1F                     SSP2SSPPS       equ	3615	;# 
   684     0E20                     SSP1CLKPPS      equ	3616	;# 
   685     0E21                     SSP1DATPPS      equ	3617	;# 
   686     0E22                     SSP1SSPPS       equ	3618	;# 
   687     0E24                     RXPPS           equ	3620	;# 
   688     0E25                     TXPPS           equ	3621	;# 
   689     0E28                     CLCIN0PPS       equ	3624	;# 
   690     0E29                     CLCIN1PPS       equ	3625	;# 
   691     0E2A                     CLCIN2PPS       equ	3626	;# 
   692     0E2B                     CLCIN3PPS       equ	3627	;# 
   693     0E2C                     T3CKIPPS        equ	3628	;# 
   694     0E2D                     T3GPPS          equ	3629	;# 
   695     0E2E                     T5CKIPPS        equ	3630	;# 
   696     0E2F                     T5GPPS          equ	3631	;# 
   697     0E90                     RA0PPS          equ	3728	;# 
   698     0E91                     RA1PPS          equ	3729	;# 
   699     0E92                     RA2PPS          equ	3730	;# 
   700     0E94                     RA4PPS          equ	3732	;# 
   701     0E95                     RA5PPS          equ	3733	;# 
   702     0EA0                     RC0PPS          equ	3744	;# 
   703     0EA1                     RC1PPS          equ	3745	;# 
   704     0EA2                     RC2PPS          equ	3746	;# 
   705     0EA3                     RC3PPS          equ	3747	;# 
   706     0EA4                     RC4PPS          equ	3748	;# 
   707     0EA5                     RC5PPS          equ	3749	;# 
   708     0F0F                     CLCDATA         equ	3855	;# 
   709     0F10                     CLC1CON         equ	3856	;# 
   710     0F11                     CLC1POL         equ	3857	;# 
   711     0F12                     CLC1SEL0        equ	3858	;# 
   712     0F13                     CLC1SEL1        equ	3859	;# 
   713     0F14                     CLC1SEL2        equ	3860	;# 
   714     0F15                     CLC1SEL3        equ	3861	;# 
   715     0F16                     CLC1GLS0        equ	3862	;# 
   716     0F17                     CLC1GLS1        equ	3863	;# 
   717     0F18                     CLC1GLS2        equ	3864	;# 
   718     0F19                     CLC1GLS3        equ	3865	;# 
   719     0F1A                     CLC2CON         equ	3866	;# 
   720     0F1B                     CLC2POL         equ	3867	;# 
   721     0F1C                     CLC2SEL0        equ	3868	;# 
   722     0F1D                     CLC2SEL1        equ	3869	;# 
   723     0F1E                     CLC2SEL2        equ	3870	;# 
   724     0F1F                     CLC2SEL3        equ	3871	;# 
   725     0F20                     CLC2GLS0        equ	3872	;# 
   726     0F21                     CLC2GLS1        equ	3873	;# 
   727     0F22                     CLC2GLS2        equ	3874	;# 
   728     0F23                     CLC2GLS3        equ	3875	;# 
   729     0F24                     CLC3CON         equ	3876	;# 
   730     0F25                     CLC3POL         equ	3877	;# 
   731     0F26                     CLC3SEL0        equ	3878	;# 
   732     0F27                     CLC3SEL1        equ	3879	;# 
   733     0F28                     CLC3SEL2        equ	3880	;# 
   734     0F29                     CLC3SEL3        equ	3881	;# 
   735     0F2A                     CLC3GLS0        equ	3882	;# 
   736     0F2B                     CLC3GLS1        equ	3883	;# 
   737     0F2C                     CLC3GLS2        equ	3884	;# 
   738     0F2D                     CLC3GLS3        equ	3885	;# 
   739     0F2E                     CLC4CON         equ	3886	;# 
   740     0F2F                     CLC4POL         equ	3887	;# 
   741     0F30                     CLC4SEL0        equ	3888	;# 
   742     0F31                     CLC4SEL1        equ	3889	;# 
   743     0F32                     CLC4SEL2        equ	3890	;# 
   744     0F33                     CLC4SEL3        equ	3891	;# 
   745     0F34                     CLC4GLS0        equ	3892	;# 
   746     0F35                     CLC4GLS1        equ	3893	;# 
   747     0F36                     CLC4GLS2        equ	3894	;# 
   748     0F37                     CLC4GLS3        equ	3895	;# 
   749     0FE4                     STATUS_SHAD     equ	4068	;# 
   750     0FE5                     WREG_SHAD       equ	4069	;# 
   751     0FE6                     BSR_SHAD        equ	4070	;# 
   752     0FE7                     PCLATH_SHAD     equ	4071	;# 
   753     0FE8                     FSR0L_SHAD      equ	4072	;# 
   754     0FE9                     FSR0H_SHAD      equ	4073	;# 
   755     0FEA                     FSR1L_SHAD      equ	4074	;# 
   756     0FEB                     FSR1H_SHAD      equ	4075	;# 
   757     0FED                     STKPTR          equ	4077	;# 
   758     0FEE                     TOSL            equ	4078	;# 
   759     0FEF                     TOSH            equ	4079	;# 
   760     0000                     INDF0           equ	0	;# 
   761     0001                     INDF1           equ	1	;# 
   762     0002                     PCL             equ	2	;# 
   763     0003                     STATUS          equ	3	;# 
   764     0004                     FSR0L           equ	4	;# 
   765     0005                     FSR0H           equ	5	;# 
   766     0006                     FSR1L           equ	6	;# 
   767     0007                     FSR1H           equ	7	;# 
   768     0008                     BSR             equ	8	;# 
   769     0009                     WREG            equ	9	;# 
   770     000A                     PCLATH          equ	10	;# 
   771     000B                     INTCON          equ	11	;# 
   772     000C                     PORTA           equ	12	;# 
   773     000E                     PORTC           equ	14	;# 
   774     0010                     PIR0            equ	16	;# 
   775     0011                     PIR1            equ	17	;# 
   776     0012                     PIR2            equ	18	;# 
   777     0013                     PIR3            equ	19	;# 
   778     0014                     PIR4            equ	20	;# 
   779     0015                     TMR0L           equ	21	;# 
   780     0015                     TMR0            equ	21	;# 
   781     0016                     TMR0H           equ	22	;# 
   782     0016                     PR0             equ	22	;# 
   783     0017                     T0CON0          equ	23	;# 
   784     0018                     T0CON1          equ	24	;# 
   785     0019                     TMR1            equ	25	;# 
   786     0019                     TMR1L           equ	25	;# 
   787     001A                     TMR1H           equ	26	;# 
   788     001B                     T1CON           equ	27	;# 
   789     001C                     T1GCON          equ	28	;# 
   790     001D                     TMR2            equ	29	;# 
   791     001E                     PR2             equ	30	;# 
   792     001F                     T2CON           equ	31	;# 
   793     008C                     TRISA           equ	140	;# 
   794     008E                     TRISC           equ	142	;# 
   795     0090                     PIE0            equ	144	;# 
   796     0091                     PIE1            equ	145	;# 
   797     0092                     PIE2            equ	146	;# 
   798     0093                     PIE3            equ	147	;# 
   799     0094                     PIE4            equ	148	;# 
   800     0097                     WDTCON          equ	151	;# 
   801     009B                     ADRES           equ	155	;# 
   802     009B                     ADRESL          equ	155	;# 
   803     009C                     ADRESH          equ	156	;# 
   804     009D                     ADCON0          equ	157	;# 
   805     009E                     ADCON1          equ	158	;# 
   806     009F                     ADACT           equ	159	;# 
   807     010C                     LATA            equ	268	;# 
   808     010E                     LATC            equ	270	;# 
   809     0111                     CM1CON0         equ	273	;# 
   810     0112                     CM1CON1         equ	274	;# 
   811     0113                     CM2CON0         equ	275	;# 
   812     0114                     CM2CON1         equ	276	;# 
   813     0115                     CMOUT           equ	277	;# 
   814     0116                     BORCON          equ	278	;# 
   815     0117                     FVRCON          equ	279	;# 
   816     0118                     DACCON0         equ	280	;# 
   817     0119                     DACCON1         equ	281	;# 
   818     018C                     ANSELA          equ	396	;# 
   819     018E                     ANSELC          equ	398	;# 
   820     0197                     VREGCON         equ	407	;# 
   821     0199                     RC1REG          equ	409	;# 
   822     0199                     RCREG           equ	409	;# 
   823     0199                     RCREG1          equ	409	;# 
   824     019A                     TX1REG          equ	410	;# 
   825     019A                     TXREG1          equ	410	;# 
   826     019A                     TXREG           equ	410	;# 
   827     019B                     SP1BRG          equ	411	;# 
   828     019B                     SPBRG           equ	411	;# 
   829     019B                     SP1BRGL         equ	411	;# 
   830     019B                     SPBRG1          equ	411	;# 
   831     019B                     SPBRGL          equ	411	;# 
   832     019C                     SP1BRGH         equ	412	;# 
   833     019C                     SPBRGH          equ	412	;# 
   834     019C                     SPBRGH1         equ	412	;# 
   835     019D                     RC1STA          equ	413	;# 
   836     019D                     RCSTA1          equ	413	;# 
   837     019D                     RCSTA           equ	413	;# 
   838     019E                     TX1STA          equ	414	;# 
   839     019E                     TXSTA1          equ	414	;# 
   840     019E                     TXSTA           equ	414	;# 
   841     019F                     BAUD1CON        equ	415	;# 
   842     019F                     BAUDCON1        equ	415	;# 
   843     019F                     BAUDCTL1        equ	415	;# 
   844     019F                     BAUDCON         equ	415	;# 
   845     019F                     BAUDCTL         equ	415	;# 
   846     020C                     WPUA            equ	524	;# 
   847     020E                     WPUC            equ	526	;# 
   848     0211                     SSP1BUF         equ	529	;# 
   849     0211                     SSPBUF          equ	529	;# 
   850     0212                     SSP1ADD         equ	530	;# 
   851     0212                     SSPADD          equ	530	;# 
   852     0213                     SSP1MSK         equ	531	;# 
   853     0213                     SSPMSK          equ	531	;# 
   854     0214                     SSP1STAT        equ	532	;# 
   855     0214                     SSPSTAT         equ	532	;# 
   856     0215                     SSP1CON1        equ	533	;# 
   857     0215                     SSPCON          equ	533	;# 
   858     0215                     SSPCON1         equ	533	;# 
   859     0215                     SSP1CON         equ	533	;# 
   860     0216                     SSP1CON2        equ	534	;# 
   861     0216                     SSPCON2         equ	534	;# 
   862     0217                     SSP1CON3        equ	535	;# 
   863     0217                     SSPCON3         equ	535	;# 
   864     0219                     SSP2BUF         equ	537	;# 
   865     021A                     SSP2ADD         equ	538	;# 
   866     021B                     SSP2MSK         equ	539	;# 
   867     021C                     SSP2STAT        equ	540	;# 
   868     021D                     SSP2CON1        equ	541	;# 
   869     021D                     SSP2CON         equ	541	;# 
   870     021E                     SSP2CON2        equ	542	;# 
   871     021F                     SSP2CON3        equ	543	;# 
   872     028C                     ODCONA          equ	652	;# 
   873     028E                     ODCONC          equ	654	;# 
   874     0291                     CCPR1           equ	657	;# 
   875     0291                     CCPR1L          equ	657	;# 
   876     0292                     CCPR1H          equ	658	;# 
   877     0293                     CCP1CON         equ	659	;# 
   878     0294                     CCP1CAP         equ	660	;# 
   879     0295                     CCPR2           equ	661	;# 
   880     0295                     CCPR2L          equ	661	;# 
   881     0296                     CCPR2H          equ	662	;# 
   882     0297                     CCP2CON         equ	663	;# 
   883     0298                     CCP2CAP         equ	664	;# 
   884     029F                     CCPTMRS         equ	671	;# 
   885     030C                     SLRCONA         equ	780	;# 
   886     030E                     SLRCONC         equ	782	;# 
   887     0311                     CCPR3           equ	785	;# 
   888     0311                     CCPR3L          equ	785	;# 
   889     0312                     CCPR3H          equ	786	;# 
   890     0313                     CCP3CON         equ	787	;# 
   891     0314                     CCP3CAP         equ	788	;# 
   892     0315                     CCPR4           equ	789	;# 
   893     0315                     CCPR4L          equ	789	;# 
   894     0316                     CCPR4H          equ	790	;# 
   895     0317                     CCP4CON         equ	791	;# 
   896     0318                     CCP4CAP         equ	792	;# 
   897     038C                     INLVLA          equ	908	;# 
   898     038E                     INLVLC          equ	910	;# 
   899     0391                     IOCAP           equ	913	;# 
   900     0392                     IOCAN           equ	914	;# 
   901     0393                     IOCAF           equ	915	;# 
   902     0397                     IOCCP           equ	919	;# 
   903     0398                     IOCCN           equ	920	;# 
   904     0399                     IOCCF           equ	921	;# 
   905     039A                     CLKRCON         equ	922	;# 
   906     039C                     MDCON           equ	924	;# 
   907     039D                     MDSRC           equ	925	;# 
   908     039E                     MDCARH          equ	926	;# 
   909     039F                     MDCARL          equ	927	;# 
   910     0411                     TMR3            equ	1041	;# 
   911     0411                     TMR3L           equ	1041	;# 
   912     0412                     TMR3H           equ	1042	;# 
   913     0413                     T3CON           equ	1043	;# 
   914     0414                     T3GCON          equ	1044	;# 
   915     0415                     TMR4            equ	1045	;# 
   916     0416                     PR4             equ	1046	;# 
   917     0417                     T4CON           equ	1047	;# 
   918     0418                     TMR5            equ	1048	;# 
   919     0418                     TMR5L           equ	1048	;# 
   920     0419                     TMR5H           equ	1049	;# 
   921     041A                     T5CON           equ	1050	;# 
   922     041B                     T5GCON          equ	1051	;# 
   923     041C                     TMR6            equ	1052	;# 
   924     041D                     PR6             equ	1053	;# 
   925     041E                     T6CON           equ	1054	;# 
   926     041F                     CCDCON          equ	1055	;# 
   927     0498                     NCO1ACC         equ	1176	;# 
   928     0498                     NCO1ACCL        equ	1176	;# 
   929     0499                     NCO1ACCH        equ	1177	;# 
   930     049A                     NCO1ACCU        equ	1178	;# 
   931     049B                     NCO1INC         equ	1179	;# 
   932     049B                     NCO1INCL        equ	1179	;# 
   933     049C                     NCO1INCH        equ	1180	;# 
   934     049D                     NCO1INCU        equ	1181	;# 
   935     049E                     NCO1CON         equ	1182	;# 
   936     049F                     NCO1CLK         equ	1183	;# 
   937     0617                     PWM5DCL         equ	1559	;# 
   938     0618                     PWM5DCH         equ	1560	;# 
   939     0619                     PWM5CON         equ	1561	;# 
   940     0619                     PWM5CON0        equ	1561	;# 
   941     061A                     PWM6DCL         equ	1562	;# 
   942     061B                     PWM6DCH         equ	1563	;# 
   943     061C                     PWM6CON         equ	1564	;# 
   944     061C                     PWM6CON0        equ	1564	;# 
   945     061F                     PWMTMRS         equ	1567	;# 
   946     0691                     CWG1CLKCON      equ	1681	;# 
   947     0692                     CWG1DAT         equ	1682	;# 
   948     0693                     CWG1DBR         equ	1683	;# 
   949     0694                     CWG1DBF         equ	1684	;# 
   950     0695                     CWG1CON0        equ	1685	;# 
   951     0696                     CWG1CON1        equ	1686	;# 
   952     0697                     CWG1AS0         equ	1687	;# 
   953     0698                     CWG1AS1         equ	1688	;# 
   954     0699                     CWG1STR         equ	1689	;# 
   955     0711                     CWG2CLKCON      equ	1809	;# 
   956     0712                     CWG2DAT         equ	1810	;# 
   957     0713                     CWG2DBR         equ	1811	;# 
   958     0714                     CWG2DBF         equ	1812	;# 
   959     0715                     CWG2CON0        equ	1813	;# 
   960     0716                     CWG2CON1        equ	1814	;# 
   961     0717                     CWG2AS0         equ	1815	;# 
   962     0718                     CWG2AS1         equ	1816	;# 
   963     0719                     CWG2STR         equ	1817	;# 
   964     0891                     NVMADR          equ	2193	;# 
   965     0891                     EEADR           equ	2193	;# 
   966     0891                     PMADR           equ	2193	;# 
   967     0891                     NVMADRL         equ	2193	;# 
   968     0891                     EEADRL          equ	2193	;# 
   969     0891                     PMADRL          equ	2193	;# 
   970     0892                     NVMADRH         equ	2194	;# 
   971     0892                     EEADRH          equ	2194	;# 
   972     0892                     PMADRH          equ	2194	;# 
   973     0893                     NVMDAT          equ	2195	;# 
   974     0893                     EEDAT           equ	2195	;# 
   975     0893                     PMDAT           equ	2195	;# 
   976     0893                     NVMDATL         equ	2195	;# 
   977     0893                     EEDATL          equ	2195	;# 
   978     0893                     PMDATL          equ	2195	;# 
   979     0894                     NVMDATH         equ	2196	;# 
   980     0894                     EEDATH          equ	2196	;# 
   981     0894                     PMDATH          equ	2196	;# 
   982     0895                     NVMCON1         equ	2197	;# 
   983     0895                     EECON1          equ	2197	;# 
   984     0895                     PMCON1          equ	2197	;# 
   985     0896                     NVMCON2         equ	2198	;# 
   986     0896                     EECON2          equ	2198	;# 
   987     0896                     PMCON2          equ	2198	;# 
   988     089B                     PCON0           equ	2203	;# 
   989     0911                     PMD0            equ	2321	;# 
   990     0912                     PMD1            equ	2322	;# 
   991     0913                     PMD2            equ	2323	;# 
   992     0914                     PMD3            equ	2324	;# 
   993     0915                     PMD4            equ	2325	;# 
   994     0916                     PMD5            equ	2326	;# 
   995     0918                     CPUDOZE         equ	2328	;# 
   996     0919                     OSCCON1         equ	2329	;# 
   997     091A                     OSCCON2         equ	2330	;# 
   998     091B                     OSCCON3         equ	2331	;# 
   999     091C                     OSCSTAT1        equ	2332	;# 
  1000     091D                     OSCEN           equ	2333	;# 
  1001     091E                     OSCTUNE         equ	2334	;# 
  1002     091F                     OSCFRQ          equ	2335	;# 
  1003     0E0F                     PPSLOCK         equ	3599	;# 
  1004     0E10                     INTPPS          equ	3600	;# 
  1005     0E11                     T0CKIPPS        equ	3601	;# 
  1006     0E12                     T1CKIPPS        equ	3602	;# 
  1007     0E13                     T1GPPS          equ	3603	;# 
  1008     0E14                     CCP1PPS         equ	3604	;# 
  1009     0E15                     CCP2PPS         equ	3605	;# 
  1010     0E16                     CCP3PPS         equ	3606	;# 
  1011     0E17                     CCP4PPS         equ	3607	;# 
  1012     0E18                     CWG1PPS         equ	3608	;# 
  1013     0E19                     CWG2PPS         equ	3609	;# 
  1014     0E1A                     MDCIN1PPS       equ	3610	;# 
  1015     0E1B                     MDCIN2PPS       equ	3611	;# 
  1016     0E1C                     MDMINPPS        equ	3612	;# 
  1017     0E1D                     SSP2CLKPPS      equ	3613	;# 
  1018     0E1E                     SSP2DATPPS      equ	3614	;# 
  1019     0E1F                     SSP2SSPPS       equ	3615	;# 
  1020     0E20                     SSP1CLKPPS      equ	3616	;# 
  1021     0E21                     SSP1DATPPS      equ	3617	;# 
  1022     0E22                     SSP1SSPPS       equ	3618	;# 
  1023     0E24                     RXPPS           equ	3620	;# 
  1024     0E25                     TXPPS           equ	3621	;# 
  1025     0E28                     CLCIN0PPS       equ	3624	;# 
  1026     0E29                     CLCIN1PPS       equ	3625	;# 
  1027     0E2A                     CLCIN2PPS       equ	3626	;# 
  1028     0E2B                     CLCIN3PPS       equ	3627	;# 
  1029     0E2C                     T3CKIPPS        equ	3628	;# 
  1030     0E2D                     T3GPPS          equ	3629	;# 
  1031     0E2E                     T5CKIPPS        equ	3630	;# 
  1032     0E2F                     T5GPPS          equ	3631	;# 
  1033     0E90                     RA0PPS          equ	3728	;# 
  1034     0E91                     RA1PPS          equ	3729	;# 
  1035     0E92                     RA2PPS          equ	3730	;# 
  1036     0E94                     RA4PPS          equ	3732	;# 
  1037     0E95                     RA5PPS          equ	3733	;# 
  1038     0EA0                     RC0PPS          equ	3744	;# 
  1039     0EA1                     RC1PPS          equ	3745	;# 
  1040     0EA2                     RC2PPS          equ	3746	;# 
  1041     0EA3                     RC3PPS          equ	3747	;# 
  1042     0EA4                     RC4PPS          equ	3748	;# 
  1043     0EA5                     RC5PPS          equ	3749	;# 
  1044     0F0F                     CLCDATA         equ	3855	;# 
  1045     0F10                     CLC1CON         equ	3856	;# 
  1046     0F11                     CLC1POL         equ	3857	;# 
  1047     0F12                     CLC1SEL0        equ	3858	;# 
  1048     0F13                     CLC1SEL1        equ	3859	;# 
  1049     0F14                     CLC1SEL2        equ	3860	;# 
  1050     0F15                     CLC1SEL3        equ	3861	;# 
  1051     0F16                     CLC1GLS0        equ	3862	;# 
  1052     0F17                     CLC1GLS1        equ	3863	;# 
  1053     0F18                     CLC1GLS2        equ	3864	;# 
  1054     0F19                     CLC1GLS3        equ	3865	;# 
  1055     0F1A                     CLC2CON         equ	3866	;# 
  1056     0F1B                     CLC2POL         equ	3867	;# 
  1057     0F1C                     CLC2SEL0        equ	3868	;# 
  1058     0F1D                     CLC2SEL1        equ	3869	;# 
  1059     0F1E                     CLC2SEL2        equ	3870	;# 
  1060     0F1F                     CLC2SEL3        equ	3871	;# 
  1061     0F20                     CLC2GLS0        equ	3872	;# 
  1062     0F21                     CLC2GLS1        equ	3873	;# 
  1063     0F22                     CLC2GLS2        equ	3874	;# 
  1064     0F23                     CLC2GLS3        equ	3875	;# 
  1065     0F24                     CLC3CON         equ	3876	;# 
  1066     0F25                     CLC3POL         equ	3877	;# 
  1067     0F26                     CLC3SEL0        equ	3878	;# 
  1068     0F27                     CLC3SEL1        equ	3879	;# 
  1069     0F28                     CLC3SEL2        equ	3880	;# 
  1070     0F29                     CLC3SEL3        equ	3881	;# 
  1071     0F2A                     CLC3GLS0        equ	3882	;# 
  1072     0F2B                     CLC3GLS1        equ	3883	;# 
  1073     0F2C                     CLC3GLS2        equ	3884	;# 
  1074     0F2D                     CLC3GLS3        equ	3885	;# 
  1075     0F2E                     CLC4CON         equ	3886	;# 
  1076     0F2F                     CLC4POL         equ	3887	;# 
  1077     0F30                     CLC4SEL0        equ	3888	;# 
  1078     0F31                     CLC4SEL1        equ	3889	;# 
  1079     0F32                     CLC4SEL2        equ	3890	;# 
  1080     0F33                     CLC4SEL3        equ	3891	;# 
  1081     0F34                     CLC4GLS0        equ	3892	;# 
  1082     0F35                     CLC4GLS1        equ	3893	;# 
  1083     0F36                     CLC4GLS2        equ	3894	;# 
  1084     0F37                     CLC4GLS3        equ	3895	;# 
  1085     0FE4                     STATUS_SHAD     equ	4068	;# 
  1086     0FE5                     WREG_SHAD       equ	4069	;# 
  1087     0FE6                     BSR_SHAD        equ	4070	;# 
  1088     0FE7                     PCLATH_SHAD     equ	4071	;# 
  1089     0FE8                     FSR0L_SHAD      equ	4072	;# 
  1090     0FE9                     FSR0H_SHAD      equ	4073	;# 
  1091     0FEA                     FSR1L_SHAD      equ	4074	;# 
  1092     0FEB                     FSR1H_SHAD      equ	4075	;# 
  1093     0FED                     STKPTR          equ	4077	;# 
  1094     0FEE                     TOSL            equ	4078	;# 
  1095     0FEF                     TOSH            equ	4079	;# 
  1096     0000                     INDF0           equ	0	;# 
  1097     0001                     INDF1           equ	1	;# 
  1098     0002                     PCL             equ	2	;# 
  1099     0003                     STATUS          equ	3	;# 
  1100     0004                     FSR0L           equ	4	;# 
  1101     0005                     FSR0H           equ	5	;# 
  1102     0006                     FSR1L           equ	6	;# 
  1103     0007                     FSR1H           equ	7	;# 
  1104     0008                     BSR             equ	8	;# 
  1105     0009                     WREG            equ	9	;# 
  1106     000A                     PCLATH          equ	10	;# 
  1107     000B                     INTCON          equ	11	;# 
  1108     000C                     PORTA           equ	12	;# 
  1109     000E                     PORTC           equ	14	;# 
  1110     0010                     PIR0            equ	16	;# 
  1111     0011                     PIR1            equ	17	;# 
  1112     0012                     PIR2            equ	18	;# 
  1113     0013                     PIR3            equ	19	;# 
  1114     0014                     PIR4            equ	20	;# 
  1115     0015                     TMR0L           equ	21	;# 
  1116     0015                     TMR0            equ	21	;# 
  1117     0016                     TMR0H           equ	22	;# 
  1118     0016                     PR0             equ	22	;# 
  1119     0017                     T0CON0          equ	23	;# 
  1120     0018                     T0CON1          equ	24	;# 
  1121     0019                     TMR1            equ	25	;# 
  1122     0019                     TMR1L           equ	25	;# 
  1123     001A                     TMR1H           equ	26	;# 
  1124     001B                     T1CON           equ	27	;# 
  1125     001C                     T1GCON          equ	28	;# 
  1126     001D                     TMR2            equ	29	;# 
  1127     001E                     PR2             equ	30	;# 
  1128     001F                     T2CON           equ	31	;# 
  1129     008C                     TRISA           equ	140	;# 
  1130     008E                     TRISC           equ	142	;# 
  1131     0090                     PIE0            equ	144	;# 
  1132     0091                     PIE1            equ	145	;# 
  1133     0092                     PIE2            equ	146	;# 
  1134     0093                     PIE3            equ	147	;# 
  1135     0094                     PIE4            equ	148	;# 
  1136     0097                     WDTCON          equ	151	;# 
  1137     009B                     ADRES           equ	155	;# 
  1138     009B                     ADRESL          equ	155	;# 
  1139     009C                     ADRESH          equ	156	;# 
  1140     009D                     ADCON0          equ	157	;# 
  1141     009E                     ADCON1          equ	158	;# 
  1142     009F                     ADACT           equ	159	;# 
  1143     010C                     LATA            equ	268	;# 
  1144     010E                     LATC            equ	270	;# 
  1145     0111                     CM1CON0         equ	273	;# 
  1146     0112                     CM1CON1         equ	274	;# 
  1147     0113                     CM2CON0         equ	275	;# 
  1148     0114                     CM2CON1         equ	276	;# 
  1149     0115                     CMOUT           equ	277	;# 
  1150     0116                     BORCON          equ	278	;# 
  1151     0117                     FVRCON          equ	279	;# 
  1152     0118                     DACCON0         equ	280	;# 
  1153     0119                     DACCON1         equ	281	;# 
  1154     018C                     ANSELA          equ	396	;# 
  1155     018E                     ANSELC          equ	398	;# 
  1156     0197                     VREGCON         equ	407	;# 
  1157     0199                     RC1REG          equ	409	;# 
  1158     0199                     RCREG           equ	409	;# 
  1159     0199                     RCREG1          equ	409	;# 
  1160     019A                     TX1REG          equ	410	;# 
  1161     019A                     TXREG1          equ	410	;# 
  1162     019A                     TXREG           equ	410	;# 
  1163     019B                     SP1BRG          equ	411	;# 
  1164     019B                     SPBRG           equ	411	;# 
  1165     019B                     SP1BRGL         equ	411	;# 
  1166     019B                     SPBRG1          equ	411	;# 
  1167     019B                     SPBRGL          equ	411	;# 
  1168     019C                     SP1BRGH         equ	412	;# 
  1169     019C                     SPBRGH          equ	412	;# 
  1170     019C                     SPBRGH1         equ	412	;# 
  1171     019D                     RC1STA          equ	413	;# 
  1172     019D                     RCSTA1          equ	413	;# 
  1173     019D                     RCSTA           equ	413	;# 
  1174     019E                     TX1STA          equ	414	;# 
  1175     019E                     TXSTA1          equ	414	;# 
  1176     019E                     TXSTA           equ	414	;# 
  1177     019F                     BAUD1CON        equ	415	;# 
  1178     019F                     BAUDCON1        equ	415	;# 
  1179     019F                     BAUDCTL1        equ	415	;# 
  1180     019F                     BAUDCON         equ	415	;# 
  1181     019F                     BAUDCTL         equ	415	;# 
  1182     020C                     WPUA            equ	524	;# 
  1183     020E                     WPUC            equ	526	;# 
  1184     0211                     SSP1BUF         equ	529	;# 
  1185     0211                     SSPBUF          equ	529	;# 
  1186     0212                     SSP1ADD         equ	530	;# 
  1187     0212                     SSPADD          equ	530	;# 
  1188     0213                     SSP1MSK         equ	531	;# 
  1189     0213                     SSPMSK          equ	531	;# 
  1190     0214                     SSP1STAT        equ	532	;# 
  1191     0214                     SSPSTAT         equ	532	;# 
  1192     0215                     SSP1CON1        equ	533	;# 
  1193     0215                     SSPCON          equ	533	;# 
  1194     0215                     SSPCON1         equ	533	;# 
  1195     0215                     SSP1CON         equ	533	;# 
  1196     0216                     SSP1CON2        equ	534	;# 
  1197     0216                     SSPCON2         equ	534	;# 
  1198     0217                     SSP1CON3        equ	535	;# 
  1199     0217                     SSPCON3         equ	535	;# 
  1200     0219                     SSP2BUF         equ	537	;# 
  1201     021A                     SSP2ADD         equ	538	;# 
  1202     021B                     SSP2MSK         equ	539	;# 
  1203     021C                     SSP2STAT        equ	540	;# 
  1204     021D                     SSP2CON1        equ	541	;# 
  1205     021D                     SSP2CON         equ	541	;# 
  1206     021E                     SSP2CON2        equ	542	;# 
  1207     021F                     SSP2CON3        equ	543	;# 
  1208     028C                     ODCONA          equ	652	;# 
  1209     028E                     ODCONC          equ	654	;# 
  1210     0291                     CCPR1           equ	657	;# 
  1211     0291                     CCPR1L          equ	657	;# 
  1212     0292                     CCPR1H          equ	658	;# 
  1213     0293                     CCP1CON         equ	659	;# 
  1214     0294                     CCP1CAP         equ	660	;# 
  1215     0295                     CCPR2           equ	661	;# 
  1216     0295                     CCPR2L          equ	661	;# 
  1217     0296                     CCPR2H          equ	662	;# 
  1218     0297                     CCP2CON         equ	663	;# 
  1219     0298                     CCP2CAP         equ	664	;# 
  1220     029F                     CCPTMRS         equ	671	;# 
  1221     030C                     SLRCONA         equ	780	;# 
  1222     030E                     SLRCONC         equ	782	;# 
  1223     0311                     CCPR3           equ	785	;# 
  1224     0311                     CCPR3L          equ	785	;# 
  1225     0312                     CCPR3H          equ	786	;# 
  1226     0313                     CCP3CON         equ	787	;# 
  1227     0314                     CCP3CAP         equ	788	;# 
  1228     0315                     CCPR4           equ	789	;# 
  1229     0315                     CCPR4L          equ	789	;# 
  1230     0316                     CCPR4H          equ	790	;# 
  1231     0317                     CCP4CON         equ	791	;# 
  1232     0318                     CCP4CAP         equ	792	;# 
  1233     038C                     INLVLA          equ	908	;# 
  1234     038E                     INLVLC          equ	910	;# 
  1235     0391                     IOCAP           equ	913	;# 
  1236     0392                     IOCAN           equ	914	;# 
  1237     0393                     IOCAF           equ	915	;# 
  1238     0397                     IOCCP           equ	919	;# 
  1239     0398                     IOCCN           equ	920	;# 
  1240     0399                     IOCCF           equ	921	;# 
  1241     039A                     CLKRCON         equ	922	;# 
  1242     039C                     MDCON           equ	924	;# 
  1243     039D                     MDSRC           equ	925	;# 
  1244     039E                     MDCARH          equ	926	;# 
  1245     039F                     MDCARL          equ	927	;# 
  1246     0411                     TMR3            equ	1041	;# 
  1247     0411                     TMR3L           equ	1041	;# 
  1248     0412                     TMR3H           equ	1042	;# 
  1249     0413                     T3CON           equ	1043	;# 
  1250     0414                     T3GCON          equ	1044	;# 
  1251     0415                     TMR4            equ	1045	;# 
  1252     0416                     PR4             equ	1046	;# 
  1253     0417                     T4CON           equ	1047	;# 
  1254     0418                     TMR5            equ	1048	;# 
  1255     0418                     TMR5L           equ	1048	;# 
  1256     0419                     TMR5H           equ	1049	;# 
  1257     041A                     T5CON           equ	1050	;# 
  1258     041B                     T5GCON          equ	1051	;# 
  1259     041C                     TMR6            equ	1052	;# 
  1260     041D                     PR6             equ	1053	;# 
  1261     041E                     T6CON           equ	1054	;# 
  1262     041F                     CCDCON          equ	1055	;# 
  1263     0498                     NCO1ACC         equ	1176	;# 
  1264     0498                     NCO1ACCL        equ	1176	;# 
  1265     0499                     NCO1ACCH        equ	1177	;# 
  1266     049A                     NCO1ACCU        equ	1178	;# 
  1267     049B                     NCO1INC         equ	1179	;# 
  1268     049B                     NCO1INCL        equ	1179	;# 
  1269     049C                     NCO1INCH        equ	1180	;# 
  1270     049D                     NCO1INCU        equ	1181	;# 
  1271     049E                     NCO1CON         equ	1182	;# 
  1272     049F                     NCO1CLK         equ	1183	;# 
  1273     0617                     PWM5DCL         equ	1559	;# 
  1274     0618                     PWM5DCH         equ	1560	;# 
  1275     0619                     PWM5CON         equ	1561	;# 
  1276     0619                     PWM5CON0        equ	1561	;# 
  1277     061A                     PWM6DCL         equ	1562	;# 
  1278     061B                     PWM6DCH         equ	1563	;# 
  1279     061C                     PWM6CON         equ	1564	;# 
  1280     061C                     PWM6CON0        equ	1564	;# 
  1281     061F                     PWMTMRS         equ	1567	;# 
  1282     0691                     CWG1CLKCON      equ	1681	;# 
  1283     0692                     CWG1DAT         equ	1682	;# 
  1284     0693                     CWG1DBR         equ	1683	;# 
  1285     0694                     CWG1DBF         equ	1684	;# 
  1286     0695                     CWG1CON0        equ	1685	;# 
  1287     0696                     CWG1CON1        equ	1686	;# 
  1288     0697                     CWG1AS0         equ	1687	;# 
  1289     0698                     CWG1AS1         equ	1688	;# 
  1290     0699                     CWG1STR         equ	1689	;# 
  1291     0711                     CWG2CLKCON      equ	1809	;# 
  1292     0712                     CWG2DAT         equ	1810	;# 
  1293     0713                     CWG2DBR         equ	1811	;# 
  1294     0714                     CWG2DBF         equ	1812	;# 
  1295     0715                     CWG2CON0        equ	1813	;# 
  1296     0716                     CWG2CON1        equ	1814	;# 
  1297     0717                     CWG2AS0         equ	1815	;# 
  1298     0718                     CWG2AS1         equ	1816	;# 
  1299     0719                     CWG2STR         equ	1817	;# 
  1300     0891                     NVMADR          equ	2193	;# 
  1301     0891                     EEADR           equ	2193	;# 
  1302     0891                     PMADR           equ	2193	;# 
  1303     0891                     NVMADRL         equ	2193	;# 
  1304     0891                     EEADRL          equ	2193	;# 
  1305     0891                     PMADRL          equ	2193	;# 
  1306     0892                     NVMADRH         equ	2194	;# 
  1307     0892                     EEADRH          equ	2194	;# 
  1308     0892                     PMADRH          equ	2194	;# 
  1309     0893                     NVMDAT          equ	2195	;# 
  1310     0893                     EEDAT           equ	2195	;# 
  1311     0893                     PMDAT           equ	2195	;# 
  1312     0893                     NVMDATL         equ	2195	;# 
  1313     0893                     EEDATL          equ	2195	;# 
  1314     0893                     PMDATL          equ	2195	;# 
  1315     0894                     NVMDATH         equ	2196	;# 
  1316     0894                     EEDATH          equ	2196	;# 
  1317     0894                     PMDATH          equ	2196	;# 
  1318     0895                     NVMCON1         equ	2197	;# 
  1319     0895                     EECON1          equ	2197	;# 
  1320     0895                     PMCON1          equ	2197	;# 
  1321     0896                     NVMCON2         equ	2198	;# 
  1322     0896                     EECON2          equ	2198	;# 
  1323     0896                     PMCON2          equ	2198	;# 
  1324     089B                     PCON0           equ	2203	;# 
  1325     0911                     PMD0            equ	2321	;# 
  1326     0912                     PMD1            equ	2322	;# 
  1327     0913                     PMD2            equ	2323	;# 
  1328     0914                     PMD3            equ	2324	;# 
  1329     0915                     PMD4            equ	2325	;# 
  1330     0916                     PMD5            equ	2326	;# 
  1331     0918                     CPUDOZE         equ	2328	;# 
  1332     0919                     OSCCON1         equ	2329	;# 
  1333     091A                     OSCCON2         equ	2330	;# 
  1334     091B                     OSCCON3         equ	2331	;# 
  1335     091C                     OSCSTAT1        equ	2332	;# 
  1336     091D                     OSCEN           equ	2333	;# 
  1337     091E                     OSCTUNE         equ	2334	;# 
  1338     091F                     OSCFRQ          equ	2335	;# 
  1339     0E0F                     PPSLOCK         equ	3599	;# 
  1340     0E10                     INTPPS          equ	3600	;# 
  1341     0E11                     T0CKIPPS        equ	3601	;# 
  1342     0E12                     T1CKIPPS        equ	3602	;# 
  1343     0E13                     T1GPPS          equ	3603	;# 
  1344     0E14                     CCP1PPS         equ	3604	;# 
  1345     0E15                     CCP2PPS         equ	3605	;# 
  1346     0E16                     CCP3PPS         equ	3606	;# 
  1347     0E17                     CCP4PPS         equ	3607	;# 
  1348     0E18                     CWG1PPS         equ	3608	;# 
  1349     0E19                     CWG2PPS         equ	3609	;# 
  1350     0E1A                     MDCIN1PPS       equ	3610	;# 
  1351     0E1B                     MDCIN2PPS       equ	3611	;# 
  1352     0E1C                     MDMINPPS        equ	3612	;# 
  1353     0E1D                     SSP2CLKPPS      equ	3613	;# 
  1354     0E1E                     SSP2DATPPS      equ	3614	;# 
  1355     0E1F                     SSP2SSPPS       equ	3615	;# 
  1356     0E20                     SSP1CLKPPS      equ	3616	;# 
  1357     0E21                     SSP1DATPPS      equ	3617	;# 
  1358     0E22                     SSP1SSPPS       equ	3618	;# 
  1359     0E24                     RXPPS           equ	3620	;# 
  1360     0E25                     TXPPS           equ	3621	;# 
  1361     0E28                     CLCIN0PPS       equ	3624	;# 
  1362     0E29                     CLCIN1PPS       equ	3625	;# 
  1363     0E2A                     CLCIN2PPS       equ	3626	;# 
  1364     0E2B                     CLCIN3PPS       equ	3627	;# 
  1365     0E2C                     T3CKIPPS        equ	3628	;# 
  1366     0E2D                     T3GPPS          equ	3629	;# 
  1367     0E2E                     T5CKIPPS        equ	3630	;# 
  1368     0E2F                     T5GPPS          equ	3631	;# 
  1369     0E90                     RA0PPS          equ	3728	;# 
  1370     0E91                     RA1PPS          equ	3729	;# 
  1371     0E92                     RA2PPS          equ	3730	;# 
  1372     0E94                     RA4PPS          equ	3732	;# 
  1373     0E95                     RA5PPS          equ	3733	;# 
  1374     0EA0                     RC0PPS          equ	3744	;# 
  1375     0EA1                     RC1PPS          equ	3745	;# 
  1376     0EA2                     RC2PPS          equ	3746	;# 
  1377     0EA3                     RC3PPS          equ	3747	;# 
  1378     0EA4                     RC4PPS          equ	3748	;# 
  1379     0EA5                     RC5PPS          equ	3749	;# 
  1380     0F0F                     CLCDATA         equ	3855	;# 
  1381     0F10                     CLC1CON         equ	3856	;# 
  1382     0F11                     CLC1POL         equ	3857	;# 
  1383     0F12                     CLC1SEL0        equ	3858	;# 
  1384     0F13                     CLC1SEL1        equ	3859	;# 
  1385     0F14                     CLC1SEL2        equ	3860	;# 
  1386     0F15                     CLC1SEL3        equ	3861	;# 
  1387     0F16                     CLC1GLS0        equ	3862	;# 
  1388     0F17                     CLC1GLS1        equ	3863	;# 
  1389     0F18                     CLC1GLS2        equ	3864	;# 
  1390     0F19                     CLC1GLS3        equ	3865	;# 
  1391     0F1A                     CLC2CON         equ	3866	;# 
  1392     0F1B                     CLC2POL         equ	3867	;# 
  1393     0F1C                     CLC2SEL0        equ	3868	;# 
  1394     0F1D                     CLC2SEL1        equ	3869	;# 
  1395     0F1E                     CLC2SEL2        equ	3870	;# 
  1396     0F1F                     CLC2SEL3        equ	3871	;# 
  1397     0F20                     CLC2GLS0        equ	3872	;# 
  1398     0F21                     CLC2GLS1        equ	3873	;# 
  1399     0F22                     CLC2GLS2        equ	3874	;# 
  1400     0F23                     CLC2GLS3        equ	3875	;# 
  1401     0F24                     CLC3CON         equ	3876	;# 
  1402     0F25                     CLC3POL         equ	3877	;# 
  1403     0F26                     CLC3SEL0        equ	3878	;# 
  1404     0F27                     CLC3SEL1        equ	3879	;# 
  1405     0F28                     CLC3SEL2        equ	3880	;# 
  1406     0F29                     CLC3SEL3        equ	3881	;# 
  1407     0F2A                     CLC3GLS0        equ	3882	;# 
  1408     0F2B                     CLC3GLS1        equ	3883	;# 
  1409     0F2C                     CLC3GLS2        equ	3884	;# 
  1410     0F2D                     CLC3GLS3        equ	3885	;# 
  1411     0F2E                     CLC4CON         equ	3886	;# 
  1412     0F2F                     CLC4POL         equ	3887	;# 
  1413     0F30                     CLC4SEL0        equ	3888	;# 
  1414     0F31                     CLC4SEL1        equ	3889	;# 
  1415     0F32                     CLC4SEL2        equ	3890	;# 
  1416     0F33                     CLC4SEL3        equ	3891	;# 
  1417     0F34                     CLC4GLS0        equ	3892	;# 
  1418     0F35                     CLC4GLS1        equ	3893	;# 
  1419     0F36                     CLC4GLS2        equ	3894	;# 
  1420     0F37                     CLC4GLS3        equ	3895	;# 
  1421     0FE4                     STATUS_SHAD     equ	4068	;# 
  1422     0FE5                     WREG_SHAD       equ	4069	;# 
  1423     0FE6                     BSR_SHAD        equ	4070	;# 
  1424     0FE7                     PCLATH_SHAD     equ	4071	;# 
  1425     0FE8                     FSR0L_SHAD      equ	4072	;# 
  1426     0FE9                     FSR0H_SHAD      equ	4073	;# 
  1427     0FEA                     FSR1L_SHAD      equ	4074	;# 
  1428     0FEB                     FSR1H_SHAD      equ	4075	;# 
  1429     0FED                     STKPTR          equ	4077	;# 
  1430     0FEE                     TOSL            equ	4078	;# 
  1431     0FEF                     TOSH            equ	4079	;# 
  1432     0000                     INDF0           equ	0	;# 
  1433     0001                     INDF1           equ	1	;# 
  1434     0002                     PCL             equ	2	;# 
  1435     0003                     STATUS          equ	3	;# 
  1436     0004                     FSR0L           equ	4	;# 
  1437     0005                     FSR0H           equ	5	;# 
  1438     0006                     FSR1L           equ	6	;# 
  1439     0007                     FSR1H           equ	7	;# 
  1440     0008                     BSR             equ	8	;# 
  1441     0009                     WREG            equ	9	;# 
  1442     000A                     PCLATH          equ	10	;# 
  1443     000B                     INTCON          equ	11	;# 
  1444     000C                     PORTA           equ	12	;# 
  1445     000E                     PORTC           equ	14	;# 
  1446     0010                     PIR0            equ	16	;# 
  1447     0011                     PIR1            equ	17	;# 
  1448     0012                     PIR2            equ	18	;# 
  1449     0013                     PIR3            equ	19	;# 
  1450     0014                     PIR4            equ	20	;# 
  1451     0015                     TMR0L           equ	21	;# 
  1452     0015                     TMR0            equ	21	;# 
  1453     0016                     TMR0H           equ	22	;# 
  1454     0016                     PR0             equ	22	;# 
  1455     0017                     T0CON0          equ	23	;# 
  1456     0018                     T0CON1          equ	24	;# 
  1457     0019                     TMR1            equ	25	;# 
  1458     0019                     TMR1L           equ	25	;# 
  1459     001A                     TMR1H           equ	26	;# 
  1460     001B                     T1CON           equ	27	;# 
  1461     001C                     T1GCON          equ	28	;# 
  1462     001D                     TMR2            equ	29	;# 
  1463     001E                     PR2             equ	30	;# 
  1464     001F                     T2CON           equ	31	;# 
  1465     008C                     TRISA           equ	140	;# 
  1466     008E                     TRISC           equ	142	;# 
  1467     0090                     PIE0            equ	144	;# 
  1468     0091                     PIE1            equ	145	;# 
  1469     0092                     PIE2            equ	146	;# 
  1470     0093                     PIE3            equ	147	;# 
  1471     0094                     PIE4            equ	148	;# 
  1472     0097                     WDTCON          equ	151	;# 
  1473     009B                     ADRES           equ	155	;# 
  1474     009B                     ADRESL          equ	155	;# 
  1475     009C                     ADRESH          equ	156	;# 
  1476     009D                     ADCON0          equ	157	;# 
  1477     009E                     ADCON1          equ	158	;# 
  1478     009F                     ADACT           equ	159	;# 
  1479     010C                     LATA            equ	268	;# 
  1480     010E                     LATC            equ	270	;# 
  1481     0111                     CM1CON0         equ	273	;# 
  1482     0112                     CM1CON1         equ	274	;# 
  1483     0113                     CM2CON0         equ	275	;# 
  1484     0114                     CM2CON1         equ	276	;# 
  1485     0115                     CMOUT           equ	277	;# 
  1486     0116                     BORCON          equ	278	;# 
  1487     0117                     FVRCON          equ	279	;# 
  1488     0118                     DACCON0         equ	280	;# 
  1489     0119                     DACCON1         equ	281	;# 
  1490     018C                     ANSELA          equ	396	;# 
  1491     018E                     ANSELC          equ	398	;# 
  1492     0197                     VREGCON         equ	407	;# 
  1493     0199                     RC1REG          equ	409	;# 
  1494     0199                     RCREG           equ	409	;# 
  1495     0199                     RCREG1          equ	409	;# 
  1496     019A                     TX1REG          equ	410	;# 
  1497     019A                     TXREG1          equ	410	;# 
  1498     019A                     TXREG           equ	410	;# 
  1499     019B                     SP1BRG          equ	411	;# 
  1500     019B                     SPBRG           equ	411	;# 
  1501     019B                     SP1BRGL         equ	411	;# 
  1502     019B                     SPBRG1          equ	411	;# 
  1503     019B                     SPBRGL          equ	411	;# 
  1504     019C                     SP1BRGH         equ	412	;# 
  1505     019C                     SPBRGH          equ	412	;# 
  1506     019C                     SPBRGH1         equ	412	;# 
  1507     019D                     RC1STA          equ	413	;# 
  1508     019D                     RCSTA1          equ	413	;# 
  1509     019D                     RCSTA           equ	413	;# 
  1510     019E                     TX1STA          equ	414	;# 
  1511     019E                     TXSTA1          equ	414	;# 
  1512     019E                     TXSTA           equ	414	;# 
  1513     019F                     BAUD1CON        equ	415	;# 
  1514     019F                     BAUDCON1        equ	415	;# 
  1515     019F                     BAUDCTL1        equ	415	;# 
  1516     019F                     BAUDCON         equ	415	;# 
  1517     019F                     BAUDCTL         equ	415	;# 
  1518     020C                     WPUA            equ	524	;# 
  1519     020E                     WPUC            equ	526	;# 
  1520     0211                     SSP1BUF         equ	529	;# 
  1521     0211                     SSPBUF          equ	529	;# 
  1522     0212                     SSP1ADD         equ	530	;# 
  1523     0212                     SSPADD          equ	530	;# 
  1524     0213                     SSP1MSK         equ	531	;# 
  1525     0213                     SSPMSK          equ	531	;# 
  1526     0214                     SSP1STAT        equ	532	;# 
  1527     0214                     SSPSTAT         equ	532	;# 
  1528     0215                     SSP1CON1        equ	533	;# 
  1529     0215                     SSPCON          equ	533	;# 
  1530     0215                     SSPCON1         equ	533	;# 
  1531     0215                     SSP1CON         equ	533	;# 
  1532     0216                     SSP1CON2        equ	534	;# 
  1533     0216                     SSPCON2         equ	534	;# 
  1534     0217                     SSP1CON3        equ	535	;# 
  1535     0217                     SSPCON3         equ	535	;# 
  1536     0219                     SSP2BUF         equ	537	;# 
  1537     021A                     SSP2ADD         equ	538	;# 
  1538     021B                     SSP2MSK         equ	539	;# 
  1539     021C                     SSP2STAT        equ	540	;# 
  1540     021D                     SSP2CON1        equ	541	;# 
  1541     021D                     SSP2CON         equ	541	;# 
  1542     021E                     SSP2CON2        equ	542	;# 
  1543     021F                     SSP2CON3        equ	543	;# 
  1544     028C                     ODCONA          equ	652	;# 
  1545     028E                     ODCONC          equ	654	;# 
  1546     0291                     CCPR1           equ	657	;# 
  1547     0291                     CCPR1L          equ	657	;# 
  1548     0292                     CCPR1H          equ	658	;# 
  1549     0293                     CCP1CON         equ	659	;# 
  1550     0294                     CCP1CAP         equ	660	;# 
  1551     0295                     CCPR2           equ	661	;# 
  1552     0295                     CCPR2L          equ	661	;# 
  1553     0296                     CCPR2H          equ	662	;# 
  1554     0297                     CCP2CON         equ	663	;# 
  1555     0298                     CCP2CAP         equ	664	;# 
  1556     029F                     CCPTMRS         equ	671	;# 
  1557     030C                     SLRCONA         equ	780	;# 
  1558     030E                     SLRCONC         equ	782	;# 
  1559     0311                     CCPR3           equ	785	;# 
  1560     0311                     CCPR3L          equ	785	;# 
  1561     0312                     CCPR3H          equ	786	;# 
  1562     0313                     CCP3CON         equ	787	;# 
  1563     0314                     CCP3CAP         equ	788	;# 
  1564     0315                     CCPR4           equ	789	;# 
  1565     0315                     CCPR4L          equ	789	;# 
  1566     0316                     CCPR4H          equ	790	;# 
  1567     0317                     CCP4CON         equ	791	;# 
  1568     0318                     CCP4CAP         equ	792	;# 
  1569     038C                     INLVLA          equ	908	;# 
  1570     038E                     INLVLC          equ	910	;# 
  1571     0391                     IOCAP           equ	913	;# 
  1572     0392                     IOCAN           equ	914	;# 
  1573     0393                     IOCAF           equ	915	;# 
  1574     0397                     IOCCP           equ	919	;# 
  1575     0398                     IOCCN           equ	920	;# 
  1576     0399                     IOCCF           equ	921	;# 
  1577     039A                     CLKRCON         equ	922	;# 
  1578     039C                     MDCON           equ	924	;# 
  1579     039D                     MDSRC           equ	925	;# 
  1580     039E                     MDCARH          equ	926	;# 
  1581     039F                     MDCARL          equ	927	;# 
  1582     0411                     TMR3            equ	1041	;# 
  1583     0411                     TMR3L           equ	1041	;# 
  1584     0412                     TMR3H           equ	1042	;# 
  1585     0413                     T3CON           equ	1043	;# 
  1586     0414                     T3GCON          equ	1044	;# 
  1587     0415                     TMR4            equ	1045	;# 
  1588     0416                     PR4             equ	1046	;# 
  1589     0417                     T4CON           equ	1047	;# 
  1590     0418                     TMR5            equ	1048	;# 
  1591     0418                     TMR5L           equ	1048	;# 
  1592     0419                     TMR5H           equ	1049	;# 
  1593     041A                     T5CON           equ	1050	;# 
  1594     041B                     T5GCON          equ	1051	;# 
  1595     041C                     TMR6            equ	1052	;# 
  1596     041D                     PR6             equ	1053	;# 
  1597     041E                     T6CON           equ	1054	;# 
  1598     041F                     CCDCON          equ	1055	;# 
  1599     0498                     NCO1ACC         equ	1176	;# 
  1600     0498                     NCO1ACCL        equ	1176	;# 
  1601     0499                     NCO1ACCH        equ	1177	;# 
  1602     049A                     NCO1ACCU        equ	1178	;# 
  1603     049B                     NCO1INC         equ	1179	;# 
  1604     049B                     NCO1INCL        equ	1179	;# 
  1605     049C                     NCO1INCH        equ	1180	;# 
  1606     049D                     NCO1INCU        equ	1181	;# 
  1607     049E                     NCO1CON         equ	1182	;# 
  1608     049F                     NCO1CLK         equ	1183	;# 
  1609     0617                     PWM5DCL         equ	1559	;# 
  1610     0618                     PWM5DCH         equ	1560	;# 
  1611     0619                     PWM5CON         equ	1561	;# 
  1612     0619                     PWM5CON0        equ	1561	;# 
  1613     061A                     PWM6DCL         equ	1562	;# 
  1614     061B                     PWM6DCH         equ	1563	;# 
  1615     061C                     PWM6CON         equ	1564	;# 
  1616     061C                     PWM6CON0        equ	1564	;# 
  1617     061F                     PWMTMRS         equ	1567	;# 
  1618     0691                     CWG1CLKCON      equ	1681	;# 
  1619     0692                     CWG1DAT         equ	1682	;# 
  1620     0693                     CWG1DBR         equ	1683	;# 
  1621     0694                     CWG1DBF         equ	1684	;# 
  1622     0695                     CWG1CON0        equ	1685	;# 
  1623     0696                     CWG1CON1        equ	1686	;# 
  1624     0697                     CWG1AS0         equ	1687	;# 
  1625     0698                     CWG1AS1         equ	1688	;# 
  1626     0699                     CWG1STR         equ	1689	;# 
  1627     0711                     CWG2CLKCON      equ	1809	;# 
  1628     0712                     CWG2DAT         equ	1810	;# 
  1629     0713                     CWG2DBR         equ	1811	;# 
  1630     0714                     CWG2DBF         equ	1812	;# 
  1631     0715                     CWG2CON0        equ	1813	;# 
  1632     0716                     CWG2CON1        equ	1814	;# 
  1633     0717                     CWG2AS0         equ	1815	;# 
  1634     0718                     CWG2AS1         equ	1816	;# 
  1635     0719                     CWG2STR         equ	1817	;# 
  1636     0891                     NVMADR          equ	2193	;# 
  1637     0891                     EEADR           equ	2193	;# 
  1638     0891                     PMADR           equ	2193	;# 
  1639     0891                     NVMADRL         equ	2193	;# 
  1640     0891                     EEADRL          equ	2193	;# 
  1641     0891                     PMADRL          equ	2193	;# 
  1642     0892                     NVMADRH         equ	2194	;# 
  1643     0892                     EEADRH          equ	2194	;# 
  1644     0892                     PMADRH          equ	2194	;# 
  1645     0893                     NVMDAT          equ	2195	;# 
  1646     0893                     EEDAT           equ	2195	;# 
  1647     0893                     PMDAT           equ	2195	;# 
  1648     0893                     NVMDATL         equ	2195	;# 
  1649     0893                     EEDATL          equ	2195	;# 
  1650     0893                     PMDATL          equ	2195	;# 
  1651     0894                     NVMDATH         equ	2196	;# 
  1652     0894                     EEDATH          equ	2196	;# 
  1653     0894                     PMDATH          equ	2196	;# 
  1654     0895                     NVMCON1         equ	2197	;# 
  1655     0895                     EECON1          equ	2197	;# 
  1656     0895                     PMCON1          equ	2197	;# 
  1657     0896                     NVMCON2         equ	2198	;# 
  1658     0896                     EECON2          equ	2198	;# 
  1659     0896                     PMCON2          equ	2198	;# 
  1660     089B                     PCON0           equ	2203	;# 
  1661     0911                     PMD0            equ	2321	;# 
  1662     0912                     PMD1            equ	2322	;# 
  1663     0913                     PMD2            equ	2323	;# 
  1664     0914                     PMD3            equ	2324	;# 
  1665     0915                     PMD4            equ	2325	;# 
  1666     0916                     PMD5            equ	2326	;# 
  1667     0918                     CPUDOZE         equ	2328	;# 
  1668     0919                     OSCCON1         equ	2329	;# 
  1669     091A                     OSCCON2         equ	2330	;# 
  1670     091B                     OSCCON3         equ	2331	;# 
  1671     091C                     OSCSTAT1        equ	2332	;# 
  1672     091D                     OSCEN           equ	2333	;# 
  1673     091E                     OSCTUNE         equ	2334	;# 
  1674     091F                     OSCFRQ          equ	2335	;# 
  1675     0E0F                     PPSLOCK         equ	3599	;# 
  1676     0E10                     INTPPS          equ	3600	;# 
  1677     0E11                     T0CKIPPS        equ	3601	;# 
  1678     0E12                     T1CKIPPS        equ	3602	;# 
  1679     0E13                     T1GPPS          equ	3603	;# 
  1680     0E14                     CCP1PPS         equ	3604	;# 
  1681     0E15                     CCP2PPS         equ	3605	;# 
  1682     0E16                     CCP3PPS         equ	3606	;# 
  1683     0E17                     CCP4PPS         equ	3607	;# 
  1684     0E18                     CWG1PPS         equ	3608	;# 
  1685     0E19                     CWG2PPS         equ	3609	;# 
  1686     0E1A                     MDCIN1PPS       equ	3610	;# 
  1687     0E1B                     MDCIN2PPS       equ	3611	;# 
  1688     0E1C                     MDMINPPS        equ	3612	;# 
  1689     0E1D                     SSP2CLKPPS      equ	3613	;# 
  1690     0E1E                     SSP2DATPPS      equ	3614	;# 
  1691     0E1F                     SSP2SSPPS       equ	3615	;# 
  1692     0E20                     SSP1CLKPPS      equ	3616	;# 
  1693     0E21                     SSP1DATPPS      equ	3617	;# 
  1694     0E22                     SSP1SSPPS       equ	3618	;# 
  1695     0E24                     RXPPS           equ	3620	;# 
  1696     0E25                     TXPPS           equ	3621	;# 
  1697     0E28                     CLCIN0PPS       equ	3624	;# 
  1698     0E29                     CLCIN1PPS       equ	3625	;# 
  1699     0E2A                     CLCIN2PPS       equ	3626	;# 
  1700     0E2B                     CLCIN3PPS       equ	3627	;# 
  1701     0E2C                     T3CKIPPS        equ	3628	;# 
  1702     0E2D                     T3GPPS          equ	3629	;# 
  1703     0E2E                     T5CKIPPS        equ	3630	;# 
  1704     0E2F                     T5GPPS          equ	3631	;# 
  1705     0E90                     RA0PPS          equ	3728	;# 
  1706     0E91                     RA1PPS          equ	3729	;# 
  1707     0E92                     RA2PPS          equ	3730	;# 
  1708     0E94                     RA4PPS          equ	3732	;# 
  1709     0E95                     RA5PPS          equ	3733	;# 
  1710     0EA0                     RC0PPS          equ	3744	;# 
  1711     0EA1                     RC1PPS          equ	3745	;# 
  1712     0EA2                     RC2PPS          equ	3746	;# 
  1713     0EA3                     RC3PPS          equ	3747	;# 
  1714     0EA4                     RC4PPS          equ	3748	;# 
  1715     0EA5                     RC5PPS          equ	3749	;# 
  1716     0F0F                     CLCDATA         equ	3855	;# 
  1717     0F10                     CLC1CON         equ	3856	;# 
  1718     0F11                     CLC1POL         equ	3857	;# 
  1719     0F12                     CLC1SEL0        equ	3858	;# 
  1720     0F13                     CLC1SEL1        equ	3859	;# 
  1721     0F14                     CLC1SEL2        equ	3860	;# 
  1722     0F15                     CLC1SEL3        equ	3861	;# 
  1723     0F16                     CLC1GLS0        equ	3862	;# 
  1724     0F17                     CLC1GLS1        equ	3863	;# 
  1725     0F18                     CLC1GLS2        equ	3864	;# 
  1726     0F19                     CLC1GLS3        equ	3865	;# 
  1727     0F1A                     CLC2CON         equ	3866	;# 
  1728     0F1B                     CLC2POL         equ	3867	;# 
  1729     0F1C                     CLC2SEL0        equ	3868	;# 
  1730     0F1D                     CLC2SEL1        equ	3869	;# 
  1731     0F1E                     CLC2SEL2        equ	3870	;# 
  1732     0F1F                     CLC2SEL3        equ	3871	;# 
  1733     0F20                     CLC2GLS0        equ	3872	;# 
  1734     0F21                     CLC2GLS1        equ	3873	;# 
  1735     0F22                     CLC2GLS2        equ	3874	;# 
  1736     0F23                     CLC2GLS3        equ	3875	;# 
  1737     0F24                     CLC3CON         equ	3876	;# 
  1738     0F25                     CLC3POL         equ	3877	;# 
  1739     0F26                     CLC3SEL0        equ	3878	;# 
  1740     0F27                     CLC3SEL1        equ	3879	;# 
  1741     0F28                     CLC3SEL2        equ	3880	;# 
  1742     0F29                     CLC3SEL3        equ	3881	;# 
  1743     0F2A                     CLC3GLS0        equ	3882	;# 
  1744     0F2B                     CLC3GLS1        equ	3883	;# 
  1745     0F2C                     CLC3GLS2        equ	3884	;# 
  1746     0F2D                     CLC3GLS3        equ	3885	;# 
  1747     0F2E                     CLC4CON         equ	3886	;# 
  1748     0F2F                     CLC4POL         equ	3887	;# 
  1749     0F30                     CLC4SEL0        equ	3888	;# 
  1750     0F31                     CLC4SEL1        equ	3889	;# 
  1751     0F32                     CLC4SEL2        equ	3890	;# 
  1752     0F33                     CLC4SEL3        equ	3891	;# 
  1753     0F34                     CLC4GLS0        equ	3892	;# 
  1754     0F35                     CLC4GLS1        equ	3893	;# 
  1755     0F36                     CLC4GLS2        equ	3894	;# 
  1756     0F37                     CLC4GLS3        equ	3895	;# 
  1757     0FE4                     STATUS_SHAD     equ	4068	;# 
  1758     0FE5                     WREG_SHAD       equ	4069	;# 
  1759     0FE6                     BSR_SHAD        equ	4070	;# 
  1760     0FE7                     PCLATH_SHAD     equ	4071	;# 
  1761     0FE8                     FSR0L_SHAD      equ	4072	;# 
  1762     0FE9                     FSR0H_SHAD      equ	4073	;# 
  1763     0FEA                     FSR1L_SHAD      equ	4074	;# 
  1764     0FEB                     FSR1H_SHAD      equ	4075	;# 
  1765     0FED                     STKPTR          equ	4077	;# 
  1766     0FEE                     TOSL            equ	4078	;# 
  1767     0FEF                     TOSH            equ	4079	;# 
  1768                           
  1769                           	psect	idataBANK0
  1770     0098                     __pidataBANK0:
  1771                           
  1772                           ;initializer for FeatureTest@F6472
  1773     0098  3450               	retlw	80
  1774     0099  3473               	retlw	115
  1775                           
  1776                           ;initializer for FeatureTest@F6469
  1777     009A  3450               	retlw	80
  1778     009B  3473               	retlw	115
  1779                           
  1780                           ;initializer for _readyToTransmit
  1781     009C  3401               	retlw	1
  1782                           
  1783                           ;initializer for _motorSpeed
  1784     009D  3480               	retlw	128
  1785                           
  1786                           ;initializer for FlushTX@F6445
  1787     009E  34E1               	retlw	225
  1788                           
  1789                           ;initializer for FlushRX@F6441
  1790     009F  34E2               	retlw	226
  1791                           
  1792                           ;initializer for sendNOP@F6364
  1793     00A0  34FF               	retlw	255
  1794                           
  1795                           ;initializer for _prevSpinDir
  1796     00A1  3401               	retlw	1
  1797                           
  1798                           ;initializer for _val
  1799     00A2  3401               	retlw	1
  1800                           
  1801                           ;initializer for _address
  1802     00A3  3430               	retlw	48
  1803     00A4  3430               	retlw	48
  1804     00A5  3430               	retlw	48
  1805     00A6  3431               	retlw	49
  1806     00A7  3431               	retlw	49
  1807     001E                     _PR2            set	30
  1808     001D                     _TMR2           set	29
  1809     001F                     _T2CONbits      set	31
  1810     000E                     _PORTCbits      set	14
  1811     000C                     _PORTAbits      set	12
  1812     009E                     _ADCON1bits     set	158
  1813     009B                     _ADRESL         set	155
  1814     009C                     _ADRESH         set	156
  1815     009D                     _ADCON0bits     set	157
  1816     008E                     _TRISCbits      set	142
  1817     008C                     _TRISAbits      set	140
  1818     010E                     _LATCbits       set	270
  1819     010C                     _LATAbits       set	268
  1820     018E                     _ANSELCbits     set	398
  1821     018C                     _ANSELAbits     set	396
  1822     0215                     _SSP1CON1bits   set	533
  1823     0214                     _SSP1STATbits   set	532
  1824     0211                     _SSP1BUF        set	529
  1825     0416                     _PR4            set	1046
  1826     0415                     _TMR4           set	1045
  1827     0417                     _T4CONbits      set	1047
  1828     061B                     _PWM6DCH        set	1563
  1829     061A                     _PWM6DCL        set	1562
  1830     061C                     _PWM6CONbits    set	1564
  1831     061F                     _PWMTMRSbits    set	1567
  1832     0618                     _PWM5DCH        set	1560
  1833     0617                     _PWM5DCL        set	1559
  1834     0619                     _PWM5CONbits    set	1561
  1835     0E21                     _SSP1DATPPS     set	3617
  1836     0EA3                     _RC3PPS         set	3747
  1837     0E92                     _RA2PPS         set	3730
  1838     0EA5                     _RC5PPS         set	3749
  1839     0EA0                     _RC0PPS         set	3744
  1840     0EA4                     _RC4PPS         set	3748
  1841     0EA2                     _RC2PPS         set	3746
  1842                           
  1843                           	psect	cinit
  1844     07E1                     start_initialization:	
  1845                           ; #config settings
  1846                           
  1847     07E1                     __initialization:
  1848                           
  1849                           ; Initialize objects allocated to BANK0
  1850     07E1  3098               	movlw	low __pidataBANK0
  1851     07E2  0084               	movwf	4
  1852     07E3  3080               	movlw	(high __pidataBANK0)| (0+128)
  1853     07E4  0085               	movwf	5
  1854     07E5  305E               	movlw	low __pdataBANK0
  1855     07E6  0086               	movwf	6
  1856     07E7  3000               	movlw	high __pdataBANK0
  1857     07E8  0087               	movwf	7
  1858     07E9  3010               	movlw	16
  1859     07EA  3180  2061  3187   	fcall	init_ram
  1860                           
  1861                           ; Clear objects allocated to BANK0
  1862     07ED  3043               	movlw	low __pbssBANK0
  1863     07EE  0084               	movwf	4
  1864     07EF  3000               	movlw	high __pbssBANK0
  1865     07F0  0085               	movwf	5
  1866     07F1  301B               	movlw	27
  1867     07F2  3180  205B  3187   	fcall	clear_ram0
  1868                           
  1869                           ; Clear objects allocated to BANK1
  1870     07F5  30A0               	movlw	low __pbssBANK1
  1871     07F6  0084               	movwf	4
  1872     07F7  3000               	movlw	high __pbssBANK1
  1873     07F8  0085               	movwf	5
  1874     07F9  3009               	movlw	9
  1875     07FA  3180  205B  3187   	fcall	clear_ram0
  1876     07FD                     end_of_initialization:	
  1877                           ;End of C runtime variable initialization code
  1878                           
  1879     07FD                     __end_of__initialization:
  1880     07FD  0020               	movlb	0
  1881     07FE  3185  2D9E         	ljmp	_main	;jump to C main() function
  1882                           
  1883                           	psect	bssBANK0
  1884     0043                     __pbssBANK0:
  1885     0043                     controlsChanged@prevBytes:
  1886     0043                     	ds	6
  1887     0049                     ReadRegister@F6353:
  1888     0049                     	ds	2
  1889     004B                     _servoPos:
  1890     004B                     	ds	1
  1891     004C                     ChangeRadioMode@F6458:
  1892     004C                     	ds	1
  1893     004D                     _spinDir:
  1894     004D                     	ds	1
  1895     004E                     _currentState:
  1896     004E                     	ds	1
  1897     004F                     _radioType:
  1898     004F                     	ds	1
  1899     0050                     _result:
  1900     0050                     	ds	7
  1901     0057                     _bytes:
  1902     0057                     	ds	7
  1903                           
  1904                           	psect	dataBANK0
  1905     005E                     __pdataBANK0:
  1906     005E                     FeatureTest@F6472:
  1907     005E                     	ds	2
  1908     0060                     FeatureTest@F6469:
  1909     0060                     	ds	2
  1910     0062                     _readyToTransmit:
  1911     0062                     	ds	1
  1912     0063                     _motorSpeed:
  1913     0063                     	ds	1
  1914     0064                     FlushTX@F6445:
  1915     0064                     	ds	1
  1916     0065                     FlushRX@F6441:
  1917     0065                     	ds	1
  1918     0066                     sendNOP@F6364:
  1919     0066                     	ds	1
  1920     0067                     _prevSpinDir:
  1921     0067                     	ds	1
  1922     0068                     _val:
  1923     0068                     	ds	1
  1924     0069                     _address:
  1925     0069                     	ds	5
  1926                           
  1927                           	psect	bssBANK1
  1928     00A0                     __pbssBANK1:
  1929     00A0                     _payload:
  1930     00A0                     	ds	9
  1931                           
  1932                           	psect	inittext
  1933     0061                     init_ram:
  1934     0061  00FE               	movwf	btemp
  1935     0062                     initloop:
  1936     0062  0012               	moviw fsr0++
  1937     0063  001E               	movwi fsr1++
  1938     0064  0BFE               	decfsz	btemp,f
  1939     0065  2862               	goto	initloop
  1940     0066  3400               	retlw	0
  1941                           
  1942                           	psect	clrtext
  1943     005B                     clear_ram0:	
  1944                           ;	Called with FSR0 containing the base address, and
  1945                           ;	WREG with the size to clear
  1946                           
  1947     005B  0064               	clrwdt	;clear the watchdog before getting into this loop
  1948     005C                     clrloop0:
  1949     005C  0180               	clrf	0	;clear RAM location pointed to by FSR
  1950     005D  3101               	addfsr 0,1
  1951     005E  0B89               	decfsz	9,f	;Have we reached the end of clearing yet?
  1952     005F  285C               	goto	clrloop0	;have we reached the end yet?
  1953     0060  3400               	retlw	0	;all done for this memory range, return
  1954                           
  1955                           	psect	cstackCOMMON
  1956     0070                     __pcstackCOMMON:
  1957     0070                     ?_delay:
  1958     0070                     ?_ce:	
  1959                           ; 1 bytes @ 0x0
  1960                           
  1961     0070                     ?_setupSPI:	
  1962                           ; 1 bytes @ 0x0
  1963                           
  1964     0070                     ?_controlsChanged:	
  1965                           ; 1 bytes @ 0x0
  1966                           
  1967     0070                     ?_packagePayload:	
  1968                           ; 1 bytes @ 0x0
  1969                           
  1970     0070                     ?_transmitPayload:	
  1971                           ; 1 bytes @ 0x0
  1972                           
  1973     0070                     ?_FlushRX:	
  1974                           ; 1 bytes @ 0x0
  1975                           
  1976     0070                     ?_FlushTX:	
  1977                           ; 1 bytes @ 0x0
  1978                           
  1979     0070                     ?___lwdiv:	
  1980                           ; 1 bytes @ 0x0
  1981                           
  1982     0070                     ce@level:	
  1983                           ; 2 bytes @ 0x0
  1984                           
  1985     0070                     packagePayload@bytes:	
  1986                           ; 1 bytes @ 0x0
  1987                           
  1988     0070                     setupSPI@radioType:	
  1989                           ; 1 bytes @ 0x0
  1990                           
  1991     0070                     controlsChanged@bytes:	
  1992                           ; 1 bytes @ 0x0
  1993                           
  1994     0070                     delay@length:	
  1995                           ; 1 bytes @ 0x0
  1996                           
  1997     0070                     ___lwdiv@divisor:	
  1998                           ; 2 bytes @ 0x0
  1999                           
  2000     0070                     ??_setupSPI:	
  2001                           ; 2 bytes @ 0x0
  2002                           
  2003                           
  2004                           ; 1 bytes @ 0x0
  2005     0070                     	ds	1
  2006     0071                     ce@radioType:
  2007     0071                     ??_ce:	
  2008                           ; 1 bytes @ 0x1
  2009                           
  2010     0071                     ??_controlsChanged:	
  2011                           ; 1 bytes @ 0x1
  2012                           
  2013     0071                     ??_packagePayload:	
  2014                           ; 1 bytes @ 0x1
  2015                           
  2016                           
  2017                           ; 1 bytes @ 0x1
  2018     0071                     	ds	1
  2019     0072                     ?_SendSPI:
  2020     0072                     SendSPI@bytes:	
  2021                           ; 1 bytes @ 0x2
  2022                           
  2023     0072                     packagePayload@checksum:	
  2024                           ; 1 bytes @ 0x2
  2025                           
  2026     0072                     ___lwdiv@dividend:	
  2027                           ; 1 bytes @ 0x2
  2028                           
  2029     0072                     ??_delay:	
  2030                           ; 2 bytes @ 0x2
  2031                           
  2032                           
  2033                           ; 1 bytes @ 0x2
  2034     0072                     	ds	1
  2035     0073                     SendSPI@result:
  2036     0073                     packagePayload@radioID:	
  2037                           ; 1 bytes @ 0x3
  2038                           
  2039                           
  2040                           ; 1 bytes @ 0x3
  2041     0073                     	ds	1
  2042     0074                     SendSPI@n:
  2043     0074                     packagePayload@i:	
  2044                           ; 1 bytes @ 0x4
  2045                           
  2046     0074                     ___lwdiv@quotient:	
  2047                           ; 1 bytes @ 0x4
  2048                           
  2049     0074                     ??___lwdiv:	
  2050                           ; 2 bytes @ 0x4
  2051                           
  2052                           
  2053                           ; 1 bytes @ 0x4
  2054     0074                     	ds	1
  2055     0075                     SendSPI@i:
  2056     0075                     packagePayload@i_963:	
  2057                           ; 1 bytes @ 0x5
  2058                           
  2059     0075                     controlsChanged@returnVal:	
  2060                           ; 1 bytes @ 0x5
  2061                           
  2062     0075                     ??_SendSPI:	
  2063                           ; 1 bytes @ 0x5
  2064                           
  2065                           
  2066                           ; 1 bytes @ 0x5
  2067     0075                     	ds	1
  2068     0076                     ?_sendNOP:
  2069     0076                     ?_readRXFIFO:	
  2070                           ; 1 bytes @ 0x6
  2071                           
  2072     0076                     ?_SetupPayloadSize:	
  2073                           ; 1 bytes @ 0x6
  2074                           
  2075     0076                     ?_ChangeRadioMode:	
  2076                           ; 1 bytes @ 0x6
  2077                           
  2078     0076                     ?_ReadRegister:	
  2079                           ; 1 bytes @ 0x6
  2080                           
  2081     0076                     ReadRegister@result:	
  2082                           ; 1 bytes @ 0x6
  2083                           
  2084     0076                     sendNOP@result:	
  2085                           ; 1 bytes @ 0x6
  2086                           
  2087     0076                     FlushRX@bytes:	
  2088                           ; 1 bytes @ 0x6
  2089                           
  2090     0076                     FlushTX@bytes:	
  2091                           ; 1 bytes @ 0x6
  2092                           
  2093     0076                     ChangeRadioMode@CRCbytes:	
  2094                           ; 1 bytes @ 0x6
  2095                           
  2096     0076                     SetupPayloadSize@result:	
  2097                           ; 1 bytes @ 0x6
  2098                           
  2099     0076                     readRXFIFO@result:	
  2100                           ; 1 bytes @ 0x6
  2101                           
  2102     0076                     controlsChanged@delta:	
  2103                           ; 1 bytes @ 0x6
  2104                           
  2105     0076                     ___lwdiv@counter:	
  2106                           ; 1 bytes @ 0x6
  2107                           
  2108     0076                     ??_transmitPayload:	
  2109                           ; 1 bytes @ 0x6
  2110                           
  2111     0076                     ??_FlushRX:	
  2112                           ; 1 bytes @ 0x6
  2113                           
  2114     0076                     ??_FlushTX:	
  2115                           ; 1 bytes @ 0x6
  2116                           
  2117                           
  2118                           ; 1 bytes @ 0x6
  2119     0076                     	ds	1
  2120     0077                     ?_SetupRetries:
  2121     0077                     ?___wmul:	
  2122                           ; 1 bytes @ 0x7
  2123                           
  2124     0077                     ReadRegister@reg:	
  2125                           ; 2 bytes @ 0x7
  2126                           
  2127     0077                     sendNOP@bytes:	
  2128                           ; 1 bytes @ 0x7
  2129                           
  2130     0077                     FlushRX@result:	
  2131                           ; 1 bytes @ 0x7
  2132                           
  2133     0077                     FlushTX@result:	
  2134                           ; 1 bytes @ 0x7
  2135                           
  2136     0077                     ChangeRadioMode@radioType:	
  2137                           ; 1 bytes @ 0x7
  2138                           
  2139     0077                     SetupPayloadSize@size:	
  2140                           ; 1 bytes @ 0x7
  2141                           
  2142     0077                     controlsChanged@i:	
  2143                           ; 1 bytes @ 0x7
  2144                           
  2145     0077                     SetupRetries@autoReTXDelay:	
  2146                           ; 1 bytes @ 0x7
  2147                           
  2148     0077                     ___wmul@multiplier:	
  2149                           ; 2 bytes @ 0x7
  2150                           
  2151     0077                     ??_sendNOP:	
  2152                           ; 2 bytes @ 0x7
  2153                           
  2154     0077                     ??_readRXFIFO:	
  2155                           ; 1 bytes @ 0x7
  2156                           
  2157     0077                     ??_SetupPayloadSize:	
  2158                           ; 1 bytes @ 0x7
  2159                           
  2160     0077                     ??_ReadRegister:	
  2161                           ; 1 bytes @ 0x7
  2162                           
  2163                           
  2164                           ; 1 bytes @ 0x7
  2165     0077                     	ds	1
  2166     0078                     ReadRegister@bytes:
  2167     0078                     SetupPayloadSize@databytes:	
  2168                           ; 2 bytes @ 0x8
  2169                           
  2170     0078                     ??_ChangeRadioMode:	
  2171                           ; 2 bytes @ 0x8
  2172                           
  2173                           
  2174                           ; 1 bytes @ 0x8
  2175     0078                     	ds	1
  2176     0079                     SetupRetries@autoReTXCount:
  2177     0079                     ___wmul@multiplicand:	
  2178                           ; 1 bytes @ 0x9
  2179                           
  2180                           
  2181                           ; 2 bytes @ 0x9
  2182     0079                     	ds	1
  2183     007A                     ?_RFSetup:
  2184     007A                     ?_FeatureTest:	
  2185                           ; 1 bytes @ 0xA
  2186                           
  2187     007A                     RFSetup@power:	
  2188                           ; 1 bytes @ 0xA
  2189                           
  2190     007A                     FeatureTest@result:	
  2191                           ; 1 bytes @ 0xA
  2192                           
  2193     007A                     SetupRetries@result:	
  2194                           ; 1 bytes @ 0xA
  2195                           
  2196     007A                     configureRX@result:	
  2197                           ; 1 bytes @ 0xA
  2198                           
  2199     007A                     ??_configureRX:	
  2200                           ; 2 bytes @ 0xA
  2201                           
  2202     007A                     ??_configureTX:	
  2203                           ; 1 bytes @ 0xA
  2204                           
  2205     007A                     ??_StartListening:	
  2206                           ; 1 bytes @ 0xA
  2207                           
  2208                           
  2209                           ; 1 bytes @ 0xA
  2210     007A                     	ds	1
  2211     007B                     RFSetup@result:
  2212     007B                     ___wmul@product:	
  2213                           ; 1 bytes @ 0xB
  2214                           
  2215     007B                     ??_SetupRetries:	
  2216                           ; 2 bytes @ 0xB
  2217                           
  2218     007B                     ??_FeatureTest:	
  2219                           ; 1 bytes @ 0xB
  2220                           
  2221     007B                     ??___wmul:	
  2222                           ; 1 bytes @ 0xB
  2223                           
  2224                           
  2225                           ; 1 bytes @ 0xB
  2226     007B                     	ds	1
  2227     007C                     configureRX@bytes:
  2228     007C                     ??_RFSetup:	
  2229                           ; 2 bytes @ 0xC
  2230                           
  2231                           
  2232                           ; 1 bytes @ 0xC
  2233     007C                     	ds	2
  2234     007E                     ??_StartRadio:
  2235                           
  2236                           	psect	cstackBANK0
  2237     0020                     __pcstackBANK0:	
  2238                           ; 1 bytes @ 0xE
  2239                           
  2240     0020                     RFSetup@databytes:
  2241     0020                     ChangeRadioMode@result:	
  2242                           ; 2 bytes @ 0x0
  2243                           
  2244     0020                     FeatureTest@bytes:	
  2245                           ; 2 bytes @ 0x0
  2246                           
  2247     0020                     SetupRetries@ARDbin:	
  2248                           ; 2 bytes @ 0x0
  2249                           
  2250     0020                     readRXFIFO@bytes:	
  2251                           ; 2 bytes @ 0x0
  2252                           
  2253     0020                     transmitPayload@result_957:	
  2254                           ; 9 bytes @ 0x0
  2255                           
  2256                           
  2257                           ; 9 bytes @ 0x0
  2258     0020                     	ds	2
  2259     0022                     RFSetup@datarate:
  2260     0022                     ChangeRadioMode@newMode:	
  2261                           ; 1 bytes @ 0x2
  2262                           
  2263     0022                     FeatureTest@databytes:	
  2264                           ; 1 bytes @ 0x2
  2265                           
  2266     0022                     SetupRetries@databytes:	
  2267                           ; 2 bytes @ 0x2
  2268                           
  2269                           
  2270                           ; 2 bytes @ 0x2
  2271     0022                     	ds	1
  2272     0023                     RFSetup@Setup:
  2273     0023                     ChangeRadioMode@databytes:	
  2274                           ; 1 bytes @ 0x3
  2275                           
  2276                           
  2277                           ; 2 bytes @ 0x3
  2278     0023                     	ds	1
  2279     0024                     FeatureTest@FeaturesBefore:
  2280                           
  2281                           ; 2 bytes @ 0x4
  2282     0024                     	ds	1
  2283     0025                     ChangeRadioMode@CONFIGbits:
  2284                           
  2285                           ; 1 bytes @ 0x5
  2286     0025                     	ds	1
  2287     0026                     ?_configureTX:
  2288     0026                     ?_StartListening:	
  2289                           ; 1 bytes @ 0x6
  2290                           
  2291     0026                     StartListening@address:	
  2292                           ; 1 bytes @ 0x6
  2293                           
  2294     0026                     configureTX@address:	
  2295                           ; 1 bytes @ 0x6
  2296                           
  2297     0026                     FeatureTest@FeaturesAfter:	
  2298                           ; 1 bytes @ 0x6
  2299                           
  2300                           
  2301                           ; 2 bytes @ 0x6
  2302     0026                     	ds	1
  2303     0027                     StartListening@result:
  2304     0027                     configureTX@result:	
  2305                           ; 2 bytes @ 0x7
  2306                           
  2307                           
  2308                           ; 6 bytes @ 0x7
  2309     0027                     	ds	1
  2310     0028                     ?_StartRadio:
  2311     0028                     StartRadio@payloadSize:	
  2312                           ; 1 bytes @ 0x8
  2313                           
  2314                           
  2315                           ; 1 bytes @ 0x8
  2316     0028                     	ds	1
  2317     0029                     StartRadio@radioType:
  2318     0029                     readRXFIFO@ReturnVal:	
  2319                           ; 1 bytes @ 0x9
  2320                           
  2321     0029                     transmitPayload@result:	
  2322                           ; 1 bytes @ 0x9
  2323                           
  2324     0029                     StartListening@bytes:	
  2325                           ; 2 bytes @ 0x9
  2326                           
  2327                           
  2328                           ; 6 bytes @ 0x9
  2329     0029                     	ds	1
  2330     002A                     StartRadio@channel:
  2331     002A                     readRXFIFO@checksum:	
  2332                           ; 1 bytes @ 0xA
  2333                           
  2334                           
  2335                           ; 1 bytes @ 0xA
  2336     002A                     	ds	1
  2337     002B                     StartRadio@ReturnVal:
  2338     002B                     transmitPayload@statusBits:	
  2339                           ; 1 bytes @ 0xB
  2340                           
  2341     002B                     readRXFIFO@i:	
  2342                           ; 1 bytes @ 0xB
  2343                           
  2344                           
  2345                           ; 2 bytes @ 0xB
  2346     002B                     	ds	1
  2347     002C                     StartRadio@result:
  2348     002C                     transmitPayload@databytes:	
  2349                           ; 2 bytes @ 0xC
  2350                           
  2351                           
  2352                           ; 2 bytes @ 0xC
  2353     002C                     	ds	1
  2354     002D                     readRXFIFO@i_674:
  2355     002D                     configureTX@databytes:	
  2356                           ; 1 bytes @ 0xD
  2357                           
  2358                           
  2359                           ; 6 bytes @ 0xD
  2360     002D                     	ds	1
  2361     002E                     StartRadio@databytes:
  2362                           
  2363                           ; 2 bytes @ 0xE
  2364     002E                     	ds	1
  2365     002F                     ?_configureRX:
  2366     002F                     configureRX@address:	
  2367                           ; 1 bytes @ 0xF
  2368                           
  2369                           
  2370                           ; 1 bytes @ 0xF
  2371     002F                     	ds	4
  2372     0033                     ?_main:
  2373     0033                     main@argc:	
  2374                           ; 2 bytes @ 0x13
  2375                           
  2376                           
  2377                           ; 2 bytes @ 0x13
  2378     0033                     	ds	2
  2379     0035                     main@argv:
  2380                           
  2381                           ; 2 bytes @ 0x15
  2382     0035                     	ds	2
  2383     0037                     ??_main:
  2384                           
  2385                           ; 1 bytes @ 0x17
  2386     0037                     	ds	5
  2387     003C                     main@servoPos:
  2388                           
  2389                           ; 2 bytes @ 0x1C
  2390     003C                     	ds	2
  2391     003E                     main@validData:
  2392                           
  2393                           ; 1 bytes @ 0x1E
  2394     003E                     	ds	1
  2395     003F                     main@i:
  2396                           
  2397                           ; 1 bytes @ 0x1F
  2398     003F                     	ds	1
  2399     0040                     main@i_335:
  2400                           
  2401                           ; 1 bytes @ 0x20
  2402     0040                     	ds	1
  2403     0041                     main@motorSpeed:
  2404                           
  2405                           ; 2 bytes @ 0x21
  2406     0041                     	ds	2
  2407                           
  2408                           	psect	maintext
  2409     059E                     __pmaintext:	
  2410 ;;
  2411 ;;Main: autosize = 0, tempsize = 5, incstack = 0, save=0
  2412 ;;
  2413 ;; *************** function _main *****************
  2414 ;; Defined at:
  2415 ;;		line 35 in file "SourceFiles/main.c"
  2416 ;; Parameters:    Size  Location     Type
  2417 ;;  argc            2   19[BANK0 ] int 
  2418 ;;  argv            2   21[BANK0 ] PTR PTR unsigned char 
  2419 ;; Auto vars:     Size  Location     Type
  2420 ;;  motorSpeed      2   33[BANK0 ] unsigned short 
  2421 ;;  servoPos        2   28[BANK0 ] unsigned short 
  2422 ;;  validData       1   30[BANK0 ] _Bool 
  2423 ;;  i               1   32[BANK0 ] unsigned char 
  2424 ;;  i               1   31[BANK0 ] unsigned char 
  2425 ;;  radioStarted    1    0        _Bool 
  2426 ;; Return value:  Size  Location     Type
  2427 ;;                  2   19[BANK0 ] int 
  2428 ;; Registers used:
  2429 ;;		wreg, fsr0l, fsr0h, fsr1l, fsr1h, status,2, status,0, pclath, cstack
  2430 ;; Tracked objects:
  2431 ;;		On entry : B1F/0
  2432 ;;		On exit  : 0/0
  2433 ;;		Unchanged: 0/0
  2434 ;; Data sizes:     COMMON   BANK0   BANK1   BANK2   BANK3   BANK4   BANK5   BANK6   BANK7   BANK8   BANK9  BANK10  BANK1
      +1  BANK12  BANK13  BANK14  BANK15  BANK16  BANK17  BANK18  BANK19  BANK20  BANK21  BANK22  BANK23  BANK24  BANK25
  2435 ;;      Params:         0       4       0       0       0       0       0       0       0       0       0       0       
      +0       0       0       0       0       0       0       0       0       0       0       0       0       0       0
  2436 ;;      Locals:         0       7       0       0       0       0       0       0       0       0       0       0       
      +0       0       0       0       0       0       0       0       0       0       0       0       0       0       0
  2437 ;;      Temps:          0       5       0       0       0       0       0       0       0       0       0       0       
      +0       0       0       0       0       0       0       0       0       0       0       0       0       0       0
  2438 ;;      Totals:         0      16       0       0       0       0       0       0       0       0       0       0       
      +0       0       0       0       0       0       0       0       0       0       0       0       0       0       0
  2439 ;;Total ram usage:       16 bytes
  2440 ;; Hardware stack levels required when called: 5
  2441 ;; This function calls:
  2442 ;;		_SendSPI
  2443 ;;		_StartRadio
  2444 ;;		___lwdiv
  2445 ;;		___wmul
  2446 ;;		_ce
  2447 ;;		_configureRX
  2448 ;;		_configureTX
  2449 ;;		_controlsChanged
  2450 ;;		_delay
  2451 ;;		_packagePayload
  2452 ;;		_readRXFIFO
  2453 ;;		_sendNOP
  2454 ;;		_setupSPI
  2455 ;;		_transmitPayload
  2456 ;; This function is called by:
  2457 ;;		Startup code after reset
  2458 ;; This function uses a non-reentrant model
  2459 ;;
  2460                           
  2461     059E                     _main:	
  2462                           ;psect for function _main
  2463                           
  2464     059E                     l2325:	
  2465                           ;incstack = 0
  2466                           ; Regs used in _main: [wreg-fsr1h+status,2+status,0+pclath+cstack]
  2467                           
  2468                           
  2469                           ;SourceFiles/main.c: 38:  }
  2470     059E  0021               	movlb	1	; select bank1
  2471     059F  100C               	bcf	12,0	;volatile
  2472                           
  2473                           ;SourceFiles/main.c: 40:     if (radioType == TRANSMITTER) {
  2474     05A0  0022               	movlb	2	; select bank2
  2475     05A1  100C               	bcf	12,0	;volatile
  2476                           
  2477                           ;SourceFiles/main.c: 44:             delay(1000);
  2478     05A2  0021               	movlb	1	; select bank1
  2479     05A3  168C               	bsf	12,5	;volatile
  2480                           
  2481                           ;SourceFiles/main.c: 46:         }
  2482     05A4  0023               	movlb	3	; select bank3
  2483     05A5  128C               	bcf	12,5	;volatile
  2484                           
  2485                           ;SourceFiles/main.c: 50:             LATAbits.LATA0 = 1;
  2486     05A6  0020               	movlb	0	; select bank0
  2487     05A7  1E8C               	btfss	12,5	;volatile
  2488     05A8  2DAA               	goto	u1121
  2489     05A9  2DAB               	goto	u1120
  2490     05AA                     u1121:
  2491     05AA  2DAD               	goto	l2329
  2492     05AB                     u1120:
  2493     05AB                     l2327:
  2494                           
  2495                           ;SourceFiles/main.c: 51:             delay(10000);
  2496     05AB  3001               	movlw	1
  2497     05AC  00CF               	movwf	_radioType
  2498     05AD                     l2329:
  2499                           
  2500                           ;SourceFiles/main.c: 54:     }
  2501     05AD  034F               	decf	_radioType,w
  2502     05AE  1D03               	btfss	3,2
  2503     05AF  2DB1               	goto	u1131
  2504     05B0  2DB2               	goto	u1130
  2505     05B1                     u1131:
  2506     05B1  2DCF               	goto	l2347
  2507     05B2                     u1130:
  2508     05B2                     l2331:
  2509                           
  2510                           ;SourceFiles/main.c: 55: 
  2511     05B2  01BF               	clrf	main@i
  2512     05B3                     l2337:
  2513                           
  2514                           ;SourceFiles/main.c: 56: 
  2515     05B3  30E8               	movlw	232
  2516     05B4  00F0               	movwf	delay@length
  2517     05B5  3003               	movlw	3
  2518     05B6  00F1               	movwf	delay@length+1
  2519     05B7  3180  2067  3185   	fcall	_delay
  2520     05BA                     l2339:
  2521                           
  2522                           ;SourceFiles/main.c: 57:     if (radioType == TRANSMITTER) {
  2523     05BA  0022               	movlb	2	; select bank2
  2524     05BB  140C               	bsf	12,0	;volatile
  2525                           
  2526                           ;SourceFiles/main.c: 58: 
  2527     05BC  30E8               	movlw	232
  2528     05BD  00F0               	movwf	delay@length
  2529     05BE  3003               	movlw	3
  2530     05BF  00F1               	movwf	delay@length+1
  2531     05C0  3180  2067  3185   	fcall	_delay
  2532     05C3                     l2341:
  2533                           
  2534                           ;SourceFiles/main.c: 59:         TRISAbits.TRISA2 = 0;
  2535     05C3  0022               	movlb	2	; select bank2
  2536     05C4  100C               	bcf	12,0	;volatile
  2537     05C5                     l2343:
  2538                           
  2539                           ;SourceFiles/main.c: 60:     } else if (radioType == RECEIVER) {
  2540     05C5  3001               	movlw	1
  2541     05C6  0020               	movlb	0	; select bank0
  2542     05C7  07BF               	addwf	main@i,f
  2543     05C8                     l2345:
  2544     05C8  300A               	movlw	10
  2545     05C9  023F               	subwf	main@i,w
  2546     05CA  1C03               	skipc
  2547     05CB  2DCD               	goto	u1141
  2548     05CC  2DCE               	goto	u1140
  2549     05CD                     u1141:
  2550     05CD  2DB3               	goto	l2337
  2551     05CE                     u1140:
  2552     05CE  2DF0               	goto	l2365
  2553     05CF                     l2347:
  2554     05CF  084F               	movf	_radioType,w
  2555     05D0  1D03               	btfss	3,2
  2556     05D1  2DD3               	goto	u1151
  2557     05D2  2DD4               	goto	u1150
  2558     05D3                     u1151:
  2559     05D3  2DF0               	goto	l2365
  2560     05D4                     u1150:
  2561     05D4                     l2349:
  2562                           
  2563                           ;SourceFiles/main.c: 62:         TRISCbits.TRISC5 = 0;
  2564     05D4  01C0               	clrf	main@i_335
  2565     05D5                     l2355:
  2566                           
  2567                           ;SourceFiles/main.c: 63:     }
  2568     05D5  3010               	movlw	16
  2569     05D6  00F0               	movwf	delay@length
  2570     05D7  3027               	movlw	39
  2571     05D8  00F1               	movwf	delay@length+1
  2572     05D9  3180  2067  3185   	fcall	_delay
  2573     05DC                     l2357:
  2574                           
  2575                           ;SourceFiles/main.c: 64: 
  2576     05DC  0022               	movlb	2	; select bank2
  2577     05DD  140C               	bsf	12,0	;volatile
  2578                           
  2579                           ;SourceFiles/main.c: 65:  ce(radioType, LOW);
  2580     05DE  3010               	movlw	16
  2581     05DF  00F0               	movwf	delay@length
  2582     05E0  3027               	movlw	39
  2583     05E1  00F1               	movwf	delay@length+1
  2584     05E2  3180  2067  3185   	fcall	_delay
  2585     05E5                     l2359:
  2586                           
  2587                           ;SourceFiles/main.c: 66: 
  2588     05E5  0022               	movlb	2	; select bank2
  2589     05E6  100C               	bcf	12,0	;volatile
  2590     05E7                     l2361:
  2591                           
  2592                           ;SourceFiles/main.c: 67: 
  2593     05E7  3001               	movlw	1
  2594     05E8  0020               	movlb	0	; select bank0
  2595     05E9  07C0               	addwf	main@i_335,f
  2596     05EA                     l2363:
  2597     05EA  3003               	movlw	3
  2598     05EB  0240               	subwf	main@i_335,w
  2599     05EC  1C03               	skipc
  2600     05ED  2DEF               	goto	u1161
  2601     05EE  2DF0               	goto	u1160
  2602     05EF                     u1161:
  2603     05EF  2DD5               	goto	l2355
  2604     05F0                     u1160:
  2605     05F0                     l2365:
  2606                           
  2607                           ;SourceFiles/main.c: 71: 
  2608     05F0  034F               	decf	_radioType,w
  2609     05F1  1D03               	btfss	3,2
  2610     05F2  2DF4               	goto	u1171
  2611     05F3  2DF5               	goto	u1170
  2612     05F4                     u1171:
  2613     05F4  2DF8               	goto	l2369
  2614     05F5                     u1170:
  2615     05F5                     l2367:
  2616                           
  2617                           ;SourceFiles/main.c: 73:     } else if (radioType == RECEIVER) {
  2618     05F5  0021               	movlb	1	; select bank1
  2619     05F6  110C               	bcf	12,2	;volatile
  2620                           
  2621                           ;SourceFiles/main.c: 74: 
  2622     05F7  2DFF               	goto	l2373
  2623     05F8                     l2369:
  2624     05F8  084F               	movf	_radioType,w
  2625     05F9  1D03               	btfss	3,2
  2626     05FA  2DFC               	goto	u1181
  2627     05FB  2DFD               	goto	u1180
  2628     05FC                     u1181:
  2629     05FC  2DFF               	goto	l2373
  2630     05FD                     u1180:
  2631     05FD                     l2371:
  2632                           
  2633                           ;SourceFiles/main.c: 76: 
  2634     05FD  0021               	movlb	1	; select bank1
  2635     05FE  128E               	bcf	14,5	;volatile
  2636     05FF                     l2373:
  2637                           
  2638                           ;SourceFiles/main.c: 79: 
  2639     05FF  01F0               	clrf	ce@level
  2640     0600  0020               	movlb	0	; select bank0
  2641     0601  084F               	movf	_radioType,w
  2642     0602  3180  20D8  3185   	fcall	_ce
  2643     0605                     l2375:
  2644                           
  2645                           ;SourceFiles/main.c: 82:     setupSPI(radioType);
  2646     0605  0020               	movlb	0	; select bank0
  2647     0606  034F               	decf	_radioType,w
  2648     0607  1D03               	btfss	3,2
  2649     0608  2E0A               	goto	u1191
  2650     0609  2E0B               	goto	u1190
  2651     060A                     u1191:
  2652     060A  2E10               	goto	l2379
  2653     060B                     u1190:
  2654     060B                     l2377:
  2655                           
  2656                           ;SourceFiles/main.c: 84: 
  2657     060B  0021               	movlb	1	; select bank1
  2658     060C  150E               	bsf	14,2	;volatile
  2659                           
  2660                           ;SourceFiles/main.c: 86:     if (StartRadio(42, 8, radioType)) {
  2661     060D  0023               	movlb	3	; select bank3
  2662     060E  110E               	bcf	14,2	;volatile
  2663                           
  2664                           ;SourceFiles/main.c: 87:         radioStarted = 1;
  2665     060F  2E19               	goto	l2383
  2666     0610                     l2379:
  2667     0610  084F               	movf	_radioType,w
  2668     0611  1D03               	btfss	3,2
  2669     0612  2E14               	goto	u1201
  2670     0613  2E15               	goto	u1200
  2671     0614                     u1201:
  2672     0614  2E19               	goto	l2383
  2673     0615                     u1200:
  2674     0615                     l2381:
  2675                           
  2676                           ;SourceFiles/main.c: 89: 
  2677     0615  0021               	movlb	1	; select bank1
  2678     0616  148C               	bsf	12,1	;volatile
  2679                           
  2680                           ;SourceFiles/main.c: 91:         while (1) {
  2681     0617  0023               	movlb	3	; select bank3
  2682     0618  108C               	bcf	12,1	;volatile
  2683     0619                     l2383:
  2684                           
  2685                           ;SourceFiles/main.c: 96:     }
  2686     0619  0020               	movlb	0	; select bank0
  2687     061A  084F               	movf	_radioType,w
  2688     061B  3181  2103  3185   	fcall	_setupSPI
  2689     061E                     l2385:
  2690     061E                     l2387:
  2691                           
  2692                           ;SourceFiles/main.c: 100: 
  2693     061E  3008               	movlw	8
  2694     061F  0020               	movlb	0	; select bank0
  2695     0620  00A8               	movwf	StartRadio@payloadSize
  2696     0621  084F               	movf	_radioType,w
  2697     0622  00A9               	movwf	StartRadio@radioType
  2698     0623  302A               	movlw	42
  2699     0624  3185  2509  3185   	fcall	_StartRadio
  2700     0627  3A00               	xorlw	0
  2701     0628  1903               	skipnz
  2702     0629  2E2B               	goto	u1211
  2703     062A  2E2C               	goto	u1210
  2704     062B                     u1211:
  2705     062B  2E2D               	goto	l2391
  2706     062C                     u1210:
  2707     062C                     l2389:
  2708                           
  2709                           ;SourceFiles/main.c: 102:         configureRX(address);
  2710     062C  2E45               	goto	l2397
  2711     062D                     l2391:
  2712                           
  2713                           ;SourceFiles/main.c: 106:         configureTX(address);
  2714     062D  0020               	movlb	0	; select bank0
  2715     062E  0C68               	rrf	_val,w
  2716     062F  0022               	movlb	2	; select bank2
  2717     0630  1C03               	skipc
  2718     0631  100C               	bcf	12,0	;volatile
  2719     0632  1803               	skipnc
  2720     0633  140C               	bsf	12,0	;volatile
  2721     0634                     l2393:
  2722                           
  2723                           ;SourceFiles/main.c: 107: 
  2724     0634  0020               	movlb	0	; select bank0
  2725     0635  0368               	decf	_val,w
  2726     0636  1D03               	btfss	3,2
  2727     0637  2E39               	goto	u1221
  2728     0638  2E3B               	goto	u1220
  2729     0639                     u1221:
  2730     0639  3001               	movlw	1
  2731     063A  2E3C               	goto	u1230
  2732     063B                     u1220:
  2733     063B  3000               	movlw	0
  2734     063C                     u1230:
  2735     063C  00E8               	movwf	_val
  2736     063D                     l2395:
  2737                           
  2738                           ;SourceFiles/main.c: 108:         currentState = COLLECT_ADC_DATA;
  2739     063D  3010               	movlw	16
  2740     063E  00F0               	movwf	delay@length
  2741     063F  3027               	movlw	39
  2742     0640  00F1               	movwf	delay@length+1
  2743     0641  3180  2067  3185   	fcall	_delay
  2744     0644  2E2D               	goto	l2391
  2745     0645                     l2397:
  2746     0645                     l2399:	
  2747                           ;SourceFiles/main.c: 115:                 if (!ADCON0bits.GO_nDONE) {
  2748                           
  2749     0645  0020               	movlb	0	; select bank0
  2750     0646  084F               	movf	_radioType,w
  2751     0647  1D03               	btfss	3,2
  2752     0648  2E4A               	goto	u1241
  2753     0649  2E4B               	goto	u1240
  2754     064A                     u1241:
  2755     064A  2E54               	goto	l2405
  2756     064B                     u1240:
  2757     064B                     l2401:
  2758                           
  2759                           ;SourceFiles/main.c: 116:                     if (ADCON0bits.CHS == 0x14) {
  2760     064B  3069               	movlw	(low (_address| 0))& (0+255)
  2761     064C  00AF               	movwf	configureRX@address
  2762     064D  3184  2448  3185   	fcall	_configureRX
  2763     0650                     l2403:
  2764                           
  2765                           ;SourceFiles/main.c: 118:                         bytes[1] = ADRESL;
  2766     0650  3003               	movlw	3
  2767     0651  0020               	movlb	0	; select bank0
  2768     0652  00CE               	movwf	_currentState
  2769                           
  2770                           ;SourceFiles/main.c: 119:                         ADCON0bits.CHS = 0x13;
  2771     0653  2FC2               	goto	l2527
  2772     0654                     l2405:
  2773     0654                     l2407:
  2774     0654  034F               	decf	_radioType,w
  2775     0655  1D03               	btfss	3,2
  2776     0656  2E58               	goto	u1251
  2777     0657  2E59               	goto	u1250
  2778     0658                     u1251:
  2779     0658  2E63               	goto	l99
  2780     0659                     u1250:
  2781     0659                     l2409:
  2782                           
  2783                           ;SourceFiles/main.c: 120:                     } else if (ADCON0bits.CHS == 0x13) {
  2784     0659  3069               	movlw	(low (_address| 0))& (0+255)
  2785     065A  00A6               	movwf	configureTX@address
  2786     065B  3183  23F0  3185   	fcall	_configureTX
  2787     065E                     l2411:
  2788                           
  2789                           ;SourceFiles/main.c: 122:                         bytes[3] = ADRESL;
  2790     065E  0020               	movlb	0	; select bank0
  2791     065F  01CE               	clrf	_currentState
  2792     0660                     l2413:
  2793                           
  2794                           ;SourceFiles/main.c: 123:                         ADCON0bits.CHS = 0x01;
  2795     0660  0021               	movlb	1	; select bank1
  2796     0661  149D               	bsf	29,1	;volatile
  2797     0662  2FC2               	goto	l2527
  2798     0663                     l99:	
  2799                           ;SourceFiles/main.c: 126:                         bytes[5] = ADRESL;
  2800                           
  2801                           
  2802                           ;SourceFiles/main.c: 127:                         ADCON0bits.CHS = 0x14;
  2803     0663  2FC2               	goto	l2527
  2804     0664                     l101:	
  2805                           ;SourceFiles/main.c: 128:                         if (controlsChanged(bytes)) {
  2806                           
  2807                           
  2808                           ;SourceFiles/main.c: 129:                             packagePayload(0x01, bytes);
  2809     0664  0021               	movlb	1	; select bank1
  2810     0665  189D               	btfsc	29,1	;volatile
  2811     0666  2E68               	goto	u1261
  2812     0667  2E69               	goto	u1260
  2813     0668                     u1261:
  2814     0668  2FC2               	goto	l2527
  2815     0669                     u1260:
  2816     0669                     l2415:
  2817                           
  2818                           ;SourceFiles/main.c: 130:                             currentState = TRANSMIT_ADC_DATA;
  2819     0669  0C1D               	rrf	29,w	;volatile
  2820     066A  0C89               	rrf	9,f
  2821     066B  393F               	andlw	63
  2822     066C  3A14               	xorlw	20
  2823     066D  1D03               	skipz
  2824     066E  2E70               	goto	u1271
  2825     066F  2E71               	goto	u1270
  2826     0670                     u1271:
  2827     0670  2E7E               	goto	l2421
  2828     0671                     u1270:
  2829     0671                     l2417:
  2830                           
  2831                           ;SourceFiles/main.c: 131: 
  2832     0671  081C               	movf	28,w	;volatile
  2833     0672  0020               	movlb	0	; select bank0
  2834     0673  00D7               	movwf	_bytes
  2835                           
  2836                           ;SourceFiles/main.c: 132:                         }
  2837     0674  0021               	movlb	1	; select bank1
  2838     0675  081B               	movf	27,w	;volatile
  2839     0676  0020               	movlb	0	; select bank0
  2840     0677  00D8               	movwf	_bytes+1
  2841     0678                     l2419:
  2842                           
  2843                           ;SourceFiles/main.c: 133:                     }
  2844     0678  0021               	movlb	1	; select bank1
  2845     0679  081D               	movf	29,w	;volatile
  2846     067A  3903               	andlw	-253
  2847     067B  384C               	iorlw	76
  2848     067C  009D               	movwf	29	;volatile
  2849                           
  2850                           ;SourceFiles/main.c: 134:                     ADCON0bits.GO_nDONE = 1;
  2851     067D  2EBB               	goto	l2439
  2852     067E                     l2421:
  2853     067E  0C1D               	rrf	29,w	;volatile
  2854     067F  0C89               	rrf	9,f
  2855     0680  393F               	andlw	63
  2856     0681  3A13               	xorlw	19
  2857     0682  1D03               	skipz
  2858     0683  2E85               	goto	u1281
  2859     0684  2E86               	goto	u1280
  2860     0685                     u1281:
  2861     0685  2E93               	goto	l2427
  2862     0686                     u1280:
  2863     0686                     l2423:
  2864                           
  2865                           ;SourceFiles/main.c: 135:                 }
  2866     0686  081C               	movf	28,w	;volatile
  2867     0687  0020               	movlb	0	; select bank0
  2868     0688  00D9               	movwf	_bytes+2
  2869                           
  2870                           ;SourceFiles/main.c: 136:                 break;
  2871     0689  0021               	movlb	1	; select bank1
  2872     068A  081B               	movf	27,w	;volatile
  2873     068B  0020               	movlb	0	; select bank0
  2874     068C  00DA               	movwf	_bytes+3
  2875     068D                     l2425:
  2876                           
  2877                           ;SourceFiles/main.c: 137:             }
  2878     068D  0021               	movlb	1	; select bank1
  2879     068E  081D               	movf	29,w	;volatile
  2880     068F  3903               	andlw	-253
  2881     0690  3804               	iorlw	4
  2882     0691  009D               	movwf	29	;volatile
  2883                           
  2884                           ;SourceFiles/main.c: 138: 
  2885     0692  2EBB               	goto	l2439
  2886     0693                     l2427:
  2887     0693  0C1D               	rrf	29,w	;volatile
  2888     0694  0C89               	rrf	9,f
  2889     0695  393F               	andlw	63
  2890     0696  3A01               	xorlw	1
  2891     0697  1D03               	skipz
  2892     0698  2E9A               	goto	u1291
  2893     0699  2E9B               	goto	u1290
  2894     069A                     u1291:
  2895     069A  2EBB               	goto	l2439
  2896     069B                     u1290:
  2897     069B                     l2429:
  2898                           
  2899                           ;SourceFiles/main.c: 139:             case TRANSMIT_ADC_DATA: {
  2900     069B  081C               	movf	28,w	;volatile
  2901     069C  0020               	movlb	0	; select bank0
  2902     069D  00DB               	movwf	_bytes+4
  2903                           
  2904                           ;SourceFiles/main.c: 140:                 sendNOP(result);
  2905     069E  0021               	movlb	1	; select bank1
  2906     069F  081B               	movf	27,w	;volatile
  2907     06A0  0020               	movlb	0	; select bank0
  2908     06A1  00DC               	movwf	_bytes+5
  2909     06A2                     l2431:
  2910                           
  2911                           ;SourceFiles/main.c: 141:                 transmitPayload(result[0]);
  2912     06A2  0021               	movlb	1	; select bank1
  2913     06A3  081D               	movf	29,w	;volatile
  2914     06A4  3903               	andlw	-253
  2915     06A5  3850               	iorlw	80
  2916     06A6  009D               	movwf	29	;volatile
  2917     06A7                     l2433:
  2918                           
  2919                           ;SourceFiles/main.c: 142:                 currentState = CLEAR_INTERRUPT;
  2920     06A7  3057               	movlw	(low (_bytes| 0))& (0+255)
  2921     06A8  00F0               	movwf	controlsChanged@bytes
  2922     06A9  3183  239C  3185   	fcall	_controlsChanged
  2923     06AC  3A00               	xorlw	0
  2924     06AD  1903               	skipnz
  2925     06AE  2EB0               	goto	u1301
  2926     06AF  2EB1               	goto	u1300
  2927     06B0                     u1301:
  2928     06B0  2EBB               	goto	l106
  2929     06B1                     u1300:
  2930     06B1                     l2435:
  2931                           
  2932                           ;SourceFiles/main.c: 143:                 break;
  2933     06B1  3057               	movlw	(low (_bytes| 0))& (0+255)
  2934     06B2  00F0               	movwf	packagePayload@bytes
  2935     06B3  3001               	movlw	1
  2936     06B4  3181  2131  3185   	fcall	_packagePayload
  2937     06B7                     l2437:
  2938                           
  2939                           ;SourceFiles/main.c: 144:             }
  2940     06B7  3001               	movlw	1
  2941     06B8  0020               	movlb	0	; select bank0
  2942     06B9  00CE               	movwf	_currentState
  2943     06BA  2EBB               	goto	l2439
  2944     06BB                     l106:
  2945     06BB                     l2439:
  2946                           
  2947                           ;SourceFiles/main.c: 148:                     LATAbits.LATA0 = 1;
  2948     06BB  0021               	movlb	1	; select bank1
  2949     06BC  149D               	bsf	29,1	;volatile
  2950     06BD  2FC2               	goto	l2527
  2951     06BE                     l2441:
  2952                           
  2953                           ;SourceFiles/main.c: 154:                     bytes[1] = 0x70;
  2954     06BE  3050               	movlw	(low (_result| 0))& (0+255)
  2955     06BF  00F6               	movwf	sendNOP@result
  2956     06C0  3180  208B  3185   	fcall	_sendNOP
  2957                           
  2958                           ;SourceFiles/main.c: 155:                     while (1) {
  2959     06C3  0020               	movlb	0	; select bank0
  2960     06C4  0850               	movf	_result,w
  2961     06C5  3181  2163  3185   	fcall	_transmitPayload
  2962     06C8                     l2443:
  2963                           
  2964                           ;SourceFiles/main.c: 156:                         SendSPI(bytes, result, 2);
  2965     06C8  3002               	movlw	2
  2966     06C9  0020               	movlb	0	; select bank0
  2967     06CA  00CE               	movwf	_currentState
  2968                           
  2969                           ;SourceFiles/main.c: 157:                         sendNOP(result);
  2970     06CB  2FC2               	goto	l2527
  2971     06CC                     l111:	
  2972                           ;SourceFiles/main.c: 158:                         if (!(result[0] & 0x70)) {;SourceFiles
      +                          /main.c: 160:                         }
  2973                           
  2974                           
  2975                           ;SourceFiles/main.c: 161:                     }
  2976     06CC  190E               	btfsc	14,2	;volatile
  2977     06CD  2ECF               	goto	u1311
  2978     06CE  2ED0               	goto	u1310
  2979     06CF                     u1311:
  2980     06CF  2FC2               	goto	l2527
  2981     06D0                     u1310:
  2982     06D0                     l2445:
  2983                           
  2984                           ;SourceFiles/main.c: 162:                     currentState = DONE;
  2985     06D0  0022               	movlb	2	; select bank2
  2986     06D1  140C               	bsf	12,0	;volatile
  2987     06D2                     l2447:
  2988                           
  2989                           ;SourceFiles/main.c: 163:                 }
  2990     06D2  30E8               	movlw	232
  2991     06D3  00F0               	movwf	delay@length
  2992     06D4  3003               	movlw	3
  2993     06D5  00F1               	movwf	delay@length+1
  2994     06D6  3180  2067  3185   	fcall	_delay
  2995     06D9                     l2449:
  2996                           
  2997                           ;SourceFiles/main.c: 164:                 break;
  2998     06D9  0022               	movlb	2	; select bank2
  2999     06DA  100C               	bcf	12,0	;volatile
  3000                           
  3001                           ;SourceFiles/main.c: 165:             }
  3002     06DB  30E8               	movlw	232
  3003     06DC  00F0               	movwf	delay@length
  3004     06DD  3003               	movlw	3
  3005     06DE  00F1               	movwf	delay@length+1
  3006     06DF  3180  2067  3185   	fcall	_delay
  3007     06E2                     l2451:
  3008                           
  3009                           ;SourceFiles/main.c: 166: 
  3010     06E2  3050               	movlw	(low (_result| 0))& (0+255)
  3011     06E3  00F6               	movwf	sendNOP@result
  3012     06E4  3180  208B  3185   	fcall	_sendNOP
  3013     06E7                     l2453:
  3014                           
  3015                           ;SourceFiles/main.c: 167:             case DONE: {
  3016     06E7  3027               	movlw	39
  3017     06E8  0020               	movlb	0	; select bank0
  3018     06E9  00D7               	movwf	_bytes
  3019     06EA                     l2455:
  3020                           
  3021                           ;SourceFiles/main.c: 168:                 currentState = COLLECT_ADC_DATA;
  3022     06EA  3070               	movlw	112
  3023     06EB  00D8               	movwf	_bytes+1
  3024     06EC                     l2457:
  3025                           
  3026                           ;SourceFiles/main.c: 170:                 break;
  3027     06EC  3057               	movlw	(low (_bytes| 0))& (0+255)
  3028     06ED  00F2               	movwf	SendSPI@bytes
  3029     06EE  3050               	movlw	(low (_result| 0))& (0+255)
  3030     06EF  00F3               	movwf	SendSPI@result
  3031     06F0  3002               	movlw	2
  3032     06F1  00F4               	movwf	SendSPI@n
  3033     06F2  3183  234B  3185   	fcall	_SendSPI
  3034     06F5                     l2459:
  3035                           
  3036                           ;SourceFiles/main.c: 171:             }
  3037     06F5  3050               	movlw	(low (_result| 0))& (0+255)
  3038     06F6  00F6               	movwf	sendNOP@result
  3039     06F7  3180  208B  3185   	fcall	_sendNOP
  3040     06FA                     l2461:
  3041                           
  3042                           ;SourceFiles/main.c: 172: 
  3043     06FA  0020               	movlb	0	; select bank0
  3044     06FB  0850               	movf	_result,w
  3045     06FC  3970               	andlw	112
  3046     06FD  1D03               	btfss	3,2
  3047     06FE  2F00               	goto	u1321
  3048     06FF  2F01               	goto	u1320
  3049     0700                     u1321:
  3050     0700  2EEC               	goto	l2457
  3051     0701                     u1320:
  3052     0701                     l115:
  3053                           
  3054                           ;SourceFiles/main.c: 176:                     if (result[0] & 0x40) {
  3055     0701  3005               	movlw	5
  3056     0702  00CE               	movwf	_currentState
  3057     0703  2FC2               	goto	l2527
  3058     0704                     l2465:
  3059                           
  3060                           ;SourceFiles/main.c: 182:                     SendSPI(bytes, result, 2);
  3061     0704  01CE               	clrf	_currentState
  3062     0705                     l2467:
  3063                           
  3064                           ;SourceFiles/main.c: 183:                 }
  3065     0705  0021               	movlb	1	; select bank1
  3066     0706  149D               	bsf	29,1	;volatile
  3067                           
  3068                           ;SourceFiles/main.c: 184:                 break;
  3069     0707  2FC2               	goto	l2527
  3070     0708                     l118:	
  3071                           ;SourceFiles/main.c: 185:             };SourceFiles/main.c: 187:             case UPDATE
      +                          _CONTROLS: {
  3072                           
  3073                           
  3074                           ;SourceFiles/main.c: 188:                 _Bool validData = readRXFIFO(result);
  3075     0708  188C               	btfsc	12,1	;volatile
  3076     0709  2F0B               	goto	u1331
  3077     070A  2F0C               	goto	u1330
  3078     070B                     u1331:
  3079     070B  2FC2               	goto	l2527
  3080     070C                     u1330:
  3081     070C                     l2469:
  3082                           
  3083                           ;SourceFiles/main.c: 189:                 if (validData && result[1] == 0x01) {
  3084     070C  3050               	movlw	(low (_result| 0))& (0+255)
  3085     070D  00F6               	movwf	sendNOP@result
  3086     070E  3180  208B  3185   	fcall	_sendNOP
  3087     0711                     l2471:
  3088                           
  3089                           ;SourceFiles/main.c: 190:                     uint16_t motorSpeed = (uint16_t)((result[2
      +                          ] << 8) | result[3]);
  3090     0711  0020               	movlb	0	; select bank0
  3091     0712  1F50               	btfss	_result,6
  3092     0713  2F15               	goto	u1341
  3093     0714  2F16               	goto	u1340
  3094     0715                     u1341:
  3095     0715  2F18               	goto	l120
  3096     0716                     u1340:
  3097     0716                     l2473:
  3098                           
  3099                           ;SourceFiles/main.c: 191:                     uint16_t servoPos = (uint16_t)((result[4] 
      +                          << 8) | result[5]);
  3100     0716  3004               	movlw	4
  3101     0717  00CE               	movwf	_currentState
  3102     0718                     l120:	
  3103                           ;SourceFiles/main.c: 192:                     servoPos = 15 * (servoPos / 1023 + 1);
  3104                           
  3105                           
  3106                           ;SourceFiles/main.c: 194:                         motorSpeed -= 512;
  3107     0718  3027               	movlw	39
  3108     0719  00D7               	movwf	_bytes
  3109                           
  3110                           ;SourceFiles/main.c: 195:                         spinDir = 1;
  3111     071A  3070               	movlw	112
  3112     071B  00D8               	movwf	_bytes+1
  3113     071C                     l2475:
  3114                           
  3115                           ;SourceFiles/main.c: 196:                     } else {
  3116     071C  3057               	movlw	(low (_bytes| 0))& (0+255)
  3117     071D  00F2               	movwf	SendSPI@bytes
  3118     071E  3050               	movlw	(low (_result| 0))& (0+255)
  3119     071F  00F3               	movwf	SendSPI@result
  3120     0720  3002               	movlw	2
  3121     0721  00F4               	movwf	SendSPI@n
  3122     0722  3183  234B  3185   	fcall	_SendSPI
  3123     0725  2FC2               	goto	l2527
  3124     0726                     l2477:
  3125                           
  3126                           ;SourceFiles/main.c: 202:                     if (prevSpinDir != spinDir) {
  3127     0726  3050               	movlw	(low (_result| 0))& (0+255)
  3128     0727  00F6               	movwf	readRXFIFO@result
  3129     0728  3182  22C1  3185   	fcall	_readRXFIFO
  3130     072B  0020               	movlb	0	; select bank0
  3131     072C  00BE               	movwf	main@validData
  3132     072D                     l2479:
  3133                           
  3134                           ;SourceFiles/main.c: 203:                         if (spinDir) {
  3135     072D  083E               	movf	main@validData,w
  3136     072E  1903               	btfsc	3,2
  3137     072F  2F31               	goto	u1351
  3138     0730  2F32               	goto	u1350
  3139     0731                     u1351:
  3140     0731  2E50               	goto	l2403
  3141     0732                     u1350:
  3142     0732                     l2481:
  3143     0732  0351               	decf	_result+1,w
  3144     0733  1D03               	btfss	3,2
  3145     0734  2F36               	goto	u1361
  3146     0735  2F37               	goto	u1360
  3147     0736                     u1361:
  3148     0736  2E50               	goto	l2403
  3149     0737                     u1360:
  3150     0737                     l2483:
  3151                           
  3152                           ;SourceFiles/main.c: 204:                             RC2PPS = 0b00010;
  3153     0737  0853               	movf	_result+3,w
  3154     0738  00B7               	movwf	??_main
  3155     0739  01B8               	clrf	??_main+1
  3156     073A  0852               	movf	_result+2,w
  3157     073B  00B9               	movwf	??_main+2
  3158     073C  01BA               	clrf	??_main+3
  3159     073D  0839               	movf	??_main+2,w
  3160     073E  00BA               	movwf	??_main+3
  3161     073F  01B9               	clrf	??_main+2
  3162     0740  0837               	movf	??_main,w
  3163     0741  0439               	iorwf	??_main+2,w
  3164     0742  00C1               	movwf	main@motorSpeed
  3165     0743  0838               	movf	??_main+1,w
  3166     0744  043A               	iorwf	??_main+3,w
  3167     0745  00C2               	movwf	main@motorSpeed+1
  3168                           
  3169                           ;SourceFiles/main.c: 205:                             RC4PPS = 0b00000;
  3170     0746  0855               	movf	_result+5,w
  3171     0747  00B7               	movwf	??_main
  3172     0748  01B8               	clrf	??_main+1
  3173     0749  0854               	movf	_result+4,w
  3174     074A  00B9               	movwf	??_main+2
  3175     074B  01BA               	clrf	??_main+3
  3176     074C  0839               	movf	??_main+2,w
  3177     074D  00BA               	movwf	??_main+3
  3178     074E  01B9               	clrf	??_main+2
  3179     074F  0837               	movf	??_main,w
  3180     0750  0439               	iorwf	??_main+2,w
  3181     0751  00BC               	movwf	main@servoPos
  3182     0752  0838               	movf	??_main+1,w
  3183     0753  043A               	iorwf	??_main+3,w
  3184     0754  00BD               	movwf	main@servoPos+1
  3185     0755                     l2485:
  3186                           
  3187                           ;SourceFiles/main.c: 206:                             LATCbits.LATC4 = 0;
  3188     0755  30FF               	movlw	255
  3189     0756  00F0               	movwf	___lwdiv@divisor
  3190     0757  3003               	movlw	3
  3191     0758  00F1               	movwf	___lwdiv@divisor+1
  3192     0759  083D               	movf	main@servoPos+1,w
  3193     075A  00F3               	movwf	___lwdiv@dividend+1
  3194     075B  083C               	movf	main@servoPos,w
  3195     075C  00F2               	movwf	___lwdiv@dividend
  3196     075D  3181  21C9  3185   	fcall	___lwdiv
  3197     0760  0870               	movf	?___lwdiv,w
  3198     0761  3E01               	addlw	1
  3199     0762  00F7               	movwf	___wmul@multiplier
  3200     0763  3000               	movlw	0
  3201     0764  3D71               	addwfc	?___lwdiv+1,w
  3202     0765  00F8               	movwf	___wmul@multiplier+1
  3203     0766  300F               	movlw	15
  3204     0767  00F9               	movwf	___wmul@multiplicand
  3205     0768  3000               	movlw	0
  3206     0769  00FA               	movwf	___wmul@multiplicand+1
  3207     076A  3180  20B9  3185   	fcall	___wmul
  3208     076D  0878               	movf	?___wmul+1,w
  3209     076E  0020               	movlb	0	; select bank0
  3210     076F  00BD               	movwf	main@servoPos+1
  3211     0770  0877               	movf	?___wmul,w
  3212     0771  00BC               	movwf	main@servoPos
  3213     0772                     l2487:
  3214                           
  3215                           ;SourceFiles/main.c: 207:                         } else {
  3216     0772  3002               	movlw	2
  3217     0773  0242               	subwf	main@motorSpeed+1,w
  3218     0774  3001               	movlw	1
  3219     0775  1903               	skipnz
  3220     0776  0241               	subwf	main@motorSpeed,w
  3221     0777  1C03               	skipc
  3222     0778  2F7A               	goto	u1371
  3223     0779  2F7B               	goto	u1370
  3224     077A                     u1371:
  3225     077A  2F82               	goto	l2493
  3226     077B                     u1370:
  3227     077B                     l2489:
  3228                           
  3229                           ;SourceFiles/main.c: 208:                             RC2PPS = 0b00000;
  3230     077B  3000               	movlw	0
  3231     077C  02C1               	subwf	main@motorSpeed,f
  3232     077D  3002               	movlw	2
  3233     077E  3BC2               	subwfb	main@motorSpeed+1,f
  3234     077F                     l2491:
  3235                           
  3236                           ;SourceFiles/main.c: 209:                             RC4PPS = 0b00010;
  3237     077F  3001               	movlw	1
  3238     0780  00CD               	movwf	_spinDir
  3239                           
  3240                           ;SourceFiles/main.c: 210:                             LATCbits.LATC2 = 0;
  3241     0781  2F8D               	goto	l2497
  3242     0782                     l2493:
  3243                           
  3244                           ;SourceFiles/main.c: 211:                         }
  3245     0782  3000               	movlw	0
  3246     0783  00B7               	movwf	??_main
  3247     0784  3002               	movlw	2
  3248     0785  00B8               	movwf	??_main+1
  3249     0786  0841               	movf	main@motorSpeed,w
  3250     0787  0237               	subwf	??_main,w
  3251     0788  00C1               	movwf	main@motorSpeed
  3252     0789  0842               	movf	main@motorSpeed+1,w
  3253     078A  3B38               	subwfb	??_main+1,w
  3254     078B  00C2               	movwf	main@motorSpeed+1
  3255     078C                     l2495:
  3256                           
  3257                           ;SourceFiles/main.c: 213:                     }
  3258     078C  01CD               	clrf	_spinDir
  3259     078D                     l2497:
  3260                           
  3261                           ;SourceFiles/main.c: 215:                     PWM5DCH = (uint8_t)(motorSpeed >> 2);
  3262     078D  002C               	movlb	12	; select bank12
  3263     078E  1399               	bcf	25,7	;volatile
  3264     078F                     l2499:
  3265                           
  3266                           ;SourceFiles/main.c: 216:                     PWM5CONbits.PWM5EN = 1;
  3267     078F  0020               	movlb	0	; select bank0
  3268     0790  0867               	movf	_prevSpinDir,w
  3269     0791  064D               	xorwf	_spinDir,w
  3270     0792  1903               	skipnz
  3271     0793  2F95               	goto	u1381
  3272     0794  2F96               	goto	u1380
  3273     0795                     u1381:
  3274     0795  2FAB               	goto	l2517
  3275     0796                     u1380:
  3276     0796                     l2501:
  3277                           
  3278                           ;SourceFiles/main.c: 217:                 }
  3279     0796  084D               	movf	_spinDir,w
  3280     0797  1903               	btfsc	3,2
  3281     0798  2F9A               	goto	u1391
  3282     0799  2F9B               	goto	u1390
  3283     079A                     u1391:
  3284     079A  2FA2               	goto	l2509
  3285     079B                     u1390:
  3286     079B                     l2503:
  3287                           
  3288                           ;SourceFiles/main.c: 218:                 currentState = READ_RX;
  3289     079B  3002               	movlw	2
  3290     079C  003D               	movlb	29	; select bank29
  3291     079D  00A2               	movwf	34	;volatile
  3292     079E                     l2505:
  3293                           
  3294                           ;SourceFiles/main.c: 219:                 break;
  3295     079E  01A4               	clrf	36	;volatile
  3296     079F                     l2507:
  3297                           
  3298                           ;SourceFiles/main.c: 220:             }
  3299     079F  0022               	movlb	2	; select bank2
  3300     07A0  120E               	bcf	14,4	;volatile
  3301                           
  3302                           ;SourceFiles/main.c: 221:         }
  3303     07A1  2FA8               	goto	l2515
  3304     07A2                     l2509:
  3305                           
  3306                           ;SourceFiles/main.c: 222:     }
  3307     07A2  003D               	movlb	29	; select bank29
  3308     07A3  01A2               	clrf	34	;volatile
  3309     07A4                     l2511:
  3310                           
  3311                           ;SourceFiles/main.c: 223:     return 1;
  3312     07A4  3002               	movlw	2
  3313     07A5  00A4               	movwf	36	;volatile
  3314     07A6                     l2513:
  3315                           
  3316                           ;SourceFiles/main.c: 224: }
  3317     07A6  0022               	movlb	2	; select bank2
  3318     07A7  110E               	bcf	14,2	;volatile
  3319     07A8                     l2515:
  3320     07A8  0020               	movlb	0	; select bank0
  3321     07A9  084D               	movf	_spinDir,w
  3322     07AA  00E7               	movwf	_prevSpinDir
  3323     07AB                     l2517:
  3324     07AB  0841               	movf	main@motorSpeed,w
  3325     07AC  00B7               	movwf	??_main
  3326     07AD  3006               	movlw	6
  3327     07AE                     u1405:
  3328     07AE  35B7               	lslf	??_main,f
  3329     07AF  0B89               	decfsz	9,f
  3330     07B0  2FAE               	goto	u1405
  3331     07B1  0837               	movf	??_main,w
  3332     07B2  002C               	movlb	12	; select bank12
  3333     07B3  0097               	movwf	23	;volatile
  3334     07B4                     l2519:
  3335     07B4  0020               	movlb	0	; select bank0
  3336     07B5  0842               	movf	main@motorSpeed+1,w
  3337     07B6  00B8               	movwf	??_main+1
  3338     07B7  0841               	movf	main@motorSpeed,w
  3339     07B8  00B7               	movwf	??_main
  3340     07B9  36B8               	lsrf	??_main+1,f
  3341     07BA  0CB7               	rrf	??_main,f
  3342     07BB  36B8               	lsrf	??_main+1,f
  3343     07BC  0CB7               	rrf	??_main,f
  3344     07BD  0837               	movf	??_main,w
  3345     07BE  002C               	movlb	12	; select bank12
  3346     07BF  0098               	movwf	24	;volatile
  3347     07C0                     l2521:
  3348     07C0  1799               	bsf	25,7	;volatile
  3349     07C1  2E50               	goto	l2403
  3350     07C2                     l2527:
  3351     07C2  0020               	movlb	0	; select bank0
  3352     07C3  084E               	movf	_currentState,w
  3353     07C4  00B7               	movwf	??_main
  3354     07C5  01B8               	clrf	??_main+1
  3355                           
  3356                           ; Switch on 2 bytes has been partitioned into a top level switch of size 1, and 1 sub-sw
      +                          itches
  3357                           ; Switch size 1, requested type "simple"
  3358                           ; Number of cases is 1, Range of values is 0 to 0
  3359                           ; switch strategies available:
  3360                           ; Name         Instructions Cycles
  3361                           ; simple_byte            4     3 (average)
  3362                           ; direct_byte            8     6 (fixed)
  3363                           ; jumptable            260     6 (fixed)
  3364                           ;	Chosen strategy is simple_byte
  3365     07C6  0838               	movf	??_main+1,w
  3366     07C7  3A00               	xorlw	0	; case 0
  3367     07C8  1903               	skipnz
  3368     07C9  2FCB               	goto	l2585
  3369     07CA  2FC2               	goto	l2527
  3370     07CB                     l2585:
  3371                           
  3372                           ; Switch size 1, requested type "simple"
  3373                           ; Number of cases is 6, Range of values is 0 to 5
  3374                           ; switch strategies available:
  3375                           ; Name         Instructions Cycles
  3376                           ; direct_byte           18     6 (fixed)
  3377                           ; simple_byte           19    10 (average)
  3378                           ; jumptable            260     6 (fixed)
  3379                           ;	Chosen strategy is simple_byte
  3380     07CB  0837               	movf	??_main,w
  3381     07CC  3A00               	xorlw	0	; case 0
  3382     07CD  1903               	skipnz
  3383     07CE  2E64               	goto	l101
  3384     07CF  3A01               	xorlw	1	; case 1
  3385     07D0  1903               	skipnz
  3386     07D1  2EBE               	goto	l2441
  3387     07D2  3A03               	xorlw	3	; case 2
  3388     07D3  1903               	skipnz
  3389     07D4  2ECC               	goto	l111
  3390     07D5  3A01               	xorlw	1	; case 3
  3391     07D6  1903               	skipnz
  3392     07D7  2F08               	goto	l118
  3393     07D8  3A07               	xorlw	7	; case 4
  3394     07D9  1903               	skipnz
  3395     07DA  2F26               	goto	l2477
  3396     07DB  3A01               	xorlw	1	; case 5
  3397     07DC  1903               	skipnz
  3398     07DD  2F04               	goto	l2465
  3399     07DE  2FC2               	goto	l2527
  3400     07DF  3180  2802         	ljmp	start
  3401     07E1                     __end_of_main:
  3402                           
  3403                           	psect	text1
  3404     0163                     __ptext1:	
  3405 ;; *************** function _transmitPayload *****************
  3406 ;; Defined at:
  3407 ;;		line 24 in file "SourceFiles/TransmitService.c"
  3408 ;; Parameters:    Size  Location     Type
  3409 ;;  statusBits      1    wreg     unsigned char 
  3410 ;; Auto vars:     Size  Location     Type
  3411 ;;  statusBits      1   11[BANK0 ] unsigned char 
  3412 ;;  databytes       2   12[BANK0 ] unsigned char [2]
  3413 ;;  result          2    9[BANK0 ] unsigned char [2]
  3414 ;;  result          9    0[BANK0 ] unsigned char [9]
  3415 ;; Return value:  Size  Location     Type
  3416 ;;                  1    wreg      void 
  3417 ;; Registers used:
  3418 ;;		wreg, fsr1l, fsr1h, status,2, status,0, pclath, cstack
  3419 ;; Tracked objects:
  3420 ;;		On entry : 0/0
  3421 ;;		On exit  : 0/0
  3422 ;;		Unchanged: 0/0
  3423 ;; Data sizes:     COMMON   BANK0   BANK1   BANK2   BANK3   BANK4   BANK5   BANK6   BANK7   BANK8   BANK9  BANK10  BANK1
      +1  BANK12  BANK13  BANK14  BANK15  BANK16  BANK17  BANK18  BANK19  BANK20  BANK21  BANK22  BANK23  BANK24  BANK25
  3424 ;;      Params:         0       0       0       0       0       0       0       0       0       0       0       0       
      +0       0       0       0       0       0       0       0       0       0       0       0       0       0       0
  3425 ;;      Locals:         0      14       0       0       0       0       0       0       0       0       0       0       
      +0       0       0       0       0       0       0       0       0       0       0       0       0       0       0
  3426 ;;      Temps:          0       0       0       0       0       0       0       0       0       0       0       0       
      +0       0       0       0       0       0       0       0       0       0       0       0       0       0       0
  3427 ;;      Totals:         0      14       0       0       0       0       0       0       0       0       0       0       
      +0       0       0       0       0       0       0       0       0       0       0       0       0       0       0
  3428 ;;Total ram usage:       14 bytes
  3429 ;; Hardware stack levels used: 1
  3430 ;; Hardware stack levels required when called: 2
  3431 ;; This function calls:
  3432 ;;		_SendSPI
  3433 ;;		_ce
  3434 ;;		_delay
  3435 ;; This function is called by:
  3436 ;;		_main
  3437 ;; This function uses a non-reentrant model
  3438 ;;
  3439                           
  3440     0163                     _transmitPayload:	
  3441                           ;psect for function _transmitPayload
  3442                           
  3443                           
  3444                           ;incstack = 0
  3445                           ; Regs used in _transmitPayload: [wreg+fsr1l+fsr1h+status,2+status,0+pclath+cstack]
  3446                           ;transmitPayload@statusBits stored from wreg
  3447     0163  0020               	movlb	0	; select bank0
  3448     0164  00AB               	movwf	transmitPayload@statusBits
  3449     0165                     l2257:
  3450                           
  3451                           ;SourceFiles/TransmitService.c: 25:  readyToTransmit = 0;
  3452     0165  01E2               	clrf	_readyToTransmit
  3453     0166                     l2259:
  3454                           
  3455                           ;SourceFiles/TransmitService.c: 27:  if (statusBits & 0x70) {
  3456     0166  082B               	movf	transmitPayload@statusBits,w
  3457     0167  3970               	andlw	112
  3458     0168  1903               	btfsc	3,2
  3459     0169  296B               	goto	u1041
  3460     016A  296C               	goto	u1040
  3461     016B                     u1041:
  3462     016B  2979               	goto	l353
  3463     016C                     u1040:
  3464     016C                     l2261:
  3465                           
  3466                           ;SourceFiles/TransmitService.c: 29:   uint8_t databytes[2];;SourceFiles/TransmitService.
      +                          c: 30:         uint8_t result[2];;SourceFiles/TransmitService.c: 31:         databytes[0
      +                          ] = 0x20 | 0x07;
  3467     016C  3027               	movlw	39
  3468     016D  00AC               	movwf	transmitPayload@databytes
  3469                           
  3470                           ;SourceFiles/TransmitService.c: 32:         databytes[1] = 0x70;
  3471     016E  3070               	movlw	112
  3472     016F  00AD               	movwf	transmitPayload@databytes+1
  3473     0170                     l2263:
  3474                           
  3475                           ;SourceFiles/TransmitService.c: 33:         SendSPI(databytes, result, 2);
  3476     0170  302C               	movlw	(low (transmitPayload@databytes| 0))& (0+255)
  3477     0171  00F2               	movwf	SendSPI@bytes
  3478     0172  3029               	movlw	(low (transmitPayload@result| 0))& (0+255)
  3479     0173  00F3               	movwf	SendSPI@result
  3480     0174  3002               	movlw	2
  3481     0175  00F4               	movwf	SendSPI@n
  3482     0176  3183  234B  3181   	fcall	_SendSPI
  3483     0179                     l353:	
  3484                           ;SourceFiles/TransmitService.c: 34:  }
  3485                           
  3486                           
  3487                           ;SourceFiles/TransmitService.c: 35:  uint8_t result[8 + 1];;SourceFiles/TransmitService.
      +                          c: 36:  SendSPI(payload, result, 8 + 1);
  3488     0179  30A0               	movlw	(low (_payload| 0))& (0+255)
  3489     017A  00F2               	movwf	SendSPI@bytes
  3490     017B  3020               	movlw	(low (transmitPayload@result_957| 0))& (0+255)
  3491     017C  00F3               	movwf	SendSPI@result
  3492     017D  3009               	movlw	9
  3493     017E  00F4               	movwf	SendSPI@n
  3494     017F  3183  234B  3181   	fcall	_SendSPI
  3495     0182                     l2265:
  3496                           
  3497                           ;SourceFiles/TransmitService.c: 37:  ce(TRANSMITTER, HIGH);
  3498     0182  01F0               	clrf	ce@level
  3499     0183  0AF0               	incf	ce@level,f
  3500     0184  3001               	movlw	1
  3501     0185  3180  20D8  3181   	fcall	_ce
  3502     0188                     l2267:
  3503                           
  3504                           ;SourceFiles/TransmitService.c: 38:  delay(45);
  3505     0188  302D               	movlw	45
  3506     0189  00F0               	movwf	delay@length
  3507     018A  3000               	movlw	0
  3508     018B  00F1               	movwf	delay@length+1
  3509     018C  3180  2067  3181   	fcall	_delay
  3510     018F                     l2269:
  3511                           
  3512                           ;SourceFiles/TransmitService.c: 39:  ce(TRANSMITTER, LOW);
  3513     018F  01F0               	clrf	ce@level
  3514     0190  3001               	movlw	1
  3515     0191  3180  20D8  3181   	fcall	_ce
  3516     0194                     l354:
  3517     0194  0008               	return
  3518     0195                     __end_of_transmitPayload:
  3519                           
  3520                           	psect	text2
  3521     0103                     __ptext2:	
  3522 ;; *************** function _setupSPI *****************
  3523 ;; Defined at:
  3524 ;;		line 55 in file "SourceFiles/TransmitService.c"
  3525 ;; Parameters:    Size  Location     Type
  3526 ;;  radioType       1    wreg     enum E6378
  3527 ;; Auto vars:     Size  Location     Type
  3528 ;;  radioType       1    0[COMMON] enum E6378
  3529 ;; Return value:  Size  Location     Type
  3530 ;;                  1    wreg      void 
  3531 ;; Registers used:
  3532 ;;		wreg, status,2, status,0
  3533 ;; Tracked objects:
  3534 ;;		On entry : 0/0
  3535 ;;		On exit  : 0/0
  3536 ;;		Unchanged: 0/0
  3537 ;; Data sizes:     COMMON   BANK0   BANK1   BANK2   BANK3   BANK4   BANK5   BANK6   BANK7   BANK8   BANK9  BANK10  BANK1
      +1  BANK12  BANK13  BANK14  BANK15  BANK16  BANK17  BANK18  BANK19  BANK20  BANK21  BANK22  BANK23  BANK24  BANK25
  3538 ;;      Params:         0       0       0       0       0       0       0       0       0       0       0       0       
      +0       0       0       0       0       0       0       0       0       0       0       0       0       0       0
  3539 ;;      Locals:         1       0       0       0       0       0       0       0       0       0       0       0       
      +0       0       0       0       0       0       0       0       0       0       0       0       0       0       0
  3540 ;;      Temps:          0       0       0       0       0       0       0       0       0       0       0       0       
      +0       0       0       0       0       0       0       0       0       0       0       0       0       0       0
  3541 ;;      Totals:         1       0       0       0       0       0       0       0       0       0       0       0       
      +0       0       0       0       0       0       0       0       0       0       0       0       0       0       0
  3542 ;;Total ram usage:        1 bytes
  3543 ;; Hardware stack levels used: 1
  3544 ;; This function calls:
  3545 ;;		Nothing
  3546 ;; This function is called by:
  3547 ;;		_main
  3548 ;; This function uses a non-reentrant model
  3549 ;;
  3550                           
  3551     0103                     _setupSPI:	
  3552                           ;psect for function _setupSPI
  3553                           
  3554                           
  3555                           ;incstack = 0
  3556                           ; Regs used in _setupSPI: [wreg+status,2+status,0]
  3557                           ;setupSPI@radioType stored from wreg
  3558     0103  00F0               	movwf	setupSPI@radioType
  3559     0104                     l2023:
  3560                           
  3561                           ;SourceFiles/TransmitService.c: 58:     TRISCbits.TRISC0 = 0;
  3562     0104  0021               	movlb	1	; select bank1
  3563     0105  100E               	bcf	14,0	;volatile
  3564                           
  3565                           ;SourceFiles/TransmitService.c: 60:     RC0PPS = 0b11000;
  3566     0106  3018               	movlw	24
  3567     0107  003D               	movlb	29	; select bank29
  3568     0108  00A0               	movwf	32	;volatile
  3569                           
  3570                           ;SourceFiles/TransmitService.c: 64:     TRISCbits.TRISC1 = 1;
  3571     0109  0021               	movlb	1	; select bank1
  3572     010A  148E               	bsf	14,1	;volatile
  3573                           
  3574                           ;SourceFiles/TransmitService.c: 66:     ANSELCbits.ANSC1 = 0;
  3575     010B  0023               	movlb	3	; select bank3
  3576     010C  108E               	bcf	14,1	;volatile
  3577                           
  3578                           ;SourceFiles/TransmitService.c: 68:     SSP1DATPPS = 0b10001;
  3579     010D  3011               	movlw	17
  3580     010E  003C               	movlb	28	; select bank28
  3581     010F  00A1               	movwf	33	;volatile
  3582     0110                     l2025:
  3583                           
  3584                           ;SourceFiles/TransmitService.c: 71:     if (radioType == TRANSMITTER) {
  3585     0110  0370               	decf	setupSPI@radioType,w
  3586     0111  1D03               	btfss	3,2
  3587     0112  2914               	goto	u961
  3588     0113  2915               	goto	u960
  3589     0114                     u961:
  3590     0114  291B               	goto	l2029
  3591     0115                     u960:
  3592     0115                     l2027:
  3593                           
  3594                           ;SourceFiles/TransmitService.c: 73:         TRISCbits.TRISC5 = 0;
  3595     0115  0021               	movlb	1	; select bank1
  3596     0116  128E               	bcf	14,5	;volatile
  3597                           
  3598                           ;SourceFiles/TransmitService.c: 75:         RC5PPS = 0b11001;
  3599     0117  3019               	movlw	25
  3600     0118  003D               	movlb	29	; select bank29
  3601     0119  00A5               	movwf	37	;volatile
  3602                           
  3603                           ;SourceFiles/TransmitService.c: 76:     } else if (radioType == RECEIVER) {
  3604     011A  2925               	goto	l365
  3605     011B                     l2029:
  3606     011B  0870               	movf	setupSPI@radioType,w
  3607     011C  1D03               	btfss	3,2
  3608     011D  291F               	goto	u971
  3609     011E  2920               	goto	u970
  3610     011F                     u971:
  3611     011F  2925               	goto	l365
  3612     0120                     u970:
  3613     0120                     l2031:
  3614                           
  3615                           ;SourceFiles/TransmitService.c: 78:         TRISAbits.TRISA2 = 0;
  3616     0120  0021               	movlb	1	; select bank1
  3617     0121  110C               	bcf	12,2	;volatile
  3618                           
  3619                           ;SourceFiles/TransmitService.c: 80:         RA2PPS = 0b11001;
  3620     0122  3019               	movlw	25
  3621     0123  003D               	movlb	29	; select bank29
  3622     0124  0092               	movwf	18	;volatile
  3623     0125                     l365:
  3624                           
  3625                           ;SourceFiles/TransmitService.c: 85:     TRISAbits.TRISA4 = 0;
  3626     0125  0021               	movlb	1	; select bank1
  3627     0126  120C               	bcf	12,4	;volatile
  3628                           
  3629                           ;SourceFiles/TransmitService.c: 87:     LATAbits.LATA4 = 1;
  3630     0127  0022               	movlb	2	; select bank2
  3631     0128  160C               	bsf	12,4	;volatile
  3632                           
  3633                           ;SourceFiles/TransmitService.c: 90:     SSP1CON1bits.SSPEN = 1;
  3634     0129  0024               	movlb	4	; select bank4
  3635     012A  1695               	bsf	21,5	;volatile
  3636     012B                     l2033:
  3637                           
  3638                           ;SourceFiles/TransmitService.c: 92:     SSP1CON1bits.SSPM = 0b0000;
  3639     012B  30F0               	movlw	-16
  3640     012C  0595               	andwf	21,f	;volatile
  3641     012D                     l2035:
  3642                           
  3643                           ;SourceFiles/TransmitService.c: 95:     SSP1STATbits.SMP = 1;
  3644     012D  1794               	bsf	20,7	;volatile
  3645     012E                     l2037:
  3646                           
  3647                           ;SourceFiles/TransmitService.c: 97:     SSP1STATbits.CKE = 1;
  3648     012E  1714               	bsf	20,6	;volatile
  3649     012F                     l2039:
  3650                           
  3651                           ;SourceFiles/TransmitService.c: 99:     SSP1CON1bits.CKP = 0;
  3652     012F  1215               	bcf	21,4	;volatile
  3653     0130                     l367:
  3654     0130  0008               	return
  3655     0131                     __end_of_setupSPI:
  3656                           
  3657                           	psect	text3
  3658     008B                     __ptext3:	
  3659 ;; *************** function _sendNOP *****************
  3660 ;; Defined at:
  3661 ;;		line 44 in file "SourceFiles/SPI.c"
  3662 ;; Parameters:    Size  Location     Type
  3663 ;;  result          1    6[COMMON] PTR unsigned char 
  3664 ;;		 -> result(7), 
  3665 ;; Auto vars:     Size  Location     Type
  3666 ;;  bytes           1    7[COMMON] unsigned char [1]
  3667 ;; Return value:  Size  Location     Type
  3668 ;;                  1    wreg      void 
  3669 ;; Registers used:
  3670 ;;		wreg, fsr1l, fsr1h, status,2, status,0, pclath, cstack
  3671 ;; Tracked objects:
  3672 ;;		On entry : 0/0
  3673 ;;		On exit  : 0/0
  3674 ;;		Unchanged: 0/0
  3675 ;; Data sizes:     COMMON   BANK0   BANK1   BANK2   BANK3   BANK4   BANK5   BANK6   BANK7   BANK8   BANK9  BANK10  BANK1
      +1  BANK12  BANK13  BANK14  BANK15  BANK16  BANK17  BANK18  BANK19  BANK20  BANK21  BANK22  BANK23  BANK24  BANK25
  3676 ;;      Params:         1       0       0       0       0       0       0       0       0       0       0       0       
      +0       0       0       0       0       0       0       0       0       0       0       0       0       0       0
  3677 ;;      Locals:         1       0       0       0       0       0       0       0       0       0       0       0       
      +0       0       0       0       0       0       0       0       0       0       0       0       0       0       0
  3678 ;;      Temps:          0       0       0       0       0       0       0       0       0       0       0       0       
      +0       0       0       0       0       0       0       0       0       0       0       0       0       0       0
  3679 ;;      Totals:         2       0       0       0       0       0       0       0       0       0       0       0       
      +0       0       0       0       0       0       0       0       0       0       0       0       0       0       0
  3680 ;;Total ram usage:        2 bytes
  3681 ;; Hardware stack levels used: 1
  3682 ;; Hardware stack levels required when called: 2
  3683 ;; This function calls:
  3684 ;;		_SendSPI
  3685 ;; This function is called by:
  3686 ;;		_main
  3687 ;; This function uses a non-reentrant model
  3688 ;;
  3689                           
  3690     008B                     _sendNOP:	
  3691                           ;psect for function _sendNOP
  3692                           
  3693     008B                     l2253:	
  3694                           ;incstack = 0
  3695                           ; Regs used in _sendNOP: [wreg+fsr1l+fsr1h+status,2+status,0+pclath+cstack]
  3696                           
  3697                           
  3698                           ;SourceFiles/SPI.c: 45:     uint8_t bytes[1] = {0xFF};
  3699     008B  0020               	movlb	0	; select bank0
  3700     008C  0866               	movf	sendNOP@F6364,w
  3701     008D  00F7               	movwf	sendNOP@bytes
  3702     008E                     l2255:
  3703                           
  3704                           ;SourceFiles/SPI.c: 46:     SendSPI(bytes, result, 1);
  3705     008E  3077               	movlw	(low (sendNOP@bytes| 0))& (0+255)
  3706     008F  00F2               	movwf	SendSPI@bytes
  3707     0090  0876               	movf	sendNOP@result,w
  3708     0091  00F3               	movwf	SendSPI@result
  3709     0092  01F4               	clrf	SendSPI@n
  3710     0093  0AF4               	incf	SendSPI@n,f
  3711     0094  3183  234B  3180   	fcall	_SendSPI
  3712     0097                     l177:
  3713     0097  0008               	return
  3714     0098                     __end_of_sendNOP:
  3715                           
  3716                           	psect	text4
  3717     02C1                     __ptext4:	
  3718 ;; *************** function _readRXFIFO *****************
  3719 ;; Defined at:
  3720 ;;		line 232 in file "SourceFiles/nRF24L01.c"
  3721 ;; Parameters:    Size  Location     Type
  3722 ;;  result          1    6[COMMON] PTR unsigned char 
  3723 ;;		 -> result(7), 
  3724 ;; Auto vars:     Size  Location     Type
  3725 ;;  i               1   13[BANK0 ] unsigned char 
  3726 ;;  i               2   11[BANK0 ] int 
  3727 ;;  bytes           9    0[BANK0 ] unsigned char [9]
  3728 ;;  checksum        1   10[BANK0 ] unsigned char 
  3729 ;;  ReturnVal       1    9[BANK0 ] _Bool 
  3730 ;; Return value:  Size  Location     Type
  3731 ;;                  1    wreg      _Bool 
  3732 ;; Registers used:
  3733 ;;		wreg, fsr1l, fsr1h, status,2, status,0, pclath, cstack
  3734 ;; Tracked objects:
  3735 ;;		On entry : 0/0
  3736 ;;		On exit  : 0/0
  3737 ;;		Unchanged: 0/0
  3738 ;; Data sizes:     COMMON   BANK0   BANK1   BANK2   BANK3   BANK4   BANK5   BANK6   BANK7   BANK8   BANK9  BANK10  BANK1
      +1  BANK12  BANK13  BANK14  BANK15  BANK16  BANK17  BANK18  BANK19  BANK20  BANK21  BANK22  BANK23  BANK24  BANK25
  3739 ;;      Params:         1       0       0       0       0       0       0       0       0       0       0       0       
      +0       0       0       0       0       0       0       0       0       0       0       0       0       0       0
  3740 ;;      Locals:         0      14       0       0       0       0       0       0       0       0       0       0       
      +0       0       0       0       0       0       0       0       0       0       0       0       0       0       0
  3741 ;;      Temps:          1       0       0       0       0       0       0       0       0       0       0       0       
      +0       0       0       0       0       0       0       0       0       0       0       0       0       0       0
  3742 ;;      Totals:         2      14       0       0       0       0       0       0       0       0       0       0       
      +0       0       0       0       0       0       0       0       0       0       0       0       0       0       0
  3743 ;;Total ram usage:       16 bytes
  3744 ;; Hardware stack levels used: 1
  3745 ;; Hardware stack levels required when called: 2
  3746 ;; This function calls:
  3747 ;;		_SendSPI
  3748 ;; This function is called by:
  3749 ;;		_main
  3750 ;; This function uses a non-reentrant model
  3751 ;;
  3752                           
  3753     02C1                     _readRXFIFO:	
  3754                           ;psect for function _readRXFIFO
  3755                           
  3756     02C1                     l2271:	
  3757                           ;incstack = 0
  3758                           ; Regs used in _readRXFIFO: [wreg+fsr1l+fsr1h+status,2+status,0+pclath+cstack]
  3759                           
  3760                           
  3761                           ;SourceFiles/nRF24L01.c: 233:  _Bool ReturnVal = 0;
  3762     02C1  0020               	movlb	0	; select bank0
  3763     02C2  01A9               	clrf	readRXFIFO@ReturnVal
  3764     02C3                     l2273:
  3765                           
  3766                           ;SourceFiles/nRF24L01.c: 234:  uint8_t bytes[8 + 1];;SourceFiles/nRF24L01.c: 235:  bytes
      +                          [0] = 0x61;
  3767     02C3  3061               	movlw	97
  3768     02C4  00A0               	movwf	readRXFIFO@bytes
  3769     02C5                     l2275:
  3770                           
  3771                           ;SourceFiles/nRF24L01.c: 236:  for (int i = 1; i < 8 + 1; i++) {
  3772     02C5  3001               	movlw	1
  3773     02C6  00AB               	movwf	readRXFIFO@i
  3774     02C7  3000               	movlw	0
  3775     02C8  00AC               	movwf	readRXFIFO@i+1
  3776     02C9                     l2281:
  3777                           
  3778                           ;SourceFiles/nRF24L01.c: 237:   bytes[i] = 0xFF;
  3779     02C9  0020               	movlb	0	; select bank0
  3780     02CA  082B               	movf	readRXFIFO@i,w
  3781     02CB  3E20               	addlw	(low (readRXFIFO@bytes| 0))& (0+255)
  3782     02CC  0086               	movwf	6
  3783     02CD  0187               	clrf	7
  3784     02CE  30FF               	movlw	255
  3785     02CF  0081               	movwf	1
  3786     02D0                     l2283:
  3787                           
  3788                           ;SourceFiles/nRF24L01.c: 238:  }
  3789     02D0  3001               	movlw	1
  3790     02D1  07AB               	addwf	readRXFIFO@i,f
  3791     02D2  3000               	movlw	0
  3792     02D3  3DAC               	addwfc	readRXFIFO@i+1,f
  3793     02D4                     l2285:
  3794     02D4  082C               	movf	readRXFIFO@i+1,w
  3795     02D5  3A80               	xorlw	128
  3796     02D6  00F7               	movwf	??_readRXFIFO
  3797     02D7  3080               	movlw	128
  3798     02D8  0277               	subwf	??_readRXFIFO,w
  3799     02D9  1D03               	skipz
  3800     02DA  2ADD               	goto	u1055
  3801     02DB  3009               	movlw	9
  3802     02DC  022B               	subwf	readRXFIFO@i,w
  3803     02DD                     u1055:
  3804     02DD  1C03               	skipc
  3805     02DE  2AE0               	goto	u1051
  3806     02DF  2AE1               	goto	u1050
  3807     02E0                     u1051:
  3808     02E0  2AC9               	goto	l2281
  3809     02E1                     u1050:
  3810     02E1                     l2287:
  3811                           
  3812                           ;SourceFiles/nRF24L01.c: 239:  SendSPI(bytes, result, 8 + 1);
  3813     02E1  3020               	movlw	(low (readRXFIFO@bytes| 0))& (0+255)
  3814     02E2  00F2               	movwf	SendSPI@bytes
  3815     02E3  0876               	movf	readRXFIFO@result,w
  3816     02E4  00F3               	movwf	SendSPI@result
  3817     02E5  3009               	movlw	9
  3818     02E6  00F4               	movwf	SendSPI@n
  3819     02E7  3183  234B  3182   	fcall	_SendSPI
  3820     02EA                     l2289:
  3821                           
  3822                           ;SourceFiles/nRF24L01.c: 240:  uint8_t checksum = 0;
  3823     02EA  0020               	movlb	0	; select bank0
  3824     02EB  01AA               	clrf	readRXFIFO@checksum
  3825     02EC                     l2291:
  3826                           
  3827                           ;SourceFiles/nRF24L01.c: 241:     for (uint8_t i = 1; i < 8 + 1; i++) {
  3828     02EC  3001               	movlw	1
  3829     02ED  00AD               	movwf	readRXFIFO@i_674
  3830     02EE                     l2297:
  3831                           
  3832                           ;SourceFiles/nRF24L01.c: 242:         checksum += result[i];
  3833     02EE  0876               	movf	readRXFIFO@result,w
  3834     02EF  072D               	addwf	readRXFIFO@i_674,w
  3835     02F0  0086               	movwf	6
  3836     02F1  0187               	clrf	7
  3837     02F2  0801               	movf	1,w
  3838     02F3  07AA               	addwf	readRXFIFO@checksum,f
  3839     02F4                     l2299:
  3840                           
  3841                           ;SourceFiles/nRF24L01.c: 243:     }
  3842     02F4  3001               	movlw	1
  3843     02F5  07AD               	addwf	readRXFIFO@i_674,f
  3844     02F6                     l2301:
  3845     02F6  3009               	movlw	9
  3846     02F7  022D               	subwf	readRXFIFO@i_674,w
  3847     02F8  1C03               	skipc
  3848     02F9  2AFB               	goto	u1061
  3849     02FA  2AFC               	goto	u1060
  3850     02FB                     u1061:
  3851     02FB  2AEE               	goto	l2297
  3852     02FC                     u1060:
  3853     02FC                     l2303:
  3854                           
  3855                           ;SourceFiles/nRF24L01.c: 244:  if (checksum == 0xFF) {
  3856     02FC  0A2A               	incf	readRXFIFO@checksum,w
  3857     02FD  1D03               	btfss	3,2
  3858     02FE  2B00               	goto	u1071
  3859     02FF  2B01               	goto	u1070
  3860     0300                     u1071:
  3861     0300  2B03               	goto	l2307
  3862     0301                     u1070:
  3863     0301                     l2305:
  3864                           
  3865                           ;SourceFiles/nRF24L01.c: 245:   ReturnVal = 1;
  3866     0301  3001               	movlw	1
  3867     0302  00A9               	movwf	readRXFIFO@ReturnVal
  3868     0303                     l2307:
  3869                           
  3870                           ;SourceFiles/nRF24L01.c: 247:  return ReturnVal;
  3871     0303  0829               	movf	readRXFIFO@ReturnVal,w
  3872     0304                     l269:
  3873     0304  0008               	return
  3874     0305                     __end_of_readRXFIFO:
  3875                           
  3876                           	psect	text5
  3877     0131                     __ptext5:	
  3878 ;; *************** function _packagePayload *****************
  3879 ;; Defined at:
  3880 ;;		line 42 in file "SourceFiles/TransmitService.c"
  3881 ;; Parameters:    Size  Location     Type
  3882 ;;  radioID         1    wreg     unsigned char 
  3883 ;;  bytes           1    0[COMMON] PTR unsigned char 
  3884 ;;		 -> bytes(7), 
  3885 ;; Auto vars:     Size  Location     Type
  3886 ;;  radioID         1    3[COMMON] unsigned char 
  3887 ;;  i               1    5[COMMON] unsigned char 
  3888 ;;  i               1    4[COMMON] unsigned char 
  3889 ;;  checksum        1    2[COMMON] unsigned char 
  3890 ;; Return value:  Size  Location     Type
  3891 ;;                  1    wreg      void 
  3892 ;; Registers used:
  3893 ;;		wreg, fsr0l, fsr0h, fsr1l, fsr1h, status,2, status,0
  3894 ;; Tracked objects:
  3895 ;;		On entry : 0/0
  3896 ;;		On exit  : 0/0
  3897 ;;		Unchanged: 0/0
  3898 ;; Data sizes:     COMMON   BANK0   BANK1   BANK2   BANK3   BANK4   BANK5   BANK6   BANK7   BANK8   BANK9  BANK10  BANK1
      +1  BANK12  BANK13  BANK14  BANK15  BANK16  BANK17  BANK18  BANK19  BANK20  BANK21  BANK22  BANK23  BANK24  BANK25
  3899 ;;      Params:         1       0       0       0       0       0       0       0       0       0       0       0       
      +0       0       0       0       0       0       0       0       0       0       0       0       0       0       0
  3900 ;;      Locals:         4       0       0       0       0       0       0       0       0       0       0       0       
      +0       0       0       0       0       0       0       0       0       0       0       0       0       0       0
  3901 ;;      Temps:          1       0       0       0       0       0       0       0       0       0       0       0       
      +0       0       0       0       0       0       0       0       0       0       0       0       0       0       0
  3902 ;;      Totals:         6       0       0       0       0       0       0       0       0       0       0       0       
      +0       0       0       0       0       0       0       0       0       0       0       0       0       0       0
  3903 ;;Total ram usage:        6 bytes
  3904 ;; Hardware stack levels used: 1
  3905 ;; This function calls:
  3906 ;;		Nothing
  3907 ;; This function is called by:
  3908 ;;		_main
  3909 ;; This function uses a non-reentrant model
  3910 ;;
  3911                           
  3912     0131                     _packagePayload:	
  3913                           ;psect for function _packagePayload
  3914                           
  3915                           
  3916                           ;incstack = 0
  3917                           ; Regs used in _packagePayload: [wreg-fsr1h+status,2+status,0]
  3918                           ;packagePayload@radioID stored from wreg
  3919     0131  00F3               	movwf	packagePayload@radioID
  3920     0132                     l2227:
  3921                           
  3922                           ;SourceFiles/TransmitService.c: 43:  uint8_t checksum = 0xFF - radioID;
  3923     0132  0973               	comf	packagePayload@radioID,w
  3924     0133  00F2               	movwf	packagePayload@checksum
  3925     0134                     l2229:
  3926                           
  3927                           ;SourceFiles/TransmitService.c: 44:     for (uint8_t i = 0; i < 6; i++) {
  3928     0134  01F4               	clrf	packagePayload@i
  3929     0135                     l2233:
  3930                           
  3931                           ;SourceFiles/TransmitService.c: 45:         checksum -= bytes[i];
  3932     0135  0870               	movf	packagePayload@bytes,w
  3933     0136  0774               	addwf	packagePayload@i,w
  3934     0137  0086               	movwf	6
  3935     0138  0187               	clrf	7
  3936     0139  0801               	movf	1,w
  3937     013A  02F2               	subwf	packagePayload@checksum,f
  3938     013B                     l2235:
  3939                           
  3940                           ;SourceFiles/TransmitService.c: 46:     }
  3941     013B  3001               	movlw	1
  3942     013C  07F4               	addwf	packagePayload@i,f
  3943     013D                     l2237:
  3944     013D  3006               	movlw	6
  3945     013E  0274               	subwf	packagePayload@i,w
  3946     013F  1C03               	skipc
  3947     0140  2942               	goto	u1021
  3948     0141  2943               	goto	u1020
  3949     0142                     u1021:
  3950     0142  2935               	goto	l2233
  3951     0143                     u1020:
  3952     0143                     l358:
  3953                           
  3954                           ;SourceFiles/TransmitService.c: 47:  payload[0] = 0xA0;
  3955     0143  30A0               	movlw	160
  3956     0144  0021               	movlb	1	; select bank1
  3957     0145  00A0               	movwf	_payload^(0+128)
  3958     0146                     l2239:
  3959                           
  3960                           ;SourceFiles/TransmitService.c: 48:  payload[1] = radioID;
  3961     0146  0873               	movf	packagePayload@radioID,w
  3962     0147  00A1               	movwf	(_payload^(0+128)+1)
  3963     0148                     l2241:
  3964                           
  3965                           ;SourceFiles/TransmitService.c: 49:  for (uint8_t i = 2; i < 8; i++) {
  3966     0148  3002               	movlw	2
  3967     0149  00F5               	movwf	packagePayload@i_963
  3968     014A                     l2245:
  3969                           
  3970                           ;SourceFiles/TransmitService.c: 50:         payload[i] = bytes[i-2];
  3971     014A  0875               	movf	packagePayload@i_963,w
  3972     014B  3EA0               	addlw	(low (_payload| 0))& (0+255)
  3973     014C  0086               	movwf	6
  3974     014D  0187               	clrf	7
  3975     014E  0875               	movf	packagePayload@i_963,w
  3976     014F  0770               	addwf	packagePayload@bytes,w
  3977     0150  00F1               	movwf	??_packagePayload
  3978     0151  0871               	movf	??_packagePayload,w
  3979     0152  3EFE               	addlw	-2
  3980     0153  0084               	movwf	4
  3981     0154  0185               	clrf	5
  3982     0155  0800               	movf	0,w
  3983     0156  0081               	movwf	1
  3984     0157                     l2247:
  3985                           
  3986                           ;SourceFiles/TransmitService.c: 51:     }
  3987     0157  3001               	movlw	1
  3988     0158  07F5               	addwf	packagePayload@i_963,f
  3989     0159                     l2249:
  3990     0159  3008               	movlw	8
  3991     015A  0275               	subwf	packagePayload@i_963,w
  3992     015B  1C03               	skipc
  3993     015C  295E               	goto	u1031
  3994     015D  295F               	goto	u1030
  3995     015E                     u1031:
  3996     015E  294A               	goto	l2245
  3997     015F                     u1030:
  3998     015F                     l2251:
  3999                           
  4000                           ;SourceFiles/TransmitService.c: 52:     payload[8] = checksum;
  4001     015F  0872               	movf	packagePayload@checksum,w
  4002     0160  0021               	movlb	1	; select bank1
  4003     0161  00A8               	movwf	(_payload^(0+128)+8)
  4004     0162                     l361:
  4005     0162  0008               	return
  4006     0163                     __end_of_packagePayload:
  4007                           
  4008                           	psect	text6
  4009     039C                     __ptext6:	
  4010 ;; *************** function _controlsChanged *****************
  4011 ;; Defined at:
  4012 ;;		line 219 in file "SourceFiles/TransmitService.c"
  4013 ;; Parameters:    Size  Location     Type
  4014 ;;  bytes           1    0[COMMON] PTR unsigned char 
  4015 ;;		 -> bytes(7), 
  4016 ;; Auto vars:     Size  Location     Type
  4017 ;;  i               1    7[COMMON] unsigned char 
  4018 ;;  delta           1    6[COMMON] unsigned char 
  4019 ;;  returnVal       1    5[COMMON] _Bool 
  4020 ;; Return value:  Size  Location     Type
  4021 ;;                  1    wreg      _Bool 
  4022 ;; Registers used:
  4023 ;;		wreg, fsr0l, fsr0h, fsr1l, fsr1h, status,2, status,0
  4024 ;; Tracked objects:
  4025 ;;		On entry : 0/0
  4026 ;;		On exit  : 0/0
  4027 ;;		Unchanged: 0/0
  4028 ;; Data sizes:     COMMON   BANK0   BANK1   BANK2   BANK3   BANK4   BANK5   BANK6   BANK7   BANK8   BANK9  BANK10  BANK1
      +1  BANK12  BANK13  BANK14  BANK15  BANK16  BANK17  BANK18  BANK19  BANK20  BANK21  BANK22  BANK23  BANK24  BANK25
  4029 ;;      Params:         1       0       0       0       0       0       0       0       0       0       0       0       
      +0       0       0       0       0       0       0       0       0       0       0       0       0       0       0
  4030 ;;      Locals:         3       0       0       0       0       0       0       0       0       0       0       0       
      +0       0       0       0       0       0       0       0       0       0       0       0       0       0       0
  4031 ;;      Temps:          4       0       0       0       0       0       0       0       0       0       0       0       
      +0       0       0       0       0       0       0       0       0       0       0       0       0       0       0
  4032 ;;      Totals:         8       0       0       0       0       0       0       0       0       0       0       0       
      +0       0       0       0       0       0       0       0       0       0       0       0       0       0       0
  4033 ;;Total ram usage:        8 bytes
  4034 ;; Hardware stack levels used: 1
  4035 ;; This function calls:
  4036 ;;		Nothing
  4037 ;; This function is called by:
  4038 ;;		_main
  4039 ;; This function uses a non-reentrant model
  4040 ;;
  4041                           
  4042     039C                     _controlsChanged:	
  4043                           ;psect for function _controlsChanged
  4044                           
  4045     039C                     l2205:	
  4046                           ;incstack = 0
  4047                           ; Regs used in _controlsChanged: [wreg-fsr1h+status,2+status,0]
  4048                           
  4049                           
  4050                           ;SourceFiles/TransmitService.c: 220:     static uint8_t prevBytes[] = {0x00, 0x00, 0x00,
      +                           0x00, 0x00, 0x00};;SourceFiles/TransmitService.c: 221:     uint8_t delta = 20;
  4051     039C  3014               	movlw	20
  4052     039D  00F6               	movwf	controlsChanged@delta
  4053     039E                     l2207:
  4054                           
  4055                           ;SourceFiles/TransmitService.c: 222:     _Bool returnVal = 0;
  4056     039E  01F5               	clrf	controlsChanged@returnVal
  4057                           
  4058                           ;SourceFiles/TransmitService.c: 223:     for (uint8_t i = 0; i < 6; i++) {
  4059     039F  01F7               	clrf	controlsChanged@i
  4060     03A0                     l2213:
  4061                           
  4062                           ;SourceFiles/TransmitService.c: 224:         if (((prevBytes[i] - bytes[i]) > delta) || 
      +                          ((bytes[i] - prevBytes[i]) > delta)) {
  4063     03A0  0870               	movf	controlsChanged@bytes,w
  4064     03A1  0777               	addwf	controlsChanged@i,w
  4065     03A2  0086               	movwf	6
  4066     03A3  0187               	clrf	7
  4067     03A4  0877               	movf	controlsChanged@i,w
  4068     03A5  3E43               	addlw	(low (controlsChanged@prevBytes| 0))& (0+255)
  4069     03A6  0084               	movwf	4
  4070     03A7  0185               	clrf	5
  4071     03A8  0800               	movf	0,w
  4072     03A9  00F1               	movwf	??_controlsChanged
  4073     03AA  01F2               	clrf	??_controlsChanged+1
  4074     03AB  0872               	movf	??_controlsChanged+1,w
  4075     03AC  00F4               	movwf	??_controlsChanged+3
  4076     03AD  0801               	movf	1,w
  4077     03AE  0271               	subwf	??_controlsChanged,w
  4078     03AF  00F3               	movwf	??_controlsChanged+2
  4079     03B0  1C03               	skipc
  4080     03B1  03F4               	decf	??_controlsChanged+3,f
  4081     03B2  0874               	movf	??_controlsChanged+3,w
  4082     03B3  3A80               	xorlw	128
  4083     03B4  3C80               	sublw	128
  4084     03B5  1D03               	skipz
  4085     03B6  2BB9               	goto	u995
  4086     03B7  0873               	movf	??_controlsChanged+2,w
  4087     03B8  0276               	subwf	controlsChanged@delta,w
  4088     03B9                     u995:
  4089     03B9  1C03               	skipc
  4090     03BA  2BBC               	goto	u991
  4091     03BB  2BBD               	goto	u990
  4092     03BC                     u991:
  4093     03BC  2BDA               	goto	l382
  4094     03BD                     u990:
  4095     03BD                     l2215:
  4096     03BD  0877               	movf	controlsChanged@i,w
  4097     03BE  3E43               	addlw	(low (controlsChanged@prevBytes| 0))& (0+255)
  4098     03BF  0086               	movwf	6
  4099     03C0  0187               	clrf	7
  4100     03C1  0870               	movf	controlsChanged@bytes,w
  4101     03C2  0777               	addwf	controlsChanged@i,w
  4102     03C3  0084               	movwf	4
  4103     03C4  0185               	clrf	5
  4104     03C5  0800               	movf	0,w
  4105     03C6  00F1               	movwf	??_controlsChanged
  4106     03C7  01F2               	clrf	??_controlsChanged+1
  4107     03C8  0872               	movf	??_controlsChanged+1,w
  4108     03C9  00F4               	movwf	??_controlsChanged+3
  4109     03CA  0801               	movf	1,w
  4110     03CB  0271               	subwf	??_controlsChanged,w
  4111     03CC  00F3               	movwf	??_controlsChanged+2
  4112     03CD  1C03               	skipc
  4113     03CE  03F4               	decf	??_controlsChanged+3,f
  4114     03CF  0874               	movf	??_controlsChanged+3,w
  4115     03D0  3A80               	xorlw	128
  4116     03D1  3C80               	sublw	128
  4117     03D2  1D03               	skipz
  4118     03D3  2BD6               	goto	u1005
  4119     03D4  0873               	movf	??_controlsChanged+2,w
  4120     03D5  0276               	subwf	controlsChanged@delta,w
  4121     03D6                     u1005:
  4122     03D6  1803               	skipnc
  4123     03D7  2BD9               	goto	u1001
  4124     03D8  2BDA               	goto	u1000
  4125     03D9                     u1001:
  4126     03D9  2BE6               	goto	l2219
  4127     03DA                     u1000:
  4128     03DA                     l382:
  4129                           
  4130                           ;SourceFiles/TransmitService.c: 225:             returnVal = 1;
  4131     03DA  3001               	movlw	1
  4132     03DB  00F5               	movwf	controlsChanged@returnVal
  4133     03DC                     l2217:
  4134                           
  4135                           ;SourceFiles/TransmitService.c: 226:             prevBytes[i] = bytes[i];
  4136     03DC  0877               	movf	controlsChanged@i,w
  4137     03DD  3E43               	addlw	(low (controlsChanged@prevBytes| 0))& (0+255)
  4138     03DE  0086               	movwf	6
  4139     03DF  0187               	clrf	7
  4140     03E0  0870               	movf	controlsChanged@bytes,w
  4141     03E1  0777               	addwf	controlsChanged@i,w
  4142     03E2  0084               	movwf	4
  4143     03E3  0185               	clrf	5
  4144     03E4  0800               	movf	0,w
  4145     03E5  0081               	movwf	1
  4146     03E6                     l2219:
  4147                           
  4148                           ;SourceFiles/TransmitService.c: 228:     }
  4149     03E6  3001               	movlw	1
  4150     03E7  07F7               	addwf	controlsChanged@i,f
  4151     03E8                     l2221:
  4152     03E8  3006               	movlw	6
  4153     03E9  0277               	subwf	controlsChanged@i,w
  4154     03EA  1C03               	skipc
  4155     03EB  2BED               	goto	u1011
  4156     03EC  2BEE               	goto	u1010
  4157     03ED                     u1011:
  4158     03ED  2BA0               	goto	l2213
  4159     03EE                     u1010:
  4160     03EE                     l2223:
  4161                           
  4162                           ;SourceFiles/TransmitService.c: 229:     return returnVal;
  4163     03EE  0875               	movf	controlsChanged@returnVal,w
  4164     03EF                     l383:
  4165     03EF  0008               	return
  4166     03F0                     __end_of_controlsChanged:
  4167                           
  4168                           	psect	text7
  4169     03F0                     __ptext7:	
  4170 ;; *************** function _configureTX *****************
  4171 ;; Defined at:
  4172 ;;		line 175 in file "SourceFiles/TransmitService.c"
  4173 ;; Parameters:    Size  Location     Type
  4174 ;;  address         1    6[BANK0 ] PTR unsigned char 
  4175 ;;		 -> address(5), 
  4176 ;; Auto vars:     Size  Location     Type
  4177 ;;  databytes       6   13[BANK0 ] unsigned char [6]
  4178 ;;  result          6    7[BANK0 ] unsigned char [6]
  4179 ;; Return value:  Size  Location     Type
  4180 ;;                  1    wreg      void 
  4181 ;; Registers used:
  4182 ;;		wreg, fsr0l, fsr0h, fsr1l, fsr1h, status,2, status,0, pclath, cstack
  4183 ;; Tracked objects:
  4184 ;;		On entry : 0/0
  4185 ;;		On exit  : 0/0
  4186 ;;		Unchanged: 0/0
  4187 ;; Data sizes:     COMMON   BANK0   BANK1   BANK2   BANK3   BANK4   BANK5   BANK6   BANK7   BANK8   BANK9  BANK10  BANK1
      +1  BANK12  BANK13  BANK14  BANK15  BANK16  BANK17  BANK18  BANK19  BANK20  BANK21  BANK22  BANK23  BANK24  BANK25
  4188 ;;      Params:         0       1       0       0       0       0       0       0       0       0       0       0       
      +0       0       0       0       0       0       0       0       0       0       0       0       0       0       0
  4189 ;;      Locals:         0      12       0       0       0       0       0       0       0       0       0       0       
      +0       0       0       0       0       0       0       0       0       0       0       0       0       0       0
  4190 ;;      Temps:          0       0       0       0       0       0       0       0       0       0       0       0       
      +0       0       0       0       0       0       0       0       0       0       0       0       0       0       0
  4191 ;;      Totals:         0      13       0       0       0       0       0       0       0       0       0       0       
      +0       0       0       0       0       0       0       0       0       0       0       0       0       0       0
  4192 ;;Total ram usage:       13 bytes
  4193 ;; Hardware stack levels used: 1
  4194 ;; Hardware stack levels required when called: 3
  4195 ;; This function calls:
  4196 ;;		_ChangeRadioMode
  4197 ;;		_SendSPI
  4198 ;; This function is called by:
  4199 ;;		_main
  4200 ;; This function uses a non-reentrant model
  4201 ;;
  4202                           
  4203     03F0                     _configureTX:	
  4204                           ;psect for function _configureTX
  4205                           
  4206     03F0                     l2161:	
  4207                           ;incstack = 0
  4208                           ; Regs used in _configureTX: [wreg-fsr1h+status,2+status,0+pclath+cstack]
  4209                           
  4210                           
  4211                           ;SourceFiles/TransmitService.c: 177:     uint8_t databytes[6];;SourceFiles/TransmitServi
      +                          ce.c: 178:     uint8_t result[6];;SourceFiles/TransmitService.c: 179:     databytes[0] =
      +                           0x20 | 0x0A;
  4212     03F0  302A               	movlw	42
  4213     03F1  0020               	movlb	0	; select bank0
  4214     03F2  00AD               	movwf	configureTX@databytes
  4215     03F3                     l2163:
  4216                           
  4217                           ;SourceFiles/TransmitService.c: 180:     databytes[1] = address[0];
  4218     03F3  0826               	movf	configureTX@address,w
  4219     03F4  0086               	movwf	6
  4220     03F5  0187               	clrf	7
  4221     03F6  0801               	movf	1,w
  4222     03F7  00AE               	movwf	configureTX@databytes+1
  4223                           
  4224                           ;SourceFiles/TransmitService.c: 181:     databytes[2] = address[1];
  4225     03F8  0A26               	incf	configureTX@address,w
  4226     03F9  0086               	movwf	6
  4227     03FA  0187               	clrf	7
  4228     03FB  0801               	movf	1,w
  4229     03FC  00AF               	movwf	configureTX@databytes+2
  4230     03FD                     l2165:
  4231                           
  4232                           ;SourceFiles/TransmitService.c: 182:     databytes[3] = address[2];
  4233     03FD  0826               	movf	configureTX@address,w
  4234     03FE  3E02               	addlw	2
  4235     03FF  0086               	movwf	6
  4236     0400  0187               	clrf	7
  4237     0401  0801               	movf	1,w
  4238     0402  00B0               	movwf	configureTX@databytes+3
  4239     0403                     l2167:
  4240                           
  4241                           ;SourceFiles/TransmitService.c: 183:     databytes[4] = address[3];
  4242     0403  0826               	movf	configureTX@address,w
  4243     0404  3E03               	addlw	3
  4244     0405  0086               	movwf	6
  4245     0406  0187               	clrf	7
  4246     0407  0801               	movf	1,w
  4247     0408  00B1               	movwf	configureTX@databytes+4
  4248     0409                     l2169:
  4249                           
  4250                           ;SourceFiles/TransmitService.c: 184:     databytes[5] = address[4];
  4251     0409  0826               	movf	configureTX@address,w
  4252     040A  3E04               	addlw	4
  4253     040B  0086               	movwf	6
  4254     040C  0187               	clrf	7
  4255     040D  0801               	movf	1,w
  4256     040E  00B2               	movwf	configureTX@databytes+5
  4257     040F                     l2171:
  4258                           
  4259                           ;SourceFiles/TransmitService.c: 185:     SendSPI(databytes, result, 5 + 1);
  4260     040F  302D               	movlw	(low (configureTX@databytes| 0))& (0+255)
  4261     0410  00F2               	movwf	SendSPI@bytes
  4262     0411  3027               	movlw	(low (configureTX@result| 0))& (0+255)
  4263     0412  00F3               	movwf	SendSPI@result
  4264     0413  3006               	movlw	6
  4265     0414  00F4               	movwf	SendSPI@n
  4266     0415  3183  234B  3183   	fcall	_SendSPI
  4267     0418                     l2173:
  4268                           
  4269                           ;SourceFiles/TransmitService.c: 186:     databytes[0] = 0x20 | 0x10;
  4270     0418  3030               	movlw	48
  4271     0419  0020               	movlb	0	; select bank0
  4272     041A  00AD               	movwf	configureTX@databytes
  4273     041B                     l2175:
  4274                           
  4275                           ;SourceFiles/TransmitService.c: 187:     SendSPI(databytes, result, 5 + 1);
  4276     041B  302D               	movlw	(low (configureTX@databytes| 0))& (0+255)
  4277     041C  00F2               	movwf	SendSPI@bytes
  4278     041D  3027               	movlw	(low (configureTX@result| 0))& (0+255)
  4279     041E  00F3               	movwf	SendSPI@result
  4280     041F  3006               	movlw	6
  4281     0420  00F4               	movwf	SendSPI@n
  4282     0421  3183  234B  3183   	fcall	_SendSPI
  4283     0424                     l2177:
  4284                           
  4285                           ;SourceFiles/TransmitService.c: 190:     ChangeRadioMode(Standby1, 1, TRANSMITTER);
  4286     0424  01F6               	clrf	ChangeRadioMode@CRCbytes
  4287     0425  0AF6               	incf	ChangeRadioMode@CRCbytes,f
  4288     0426  01F7               	clrf	ChangeRadioMode@radioType
  4289     0427  0AF7               	incf	ChangeRadioMode@radioType,f
  4290     0428  3003               	movlw	3
  4291     0429  3184  24A1  3183   	fcall	_ChangeRadioMode
  4292     042C                     l2179:
  4293                           
  4294                           ;SourceFiles/TransmitService.c: 194:     TRISCbits.TRISC4 = 1;
  4295     042C  0021               	movlb	1	; select bank1
  4296     042D  160E               	bsf	14,4	;volatile
  4297     042E                     l2181:
  4298                           
  4299                           ;SourceFiles/TransmitService.c: 196:     ANSELCbits.ANSC4 = 1;
  4300     042E  0023               	movlb	3	; select bank3
  4301     042F  160E               	bsf	14,4	;volatile
  4302     0430                     l2183:
  4303                           
  4304                           ;SourceFiles/TransmitService.c: 200:     TRISCbits.TRISC3 = 1;
  4305     0430  0021               	movlb	1	; select bank1
  4306     0431  158E               	bsf	14,3	;volatile
  4307     0432                     l2185:
  4308                           
  4309                           ;SourceFiles/TransmitService.c: 202:     ANSELCbits.ANSC3 = 1;
  4310     0432  0023               	movlb	3	; select bank3
  4311     0433  158E               	bsf	14,3	;volatile
  4312     0434                     l2187:
  4313                           
  4314                           ;SourceFiles/TransmitService.c: 206:     TRISAbits.TRISA1 = 1;
  4315     0434  0021               	movlb	1	; select bank1
  4316     0435  148C               	bsf	12,1	;volatile
  4317     0436                     l2189:
  4318                           
  4319                           ;SourceFiles/TransmitService.c: 208:     ANSELAbits.ANSA1 = 1;
  4320     0436  0023               	movlb	3	; select bank3
  4321     0437  148C               	bsf	12,1	;volatile
  4322     0438                     l2191:
  4323                           
  4324                           ;SourceFiles/TransmitService.c: 210:     ADCON0bits.ADON = 0;
  4325     0438  0021               	movlb	1	; select bank1
  4326     0439  101D               	bcf	29,0	;volatile
  4327     043A                     l2193:
  4328                           
  4329                           ;SourceFiles/TransmitService.c: 211:     ADCON1bits.ADCS = 0b110;
  4330     043A  081E               	movf	30,w	;volatile
  4331     043B  398F               	andlw	-113
  4332     043C  3860               	iorlw	96
  4333     043D  009E               	movwf	30	;volatile
  4334     043E                     l2195:
  4335                           
  4336                           ;SourceFiles/TransmitService.c: 212:     ADCON1bits.ADNREF = 0;
  4337     043E  111E               	bcf	30,2	;volatile
  4338     043F                     l2197:
  4339                           
  4340                           ;SourceFiles/TransmitService.c: 213:     ADCON1bits.ADPREF = 0;
  4341     043F  30FC               	movlw	-4
  4342     0440  059E               	andwf	30,f	;volatile
  4343     0441                     l2199:
  4344                           
  4345                           ;SourceFiles/TransmitService.c: 214:     ADCON0bits.CHS = 0x14;
  4346     0441  081D               	movf	29,w	;volatile
  4347     0442  3903               	andlw	-253
  4348     0443  3850               	iorlw	80
  4349     0444  009D               	movwf	29	;volatile
  4350     0445                     l2201:
  4351                           
  4352                           ;SourceFiles/TransmitService.c: 215:     ADCON1bits.ADFM = 1;
  4353     0445  179E               	bsf	30,7	;volatile
  4354     0446                     l2203:
  4355                           
  4356                           ;SourceFiles/TransmitService.c: 216:     ADCON0bits.ADON = 1;
  4357     0446  141D               	bsf	29,0	;volatile
  4358     0447                     l373:
  4359     0447  0008               	return
  4360     0448                     __end_of_configureTX:
  4361                           
  4362                           	psect	text8
  4363     0448                     __ptext8:	
  4364 ;; *************** function _configureRX *****************
  4365 ;; Defined at:
  4366 ;;		line 102 in file "SourceFiles/TransmitService.c"
  4367 ;; Parameters:    Size  Location     Type
  4368 ;;  address         1   15[BANK0 ] PTR unsigned char 
  4369 ;;		 -> address(5), 
  4370 ;; Auto vars:     Size  Location     Type
  4371 ;;  bytes           2   12[COMMON] unsigned char [2]
  4372 ;;  result          2   10[COMMON] unsigned char [2]
  4373 ;; Return value:  Size  Location     Type
  4374 ;;                  1    wreg      void 
  4375 ;; Registers used:
  4376 ;;		wreg, fsr0l, fsr0h, fsr1l, fsr1h, status,2, status,0, pclath, cstack
  4377 ;; Tracked objects:
  4378 ;;		On entry : 0/0
  4379 ;;		On exit  : 0/0
  4380 ;;		Unchanged: 0/0
  4381 ;; Data sizes:     COMMON   BANK0   BANK1   BANK2   BANK3   BANK4   BANK5   BANK6   BANK7   BANK8   BANK9  BANK10  BANK1
      +1  BANK12  BANK13  BANK14  BANK15  BANK16  BANK17  BANK18  BANK19  BANK20  BANK21  BANK22  BANK23  BANK24  BANK25
  4382 ;;      Params:         0       1       0       0       0       0       0       0       0       0       0       0       
      +0       0       0       0       0       0       0       0       0       0       0       0       0       0       0
  4383 ;;      Locals:         4       0       0       0       0       0       0       0       0       0       0       0       
      +0       0       0       0       0       0       0       0       0       0       0       0       0       0       0
  4384 ;;      Temps:          0       0       0       0       0       0       0       0       0       0       0       0       
      +0       0       0       0       0       0       0       0       0       0       0       0       0       0       0
  4385 ;;      Totals:         4       1       0       0       0       0       0       0       0       0       0       0       
      +0       0       0       0       0       0       0       0       0       0       0       0       0       0       0
  4386 ;;Total ram usage:        5 bytes
  4387 ;; Hardware stack levels used: 1
  4388 ;; Hardware stack levels required when called: 4
  4389 ;; This function calls:
  4390 ;;		_SendSPI
  4391 ;;		_StartListening
  4392 ;; This function is called by:
  4393 ;;		_main
  4394 ;; This function uses a non-reentrant model
  4395 ;;
  4396                           
  4397     0448                     _configureRX:	
  4398                           ;psect for function _configureRX
  4399                           
  4400     0448                     l2093:	
  4401                           ;incstack = 0
  4402                           ; Regs used in _configureRX: [wreg-fsr1h+status,2+status,0+pclath+cstack]
  4403                           
  4404                           
  4405                           ;SourceFiles/TransmitService.c: 104:     uint8_t bytes[2];;SourceFiles/TransmitService.c
      +                          : 105:     uint8_t result[2];;SourceFiles/TransmitService.c: 106:     bytes[0] = 0x20 | 
      +                          0x02;
  4406     0448  3022               	movlw	34
  4407     0449  00FC               	movwf	configureRX@bytes
  4408                           
  4409                           ;SourceFiles/TransmitService.c: 107:     bytes[1] = 0x01;
  4410     044A  3001               	movlw	1
  4411     044B  00FD               	movwf	configureRX@bytes+1
  4412     044C                     l2095:
  4413                           
  4414                           ;SourceFiles/TransmitService.c: 108:     SendSPI(bytes, result, 2);
  4415     044C  307C               	movlw	(low (configureRX@bytes| 0))& (0+255)
  4416     044D  00F2               	movwf	SendSPI@bytes
  4417     044E  307A               	movlw	(low (configureRX@result| 0))& (0+255)
  4418     044F  00F3               	movwf	SendSPI@result
  4419     0450  3002               	movlw	2
  4420     0451  00F4               	movwf	SendSPI@n
  4421     0452  3183  234B  3184   	fcall	_SendSPI
  4422     0455                     l2097:
  4423                           
  4424                           ;SourceFiles/TransmitService.c: 111:     StartListening(address);
  4425     0455  0020               	movlb	0	; select bank0
  4426     0456  082F               	movf	configureRX@address,w
  4427     0457  00A6               	movwf	StartListening@address
  4428     0458  3182  2203  3184   	fcall	_StartListening
  4429     045B                     l2099:
  4430                           
  4431                           ;SourceFiles/TransmitService.c: 114:     bytes[0] = 0x20 | 0x07;
  4432     045B  3027               	movlw	39
  4433     045C  00FC               	movwf	configureRX@bytes
  4434     045D                     l2101:
  4435                           
  4436                           ;SourceFiles/TransmitService.c: 115:     bytes[1] = 0x70;
  4437     045D  3070               	movlw	112
  4438     045E  00FD               	movwf	configureRX@bytes+1
  4439     045F                     l2103:
  4440                           
  4441                           ;SourceFiles/TransmitService.c: 116:     SendSPI(bytes, result, 2);
  4442     045F  307C               	movlw	(low (configureRX@bytes| 0))& (0+255)
  4443     0460  00F2               	movwf	SendSPI@bytes
  4444     0461  307A               	movlw	(low (configureRX@result| 0))& (0+255)
  4445     0462  00F3               	movwf	SendSPI@result
  4446     0463  3002               	movlw	2
  4447     0464  00F4               	movwf	SendSPI@n
  4448     0465  3183  234B  3184   	fcall	_SendSPI
  4449     0468                     l2105:
  4450                           
  4451                           ;SourceFiles/TransmitService.c: 119:     T2CONbits.TMR2ON = 0;
  4452     0468  0020               	movlb	0	; select bank0
  4453     0469  111F               	bcf	31,2	;volatile
  4454     046A                     l2107:
  4455                           
  4456                           ;SourceFiles/TransmitService.c: 120:     T2CONbits.T2CKPS = 0b01;
  4457     046A  081F               	movf	31,w	;volatile
  4458     046B  39FC               	andlw	-4
  4459     046C  3801               	iorlw	1
  4460     046D  009F               	movwf	31	;volatile
  4461     046E                     l2109:
  4462                           
  4463                           ;SourceFiles/TransmitService.c: 121:     TMR2 = 0;
  4464     046E  019D               	clrf	29	;volatile
  4465     046F                     l2111:
  4466                           
  4467                           ;SourceFiles/TransmitService.c: 122:     PR2 = 125;
  4468     046F  307D               	movlw	125
  4469     0470  009E               	movwf	30	;volatile
  4470     0471                     l2113:
  4471                           
  4472                           ;SourceFiles/TransmitService.c: 123:     T2CONbits.TMR2ON = 1;
  4473     0471  151F               	bsf	31,2	;volatile
  4474     0472                     l2115:
  4475                           
  4476                           ;SourceFiles/TransmitService.c: 126:     T4CONbits.TMR4ON = 0;
  4477     0472  0028               	movlb	8	; select bank8
  4478     0473  1117               	bcf	23,2	;volatile
  4479     0474                     l2117:
  4480                           
  4481                           ;SourceFiles/TransmitService.c: 127:     T4CONbits.T4CKPS = 0b11;
  4482     0474  3003               	movlw	3
  4483     0475  0497               	iorwf	23,f	;volatile
  4484     0476                     l2119:
  4485                           
  4486                           ;SourceFiles/TransmitService.c: 128:     TMR4 = 0;
  4487     0476  0195               	clrf	21	;volatile
  4488     0477                     l2121:
  4489                           
  4490                           ;SourceFiles/TransmitService.c: 129:     PR4 = 77;
  4491     0477  304D               	movlw	77
  4492     0478  0096               	movwf	22	;volatile
  4493     0479                     l2123:
  4494                           
  4495                           ;SourceFiles/TransmitService.c: 130:     T4CONbits.TMR4ON = 1;
  4496     0479  1517               	bsf	23,2	;volatile
  4497     047A                     l2125:
  4498                           
  4499                           ;SourceFiles/TransmitService.c: 134:     TRISCbits.TRISC4 = 0;
  4500     047A  0021               	movlb	1	; select bank1
  4501     047B  120E               	bcf	14,4	;volatile
  4502     047C                     l2127:
  4503                           
  4504                           ;SourceFiles/TransmitService.c: 136:     LATCbits.LATC4 = 0;
  4505     047C  0022               	movlb	2	; select bank2
  4506     047D  120E               	bcf	14,4	;volatile
  4507     047E                     l2129:
  4508                           
  4509                           ;SourceFiles/TransmitService.c: 140:     TRISCbits.TRISC2 = 0;
  4510     047E  0021               	movlb	1	; select bank1
  4511     047F  110E               	bcf	14,2	;volatile
  4512     0480                     l2131:
  4513                           
  4514                           ;SourceFiles/TransmitService.c: 142:     PWM5CONbits.PWM5EN = 0;
  4515     0480  002C               	movlb	12	; select bank12
  4516     0481  1399               	bcf	25,7	;volatile
  4517     0482                     l2133:
  4518                           
  4519                           ;SourceFiles/TransmitService.c: 144:     PWM5CONbits.PWM5POL = 0;
  4520     0482  1219               	bcf	25,4	;volatile
  4521     0483                     l2135:
  4522                           
  4523                           ;SourceFiles/TransmitService.c: 146:     RC2PPS = 0b00010;
  4524     0483  3002               	movlw	2
  4525     0484  003D               	movlb	29	; select bank29
  4526     0485  00A2               	movwf	34	;volatile
  4527     0486                     l2137:
  4528                           
  4529                           ;SourceFiles/TransmitService.c: 148:     PWM5DCL = 0x00;
  4530     0486  002C               	movlb	12	; select bank12
  4531     0487  0197               	clrf	23	;volatile
  4532     0488                     l2139:
  4533                           
  4534                           ;SourceFiles/TransmitService.c: 150:     PWM5DCH = 0x00;
  4535     0488  0198               	clrf	24	;volatile
  4536     0489                     l2141:
  4537                           
  4538                           ;SourceFiles/TransmitService.c: 152:     PWMTMRSbits.P5TSEL = 0x01;
  4539     0489  081F               	movf	31,w	;volatile
  4540     048A  39FC               	andlw	-4
  4541     048B  3801               	iorlw	1
  4542     048C  009F               	movwf	31	;volatile
  4543     048D                     l2143:
  4544                           
  4545                           ;SourceFiles/TransmitService.c: 154:     PWM5CONbits.PWM5EN = 1;
  4546     048D  1799               	bsf	25,7	;volatile
  4547     048E                     l2145:
  4548                           
  4549                           ;SourceFiles/TransmitService.c: 158:     TRISCbits.TRISC3 = 0;
  4550     048E  0021               	movlb	1	; select bank1
  4551     048F  118E               	bcf	14,3	;volatile
  4552     0490                     l2147:
  4553                           
  4554                           ;SourceFiles/TransmitService.c: 160:     PWM6CONbits.PWM6EN = 0;
  4555     0490  002C               	movlb	12	; select bank12
  4556     0491  139C               	bcf	28,7	;volatile
  4557     0492                     l2149:
  4558                           
  4559                           ;SourceFiles/TransmitService.c: 162:     PWM6CONbits.PWM6POL = 0;
  4560     0492  121C               	bcf	28,4	;volatile
  4561     0493                     l2151:
  4562                           
  4563                           ;SourceFiles/TransmitService.c: 164:     RC3PPS = 0b00011;
  4564     0493  3003               	movlw	3
  4565     0494  003D               	movlb	29	; select bank29
  4566     0495  00A3               	movwf	35	;volatile
  4567     0496                     l2153:
  4568                           
  4569                           ;SourceFiles/TransmitService.c: 166:     PWM6DCL = 0xC0;
  4570     0496  30C0               	movlw	192
  4571     0497  002C               	movlb	12	; select bank12
  4572     0498  009A               	movwf	26	;volatile
  4573     0499                     l2155:
  4574                           
  4575                           ;SourceFiles/TransmitService.c: 168:     PWM6DCH = 0x07;
  4576     0499  3007               	movlw	7
  4577     049A  009B               	movwf	27	;volatile
  4578     049B                     l2157:
  4579                           
  4580                           ;SourceFiles/TransmitService.c: 170:     PWMTMRSbits.P6TSEL = 0x02;
  4581     049B  081F               	movf	31,w	;volatile
  4582     049C  39F3               	andlw	-13
  4583     049D  3808               	iorlw	8
  4584     049E  009F               	movwf	31	;volatile
  4585     049F                     l2159:
  4586                           
  4587                           ;SourceFiles/TransmitService.c: 172:     PWM6CONbits.PWM6EN = 1;
  4588     049F  179C               	bsf	28,7	;volatile
  4589     04A0                     l370:
  4590     04A0  0008               	return
  4591     04A1                     __end_of_configureRX:
  4592                           
  4593                           	psect	text9
  4594     0203                     __ptext9:	
  4595 ;; *************** function _StartListening *****************
  4596 ;; Defined at:
  4597 ;;		line 250 in file "SourceFiles/nRF24L01.c"
  4598 ;; Parameters:    Size  Location     Type
  4599 ;;  address         1    6[BANK0 ] PTR unsigned char 
  4600 ;;		 -> address(5), 
  4601 ;; Auto vars:     Size  Location     Type
  4602 ;;  bytes           6    9[BANK0 ] unsigned char [6]
  4603 ;;  result          2    7[BANK0 ] unsigned char [2]
  4604 ;; Return value:  Size  Location     Type
  4605 ;;                  1    wreg      void 
  4606 ;; Registers used:
  4607 ;;		wreg, fsr0l, fsr0h, fsr1l, fsr1h, status,2, status,0, pclath, cstack
  4608 ;; Tracked objects:
  4609 ;;		On entry : 0/0
  4610 ;;		On exit  : 0/0
  4611 ;;		Unchanged: 0/0
  4612 ;; Data sizes:     COMMON   BANK0   BANK1   BANK2   BANK3   BANK4   BANK5   BANK6   BANK7   BANK8   BANK9  BANK10  BANK1
      +1  BANK12  BANK13  BANK14  BANK15  BANK16  BANK17  BANK18  BANK19  BANK20  BANK21  BANK22  BANK23  BANK24  BANK25
  4613 ;;      Params:         0       1       0       0       0       0       0       0       0       0       0       0       
      +0       0       0       0       0       0       0       0       0       0       0       0       0       0       0
  4614 ;;      Locals:         0       8       0       0       0       0       0       0       0       0       0       0       
      +0       0       0       0       0       0       0       0       0       0       0       0       0       0       0
  4615 ;;      Temps:          0       0       0       0       0       0       0       0       0       0       0       0       
      +0       0       0       0       0       0       0       0       0       0       0       0       0       0       0
  4616 ;;      Totals:         0       9       0       0       0       0       0       0       0       0       0       0       
      +0       0       0       0       0       0       0       0       0       0       0       0       0       0       0
  4617 ;;Total ram usage:        9 bytes
  4618 ;; Hardware stack levels used: 1
  4619 ;; Hardware stack levels required when called: 3
  4620 ;; This function calls:
  4621 ;;		_ChangeRadioMode
  4622 ;;		_SendSPI
  4623 ;; This function is called by:
  4624 ;;		_configureRX
  4625 ;; This function uses a non-reentrant model
  4626 ;;
  4627                           
  4628     0203                     _StartListening:	
  4629                           ;psect for function _StartListening
  4630                           
  4631     0203                     l2001:	
  4632                           ;incstack = 0
  4633                           ; Regs used in _StartListening: [wreg-fsr1h+status,2+status,0+pclath+cstack]
  4634                           
  4635                           
  4636                           ;SourceFiles/nRF24L01.c: 251:     uint8_t result[2];;SourceFiles/nRF24L01.c: 253:  Chang
      +                          eRadioMode(RX, 1, RECEIVER);
  4637     0203  01F6               	clrf	ChangeRadioMode@CRCbytes
  4638     0204  0AF6               	incf	ChangeRadioMode@CRCbytes,f
  4639     0205  01F7               	clrf	ChangeRadioMode@radioType
  4640     0206  3000               	movlw	0
  4641     0207  3184  24A1  3182   	fcall	_ChangeRadioMode
  4642     020A                     l2003:
  4643                           
  4644                           ;SourceFiles/nRF24L01.c: 256:     uint8_t bytes[6];;SourceFiles/nRF24L01.c: 257:     byt
      +                          es[0] = 0x20 | 0x07;
  4645     020A  3027               	movlw	39
  4646     020B  0020               	movlb	0	; select bank0
  4647     020C  00A9               	movwf	StartListening@bytes
  4648     020D                     l2005:
  4649                           
  4650                           ;SourceFiles/nRF24L01.c: 258:     bytes[1] = 0x70;
  4651     020D  3070               	movlw	112
  4652     020E  00AA               	movwf	StartListening@bytes+1
  4653     020F                     l2007:
  4654                           
  4655                           ;SourceFiles/nRF24L01.c: 259:     SendSPI(bytes, result, 2);
  4656     020F  3029               	movlw	(low (StartListening@bytes| 0))& (0+255)
  4657     0210  00F2               	movwf	SendSPI@bytes
  4658     0211  3027               	movlw	(low (StartListening@result| 0))& (0+255)
  4659     0212  00F3               	movwf	SendSPI@result
  4660     0213  3002               	movlw	2
  4661     0214  00F4               	movwf	SendSPI@n
  4662     0215  3183  234B  3182   	fcall	_SendSPI
  4663     0218                     l2009:
  4664                           
  4665                           ;SourceFiles/nRF24L01.c: 262:     bytes[0] = 0x20 | 0x0A;
  4666     0218  302A               	movlw	42
  4667     0219  0020               	movlb	0	; select bank0
  4668     021A  00A9               	movwf	StartListening@bytes
  4669     021B                     l2011:
  4670                           
  4671                           ;SourceFiles/nRF24L01.c: 263:     bytes[1] = address[0];
  4672     021B  0826               	movf	StartListening@address,w
  4673     021C  0086               	movwf	6
  4674     021D  0187               	clrf	7
  4675     021E  0801               	movf	1,w
  4676     021F  00AA               	movwf	StartListening@bytes+1
  4677     0220                     l2013:
  4678                           
  4679                           ;SourceFiles/nRF24L01.c: 264:     bytes[2] = address[1];
  4680     0220  0A26               	incf	StartListening@address,w
  4681     0221  0086               	movwf	6
  4682     0222  0187               	clrf	7
  4683     0223  0801               	movf	1,w
  4684     0224  00AB               	movwf	StartListening@bytes+2
  4685     0225                     l2015:
  4686                           
  4687                           ;SourceFiles/nRF24L01.c: 265:     bytes[3] = address[2];
  4688     0225  0826               	movf	StartListening@address,w
  4689     0226  3E02               	addlw	2
  4690     0227  0086               	movwf	6
  4691     0228  0187               	clrf	7
  4692     0229  0801               	movf	1,w
  4693     022A  00AC               	movwf	StartListening@bytes+3
  4694     022B                     l2017:
  4695                           
  4696                           ;SourceFiles/nRF24L01.c: 266:     bytes[4] = address[3];
  4697     022B  0826               	movf	StartListening@address,w
  4698     022C  3E03               	addlw	3
  4699     022D  0086               	movwf	6
  4700     022E  0187               	clrf	7
  4701     022F  0801               	movf	1,w
  4702     0230  00AD               	movwf	StartListening@bytes+4
  4703     0231                     l2019:
  4704                           
  4705                           ;SourceFiles/nRF24L01.c: 267:     bytes[5] = address[4];
  4706     0231  0826               	movf	StartListening@address,w
  4707     0232  3E04               	addlw	4
  4708     0233  0086               	movwf	6
  4709     0234  0187               	clrf	7
  4710     0235  0801               	movf	1,w
  4711     0236  00AE               	movwf	StartListening@bytes+5
  4712     0237                     l2021:
  4713                           
  4714                           ;SourceFiles/nRF24L01.c: 268:     SendSPI(bytes, result, 6);
  4715     0237  3029               	movlw	(low (StartListening@bytes| 0))& (0+255)
  4716     0238  00F2               	movwf	SendSPI@bytes
  4717     0239  3027               	movlw	(low (StartListening@result| 0))& (0+255)
  4718     023A  00F3               	movwf	SendSPI@result
  4719     023B  3006               	movlw	6
  4720     023C  00F4               	movwf	SendSPI@n
  4721     023D  3183  234B  3182   	fcall	_SendSPI
  4722     0240                     l272:
  4723     0240  0008               	return
  4724     0241                     __end_of_StartListening:
  4725                           
  4726                           	psect	text10
  4727     00B9                     __ptext10:	
  4728 ;; *************** function ___wmul *****************
  4729 ;; Defined at:
  4730 ;;		line 15 in file "C:\Program Files\Microchip\xc8\v2.50\pic\sources\c99\common\Umul16.c"
  4731 ;; Parameters:    Size  Location     Type
  4732 ;;  multiplier      2    7[COMMON] unsigned int 
  4733 ;;  multiplicand    2    9[COMMON] unsigned int 
  4734 ;; Auto vars:     Size  Location     Type
  4735 ;;  product         2   11[COMMON] unsigned int 
  4736 ;; Return value:  Size  Location     Type
  4737 ;;                  2    7[COMMON] unsigned int 
  4738 ;; Registers used:
  4739 ;;		wreg, status,2, status,0
  4740 ;; Tracked objects:
  4741 ;;		On entry : 0/0
  4742 ;;		On exit  : 0/0
  4743 ;;		Unchanged: 0/0
  4744 ;; Data sizes:     COMMON   BANK0   BANK1   BANK2   BANK3   BANK4   BANK5   BANK6   BANK7   BANK8   BANK9  BANK10  BANK1
      +1  BANK12  BANK13  BANK14  BANK15  BANK16  BANK17  BANK18  BANK19  BANK20  BANK21  BANK22  BANK23  BANK24  BANK25
  4745 ;;      Params:         4       0       0       0       0       0       0       0       0       0       0       0       
      +0       0       0       0       0       0       0       0       0       0       0       0       0       0       0
  4746 ;;      Locals:         2       0       0       0       0       0       0       0       0       0       0       0       
      +0       0       0       0       0       0       0       0       0       0       0       0       0       0       0
  4747 ;;      Temps:          0       0       0       0       0       0       0       0       0       0       0       0       
      +0       0       0       0       0       0       0       0       0       0       0       0       0       0       0
  4748 ;;      Totals:         6       0       0       0       0       0       0       0       0       0       0       0       
      +0       0       0       0       0       0       0       0       0       0       0       0       0       0       0
  4749 ;;Total ram usage:        6 bytes
  4750 ;; Hardware stack levels used: 1
  4751 ;; This function calls:
  4752 ;;		Nothing
  4753 ;; This function is called by:
  4754 ;;		_main
  4755 ;; This function uses a non-reentrant model
  4756 ;;
  4757                           
  4758     00B9                     ___wmul:	
  4759                           ;psect for function ___wmul
  4760                           
  4761     00B9                     l2311:	
  4762                           ;incstack = 0
  4763                           ; Regs used in ___wmul: [wreg+status,2+status,0]
  4764                           
  4765     00B9  01FB               	clrf	___wmul@product
  4766     00BA  01FC               	clrf	___wmul@product+1
  4767     00BB                     l2313:
  4768     00BB  1C77               	btfss	___wmul@multiplier,0
  4769     00BC  28BE               	goto	u1081
  4770     00BD  28BF               	goto	u1080
  4771     00BE                     u1081:
  4772     00BE  28C3               	goto	l535
  4773     00BF                     u1080:
  4774     00BF                     l2315:
  4775     00BF  0879               	movf	___wmul@multiplicand,w
  4776     00C0  07FB               	addwf	___wmul@product,f
  4777     00C1  087A               	movf	___wmul@multiplicand+1,w
  4778     00C2  3DFC               	addwfc	___wmul@product+1,f
  4779     00C3                     l535:
  4780     00C3  3001               	movlw	1
  4781     00C4                     u1095:
  4782     00C4  35F9               	lslf	___wmul@multiplicand,f
  4783     00C5  0DFA               	rlf	___wmul@multiplicand+1,f
  4784     00C6  0B89               	decfsz	9,f
  4785     00C7  28C4               	goto	u1095
  4786     00C8                     l2317:
  4787     00C8  3001               	movlw	1
  4788     00C9                     u1105:
  4789     00C9  36F8               	lsrf	___wmul@multiplier+1,f
  4790     00CA  0CF7               	rrf	___wmul@multiplier,f
  4791     00CB  0B89               	decfsz	9,f
  4792     00CC  28C9               	goto	u1105
  4793     00CD                     l2319:
  4794     00CD  0877               	movf	___wmul@multiplier,w
  4795     00CE  0478               	iorwf	___wmul@multiplier+1,w
  4796     00CF  1D03               	btfss	3,2
  4797     00D0  28D2               	goto	u1111
  4798     00D1  28D3               	goto	u1110
  4799     00D2                     u1111:
  4800     00D2  28BB               	goto	l2313
  4801     00D3                     u1110:
  4802     00D3                     l2321:
  4803     00D3  087C               	movf	___wmul@product+1,w
  4804     00D4  00F8               	movwf	?___wmul+1
  4805     00D5  087B               	movf	___wmul@product,w
  4806     00D6  00F7               	movwf	?___wmul
  4807     00D7                     l537:
  4808     00D7  0008               	return
  4809     00D8                     __end_of___wmul:
  4810                           
  4811                           	psect	text11
  4812     0509                     __ptext11:	
  4813 ;; *************** function _StartRadio *****************
  4814 ;; Defined at:
  4815 ;;		line 4 in file "SourceFiles/nRF24L01.c"
  4816 ;; Parameters:    Size  Location     Type
  4817 ;;  channel         1    wreg     unsigned char 
  4818 ;;  payloadSize     1    8[BANK0 ] unsigned char 
  4819 ;;  radioType       1    9[BANK0 ] enum E6378
  4820 ;; Auto vars:     Size  Location     Type
  4821 ;;  channel         1   10[BANK0 ] unsigned char 
  4822 ;;  databytes       2   14[BANK0 ] unsigned char [2]
  4823 ;;  result          2   12[BANK0 ] unsigned char [2]
  4824 ;;  ReturnVal       1   11[BANK0 ] _Bool 
  4825 ;; Return value:  Size  Location     Type
  4826 ;;                  1    wreg      _Bool 
  4827 ;; Registers used:
  4828 ;;		wreg, fsr0l, fsr0h, fsr1l, fsr1h, status,2, status,0, pclath, cstack
  4829 ;; Tracked objects:
  4830 ;;		On entry : 0/0
  4831 ;;		On exit  : 0/0
  4832 ;;		Unchanged: 0/0
  4833 ;; Data sizes:     COMMON   BANK0   BANK1   BANK2   BANK3   BANK4   BANK5   BANK6   BANK7   BANK8   BANK9  BANK10  BANK1
      +1  BANK12  BANK13  BANK14  BANK15  BANK16  BANK17  BANK18  BANK19  BANK20  BANK21  BANK22  BANK23  BANK24  BANK25
  4834 ;;      Params:         0       2       0       0       0       0       0       0       0       0       0       0       
      +0       0       0       0       0       0       0       0       0       0       0       0       0       0       0
  4835 ;;      Locals:         0       6       0       0       0       0       0       0       0       0       0       0       
      +0       0       0       0       0       0       0       0       0       0       0       0       0       0       0
  4836 ;;      Temps:          0       0       0       0       0       0       0       0       0       0       0       0       
      +0       0       0       0       0       0       0       0       0       0       0       0       0       0       0
  4837 ;;      Totals:         0       8       0       0       0       0       0       0       0       0       0       0       
      +0       0       0       0       0       0       0       0       0       0       0       0       0       0       0
  4838 ;;Total ram usage:        8 bytes
  4839 ;; Hardware stack levels used: 1
  4840 ;; Hardware stack levels required when called: 4
  4841 ;; This function calls:
  4842 ;;		_ChangeRadioMode
  4843 ;;		_FeatureTest
  4844 ;;		_FlushRX
  4845 ;;		_FlushTX
  4846 ;;		_RFSetup
  4847 ;;		_ReadRegister
  4848 ;;		_SendSPI
  4849 ;;		_SetupPayloadSize
  4850 ;;		_SetupRetries
  4851 ;; This function is called by:
  4852 ;;		_main
  4853 ;; This function uses a non-reentrant model
  4854 ;;
  4855                           
  4856     0509                     _StartRadio:	
  4857                           ;psect for function _StartRadio
  4858                           
  4859                           
  4860                           ;incstack = 0
  4861                           ; Regs used in _StartRadio: [wreg-fsr1h+status,2+status,0+pclath+cstack]
  4862                           ;StartRadio@channel stored from wreg
  4863     0509  0020               	movlb	0	; select bank0
  4864     050A  00AA               	movwf	StartRadio@channel
  4865     050B                     l2041:
  4866                           
  4867                           ;SourceFiles/nRF24L01.c: 5:  _Bool ReturnVal = 0;
  4868     050B  01AB               	clrf	StartRadio@ReturnVal
  4869     050C                     l2043:
  4870                           
  4871                           ;SourceFiles/nRF24L01.c: 6:  uint8_t databytes[2];;SourceFiles/nRF24L01.c: 7:     uint8_
      +                          t result[2];;SourceFiles/nRF24L01.c: 10:  SetupRetries(1500, 15, result);
  4872     050C  30DC               	movlw	220
  4873     050D  00F7               	movwf	SetupRetries@autoReTXDelay
  4874     050E  3005               	movlw	5
  4875     050F  00F8               	movwf	SetupRetries@autoReTXDelay+1
  4876     0510  300F               	movlw	15
  4877     0511  00F9               	movwf	SetupRetries@autoReTXCount
  4878     0512  302C               	movlw	(low (StartRadio@result| 0))& (0+255)
  4879     0513  00FA               	movwf	SetupRetries@result
  4880     0514  3181  2195  3185   	fcall	_SetupRetries
  4881     0517                     l2045:
  4882                           
  4883                           ;SourceFiles/nRF24L01.c: 13:  RFSetup(RF_DR_1Mbps, RF_PWR_18dBm, result);
  4884     0517  01FA               	clrf	RFSetup@power
  4885     0518  302C               	movlw	(low (StartRadio@result| 0))& (0+255)
  4886     0519  00FB               	movwf	RFSetup@result
  4887     051A  3000               	movlw	0
  4888     051B  3182  2241  3185   	fcall	_RFSetup
  4889     051E                     l2047:
  4890                           
  4891                           ;SourceFiles/nRF24L01.c: 16:  FeatureTest(result);
  4892     051E  302C               	movlw	(low (StartRadio@result| 0))& (0+255)
  4893     051F  00FA               	movwf	FeatureTest@result
  4894     0520  3182  2280  3185   	fcall	_FeatureTest
  4895     0523                     l2049:
  4896                           
  4897                           ;SourceFiles/nRF24L01.c: 19:  databytes[0] = 0x20 | 0x1C;
  4898     0523  303C               	movlw	60
  4899     0524  0020               	movlb	0	; select bank0
  4900     0525  00AE               	movwf	StartRadio@databytes
  4901     0526                     l2051:
  4902                           
  4903                           ;SourceFiles/nRF24L01.c: 20:     databytes[1] = 0x00;
  4904     0526  01AF               	clrf	StartRadio@databytes+1
  4905                           
  4906                           ;SourceFiles/nRF24L01.c: 21:     SendSPI(databytes, result, 2);
  4907     0527  302E               	movlw	(low (StartRadio@databytes| 0))& (0+255)
  4908     0528  00F2               	movwf	SendSPI@bytes
  4909     0529  302C               	movlw	(low (StartRadio@result| 0))& (0+255)
  4910     052A  00F3               	movwf	SendSPI@result
  4911     052B  3002               	movlw	2
  4912     052C  00F4               	movwf	SendSPI@n
  4913     052D  3183  234B  3185   	fcall	_SendSPI
  4914     0530                     l2053:
  4915                           
  4916                           ;SourceFiles/nRF24L01.c: 24:     databytes[0] = 0x20 | 0x01;
  4917     0530  3021               	movlw	33
  4918     0531  0020               	movlb	0	; select bank0
  4919     0532  00AE               	movwf	StartRadio@databytes
  4920     0533                     l2055:
  4921                           
  4922                           ;SourceFiles/nRF24L01.c: 25:  databytes[1] = 0x3F;
  4923     0533  303F               	movlw	63
  4924     0534  00AF               	movwf	StartRadio@databytes+1
  4925                           
  4926                           ;SourceFiles/nRF24L01.c: 26:     SendSPI(databytes, result, 2);
  4927     0535  302E               	movlw	(low (StartRadio@databytes| 0))& (0+255)
  4928     0536  00F2               	movwf	SendSPI@bytes
  4929     0537  302C               	movlw	(low (StartRadio@result| 0))& (0+255)
  4930     0538  00F3               	movwf	SendSPI@result
  4931     0539  3002               	movlw	2
  4932     053A  00F4               	movwf	SendSPI@n
  4933     053B  3183  234B  3185   	fcall	_SendSPI
  4934     053E                     l2057:
  4935                           
  4936                           ;SourceFiles/nRF24L01.c: 29:     databytes[0] = 0x20 | 0x02;
  4937     053E  3022               	movlw	34
  4938     053F  0020               	movlb	0	; select bank0
  4939     0540  00AE               	movwf	StartRadio@databytes
  4940     0541                     l2059:
  4941                           
  4942                           ;SourceFiles/nRF24L01.c: 30:  databytes[1] = 0x03;
  4943     0541  3003               	movlw	3
  4944     0542  00AF               	movwf	StartRadio@databytes+1
  4945                           
  4946                           ;SourceFiles/nRF24L01.c: 31:     SendSPI(databytes, result, 2);
  4947     0543  302E               	movlw	(low (StartRadio@databytes| 0))& (0+255)
  4948     0544  00F2               	movwf	SendSPI@bytes
  4949     0545  302C               	movlw	(low (StartRadio@result| 0))& (0+255)
  4950     0546  00F3               	movwf	SendSPI@result
  4951     0547  3002               	movlw	2
  4952     0548  00F4               	movwf	SendSPI@n
  4953     0549  3183  234B  3185   	fcall	_SendSPI
  4954                           
  4955                           ;SourceFiles/nRF24L01.c: 34:  SetupPayloadSize(payloadSize, result);
  4956     054C  302C               	movlw	(low (StartRadio@result| 0))& (0+255)
  4957     054D  00F6               	movwf	SetupPayloadSize@result
  4958     054E  0020               	movlb	0	; select bank0
  4959     054F  0828               	movf	StartRadio@payloadSize,w
  4960     0550  3183  2305  3185   	fcall	_SetupPayloadSize
  4961     0553                     l2061:
  4962                           
  4963                           ;SourceFiles/nRF24L01.c: 37:     databytes[0] = 0x20 | 0x03;
  4964     0553  3023               	movlw	35
  4965     0554  0020               	movlb	0	; select bank0
  4966     0555  00AE               	movwf	StartRadio@databytes
  4967     0556                     l2063:
  4968                           
  4969                           ;SourceFiles/nRF24L01.c: 38:  databytes[1] = 0x03;
  4970     0556  3003               	movlw	3
  4971     0557  00AF               	movwf	StartRadio@databytes+1
  4972                           
  4973                           ;SourceFiles/nRF24L01.c: 39:     SendSPI(databytes, result, 2);
  4974     0558  302E               	movlw	(low (StartRadio@databytes| 0))& (0+255)
  4975     0559  00F2               	movwf	SendSPI@bytes
  4976     055A  302C               	movlw	(low (StartRadio@result| 0))& (0+255)
  4977     055B  00F3               	movwf	SendSPI@result
  4978     055C  3002               	movlw	2
  4979     055D  00F4               	movwf	SendSPI@n
  4980     055E  3183  234B  3185   	fcall	_SendSPI
  4981     0561                     l2065:
  4982                           
  4983                           ;SourceFiles/nRF24L01.c: 42:     databytes[0] = 0x20 | 0x05;
  4984     0561  3025               	movlw	37
  4985     0562  0020               	movlb	0	; select bank0
  4986     0563  00AE               	movwf	StartRadio@databytes
  4987     0564                     l2067:
  4988                           
  4989                           ;SourceFiles/nRF24L01.c: 43:  databytes[1] = channel & 0x7F;
  4990     0564  082A               	movf	StartRadio@channel,w
  4991     0565  397F               	andlw	127
  4992     0566  00AF               	movwf	StartRadio@databytes+1
  4993     0567                     l2069:
  4994                           
  4995                           ;SourceFiles/nRF24L01.c: 44:     SendSPI(databytes, result, 2);
  4996     0567  302E               	movlw	(low (StartRadio@databytes| 0))& (0+255)
  4997     0568  00F2               	movwf	SendSPI@bytes
  4998     0569  302C               	movlw	(low (StartRadio@result| 0))& (0+255)
  4999     056A  00F3               	movwf	SendSPI@result
  5000     056B  3002               	movlw	2
  5001     056C  00F4               	movwf	SendSPI@n
  5002     056D  3183  234B  3185   	fcall	_SendSPI
  5003     0570                     l2071:
  5004                           
  5005                           ;SourceFiles/nRF24L01.c: 47:     databytes[0] = 0x20 | 0x07;
  5006     0570  3027               	movlw	39
  5007     0571  0020               	movlb	0	; select bank0
  5008     0572  00AE               	movwf	StartRadio@databytes
  5009     0573                     l2073:
  5010                           
  5011                           ;SourceFiles/nRF24L01.c: 48:  databytes[1] = 0x70;
  5012     0573  3070               	movlw	112
  5013     0574  00AF               	movwf	StartRadio@databytes+1
  5014     0575                     l2075:
  5015                           
  5016                           ;SourceFiles/nRF24L01.c: 49:     SendSPI(databytes, result, 2);
  5017     0575  302E               	movlw	(low (StartRadio@databytes| 0))& (0+255)
  5018     0576  00F2               	movwf	SendSPI@bytes
  5019     0577  302C               	movlw	(low (StartRadio@result| 0))& (0+255)
  5020     0578  00F3               	movwf	SendSPI@result
  5021     0579  3002               	movlw	2
  5022     057A  00F4               	movwf	SendSPI@n
  5023     057B  3183  234B  3185   	fcall	_SendSPI
  5024     057E                     l2077:
  5025                           
  5026                           ;SourceFiles/nRF24L01.c: 52:  FlushRX();
  5027     057E  3180  2071  3185   	fcall	_FlushRX
  5028     0581                     l2079:
  5029                           
  5030                           ;SourceFiles/nRF24L01.c: 53:  FlushTX();
  5031     0581  3180  207E  3185   	fcall	_FlushTX
  5032     0584                     l2081:
  5033                           
  5034                           ;SourceFiles/nRF24L01.c: 56:  ChangeRadioMode(PowerDown, 1, radioType);
  5035     0584  01F6               	clrf	ChangeRadioMode@CRCbytes
  5036     0585  0AF6               	incf	ChangeRadioMode@CRCbytes,f
  5037     0586  0020               	movlb	0	; select bank0
  5038     0587  0829               	movf	StartRadio@radioType,w
  5039     0588  00F7               	movwf	ChangeRadioMode@radioType
  5040     0589  3004               	movlw	4
  5041     058A  3184  24A1  3185   	fcall	_ChangeRadioMode
  5042     058D                     l2083:
  5043                           
  5044                           ;SourceFiles/nRF24L01.c: 59:  ReadRegister(0x00, result);
  5045     058D  302C               	movlw	(low (StartRadio@result| 0))& (0+255)
  5046     058E  00F6               	movwf	ReadRegister@result
  5047     058F  3000               	movlw	0
  5048     0590  3180  20A8  3185   	fcall	_ReadRegister
  5049     0593                     l2085:
  5050                           
  5051                           ;SourceFiles/nRF24L01.c: 60:     if (result[1] & 0x0c) {
  5052     0593  0020               	movlb	0	; select bank0
  5053     0594  082D               	movf	StartRadio@result+1,w
  5054     0595  390C               	andlw	12
  5055     0596  1903               	btfsc	3,2
  5056     0597  2D99               	goto	u981
  5057     0598  2D9A               	goto	u980
  5058     0599                     u981:
  5059     0599  2D9C               	goto	l2089
  5060     059A                     u980:
  5061     059A                     l2087:
  5062                           
  5063                           ;SourceFiles/nRF24L01.c: 61:         ReturnVal = 1;
  5064     059A  3001               	movlw	1
  5065     059B  00AB               	movwf	StartRadio@ReturnVal
  5066     059C                     l2089:
  5067                           
  5068                           ;SourceFiles/nRF24L01.c: 64:  return ReturnVal;
  5069     059C  082B               	movf	StartRadio@ReturnVal,w
  5070     059D                     l205:
  5071     059D  0008               	return
  5072     059E                     __end_of_StartRadio:
  5073                           
  5074                           	psect	text12
  5075     0195                     __ptext12:	
  5076 ;; *************** function _SetupRetries *****************
  5077 ;; Defined at:
  5078 ;;		line 221 in file "SourceFiles/nRF24L01.c"
  5079 ;; Parameters:    Size  Location     Type
  5080 ;;  autoReTXDela    2    7[COMMON] unsigned short 
  5081 ;;  autoReTXCoun    1    9[COMMON] unsigned char 
  5082 ;;  result          1   10[COMMON] PTR unsigned char 
  5083 ;;		 -> StartRadio@result(2), 
  5084 ;; Auto vars:     Size  Location     Type
  5085 ;;  databytes       2    2[BANK0 ] unsigned char [2]
  5086 ;;  ARDbin          2    0[BANK0 ] unsigned short 
  5087 ;; Return value:  Size  Location     Type
  5088 ;;                  1    wreg      void 
  5089 ;; Registers used:
  5090 ;;		wreg, fsr1l, fsr1h, status,2, status,0, pclath, cstack
  5091 ;; Tracked objects:
  5092 ;;		On entry : 0/0
  5093 ;;		On exit  : 0/0
  5094 ;;		Unchanged: 0/0
  5095 ;; Data sizes:     COMMON   BANK0   BANK1   BANK2   BANK3   BANK4   BANK5   BANK6   BANK7   BANK8   BANK9  BANK10  BANK1
      +1  BANK12  BANK13  BANK14  BANK15  BANK16  BANK17  BANK18  BANK19  BANK20  BANK21  BANK22  BANK23  BANK24  BANK25
  5096 ;;      Params:         4       0       0       0       0       0       0       0       0       0       0       0       
      +0       0       0       0       0       0       0       0       0       0       0       0       0       0       0
  5097 ;;      Locals:         0       4       0       0       0       0       0       0       0       0       0       0       
      +0       0       0       0       0       0       0       0       0       0       0       0       0       0       0
  5098 ;;      Temps:          1       0       0       0       0       0       0       0       0       0       0       0       
      +0       0       0       0       0       0       0       0       0       0       0       0       0       0       0
  5099 ;;      Totals:         5       4       0       0       0       0       0       0       0       0       0       0       
      +0       0       0       0       0       0       0       0       0       0       0       0       0       0       0
  5100 ;;Total ram usage:        9 bytes
  5101 ;; Hardware stack levels used: 1
  5102 ;; Hardware stack levels required when called: 2
  5103 ;; This function calls:
  5104 ;;		_SendSPI
  5105 ;;		___lwdiv
  5106 ;; This function is called by:
  5107 ;;		_StartRadio
  5108 ;; This function uses a non-reentrant model
  5109 ;;
  5110                           
  5111     0195                     _SetupRetries:	
  5112                           ;psect for function _SetupRetries
  5113                           
  5114     0195                     l1915:	
  5115                           ;incstack = 0
  5116                           ; Regs used in _SetupRetries: [wreg+fsr1l+fsr1h+status,2+status,0+pclath+cstack]
  5117                           
  5118                           
  5119                           ;SourceFiles/nRF24L01.c: 222:  uint16_t ARDbin = autoReTXDelay / 250 - 1;
  5120     0195  30FA               	movlw	250
  5121     0196  00F0               	movwf	___lwdiv@divisor
  5122     0197  3000               	movlw	0
  5123     0198  00F1               	movwf	___lwdiv@divisor+1
  5124     0199  0878               	movf	SetupRetries@autoReTXDelay+1,w
  5125     019A  00F3               	movwf	___lwdiv@dividend+1
  5126     019B  0877               	movf	SetupRetries@autoReTXDelay,w
  5127     019C  00F2               	movwf	___lwdiv@dividend
  5128     019D  3181  21C9  3181   	fcall	___lwdiv
  5129     01A0  0870               	movf	?___lwdiv,w
  5130     01A1  3EFF               	addlw	255
  5131     01A2  0020               	movlb	0	; select bank0
  5132     01A3  00A0               	movwf	SetupRetries@ARDbin
  5133     01A4  30FF               	movlw	255
  5134     01A5  3D71               	addwfc	?___lwdiv+1,w
  5135     01A6  00A1               	movwf	SetupRetries@ARDbin+1
  5136     01A7                     l1917:
  5137                           
  5138                           ;SourceFiles/nRF24L01.c: 223:  if (autoReTXDelay > 4000) {
  5139     01A7  300F               	movlw	15
  5140     01A8  0278               	subwf	SetupRetries@autoReTXDelay+1,w
  5141     01A9  30A1               	movlw	161
  5142     01AA  1903               	skipnz
  5143     01AB  0277               	subwf	SetupRetries@autoReTXDelay,w
  5144     01AC  1C03               	skipc
  5145     01AD  29AF               	goto	u911
  5146     01AE  29B0               	goto	u910
  5147     01AF                     u911:
  5148     01AF  29B4               	goto	l1921
  5149     01B0                     u910:
  5150     01B0                     l1919:
  5151                           
  5152                           ;SourceFiles/nRF24L01.c: 224:   ARDbin = 15;
  5153     01B0  300F               	movlw	15
  5154     01B1  00A0               	movwf	SetupRetries@ARDbin
  5155     01B2  3000               	movlw	0
  5156     01B3  00A1               	movwf	SetupRetries@ARDbin+1
  5157     01B4                     l1921:
  5158                           
  5159                           ;SourceFiles/nRF24L01.c: 226:  uint8_t databytes[2];;SourceFiles/nRF24L01.c: 227:     da
      +                          tabytes[0] = 0x20 | 0x04;
  5160     01B4  3024               	movlw	36
  5161     01B5  00A2               	movwf	SetupRetries@databytes
  5162     01B6                     l1923:
  5163                           
  5164                           ;SourceFiles/nRF24L01.c: 228:     databytes[1] = (uint8_t)(ARDbin << 4 | autoReTXCount);
  5165     01B6  0820               	movf	SetupRetries@ARDbin,w
  5166     01B7  00FB               	movwf	??_SetupRetries
  5167     01B8  3004               	movlw	4
  5168     01B9                     u925:
  5169     01B9  35FB               	lslf	??_SetupRetries,f
  5170     01BA  0B89               	decfsz	9,f
  5171     01BB  29B9               	goto	u925
  5172     01BC  087B               	movf	??_SetupRetries,w
  5173     01BD  0479               	iorwf	SetupRetries@autoReTXCount,w
  5174     01BE  00A3               	movwf	SetupRetries@databytes+1
  5175     01BF                     l1925:
  5176                           
  5177                           ;SourceFiles/nRF24L01.c: 229:     SendSPI(databytes, result, 2);
  5178     01BF  3022               	movlw	(low (SetupRetries@databytes| 0))& (0+255)
  5179     01C0  00F2               	movwf	SendSPI@bytes
  5180     01C1  087A               	movf	SetupRetries@result,w
  5181     01C2  00F3               	movwf	SendSPI@result
  5182     01C3  3002               	movlw	2
  5183     01C4  00F4               	movwf	SendSPI@n
  5184     01C5  3183  234B  3181   	fcall	_SendSPI
  5185     01C8                     l261:
  5186     01C8  0008               	return
  5187     01C9                     __end_of_SetupRetries:
  5188                           
  5189                           	psect	text13
  5190     01C9                     __ptext13:	
  5191 ;; *************** function ___lwdiv *****************
  5192 ;; Defined at:
  5193 ;;		line 5 in file "C:\Program Files\Microchip\xc8\v2.50\pic\sources\c99\common\lwdiv.c"
  5194 ;; Parameters:    Size  Location     Type
  5195 ;;  divisor         2    0[COMMON] unsigned int 
  5196 ;;  dividend        2    2[COMMON] unsigned int 
  5197 ;; Auto vars:     Size  Location     Type
  5198 ;;  quotient        2    4[COMMON] unsigned int 
  5199 ;;  counter         1    6[COMMON] unsigned char 
  5200 ;; Return value:  Size  Location     Type
  5201 ;;                  2    0[COMMON] unsigned int 
  5202 ;; Registers used:
  5203 ;;		wreg, status,2, status,0
  5204 ;; Tracked objects:
  5205 ;;		On entry : 0/0
  5206 ;;		On exit  : 0/0
  5207 ;;		Unchanged: 0/0
  5208 ;; Data sizes:     COMMON   BANK0   BANK1   BANK2   BANK3   BANK4   BANK5   BANK6   BANK7   BANK8   BANK9  BANK10  BANK1
      +1  BANK12  BANK13  BANK14  BANK15  BANK16  BANK17  BANK18  BANK19  BANK20  BANK21  BANK22  BANK23  BANK24  BANK25
  5209 ;;      Params:         4       0       0       0       0       0       0       0       0       0       0       0       
      +0       0       0       0       0       0       0       0       0       0       0       0       0       0       0
  5210 ;;      Locals:         3       0       0       0       0       0       0       0       0       0       0       0       
      +0       0       0       0       0       0       0       0       0       0       0       0       0       0       0
  5211 ;;      Temps:          0       0       0       0       0       0       0       0       0       0       0       0       
      +0       0       0       0       0       0       0       0       0       0       0       0       0       0       0
  5212 ;;      Totals:         7       0       0       0       0       0       0       0       0       0       0       0       
      +0       0       0       0       0       0       0       0       0       0       0       0       0       0       0
  5213 ;;Total ram usage:        7 bytes
  5214 ;; Hardware stack levels used: 1
  5215 ;; This function calls:
  5216 ;;		Nothing
  5217 ;; This function is called by:
  5218 ;;		_main
  5219 ;;		_SetupRetries
  5220 ;; This function uses a non-reentrant model
  5221 ;;
  5222                           
  5223     01C9                     ___lwdiv:	
  5224                           ;psect for function ___lwdiv
  5225                           
  5226     01C9                     l1889:	
  5227                           ;incstack = 0
  5228                           ; Regs used in ___lwdiv: [wreg+status,2+status,0]
  5229                           
  5230     01C9  01F4               	clrf	___lwdiv@quotient
  5231     01CA  01F5               	clrf	___lwdiv@quotient+1
  5232     01CB                     l1891:
  5233     01CB  0870               	movf	___lwdiv@divisor,w
  5234     01CC  0471               	iorwf	___lwdiv@divisor+1,w
  5235     01CD  1903               	btfsc	3,2
  5236     01CE  29D0               	goto	u841
  5237     01CF  29D1               	goto	u840
  5238     01D0                     u841:
  5239     01D0  29FE               	goto	l1911
  5240     01D1                     u840:
  5241     01D1                     l1893:
  5242     01D1  3001               	movlw	1
  5243     01D2  00F6               	movwf	___lwdiv@counter
  5244     01D3  29DB               	goto	l1899
  5245     01D4                     l1895:
  5246     01D4  3001               	movlw	1
  5247     01D5                     u855:
  5248     01D5  35F0               	lslf	___lwdiv@divisor,f
  5249     01D6  0DF1               	rlf	___lwdiv@divisor+1,f
  5250     01D7  0B89               	decfsz	9,f
  5251     01D8  29D5               	goto	u855
  5252     01D9                     l1897:
  5253     01D9  3001               	movlw	1
  5254     01DA  07F6               	addwf	___lwdiv@counter,f
  5255     01DB                     l1899:
  5256     01DB  1FF1               	btfss	___lwdiv@divisor+1,7
  5257     01DC  29DE               	goto	u861
  5258     01DD  29DF               	goto	u860
  5259     01DE                     u861:
  5260     01DE  29D4               	goto	l1895
  5261     01DF                     u860:
  5262     01DF                     l1901:
  5263     01DF  3001               	movlw	1
  5264     01E0                     u875:
  5265     01E0  35F4               	lslf	___lwdiv@quotient,f
  5266     01E1  0DF5               	rlf	___lwdiv@quotient+1,f
  5267     01E2  0B89               	decfsz	9,f
  5268     01E3  29E0               	goto	u875
  5269     01E4  0871               	movf	___lwdiv@divisor+1,w
  5270     01E5  0273               	subwf	___lwdiv@dividend+1,w
  5271     01E6  1D03               	skipz
  5272     01E7  29EA               	goto	u885
  5273     01E8  0870               	movf	___lwdiv@divisor,w
  5274     01E9  0272               	subwf	___lwdiv@dividend,w
  5275     01EA                     u885:
  5276     01EA  1C03               	skipc
  5277     01EB  29ED               	goto	u881
  5278     01EC  29EE               	goto	u880
  5279     01ED                     u881:
  5280     01ED  29F3               	goto	l1907
  5281     01EE                     u880:
  5282     01EE                     l1903:
  5283     01EE  0870               	movf	___lwdiv@divisor,w
  5284     01EF  02F2               	subwf	___lwdiv@dividend,f
  5285     01F0  0871               	movf	___lwdiv@divisor+1,w
  5286     01F1  3BF3               	subwfb	___lwdiv@dividend+1,f
  5287     01F2                     l1905:
  5288     01F2  1474               	bsf	___lwdiv@quotient,0
  5289     01F3                     l1907:
  5290     01F3  3001               	movlw	1
  5291     01F4                     u895:
  5292     01F4  36F1               	lsrf	___lwdiv@divisor+1,f
  5293     01F5  0CF0               	rrf	___lwdiv@divisor,f
  5294     01F6  0B89               	decfsz	9,f
  5295     01F7  29F4               	goto	u895
  5296     01F8                     l1909:
  5297     01F8  3001               	movlw	1
  5298     01F9  02F6               	subwf	___lwdiv@counter,f
  5299     01FA  1D03               	btfss	3,2
  5300     01FB  29FD               	goto	u901
  5301     01FC  29FE               	goto	u900
  5302     01FD                     u901:
  5303     01FD  29DF               	goto	l1901
  5304     01FE                     u900:
  5305     01FE                     l1911:
  5306     01FE  0875               	movf	___lwdiv@quotient+1,w
  5307     01FF  00F1               	movwf	?___lwdiv+1
  5308     0200  0874               	movf	___lwdiv@quotient,w
  5309     0201  00F0               	movwf	?___lwdiv
  5310     0202                     l815:
  5311     0202  0008               	return
  5312     0203                     __end_of___lwdiv:
  5313                           
  5314                           	psect	text14
  5315     0305                     __ptext14:	
  5316 ;; *************** function _SetupPayloadSize *****************
  5317 ;; Defined at:
  5318 ;;		line 167 in file "SourceFiles/nRF24L01.c"
  5319 ;; Parameters:    Size  Location     Type
  5320 ;;  size            1    wreg     unsigned char 
  5321 ;;  result          1    6[COMMON] PTR unsigned char 
  5322 ;;		 -> StartRadio@result(2), 
  5323 ;; Auto vars:     Size  Location     Type
  5324 ;;  size            1    7[COMMON] unsigned char 
  5325 ;;  databytes       2    8[COMMON] unsigned char [2]
  5326 ;; Return value:  Size  Location     Type
  5327 ;;                  1    wreg      void 
  5328 ;; Registers used:
  5329 ;;		wreg, fsr1l, fsr1h, status,2, status,0, pclath, cstack
  5330 ;; Tracked objects:
  5331 ;;		On entry : 0/0
  5332 ;;		On exit  : 0/0
  5333 ;;		Unchanged: 0/0
  5334 ;; Data sizes:     COMMON   BANK0   BANK1   BANK2   BANK3   BANK4   BANK5   BANK6   BANK7   BANK8   BANK9  BANK10  BANK1
      +1  BANK12  BANK13  BANK14  BANK15  BANK16  BANK17  BANK18  BANK19  BANK20  BANK21  BANK22  BANK23  BANK24  BANK25
  5335 ;;      Params:         1       0       0       0       0       0       0       0       0       0       0       0       
      +0       0       0       0       0       0       0       0       0       0       0       0       0       0       0
  5336 ;;      Locals:         3       0       0       0       0       0       0       0       0       0       0       0       
      +0       0       0       0       0       0       0       0       0       0       0       0       0       0       0
  5337 ;;      Temps:          0       0       0       0       0       0       0       0       0       0       0       0       
      +0       0       0       0       0       0       0       0       0       0       0       0       0       0       0
  5338 ;;      Totals:         4       0       0       0       0       0       0       0       0       0       0       0       
      +0       0       0       0       0       0       0       0       0       0       0       0       0       0       0
  5339 ;;Total ram usage:        4 bytes
  5340 ;; Hardware stack levels used: 1
  5341 ;; Hardware stack levels required when called: 2
  5342 ;; This function calls:
  5343 ;;		_SendSPI
  5344 ;; This function is called by:
  5345 ;;		_StartRadio
  5346 ;; This function uses a non-reentrant model
  5347 ;;
  5348                           
  5349     0305                     _SetupPayloadSize:	
  5350                           ;psect for function _SetupPayloadSize
  5351                           
  5352                           
  5353                           ;incstack = 0
  5354                           ; Regs used in _SetupPayloadSize: [wreg+fsr1l+fsr1h+status,2+status,0+pclath+cstack]
  5355                           ;SetupPayloadSize@size stored from wreg
  5356     0305  00F7               	movwf	SetupPayloadSize@size
  5357     0306                     l1967:
  5358                           
  5359                           ;SourceFiles/nRF24L01.c: 168:  uint8_t databytes[2];;SourceFiles/nRF24L01.c: 169:     da
      +                          tabytes[0] = 0x20 | 0x11;
  5360     0306  3031               	movlw	49
  5361     0307  00F8               	movwf	SetupPayloadSize@databytes
  5362     0308                     l1969:
  5363                           
  5364                           ;SourceFiles/nRF24L01.c: 170:     databytes[1] = size;
  5365     0308  0877               	movf	SetupPayloadSize@size,w
  5366     0309  00F9               	movwf	SetupPayloadSize@databytes+1
  5367     030A                     l1971:
  5368                           
  5369                           ;SourceFiles/nRF24L01.c: 171:     SendSPI(databytes, result, 2);
  5370     030A  3078               	movlw	(low (SetupPayloadSize@databytes| 0))& (0+255)
  5371     030B  00F2               	movwf	SendSPI@bytes
  5372     030C  0876               	movf	SetupPayloadSize@result,w
  5373     030D  00F3               	movwf	SendSPI@result
  5374     030E  3002               	movlw	2
  5375     030F  00F4               	movwf	SendSPI@n
  5376     0310  3183  234B  3183   	fcall	_SendSPI
  5377     0313                     l1973:
  5378                           
  5379                           ;SourceFiles/nRF24L01.c: 173:     databytes[0] = 0x20 | 0x12;
  5380     0313  3032               	movlw	50
  5381     0314  00F8               	movwf	SetupPayloadSize@databytes
  5382     0315                     l1975:
  5383                           
  5384                           ;SourceFiles/nRF24L01.c: 174:     SendSPI(databytes, result, 2);
  5385     0315  3078               	movlw	(low (SetupPayloadSize@databytes| 0))& (0+255)
  5386     0316  00F2               	movwf	SendSPI@bytes
  5387     0317  0876               	movf	SetupPayloadSize@result,w
  5388     0318  00F3               	movwf	SendSPI@result
  5389     0319  3002               	movlw	2
  5390     031A  00F4               	movwf	SendSPI@n
  5391     031B  3183  234B  3183   	fcall	_SendSPI
  5392     031E                     l1977:
  5393                           
  5394                           ;SourceFiles/nRF24L01.c: 176:     databytes[0] = 0x20 | 0x13;
  5395     031E  3033               	movlw	51
  5396     031F  00F8               	movwf	SetupPayloadSize@databytes
  5397     0320                     l1979:
  5398                           
  5399                           ;SourceFiles/nRF24L01.c: 177:     SendSPI(databytes, result, 2);
  5400     0320  3078               	movlw	(low (SetupPayloadSize@databytes| 0))& (0+255)
  5401     0321  00F2               	movwf	SendSPI@bytes
  5402     0322  0876               	movf	SetupPayloadSize@result,w
  5403     0323  00F3               	movwf	SendSPI@result
  5404     0324  3002               	movlw	2
  5405     0325  00F4               	movwf	SendSPI@n
  5406     0326  3183  234B  3183   	fcall	_SendSPI
  5407     0329                     l1981:
  5408                           
  5409                           ;SourceFiles/nRF24L01.c: 179:     databytes[0] = 0x20 | 0x14;
  5410     0329  3034               	movlw	52
  5411     032A  00F8               	movwf	SetupPayloadSize@databytes
  5412     032B                     l1983:
  5413                           
  5414                           ;SourceFiles/nRF24L01.c: 180:     SendSPI(databytes, result, 2);
  5415     032B  3078               	movlw	(low (SetupPayloadSize@databytes| 0))& (0+255)
  5416     032C  00F2               	movwf	SendSPI@bytes
  5417     032D  0876               	movf	SetupPayloadSize@result,w
  5418     032E  00F3               	movwf	SendSPI@result
  5419     032F  3002               	movlw	2
  5420     0330  00F4               	movwf	SendSPI@n
  5421     0331  3183  234B  3183   	fcall	_SendSPI
  5422     0334                     l1985:
  5423                           
  5424                           ;SourceFiles/nRF24L01.c: 182:     databytes[0] = 0x20 | 0x15;
  5425     0334  3035               	movlw	53
  5426     0335  00F8               	movwf	SetupPayloadSize@databytes
  5427     0336                     l1987:
  5428                           
  5429                           ;SourceFiles/nRF24L01.c: 183:     SendSPI(databytes, result, 2);
  5430     0336  3078               	movlw	(low (SetupPayloadSize@databytes| 0))& (0+255)
  5431     0337  00F2               	movwf	SendSPI@bytes
  5432     0338  0876               	movf	SetupPayloadSize@result,w
  5433     0339  00F3               	movwf	SendSPI@result
  5434     033A  3002               	movlw	2
  5435     033B  00F4               	movwf	SendSPI@n
  5436     033C  3183  234B  3183   	fcall	_SendSPI
  5437     033F                     l1989:
  5438                           
  5439                           ;SourceFiles/nRF24L01.c: 185:     databytes[0] = 0x20 | 0x16;
  5440     033F  3036               	movlw	54
  5441     0340  00F8               	movwf	SetupPayloadSize@databytes
  5442     0341                     l1991:
  5443                           
  5444                           ;SourceFiles/nRF24L01.c: 186:     SendSPI(databytes, result, 2);
  5445     0341  3078               	movlw	(low (SetupPayloadSize@databytes| 0))& (0+255)
  5446     0342  00F2               	movwf	SendSPI@bytes
  5447     0343  0876               	movf	SetupPayloadSize@result,w
  5448     0344  00F3               	movwf	SendSPI@result
  5449     0345  3002               	movlw	2
  5450     0346  00F4               	movwf	SendSPI@n
  5451     0347  3183  234B  3183   	fcall	_SendSPI
  5452     034A                     l245:
  5453     034A  0008               	return
  5454     034B                     __end_of_SetupPayloadSize:
  5455                           
  5456                           	psect	text15
  5457     0241                     __ptext15:	
  5458 ;; *************** function _RFSetup *****************
  5459 ;; Defined at:
  5460 ;;		line 96 in file "SourceFiles/nRF24L01.c"
  5461 ;; Parameters:    Size  Location     Type
  5462 ;;  datarate        1    wreg     enum E6382
  5463 ;;  power           1   10[COMMON] enum E6387
  5464 ;;  result          1   11[COMMON] PTR unsigned char 
  5465 ;;		 -> StartRadio@result(2), 
  5466 ;; Auto vars:     Size  Location     Type
  5467 ;;  datarate        1    2[BANK0 ] enum E6382
  5468 ;;  databytes       2    0[BANK0 ] unsigned char [2]
  5469 ;;  Setup           1    3[BANK0 ] struct .
  5470 ;; Return value:  Size  Location     Type
  5471 ;;                  1    wreg      void 
  5472 ;; Registers used:
  5473 ;;		wreg, fsr1l, fsr1h, status,2, status,0, pclath, cstack
  5474 ;; Tracked objects:
  5475 ;;		On entry : 0/0
  5476 ;;		On exit  : 0/0
  5477 ;;		Unchanged: 0/0
  5478 ;; Data sizes:     COMMON   BANK0   BANK1   BANK2   BANK3   BANK4   BANK5   BANK6   BANK7   BANK8   BANK9  BANK10  BANK1
      +1  BANK12  BANK13  BANK14  BANK15  BANK16  BANK17  BANK18  BANK19  BANK20  BANK21  BANK22  BANK23  BANK24  BANK25
  5479 ;;      Params:         2       0       0       0       0       0       0       0       0       0       0       0       
      +0       0       0       0       0       0       0       0       0       0       0       0       0       0       0
  5480 ;;      Locals:         0       4       0       0       0       0       0       0       0       0       0       0       
      +0       0       0       0       0       0       0       0       0       0       0       0       0       0       0
  5481 ;;      Temps:          2       0       0       0       0       0       0       0       0       0       0       0       
      +0       0       0       0       0       0       0       0       0       0       0       0       0       0       0
  5482 ;;      Totals:         4       4       0       0       0       0       0       0       0       0       0       0       
      +0       0       0       0       0       0       0       0       0       0       0       0       0       0       0
  5483 ;;Total ram usage:        8 bytes
  5484 ;; Hardware stack levels used: 1
  5485 ;; Hardware stack levels required when called: 3
  5486 ;; This function calls:
  5487 ;;		_ReadRegister
  5488 ;;		_SendSPI
  5489 ;; This function is called by:
  5490 ;;		_StartRadio
  5491 ;; This function uses a non-reentrant model
  5492 ;;
  5493                           
  5494     0241                     _RFSetup:	
  5495                           ;psect for function _RFSetup
  5496                           
  5497                           
  5498                           ;incstack = 0
  5499                           ; Regs used in _RFSetup: [wreg+fsr1l+fsr1h+status,2+status,0+pclath+cstack]
  5500                           ;RFSetup@datarate stored from wreg
  5501     0241  0020               	movlb	0	; select bank0
  5502     0242  00A2               	movwf	RFSetup@datarate
  5503     0243                     l1927:
  5504                           
  5505                           ;SourceFiles/nRF24L01.c: 97:  ReadRegister(0x06, result);
  5506     0243  087B               	movf	RFSetup@result,w
  5507     0244  00F6               	movwf	ReadRegister@result
  5508     0245  3006               	movlw	6
  5509     0246  3180  20A8  3182   	fcall	_ReadRegister
  5510     0249                     l1929:
  5511                           
  5512                           ;SourceFiles/nRF24L01.c: 98:  RF_SETUPbits_t Setup;;SourceFiles/nRF24L01.c: 99:  Setup.w
      +                           = result[1];
  5513     0249  0A7B               	incf	RFSetup@result,w
  5514     024A  0086               	movwf	6
  5515     024B  0187               	clrf	7
  5516     024C  0801               	movf	1,w
  5517     024D  0020               	movlb	0	; select bank0
  5518     024E  00A3               	movwf	RFSetup@Setup
  5519     024F                     l1931:
  5520                           
  5521                           ;SourceFiles/nRF24L01.c: 100:  Setup.RF_PWR = power;
  5522     024F  087A               	movf	RFSetup@power,w
  5523     0250  00FC               	movwf	??_RFSetup
  5524     0251  0DFC               	rlf	??_RFSetup,f
  5525     0252  0823               	movf	RFSetup@Setup,w
  5526     0253  067C               	xorwf	??_RFSetup,w
  5527     0254  39F9               	andlw	-7
  5528     0255  067C               	xorwf	??_RFSetup,w
  5529     0256  00A3               	movwf	RFSetup@Setup
  5530     0257                     l1933:
  5531                           
  5532                           ;SourceFiles/nRF24L01.c: 101:  Setup.RF_DR_LOW = (datarate & 0x02) >> 1;
  5533     0257  0822               	movf	RFSetup@datarate,w
  5534     0258  00FC               	movwf	??_RFSetup
  5535     0259  3001               	movlw	1
  5536     025A                     u935:
  5537     025A  36FC               	lsrf	??_RFSetup,f
  5538     025B  0B89               	decfsz	9,f
  5539     025C  2A5A               	goto	u935
  5540     025D  087C               	movf	??_RFSetup,w
  5541     025E  3901               	andlw	1
  5542     025F  00FD               	movwf	??_RFSetup+1
  5543     0260  0EFD               	swapf	??_RFSetup+1,f
  5544     0261  0DFD               	rlf	??_RFSetup+1,f
  5545     0262  0823               	movf	RFSetup@Setup,w
  5546     0263  067D               	xorwf	??_RFSetup+1,w
  5547     0264  39DF               	andlw	-33
  5548     0265  067D               	xorwf	??_RFSetup+1,w
  5549     0266  00A3               	movwf	RFSetup@Setup
  5550     0267                     l1935:
  5551                           
  5552                           ;SourceFiles/nRF24L01.c: 102:  Setup.RF_DR_HIGH = datarate & 0x01;
  5553     0267  0822               	movf	RFSetup@datarate,w
  5554     0268  3901               	andlw	1
  5555     0269  00FC               	movwf	??_RFSetup
  5556     026A  0DFC               	rlf	??_RFSetup,f
  5557     026B  0DFC               	rlf	??_RFSetup,f
  5558     026C  0DFC               	rlf	??_RFSetup,f
  5559     026D  0823               	movf	RFSetup@Setup,w
  5560     026E  067C               	xorwf	??_RFSetup,w
  5561     026F  39F7               	andlw	-9
  5562     0270  067C               	xorwf	??_RFSetup,w
  5563     0271  00A3               	movwf	RFSetup@Setup
  5564     0272                     l1937:
  5565                           
  5566                           ;SourceFiles/nRF24L01.c: 103:  uint8_t databytes[2];;SourceFiles/nRF24L01.c: 104:     da
      +                          tabytes[0] = 0x20 | 0x06;
  5567     0272  3026               	movlw	38
  5568     0273  00A0               	movwf	RFSetup@databytes
  5569     0274                     l1939:
  5570                           
  5571                           ;SourceFiles/nRF24L01.c: 105:     databytes[1] = Setup.w;
  5572     0274  0823               	movf	RFSetup@Setup,w
  5573     0275  00A1               	movwf	RFSetup@databytes+1
  5574     0276                     l1941:
  5575                           
  5576                           ;SourceFiles/nRF24L01.c: 106:     SendSPI(databytes, result, 2);
  5577     0276  3020               	movlw	(low (RFSetup@databytes| 0))& (0+255)
  5578     0277  00F2               	movwf	SendSPI@bytes
  5579     0278  087B               	movf	RFSetup@result,w
  5580     0279  00F3               	movwf	SendSPI@result
  5581     027A  3002               	movlw	2
  5582     027B  00F4               	movwf	SendSPI@n
  5583     027C  3183  234B  3182   	fcall	_SendSPI
  5584     027F                     l230:
  5585     027F  0008               	return
  5586     0280                     __end_of_RFSetup:
  5587                           
  5588                           	psect	text16
  5589     007E                     __ptext16:	
  5590 ;; *************** function _FlushTX *****************
  5591 ;; Defined at:
  5592 ;;		line 90 in file "SourceFiles/nRF24L01.c"
  5593 ;; Parameters:    Size  Location     Type
  5594 ;;		None
  5595 ;; Auto vars:     Size  Location     Type
  5596 ;;  result          1    7[COMMON] unsigned char [1]
  5597 ;;  bytes           1    6[COMMON] unsigned char [1]
  5598 ;; Return value:  Size  Location     Type
  5599 ;;                  1    wreg      void 
  5600 ;; Registers used:
  5601 ;;		wreg, fsr1l, fsr1h, status,2, status,0, pclath, cstack
  5602 ;; Tracked objects:
  5603 ;;		On entry : 0/0
  5604 ;;		On exit  : 0/0
  5605 ;;		Unchanged: 0/0
  5606 ;; Data sizes:     COMMON   BANK0   BANK1   BANK2   BANK3   BANK4   BANK5   BANK6   BANK7   BANK8   BANK9  BANK10  BANK1
      +1  BANK12  BANK13  BANK14  BANK15  BANK16  BANK17  BANK18  BANK19  BANK20  BANK21  BANK22  BANK23  BANK24  BANK25
  5607 ;;      Params:         0       0       0       0       0       0       0       0       0       0       0       0       
      +0       0       0       0       0       0       0       0       0       0       0       0       0       0       0
  5608 ;;      Locals:         2       0       0       0       0       0       0       0       0       0       0       0       
      +0       0       0       0       0       0       0       0       0       0       0       0       0       0       0
  5609 ;;      Temps:          0       0       0       0       0       0       0       0       0       0       0       0       
      +0       0       0       0       0       0       0       0       0       0       0       0       0       0       0
  5610 ;;      Totals:         2       0       0       0       0       0       0       0       0       0       0       0       
      +0       0       0       0       0       0       0       0       0       0       0       0       0       0       0
  5611 ;;Total ram usage:        2 bytes
  5612 ;; Hardware stack levels used: 1
  5613 ;; Hardware stack levels required when called: 2
  5614 ;; This function calls:
  5615 ;;		_SendSPI
  5616 ;; This function is called by:
  5617 ;;		_StartRadio
  5618 ;; This function uses a non-reentrant model
  5619 ;;
  5620                           
  5621     007E                     _FlushTX:	
  5622                           ;psect for function _FlushTX
  5623                           
  5624     007E                     l1997:	
  5625                           ;incstack = 0
  5626                           ; Regs used in _FlushTX: [wreg+fsr1l+fsr1h+status,2+status,0+pclath+cstack]
  5627                           
  5628                           
  5629                           ;SourceFiles/nRF24L01.c: 91:  uint8_t bytes[] = {0xE1};
  5630     007E  0020               	movlb	0	; select bank0
  5631     007F  0864               	movf	FlushTX@F6445,w
  5632     0080  00F6               	movwf	FlushTX@bytes
  5633     0081                     l1999:
  5634                           
  5635                           ;SourceFiles/nRF24L01.c: 92:  uint8_t result[1];;SourceFiles/nRF24L01.c: 93:  SendSPI(by
      +                          tes, result, 1);
  5636     0081  3076               	movlw	(low (FlushTX@bytes| 0))& (0+255)
  5637     0082  00F2               	movwf	SendSPI@bytes
  5638     0083  3077               	movlw	(low (FlushTX@result| 0))& (0+255)
  5639     0084  00F3               	movwf	SendSPI@result
  5640     0085  01F4               	clrf	SendSPI@n
  5641     0086  0AF4               	incf	SendSPI@n,f
  5642     0087  3183  234B  3180   	fcall	_SendSPI
  5643     008A                     l227:
  5644     008A  0008               	return
  5645     008B                     __end_of_FlushTX:
  5646                           
  5647                           	psect	text17
  5648     0071                     __ptext17:	
  5649 ;; *************** function _FlushRX *****************
  5650 ;; Defined at:
  5651 ;;		line 84 in file "SourceFiles/nRF24L01.c"
  5652 ;; Parameters:    Size  Location     Type
  5653 ;;		None
  5654 ;; Auto vars:     Size  Location     Type
  5655 ;;  result          1    7[COMMON] unsigned char [1]
  5656 ;;  bytes           1    6[COMMON] unsigned char [1]
  5657 ;; Return value:  Size  Location     Type
  5658 ;;                  1    wreg      void 
  5659 ;; Registers used:
  5660 ;;		wreg, fsr1l, fsr1h, status,2, status,0, pclath, cstack
  5661 ;; Tracked objects:
  5662 ;;		On entry : 0/0
  5663 ;;		On exit  : 0/0
  5664 ;;		Unchanged: 0/0
  5665 ;; Data sizes:     COMMON   BANK0   BANK1   BANK2   BANK3   BANK4   BANK5   BANK6   BANK7   BANK8   BANK9  BANK10  BANK1
      +1  BANK12  BANK13  BANK14  BANK15  BANK16  BANK17  BANK18  BANK19  BANK20  BANK21  BANK22  BANK23  BANK24  BANK25
  5666 ;;      Params:         0       0       0       0       0       0       0       0       0       0       0       0       
      +0       0       0       0       0       0       0       0       0       0       0       0       0       0       0
  5667 ;;      Locals:         2       0       0       0       0       0       0       0       0       0       0       0       
      +0       0       0       0       0       0       0       0       0       0       0       0       0       0       0
  5668 ;;      Temps:          0       0       0       0       0       0       0       0       0       0       0       0       
      +0       0       0       0       0       0       0       0       0       0       0       0       0       0       0
  5669 ;;      Totals:         2       0       0       0       0       0       0       0       0       0       0       0       
      +0       0       0       0       0       0       0       0       0       0       0       0       0       0       0
  5670 ;;Total ram usage:        2 bytes
  5671 ;; Hardware stack levels used: 1
  5672 ;; Hardware stack levels required when called: 2
  5673 ;; This function calls:
  5674 ;;		_SendSPI
  5675 ;; This function is called by:
  5676 ;;		_StartRadio
  5677 ;; This function uses a non-reentrant model
  5678 ;;
  5679                           
  5680     0071                     _FlushRX:	
  5681                           ;psect for function _FlushRX
  5682                           
  5683     0071                     l1993:	
  5684                           ;incstack = 0
  5685                           ; Regs used in _FlushRX: [wreg+fsr1l+fsr1h+status,2+status,0+pclath+cstack]
  5686                           
  5687                           
  5688                           ;SourceFiles/nRF24L01.c: 85:  uint8_t bytes[] = {0xE2};
  5689     0071  0020               	movlb	0	; select bank0
  5690     0072  0865               	movf	FlushRX@F6441,w
  5691     0073  00F6               	movwf	FlushRX@bytes
  5692     0074                     l1995:
  5693                           
  5694                           ;SourceFiles/nRF24L01.c: 86:  uint8_t result[1];;SourceFiles/nRF24L01.c: 87:  SendSPI(by
      +                          tes, result, 1);
  5695     0074  3076               	movlw	(low (FlushRX@bytes| 0))& (0+255)
  5696     0075  00F2               	movwf	SendSPI@bytes
  5697     0076  3077               	movlw	(low (FlushRX@result| 0))& (0+255)
  5698     0077  00F3               	movwf	SendSPI@result
  5699     0078  01F4               	clrf	SendSPI@n
  5700     0079  0AF4               	incf	SendSPI@n,f
  5701     007A  3183  234B  3180   	fcall	_SendSPI
  5702     007D                     l222:
  5703     007D  0008               	return
  5704     007E                     __end_of_FlushRX:
  5705                           
  5706                           	psect	text18
  5707     0280                     __ptext18:	
  5708 ;; *************** function _FeatureTest *****************
  5709 ;; Defined at:
  5710 ;;		line 189 in file "SourceFiles/nRF24L01.c"
  5711 ;; Parameters:    Size  Location     Type
  5712 ;;  result          1   10[COMMON] PTR unsigned char 
  5713 ;;		 -> StartRadio@result(2), 
  5714 ;; Auto vars:     Size  Location     Type
  5715 ;;  databytes       2    2[BANK0 ] unsigned char [2]
  5716 ;;  FeaturesAfte    2    6[BANK0 ] unsigned char [2]
  5717 ;;  FeaturesBefo    2    4[BANK0 ] unsigned char [2]
  5718 ;;  bytes           2    0[BANK0 ] unsigned char [2]
  5719 ;; Return value:  Size  Location     Type
  5720 ;;                  1    wreg      void 
  5721 ;; Registers used:
  5722 ;;		wreg, fsr1l, fsr1h, status,2, status,0, pclath, cstack
  5723 ;; Tracked objects:
  5724 ;;		On entry : 0/0
  5725 ;;		On exit  : 0/0
  5726 ;;		Unchanged: 0/0
  5727 ;; Data sizes:     COMMON   BANK0   BANK1   BANK2   BANK3   BANK4   BANK5   BANK6   BANK7   BANK8   BANK9  BANK10  BANK1
      +1  BANK12  BANK13  BANK14  BANK15  BANK16  BANK17  BANK18  BANK19  BANK20  BANK21  BANK22  BANK23  BANK24  BANK25
  5728 ;;      Params:         1       0       0       0       0       0       0       0       0       0       0       0       
      +0       0       0       0       0       0       0       0       0       0       0       0       0       0       0
  5729 ;;      Locals:         0       8       0       0       0       0       0       0       0       0       0       0       
      +0       0       0       0       0       0       0       0       0       0       0       0       0       0       0
  5730 ;;      Temps:          0       0       0       0       0       0       0       0       0       0       0       0       
      +0       0       0       0       0       0       0       0       0       0       0       0       0       0       0
  5731 ;;      Totals:         1       8       0       0       0       0       0       0       0       0       0       0       
      +0       0       0       0       0       0       0       0       0       0       0       0       0       0       0
  5732 ;;Total ram usage:        9 bytes
  5733 ;; Hardware stack levels used: 1
  5734 ;; Hardware stack levels required when called: 3
  5735 ;; This function calls:
  5736 ;;		_ReadRegister
  5737 ;;		_SendSPI
  5738 ;; This function is called by:
  5739 ;;		_StartRadio
  5740 ;; This function uses a non-reentrant model
  5741 ;;
  5742                           
  5743     0280                     _FeatureTest:	
  5744                           ;psect for function _FeatureTest
  5745                           
  5746     0280                     l1943:	
  5747                           ;incstack = 0
  5748                           ; Regs used in _FeatureTest: [wreg+fsr1l+fsr1h+status,2+status,0+pclath+cstack]
  5749                           
  5750                           
  5751                           ;SourceFiles/nRF24L01.c: 190:  uint8_t FeaturesBefore[2];;SourceFiles/nRF24L01.c: 191:  
      +                          ReadRegister(0x1D, FeaturesBefore);
  5752     0280  3024               	movlw	(low (FeatureTest@FeaturesBefore| 0))& (0+255)
  5753     0281  00F6               	movwf	ReadRegister@result
  5754     0282  301D               	movlw	29
  5755     0283  3180  20A8  3182   	fcall	_ReadRegister
  5756     0286                     l1945:
  5757                           
  5758                           ;SourceFiles/nRF24L01.c: 194:  uint8_t bytes[] = {0x50, 0x73};
  5759     0286  0020               	movlb	0	; select bank0
  5760     0287  0861               	movf	FeatureTest@F6469+1,w
  5761     0288  00A1               	movwf	FeatureTest@bytes+1
  5762     0289  0860               	movf	FeatureTest@F6469,w
  5763     028A  00A0               	movwf	FeatureTest@bytes
  5764     028B                     l1947:
  5765                           
  5766                           ;SourceFiles/nRF24L01.c: 195:  SendSPI(bytes, result, 2);
  5767     028B  3020               	movlw	(low (FeatureTest@bytes| 0))& (0+255)
  5768     028C  00F2               	movwf	SendSPI@bytes
  5769     028D  087A               	movf	FeatureTest@result,w
  5770     028E  00F3               	movwf	SendSPI@result
  5771     028F  3002               	movlw	2
  5772     0290  00F4               	movwf	SendSPI@n
  5773     0291  3183  234B  3182   	fcall	_SendSPI
  5774     0294                     l1949:
  5775                           
  5776                           ;SourceFiles/nRF24L01.c: 197:  uint8_t FeaturesAfter[2];;SourceFiles/nRF24L01.c: 198:  R
      +                          eadRegister(0x1D, FeaturesAfter);
  5777     0294  3026               	movlw	(low (FeatureTest@FeaturesAfter| 0))& (0+255)
  5778     0295  00F6               	movwf	ReadRegister@result
  5779     0296  301D               	movlw	29
  5780     0297  3180  20A8  3182   	fcall	_ReadRegister
  5781     029A                     l1955:	
  5782                           ;SourceFiles/nRF24L01.c: 200:  if (0) {
  5783                           
  5784                           
  5785                           ;SourceFiles/nRF24L01.c: 210:     if (FeaturesAfter[1]) {
  5786     029A  0020               	movlb	0	; select bank0
  5787     029B  0827               	movf	FeatureTest@FeaturesAfter+1,w
  5788     029C  1903               	btfsc	3,2
  5789     029D  2A9F               	goto	u941
  5790     029E  2AA0               	goto	u940
  5791     029F                     u941:
  5792     029F  2AC0               	goto	l257
  5793     02A0                     u940:
  5794     02A0                     l1957:
  5795                           
  5796                           ;SourceFiles/nRF24L01.c: 211:         uint8_t databytes[2] = {0x50, 0x73};
  5797     02A0  085F               	movf	FeatureTest@F6472+1,w
  5798     02A1  00A3               	movwf	FeatureTest@databytes+1
  5799     02A2  085E               	movf	FeatureTest@F6472,w
  5800     02A3  00A2               	movwf	FeatureTest@databytes
  5801                           
  5802                           ;SourceFiles/nRF24L01.c: 212:   if (FeaturesBefore[1] == FeaturesAfter[1]) {
  5803     02A4  0825               	movf	FeatureTest@FeaturesBefore+1,w
  5804     02A5  0627               	xorwf	FeatureTest@FeaturesAfter+1,w
  5805     02A6  1D03               	skipz
  5806     02A7  2AA9               	goto	u951
  5807     02A8  2AAA               	goto	u950
  5808     02A9                     u951:
  5809     02A9  2AB3               	goto	l1961
  5810     02AA                     u950:
  5811     02AA                     l1959:
  5812                           
  5813                           ;SourceFiles/nRF24L01.c: 213:    SendSPI(databytes, result, 2);
  5814     02AA  3022               	movlw	(low (FeatureTest@databytes| 0))& (0+255)
  5815     02AB  00F2               	movwf	SendSPI@bytes
  5816     02AC  087A               	movf	FeatureTest@result,w
  5817     02AD  00F3               	movwf	SendSPI@result
  5818     02AE  3002               	movlw	2
  5819     02AF  00F4               	movwf	SendSPI@n
  5820     02B0  3183  234B  3182   	fcall	_SendSPI
  5821     02B3                     l1961:
  5822                           
  5823                           ;SourceFiles/nRF24L01.c: 215:         databytes[0] = 0x1D;
  5824     02B3  301D               	movlw	29
  5825     02B4  0020               	movlb	0	; select bank0
  5826     02B5  00A2               	movwf	FeatureTest@databytes
  5827     02B6                     l1963:
  5828                           
  5829                           ;SourceFiles/nRF24L01.c: 216:   databytes[1] = 0x00;
  5830     02B6  01A3               	clrf	FeatureTest@databytes+1
  5831     02B7                     l1965:
  5832                           
  5833                           ;SourceFiles/nRF24L01.c: 217:   SendSPI(databytes, result, 2);
  5834     02B7  3022               	movlw	(low (FeatureTest@databytes| 0))& (0+255)
  5835     02B8  00F2               	movwf	SendSPI@bytes
  5836     02B9  087A               	movf	FeatureTest@result,w
  5837     02BA  00F3               	movwf	SendSPI@result
  5838     02BB  3002               	movlw	2
  5839     02BC  00F4               	movwf	SendSPI@n
  5840     02BD  3183  234B  3182   	fcall	_SendSPI
  5841     02C0                     l257:
  5842     02C0  0008               	return
  5843     02C1                     __end_of_FeatureTest:
  5844                           
  5845                           	psect	text19
  5846     00A8                     __ptext19:	
  5847 ;; *************** function _ReadRegister *****************
  5848 ;; Defined at:
  5849 ;;		line 3 in file "SourceFiles/SPI.c"
  5850 ;; Parameters:    Size  Location     Type
  5851 ;;  reg             1    wreg     unsigned char 
  5852 ;;  result          1    6[COMMON] PTR unsigned char 
  5853 ;;		 -> FeatureTest@FeaturesAfter(2), FeatureTest@FeaturesBefore(2), StartRadio@result(2), 
  5854 ;; Auto vars:     Size  Location     Type
  5855 ;;  reg             1    7[COMMON] unsigned char 
  5856 ;;  bytes           2    8[COMMON] unsigned char [2]
  5857 ;; Return value:  Size  Location     Type
  5858 ;;                  1    wreg      void 
  5859 ;; Registers used:
  5860 ;;		wreg, fsr1l, fsr1h, status,2, status,0, pclath, cstack
  5861 ;; Tracked objects:
  5862 ;;		On entry : 0/0
  5863 ;;		On exit  : 0/0
  5864 ;;		Unchanged: 0/0
  5865 ;; Data sizes:     COMMON   BANK0   BANK1   BANK2   BANK3   BANK4   BANK5   BANK6   BANK7   BANK8   BANK9  BANK10  BANK1
      +1  BANK12  BANK13  BANK14  BANK15  BANK16  BANK17  BANK18  BANK19  BANK20  BANK21  BANK22  BANK23  BANK24  BANK25
  5866 ;;      Params:         1       0       0       0       0       0       0       0       0       0       0       0       
      +0       0       0       0       0       0       0       0       0       0       0       0       0       0       0
  5867 ;;      Locals:         3       0       0       0       0       0       0       0       0       0       0       0       
      +0       0       0       0       0       0       0       0       0       0       0       0       0       0       0
  5868 ;;      Temps:          0       0       0       0       0       0       0       0       0       0       0       0       
      +0       0       0       0       0       0       0       0       0       0       0       0       0       0       0
  5869 ;;      Totals:         4       0       0       0       0       0       0       0       0       0       0       0       
      +0       0       0       0       0       0       0       0       0       0       0       0       0       0       0
  5870 ;;Total ram usage:        4 bytes
  5871 ;; Hardware stack levels used: 1
  5872 ;; Hardware stack levels required when called: 2
  5873 ;; This function calls:
  5874 ;;		_SendSPI
  5875 ;; This function is called by:
  5876 ;;		_StartRadio
  5877 ;;		_RFSetup
  5878 ;;		_FeatureTest
  5879 ;; This function uses a non-reentrant model
  5880 ;;
  5881                           
  5882     00A8                     _ReadRegister:	
  5883                           ;psect for function _ReadRegister
  5884                           
  5885                           
  5886                           ;incstack = 0
  5887                           ; Regs used in _ReadRegister: [wreg+fsr1l+fsr1h+status,2+status,0+pclath+cstack]
  5888                           ;ReadRegister@reg stored from wreg
  5889     00A8  00F7               	movwf	ReadRegister@reg
  5890     00A9                     l1845:
  5891                           
  5892                           ;SourceFiles/SPI.c: 4:  uint8_t bytes[] = {0x00 | reg, 0xFF};
  5893     00A9  01F8               	clrf	ReadRegister@bytes
  5894     00AA  01F9               	clrf	ReadRegister@bytes+1
  5895     00AB                     l1847:
  5896     00AB  0877               	movf	ReadRegister@reg,w
  5897     00AC  00F8               	movwf	ReadRegister@bytes
  5898     00AD                     l1849:
  5899     00AD  30FF               	movlw	255
  5900     00AE  00F9               	movwf	ReadRegister@bytes+1
  5901     00AF                     l1851:
  5902                           
  5903                           ;SourceFiles/SPI.c: 5:  SendSPI(bytes, result, 2);
  5904     00AF  3078               	movlw	(low (ReadRegister@bytes| 0))& (0+255)
  5905     00B0  00F2               	movwf	SendSPI@bytes
  5906     00B1  0876               	movf	ReadRegister@result,w
  5907     00B2  00F3               	movwf	SendSPI@result
  5908     00B3  3002               	movlw	2
  5909     00B4  00F4               	movwf	SendSPI@n
  5910     00B5  3183  234B  3180   	fcall	_SendSPI
  5911     00B8                     l147:
  5912     00B8  0008               	return
  5913     00B9                     __end_of_ReadRegister:
  5914                           
  5915                           	psect	text20
  5916     04A1                     __ptext20:	
  5917 ;; *************** function _ChangeRadioMode *****************
  5918 ;; Defined at:
  5919 ;;		line 109 in file "SourceFiles/nRF24L01.c"
  5920 ;; Parameters:    Size  Location     Type
  5921 ;;  newMode         1    wreg     enum E6393
  5922 ;;  CRCbytes        1    6[COMMON] unsigned char 
  5923 ;;  radioType       1    7[COMMON] enum E6378
  5924 ;; Auto vars:     Size  Location     Type
  5925 ;;  newMode         1    2[BANK0 ] enum E6393
  5926 ;;  databytes       2    3[BANK0 ] unsigned char [2]
  5927 ;;  result          2    0[BANK0 ] unsigned char [2]
  5928 ;;  CONFIGbits      1    5[BANK0 ] struct .
  5929 ;; Return value:  Size  Location     Type
  5930 ;;                  1    wreg      void 
  5931 ;; Registers used:
  5932 ;;		wreg, fsr0l, fsr0h, fsr1l, fsr1h, status,2, status,0, pclath, cstack
  5933 ;; Tracked objects:
  5934 ;;		On entry : 0/0
  5935 ;;		On exit  : 0/0
  5936 ;;		Unchanged: 0/0
  5937 ;; Data sizes:     COMMON   BANK0   BANK1   BANK2   BANK3   BANK4   BANK5   BANK6   BANK7   BANK8   BANK9  BANK10  BANK1
      +1  BANK12  BANK13  BANK14  BANK15  BANK16  BANK17  BANK18  BANK19  BANK20  BANK21  BANK22  BANK23  BANK24  BANK25
  5938 ;;      Params:         2       0       0       0       0       0       0       0       0       0       0       0       
      +0       0       0       0       0       0       0       0       0       0       0       0       0       0       0
  5939 ;;      Locals:         0       6       0       0       0       0       0       0       0       0       0       0       
      +0       0       0       0       0       0       0       0       0       0       0       0       0       0       0
  5940 ;;      Temps:          2       0       0       0       0       0       0       0       0       0       0       0       
      +0       0       0       0       0       0       0       0       0       0       0       0       0       0       0
  5941 ;;      Totals:         4       6       0       0       0       0       0       0       0       0       0       0       
      +0       0       0       0       0       0       0       0       0       0       0       0       0       0       0
  5942 ;;Total ram usage:       10 bytes
  5943 ;; Hardware stack levels used: 1
  5944 ;; Hardware stack levels required when called: 2
  5945 ;; This function calls:
  5946 ;;		_SendSPI
  5947 ;;		_ce
  5948 ;;		_delay
  5949 ;; This function is called by:
  5950 ;;		_StartRadio
  5951 ;;		_StartListening
  5952 ;;		_configureTX
  5953 ;; This function uses a non-reentrant model
  5954 ;;
  5955                           
  5956     04A1                     _ChangeRadioMode:	
  5957                           ;psect for function _ChangeRadioMode
  5958                           
  5959                           
  5960                           ;incstack = 0
  5961                           ; Regs used in _ChangeRadioMode: [wreg-fsr1h+status,2+status,0+pclath+cstack]
  5962                           ;ChangeRadioMode@newMode stored from wreg
  5963     04A1  0020               	movlb	0	; select bank0
  5964     04A2  00A2               	movwf	ChangeRadioMode@newMode
  5965     04A3                     l1853:
  5966                           
  5967                           ;SourceFiles/nRF24L01.c: 110:  CONFIGbits_t CONFIGbits = {0};
  5968     04A3  084C               	movf	ChangeRadioMode@F6458,w
  5969     04A4  00A5               	movwf	ChangeRadioMode@CONFIGbits
  5970     04A5                     l1855:
  5971                           
  5972                           ;SourceFiles/nRF24L01.c: 111:  CONFIGbits.EN_CRC = 1;
  5973     04A5  15A5               	bsf	ChangeRadioMode@CONFIGbits,3
  5974     04A6                     l1857:
  5975                           
  5976                           ;SourceFiles/nRF24L01.c: 112:  CONFIGbits.CRCO = CRCbytes;
  5977     04A6  0876               	movf	ChangeRadioMode@CRCbytes,w
  5978     04A7  3901               	andlw	1
  5979     04A8  1125               	bcf	ChangeRadioMode@CONFIGbits,2
  5980     04A9  1D03               	skipz
  5981     04AA  1525               	bsf	ChangeRadioMode@CONFIGbits,2
  5982     04AB                     l1859:
  5983                           
  5984                           ;SourceFiles/nRF24L01.c: 113:  CONFIGbits.MASK_RX_DR = 0;
  5985     04AB  1325               	bcf	ChangeRadioMode@CONFIGbits,6
  5986     04AC                     l1861:
  5987                           
  5988                           ;SourceFiles/nRF24L01.c: 114:  CONFIGbits.MASK_TX_DS = 0;
  5989     04AC  12A5               	bcf	ChangeRadioMode@CONFIGbits,5
  5990     04AD                     l1863:
  5991                           
  5992                           ;SourceFiles/nRF24L01.c: 115:  CONFIGbits.MASK_MAX_RT = 0;
  5993     04AD  1225               	bcf	ChangeRadioMode@CONFIGbits,4
  5994                           
  5995                           ;SourceFiles/nRF24L01.c: 116:  switch (newMode) {
  5996     04AE  2CDA               	goto	l1877
  5997     04AF                     l236:	
  5998                           ;SourceFiles/nRF24L01.c: 117:  case RX:
  5999                           
  6000                           
  6001                           ;SourceFiles/nRF24L01.c: 118:   {;SourceFiles/nRF24L01.c: 119:    CONFIGbits.PWR_UP = 1;
  6002     04AF  14A5               	bsf	ChangeRadioMode@CONFIGbits,1
  6003                           
  6004                           ;SourceFiles/nRF24L01.c: 120:    CONFIGbits.PRIM_RX = 1;
  6005     04B0  1425               	bsf	ChangeRadioMode@CONFIGbits,0
  6006     04B1                     l1865:
  6007                           
  6008                           ;SourceFiles/nRF24L01.c: 121:    ce(radioType, HIGH);
  6009     04B1  01F0               	clrf	ce@level
  6010     04B2  0AF0               	incf	ce@level,f
  6011     04B3  0877               	movf	ChangeRadioMode@radioType,w
  6012     04B4  3180  20D8  3184   	fcall	_ce
  6013                           
  6014                           ;SourceFiles/nRF24L01.c: 122:    break;
  6015     04B7  2CF3               	goto	l237
  6016     04B8                     l238:	
  6017                           ;SourceFiles/nRF24L01.c: 123:   };SourceFiles/nRF24L01.c: 125:  case TX:
  6018                           
  6019                           
  6020                           ;SourceFiles/nRF24L01.c: 126:   {;SourceFiles/nRF24L01.c: 127:    CONFIGbits.PWR_UP = 1;
  6021     04B8  14A5               	bsf	ChangeRadioMode@CONFIGbits,1
  6022                           
  6023                           ;SourceFiles/nRF24L01.c: 128:    CONFIGbits.PRIM_RX = 0;
  6024     04B9  1025               	bcf	ChangeRadioMode@CONFIGbits,0
  6025     04BA                     l1867:
  6026                           
  6027                           ;SourceFiles/nRF24L01.c: 129:    ce(radioType, HIGH);
  6028     04BA  01F0               	clrf	ce@level
  6029     04BB  0AF0               	incf	ce@level,f
  6030     04BC  0877               	movf	ChangeRadioMode@radioType,w
  6031     04BD  3180  20D8  3184   	fcall	_ce
  6032                           
  6033                           ;SourceFiles/nRF24L01.c: 130:    break;
  6034     04C0  2CF3               	goto	l237
  6035     04C1                     l239:	
  6036                           ;SourceFiles/nRF24L01.c: 131:   };SourceFiles/nRF24L01.c: 133:  case Standby2:
  6037                           
  6038                           
  6039                           ;SourceFiles/nRF24L01.c: 134:   {;SourceFiles/nRF24L01.c: 137:    CONFIGbits.PWR_UP = 1;
  6040     04C1  14A5               	bsf	ChangeRadioMode@CONFIGbits,1
  6041                           
  6042                           ;SourceFiles/nRF24L01.c: 138:    CONFIGbits.PRIM_RX = 0;
  6043     04C2  1025               	bcf	ChangeRadioMode@CONFIGbits,0
  6044     04C3                     l1869:
  6045                           
  6046                           ;SourceFiles/nRF24L01.c: 139:    ce(radioType, HIGH);
  6047     04C3  01F0               	clrf	ce@level
  6048     04C4  0AF0               	incf	ce@level,f
  6049     04C5  0877               	movf	ChangeRadioMode@radioType,w
  6050     04C6  3180  20D8  3184   	fcall	_ce
  6051                           
  6052                           ;SourceFiles/nRF24L01.c: 140:    break;
  6053     04C9  2CF3               	goto	l237
  6054     04CA                     l240:	
  6055                           ;SourceFiles/nRF24L01.c: 141:   };SourceFiles/nRF24L01.c: 143:  case Standby1:
  6056                           
  6057                           
  6058                           ;SourceFiles/nRF24L01.c: 144:   {;SourceFiles/nRF24L01.c: 145:    CONFIGbits.PWR_UP = 1;
  6059     04CA  14A5               	bsf	ChangeRadioMode@CONFIGbits,1
  6060                           
  6061                           ;SourceFiles/nRF24L01.c: 146:    CONFIGbits.PRIM_RX = 0;
  6062     04CB  1025               	bcf	ChangeRadioMode@CONFIGbits,0
  6063     04CC                     l1871:
  6064                           
  6065                           ;SourceFiles/nRF24L01.c: 147:    ce(radioType, LOW);
  6066     04CC  01F0               	clrf	ce@level
  6067     04CD  0877               	movf	ChangeRadioMode@radioType,w
  6068     04CE  3180  20D8  3184   	fcall	_ce
  6069                           
  6070                           ;SourceFiles/nRF24L01.c: 148:    break;
  6071     04D1  2CF3               	goto	l237
  6072     04D2                     l241:	
  6073                           ;SourceFiles/nRF24L01.c: 149:   };SourceFiles/nRF24L01.c: 151:  case PowerDown:
  6074                           
  6075                           
  6076                           ;SourceFiles/nRF24L01.c: 152:   {;SourceFiles/nRF24L01.c: 153:    CONFIGbits.PWR_UP = 0;
  6077     04D2  10A5               	bcf	ChangeRadioMode@CONFIGbits,1
  6078                           
  6079                           ;SourceFiles/nRF24L01.c: 154:    CONFIGbits.PRIM_RX = 0;
  6080     04D3  1025               	bcf	ChangeRadioMode@CONFIGbits,0
  6081     04D4                     l1873:
  6082                           
  6083                           ;SourceFiles/nRF24L01.c: 155:    ce(radioType, LOW);
  6084     04D4  01F0               	clrf	ce@level
  6085     04D5  0877               	movf	ChangeRadioMode@radioType,w
  6086     04D6  3180  20D8  3184   	fcall	_ce
  6087                           
  6088                           ;SourceFiles/nRF24L01.c: 156:    break;
  6089     04D9  2CF3               	goto	l237
  6090     04DA                     l1877:
  6091     04DA  0822               	movf	ChangeRadioMode@newMode,w
  6092     04DB  00F8               	movwf	??_ChangeRadioMode
  6093     04DC  01F9               	clrf	??_ChangeRadioMode+1
  6094                           
  6095                           ; Switch on 2 bytes has been partitioned into a top level switch of size 1, and 1 sub-sw
      +                          itches
  6096                           ; Switch size 1, requested type "simple"
  6097                           ; Number of cases is 1, Range of values is 0 to 0
  6098                           ; switch strategies available:
  6099                           ; Name         Instructions Cycles
  6100                           ; simple_byte            4     3 (average)
  6101                           ; direct_byte            8     6 (fixed)
  6102                           ; jumptable            260     6 (fixed)
  6103                           ;	Chosen strategy is simple_byte
  6104     04DD  0879               	movf	??_ChangeRadioMode+1,w
  6105     04DE  3A00               	xorlw	0	; case 0
  6106     04DF  1903               	skipnz
  6107     04E0  2CE2               	goto	l2587
  6108     04E1  2CF3               	goto	l237
  6109     04E2                     l2587:
  6110                           
  6111                           ; Switch size 1, requested type "simple"
  6112                           ; Number of cases is 5, Range of values is 0 to 4
  6113                           ; switch strategies available:
  6114                           ; Name         Instructions Cycles
  6115                           ; direct_byte           16     6 (fixed)
  6116                           ; simple_byte           16     9 (average)
  6117                           ; jumptable            260     6 (fixed)
  6118                           ;	Chosen strategy is simple_byte
  6119     04E2  0878               	movf	??_ChangeRadioMode,w
  6120     04E3  3A00               	xorlw	0	; case 0
  6121     04E4  1903               	skipnz
  6122     04E5  2CAF               	goto	l236
  6123     04E6  3A01               	xorlw	1	; case 1
  6124     04E7  1903               	skipnz
  6125     04E8  2CB8               	goto	l238
  6126     04E9  3A03               	xorlw	3	; case 2
  6127     04EA  1903               	skipnz
  6128     04EB  2CC1               	goto	l239
  6129     04EC  3A01               	xorlw	1	; case 3
  6130     04ED  1903               	skipnz
  6131     04EE  2CCA               	goto	l240
  6132     04EF  3A07               	xorlw	7	; case 4
  6133     04F0  1903               	skipnz
  6134     04F1  2CD2               	goto	l241
  6135     04F2  2CF3               	goto	l237
  6136     04F3                     l237:
  6137                           
  6138                           ;SourceFiles/nRF24L01.c: 159:  uint8_t databytes[2];;SourceFiles/nRF24L01.c: 160:     ui
      +                          nt8_t result[2];;SourceFiles/nRF24L01.c: 161:     databytes[0] = 0x20 | 0x00;
  6139     04F3  3020               	movlw	32
  6140     04F4  0020               	movlb	0	; select bank0
  6141     04F5  00A3               	movwf	ChangeRadioMode@databytes
  6142     04F6                     l1879:
  6143                           
  6144                           ;SourceFiles/nRF24L01.c: 162:     databytes[1] = CONFIGbits.w;
  6145     04F6  0825               	movf	ChangeRadioMode@CONFIGbits,w
  6146     04F7  00A4               	movwf	ChangeRadioMode@databytes+1
  6147     04F8                     l1881:
  6148                           
  6149                           ;SourceFiles/nRF24L01.c: 163:     SendSPI(databytes, result, 2);
  6150     04F8  3023               	movlw	(low (ChangeRadioMode@databytes| 0))& (0+255)
  6151     04F9  00F2               	movwf	SendSPI@bytes
  6152     04FA  3020               	movlw	(low (ChangeRadioMode@result| 0))& (0+255)
  6153     04FB  00F3               	movwf	SendSPI@result
  6154     04FC  3002               	movlw	2
  6155     04FD  00F4               	movwf	SendSPI@n
  6156     04FE  3183  234B  3184   	fcall	_SendSPI
  6157     0501                     l1883:
  6158                           
  6159                           ;SourceFiles/nRF24L01.c: 164:  delay(10000);
  6160     0501  3010               	movlw	16
  6161     0502  00F0               	movwf	delay@length
  6162     0503  3027               	movlw	39
  6163     0504  00F1               	movwf	delay@length+1
  6164     0505  3180  2067  3184   	fcall	_delay
  6165     0508                     l242:
  6166     0508  0008               	return
  6167     0509                     __end_of_ChangeRadioMode:
  6168                           
  6169                           	psect	text21
  6170     00D8                     __ptext21:	
  6171 ;; *************** function _ce *****************
  6172 ;; Defined at:
  6173 ;;		line 67 in file "SourceFiles/nRF24L01.c"
  6174 ;; Parameters:    Size  Location     Type
  6175 ;;  radioType       1    wreg     enum E6378
  6176 ;;  level           1    0[COMMON] enum E6335
  6177 ;; Auto vars:     Size  Location     Type
  6178 ;;  radioType       1    1[COMMON] enum E6378
  6179 ;; Return value:  Size  Location     Type
  6180 ;;                  1    wreg      void 
  6181 ;; Registers used:
  6182 ;;		wreg, status,2, status,0
  6183 ;; Tracked objects:
  6184 ;;		On entry : 0/0
  6185 ;;		On exit  : 0/0
  6186 ;;		Unchanged: 0/0
  6187 ;; Data sizes:     COMMON   BANK0   BANK1   BANK2   BANK3   BANK4   BANK5   BANK6   BANK7   BANK8   BANK9  BANK10  BANK1
      +1  BANK12  BANK13  BANK14  BANK15  BANK16  BANK17  BANK18  BANK19  BANK20  BANK21  BANK22  BANK23  BANK24  BANK25
  6188 ;;      Params:         1       0       0       0       0       0       0       0       0       0       0       0       
      +0       0       0       0       0       0       0       0       0       0       0       0       0       0       0
  6189 ;;      Locals:         1       0       0       0       0       0       0       0       0       0       0       0       
      +0       0       0       0       0       0       0       0       0       0       0       0       0       0       0
  6190 ;;      Temps:          0       0       0       0       0       0       0       0       0       0       0       0       
      +0       0       0       0       0       0       0       0       0       0       0       0       0       0       0
  6191 ;;      Totals:         2       0       0       0       0       0       0       0       0       0       0       0       
      +0       0       0       0       0       0       0       0       0       0       0       0       0       0       0
  6192 ;;Total ram usage:        2 bytes
  6193 ;; Hardware stack levels used: 1
  6194 ;; This function calls:
  6195 ;;		Nothing
  6196 ;; This function is called by:
  6197 ;;		_main
  6198 ;;		_ChangeRadioMode
  6199 ;;		_transmitPayload
  6200 ;; This function uses a non-reentrant model
  6201 ;;
  6202                           
  6203     00D8                     _ce:	
  6204                           ;psect for function _ce
  6205                           
  6206                           
  6207                           ;incstack = 0
  6208                           ; Regs used in _ce: [wreg+status,2+status,0]
  6209                           ;ce@radioType stored from wreg
  6210     00D8  00F1               	movwf	ce@radioType
  6211     00D9                     l1795:
  6212                           
  6213                           ;SourceFiles/nRF24L01.c: 68:     if (radioType == TRANSMITTER) {
  6214     00D9  0371               	decf	ce@radioType,w
  6215     00DA  1D03               	btfss	3,2
  6216     00DB  28DD               	goto	u721
  6217     00DC  28DE               	goto	u720
  6218     00DD                     u721:
  6219     00DD  28EE               	goto	l1805
  6220     00DE                     u720:
  6221     00DE                     l1797:
  6222                           
  6223                           ;SourceFiles/nRF24L01.c: 69:         if (level == LOW) {
  6224     00DE  0870               	movf	ce@level,w
  6225     00DF  1D03               	btfss	3,2
  6226     00E0  28E2               	goto	u731
  6227     00E1  28E3               	goto	u730
  6228     00E2                     u731:
  6229     00E2  28E6               	goto	l1801
  6230     00E3                     u730:
  6231     00E3                     l1799:
  6232                           
  6233                           ;SourceFiles/nRF24L01.c: 70:             LATAbits.LATA2 = 0;
  6234     00E3  0022               	movlb	2	; select bank2
  6235     00E4  110C               	bcf	12,2	;volatile
  6236                           
  6237                           ;SourceFiles/nRF24L01.c: 71:         } else if (level == HIGH) {
  6238     00E5  2902               	goto	l217
  6239     00E6                     l1801:
  6240     00E6  0370               	decf	ce@level,w
  6241     00E7  1D03               	btfss	3,2
  6242     00E8  28EA               	goto	u741
  6243     00E9  28EB               	goto	u740
  6244     00EA                     u741:
  6245     00EA  2902               	goto	l217
  6246     00EB                     u740:
  6247     00EB                     l1803:
  6248                           
  6249                           ;SourceFiles/nRF24L01.c: 72:             LATAbits.LATA2 = 1;
  6250     00EB  0022               	movlb	2	; select bank2
  6251     00EC  150C               	bsf	12,2	;volatile
  6252     00ED  2902               	goto	l217
  6253     00EE                     l1805:
  6254     00EE  0871               	movf	ce@radioType,w
  6255     00EF  1D03               	btfss	3,2
  6256     00F0  28F2               	goto	u751
  6257     00F1  28F3               	goto	u750
  6258     00F2                     u751:
  6259     00F2  2902               	goto	l217
  6260     00F3                     u750:
  6261     00F3                     l1807:
  6262                           
  6263                           ;SourceFiles/nRF24L01.c: 75:         if (level == LOW) {
  6264     00F3  0870               	movf	ce@level,w
  6265     00F4  1D03               	btfss	3,2
  6266     00F5  28F7               	goto	u761
  6267     00F6  28F8               	goto	u760
  6268     00F7                     u761:
  6269     00F7  28FB               	goto	l1811
  6270     00F8                     u760:
  6271     00F8                     l1809:
  6272                           
  6273                           ;SourceFiles/nRF24L01.c: 76:             LATCbits.LATC5 = 0;
  6274     00F8  0022               	movlb	2	; select bank2
  6275     00F9  128E               	bcf	14,5	;volatile
  6276                           
  6277                           ;SourceFiles/nRF24L01.c: 77:         } else if (level == HIGH) {
  6278     00FA  2902               	goto	l217
  6279     00FB                     l1811:
  6280     00FB  0370               	decf	ce@level,w
  6281     00FC  1D03               	btfss	3,2
  6282     00FD  28FF               	goto	u771
  6283     00FE  2900               	goto	u770
  6284     00FF                     u771:
  6285     00FF  2902               	goto	l217
  6286     0100                     u770:
  6287     0100                     l1813:
  6288                           
  6289                           ;SourceFiles/nRF24L01.c: 78:             LATCbits.LATC5 = 1;
  6290     0100  0022               	movlb	2	; select bank2
  6291     0101  168E               	bsf	14,5	;volatile
  6292     0102                     l217:
  6293     0102  0008               	return
  6294     0103                     __end_of_ce:
  6295                           
  6296                           	psect	text22
  6297     034B                     __ptext22:	
  6298 ;; *************** function _SendSPI *****************
  6299 ;; Defined at:
  6300 ;;		line 8 in file "SourceFiles/SPI.c"
  6301 ;; Parameters:    Size  Location     Type
  6302 ;;  bytes           1    2[COMMON] PTR unsigned char 
  6303 ;;		 -> configureTX@databytes(6), configureRX@bytes(2), payload(9), transmitPayload@databytes(2), 
  6304 ;;		 -> StartListening@bytes(6), readRXFIFO@bytes(9), SetupRetries@databytes(2), FeatureTest@databytes(2), 
  6305 ;;		 -> FeatureTest@bytes(2), SetupPayloadSize@databytes(2), ChangeRadioMode@databytes(2), RFSetup@databytes(2), 
  6306 ;;		 -> FlushTX@bytes(1), FlushRX@bytes(1), StartRadio@databytes(2), sendNOP@bytes(1), 
  6307 ;;		 -> ReadRegister@bytes(2), bytes(7), 
  6308 ;;  result          1    3[COMMON] PTR unsigned char 
  6309 ;;		 -> configureTX@result(6), configureRX@result(2), transmitPayload@result_957(9), transmitPayload@result(2), 
  6310 ;;		 -> StartListening@result(2), FeatureTest@FeaturesAfter(2), FeatureTest@FeaturesBefore(2), ChangeRadioMode@result(2)
      +, 
  6311 ;;		 -> FlushTX@result(1), FlushRX@result(1), StartRadio@result(2), result(7), 
  6312 ;;  n               1    4[COMMON] unsigned char 
  6313 ;; Auto vars:     Size  Location     Type
  6314 ;;  i               1    5[COMMON] unsigned char 
  6315 ;; Return value:  Size  Location     Type
  6316 ;;                  1    wreg      void 
  6317 ;; Registers used:
  6318 ;;		wreg, fsr1l, fsr1h, status,2, status,0, pclath, cstack
  6319 ;; Tracked objects:
  6320 ;;		On entry : 0/0
  6321 ;;		On exit  : 0/0
  6322 ;;		Unchanged: 0/0
  6323 ;; Data sizes:     COMMON   BANK0   BANK1   BANK2   BANK3   BANK4   BANK5   BANK6   BANK7   BANK8   BANK9  BANK10  BANK1
      +1  BANK12  BANK13  BANK14  BANK15  BANK16  BANK17  BANK18  BANK19  BANK20  BANK21  BANK22  BANK23  BANK24  BANK25
  6324 ;;      Params:         3       0       0       0       0       0       0       0       0       0       0       0       
      +0       0       0       0       0       0       0       0       0       0       0       0       0       0       0
  6325 ;;      Locals:         1       0       0       0       0       0       0       0       0       0       0       0       
      +0       0       0       0       0       0       0       0       0       0       0       0       0       0       0
  6326 ;;      Temps:          0       0       0       0       0       0       0       0       0       0       0       0       
      +0       0       0       0       0       0       0       0       0       0       0       0       0       0       0
  6327 ;;      Totals:         4       0       0       0       0       0       0       0       0       0       0       0       
      +0       0       0       0       0       0       0       0       0       0       0       0       0       0       0
  6328 ;;Total ram usage:        4 bytes
  6329 ;; Hardware stack levels used: 1
  6330 ;; Hardware stack levels required when called: 1
  6331 ;; This function calls:
  6332 ;;		_delay
  6333 ;; This function is called by:
  6334 ;;		_main
  6335 ;;		_ReadRegister
  6336 ;;		_sendNOP
  6337 ;;		_StartRadio
  6338 ;;		_FlushRX
  6339 ;;		_FlushTX
  6340 ;;		_RFSetup
  6341 ;;		_ChangeRadioMode
  6342 ;;		_SetupPayloadSize
  6343 ;;		_FeatureTest
  6344 ;;		_SetupRetries
  6345 ;;		_readRXFIFO
  6346 ;;		_StartListening
  6347 ;;		_transmitPayload
  6348 ;;		_configureRX
  6349 ;;		_configureTX
  6350 ;; This function uses a non-reentrant model
  6351 ;;
  6352                           
  6353     034B                     _SendSPI:	
  6354                           ;psect for function _SendSPI
  6355                           
  6356     034B                     l1815:	
  6357                           ;incstack = 0
  6358                           ; Regs used in _SendSPI: [wreg+fsr1l+fsr1h+status,2+status,0+pclath+cstack]
  6359                           
  6360                           
  6361                           ;SourceFiles/SPI.c: 9:  if (n == 1) {
  6362     034B  0374               	decf	SendSPI@n,w
  6363     034C  1D03               	btfss	3,2
  6364     034D  2B4F               	goto	u781
  6365     034E  2B50               	goto	u780
  6366     034F                     u781:
  6367     034F  2B64               	goto	l150
  6368     0350                     u780:
  6369     0350                     l1817:
  6370                           
  6371                           ;SourceFiles/SPI.c: 10:   LATAbits.LATA4 = 0;
  6372     0350  0022               	movlb	2	; select bank2
  6373     0351  120C               	bcf	12,4	;volatile
  6374     0352                     l1819:
  6375                           
  6376                           ;SourceFiles/SPI.c: 11:   SSP1BUF = bytes[0];
  6377     0352  0872               	movf	SendSPI@bytes,w
  6378     0353  0086               	movwf	6
  6379     0354  0187               	clrf	7
  6380     0355  0801               	movf	1,w
  6381     0356  0024               	movlb	4	; select bank4
  6382     0357  0091               	movwf	17	;volatile
  6383     0358                     l151:	
  6384                           ;SourceFiles/SPI.c: 12:   while (!SSP1STATbits.BF);
  6385                           
  6386     0358  1C14               	btfss	20,0	;volatile
  6387     0359  2B5B               	goto	u791
  6388     035A  2B5C               	goto	u790
  6389     035B                     u791:
  6390     035B  2B58               	goto	l151
  6391     035C                     u790:
  6392     035C                     l1821:
  6393                           
  6394                           ;SourceFiles/SPI.c: 13:   result[0] = SSP1BUF;
  6395     035C  0873               	movf	SendSPI@result,w
  6396     035D  0086               	movwf	6
  6397     035E  0187               	clrf	7
  6398     035F  0811               	movf	17,w	;volatile
  6399     0360  0081               	movwf	1
  6400     0361                     l1823:
  6401                           
  6402                           ;SourceFiles/SPI.c: 14:   LATAbits.LATA4 = 1;
  6403     0361  0022               	movlb	2	; select bank2
  6404     0362  160C               	bsf	12,4	;volatile
  6405                           
  6406                           ;SourceFiles/SPI.c: 15:  } else {
  6407     0363  2B94               	goto	l1843
  6408     0364                     l150:
  6409                           
  6410                           ;SourceFiles/SPI.c: 16:   LATAbits.LATA4 = 0;
  6411     0364  0022               	movlb	2	; select bank2
  6412     0365  120C               	bcf	12,4	;volatile
  6413     0366                     l1825:
  6414                           
  6415                           ;SourceFiles/SPI.c: 17:   for (uint8_t i = 0; i < n; i++) {
  6416     0366  01F5               	clrf	SendSPI@i
  6417     0367  2B8C               	goto	l1841
  6418     0368                     l1827:
  6419                           
  6420                           ;SourceFiles/SPI.c: 19:                 SSP1BUF;
  6421     0368  0811               	movf	17,w	;volatile
  6422     0369                     l1829:
  6423                           
  6424                           ;SourceFiles/SPI.c: 18:             while (SSP1STATbits.BF) {
  6425     0369  0024               	movlb	4	; select bank4
  6426     036A  1814               	btfsc	20,0	;volatile
  6427     036B  2B6D               	goto	u801
  6428     036C  2B6E               	goto	u800
  6429     036D                     u801:
  6430     036D  2B68               	goto	l1827
  6431     036E                     u800:
  6432     036E                     l1831:
  6433                           
  6434                           ;SourceFiles/SPI.c: 21:    SSP1BUF = bytes[i];
  6435     036E  0872               	movf	SendSPI@bytes,w
  6436     036F  0775               	addwf	SendSPI@i,w
  6437     0370  0086               	movwf	6
  6438     0371  0187               	clrf	7
  6439     0372  0801               	movf	1,w
  6440     0373  0091               	movwf	17	;volatile
  6441     0374                     l160:	
  6442                           ;SourceFiles/SPI.c: 24:             }
  6443                           
  6444                           
  6445                           ;SourceFiles/SPI.c: 22:    while (!SSP1STATbits.BF) {
  6446     0374  1C14               	btfss	20,0	;volatile
  6447     0375  2B77               	goto	u811
  6448     0376  2B78               	goto	u810
  6449     0377                     u811:
  6450     0377  2B74               	goto	l160
  6451     0378                     u810:
  6452     0378                     l162:
  6453                           
  6454                           ;SourceFiles/SPI.c: 26:             if (SSP1CON1bits.WCOL) {
  6455     0378  1F95               	btfss	21,7	;volatile
  6456     0379  2B7B               	goto	u821
  6457     037A  2B7C               	goto	u820
  6458     037B                     u821:
  6459     037B  2B84               	goto	l1837
  6460     037C                     u820:
  6461     037C                     l1833:
  6462                           
  6463                           ;SourceFiles/SPI.c: 27:                 SSP1CON1bits.WCOL = 0;
  6464     037C  1395               	bcf	21,7	;volatile
  6465     037D                     l1835:
  6466                           
  6467                           ;SourceFiles/SPI.c: 28:                 result[i] = 0xFF;
  6468     037D  0873               	movf	SendSPI@result,w
  6469     037E  0775               	addwf	SendSPI@i,w
  6470     037F  0086               	movwf	6
  6471     0380  0187               	clrf	7
  6472     0381  30FF               	movlw	255
  6473     0382  0081               	movwf	1
  6474                           
  6475                           ;SourceFiles/SPI.c: 29:             } else {
  6476     0383  2B8A               	goto	l1839
  6477     0384                     l1837:
  6478                           
  6479                           ;SourceFiles/SPI.c: 30:                 result[i] = SSP1BUF;
  6480     0384  0873               	movf	SendSPI@result,w
  6481     0385  0775               	addwf	SendSPI@i,w
  6482     0386  0086               	movwf	6
  6483     0387  0187               	clrf	7
  6484     0388  0811               	movf	17,w	;volatile
  6485     0389  0081               	movwf	1
  6486     038A                     l1839:
  6487                           
  6488                           ;SourceFiles/SPI.c: 32:   }
  6489     038A  3001               	movlw	1
  6490     038B  07F5               	addwf	SendSPI@i,f
  6491     038C                     l1841:
  6492     038C  0874               	movf	SendSPI@n,w
  6493     038D  0275               	subwf	SendSPI@i,w
  6494     038E  1C03               	skipc
  6495     038F  2B91               	goto	u831
  6496     0390  2B92               	goto	u830
  6497     0391                     u831:
  6498     0391  2B69               	goto	l1829
  6499     0392                     u830:
  6500     0392                     l165:
  6501                           
  6502                           ;SourceFiles/SPI.c: 33:   LATAbits.LATA4 = 1;
  6503     0392  0022               	movlb	2	; select bank2
  6504     0393  160C               	bsf	12,4	;volatile
  6505     0394                     l1843:
  6506                           
  6507                           ;SourceFiles/SPI.c: 35:  delay(45);
  6508     0394  302D               	movlw	45
  6509     0395  00F0               	movwf	delay@length
  6510     0396  3000               	movlw	0
  6511     0397  00F1               	movwf	delay@length+1
  6512     0398  3180  2067  3183   	fcall	_delay
  6513     039B                     l166:
  6514     039B  0008               	return
  6515     039C                     __end_of_SendSPI:
  6516                           
  6517                           	psect	text23
  6518     0067                     __ptext23:	
  6519 ;; *************** function _delay *****************
  6520 ;; Defined at:
  6521 ;;		line 38 in file "SourceFiles/SPI.c"
  6522 ;; Parameters:    Size  Location     Type
  6523 ;;  length          2    0[COMMON] volatile int 
  6524 ;; Auto vars:     Size  Location     Type
  6525 ;;		None
  6526 ;; Return value:  Size  Location     Type
  6527 ;;                  1    wreg      void 
  6528 ;; Registers used:
  6529 ;;		wreg
  6530 ;; Tracked objects:
  6531 ;;		On entry : 0/0
  6532 ;;		On exit  : 0/0
  6533 ;;		Unchanged: 0/0
  6534 ;; Data sizes:     COMMON   BANK0   BANK1   BANK2   BANK3   BANK4   BANK5   BANK6   BANK7   BANK8   BANK9  BANK10  BANK1
      +1  BANK12  BANK13  BANK14  BANK15  BANK16  BANK17  BANK18  BANK19  BANK20  BANK21  BANK22  BANK23  BANK24  BANK25
  6535 ;;      Params:         2       0       0       0       0       0       0       0       0       0       0       0       
      +0       0       0       0       0       0       0       0       0       0       0       0       0       0       0
  6536 ;;      Locals:         0       0       0       0       0       0       0       0       0       0       0       0       
      +0       0       0       0       0       0       0       0       0       0       0       0       0       0       0
  6537 ;;      Temps:          0       0       0       0       0       0       0       0       0       0       0       0       
      +0       0       0       0       0       0       0       0       0       0       0       0       0       0       0
  6538 ;;      Totals:         2       0       0       0       0       0       0       0       0       0       0       0       
      +0       0       0       0       0       0       0       0       0       0       0       0       0       0       0
  6539 ;;Total ram usage:        2 bytes
  6540 ;; Hardware stack levels used: 1
  6541 ;; This function calls:
  6542 ;;		Nothing
  6543 ;; This function is called by:
  6544 ;;		_main
  6545 ;;		_SendSPI
  6546 ;;		_ChangeRadioMode
  6547 ;;		_transmitPayload
  6548 ;; This function uses a non-reentrant model
  6549 ;;
  6550                           
  6551     0067                     _delay:	
  6552                           ;psect for function _delay
  6553                           
  6554     0067                     l1789:	
  6555                           ;incstack = 0
  6556                           ; Regs used in _delay: [wreg]
  6557                           
  6558                           
  6559                           ;SourceFiles/SPI.c: 39:  while (length >= 0) {
  6560     0067  286C               	goto	l1793
  6561     0068                     l1791:
  6562                           
  6563                           ;SourceFiles/SPI.c: 40:      length--;
  6564     0068  30FF               	movlw	255
  6565     0069  07F0               	addwf	delay@length,f	;volatile
  6566     006A  30FF               	movlw	255
  6567     006B  3DF1               	addwfc	delay@length+1,f	;volatile
  6568     006C                     l1793:
  6569                           
  6570                           ;SourceFiles/SPI.c: 39:  while (length >= 0) {
  6571     006C  1FF1               	btfss	delay@length+1,7	;volatile
  6572     006D  286F               	goto	u711
  6573     006E  2870               	goto	u710
  6574     006F                     u711:
  6575     006F  2868               	goto	l1791
  6576     0070                     u710:
  6577     0070                     l172:
  6578     0070  0008               	return
  6579     0071                     __end_of_delay:
  6580     0003                     ___latbits      equ	3
  6581     007E                     btemp           set	126	;btemp
  6582     007E                     wtemp0          set	126
  6583                           
  6584                           	psect	config
  6585                           
  6586                           ;Config register CONFIG1 @ 0x8007
  6587                           ;	FEXTOSC External Oscillator mode Selection bits
  6588                           ;	FEXTOSC = OFF, Oscillator not enabled
  6589                           ;	Power-up default value for COSC bits
  6590                           ;	RSTOSC = HFINT1, HFINTOSC (1MHz)
  6591                           ;	Clock Out Enable bit
  6592                           ;	CLKOUTEN = 0x1, unprogrammed default
  6593                           ;	Clock Switch Enable bit
  6594                           ;	CSWEN = 0x1, unprogrammed default
  6595                           ;	Fail-Safe Clock Monitor Enable
  6596                           ;	FCMEN = 0x1, unprogrammed default
  6597     8007                     	org	32775
  6598     8007  3FEC               	dw	16364
  6599                           
  6600                           ;Config register CONFIG2 @ 0x8008
  6601                           ;	Master Clear Enable bit
  6602                           ;	MCLRE = ON, MCLR/VPP pin function is MCLR; Weak pull-up enabled
  6603                           ;	Power-up Timer Enable bit
  6604                           ;	PWRTE = 0x1, unprogrammed default
  6605                           ;	Watchdog Timer Enable bits
  6606                           ;	WDTE = OFF, WDT disabled; SWDTEN is ignored
  6607                           ;	Low-power BOR enable bit
  6608                           ;	LPBOREN = 0x1, unprogrammed default
  6609                           ;	Brown-out Reset Enable bits
  6610                           ;	BOREN = 0x3, unprogrammed default
  6611                           ;	Brown-out Reset Voltage selection bit
  6612                           ;	BORV = 0x1, unprogrammed default
  6613                           ;	PPSLOCK bit One-Way Set Enable bit
  6614                           ;	PPS1WAY = 0x1, unprogrammed default
  6615                           ;	Stack Overflow/Underflow Reset Enable bit
  6616                           ;	STVREN = 0x1, unprogrammed default
  6617                           ;	Debugger enable bit
  6618                           ;	DEBUG = 0x1, unprogrammed default
  6619     8008                     	org	32776
  6620     8008  3FF3               	dw	16371

Data Sizes:
    Strings     0
    Constant    0
    Data        16
    BSS         36
    Persistent  32
    Stack       0

Auto Spaces:
    Space          Size  Autos    Used
    COMMON           14     14      14
    BANK0            80     35      78
    BANK1            80      0       9
    BANK2            80      0       0
    BANK3            80      0       0
    BANK4            80      0       0
    BANK5            80      0       0
    BANK6            80      0       0
    BANK7            80      0       0
    BANK8            80      0       0
    BANK9            80      0       0
    BANK10           80      0       0
    BANK11           80      0       0
    BANK12           80      0       0
    BANK13           80      0       0
    BANK14           80      0       0
    BANK15           80      0       0
    BANK16           80      0       0
    BANK17           80      0       0
    BANK18           80      0       0
    BANK19           80      0       0
    BANK20           80      0       0
    BANK21           80      0       0
    BANK22           80      0       0
    BANK23           80      0       0
    BANK24           80      0       0
    BANK25           32      0       0

Pointer List with Targets:

    configureRX@address	PTR unsigned char  size(1) Largest target is 5
		 -> address(BANK0[5]), 

    configureTX@address	PTR unsigned char  size(1) Largest target is 5
		 -> address(BANK0[5]), 

    controlsChanged@bytes	PTR unsigned char  size(1) Largest target is 7
		 -> bytes(BANK0[7]), 

    FeatureTest@result	PTR unsigned char  size(1) Largest target is 2
		 -> StartRadio@result(BANK0[2]), 

    packagePayload@bytes	PTR unsigned char  size(1) Largest target is 7
		 -> bytes(BANK0[7]), 

    ReadRegister@result	PTR unsigned char  size(1) Largest target is 2
		 -> FeatureTest@FeaturesAfter(BANK0[2]), FeatureTest@FeaturesBefore(BANK0[2]), StartRadio@result(BANK0[2]), 

    readRXFIFO@result	PTR unsigned char  size(1) Largest target is 7
		 -> result(BANK0[7]), 

    RFSetup@result	PTR unsigned char  size(1) Largest target is 2
		 -> StartRadio@result(BANK0[2]), 

    sendNOP@result	PTR unsigned char  size(1) Largest target is 7
		 -> result(BANK0[7]), 

    SendSPI@bytes	PTR unsigned char  size(1) Largest target is 9
		 -> bytes(BANK0[7]), ChangeRadioMode@databytes(BANK0[2]), configureRX@bytes(COMMON[2]), configureTX@databytes(BANK0[6]), 
		 -> FeatureTest@bytes(BANK0[2]), FeatureTest@databytes(BANK0[2]), FlushRX@bytes(COMMON[1]), FlushTX@bytes(COMMON[1]), 
		 -> payload(BANK1[9]), ReadRegister@bytes(COMMON[2]), readRXFIFO@bytes(BANK0[9]), RFSetup@databytes(BANK0[2]), 
		 -> sendNOP@bytes(COMMON[1]), SetupPayloadSize@databytes(COMMON[2]), SetupRetries@databytes(BANK0[2]), StartListening@bytes(BANK0[6]), 
		 -> StartRadio@databytes(BANK0[2]), transmitPayload@databytes(BANK0[2]), 

    SendSPI@result	PTR unsigned char  size(1) Largest target is 9
		 -> ChangeRadioMode@result(BANK0[2]), configureRX@result(COMMON[2]), configureTX@result(BANK0[6]), FeatureTest@FeaturesAfter(BANK0[2]), 
		 -> FeatureTest@FeaturesBefore(BANK0[2]), FlushRX@result(COMMON[1]), FlushTX@result(COMMON[1]), result(BANK0[7]), 
		 -> StartListening@result(BANK0[2]), StartRadio@result(BANK0[2]), transmitPayload@result(BANK0[2]), transmitPayload@result_957(BANK0[9]), 

    SetupPayloadSize@result	PTR unsigned char  size(1) Largest target is 2
		 -> StartRadio@result(BANK0[2]), 

    SetupRetries@result	PTR unsigned char  size(1) Largest target is 2
		 -> StartRadio@result(BANK0[2]), 

    StartListening@address	PTR unsigned char  size(1) Largest target is 5
		 -> address(BANK0[5]), 


Critical Paths under _main in COMMON

    _main->_configureRX
    _transmitPayload->_SendSPI
    _sendNOP->_SendSPI
    _readRXFIFO->_SendSPI
    _configureTX->_ChangeRadioMode
    _StartListening->_ChangeRadioMode
    ___wmul->___lwdiv
    _StartRadio->_RFSetup
    _SetupRetries->___lwdiv
    _SetupPayloadSize->_SendSPI
    _RFSetup->_ReadRegister
    _FlushTX->_SendSPI
    _FlushRX->_SendSPI
    _FeatureTest->_ReadRegister
    _ReadRegister->_SendSPI
    _ChangeRadioMode->_SendSPI
    _SendSPI->_delay

Critical Paths under _main in BANK0

    _main->_configureTX
    _configureTX->_ChangeRadioMode
    _configureRX->_StartListening
    _StartListening->_ChangeRadioMode
    _StartRadio->_FeatureTest

Critical Paths under _main in BANK1

    None.

Critical Paths under _main in BANK2

    None.

Critical Paths under _main in BANK3

    None.

Critical Paths under _main in BANK4

    None.

Critical Paths under _main in BANK5

    None.

Critical Paths under _main in BANK6

    None.

Critical Paths under _main in BANK7

    None.

Critical Paths under _main in BANK8

    None.

Critical Paths under _main in BANK9

    None.

Critical Paths under _main in BANK10

    None.

Critical Paths under _main in BANK11

    None.

Critical Paths under _main in BANK12

    None.

Critical Paths under _main in BANK13

    None.

Critical Paths under _main in BANK14

    None.

Critical Paths under _main in BANK15

    None.

Critical Paths under _main in BANK16

    None.

Critical Paths under _main in BANK17

    None.

Critical Paths under _main in BANK18

    None.

Critical Paths under _main in BANK19

    None.

Critical Paths under _main in BANK20

    None.

Critical Paths under _main in BANK21

    None.

Critical Paths under _main in BANK22

    None.

Critical Paths under _main in BANK23

    None.

Critical Paths under _main in BANK24

    None.

Critical Paths under _main in BANK25

    None.

Call Graph Tables:

 ---------------------------------------------------------------------------------
 (Depth) Function   	        Calls       Base Space   Used Autos Params    Refs
 ---------------------------------------------------------------------------------
 (0) _main                                                17    13      4   14098
                                             19 BANK0     16    12      4
                            _SendSPI
                         _StartRadio
                            ___lwdiv
                             ___wmul
                                 _ce
                        _configureRX
                        _configureTX
                    _controlsChanged
                              _delay
                     _packagePayload
                         _readRXFIFO
                            _sendNOP
                           _setupSPI
                    _transmitPayload
 ---------------------------------------------------------------------------------
 (1) _transmitPayload                                     14    14      0     697
                                              0 BANK0     14    14      0
                            _SendSPI
                                 _ce
                              _delay
 ---------------------------------------------------------------------------------
 (1) _setupSPI                                             1     1      0      58
                                              0 COMMON     1     1      0
 ---------------------------------------------------------------------------------
 (1) _sendNOP                                              2     1      1     427
                                              6 COMMON     2     1      1
                            _SendSPI
 ---------------------------------------------------------------------------------
 (1) _readRXFIFO                                          16    15      1     654
                                              6 COMMON     2     1      1
                                              0 BANK0     14    14      0
                            _SendSPI
 ---------------------------------------------------------------------------------
 (1) _packagePayload                                       6     5      1     285
                                              0 COMMON     6     5      1
 ---------------------------------------------------------------------------------
 (1) _controlsChanged                                      8     7      1     314
                                              0 COMMON     8     7      1
 ---------------------------------------------------------------------------------
 (1) _configureTX                                         13    12      1    1550
                                              6 BANK0     13    12      1
                    _ChangeRadioMode
                            _SendSPI
 ---------------------------------------------------------------------------------
 (1) _configureRX                                          5     4      1    2119
                                             10 COMMON     4     4      0
                                             15 BANK0      1     0      1
                            _SendSPI
                     _StartListening
 ---------------------------------------------------------------------------------
 (2) _StartListening                                       9     8      1    1574
                                              6 BANK0      9     8      1
                    _ChangeRadioMode
                            _SendSPI
 ---------------------------------------------------------------------------------
 (1) ___wmul                                               6     2      4      94
                                              7 COMMON     6     2      4
                            ___lwdiv (ARG)
 ---------------------------------------------------------------------------------
 (1) _StartRadio                                           8     6      2    6895
                                              8 BANK0      8     6      2
                    _ChangeRadioMode
                        _FeatureTest
                            _FlushRX
                            _FlushTX
                            _RFSetup
                       _ReadRegister
                            _SendSPI
                   _SetupPayloadSize
                       _SetupRetries
 ---------------------------------------------------------------------------------
 (2) _SetupRetries                                         9     5      4     706
                                              7 COMMON     5     1      4
                                              0 BANK0      4     4      0
                            _SendSPI
                            ___lwdiv
 ---------------------------------------------------------------------------------
 (1) ___lwdiv                                              7     3      4     166
                                              0 COMMON     7     3      4
 ---------------------------------------------------------------------------------
 (2) _SetupPayloadSize                                     4     3      1     702
                                              6 COMMON     4     3      1
                            _SendSPI
 ---------------------------------------------------------------------------------
 (2) _RFSetup                                              8     6      2    1080
                                             10 COMMON     4     2      2
                                              0 BANK0      4     4      0
                       _ReadRegister
                            _SendSPI
 ---------------------------------------------------------------------------------
 (2) _FlushTX                                              2     2      0     429
                                              6 COMMON     2     2      0
                            _SendSPI
 ---------------------------------------------------------------------------------
 (2) _FlushRX                                              2     2      0     429
                                              6 COMMON     2     2      0
                            _SendSPI
 ---------------------------------------------------------------------------------
 (2) _FeatureTest                                          9     8      1    1192
                                             10 COMMON     1     0      1
                                              0 BANK0      8     8      0
                       _ReadRegister
                            _SendSPI
 ---------------------------------------------------------------------------------
 (2) _ReadRegister                                         4     3      1     481
                                              6 COMMON     4     3      1
                            _SendSPI
 ---------------------------------------------------------------------------------
 (2) _ChangeRadioMode                                     10     8      2     845
                                              6 COMMON     4     2      2
                                              0 BANK0      6     6      0
                            _SendSPI
                                 _ce
                              _delay
 ---------------------------------------------------------------------------------
 (2) _ce                                                   2     1      1     154
                                              0 COMMON     2     1      1
 ---------------------------------------------------------------------------------
 (2) _SendSPI                                              4     1      3     376
                                              2 COMMON     4     1      3
                              _delay
 ---------------------------------------------------------------------------------
 (2) _delay                                                2     0      2      33
                                              0 COMMON     2     0      2
 ---------------------------------------------------------------------------------
 Estimated maximum stack depth 2
 ---------------------------------------------------------------------------------

 Call Graph Graphs:

 _main (ROOT)
   _SendSPI
     _delay
   _StartRadio
     _ChangeRadioMode
       _SendSPI
       _ce
       _delay
     _FeatureTest
       _ReadRegister
         _SendSPI
       _SendSPI
     _FlushRX
       _SendSPI
     _FlushTX
       _SendSPI
     _RFSetup
       _ReadRegister
       _SendSPI
     _ReadRegister
     _SendSPI
     _SetupPayloadSize
       _SendSPI
     _SetupRetries
       _SendSPI
       ___lwdiv
   ___lwdiv
   ___wmul
     ___lwdiv (ARG)
   _ce
   _configureRX
     _SendSPI
     _StartListening
       _ChangeRadioMode
       _SendSPI
   _configureTX
     _ChangeRadioMode
     _SendSPI
   _controlsChanged
   _delay
   _packagePayload
   _readRXFIFO
     _SendSPI
   _sendNOP
     _SendSPI
   _setupSPI
   _transmitPayload
     _SendSPI
     _ce
     _delay

Address spaces:
Name               Size   Autos  Total    Usage
BITCOMMON           14      0       0      0.0%
BITBANK0            80      0       0      0.0%
BITBANK1            80      0       0      0.0%
BITBANK2            80      0       0      0.0%
BITBANK3            80      0       0      0.0%
BITBANK4            80      0       0      0.0%
BITBANK5            80      0       0      0.0%
BITBANK6            80      0       0      0.0%
BITBANK7            80      0       0      0.0%
BITBANK8            80      0       0      0.0%
BITBANK9            80      0       0      0.0%
BITBANK10           80      0       0      0.0%
BITBANK11           80      0       0      0.0%
BITBANK12           80      0       0      0.0%
BITBANK13           80      0       0      0.0%
BITBANK14           80      0       0      0.0%
BITBANK15           80      0       0      0.0%
BITBANK16           80      0       0      0.0%
BITBANK17           80      0       0      0.0%
BITBANK18           80      0       0      0.0%
BITBANK19           80      0       0      0.0%
BITBANK20           80      0       0      0.0%
BITBANK21           80      0       0      0.0%
BITBANK22           80      0       0      0.0%
BITBANK23           80      0       0      0.0%
BITBANK24           80      0       0      0.0%
BITBANK25           32      0       0      0.0%
BIGRAM            2032      0       0      0.0%
COMMON              14     14      14    100.0%
BANK0               80     35      78     97.5%
BANK1               80      0       9     11.2%
BANK2               80      0       0      0.0%
BANK3               80      0       0      0.0%
BANK4               80      0       0      0.0%
BANK5               80      0       0      0.0%
BANK6               80      0       0      0.0%
BANK7               80      0       0      0.0%
BANK8               80      0       0      0.0%
BANK9               80      0       0      0.0%
BANK10              80      0       0      0.0%
BANK11              80      0       0      0.0%
BANK12              80      0       0      0.0%
BANK13              80      0       0      0.0%
BANK14              80      0       0      0.0%
BANK15              80      0       0      0.0%
BANK16              80      0       0      0.0%
BANK17              80      0       0      0.0%
BANK18              80      0       0      0.0%
BANK19              80      0       0      0.0%
BANK20              80      0       0      0.0%
BANK21              80      0       0      0.0%
BANK22              80      0       0      0.0%
BANK23              80      0       0      0.0%
BANK24              80      0       0      0.0%
BANK25              32      0       0      0.0%
STACK                0      0       0      0.0%
DATA                 0      0     101      0.0%


Microchip Technology PIC Macro Assembler V2.50 build 20240725155939 
Symbol Table                                                                                   Sat Aug 30 15:49:47 2025

             ?_configureRX 002F               ?_configureTX 0026           readRXFIFO@result 0076  
     configureTX@databytes 002D                         l99 0663            RFSetup@datarate 0022  
                       _ce 00D8        ___wmul@multiplicand 0079                        ?_ce 0070  
                      l101 0664                        l111 06CC                        l120 0718  
                      l106 06BB                        l115 0701                        l205 059D  
                      l150 0364                        l222 007D                        l230 027F  
                      l118 0708                        l151 0358                        l160 0374  
                      l240 04CA                        l217 0102                        l241 04D2  
                      l162 0378                        l242 0508                        l147 00B8  
                      l227 008A                        l172 0070                        l236 04AF  
                      l165 0392                        l237 04F3                        l245 034A  
                      l261 01C8                        l166 039B                        l238 04B8  
                      l239 04C1                        l272 0240                        l257 02C0  
                      l361 0162                        l177 0097                        l353 0179  
                      l370 04A0                        l354 0194                        l373 0447  
                      l269 0304                        l365 0125                        l382 03DA  
                      l358 0143                        l535 00C3                        l383 03EF  
                      l367 0130                        l537 00D7                        l815 0202  
         RFSetup@databytes 0020                        _PR2 001E                        _PR4 0416  
                      u710 0070                        u711 006F                        u800 036E  
                      u720 00DE                        u801 036D                        u721 00DD  
                      u810 0378                        u730 00E3                        u811 0377  
                      u731 00E2                        u820 037C                        u740 00EB  
                      u900 01FE                        u821 037B                        u741 00EA  
                      u901 01FD                        u830 0392                        u750 00F3  
                      u910 01B0                        u831 0391                        u751 00F2  
                      u911 01AF                        u760 00F8                        u840 01D1  
                      u761 00F7                        u841 01D0                        u770 0100  
                      u771 00FF                        u780 0350                        u940 02A0  
                      u860 01DF                        u781 034F                        u941 029F  
                      u861 01DE                        u925 01B9                        u790 035C  
                      u950 02AA                        u791 035B                        u951 02A9  
                      u935 025A                        u855 01D5                        u880 01EE  
                      u960 0115                        u881 01ED                        u961 0114  
                      u970 0120                        u875 01E0                        u971 011F  
                      u980 059A                        u885 01EA                        u981 0599  
                      u990 03BD                        u895 01F4                        u991 03BC  
                      u995 03B9                        _val 0068   __end_of_SetupPayloadSize 034B  
     controlsChanged@delta 0076                        wreg 0009        __end_of_FeatureTest 02C1  
     controlsChanged@bytes 0070                       ??_ce 0071                       l2001 0203  
                     l2011 021B                       l2003 020A                       l2021 0237  
                     l2013 0220                       l2005 020D                       l2101 045D  
                     l2015 0225                       l2007 020F                       l2111 046F  
                     l2103 045F                       l2031 0120                       l2023 0104  
                     l2041 050B                       l2017 022B                       l2009 0218  
                     l2121 0477                       l2113 0471                       l2105 0468  
                     l2201 0445                       l2033 012B                       l2025 0110  
                     l2051 0526                       l2043 050C                       l2019 0231  
                     l2131 0480                       l2123 0479                       l2115 0472  
                     l2107 046A                       l2203 0446                       l2035 012D  
                     l2027 0115                       l2061 0553                       l2053 0530  
                     l2045 0517                       l2141 0489                       l2133 0482  
                     l2125 047A                       l2117 0474                       l2109 046E  
                     l2221 03E8                       l2213 03A0                       l2205 039C  
                     l2301 02F6                       l2037 012E                       l2029 011B  
                     l2071 0570                       l2063 0556                       l2055 0533  
                     l2047 051E                       l2311 00B9                       l2151 0493  
                     l2143 048D                       l2135 0483                       l2127 047C  
                     l2119 0476                       l2223 03EE                       l2215 03BD  
                     l2207 039E                       l2303 02FC                       l2039 012F  
                     l2081 0584                       l2073 0573                       l2065 0561  
                     l2057 053E                       l2049 0523                       l2321 00D3  
                     l2313 00BB                       l2153 0496                       l2145 048E  
                     l2137 0486                       l2129 047E                       l2161 03F0  
                     l2217 03DC                       l2241 0148                       l2233 0135  
                     l2305 0301                       l2401 064B                       l2083 058D  
                     l2075 0575                       l2067 0564                       l2059 0541  
                     l2315 00BF                       l2155 0499                       l2147 0490  
                     l2139 0488                       l2171 040F                       l2163 03F3  
                     l2219 03E6                       l2251 015F                       l2235 013B  
                     l2227 0132                       l2307 0303                       l2411 065E  
                     l2403 0650                       l2331 05B2                       l2085 0593  
                     l2077 057E                       l2069 0567                       l2317 00C8  
                     l2157 049B                       l2149 0492                       l2093 0448  
                     l2181 042E                       l2173 0418                       l2165 03FD  
                     l2245 014A                       l2237 013D                       l2229 0134  
                     l2253 008B                       l2261 016C                       l2501 0796  
                     l2421 067E                       l2413 0660                       l2405 0654  
                     l2341 05C3                       l2325 059E                       l2087 059A  
                     l2079 0581                       l2319 00CD                       l2159 049F  
                     l2095 044C                       l2191 0438                       l2183 0430  
                     l2175 041B                       l2167 0403                       l2247 0157  
                     l2239 0146                       l2271 02C1                       l2255 008E  
                     l2263 0170                       l2511 07A4                       l2503 079B  
                     l2431 06A2                       l2423 0686                       l2415 0669  
                     l2407 0654                       l2343 05C5                       l2327 05AB  
                     l1801 00E6                       l2089 059C                       l2097 0455  
                     l2193 043A                       l2185 0432                       l2177 0424  
                     l2169 0409                       l2249 0159                       l2281 02C9  
                     l2273 02C3                       l2265 0182                       l2257 0165  
                     l2521 07C0                       l2513 07A6                       l2505 079E  
                     l2441 06BE                       l2433 06A7                       l2425 068D  
                     l2417 0671                       l2409 0659                       l2361 05E7  
                     l2345 05C8                       l2337 05B3                       l2329 05AD  
                     l1811 00FB                       l1803 00EB                       l2099 045B  
                     l2195 043E                       l2187 0434                       l2179 042C  
                     l2291 02EC                       l2283 02D0                       l2275 02C5  
                     l2267 0188                       l2259 0166                       l2515 07A8  
                     l2507 079F                       l2451 06E2                       l2443 06C8  
                     l2435 06B1                       l2427 0693                       l2419 0678  
                     l2371 05FD                       l2363 05EA                       l2355 05D5  
                     l2339 05BA                       l2347 05CF                       l1821 035C  
                     l1813 0100                       l1805 00EE                       l1901 01DF  
                     l2197 043F                       l2189 0436                       l2285 02D4  
                     l2269 018F                       l2509 07A2                       l2517 07AB  
                     l2461 06FA                       l2453 06E7                       l2445 06D0  
                     l2437 06B7                       l2429 069B                       l2381 0615  
                     l2373 05FF                       l2357 05DC                       l2349 05D4  
                     l2365 05F0                       l1831 036E                       l1823 0361  
                     l1815 034B                       l1807 00F3                       l1903 01EE  
                     l1911 01FE                       l2199 0441                       l2287 02E1  
                     l2519 07B4                       l2471 0711                       l2455 06EA  
                     l2447 06D2                       l2439 06BB                       l2527 07C2  
                     l2391 062D                       l2383 0619                       l2375 0605  
                     l2367 05F5                       l2359 05E5                       l1833 037C  
                     l1841 038C                       l1825 0366                       l1817 0350  
                     l1809 00F8                       l1905 01F2                       l1921 01B4  
                     l2297 02EE                       l2289 02EA                       l2481 0732  
                     l2473 0716                       l2465 0704                       l2457 06EC  
                     l2449 06D9                       l2393 0634                       l2385 061E  
                     l2377 060B                       l2369 05F8                       l1835 037D  
                     l1827 0368                       l1843 0394                       l1819 0352  
                     l1851 00AF                       l1931 024F                       l1907 01F3  
                     l1923 01B6                       l1915 0195                       l2299 02F4  
                     l2491 077F                       l2483 0737                       l2475 071C  
                     l2467 0705                       l2459 06F5                       l2395 063D  
                     l2387 061E                       l2379 0610                       l1837 0384  
                     l1829 0369                       l1861 04AC                       l1853 04A3  
                     l1845 00A9                       l1941 0276                       l1933 0257  
                     l1909 01F8                       l1925 01BF                       l1917 01A7  
                     l2493 0782                       l2485 0755                       l2477 0726  
                     l2469 070C                       l2397 0645                       l2389 062C  
                     l1791 0068                       l1839 038A                       l1871 04CC  
                     l1863 04AD                       l1855 04A5                       l1847 00AB  
                     l1943 0280                       l1935 0267                       l1927 0243  
                     l1919 01B0                       l2495 078C                       l2487 0772  
                     l2479 072D                       l2399 0645                       l1793 006C  
                     l1881 04F8                       l1873 04D4                       l1865 04B1  
                     l1857 04A6                       l1849 00AD                       l1961 02B3  
                     l1945 0286                       l1937 0272                       l1929 0249  
                     l2585 07CB                       l2497 078D                       l2489 077B  
                     l1795 00D9                       l1883 0501                       l2587 04E2  
                     l1867 04BA                       l1859 04AB                       l1963 02B6  
                     l1955 029A                       l1947 028B                       l1939 0274  
                     l1971 030A                       l1891 01CB                       l2499 078F  
                     l1789 0067                       l1797 00DE                       l1869 04C3  
                     l1877 04DA                       l1965 02B7                       l1957 02A0  
                     l1949 0294                       l1981 0329                       l1973 0313  
                     l1893 01D1                       l1799 00E3                       l1879 04F6  
                     l1959 02AA                       l1991 0341                       l1983 032B  
                     l1975 0315                       l1967 0306                       l1895 01D4  
                     l1993 0071                       l1985 0334                       l1977 031E  
                     l1969 0308                       l1897 01D9                       l1889 01C9  
                     l1995 0074                       l1987 0336                       l1979 0320  
                     l1899 01DB                       l1997 007E                       l1989 033F  
                     l1999 0081                       u1000 03DA                       u1001 03D9  
                     u1010 03EE                       u1011 03ED                       u1020 0143  
                     u1005 03D6                       u1021 0142                       u1110 00D3  
                     u1030 015F                       u1111 00D2                       u1031 015E  
                     u1040 016C                       u1200 0615                       u1120 05AB  
                     u1105 00C9                       u1041 016B                       u1201 0614  
                     u1121 05AA                       u1050 02E1                       u1210 062C  
                     u1130 05B2                       u1051 02E0                       u1211 062B  
                     u1131 05B1                       u1060 02FC                       u1300 06B1  
                     u1220 063B                       u1140 05CE                       u1061 02FB  
                     u1301 06B0                       u1221 0639                       u1141 05CD  
                     u1070 0301                       u1310 06D0                       u1230 063C  
                     u1150 05D4                       u1071 0300                       u1055 02DD  
                     u1311 06CF                       u1151 05D3                       u1080 00BF  
                     u1320 0701                       u1240 064B                       u1160 05F0  
                     u1081 00BE                       u1321 0700                       u1241 064A  
                     u1161 05EF                       u1330 070C                       u1250 0659  
                     u1170 05F5                       u1331 070B                       u1251 0658  
                     u1171 05F4                       u1340 0716                       u1260 0669  
                     u1180 05FD                       u1405 07AE                       u1341 0715  
                     u1261 0668                       u1181 05FC                       u1350 0732  
                     u1270 0671                       u1190 060B                       u1095 00C4  
                     u1351 0731                       u1271 0670                       u1191 060A  
                     u1360 0737                       u1280 0686                       u1361 0736  
                     u1281 0685                       u1370 077B                       u1290 069B  
                     u1371 077A                       u1291 069A                       u1380 0796  
                     u1381 0795                       u1390 079B                       u1391 079A  
                     _TMR2 001D                       _TMR4 0415                       _main 059E  
                     fsr0h 0005                       fsr1h 0007                       indf0 0000  
                     fsr0l 0004                       indf1 0001                       fsr1l 0006  
                     btemp 007E            __end_of_RFSetup 0280                       start 0002  
          __end_of_FlushRX 007E            __end_of_FlushTX 008B            __end_of_SendSPI 039C  
                    ?_main 0033              ?_ReadRegister 0076            __end_of___lwdiv 0203  
        ??_ChangeRadioMode 0078                      _delay 0067                      _bytes 0057  
          __end_of_sendNOP 0098                      main@i 003F        packagePayload@i_963 0075  
             main@servoPos 003C          ??_transmitPayload 0076        packagePayload@bytes 0070  
                    status 0003                      wtemp0 007E               RFSetup@Setup 0023  
             FlushRX@F6441 0065               FlushTX@F6445 0064               RFSetup@power 007A  
          __initialization 07E1               __end_of_main 07E1               FlushRX@bytes 0076  
              _FeatureTest 0280             ??_ReadRegister 0077               FlushTX@bytes 0076  
                   ??_main 0037                readRXFIFO@i 002B     ChangeRadioMode@newMode 0022  
     StartListening@result 0027                     ?_delay 0070                     _ADRESH 009C  
                   _ADRESL 009B                  ??_RFSetup 007C              sendNOP@result 0076  
                   _RA2PPS 0E92                     _RC0PPS 0EA0                     _RC2PPS 0EA2  
                   _RC3PPS 0EA3                     _RC4PPS 0EA4                     _RC5PPS 0EA5  
         ??_StartListening 007A    ChangeRadioMode@CRCbytes 0076          ??_controlsChanged 0071  
                ??_FlushRX 0076                  ??_FlushTX 0076                  ??_SendSPI 0075  
                   ___wmul 00B9                  ??___lwdiv 0074              main@validData 003E  
                   _result 0050          FeatureTest@result 007A                  ??_sendNOP 0077  
         __end_of_setupSPI 0131         configureRX@address 002F      StartRadio@payloadSize 0028  
               _StartRadio 0509         configureTX@address 0026    __end_of__initialization 07FD  
          packagePayload@i 0074              RFSetup@result 007B  ChangeRadioMode@CONFIGbits 0025  
           __pcstackCOMMON 0070               __pidataBANK0 0098              __end_of_delay 0071  
               __end_of_ce 0103             _packagePayload 0131          setupSPI@radioType 0070  
        ?_SetupPayloadSize 0076              FlushRX@result 0077                    ??_delay 0072  
       ??_SetupPayloadSize 0077              FlushTX@result 0077      StartListening@address 0026  
         configureRX@bytes 007C                 __pbssBANK0 0043                 __pbssBANK1 00A0  
     __end_of_ReadRegister 00B9                 __pmaintext 059E                    ?___wmul 0077  
          _ChangeRadioMode 04A1     __end_of_packagePayload 0163            _transmitPayload 0163  
                  _PWM5DCH 0618                    _PWM5DCL 0617                    _PWM6DCH 061B  
                  _PWM6DCL 061A                ?_StartRadio 0028                    _SSP1BUF 0211  
                  _RFSetup 0241                    _FlushRX 0071                    _FlushTX 007E  
                  _SendSPI 034B              ?_SetupRetries 0077                 _readRXFIFO 02C1  
                ?_setupSPI 0070         SetupRetries@ARDbin 0020                    ce@level 0070  
                  ___lwdiv 01C9                    _address 0069               ?_FeatureTest 007A  
                  __ptext1 0163                    __ptext2 0103                    __ptext3 008B  
                  __ptext4 02C1                    __ptext5 0131                    __ptext6 039C  
                  __ptext7 03F0                    __ptext8 0448                    __ptext9 0203  
          ?_packagePayload 0070                  _T2CONbits 001F                    _sendNOP 008B  
          _controlsChanged 039C                  _T4CONbits 0417                    _payload 00A0  
                  _spinDir 004D               SendSPI@bytes 0072             main@motorSpeed 0041  
                  clrloop0 005C        StartRadio@ReturnVal 002B         SetupRetries@result 007A  
     end_of_initialization 07FD  FeatureTest@FeaturesBefore 0024           StartRadio@result 002C  
SetupRetries@autoReTXDelay 0077                    init_ram 0061  SetupRetries@autoReTXCount 0079  
                  initloop 0062             ??_SetupRetries 007B      SetupRetries@databytes 0022  
  __end_of_ChangeRadioMode 0509                 ??_setupSPI 0070      packagePayload@radioID 0073  
               _motorSpeed 0063    __end_of_transmitPayload 0195                  _PORTAbits 000C  
                _PORTCbits 000E            readRXFIFO@i_674 002D        StartRadio@databytes 002E  
                _TRISAbits 008C                  _TRISCbits 008E            readRXFIFO@bytes 0020  
              ce@radioType 0071      transmitPayload@result 0029   controlsChanged@prevBytes 0043  
 controlsChanged@returnVal 0075                ?_readRXFIFO 0076              ??_configureRX 007A  
            ??_configureTX 007A        StartRadio@radioType 0029             __end_of___wmul 00D8  
  __end_of_controlsChanged 03F0               _ReadRegister 00A8        start_initialization 07E1  
             sendNOP@F6364 0066        StartListening@bytes 0029      ChangeRadioMode@result 0020  
 ChangeRadioMode@databytes 0023               sendNOP@bytes 0077           FeatureTest@F6472 005E  
         FeatureTest@F6469 0060           ?_ChangeRadioMode 0076            _readyToTransmit 0062  
                 ??___wmul 007B                __pdataBANK0 005E           FeatureTest@bytes 0020  
         ?_transmitPayload 0070        __end_of_configureRX 04A1        __end_of_configureTX 0448  
        configureRX@result 007A   ChangeRadioMode@radioType 0077       __end_of_SetupRetries 01C9  
                ___latbits 0003              __pcstackBANK0 0020               ??_StartRadio 007E  
       ReadRegister@result 0076          configureTX@result 0027                   ?_RFSetup 007A  
             _currentState 004E                   ?_FlushRX 0070                   ?_FlushTX 0070  
                 ?_SendSPI 0072           ___lwdiv@dividend 0072           ??_packagePayload 0071  
                 ?___lwdiv 0070         __end_of_StartRadio 059E           ?_controlsChanged 0070  
                 ?_sendNOP 0076           ___lwdiv@quotient 0074                  _radioType 004F  
transmitPayload@result_957 0020             ___wmul@product 007B                   _LATAbits 010C  
                 _LATCbits 010E                  clear_ram0 005B                _configureRX 0448  
              _configureTX 03F0       FeatureTest@databytes 0022                 _ADCON0bits 009D  
               _ADCON1bits 009E                  main@i_335 0040          ___wmul@multiplier 0077  
transmitPayload@statusBits 002B       ChangeRadioMode@F6458 004C                   SendSPI@i 0075  
                 SendSPI@n 0074     SetupPayloadSize@result 0076          ReadRegister@F6353 0049  
         _SetupPayloadSize 0305               ??_readRXFIFO 0077             _StartListening 0203  
SetupPayloadSize@databytes 0078          ReadRegister@bytes 0078                 _ANSELAbits 018C  
               _ANSELCbits 018E            ___lwdiv@divisor 0070            ___lwdiv@counter 0076  
                 __ptext10 00B9                   __ptext11 0509                   __ptext20 04A1  
                 __ptext12 0195                   __ptext21 00D8                   __ptext13 01C9  
                 __ptext22 034B                   __ptext14 0305                   __ptext23 0067  
                 __ptext15 0241                   __ptext16 007E                   __ptext17 0071  
                 __ptext18 0280                   __ptext19 00A8         __end_of_readRXFIFO 0305  
             _SSP1CON1bits 0215                delay@length 0070     __end_of_StartListening 0241  
             _SetupRetries 0195                   _setupSPI 0103                   _servoPos 004B  
        StartRadio@channel 002A              SendSPI@result 0073           controlsChanged@i 0077  
                 main@argc 0033                   main@argv 0035               _SSP1STATbits 0214  
              _PWM5CONbits 0619                _PWM6CONbits 061C     packagePayload@checksum 0072  
          ?_StartListening 0026   FeatureTest@FeaturesAfter 0026        readRXFIFO@ReturnVal 0029  
            ??_FeatureTest 007B       SetupPayloadSize@size 0077            ReadRegister@reg 0077  
              _prevSpinDir 0067                 _SSP1DATPPS 0E21                _PWMTMRSbits 061F  
 transmitPayload@databytes 002C         readRXFIFO@checksum 002A  
