:020000040000fa
:020000041fc01b
:040bf000ffffffcf35
:020000040000fa
:020000041fc01b
:040bf400d9fff9ff2d
:020000040000fa
:020000041fc01b
:040bf80059df74ff4e
:020000040000fa
:020000041fc01b
:040bfc00fbffff7f7d
:020000040000fa
:020000041fc01b
:100000000200f00f0000000000601a40c0045a7f98
:100010000500401300000000019d1a3c88925a27f9
:10002000080040030000000001a01d3cf8ffbd27b0
:1000300000a01c3cf07f9c27019d083c6093082594
:1000400009f800010000000000a0083c0c00082591
:1000500000a0093c5000292503000010000000000a
:10006000000000ad040008252b080901fcff201446
:1000700000000000019d083c5087082509f8000198
:10008000000000000000093c00002925100020119c
:10009000000000000100093c0000292588bf0a3c3f
:1000a00010204a25000049ad0100093c0000292527
:1000b00088bf0a3c20204a25000049ad0100093cc8
:1000c0000000292588bf0a3c30204a25000049ada0
:1000d00000488040ffff0a2400588a404000083c46
:1000e00000600a4025500a0100608a40049d093cd6
:1000f00000f02925c0000000017889400000093c7b
:100100000100292500000a2444492a7d01608a4013
:100110008000093c00688940008008408005097d16
:10012000404c0900006008405800013c2440010197
:100130002540280100608840c0000000019d083c67
:100140006893082509f800010000000000600840dd
:10015000bfff013cffff21342440010100608840c3
:10016000000084300000a530019d083c848b0825e8
:0801700008000001000000007e
:020000040000fa
:020000041fc01b
:10038000019d1a3c288c5a270800400300000000f9
:020000040000fa
:020000041d03da
:10f18000009d1a3c507e5a270800400300000000f2
:020000040000fa
:020000041d03da
:08f200001117400b0000000093
:020000040000fa
:020000041d03da
:08f220002e23400b000000004a
:020000040000fa
:020000041d03da
:08f240002e23400b000000002a
:020000040000fa
:020000041d03da
:08f260002e23400b000000000a
:020000040000fa
:020000041d03da
:08f280002e23400b00000000ea
:020000040000fa
:020000041d03da
:08f2a0002e23400b00000000ca
:020000040000fa
:020000041d03da
:08f2c0002e23400b00000000aa
:020000040000fa
:020000041d03da
:08f2e000cb02400b000000000e
:020000040000fa
:020000041d03da
:08f300002e23400b0000000069
:020000040000fa
:020000041d03da
:08f320002e23400b0000000049
:020000040000fa
:020000041d03da
:08f340002e23400b0000000029
:020000040000fa
:020000041d03da
:08f360002e23400b0000000009
:020000040000fa
:020000041d03da
:08f380002e23400b00000000e9
:020000040000fa
:020000041d03da
:08f3a0002e23400b00000000c9
:020000040000fa
:020000041d03da
:08f3c0002e23400b00000000a9
:020000040000fa
:020000041d03da
:08f3e0002e23400b0000000089
:020000040000fa
:020000041d03da
:08f400002e23400b0000000068
:020000040000fa
:020000041d03da
:08f420002e23400b0000000048
:020000040000fa
:020000041d03da
:08f440002e23400b0000000028
:020000040000fa
:020000041d03da
:08f460002e23400b0000000008
:020000040000fa
:020000041d03da
:08f480002e23400b00000000e8
:020000040000fa
:020000041d03da
:08f4a0002e23400b00000000c8
:020000040000fa
:020000041d03da
:08f4c0002e23400b00000000a8
:020000040000fa
:020000041d03da
:08f4e0002e23400b0000000088
:020000040000fa
:020000041d03da
:08f500002e23400b0000000067
:020000040000fa
:020000041d03da
:08f520002e23400b0000000047
:020000040000fa
:020000041d03da
:08f540002e23400b0000000027
:020000040000fa
:020000041d03da
:08f560002e23400b0000000007
:020000040000fa
:020000041d03da
:08f580002e23400b00000000e7
:020000040000fa
:020000041d03da
:08f5a0002e23400b00000000c7
:020000040000fa
:020000041d03da
:08f5c0002e23400b00000000a7
:020000040000fa
:020000041d03da
:08f5e0002e23400b0000000087
:020000040000fa
:020000041d03da
:08f600002e23400b0000000066
:020000040000fa
:020000041d03da
:08f620002e23400b0000000046
:020000040000fa
:020000041d03da
:08f640002e23400b0000000026
:020000040000fa
:020000041d03da
:08f660002e23400b0000000006
:020000040000fa
:020000041d03da
:08f680002e23400b00000000e6
:020000040000fa
:020000041d03da
:08f6a0002e23400b00000000c6
:020000040000fa
:020000041d03da
:08f6c0002e23400b00000000a6
:020000040000fa
:020000041d03da
:08f6e0002e23400b0000000086
:020000040000fa
:020000041d03da
:08f700002e23400b0000000065
:020000040000fa
:020000041d03da
:08f720002e23400b0000000045
:020000040000fa
:020000041d03da
:08f740002e23400b0000000025
:020000040000fa
:020000041d03da
:08f760002e23400b0000000005
:020000040000fa
:020000041fc01b
:1004800000f89b40c0000000019d1b3c448d7b2771
:10049000020060130000000000c09b4000f81b40f9
:0c04a000c00000001f000042000000002f
:020000040000fa
:020000041d00dd
:10000000d0ffbd272c00bfaf2800beaf25f0a00356
:10001000251080003000c2a3009d023ce86c4424ff
:10002000a60f400f00000000009d023cf06c44242d
:10003000a60f400f000000003000c293508082a342
:1000400088bf033c106062908410027c106062a044
:1000500088bf033c306062908410027c306062a0f4
:1000600088bf033c10616294c47b027c106162a46f
:10007000252000001e03400f00000000009d023cf0
:10008000086d4424a60f400f0000000080bf033c11
:100090000058628cc47b027c005862ac80bf033c79
:1000a0000058628cc4bd027c005862ac80bf033c27
:1000b0000058628cc4ff027c005862ac80bf033cd5
:1000c00040586294c439027c405862a480bf033c0b
:1000d0000058628c010004244429827c005862ace0
:1000e00080bf033c0058628c444a027c005862acda
:1000f00088bf033c106162948473027c106162a427
:1001000088bf033c1061629401000424c45a827cbd
:10011000106162a481bf023c0300032484fa43ac53
:1001200088bf033c10616294446b027c106162a43e
:1001300081bf023c0300032460fb43ac88bf033c47
:10014000106162940463027c106162a488bf033c66
:1001500030616294010004240463827c306162a4f3
:1001600080bf023c02000324305843ac80bf033cf4
:100170000058628c0484027c005862ac80bf033c4f
:100180001058628c8431027c105862ac80bf033cf2
:100190000058628c010004240442827c005862ac46
:1001a00080bf033c0058628c8431027c005862acf2
:1001b00080bf033c0058628cc45a027c005862ac79
:1001c00080bf033c0058628c8452027c005862acb1
:1001d00080bf033c0058628c44ef027c005862ac44
:1001e00080bf033c0058628c04e7027c005862ac7c
:1001f00080bf033c0058628c01000424c47b827cd5
:10020000005862ac80bf023c2058428c88bf033c3f
:1002100010616294010004248452827c106162a403
:1002200081bf023c0300032404fa43ac88bf033cb3
:100230000010628c010004240463827c001062ac14
:1002400088bf033c0010628c4408027c001062ac42
:1002500088bf033ca010628c0700042484e6827ce3
:10026000a01062ac88bf033ca010628c04ce027c5c
:10027000a01062ac88bf023c00010324341043ace0
:1002800088bf023c00010324681043ac2060624137
:100290001000c0a31c00c227253040000400052424
:1002a0002a0004243a03400f000000000900401017
:1002b00000000000009d023c206d4424a60f400f6a
:1002c00000000000010002241000c2a3050000107d
:1002d00000000000009d023c486d4424a60f400f22
:1002e000000000001c00c2935c8082a31000c29337
:1002f000b400401000000000010002242000c2a34e
:100300001c00c3272000c2270100072425306000fd
:1003100025284000020004247319400f000000004b
:100320001c00c2935c8082a31c00c22725304000c1
:1003300005000524108084279d05400f0000000063
:100340001c00c2935c8082a3700002242000c2a320
:100350001c00c3272000c2270100072425306000ad
:1003600025284000070004247319400f00000000f6
:100370001c00c2935c8082a3009d023c746d4424e7
:10038000a60f400f0000000080bf033c00086294ed
:10039000c47b027c000862a480bf033c0008629416
:1003a0004408027c000862a480bf033c00086294f9
:1003b000c439027c000862a480bf033c0008629438
:1003c000010004240431827c000862a480bf023c46
:1003d0004fc30334200843ac80bf023c100840ac3c
:1003e00088bf023c00020324341043ac80bf033cae
:1003f0000008629401000424c47b827c000862a48b
:1004000088bf033c106162940421027c106162a4e5
:1004100080bf033c00306294c47b027c003062a445
:1004200080bf033c00306294446b027c003062a4c5
:1004300081bf023c050003243cfb43ac80bf033c6e
:10044000003062944429027c003062a480bf033ce7
:1004500000306294c418027c003062a480bf023c69
:10046000103040ac80bf023c203040ac80bf033c29
:1004700000306294060004240410827c003062a4e0
:1004800080bf033c0030629401000424c47b827c62
:10049000003062a488bf033c106162944429027c4e
:1004a000106162a480bf033c00326294c47b027c72
:1004b000003262a480bf033c00326294446b027c31
:1004c000003262a481bf023c0500032440fb43ac20
:1004d00080bf033c003262944429027c003262a453
:1004e00080bf033c00326294c418027c003262a4d4
:1004f00080bf023c103240ac80bf023c203240ac96
:1005000080bf033c00326294060004240410827c05
:10051000003262a480bf033c0032629401000424d4
:10052000c47b827c003262a488bf033c106062906e
:10053000c418027c106062a080bf033c0036629445
:10054000c47b027c003662a480bf033c0036629408
:10055000446b027c003662a481bf023c0500032488
:1005600010fb43ac80bf033c003662944429027cfc
:10057000003662a480bf033c00366294c418027c3b
:10058000003662a480bf023ca60e0324103643aca2
:1005900080bf023ca60e0324203643ac80bf033c40
:1005a00000366294060004240410827c003662a4a3
:1005b00080bf033c0036629401000424c47b827c2b
:1005c000003662a4020002241400c2af508082935d
:1005d0001400c58f1800c68f252040009611400fcb
:1005e0000000000004004010000000000100022490
:1005f00002000010000000002510000025e8c003e4
:100600002c00bf8f2800be8f3000bd270800e003fc
:1006100000000000e8ffbd271400bfaf1000beaf10
:1006200025f0a0031800c4af1c00c5af5080829312
:100630001800c58f1c00c68f252040009611400f62
:100640000000000025e8c0031400bf8f1000be8f1b
:100650001800bd270800e00300000000d0ffbd2700
:100660002c00bfaf2800beaf25f0a0033000c4af00
:100670003400c5af3800c6af1400c0af3400c28f1d
:100680000c00432c1d0160100000000080180200c7
:10069000009d023ca8064224211062000000428c0a
:1006a0000800400000000000fc0a009dfc0a009dbc
:1006b000fc0a009dbc0a009dfc0a009dfc0a009dee
:1006c000fc0a009dfc0a009dd806009d9807009d2d
:1006d000fc0a009d6c0a009d5c80829340004230c1
:1006e000ff0042300d00401000000000009d023c61
:1006f000946d4424a60f400f000000000b0002245c
:100700003400c2af3400c48f3800c58f8501400f5c
:1007100000000000f9000010000000005c808293df
:1007200020004230ff00423009004010000000006d
:10073000009d023cac6d4424a60f400f0000000059
:1007400001000224168082a3ec00001000000000cb
:100750005c80829310004230ff004230080040105d
:1007600000000000009d023cd46d4424a60f400f01
:1007700000000000168080a3e000001000000000d0
:10078000009d023cf86d4424a60f400f00000000bd
:10079000da000010000000001c00c22725284000dd
:1007a000040004243505400f000000001000c2a31f
:1007b000009d023c106e4424a60f400f0000000074
:1007c0001d00c39301000224910062140000000088
:1007d0001e00c2931100c2a31f00c2931200c2a345
:1007e0001100c29325284000009d023c186e44244d
:1007f000a60f400f000000001100c2833300400428
:100800000000000080bf023c203040ac1100c393c8
:1008100025106000401002002110430080210200da
:1008200021104400801002002110430080100200bb
:1008300021104300001102007f00432400004428df
:100840000b106400c31102002310020025184000a1
:1008500050c30234211062002518400080bf023cc2
:10086000203243ac1100c3932510600040100200f9
:10087000211043008021020021104400801002005a
:1008800021104300801002002110430000110200db
:100890007f004324000044280b106400c3110200b1
:1008a000231002002518400050c3023421106200ba
:1008b00025284000009d023c346e4424a60f400fc2
:1008c00000000000310000100000000080bf023c6a
:1008d000203240ac1100c39325106000401002008c
:1008e00021104300802102002110440080100200ea
:1008f000211043008010020021104300001102006b
:100900007f004324000044280b106400c311020040
:1009100025184000ffff023cb03c42342110620029
:100920002518400080bf023c203043ac1100c39327
:1009300025106000401002002110430080210200b9
:10094000211044008010020021104300801002009a
:1009500021104300001102007f00432400004428be
:100960000b106400c311020025184000ffff023c79
:10097000b03c42342110620025284000009d023c1a
:10098000346e4424a60f400f000000001200c293f2
:1009900025284000009d023c486e4424a60f400fcd
:1009a000000000001200c293252040002e22400fbc
:1009b000000000002520400025286000009d023c2a
:1009c000c06e468cc46e478c9018400f000000002b
:1009d0002520400025286000009d023cc86e468c02
:1009e000cc6e478c0413400f00000000252040000f
:1009f000252860004921400f000000002518400014
:100a000080bf023c203643ac3b00001000000000d9
:100a10001d00c393010002240800621000000000c2
:100a200001000524009d023c686e4424a60f400f7f
:100a30000000000030000010000000001000c29311
:100a400001004238ff0042302b004010000000003f
:100a5000009d023c886e4424a60f400f0000000059
:100a600000000000240000100000000088bf023ccd
:100a70003060428c8000427cff00423001004238ee
:100a8000ff00443088bf033c306062908410827c59
:100a9000306062a05e80829301004224ff004230f9
:100aa0005e8082a3320005240f0004246912400fe7
:100ab0000000000011000010000000005e80829322
:100ac0001400422c09004010000000000b0002241a
:100ad0003400c2af3400c48f3800c58f8501400f89
:100ae0000000000005000010000000005e8080a3f0
:100af0000200001000000000000000003000c28f63
:100b00001400c48f1800c38f000044ac040043ac31
:100b10003000c28f25e8c0032c00bf8f2800be8f95
:100b20003000bd270800e0030000000000e85d4140
:100b300000701a4000601b4078ffbd278400bbafe7
:100b400044781b7c001c7b3700609b406c00bfaf6f
:100b50006800beaf6400b9af6000b8af5c00afaf73
:100b60005800aeaf5400adaf5000acaf4c00abafcf
:100b70004800aaaf4400a9af4000a8af3c00a7af0f
:100b80003800a6af3400a5af3000a4af2c00a3af4f
:100b90002800a2af2400a1af121000007400a2af81
:100ba000101800007000a3af25f0a00388bf023c1e
:100bb00000010324341043ac700002241000c2a3cf
:100bc0001400c22701000724253040001000c2276e
:100bd00025284000070004247319400f000000007e
:100be0001400c2935c8082a3080002241800c2afe4
:100bf0001800c48f1c00c58f8501400f0000000045
:100c00000000000025e8c0037400a28f130040001c
:100c10007000a38f110060006c00bf8f6800be8f52
:100c20006400b98f6000b88f5c00af8f5800ae8f42
:100c30005400ad8f5000ac8f4c00ab8f4800aa8f92
:100c40004400a98f4000a88f3c00a78f3800a68fd2
:100c50003400a58f3000a48f2c00a38f2800a28f12
:100c60002400a18f8400bb8f8800bd2700e8dd41f0
:100c700000609b4018000042f8ffbd270400beaf93
:100c800025f0a0030800c4af0800c28f070040147d
:100c90000000000088bf033c30616294c47b027c8a
:100ca000306162a40a000010000000000800c38f39
:100cb00001000224060062140000000088bf033c0b
:100cc0003061629401000424c47b827c306162a4a0
:100cd0000000000025e8c0030400be8f0800bd2707
:100ce0000800e00300000000d8ffbd272400bfafcc
:100cf0002000beaf25f0a003251080002518a0001d
:100d00003000c6af2800c2a3251060002c00c2a38b
:100d10001000c0a33000c68f0f000524dc0504249a
:100d20000505400f000000003000c68f03000524b9
:100d300002000424df03400f000000003000c48fd5
:100d4000cd04400f000000001400c0a31400c2270f
:100d5000010007243000c68f252840001c00042411
:100d60007319400f000000003f0002241400c2a3ca
:100d70001400c227010007243000c68f2528400038
:100d8000010004247319400f000000000300022436
:100d90001400c2a31400c227010007243000c68f2c
:100da00025284000020004247319400f00000000b1
:100db0002c00c2933000c58f252040009304400fc3
:100dc00000000000030002241400c2a31400c22784
:100dd000010007243000c68f2528400003000424aa
:100de0007319400f000000002800c2937f004230ba
:100df000ff0042301400c2a31400c22701000724e0
:100e00003000c68f25284000050004247319400fc8
:100e100000000000700002241400c2a31400c227c6
:100e2000010007243000c68f252840000700042455
:100e30007319400f00000000b103400f00000000d4
:100e4000c803400f000000003000c68f01000524d9
:100e5000040004241004400f000000003000c58f7f
:100e6000252000005b19400f000000003000c28ff9
:100e7000010042901800c2a31800c293080042303b
:100e8000ff00423008004010000000001800c2932c
:100e900004004230ff004230030040100000000018
:100ea000010002241000c2a31000c29325e8c00371
:100eb0002400bf8f2000be8f2800bd270800e0035c
:100ec00000000000e0ffbd271c00bfaf1800beaf50
:100ed00025f0a003e2ff02241000c2a31400c227e1
:100ee00001000624252840001000c22725204000cc
:100ef000c519400f0000000064000424001a400fd0
:100f0000000000000000000025e8c0031c00bf8fa7
:100f10001800be8f2000bd270800e003000000007d
:100f2000e0ffbd271c00bfaf1800beaf25f0a00337
:100f3000e1ff02241000c2a31400c227010006240e
:100f4000252840001000c22725204000c519400f69
:100f50000000000064000424001a400f000000009c
:100f60000000000025e8c0031c00bf8f1800be8fe2
:100f70002000bd270800e00300000000e0ffbd27bf
:100f80001c00bfaf1800beaf25f0a0032000c4af07
:100f90002400c5af2800c6af2800c58f0600042472
:100fa0005b19400f000000002800c28f0100429032
:100fb0001000c2a32400c28f03004230ff00433060
:100fc0001000c2934410627c1000c2a32000c28fa4
:100fd0004210020001004230ff0043301000c29373
:100fe0004429627c1000c2a32000c28f010042305d
:100ff000ff0043301000c293c418627c1000c2a3eb
:101000001000c2931400c2a31400c22701000724d9
:101010002800c68f25284000060004247319400fbd
:10102000000000000000000025e8c0031c00bf8f86
:101030001800be8f2000bd270800e003000000005c
:10104000e0ffbd271c00bfaf1800beaf25f0a00316
:101050002000c4af2510a0002800c6af2400c2a302
:101060001000c0a31000c29301000324c418627cc6
:101070001000c2a32400c29301004230ff0043309d
:101080001000c2938410627c1000c2a31000c293af
:101090008431027c1000c2a31000c2934429027c58
:1010a0001000c2a31000c2930421027c1000c2a34e
:1010b0002000c28f0500422c5100401000000000ab
:1010c0002000c28f80180200009d023ce0104224e4
:1010d000211062000000428c080040000000000067
:1010e000f410009d3011009d6811009da011009d1d
:1010f000d411009d1000c293010003244408627cb7
:101100001000c2a31000c293010003240400627cfb
:101110001000c2a388bf033c306162940100042424
:10112000c47b827c306162a43500001000000000a6
:101130001000c293010003244408627c1000c2a383
:101140001000c2930400027c1000c2a388bf033cbd
:101150003061629401000424c47b827c306162a40b
:1011600027000010000000001000c29301000324bb
:101170004408627c1000c2a31000c2930400027ce9
:101180001000c2a388bf033c3061629401000424b4
:10119000c47b827c306162a4190000100000000052
:1011a0001000c293010003244408627c1000c2a313
:1011b0001000c2930400027c1000c2a388bf033c4d
:1011c00030616294c47b027c306162a40c00001028
:1011d000000000001000c2934408027c1000c2a36b
:1011e0001000c2930400027c1000c2a388bf033c1d
:1011f00030616294c47b027c306162a40000000014
:101200001000c2931400c2a31400c22701000724d7
:101210002800c68f25284000252000007319400fa4
:101220000000000010270424001a400f00000000f6
:101230000000000025e8c0031c00bf8f1800be8f0f
:101240002000bd270800e00300000000e0ffbd27ec
:101250001c00bfaf1800beaf25f0a0032510800012
:101260002400c5af2000c2a32000c2931000c2a377
:10127000010007242400c68f1000c2272528400043
:10128000110004247319400f00000000010007241e
:101290002400c68f1000c227252840001200042415
:1012a0007319400f00000000010007242400c68fbe
:1012b0001000c22725284000130004247319400f92
:1012c00000000000010007242400c68f1000c22780
:1012d00025284000140004247319400f000000006a
:1012e000010007242400c68f1000c22725284000d3
:1012f000150004247319400f0000000001000724aa
:101300002400c68f1000c2272528400016000424a0
:101310007319400f000000000000000025e8c00322
:101320001c00bf8f1800be8f2000bd270800e003ff
:1013300000000000d8ffbd272400bfaf2000beafd3
:1013400025f0a0032800c4af1000c22725284000c4
:101350001d0004245b19400f00000000500002240f
:101360001400c2a3730002241500c2a31400c227f4
:10137000020006242800c58f25204000c519400f13
:10138000000000001800c227252840001d0004248a
:101390005b19400f000000001900c29316004010b6
:1013a00000000000730002241c00c2a31100c393bc
:1013b0001900c29308006214000000001c00c2273c
:1013c000010007242800c68f25284000500004246f
:1013d0007319400f000000001c00c0a31c00c227ae
:1013e000010007242800c68f252840001d00042482
:1013f0007319400f000000000000000025e8c00342
:101400002400bf8f2000be8f2800bd270800e00306
:1014100000000000e0ffbd271c00bfaf1800beaffa
:1014200025f0a003251080002518a0002800c6afd5
:101430002000c2a7251060002400c2a32000c3978b
:101440006210023cd34d42341900620010100000bb
:1014500002110200ffff4230ff004230ffff422432
:101460001000c2a32000c297a10f422c0300401419
:10147000000000000f0002241000c2a31000c2935d
:1014800000110200201c027c2400c283251062008f
:101490002014027cff0042301400c2a31400c227b3
:1014a000010007242800c68f2528400004000424da
:1014b0007319400f000000000000000025e8c00381
:1014c0001c00bf8f1800be8f2000bd270800e0035e
:1014d00000000000c8ffbd273400bfaf3000beaf22
:1014e0002c00b0af25f0a0033c00c5af3800c4a36a
:1014f0002520a003258080001400c0a33800c493d9
:1015000001008424ffff85241800c5af2528800032
:101510002550a00025580000422f0a00c0380b00bb
:101520002538a700c0300a00252880002540a000eb
:1015300025480000422f0800c01809002518a30004
:10154000c01008002510800007004224c2100200cd
:10155000c010020023e8a2031000a22700004224ca
:101560001c00c2af1c00c28f61000324000043a016
:10157000010002241000c2af0900001000000000aa
:101580001c00c38f1000c28f21106200ffff0324d4
:10159000000043a01000c28f010042241000c2af1f
:1015a0003800c2931000c38f2a104300f4ff40108c
:1015b000000000001c00c38f3800c29301004224c9
:1015c000ff004230253040003c00c58f25206000e0
:1015d000c519400f00000000700002242000c2a3c3
:1015e0002000c227010007243c00c68f25284000a8
:1015f000070004247319400f000000003c00c28f54
:101600000100422400004290251840003c00c28f97
:101610000200422400004290211062003c00c38f6f
:101620000300632400006390211043003c00c38f3b
:10163000040063240000639021184300ff0002248b
:101640000300621400000000010002241400c2a381
:101650001400c29325e8000225e8c0033400bf8fc0
:101660003000be8f2c00b08f3800bd270800e0038b
:1016700000000000e0ffbd271c00bfaf1800beaf98
:1016800025f0a0032000c4af2510a0002800c6af9d
:101690002400c2a32800c68f0100052425200000d5
:1016a0001004400f00000000700002241000c2a3cc
:1016b000010007242800c68f1000c22725284000fb
:1016c000070004247319400f000000002400c29397
:1016d000253840002800c68f2000c58f0a0004244a
:1016e0007319400f000000000000000025e8c0034f
:1016f0001c00bf8f1800be8f2000bd270800e0032c
:0417000000000000e5
:020000040000fa
:020000041d00dd
:1017040078ffbd279400a7af0000a28c6c00b3af94
:101714000400d38c1c00a2af0800a28c6400b1affb
:101724006000b0af2000a2af1000a28c8800a4af6c
:101734008c00a5af3400a2af0000c28c0400b18cb1
:101744000c00b08c1800a2af1800a38f2530000045
:101754002538000025206000252860028400bfafe2
:101764008000beaf7c00b7af7800b6af7400b5aff1
:101774007000b4afd51d400f6800b2af0d00400437
:101784000080023c1c00a28f040042303700401449
:101794002000b28f1c00a28f080042300c004010c1
:1017a4002400a2af20000224000002a206000010c0
:1017b400ffff5226269853002d000224000002a2a7
:1017c4002000a28fffff5224010002242400a2afb4
:1017d4002400a38f211803022c00a3af1800a38fa9
:1017e4002600601400f0627ef07f033c2400431462
:1017f400f07f043c9400a28fbfff42241a00422cc5
:101804001c004010019d053c019d053c2493a5242a
:101814002424400f2c00a48fd823400f252000023d
:101824001c00a38f2000a78f8800a48f1000a3aff3
:1018340025280002621e400f253040008400bf8f1f
:101844008000be8f7c00b78f7800b68f7400b58f90
:101854007000b48f6c00b38f6800b28f6400b18fd6
:101864006000b08f0800e0038800bd27d3ff00109c
:101874002b000224e6ff00102893a524f07f043ceb
:10188400010083242b184300050060509400a28fac
:101894000c0044141800a28f0a0040109400a28f78
:1018a400bfff42241a00422c04004050019d053c15
:1018b400019d053cd6ff00102c93a524d4ff0010f5
:1018c4003093a5241800a38f25300000253800008c
:1018d400252060008a1d400f25286002019d173cc9
:1018e400019d033c3000a3af6891f58e6c91f68e98
:1018f4001300401425a000008024400f9400a48ffe
:101904002014027c2800a2af2800a38fa501200682
:1019140067000224570062142800a98f0100205296
:1019240001001124fcff822a030040142a109102b2
:1019340096014014000000005a00001065000924bc
:10194400019d023c70914a8c74914b8c253040016e
:10195400253860012520a0022528c0023800aaaf3e
:101964009018400f3c00abaf1800a48f25386002dc
:1019740025286000253080002520400025f0400007
:101984008a1d400f2800a3af2d00401c2800a38f00
:101994003800aa8f3c00ab8f0100942625a8c00311
:1019a400eaff001025b06000130040102800a28f49
:1019b400110040141800a38f3800a68f2528600258
:1019c4002538c0039018400f252060004800a68fda
:1019d4005000a78f2520a0022528c0021800a2af1e
:1019e4009018400f2598600025a8400001000224ab
:1019f40025b060002800a2af4000a68f4400a78f46
:101a04002520a002780e400f2528c00225a84000fa
:101a140025b06000ffff94261800a38f2530a00294
:101a24002538c00225206000d51d400f25286002fe
:101a3400ddff4204d4fe822aafff00100000000044
:101a4400019d023c7891438c7c915e8c3000a28f86
:101a54003800a3af4800a3af7491438c7091428cbb
:101a64002800a0af5000beaf4000a2afeaff0010b4
:101a74004400a3af660002240a00221501003126a7
:101a8400040081062800a38f6891f58e6c91f68e70
:101a940025a00000670002240200621066000924e9
:101aa400218834021800ac8f2558a0022550c002aa
:101ab40025b86002257000002530600125384001fa
:101ac400252080012528e0025c00a9af5800aeafb4
:101ad4005000abaf5400aaaf780e400f4800acaf33
:101ae40025204000201e400f252860002528600086
:101af400252040004400a3af2521400f4000a2afa1
:101b04004000ac8f4800af8f5400aa8f5000ab8fb9
:101b14004400ad8f25f0e0020080173c2620fe0231
:101b240025306001253840012528a0011000afaf01
:101b34001400a4af252080014800aaaf070a400f73
:101b44003800a2af4000a2af25f040003000a28fc1
:101b54005000ab8f4800aa8f7091468c7491478ccb
:101b64002520600125284001780e400f26b8e302a5
:101b74005800ae8f25584000255060000100ce2546
:101b84004000ac8fccff2e165c00a98f019d023c57
:101b94008091468c8491478c252060012528600023
:101ba4009018400f4800a9af253040002538600048
:101bb4002520c0032528e0024000a2afd51d400f18
:101bc4004400a3af100040044800a98f4000aa8f2e
:101bd4004400ab8f2520c003253040012538600127
:101be4008a1d400f2528e0024000aa8f4400ab8fd5
:101bf400070040144800a98f3800a28f010042302a
:101c0400040040141800a38f25500000255800003c
:101c14001800a38f25304001253860012528600273
:101c2400252060000413400f4800a9af25f04000b0
:101c34001800a2af3000a28f2520a0022528c002e0
:101c44007091468c7491478c25b860009018400fb1
:101c54003800a3af252040002530c0032538e0021a
:101c64002528600025984000d51d400f4000a3aff3
:101c74005400401c4800a98f6600022401009426e9
:101c8400520022154000ab8f0100312625b080029e
:101c94002400b58f2310d1024000a2af25f000002c
:101ca400258800004000a28f0700561025b8a00226
:101cb4008c00a28f1000428cfbff42242b10a20246
:101cc400470040141800a38f070020161c00a28fa1
:101cd400100042300400401021b817022e000224e4
:101ce4000100b5260000e2a22120150265000224ad
:101cf40022002215000080a00300810625180000a0
:101d040023a01400010003243400a28ffeff4a26fe
:101d14000a000724ffff4224212802020000a0a099
:101d24000200052488008016219045018600a01c2d
:101d34002d0006242b0005240b28c3002518a00021
:101d440021280202ffffa3a09400a38f45000524cd
:101d5400feff4224bfff63241a00632c0b48a30038
:101d64002aa8a202212802020000a9a00300a012ae
:101d7400feff52262424400f000000001c00a28f06
:101d84000200032403004230a3fe431400000000b9
:101d9400a1fe401a00000000d823400f25200002b5
:101da4002400a38f2a1843007100601025304002dc
:101db4002c00a48f1a24400f3000052496fe001036
:101dc4002000a0af2598a0022558c002650036392e
:101dd400251080020a101600adff001025b0400047
:101de4003800a28f2538600125306002252060006c
:101df400252840005400a9af780e400f5000abaf27
:101e040025204000201e400f25286000252040008a
:101e1400252860004c00a3af2521400f4800a2af45
:101e24000a004428090003240a1064001c00a38f3c
:101e34004800ae8f4c00af8f10006330251862004d
:101e44005000ab8f0c0060145400a98f2800a48f9d
:101e54006700032408008314000000001d00c0066e
:101e64000100d7272518a0022120150225b8c00398
:101e74000e00001030000524fbff20162518a002d8
:101e8400faffc3062120150221b817022e000324ed
:101e94000100b526ffff52260000e3a2f1ff001067
:101ea40001001124fffff72601008424fdffe05602
:101eb400000085a0ffff52260100b5262118030269
:101ec40023905e0221a8be023000422421f07e004d
:101ed4000000c2a33800a28f1800a58f00801e3c0a
:101ee4002620c20325306002253860011000a5af0a
:101ef4001400a4af2528e0012520c0015000a9af9b
:101f0400070a400f4800abaf1800a2af2610c30366
:101f14003800a2af3000a28f4800ab8f25206002aa
:101f24007091468c7491478c25286001780e400f7f
:101f3400ffffd626259840002558600025f0e002d2
:101f440058ff00105000a98f1a008702f401e00026
:101f5400ffff422421580202ffffa5241030000095
:101f64003000c624000066a16eff001012a000001d
:101f74002118020200006480211842022118030281
:101f8400000064a086ff0010ffff4224c1fe81060a
:101f94002800a38fb7fe00106600092461fe00101c
:101fa400060011245ffe621006001124b1fe001029
:041fb400254860005c
:020000040000fa
:020000041d00dd
:101fb8000400a28c70ffbd278000b6af1c00a2af42
:101fc8000800a28c7c00b5af0000d68c0400d58c2c
:101fd8001800a2af1000a28c8800beaf6c00b1af91
:101fe8006800b0af9000a4af2588e0000000be8c68
:101ff8000c00b08c25300000253800002520c002d8
:102008002528a0028c00bfaf8400b7af7800b4af1a
:102018007400b3af7000b2afd51d400f4000a2af3f
:10202800080040040400c233340040140800d433cc
:102038001800a28f0b0080123000a2af040000101d
:10204800200002240080023c26a855002d0002240e
:10205800000002a21800a28f01001424ffff4224ee
:102068003000a2afbfff232600f0a27e2500c016d5
:102078002000a3aff07f033c23004354f07f053cce
:102088002000a28f019d113c212014021a00422c2d
:102098000300401018932526019d053c1493a524a0
:1020a8002424400f0000000018932426d823400f52
:1020b800000000001800a78f9000a48f1000beaf8a
:1020c80025280002621e400f253040008c00bf8f7b
:1020d8008800be8f8400b78f8000b68f7c00b58fd4
:1020e8007800b48f7400b38f7000b28f6c00b18f1a
:1020f8006800b08f0800e0039000bd27d4ff0010ef
:102108002b000224f07f053c2000a48f0100a324ab
:102118002b18430021b81402050060101a00842c03
:102128000c004514300002240b00c0125800032490
:10213800019d113c0300801020932526019d053c3c
:102148001c93a5242424400f2520e002d7ff00106b
:1021580020932426580003240000e2a278000224d9
:102168000b10640025300000253800002520c0022f
:102178002528a0028a1d400f4400a2af019d033c00
:10218800259800004090718c150140144490728c81
:102198001c00a28f1c00a48f1800032400004228f2
:1021a8000a1882004400a28f3800a3af25482002f5
:1021b8000100e2a2010062244400a2af25404002cf
:1021c8002800b6af2400b5af25b800002800ab8fb3
:1021d8002400aa8f253020012520600125284001f0
:1021e800253800012400abaf2800aaaf5400a9afde
:1021f800780e400f5000a8af25204000201e400f49
:10220800252860005400a98f5000a88f2520400081
:102218002530200125380001252860005800a9af85
:102228005400a8af4800a2af9018400f4c00a3afcd
:102238002400ab8f2800aa8f25304000252060019c
:10224800252840010213400f25386000019d0c3cf1
:102258005800a98f5400a88f5890868d5c90878d60
:1022680025202001252800012800a2af6000a2af88
:102278002400a3af5c00a3af9018400f5000acaf90
:10228800254840001c00a28f254060000d00410435
:102298000100f7266000ab8f5c00aa8f2530000094
:1022a8002538000025206001252840015400a9afe9
:1022b8008a1d400f5800a3af5400a98f0500401095
:1022c8005800a88f4400a28fc0ff57143800a28f6f
:1022d80001005724019d023c6090468c6490478c15
:1022e800252020019018400f2528000125304000a6
:1022f800253860003800a2af3c00a3af2400a28fad
:102308002800a38f25284000d51d400f25206000f8
:10231800150040043800a88f3c00a98f2800a38f1f
:102328002400a28f253000012538200125206000d7
:102338008a1d400f252840003800a88f0c00401443
:102348003c00a98f4800a48f4c00a58f2800a8af97
:102358002521400f2c00a9af010042302800a88f8a
:10236800030040142c00a98f2540000025480000d8
:1023780025300001253820012520c0020413400f14
:102388002528a0022400a3af020094262800a2afab
:102398000400401400f0637cf07f023c39ff6210b7
:1023a8002000a28f3000a28f25a8800225480000b7
:1023b800feff4a24231017003800a2af25b80000fa
:1023c80025b000004000a28ffbff42242b10a20280
:1023d800370040102568a0022800a38f2400a28f90
:1023e800253020022538400225206000252840009d
:1023f8005400aaaf4400a9af780e400f4800adaf13
:1024080025204000201e400f252860002520400080
:10241800252860003000a2af2521400f3400a3af6b
:102428004800ad8f4400a98fb50040145400aa8f0e
:10243800bc00c0522bb81700010029253000a48f1a
:102448003400a58f25302002253840024400aaaf69
:102458009018400f4800a9af25304000253860008b
:102468002400a28f2800a38fffffd626252840002e
:102478000213400f252060002800a2af5000a28f51
:1024880025202002252840025890468c5c90478cd5
:102498009018400f2400a3af258840003800a28f71
:1024a800259060004800a98fc6ff56144400aa8fe3
:1024b8001400e01621201502cf002011211015026a
:1024c8001c00a38fcc0060180100c333ca0060143d
:1024d8002e000324000043a021183501211803020f
:1024e80030000424010044a001004224fdff4314ed
:1024f80021403501274809000100152521502a01ee
:1025080021201502000080a00300610625180000a4
:1025180023981300010003244000a28fffff4a25df
:1025280001000924ffff4224212802020000a0a084
:102538000a000724010005249e0060162188450131
:102548009c00a9102d0006242b0005240b28c3008d
:102558002518a00021280202ffffa3a02000a38fb6
:1025680050000624700005241a00632c0b28c300b1
:10257800feff42242518a000212802022a10a202e8
:10258800030040100000a3a02424400f0000000016
:102598000300c233020003240c004314feff32265a
:1025a800c2fe401a25200002d823400f2520000231
:1025b8002a18540089006010253040023000052494
:1025c8001a24400f212014021800a0afb7fe0010f3
:1025d800252000020100732625882001259060002f
:1025e8002530200225384002252020020413400f00
:1025f8002528400225386000253040002520c002eb
:102608002528a0022800a3afd51d400f2400a2afa3
:102618002800a38fefff41042400a98f019d023ced
:102628004890438c4c90428c2800a3af2400a2af62
:10263800019d023c5090438c5490428c3800a3afcb
:102648004800a2af4800a28f5000a3af5400a2af29
:102658002800a28f5800a2af2400a28f5c00a2af6e
:1026680025302002253840022520c002d51d400f04
:102678002528a002c6fe41042800a68f2400a78fa3
:10268800252020029018400f2528400225204000d0
:1026980025300000253800008a1d400f25286000dd
:1026a8000e0040143800a68f4800a78f252020026e
:1026b8009018400f252840025000a68f5400a78f7d
:1026c8002520c0022528a002258840009018400f28
:1026d8002590600025b0400025a860005800a68f0e
:1026e8005c00a78f252020029018400f2528400263
:1026f8002588400025906000d9ff0010ffff732651
:102708000900e0162518a0020700c01221680d0272
:102718002e0003240100b526ffff4a250000a3a1cf
:10272800010017242518a0022128150225202001c0
:1027380004000010300006240000a6a0ffff842437
:102748000100a524fcff80140100a826ffff4a25ec
:102758002350490121a80901214823010a004328df
:102768002148090202006010570044243000442424
:102778002000a28f1a00422c0b0040102000823447
:102788009fff42241a00422c08004050000024a158
:102798004400a9af8e24400f4800aaaf4400a98f77
:1027a8004800aa8f25204000000024a123ff001024
:1027b800254800001a006702f401e000ffff4224e8
:1027c80021580202ffffa524103000003000c62463
:1027d800000066a158ff001012980000211802029c
:1027e800000064802118220221180302feff64a061
:1027f8006fff0010ffff42241000c33341ff601039
:10280800212015022e0003240100b5263cff0010ec
:04281800000043a0d9
:020000040000fa
:020000041d00dd
:10281c0078ffbd278800a4af9000a6af9400a7afa7
:10282c00253080002538a0003000a4278400bfafdd
:10283c008c00a5af8000beaf6c00b3af6800b2af28
:10284c009c00b38f9800b28f7c00b7af7800b6af06
:10285c007400b5af7000b4af6400b1af8620400f08
:10286c006000b0af9000a68f9400a78f8620400f19
:10287c002000a42725304002253860028620400f16
:10288c001000a4273800be8fcb03c22b06004010cb
:10289c009000a68f2800af8fcb03e2290e004014c6
:1028ac001800a68f9000a68f9400a78f8800a48f85
:1028bc009018400f8c00a58f253040002538600003
:1028cc00252040020413400f25286002259040006b
:1028dc000600001025986000cb03c228110040149c
:1028ec00cb030224f0ffc2149000a68f8400bf8f8c
:1028fc0025104002251860028000be8f7c00b78f27
:10290c007800b68f7400b58f7000b48f6c00b38fe5
:10291c006800b28f6400b18f6000b08f0800e003d4
:10292c008800bd273000a28f2000ac8f2400a48f1c
:10293c003400b88f19004c0021f0cf032388de003f
:10294c00104800004400a9af124000004000a8af9e
:10295c004000a98f1900440012100000101800004c
:10296c0019000c031260000021704c002b28c201ce
:10297c00106800004400a28f21686d001900040348
:10298c004400a38f2170c2012128ad002b20c3016c
:10299c0012c00000212805032b10b8002120a40030
:1029ac0010c80000211059002b28850025808000bc
:1029bc00ad00201a21b0a2004000222a1000af8fd7
:1029cc00790040101400b78f2520e0012528e00283
:1029dc00253020025400aeaf5000a9afb123400ff8
:1029ec004c00afaf4c00af8f400006242528e0020e
:1029fc002520e0012330d1004800a2afa223400fd4
:102a0c004000a3af4000b88f4800a78f5000a98f9b
:102a1c005400ae8f2578400025b860002c00a28fa2
:102a2c003c00b18f268822021c00a28fb9005114e1
:102a3c002150e9002b90470121700e0321a04e027a
:102a4c002b10980225a84001060040140100062412
:102a5c00030014172b3847010300e0142158f00130
:102a6c00253000002158f0012b786f012110f6025f
:102a7c002158cb002110e2012b30660121c8c20085
:102a8c0025206001252820034800abaf6922400fa8
:102a9c004000b9afffff5324400006242330d3007d
:102aac002520a002a223400f252880024800ab8fce
:102abc004000b98f253060022520600125282003b5
:102acc0025804000b123400f259060002530600226
:102adc002520a0022528800225800202b123400f68
:102aec0025904302251043002b1002004000de27e6
:102afc002580020225200002050020122528400214
:102b0c00232010002b100400232812002328a200dd
:102b1c004c22400f23f0d30325b04000c4fbc22b42
:102b2c00fc00401025b86000c3fb0224ff00c21754
:102b3c0080251000b8002012019d023c9091548c0d
:102b4c009491558c2530c0022538e0022520800256
:102b5c008a1d400f2528a002b3004014019d023ca1
:102b6c009891468c9c91478c2520c0029018400f60
:102b7c002528e00225286000a21e400f25204000d9
:102b8c005b20400f25204000019d043ca091868cc9
:102b9c00a491878c252860009018400f25204000b8
:102bac004bff001025904000c0ff3126c0ffde24f3
:102bbc002538000099ff201225c000004000222a71
:102bcc004c0040104000a48f40000b24235871018e
:102bdc00253060012528c0015800b8af5400a7afbc
:102bec005000afaf4c00abafb123400f4800aeafbd
:102bfc004800ae8f4000a48f251043002528c0014b
:102c0c0025302002a223400f2ba802004c00ab8fd2
:102c1c00252000022528c0022530600125a0600077
:102c2c00b123400f25a8a2022548a20225708302d9
:102c3c00252000022528c002253020024800a9af1b
:102c4c00a223400f4000aeaf2580400025b06000ad
:102c5c004000ae8f4800a98f5000af8f5400a78f53
:102c6c006eff00105800b88f2388c603050020168d
:102c7c001000a78f1400b88f2578000067ff001094
:102c8c0025b800004000222a1f0040101000aa8f17
:102c9c001400ab8f4000062425204001252860013c
:102cac002330d1004c00aeaf4800a9af4000aaaf12
:102cbc00b123400f4400abaf4000aa8f4400ab8f50
:102ccc0025104300253020022520400125286001d5
:102cdc00a223400f2ba002002538820225c06000e1
:102cec002578000025b800004800a98f4bff001084
:102cfc004c00ae8f010009242570000025800000d7
:102d0c0046ff001025b0000001000724daff001078
:102d1c0025c00000235027012b182a012340d8017d
:102d2c0023a003012b10d40125a8400101001f246e
:102d3c00060040142530000004008e5625f80000d3
:102d4c000300601423180f0225f8000023180f024b
:102d5c002bc803022310d7022310590023587f00dd
:102d6c002b186b002310460023c8430013002107c7
:102d7c002350e9002b38ea0023400e032320f001f6
:102d8c0023a007012b78e4012310f60225585401e7
:102d9c0021f89f0023104f002b580b002b20e4032d
:102dac00211046002358eb03211082002bf8eb0373
:102dbc0025a8400123c85f000100312e25107901a0
:102dcc002fff40142510b402b6fe40102520a0029f
:102ddc006922400f25288002ffff5324070061065b
:102dec00c017140042801500258050000100aa3243
:102dfc0025800a023fff001042901400253060022b
:102e0c002520a002b123400f2528800225804000f8
:102e1c0038ff001025906000019d023c8891548c75
:102e2c0048ff00108c91558c401510003900401053
:102e3c00c017120042201000252044004228120026
:102e4c00010010320040023c2520900005002012a9
:102e5c0025284500232004002b10040023280500fe
:102e6c002328a2004c22400f000000002530400017
:102e7c0025386000252040000413400f25286000f1
:102e8c0025204000253080022538a0020213400f77
:102e9c002528600025804000019d023ca091468cb5
:102eac00a491478c25200002252860009018400f23
:102ebc002588600025304000253860002520400022
:102ecc009018400f2528600025300002253820027c
:102edc002520000225282002259040000213400fd7
:102eec0025986000253040002538600025204002e0
:102efc009018400f25286002252040002530000244
:102f0c00253820020413400f2528600025b040000e
:102f1c0025b860002530c0032520c0021f1f400fbc
:102f2c002528e0026afe0010259040008015120052
:102f3c0082821000258050002b2004002520900058
:102f4c0025284002821504000448057c25284500ec
:102f5c000500201280220400232004002b10040002
:102f6c00232805002328a2004c22400f000000005b
:082f7c00e7ff001025b0400042
:020000040000fa
:020000041d00dd
:102f840018ffbd27dc00b4afd800b3afd400b2af94
:102f9400d000b1afe400bfafe000b5afcc00b0af3c
:102fa400259080002588c000b800a5af25980000b2
:102fb400019d143cb800a58f0000a280e4004010dd
:102fc400ffff02249c00a2af1800a227a400a2af16
:102fd400800002249800a0afa000a0afa800a2af78
:102fe40025800000250003242110b0000000428049
:102ff4000300401000000000fbff435401001026b2
:1030040006000012253000020121400f2520400255
:10301400b800a28f21105000b800a2afb800b58f3d
:10302400250002240000a382c20062140100b52618
:10303400b800b5af2b0005242d000624300003246e
:103044002000072423000824b800a48f00008280f5
:103054001b0045509800a28f2c0049281e00201107
:1030640000000000180047509800a28f1800485034
:103074009800a28f2a0003241e0043500000228ed1
:10308400f121400f00000000a000a2afb800a38f00
:1030940000006280d0ff42240a00422c210040102c
:1030a40001006324f9ff0010b800a3af010042340b
:1030b400010084249800a2afe3ff0010b800a4af7d
:1030c400fbff001004004234f9ff001008004234f2
:1030d400f7ff001010004234f4ff46509800a28f0e
:1030e400e5ff43542a0003249800a28ff0ff001048
:1030f4000200423401008424b800a4af0400432435
:103104000000428c000023ae06004104a000a2afe0
:103114009800a38f23100200a000a2af010063381f
:103124009800a3af9800a28f010043300200601002
:103134004408027c9800a2afb800a28f2e0003249a
:10314400000044800d008314010044249c00a0afbf
:10315400b800a4af010045802a0003242300a3146f
:1031640002004224b800a2af0000228e04004324cf
:103174000000428c000023ae9c00a2afcb22400f83
:10318400b800a427c000a2afb800a28f8024400fcb
:10319400000044806900032477004310c000a58f19
:1031a4006a0043282f00601063000324be0043100c
:1031b400640043281800601025000324cb0043104a
:1031c400610003244f00435025302002ffff0224f6
:1031d400b800b5af9800a0afa000a0af9c00a2af0c
:1031e4001000a0afc900001025380000f121400fe5
:1031f400000000009c00a2afb800a38f0000628012
:10320400d0ff42240a00422cdcff4010010063245a
:10321400f9ff0010b800a3af640003245600431064
:1032240068004228eaff4010ffff022425302002f4
:10323400f622400fb000a42797004010b800a28fd8
:10324400b000a6279800a52701004324b800a3af27
:1032540000004780c105400f2520400235000010c2
:1032640021800202700003246e0043107100432881
:10327400130060106e000324830043106f000324c6
:10328400d3ff4314ffff0224253820022530000019
:10329400241c400fb000a4277f004010b800a28f68
:1032a400b000a6279800a52701004224252040024b
:1032b400e21e400fb800a2af1e00001021800202df
:1032c400750003243a004310780003244600431099
:1032d40073000324bdff4314800002246e00a21473
:1032e400b800a28f2538000001004224b800a2af24
:1032f4000000228e04004324000023ae7600001058
:103304000000468cf622400fb000a4276200401053
:10331400b800a28fb000a6279800a5270100432477
:10332400b800a3af00004780ee07400f25204002fd
:1033340021800202218070022a9813027700601211
:1033440000a0023c4f0003249c0543acffff132460
:10335400e400bf8f25106002e000b58fdc00b48f5d
:10336400d800b38fd400b28fd000b18fcc00b08f0f
:103374000800e003e800bd272538200201000624e8
:10338400241c400fb000a42743004010b800a28fb3
:10339400b000a6279800a52701004224252040025a
:1033a400e71c400fb800a2afe2ff00102180020228
:1033b4002538200225300000241c400fb000a4272b
:1033c40035004010b800a28fb000a6279800a527aa
:1033d40001004224252040022c20400fb800a2af57
:1033e400d4ff00102180020225382002253000007d
:1033f400241c400fb000a42727004010b800a28f5f
:1034040001004324b800a3af00004780b000a62702
:103414009800a527b91a400f25204002c5ff0010c7
:10342400218002022538200225300000f000052406
:10343400241c400fb000a42717004010b800a28f2e
:10344400b400a38f01004224b800a2afb000a28f41
:1034540025104300edff401478000724d823400fc3
:10346400549384269800a38fa000a78f2530400092
:103474001000a3af54938526621e400f25204002fe
:10348400acff001021800202253820022130700296
:103494005b1f400fb000a427b800a28f0100422494
:1034a400a4ff0010b800a2af80000224faffa21407
:1034b400b800a28f01000724b000a627010042240f
:1034c400b800a2af0000228e040043240000428c06
:1034d400000023aeb000a2a39800a527b020400f9f
:1034e4002520400293ff0010218002028000022464
:1034f400e9ffa214b800a28fa000a78f0100422404
:10350400b800a2af9800a28f1000a2af019d053ca5
:1035140001000624d8ff00105c93a524a5fe00102a
:0435240025980002e4
:020000040000fa
:020000041d00dd
:10352800e8ffbd271400bfaf1000beaf25f0a00311
:103538001800c4af1800c48f5f0e400f00000000d1
:103548000e004010000000001800c28f0800428cd6
:10355800010043241800c28f080043ac1800c28f32
:103568000800438c1800c28f0c00428c03006214c0
:10357800000000001800c28f080040ac1800c28f7d
:103588000400428c010043241800c28f040043ac9d
:103598001800c28f0400438c1800c28f0c00428ca4
:1035a80003006214000000001800c28f040040ac41
:1035b8000000000025e8c0031400bf8f1000be8f74
:1035c8001800bd270800e00300000000f8ffbd2731
:1035d8000400beaf25f0a0030800c4af0800c28fe6
:1035e8000800428c010043240800c28f080043ac45
:1035f8000800c28f0800438c0800c28f0c00428c60
:1036080003006214000000000800c28f080040acec
:103618000000000025e8c0030400be8f0800bd2795
:103628000800e00300000000e0ffbd271c00bfaf5a
:103638001800beaf25f0a0032000c4af2400c5af1a
:103648004c8082930019020000a0023c78054224b5
:10365800211062001000c2af4c8082930100422406
:10366800ff0042304c8082a31000c28f2000c38f1d
:10367800000043ac1000c28f2400c38f0c0043ac81
:103688001000c48fac0d400f000000001000c28f66
:1036980025e8c0031c00bf8f1800be8f2000bd277f
:1036a8000800e00300000000f8ffbd270400beafdb
:1036b80025f0a0030800c4af0800c28f040040ac86
:1036c8000800c28f080040ac0000000025e8c003d5
:1036d8000400be8f0800bd270800e00300000000ba
:1036e800e0ffbd271c00bfaf1800beaf25f0a00348
:1036f8002000c4af2000c28f0c00428c1000c2af63
:103708002000c48f5f0e400f000000000100423807
:10371800ff00423019004010000000002000c28f56
:103728000400438c2000c28f0800428c2b106200da
:1037380009004014000000002000c28f0400438ce0
:103748002000c28f0800428c231062001000c2af14
:103758000a000010000000002000c28f0c00438cfb
:103768002000c28f0400428c211862002000c28f02
:103778000800428c231062001000c2af1000c28ff4
:1037880025e8c0031c00bf8f1800be8f2000bd278e
:103798000800e00300000000f8ffbd270400beafea
:1037a80025f0a0030800c4af0800c28f0c00428cab
:1037b80025e8c0030400be8f0800bd270800e00309
:1037c80000000000e8ffbd271400bfaf1000beaf27
:1037d80025f0a0031800c4af2510a0001c00c2a348
:1037e8001800c28f0000438c1800c28f0400428c5e
:1037f800211062001c00c393000043a01800c48f6e
:103808004a0d400f000000000000000025e8c0033a
:103818001400bf8f1000be8f1800bd270800e003fa
:1038280000000000e0ffbd271c00bfaf1800beafbe
:1038380025f0a0032000c4af2510a0002400c2a3d7
:10384800ffff02241000c2af2000c48f5f0e400f9c
:103858000000000001004238ff0042300c00401018
:10386800000000002000c28f0000438c2000c28f9f
:103878000400428c211062002400c393000043a07e
:103888002000c48f4a0d400f000000001000c0af98
:103898001000c28f25e8c0031c00bf8f1800be8f20
:1038a8002000bd270800e00300000000e0ffbd275e
:1038b8001c00bfaf1800beaf25f0a0032000c4afa6
:1038c8002400c5afffff02241000c2af2000c48f40
:1038d8004f0e400f0000000001004238ff00423048
:1038e8000d004010000000002000c28f0000438c33
:1038f8002000c28f0800428c211062000000439013
:103908002400c28f000043a02000c48f750d400f13
:10391800000000001000c0af1000c28f25e8c003ef
:103928001c00bf8f1800be8f2000bd270800e003d1
:1039380000000000f8ffbd270400beaf25f0a0037b
:103948000800c4af0800c28f0400438c0800c28f6f
:103958000800428c261062000100422cff00423011
:1039680025e8c0030400be8f0800bd270800e00357
:1039780000000000f0ffbd270c00beaf25f0a0033b
:103988001000c4af1000c28f0400428c0100422412
:103998000000c2af1000c28f0c00428c0000c38f21
:1039a80002006214000000000000c0af1000c28fc7
:1039b8000800428c0000c38f261062000100422cd0
:1039c800ff00423025e8c0030c00be8f1000bd2761
:0839d8000800e00300000000fc
:020000040000fa
:020000041d00dd
:1039e0004050050042550a00c04a0500427d0400cf
:1039f00025482f01c042040000800e3c25482e01be
:103a000040680700426d0d00c0620700427d06005d
:103a100025608f01c05a060025608e012628a70068
:103a20002428ae00ffff4f25fe07e12dcb0020101c
:103a300000000000ffffaf25fe07e12df40020107d
:103a40000000000023504d01ff034a2542400800ba
:103a5000c07f090025400f0142480900023c0c00cc
:103a6000f401e0001b002701127000001048000064
:103a7000ffff86311900ce0012200000004c090023
:103a8000027c080025482f012b7824010600e01154
:103a900023482401ffffce2521482c012b082c01af
:103aa000fcff201000000000f401e0001b002701d3
:103ab00012380000104800001900c7001220000052
:103ac000004c0900ffff0f3125482f012b782401fe
:103ad0000600e01123482401ffffe72421482c01c0
:103ae0002b082c01fcff20100000000000740e00c9
:103af0002170c7011900cb0112380000102000000e
:103b0000000008242b780701234007012b102f0108
:103b100023482f012b7824012578e2010b00e011c6
:103b200023482401ffffce2521400b012b780b01f8
:103b300021482c0121482f0102002c110000000017
:103b40002b782c01f7ffe0110000000006002c1577
:103b50000000000025200b002548080000000d246f
:103b60002a00001025380d00023c0c00f401e00092
:103b70001b0027011268000010480000ffff86317b
:103b80001900cd0012200000004c0900027c080042
:103b900025482f012b7824010600e0112348240139
:103ba000ffffad2521482c012b082c01fcff201024
:103bb00000000000f401e0001b00270112380000a3
:103bc000104800001900c70012200000004c090036
:103bd000ffff0f3125482f012b7824010600e0114b
:103be00023482401ffffe72421482c012b082c0146
:103bf000fcff201000000000006c0d002168a701f0
:103c00001900ab0112380000102000000000082449
:103c10002b780701234007012b102f0123482f0188
:103c20002b7824012578e2010b00e01123482401c0
:103c3000ffffad2521400b012b780b0121482c0102
:103c400021482f0102002c11000000002b782c01cc
:103c5000f7ffe011000000000600c00500000000b2
:103c60002a78a0012168ad012170ce012170cf0119
:103c7000ffff4a25257828010200e011000000001e
:103c80000100ad3525480e0025400d00ffff4f25f2
:103c9000fe07e12d1500201000000000000408259b
:103ca00000040f2d21482f012b782f0121504f01a7
:103cb000c27a08000100ef3123400f01c222080040
:103cc000407d090025208f0040780900027b0f000d
:103cd0002528af00007d0a002528af00251004002c
:103ce000251805000800e003000000004400401d06
:103cf0000000000001000e242370ca012000c12d25
:103d00000700201400000000e0ffce212b20080057
:103d10000d00091025402401f8ff001000000934af
:103d20000900c0110000000022300e000420c8006d
:103d30000430c9000640c8010648c90102008010cd
:103d40002540c800020008350004082500040f2d96
:103d500021482f01d6ff0010c25709002a78000120
:103d600021400801214829011700401521482f0151
:103d7000257828011400e01100000000080020153b
:103d800000000000030000150000000029ff0010e3
:103d900000000a242548000100000824e0ff4a250d
:103da00020702e7123ffc0110000000023504e012f
:103db00022300e000630c8000440c8010448c90182
:103dc0001cff00102548260105004d1500000000cd
:103dd00040780c002578eb012b00e011000000007a
:103de000ff0701240a00a11100000000bbff4011e1
:103df00000000000257828012300e01500000000e5
:103e0000f07f013c2528a100b4ff0010000004242d
:103e10002a78600121586b0121608c011700a015e0
:103e200021608f0125788b01f5ffe0110000000073
:103e3000080080150000000003006015000000006d
:103e400000ff001000000d242560600100000b241d
:103e5000e0ffad2520708e71fafec0110000000059
:103e60002368ae0122300e000630cb000458cb018f
:103e70000460cc01f3fe00102560860125788b01db
:103e80000200e01100000000f8ff053c93ff001065
:083e9000000004240000000002
:020000040000fa
:020000041d00dd
:103e980058ffbd27a400bfafa000beaf25f0a00308
:103ea800a800c4afac00c5afb000c6afb400c7af80
:103eb800ac00c2271c00c2af2400c2272000c2af3a
:103ec8002000c28f000040a0a100001000000000e8
:103ed800a800c28f00004380250002240b00621056
:103ee80000000000a800c38f01006224a800c2af30
:103ef8002000c28f010044242000c4af000063806a
:103f0800000043a09200001000000000a800c28f2b
:103f180001004224a800c2afa800c28f000042805e
:103f280064000324170043100000000065004328c4
:103f38000900601000000000250003246a004310f7
:103f4800000000006300032441004310000000004b
:103f58006c00001000000000750003242f004310bf
:103f680000000000780003241f0043100000000038
:103f7800730003244100431000000000610000109a
:103f8800000000001c00c28f040043241c00c3afc3
:103f98000000428c1400c2af1400c28f0900410413
:103fa800000000002000c28f010043242000c3af9e
:103fb8002d000324000043a01400c28f2310020028
:103fc8001400c2af1400c28f2000c3270a000624c1
:103fd80025284000252060008010400f00000000c8
:103fe80058000010000000001c00c28f0400432489
:103ff8001c00c3af0000428c1800c2af2000c227cb
:10400800100006241800c58f252040008010400f9e
:10401800000000004b000010000000001c00c28fd0
:10402800040043241c00c3af0000428c1800c2af38
:104038002000c2270a0006241800c58f252040004a
:104048008010400f000000003e000010000000003b
:104058001c00c28f040043241c00c3af0000448c22
:104068002000c28f010043242000c3af201c047c21
:10407800000043a033000010000000001c00c28fa5
:10408800040043241c00c3af0000428c1000c2afe0
:104098001000c28f0e00401400000000019d023c79
:1040a800c89142241000c2af0900001000000000af
:1040b8001000c38f010062241000c2af2000c28f1d
:1040c800010044242000c4af00006380000043a026
:1040d8001000c28f00004280f5ff4014000000006d
:1040e80018000010000000002000c28f01004324c7
:1040f8002000c3af25000324000043a011000010d6
:10410800000000002000c28f010043242000c3af3c
:1041180042000324000043a02000c28f0100432472
:104128002000c3af41000324000043a02000c28f39
:10413800010043242000c3af44000324000043a02f
:1041480000000000a800c28f01004224a800c2afee
:10415800a800c28f000042805dff401400000000ec
:104168002000c28f000040a02400c2272000c2af58
:1041780016000010000000002000c28f00004380dd
:104188000a00022408006210000000002000c28f0c
:1041980000004280252040004124400f000000001c
:1041a80007000010000000000d0004244124400f07
:1041b800000000000a0004244124400f0000000011
:1041c8002000c28f010042242000c2af2000c28f0d
:1041d80000004280e8ff40140000000000000000da
:1041e80025e8c003a400bf8fa000be8fa800bd278c
:1041f8000800e00300000000e0ffbd271c00beaf80
:1042080025f0a0032000c4af2400c5af2800c6af26
:104218001300c0a32400c28f0c004014000000004b
:104228002000c28f0000428c30000324000043a00d
:104238002000c28f0000428c010043242000c28f5e
:10424800000043ac32000010000000000800c22744
:104258000b0042240000c2af18000010000000004c
:104268002400c38f2800c28f1b006200f4014000a5
:10427800101000000400c2a30400c3930000c28f02
:10428800ffff42240000c2af019d023cd0914224ae
:1042980021106200000043800000c28f000043a08c
:1042a8002400c38f2800c28f1b006200f401400065
:1042b80010100000121000002400c2af2400c28faa
:1042c800e7ff4014000000000d000010000000008f
:1042d8000000c28f010043240000c3af2000c38f39
:1042e8000000638c00004280000062a02000c28fa2
:1042f8000000428c010043242000c28f000043ac20
:104308000000c28f00004280f1ff4014000000004e
:1043180025e8c0031c00be8f2000bd270800e0036d
:1043280000000000e0ffbd271c00bfaf1800beafb3
:1043380025f0a0032000c4af2000c48fee11400f69
:10434800000000001000c0a33300001000000000af
:104358001000c393019d023cc0180300e49242245c
:10436800211062000000428c05004010000000008f
:10437800009d023c5c06422404004014000000003a
:104388000300022428000010000000001000c3935e
:10439800019d023cc0180300ec92422421106200e7
:1043a8000000448c1000c293019d033cec926324ee
:1043b800c01002002110620004004290252840002d
:1043c800eb15400f000000001000c393019d023c54
:1043d800c0180300e4924224211062000000428cbd
:1043e8001000c3932520600009f840000000000079
:1043f80001004238ff004230040040100000000075
:104408000500022408000010000000001000c293fc
:10441800010042241000c2a31000c293ccff401038
:10442800000000002510000025e8c0031c00bf8f15
:104438001800be8f2000bd270800e0030000000020
:10444800d8ffbd272400bfaf2000beaf25f0a003d2
:104458002f000010000000001c80829725204000db
:10446800cb1f400f000000001000c2a31000c39330
:10447800019d023cc0180300ec9242242110620006
:104488000000428c20808527252040007a16400fa6
:104498000000000010004014000000001000c3934a
:1044a800019d023c40180300008f42242110620045
:1044b800000042942016027c27100200201e027c75
:1044c8001c8082972016027c241062002016027c31
:1044d800ffff42301c8082a7009d023c5c064224fc
:1044e8001400c3272080858f2480868f25206000b4
:1044f80009f84000000000001400c28f04004010ba
:104508000000000002000224120000100000000059
:104518008c17400f0000000004004010000000004d
:104528001c808297ccff4014000000004023400ffd
:104538000000000001004238ff004230f4ff401044
:10454800000000005618400f00000000f0ff0010a7
:104558000000000025e8c0032400bf8f2000be8fa4
:104568002800bd270800e00300000000e0ffbd2789
:104578001c00bfaf1800beaf25f0a0032000c4afd9
:104588002400c5af1000c0a31d00001000000000eb
:104598001000c393019d023cc0180300ec92422412
:1045a800211062000000428c2000c58f2400c68fb5
:1045b800252040000316400f00000000010042388b
:1045c800ff00423013004014000000001000c393a5
:1045d800019d023c40180300008f42242110620014
:1045e800000043941c80829725106200ffff423030
:1045f8001c8082a71000c293010042241000c2a3ad
:104608001000c293e2ff40100000000002000010fa
:1046180000000000000000001000c3930100022405
:1046280004006214000000000100022402000010cf
:10463800000000002510000025e8c0031c00bf8f03
:104648001800be8f2000bd270800e003000000000e
:10465800e8ffbd271400bfaf1000beaf25f0a003d0
:10466800251080001c00c5af2000c6af1800c2a3eb
:104678001800c2931b004014000000001800c393e8
:10468800019d023cc0180300ec92422421106200f4
:104698000000428c1c00c58f2000c68f25204000da
:1046a8000316400f000000000e004010000000003c
:1046b8001800c393019d023c40180300008f422458
:1046c80021106200000043941c808297251062002c
:1046d800ffff42301c8082a7010002240200001064
:1046e800000000002510000025e8c0031400bf8f5b
:1046f8001000be8f1800bd270800e003000000006e
:10470800e8ffbd271400bfaf1000beaf25f0a0031f
:10471800251080001c00c5af2000c6af1800c2a33a
:104728001800c2931b004014000000001800c39337
:10473800019d023cc0180300ec9242242110620043
:104748000000428c1c00c58f2000c68f2520400029
:104758003a16400f000000000e0040100000000054
:104768001800c393019d023c40180300008f4224a7
:1047780021106200000043941c808297251062007b
:10478800ffff42301c8082a70100022402000010b3
:10479800000000002510000025e8c0031400bf8faa
:1047a8001000be8f1800bd270800e00300000000bd
:020000040000fa
:020000041d00dd
:1047b800e8ffbd271400bfaf1000beaf25f0a0036f
:1047c8001800c4af1800c48fdf16400f00000000a7
:1047d8000000000025e8c0031400bf8f1000be8f42
:1047e8001800bd270800e00300000000f8ffbd27ff
:1047f8000400beaf25f0a003251080002518a000f6
:104808000800c2a3251060000c00c2a70800c293cc
:104818001000422c0c004010000000000800c39358
:10482800019d023c80180300cc8d422421106200b7
:104838000000428c04004010000000000c00c297e9
:104848000400401400000000ffff022409000010cb
:10485800000000000800c39300a0023c40180300b9
:1048680058054224211062000c00c397000043a49d
:104878002510000025e8c0030400be8f0800bd27ee
:104888000800e00300000000f8ffbd270400beafe9
:1048980025f0a003251080000800c2a30800c293d9
:1048a8001000422c09004010000000000800c393cb
:1048b80000a0023c40180300580542242110620061
:1048c800000042940400401400000000ffff02248e
:1048d8000c000010000000000800c393019d023c7a
:1048e80040180300008f4224211062000000439406
:1048f8003880829725106200ffff4230388082a7f7
:104908002510000025e8c0030400be8f0800bd275d
:104918000800e00300000000f8ffbd270400beaf58
:1049280025f0a003251080000800c2a30800c29348
:104938001000422c0400401400000000ffff022475
:1049480011000010000000000800c393019d023c04
:1049580040180300008f4224211062000000429496
:104968002016027c27100200201e027c38808297c5
:104978002016027c241062002016027cffff4230c1
:10498800388082a72510000025e8c0030400be8fe8
:104998000800bd270800e00300000000f8ffbd275d
:1049a8000400beaf25f0a003251080002518a00044
:1049b8000800c2a3251060000c00c2a70800c2931b
:1049c8001000422c0c004010000000000800c393a7
:1049d800019d023c80180300cc8d42242110620006
:1049e8000000428c04004010000000000c00c29738
:1049f8000400401400000000ffff02241300001010
:104a0800000000000800c39300a0023c4018030007
:104a180058054224211062000c00c397000043a4eb
:104a28000800c393019d023c40180300008f4224f4
:104a3800211062000000439438808297251062009c
:104a4800ffff4230388082a72510000025e8c00308
:104a58000400be8f0800bd270800e0030000000026
:104a6800e8ffbd271400bfaf1000beaf25f0a003bc
:104a78008217400f0000000025e8c0031400bf8f14
:104a88001000be8f1800bd270800e00300000000da
:104a9800e8ffbd271400bfaf1000beaf25f0a0038c
:104aa800388082974f0040100000000038808297bd
:104ab8003a8082a73a80829725204000cb1f400f7a
:104ac800000000003c8082a33c80829300a0033c4d
:104ad80040200200580563242118830000006394d5
:104ae800ffff6324ffff643000a0033c402802005e
:104af800580563242118a300000064a400a0043c06
:104b080040180200580582242110620000004294d7
:104b1800210040140000000003000224408082affe
:104b28003c808293ffff4230448082a73c8082937e
:104b380025184000019d023c80180300cc8d4224ba
:104b4800211062000000428c4080848f4480858f51
:104b580009f84000000000003c80829325184000be
:104b6800019d023c40180300008f4224211062007e
:104b7800000042942016027c27100200201e027cae
:104b8800388082972016027c241062002016027c4e
:104b9800ffff4230388082a73c808293251840006e
:104ba800019d023c40180300008f4224211062003e
:104bb800000042942016027c27100200201e027c6e
:104bc8003a8082972016027c241062002016027c0c
:104bd800ffff42303a8082a73a808297b5ff40149f
:104be800000000000000000025e8c0031400bf8f8b
:104bf8001000be8f1800bd270800e0030000000069
:020000040000fa
:020000041d00dd
:104c08000080013c2638e10040580500425d0b0059
:104c1800c0520500427d040025504f01c04a0400df
:104c28000080083c255048014070070042750e007e
:104c3800c06a0700427d06002568af01c062060011
:104c48002568a801ffff6f25fe07e12d8d002010c4
:104c580000000000ffffcf25fe07e12dbb0020105c
:104c6800000000000080013c2428a10023406e01c0
:104c78002c000011000000001500001900000000c1
:104c88002000012d0700201400000000e0ff08218b
:104c98002b300c0023000d102560a601f8ff001032
:104ca80000000d341f000011000000002220080041
:104cb80004308c0004208d0006600c0106680d018c
:104cc8001800c01025608c001600001002008c35fa
:104cd80025580e00234008002000012d070020144d
:104ce80000000000e0ff08212b3009000d000a1029
:104cf80025484601f8ff001000000a340900001199
:104d080000000000222008000430890004208a00e6
:104d18000648090106500a010200c010254889000a
:104d2800020029352678a7001c00e00500000000d5
:104d380021482c012b782c0121504d0121504f0185
:104d480002004d11000000002b784d013700e011e2
:104d58000000000001002f310200e01100000000f7
:104d68000200293542480900c07f0a0025482f0162
:104d780042500a000080013c2550410101006b258a
:104d8800ff0701242900611500000000f07f013ca5
:104d98002528a10037000010000004242b782c01de
:104da80023482c012b104f0123504f012b784d0124
:104db8002578e2010700e01123504d010080013cf5
:104dc8002628a1002b7809002348090023500a004f
:104dd80023504f0108004015000000000300201573
:104de800000000000d00001000000b2425502001d9
:104df80000000924e0ff6b252040487107000011de
:104e080000000000235868012220080006208900bd
:104e18000448090104500a01255044012578490134
:104e28000200e01500000000000005246800601979
:104e3800000000000004292500042f2d21504f01f7
:104e48002b784f0121586f01c27a09000100ef3118
:104e580023482f01c2220900407d0a0025208f0027
:104e680040780a00027b0f002528af00007d0b0068
:104e78002528af0025100400251805000800e003c8
:104e8800000000002a7820012148290121504a0108
:104e98002300601521504f01257849011400e011c5
:104ea8000000000008004015000000000300201565
:104eb8000000000067ff001000000b2425502001af
:104ec80000000924e0ff6b252040487161ff0011b4
:104ed80000000000235868012220080006208900ed
:104ee8000448090104500a015aff001025504401e2
:104ef800ff0701241500c111000000002140e70050
:104f0800257806010300e01500000000d9ffe00441
:104f18000000000025100600d8ff00102518070023
:104f2800257849012700e01500000000ff0701244b
:104f3800d0ffc115000000002678a7002100e00579
:104f480000000000f3ff0010000000002a78800134
:104f580021608c012168ad011700c0152168af01df
:104f68002578ac01c3ffe011000000000800a0157f
:104f780000000000030080150000000039ff001049
:104f880000000e242568800100000c24e0ffce25d7
:104f98002040a87133ff0011000000002370c801f1
:104fa8002220080006208c0004600c0104680d0112
:104fb8002cff00102568a4012578ac01d5ffe0116d
:104fc80000000000f8ff053caaff001000000424c0
:104fd8000100082423400b012000012d07002014a4
:104fe80000000000e0ff08212b3009000d000a1026
:104ff80025484601f8ff001000000a340900001196
:1050080000000000222008000430890004208a00e3
:105018000648090106500a010200c0102548890007
:105028000200293583ff001000000b240000000057
:020000040000fa
:020000041d00dd
:105038002540c0002518e000255080009800e014a5
:105048002510a0002b30a6003500c010000000007d
:10505800202805710600a0102320050006208a00dc
:105068000410a2000440a800251082000450aa00e1
:10507800023408001b004600f401c000ffff0531a0
:1050880002240a0012380000101000000014020068
:10509800252044000248a7702b5889000a00601197
:1050a8002510e000212088002b5888000600601594
:1050b800ffffe2242b588900040060512320890057
:1050c800feffe22421208800232089001b0086009f
:1050d800f401c00010300000003406001220000067
:1050e8000238a470ffff45312528c5002b48a700ca
:1050f8000800201125308000212805012b40a80038
:1051080004000015ffff86242b28a7000100a054e7
:10511800feff8624001402000800e0032510460064
:1051280004000015010002241b004800f4010001de
:105138001240000020580b7123006015200007243e
:105148002328a80001000324023408001b00a6003d
:10515800f401c000ffff073102240a0012280000f2
:105168001010000000140200252044000248e570d9
:105178002b5889000a0060112510a0002120880002
:105188002b58880006006015ffffa2242b588900c1
:105198000400605123208900feffa22421208800fa
:1051a800232089001b008600f401c000ffff4a315c
:1051b80010280000002c05002528aa001220000055
:1051c800caff00100238e4702338eb00044068017d
:1051d8000648e400023408000638e5001b00e60033
:1051e800f401c0000410650125482201ffff0231c7
:1051f800021c09001228000010380000003c0700bb
:105208002538e300025045702b60ea000a0080113f
:105218002518a0002138e8002b60e800060080155a
:10522800ffffa3242b60ea00040080512338ea0022
:10523800feffa3242138e8002338ea001b00e6001b
:10524800f401c000ffff25311230000010380000c3
:10525800003c07002528e500021046702b48a200f4
:105268000a0020112538c0002128a8002b48a800d2
:1052780006002015ffffc7242b48a2000400205178
:10528800001c0300feffc7242128a800001c0300ff
:10529800045064012328a200abff00102518670002
:1052a8002b40a700251800004e000015251000000f
:1052b8002050ea7007004015200009242b28e5003b
:1052c8004800a014010002242b1086000800e00307
:1052d8000100423823482a010610260104384701f4
:1052e800253847000418450102440700062825010f
:1052f8001b00a800f4010001ffffeb300610240199
:1053080025104300021c020012280000104800006b
:10531800004c090025482301026065712b682c01a7
:105328000a00a0112518a000214827012b68270191
:105338000600a015ffffa3242b682c010400a05130
:1053480023482c01feffa3242148270123482c01d0
:105358001b002801f4010001ffff45301240000046
:1053680010480000004c09002528250102586871e2
:105378002b10ab000a004010254800012128a70087
:105388002b10a70006004014ffff09252b10ab00c7
:105398000400401000140300feff09252128a7007f
:1053a8000014030004304601251049001900c2000a
:1053b8002328ab00103800002b18a7000700601442
:1053c800123000000700a71425180000042044012b
:1053d8002b2086000300801000000000ffff4224fd
:1053e800251800000800e003000000002548c00060
:1053f800251080008b00e0142518a0002b30a60093
:105408003300c01020502a7108004011025c0900c6
:105418000418450123280a000628a4000448490165
:105428002518a30004104401025c09001b006b004e
:10543800f4016001ffff2431121800001028000059
:1054480002306470001c0500022c0200251865005b
:105458002b2866000800a050231866002118690050
:105468002b2869000300a0142b2866000100a05413
:1054780021186900231866001b006b00f401600105
:10548800ffff42301030000012180000025864700c
:10549800001c0600251062002b184b000900605004
:1054a80023104b00211049002b18490005006054b7
:1054b80023104b002b184b000100605421104900a9
:1054c80023104b00061042010800e00325180000d5
:1054d80004002015010003241b006900f4012001c9
:1054e8001248000020502a711f0040152000072490
:1054f8002328a900025c09001b00ab00f40160012d
:10550800ffff243112280000101800000230a47098
:10551800002c0300021c02002528a3002b18a6005b
:10552800080060502330a6002128a9002b18a900e4
:10553800030060142b18a600010060542128a9005c
:105548002330a6001b00cb00f4016001ffff4230ae
:1055580010280000123000000258c4700034050002
:10556800cdff00102510c2002338ea000448490185
:105578000618e400023409000638e5001b00e600be
:10558800f401c00004104501ffff2831251862000e
:10559800022c030012380000106000000210e870ae
:1055a800003c0c002538e5002b28e2000800a0503c
:1055b8002338e2002138e9002b28e9000300a01471
:1055c8002b28e2000100a0542138e9002338e2002a
:1055d8001b00e600f401c000ffff65301230000038
:1055e80010380000003c07002528e5000230c8708c
:1055f8002b10a60009004010041044012128a9001e
:105608002b10a90005004014041044012b10a6001b
:10561800010040542128a90004104401b5ff0010de
:105628002328a6002b40a7005c0000152070ee7010
:105638000a00c0152b40e500030000152b4086002a
:105648005600001500000000231086002328a7003c
:105658002b1882000800e0032318a30020000b2465
:1056680023586e01066066010438c7012538870192
:105678000440c501024c0700062865011b00a9006b
:10568800f40120010610640125104800ffffe830ee
:1056980002640200122800001050000000540a00a2
:1056a80025504c01021805712b6043010a00801136
:1056b8002568a000215047012b604701060080158e
:1056c800ffffad242b6043010400805123504301a8
:1056d800feffad2421504701235043011b0049011f
:1056e800f4012001124800001050000000540a0084
:1056f80002280971ffff4830254048012b10050199
:105708000a00401025502001214007012b100701f5
:1057180006004014ffff2a252b1005010400401045
:1057280000640d00feff2a252140070100640d00da
:105738000410c60125608a01190082012340050171
:105748000418c401106800002b200d012528a001b1
:1057580012600000050080141230000007000d15cb
:105768002b206c0006008010233066002330820155
:105778002338a7012b6086012328ec00233066001c
:105788002b18660023400501231803010410630148
:105798000630c601251046000618c3010800e003bc
:0457a80000000000fd
:020000040000fa
:020000041d00dd
:1057ac00f0ffbd270c00beaf25f0a0031000c4af66
:1057bc002510a0001400c2a31000c28f0000c2afbd
:1057cc001400c293ffff4224ff0043300000c28f3d
:1057dc00000043a00000c28f010040a00000c28f57
:1057ec00020040a00000c28f0000429025e8c003d8
:1057fc000c00be8f1000bd270800e0030000000065
:10580c00f0ffbd270c00bfaf0800beaf25f0a00312
:10581c001000c4af1400c5af1800c6af1000c28f83
:10582c000000c2af0000c28f020043900000c28f84
:10583c00000042902b10620021004010000000007c
:10584c0000606241c0000000000000000000c28f38
:10585c0001004290251840000000c28f02004290c7
:10586c00211062000000c38f000063901a004300f7
:10587c00f40160001010000001004224c01002006e
:10588c001000c38f211062001400c48f1800c38f46
:10589c00000044ac040043ac0000c28f02004290f4
:1058ac0001004224ff0043300000c28f020043a0dd
:1058bc002060624101000224020000100000000080
:1058cc002510000025e8c0030c00bf8f0800be8f18
:1058dc001000bd270800e00300000000f0ffbd270a
:1058ec000c00bfaf0800beaf25f0a0031000c4af82
:1058fc001400c5af1800c6af1000c28f0000c2afb5
:10590c000000c28f020043900000c28f0000429042
:10591c002b1062002a004010000000000060624161
:10592c00c0000000000000000000c28f0200429086
:10593c0001004224ff0043300000c28f020043a04c
:10594c000000c28f010042900900401400000000ca
:10595c000000c28f00004290ffff4224ff00433042
:10596c000000c28f010043a00700001000000000df
:10597c000000c28f01004290ffff4224ff00433021
:10598c000000c28f010043a00000c28f01004290b2
:10599c0001004224c01002001000c38f21106200cd
:1059ac001400c48f1800c38f000044ac040043ac37
:1059bc00206062410100022402000010000000007f
:1059cc002510000025e8c0030c00bf8f0800be8f17
:1059dc001000bd270800e00300000000f0ffbd2709
:1059ec000c00bfaf0800beaf25f0a0031000c4af81
:1059fc001400c5af1000c28f0400c2af0400c28fe8
:105a0c000200429032004010000000000060624131
:105a1c00c0000000000000000400c28f0100429092
:105a2c0001004224c01002001000c38f2118620034
:105a3c001400c28f0000648c0400638c000044ac22
:105a4c00040043ac0400c28f0100429001004224c8
:105a5c00ff0043300400c28f010043a00400c28f3a
:105a6c00010043900400c28f000042902b10620092
:105a7c000b004014000000000400c28f0100439092
:105a8c000400c28f000042901b006200f401400031
:105a9c0010100000ff0043300400c28f010043a02f
:105aac000400c28f02004290ffff4224ff004330eb
:105abc000400c28f020043a00400c28f0200429077
:105acc000000c2a32060624106000010000000002c
:105adc001400c28f000040ac1400c28f040040a41c
:105aec000000c0a30000c29325e8c0030c00bf8fc8
:105afc000800be8f1000bd270800e0030000000066
:105b0c00f0ffbd270c00beaf25f0a0031000c4af02
:105b1c001000c28f0000c2af0000c28f0200429082
:105b2c000100422cff00423025e8c0030c00be8f60
:105b3c001000bd270800e00300000000e8ffbd27af
:105b4c001400bfaf1000beaf25f0a003b117400f7b
:105b5c00000000000000000025e8c0031400bf8f07
:105b6c001000be8f1800bd270800e00300000000e5
:105b7c00f0ffbd270c00bfaf0800beaf25f0a0039f
:105b8c001000c4af1000c28f2400401000000000b1
:105b9c0000b803400002023c2510620000b88240ad
:105bac00c00000001000c28f2c8082af0048024061
:105bbc000000c2af0000c38f1000c28f2110620022
:105bcc0000588240c000000088bf033c0010628c6b
:105bdc00010004240463827c001062ac88bf033c87
:105bec009010628c030004248420827c901062aca0
:105bfc0088bf033c3010628c0400027c301062ac15
:105c0c0088bf033c6010628c010004240400827c79
:105c1c00601062ac206062410000000000000000d7
:105c2c0025e8c0030c00bf8f0800be8f1000bd27f5
:105c3c000800e0030000000000e85d4100701b401c
:105c4c0002601a40d0ffbd272c00bbaf00601b4088
:105c5c002400baaf2800bbaf44781b7c000c7b3708
:105c6c0000609b400800a3af0400a2af2400a38fe8
:105c7c000f00633004006014000000001400bfaf7c
:105c8c001000beaf0c00a4af00000000121000000a
:105c9c001c00a2af101800001800a3af25f0a00341
:105cac0088bf023c01000324341043ac0060624105
:105cbc00c0000000000000000048034000580240f3
:105ccc0023106200308082af2c80828ff4ff43243b
:105cdc003080828f2b1043000a004010000000001f
:105cec00005803402c80828f2110620000588240a3
:105cfc00c000000001000224348082a316000010b2
:105d0c00000000002c80828f421802003080828fad
:105d1c00211862002c80828f1b006200f40140006d
:105d2c001010000012100000ff004230010042244d
:105d3c00ff004230348082a30058034034808293a9
:105d4c00252040002c80828f02108270211062006e
:105d5c0000588240c000000020606241288082937d
:105d6c00ff0043303480829321106200ff004230e8
:105d7c00288082a334808293ffff43302a8082974d
:105d8c00ffff423021106200ffff42302a8082a7c1
:105d9c000000000025e8c0031c00a28f1300400087
:105dac001800a38f110060002400a28f0f00423056
:105dbc0006004014000000001400bf8f1000be8fbe
:105dcc000c00a48f0800a38f0400a28f0000000019
:105ddc0000606041c00000002c00ba8f2800bb8f0f
:105dec0000709a402400ba8f3000bd2702609a40a0
:105dfc0000e8dd4100609b4018000042f8ffbd2721
:105e0c000400beaf25f0a0032a808297ffff42302a
:105e1c0025e8c0030400be8f0800bd270800e0037e
:105e2c0000000000e8ffbd271400bfaf1000beaf9c
:105e3c0025f0a0030800001000000000a612400f7f
:105e4c000000000028808293ff004230ffff4224b4
:105e5c00ff004230288082a328808293ff004230ca
:105e6c00f6ff4014000000000100022425e8c003e6
:105e7c001400bf8f1000be8f1800bd270800e00370
:105e8c0000000000e8ffbd271400bfaf1000beaf3c
:105e9c0025f0a003b117400f000000000000000027
:105eac0025e8c0031400bf8f1000be8f1800bd275b
:085ebc000800e00300000000f3
:020000040000fa
:020000041d00dd
:105ec400e8ffbd271400bfaf1000beaf25f0a0034c
:105ed40088bf023c0061428c8439027c2518400052
:105ee40088bf023c006143ac88bf033c30616294cc
:105ef40001000424c439827c306162a488bf033c5d
:105f040010616294c439027c106162a488bf033cae
:105f140010616294010004248431827c106162a4c3
:105f240081bf023c0100032448fb43ac81bf023c17
:105f34000100032450fa43ac80bf033c0060629428
:105f4400c47b027c006062a480bf033c0060629456
:105f540001000424c418827c006062a480bf023c57
:105f6400106040ac80bf023c2a000324406043ac74
:105f740001000224188082af80bf033c1060628c51
:105f8400010004248452827c106062ac80bf033c14
:105f94001060628c010004240463827c106062ac93
:105fa40080bf033c0060629401000424c47b827cb3
:105fb400006062a40004052400a0023c28014424db
:105fc4008c0d400f00000000488082af00000000ec
:105fd40025e8c0031400bf8f1000be8f1800bd2732
:105fe4000800e00300000000f8ffbd270400beaf76
:105ff40025f0a0030000000080bf023c1060428c2a
:106004000000427cff004230fbff40100000000013
:1060140080bf023c1060428c4000427cff00423052
:10602400050040100000000080bf033c1060628c3b
:106034004408027c106062ac80bf023c3060428c39
:10604400ff00423025e8c0030400be8f0800bd27ce
:106054000800e00300000000e8ffbd271400bfaf04
:106064001000beaf25f0a003251080001800c2a3c5
:106074004880828f1800c3932528600025204000a3
:10608400f30d400f000000000000000025e8c003ed
:106094001400bf8f1000be8f1800bd270800e00356
:1060a40000000000f8ffbd270400beaf25f0a003e8
:1060b40080bf023c1060428c8000427cff00423072
:1060c400060040100000000080bf023c3060428c9b
:1060d40025100000070000100000000080bf023cf3
:1060e4001060428c0000427cff0042302b10020002
:1060f400ff00423025e8c0030400be8f0800bd271e
:106104000800e00300000000e8ffbd271400bfaf53
:106114001000beaf25f0a003251080001800c2a314
:106124004880828f1800c3932528600025204000f2
:10613400f30d400f000000000000000025e8c0033c
:106144001400bf8f1000be8f1800bd270800e003a5
:1061540000000000e0ffbd271c00bfaf1800beaf69
:1061640025f0a0030b000010000000004880828f7f
:106174001000c32725286000252040002d0e400f65
:10618400000000001000c2932518400080bf023cac
:10619400206043ac4880828f252040004f0e400f82
:1061a4000000000001004238ff00423007004010a8
:1061b4000000000080bf023c1060428c4002427c20
:1061c400ff004230e9ff4010000000000000000022
:1061d40025e8c0031c00bf8f1800be8f2000bd2718
:1061e4000800e00300000000e0ffbd271c00bfaf73
:1061f4001800beaf25f0a0032000c4af2400c5af33
:106204002800c6af2c00c7af2c00c28f1000a2af6d
:106214002400c78f2000c68f2800c58f019d023c33
:10622400308f4424a60f400f000000005618400f82
:0c62340000000000fdff00100000000052
:020000040000fa
:020000041d00dd
:106240004050050042550a00c04a0500427d040046
:1062500025482f01c042040000800e3c25482e0135
:1062600040680700426d0d00c0620700427d0600d5
:1062700025608f01c05a060025608e012628a700e0
:106280002428ae00ffff4f25fe07e12d4700201018
:1062900000000000ffffaf25fe07e12d6f0020107a
:1062a0000000000002fcaf2521504f0119002c0115
:1062b000123800001070000019000b0112200000bd
:1062c0001030000019002b01125800001068000067
:1062d0002130cb002b78cb002138ed002138ef00a6
:1062e0000200ed10000000002b78ed002170cf01be
:1062f00019000c0112400000104800002130c800b5
:106300002b78c8002138e9002138ef000200e9109d
:10631000000000002b78e9002170cf01257886006d
:106320000200e011000000000100e73425480e00e3
:1063300006002005254007002a78000121400801b9
:106340002148290121482f01ffff4a25ffff4f2542
:10635000fe07e12d68002010000000000004082561
:1063600000040f2d21482f012b782f0121504f01c0
:10637000c27a08000100ef3123400f01c222080059
:10638000407d090025208f0040780900027b0f0026
:106390002528af00007d0a002528af002510040045
:1063a000251805000800e003000000002a7800011d
:1063b00021400801214829011c00401521482f01d6
:1063c000257828011400e0110000000008002015c5
:1063d000000000000300001500000000adff0010e9
:1063e00000000a242548000100000824e0ff4a2597
:1063f00020702e71a7ffc0110000000023504e0135
:1064000022380e000638e8000440c8010448c901db
:10641000a0ff001025482701ff0701243300a11128
:1064200000000000ddff00100000000025782801ba
:106430002e00e015000000000500a015000000007f
:1064400040780c002578eb012800e01100000000e6
:10645000ff0701242100a115000000002a78600137
:1064600021586b0121608c011900a01521608f015a
:1064700025788b011400e011000000000800801551
:1064800000000000030060150000000085ff001000
:1064900000000d242560600100000b24e0ffad2505
:1064a000203086717fffc010000000002368a60125
:1064b000227006000670cb010458cb000460cc00ab
:1064c00078ff001025608e01b4ff00100000042446
:1064d00025788b010500e01500000000f07f013ced
:1064e0002528a100adff001000000424f8ff053ca2
:1064f000aaff001000000424f8ff401d0000000067
:1065000001000e242370ca012000c12d07002014b1
:1065100000000000e0ffce212b3008000d00091024
:1065200025402601f8ff0010000009340900c011c1
:106530000000000022380e000430e8000438e900b2
:106540000640c8010648c9010200c0102540e80005
:10655000020008350004082500040f2d21482f01f2
:0c65600083ff0010c2570900000000007b
:020000040000fa
:020000041d00dd
:10656c00e0ffbd271c00bfaf1800beaf25f0a00395
:10657c00251080002400c5af2000c2a32000c293c8
:10658c001000c2a3ffff02241100c2a302000624c4
:10659c002400c58f1000c22725204000c519400fcc
:1065ac00000000000000000025e8c0031c00bf8fa5
:1065bc001800be8f2000bd270800e003000000007b
:1065cc00d0ffbd272c00bfaf2800beaf2400b0af5a
:1065dc0025f0a0033400c5af3800c6af2528e00075
:1065ec003000c4a32520a0003c00c4a32520a00398
:1065fc00258080003c00c49301008424ffff852487
:10660c001400c5af252880002560a0002568000077
:10661c00422f0c00c0480d002548a900c0400c00ba
:10662c00252880002550a00025580000422f0a0084
:10663c00c0180b002518a300c0100a0025108000fc
:10664c0007004224c2100200c010020023e8a2037b
:10665c001000a227000042241800c2af3000c293e1
:10666c0020004234ff0043301800c28f000043a0ca
:10667c001000c0af0d000010000000001000c28f11
:10668c003400c38f211862001000c28f0100422415
:10669c00000063901800c48f21108200000043a0fa
:1066ac001000c28f010042241000c2af3c00c29304
:1066bc001000c38f2a106200f0ff4014000000008d
:1066cc001800c38f3c00c29301004224ff004230eb
:1066dc00253040003800c58f25206000c519400fbb
:1066ec000000000025e800020000000025e8c003bf
:1066fc002c00bf8f2800be8f2400b08f3000bd2728
:10670c000800e00300000000e0ffbd271c00bfaf45
:10671c001800beaf25f0a0032000c4af2400c5af05
:10672c002510c0002800c2a388bf033c30616294ce
:10673c000463027c306162a41000c0a31900001035
:10674c00000000001000c2932000c38f21106200d3
:10675c00000042902518400080bf023c205843acfa
:10676c000000000080bf023c1058428c0000427cac
:10677c00ff004230fbff40100000000080bf023cd5
:10678c002058448c1000c2932400c38f2110620047
:10679c00ff008330000043a01000c293010042248c
:1067ac001000c2a31000c3932800c2932b106200e8
:1067bc00e4ff40140000000088bf033c3061629489
:1067cc00010004240463827c306162a42d00042443
:1067dc00001a400f000000000000000025e8c00374
:1067ec001c00bf8f1800be8f2000bd270800e003df
:1067fc0000000000f8ffbd270400beaf25f0a00389
:10680c000800c4af04000010000000000800c28f94
:10681c00ffff42240800c2af0800c28ffbff4104f7
:10682c00000000000000000025e8c0030400be8f3b
:10683c000800bd270800e00300000000e0ffbd27b2
:10684c001c00bfaf1800beaf25f0a00325108000c0
:10685c002000c2a7010002241000c2a32000c2978e
:10686c00252040009d1a400f000000004d8082a39f
:10687c004d8082930900422c04004014000000005b
:10688c001000c0a3350000100000000081bf033cc5
:10689c0000906294c47b027c009062a481bf033c94
:1068ac0000906294010004248410827c009062a405
:1068bc0081bf033c009062940421027c009062a48e
:1068cc0081bf033c00906294070004244439827c0d
:1068dc00009062a481bf033c1090629401000424d8
:1068ec004408827c109062a481bf033c1090629497
:1068fc00010004248452827c109062a44d80829307
:10690c00ffff4224801002002518400081bf023c8a
:10691c00189043ac81bf023c01000324209043a09b
:10692c0081bf033c209062940f0004240462827c9b
:10693c00209062a481bf023c409040ac2000c397e1
:10694c0081bf023c509043ac81bf033c00906294e9
:10695c0001000424c47b827c009062a41000c293ca
:10696c0025e8c0031c00bf8f1800be8f2000bd2778
:10697c000800e00300000000e8ffbd271400beafd4
:10698c0025f0a0031800c4af81bf033c00906294b3
:10699c008410027c009062a481bf023c1090428c57
:1069ac00c001427cff004330010002240600621447
:1069bc000000000081bf023c709042240400c2af72
:1069cc00040000100000000081bf023cf090422443
:1069dc000400c2af0000c0a31000001000000000b3
:1069ec000000c293001102000400c38f2118620042
:1069fc000000c293801002001800c48f2110820086
:106a0c000000638c000043ac0000428c0800c2af55
:106a1c000000c293010042240000c2a34d80829367
:106a2c000000c3932b106200edff40140000000027
:106a3c0081bf033c00906294010004248410827c8a
:106a4c00009062a488bf023c0010033c341043ac9d
:106a5c000000000025e8c0031400be8f1800bd27fd
:106a6c000800e00300000000f0ffbd270c00beafe3
:106a7c0025f0a003251080001000c2a70000c0a3c1
:106a8c000c000010000000001000c297ffff422411
:106a9c00ffff4230201e027c1000c28724106200cf
:106aac002016027c1000c2a70000c29301004224f1
:106abc000000c2a31000c297f3ff401400000000b6
:106acc000000c29325e8c0030c00be8f1000bd2748
:086adc000800e00300000000c7
:020000040000fa
:020000041d00dd
:106ae4000400a88cb0ffbd274400b7af3800b4af92
:106af4002c00b1af4c00bfaf4800beaf4000b6aff2
:106b04003c00b5af3400b3af3000b2af2800b0af33
:106b140025b880002588a0004c0000050000b48c36
:106b24004408147c08003e8e10008a320000d28c87
:106b34000400d68c0400401125a8c0032510560279
:106b440001004054feffd52708008932010020557a
:106b5400ffffb5261000308e0c00338e2528a002ce
:106b6400ffff102621107002000040a00200022a3c
:106b74000b00401425105602360040140f00433217
:106b840023101501211045003300401c0a0064281d
:106b94000300a018020082322f00401400000000fd
:106ba4000b004011000000000000c28c0400c38ce4
:106bb400251043000600401021107002feff10262d
:106bc400ffff47a03000032421107002000043a0ff
:106bd4000400201120000324ffff1026211070025e
:106be400000043a01000268e1000b4af2538c00367
:106bf400ffffc6242330d00021287002621e400ffc
:106c04002520e0020400e38e0001633004006010dc
:106c14004c00bf8f0400238e2a2043000b10640015
:106c24004800be8f4400b78f4000b68f3c00b58f3c
:106c34003800b48f3400b38f3000b28f2c00b18f82
:106c44002800b08f0800e0035000bd27b5ff0010f6
:106c5400010008240a0064280200801057006224fe
:106c640030006224bfffe3241a00632c1300601079
:106c7400200043349fff63241a00632c10006050eb
:106c8400ffff1026252040005c00a7af5800a6afe8
:106c94002400a8af2000a5af1c00a9af8e24400f8c
:106ca4001800aaaf5c00a78f5800a68f2400a88ff5
:106cb4002000a58f1c00a98f1800aa8fffff1026a3
:106cc40021187002000062a0029112000017160041
:106cd400ffffa52425905200a4ff001002b1160066
:020000040000fa
:020000041d00dd
:106ce8001b5b324a0000000c496e697420526563d0
:106cf8006569766520536572766963650a00000cdc
:106d0800436f6e6669677572696e672053504920d4
:106d18006275730a0000000c5375636365737366cc
:106d2800756c6c7920636f6d6d756e6963617465e0
:106d380064207769746820726164696f2e0a0000a4
:106d4800556e7375636365737366756c6c792063d0
:106d58006f6d6d756e6963617465642077697468b9
:106d680020726164696f2e0a0000000c5261646928
:106d78006f20636f6e666967757265642061732042
:106d8800612072656365697665720a0044617461a1
:106d980020726561647920696e2052582046494600
:106da8004f0a0000446174612073756363657373ef
:106db80066756c6c792073656e742066726f6d20d1
:106dc8005458204649464f0a000000004d6178207b
:106dd8006e756d626572206f6620545820747261fa
:106de8006e736d69747320726561636865640a0007
:106df80053484f554c44204e4f5420424520484557
:106e080052452121210a0000484552450a00000048
:106e18005570646174696e67206d6f746f7220734a
:106e2800706565643a2025640a0000006d6f746f10
:106e3800722073706565643a2025640a00000000ba
:106e48005570646174696e6720736572766f20701f
:106e58006f736974696f6e3a2025640a0000000038
:106e6800526164696f20494420646f6573206e6fb6
:106e780074206d617463683a2025640a000000007c
:106e8800496e76616c69642064617461207265631f
:106e980069657665642e20556e64657369657261ef
:106ea800626c6520636865636b73756d2076616cd1
:106eb80075652e0a000000000000000000703740d1
:086ec800000000000094a1404d
:020000040000fa
:020000041d00dd
:106ed000280500a030000000000000000c0000a009
:106ee0001900000000000000580500a0200000006c
:106ef00000000000280000a01000000000000000ba
:106f0000280100a00004000000000000380000a0dc
:106f10000400000000000000780500a02000000030
:106f2000000000003c0000a0020000000000000083
:106f3000400000a01000000000000000000000a0c1
:106f400007000000010000003030303131800100c6
:106f5000080000a004000000010000000200000082
:106f6000980500a00400000000000000500000a0f0
:106f70006800000001000000580000a0580000a0b8
:106f800002000000030000000000000000000000fc
:106f9000000000000000000000000000f07f009de5
:106fa0000000000000000000000000002891009d8b
:106fb0008093009dff000000000000000000000022
:106fc00000000000000000000000000000000000c1
:106fd00000000000000000000000000000000000b1
:106fe000200100a00400000001000000540000a0e7
:106ff000b80000a06800000001000000c00000a070
:10700000c00000a00100000003000000000000001c
:107010000000000000000000000000000000000070
:10702000f07f009d00000000000000000000000054
:107030002891009da093009d00000000000000002a
:107040000000000000000000000000000000000040
:107050000000000000000000000000000000000030
:1070600000000000240100a0040000000100000056
:10707000bc0000a09c0500a004000000000000006f
:107080000000000066666666666666666666666638
:020000040000fa
:020000041d00dd
:10709000880002243f00a2108900a2281a00401094
:1070a000810002245400a2108200a2280500401092
:1070b000800002245100a2500000e28c0800e0038e
:1070c00025100000820002243b00a2500000e28c48
:1070d00084000224f9ffa214000000000000e28cea
:1070e000040043240000428c2700c0100000e3ace1
:1070f0002016027c000082acc3170200040082aca0
:107100000800e00301000224a00002243600a2507f
:107110000000e28ca100a228100040109000022480
:10712000e6ffa214000000000000e28c07004224e9
:107130000410027c0000488c0400498c08004224a2
:107140000000e2ac000088ac040089ac0100c01073
:10715000010002240800e00300000000c000022437
:107160000500a2500000e28cf0000224d3ffa2141c
:10717000000000000000e28c040043240000e3aca7
:10718000020000100000428cffff4230200000107f
:10719000000082ac0000e28c040043240000428c1a
:1071a0000300c0100000e3acd2ff00102014027cea
:1071b000f6ff0010ff004230070042240410027c5a
:1071c0000000488c0400498c080042240000e2ac16
:1071d000000088ac040089acdeffc010010002246e
:1071e0000800e00300000000040043240000e3acba
:1071f000c0ff00100000428c0000e28c0400432419
:107200000000e3ac0000428cbbffc014000082ac65
:08721000bbff0010040080ac7c
:020000040000fa
:020000041d00dd
:10721800e0ffbd271c00bfaf1800beaf25f0a003dc
:107228001000c0afd216400f00000000204e04240a
:10723800cb10400f000000001000c2af1000c28f3a
:1072480004004014000000001211400f000000006c
:107258001000c2af1000c38f030002241700621091
:10726800000000001000c38f0500022421006210f6
:10727800000000001000c38f010002242b006214dc
:10728800000000001000c0af1000c38f01000224ee
:107298003400621000000000019d023cb8864724bb
:1072a80027000624019d023c38864524019d023ca6
:1072b800508644246223400f000000001000c0af35
:1072c8001000c38f03000224290062100000000090
:1072d800019d023cb88647242e000624019d023ced
:1072e80038864524019d023c688644246223400f69
:1072f800000000001000c0af1000c38f050002247a
:107308001e00621000000000019d023cb886472460
:1073180035000624019d023c38864524019d023c27
:10732800848644246223400f000000001000c0af90
:107338001000c38f06000224130062100000000032
:10734800019d023cb88647243c000624019d023c6e
:1073580038864524019d023c9c8644246223400fc4
:1073680000000000000000000800001000000000fd
:1073780000000000050000100000000000000000f0
:10738800020000100000000000000000ffff0010d5
:0473980000000000f1
:020000040000fa
:020000041d00dd
:10739c00c0ffbd272c00b1af258880002520c00080
:1073ac000400878c0000a28c3800b4afc2a7070081
:1073bc003400b3af3000b2af2800b0af3c00bfaf69
:1073cc002580a0000400a38c0800b28c2000a2af82
:1073dc000c00b38c3e0080120000c68c23300600db
:1073ec002b20060023380700080060042338e40033
:1073fc004408027c050080162000a2af2000a28f5a
:10740c00040043302a006010c000427cffff42267b
:10741c002000a3271800a3af0a0003241400a3af75
:10742c001000a2af3b1d400f252000020600801665
:10743c002d0003242000a38f040064301e00801054
:10744c00080063302b000324ffff4224212062023a
:10745c00000083a01000068e2000a38f2538400268
:10746c00ffffc6241000a3af2330c2002128620204
:10747c00621e400f252020020400238e0001633081
:10748c00040060103c00bf8f0400038e2a204300d0
:10749c000b1064003800b48f3400b38f3000b28fff
:1074ac002c00b18f2800b08f0800e0034000bd27ee
:1074bc00d7ff001023104202e6ff601020000424c6
:1074cc00ffff422421186202e2ff0010000064a0ba
:1074dc00c8ff63044408027cc9ff00102000a28f7f
:020000040000fa
:020000041d00dd
:1074ec000400828cc0ffbd273800beaf2800b4afab
:1074fc002000b2af1c00b1af3c00bfaf3400b7af3f
:10750c003000b6af2c00b5af2400b3af1800b0af4d
:10751c002588c0002590e0005400b48f020041047f
:10752c005800be8f010002241000908c0c00958c2a
:10753c000000d78f5000b38fffff10262118b00228
:10754c00000060a001000924234053000200f73220
:10755c00c3b714001000001e251032022c0020515d
:10756c000000c28f3c00bf8f251000023800be8f78
:10757c003400b78f3000b68f2c00b58f2800b48f35
:10758c002400b38f2000b28f1c00b18f1800b08f75
:10759c000800e0034000bd27070040142110130130
:1075ac000600401c25202002ecff601a00000000a1
:1075bc00eaffe012000000002520200225284002ee
:1075cc00253080022538c0021400a8affd14400fee
:1075dc00ffff10261000a2af2118b0023000422489
:1075ec002520200225284002000062a025308002c0
:1075fc000e14400f2538c002ffff7326258840006b
:10760c00259060001400a88fd2ff00101000a98fe5
:0c761c000421027cd3ff00100000c2af6c
:020000040000fa
:020000041d00dd
:10762800feff092440500500405807002558640112
:107638002558660125504b01030040150000000045
:107648003c000010000002240200801040400500a9
:1076580001000825e0ff013c010021342b0801014d
:1076680037002010000000000200c0104040070052
:1076780001000825e0ff013c010021342b0801012d
:107688002f002010000000001600a10400000000d8
:107698000300e0040000000026000010ffff0224a1
:1076a8002b508600232086002b58aa002328aa00e6
:1076b8002b50a70025504b01030040112328a70099
:1076c8001c000010010002242550a40003004011f2
:1076d8000000000017000010ffff02241500001032
:1076e800000002240300e104000000001100001063
:1076f800010002242b508600232086002b58aa0064
:107708002328aa002b50a70025504b010300401145
:107718002328a70007000010ffff02242550a4001b
:1077280003004011000000000200001001000224c4
:10773800000002240800e003000000000000000030
:0c774800fcff00102510090000000000ec
:020000040000fa
:020000041d00dd
:10775400feff0924405005004058070025586401e5
:107764002558660125504b01030040150000000018
:107774003c0000100000022402008010404005007c
:1077840001000825e0ff013c010021342b08010120
:1077940037002010000000000200c0104040070025
:1077a40001000825e0ff013c010021342b08010100
:1077b4002f002010000000001600a10400000000ab
:1077c4000300e0040000000026000010ffff022474
:1077d4002b508600232086002b58aa002328aa00b9
:1077e4002b50a70025504b01030040112328a7006c
:1077f4001c000010010002242550a40003004011c5
:107804000000000017000010ffff02241500001004
:10781400000002240300e104000000001100001035
:10782400010002242b508600232086002b58aa0036
:107834002328aa002b50a70025504b010300401118
:107844002328a70007000010ffff02242550a400ee
:107854000300401100000000020000100100022497
:10786400000002240800e003000000000000000003
:0c787400fcff00100100023400000000c6
:020000040000fa
:020000041d00dd
:107880000080013c2430a10040380500423d070043
:10789000ff0701242b00e11000000000330409243d
:1078a000233827013500e12c0b00201400000000d4
:1078b0002000e004000000002d00c01000000000c7
:1078c000404805002548240126002015000000003e
:1078d00027000010000000000500c010000000009c
:1078e0002b48040023200400232805002328a90096
:1078f0001f00e9300100082404402801234008004b
:107900002000e12c040020140000000000000424ea
:10791000020000102428a800242088000500c010c0
:10792000000000002b480400232004002328050049
:107930002328a90025100400251805000800e003ed
:10794000000000000f00013cffff21342448a1008b
:10795000254824010900201500000000f5ff001053
:1079600000000000f0bf053cf2ff001000000424fe
:1079700025280600efff001000000424f8ff053c56
:08798000ecff001000000424dc
:020000040000fa
:020000041d00dd
:10798800c0ffbd272c00b3af5000b38f3800b6af8f
:107998003000b4af010073322800b2af2400b1af99
:1079a8002000b0af3c00bfaf3400b5af25908000d9
:1079b80025b0a0002580c0002588e00003006016df
:1079c8002ba0c7001300805623a0300225300002e8
:1079d8002528c0020121400f252040020d008016f5
:1079e80023a03002258800023c00bf8f251020020a
:1079f8003800b68f3400b58f3000b48f2c00b38fa9
:107a08002800b28f2400b18f2000b08f0800e00357
:107a18004000bd271100862e100002240b1086029c
:107a280025304000200005241000a4271a24400f08
:107a380025a880021000a22e0b0040100f008632ed
:107a48001000a5270121400f25204002e6ff6016ff
:107a5800253000022528c0020121400f25204002c0
:107a6800e2ff00103c00bf8f100006241000a5277d
:107a78000121400f25204002eeff0010f0ffb5263f
:020000040000fa
:020000041d00dd
:107a8800c03a0500425d04002538eb00c03204000e
:107a98000080013c2538e1000080013c2448a10019
:107aa800404005004245080080fc0825ffff0b25e3
:107ab800fe00612d12002010000000000200c0101e
:107ac800000000000100e7348000e7248000eb2c70
:107ad80021400b01025a070001006b312338eb00eb
:107ae80040380700423a0700c05d08002538eb001f
:107af8002510e9000800e003000000000000000075
:107b08007f04012407000115000000004058070009
:107b1800255866010300601100000000f5ff001001
:107b2800c0ff023cff0001290400201400000000ef
:107b3800807f013cefff00102510210101000a247d
:107b4800235048012000412d0300201400000000ac
:107b5800e8ff00102510090020000c2423608a018a
:107b6800045887012530cb00063847010000082457
:107b78000080013cd1ff00102538e1000000000022
:020000040000fa
:020000041d00dd
:107b88000000a28c0400a38cc0ffbd273800b3af4f
:107b98003400b2af3000b1af2c00b0af3c00bfaf83
:107ba800259080002580a0000800b38c2000a2af9b
:107bb800030060040c00b18c4408027c2000a2afd2
:107bc8002000a2271800a2af080002241400a2afc8
:107bd8001000b3af0400c78c0000c68c3b1d400fdb
:107be800252000022000a38f1000633004006010dd
:107bf80030000424ffff422421182202000064a060
:107c08002000a38f080063300400601020000424c3
:107c1800ffff422421182202000064a01000068ef3
:107c28002000a38f25386002ffffc6241000a3aff1
:107c38002330c20021282202621e400f2520400264
:107c48000400438e00016330040060103c00bf8fc5
:107c58000400038e2a2043000b1064003800b38f01
:107c68003400b28f3000b18f2c00b08f0800e003d1
:047c78004000bd27e4
:020000040000fa
:020000041d00dd
:107c7c00e0ffbd271400b1af2588c0000004c62862
:107c8c001c00bfaf1800b2af1f00c0141000b0af83
:107c9c00019d123c3893468e3c93478e9018400fb2
:107cac0001fc30260004042a090080143893468e07
:107cbc003c93478e25204000252860009018400feb
:107ccc0002f830260004052aff0304240a808500ec
:107cdc00ff03102600251000252800002530a000e9
:107cec0025388000252860009018400f2520400082
:107cfc001c00bf8f1800b28f1400b18f1000b08f12
:107d0c000800e0032000bd2702fc262a2510800075
:107d1c002518a000eeffc01025802002019d123c0a
:107d2c004093468e4493478e9018400fc9033026db
:107d3c0002fc042ae6ff80104093468e4493478e43
:107d4c0025204000252860009018400f920730260f
:107d5c0002fc052a02fc0424ddff00100b808500c8
:020000040000fa
:020000041d00dd
:107d6c00840002242200a2500000e28c8500a2288c
:107d7c0010004010810002240800a2500000e28c88
:107d8c00820002242700a2500000e28c8000022412
:107d9c001000a214000000000000e28c0400432438
:107dac000000e3ac0000428c000082ac1500001017
:107dbc00000046ac900002241a00a2500000e28c95
:107dcc009100a22805004010880002240f00a25048
:107ddc000000e28c0800e00325100000a000022443
:107dec00eeffa2500000e28ce9ff0010c00002245c
:107dfc00040043240000e3ac0000428c000082ac81
:107e0c00000046a40800e0030100022404004324ff
:107e1c000000e3ac0000428c000082acf9ff0010c3
:107e2c00000046a0040043240000e3ac0000428c98
:107e3c00000082ac000046acc3370600f1ff001016
:047e4c00040046ac3c
:020000040000fa
:020000041d00dd
:107e5000a8ffbd270400a1af0800a2af0c00a3af8c
:107e60001000a4af1400a5af1800a6af1c00a7af68
:107e70002000a8af2400a9af2800aaaf2c00abaf08
:107e80003000acaf3400adaf3800aeaf3c00afafa8
:107e90004000b8af4400b9af4800bfaf1240000087
:107ea0004c00a8af104000005000a8af019d1a3c44
:107eb000708c5a27000000000068044000600540f4
:107ec00009f84003000000005000a88f11000001d5
:107ed0004c00a88f130000010400a18f0800a28f9e
:107ee0000c00a38f1000a48f1400a58f1800a68f7c
:107ef0001c00a78f2000a88f2400a98f2800aa8f1c
:107f00002c00ab8f3000ac8f3400ad8f3800ae8fbb
:107f10003c00af8f4000b88f4400b98f4800bf8f3e
:0c7f20005800bd27c000000018000042ff
:020000040000fa
:020000041d00dd
:107f2c00f0ffbd270c00beaf25f0a003251080008c
:107f3c001000c2a780ff02240100c2a30300022488
:107f4c000000c2a31e000010000000001000c29729
:107f5c000000c39380180300ff0063300710620019
:107f6c00ff0042300f0042300200c2a30200c29355
:107f7c000e004010000000000200c293ffff4324db
:107f8c00019d023c208f422421106200000043908e
:107f9c000000c29380100200ff00423021106200ea
:107fac000100c2a309000010000000000000c28301
:107fbc00ff004230ffff4224ff0042300000c2a30a
:107fcc000000c283e1ff4104000000000100c293e5
:107fdc0025e8c0030c00be8f1000bd270800e0038d
:047fec000000000091
:020000040000fa
:020000041d00dd
:107ff00003008014251000000800e00300000000ca
:108000000400828ce0ffbd271800b1af2000423091
:108010001400b0af1c00bfaf2580800009004010e5
:108020002588a0001400828c1800838c2b1062001d
:10803000140040542c00828c280000ae180000aec2
:10804000140000ae3c00058e4000028e2b18a200ea
:1080500004006010010006240000048ef224400f8a
:108060002328a200400000ae3c0000ae0b0020120e
:1080700025100000f424400f0000048e08000010ba
:108080001c00bf8f2530000009f8400025280000a3
:108090001400038ee8ff6014ffff02241c00bf8f52
:1080a0001800b18f1400b08f0800e0032000bd2736
:020000040000fa
:020000041d00dd
:1080b0000000a28c0400a38cc0ffbd273800b3af22
:1080c0003400b2af3000b1af2c00b0af3c00bfaf56
:1080d000258880002580a0000800b28c2000a2af77
:1080e000030060040c00b38c4408027c2000a2afa3
:1080f0002000a2271800a2af0a0002241400a2af99
:108100001000b2af0400c78c0000c68c3b1d400fae
:10811000252000021000068e2000a38f2538400283
:10812000ffffc6241000a3af2330c2002128620243
:10813000621e400f252020020400238e00016330c0
:10814000040060103c00bf8f0400038e2a2043000f
:108150000b1064003800b38f3400b28f3000b18f41
:0c8160002c00b08f0800e0034000bd2799
:020000040000fa
:020000041d00dd
:10816c00c23d0400ff00e7300080013c2430810058
:10817c00ffffe924fe00212d0d002010000000005f
:10818c008003e724404a0400024b09002530c90053
:10819c00402f0400004d07002530c90025100500b4
:1081ac00251806000800e003000000000000000095
:1081bc000000052421208400f6ff80100000000040
:1081cc000900e01400000000ffffe72421208400d8
:1081dc008000013c2b088100fbff201400000000f4
:1081ec00e7ff001000000000ff07072400ff013c20
:1081fc00010021342b088100e6ff20140000000050
:0c820c00e4ff0010f8ff063c000000003a
:020000040000fa
:020000041d00dd
:10821800e0ffbd271800b1af028d0700ff07253228
:108228001400b0af1c00bfaf258080002510c0002f
:108238000e00a0142520e000019d023c2540c0004e
:108248002518e0008891468c8c91478c25200001e8
:108258009018400f25286000252060000055637c99
:108268000200601000080524c1ff6524c23702001f
:1082780040180400401002002518c3001c00bf8fde
:10828800000002ae00a0637c2000023c25184300d9
:1082980000083132ccfba5240c0011ae25100002d9
:1082a800040003ae080005ae1800b18f1400b08fab
:0882b8000800e0032000bd27cf
:020000040000fa
:020000041d00dd
:1082c000756c033cc8ffbd27286e63241800a3af5c
:1082d0006c2903242800b2af2000b0af3400bfaf38
:1082e0003000b4af2c00b3af2400b1af25908000b4
:1082f0002510e0001c00a3a71e00a0a30200c010d0
:108300001800b0272580c0000400b18c0800b38c91
:10831000030040140000b48cd823400f2520000235
:10832000020020062b1822020b1023021000b4af0b
:10833000253860022528000225204002621e400fd9
:10834000253040003400bf8f3000b48f2c00b38f35
:108350002800b28f2400b18f2000b08f0800e00306
:048360003800bd27fd
:020000040000fa
:020000041d00dd
:1083640003008014251000000800e0030000000052
:108374000400828ce0ffbd271800b1af200042301a
:108384001400b0af1c00bfaf258080000b00401468
:108394002588a000280000ae180000ae14002016a6
:1083a400140000ae251000001c00bf8f1800b18f10
:1083b4001400b08f0800e0032000bd271400828c55
:1083c4001800838c2b106200f2ff4010253000004f
:1083d4002c00828c09f84000252800001400038e2c
:1083e400f1ff6010ffff0224ebff0010280000ae35
:1083f400f424400f0000048eecff00101c00bf8f1b
:020000040000fa
:020000041d00dd
:108404000400828ce0ffbd271c00bfaf0001473091
:108414001800b1af1700e0101400b0af1000828c48
:108424002518c0002b88c2000a1851000c006010e7
:1084340025886000258080001400848cfa23400f76
:10844400253060001400028e1000038e21105100ac
:1084540023887100140002ae100011ae000040a089
:108464001c00bf8f1800b18f1400b08f0800e00308
:108474002000bd2710004230faff40541c00bf8f7b
:108484004a24400f00000000f6ff00101c00bf8fbc
:020000040000fa
:020000041d00dd
:10849400c03a0500425504002538ea000080013c3a
:1084a4002538e1004050050042550a001e04062408
:1084b4002330ca000c00c018000000002000c12caa
:1084c4000200201400000000000007340200a10490
:1084d4000638c70023380700251007000800e0030a
:1084e40000000000000000000200801000000000f6
:1084f4000100a534f07f013c010021342b08a100c8
:108504000300201400000000f4ff00100080023c6f
:10851400ff7f023cf1ff0010ffff42340000000027
:020000040000fa
:020000041d00dd
:10852400c03a0500425504002538ea000080013ca9
:108534002538e1004050050042550a001e04062477
:108544002330ca000c00c004000000002000c12c2d
:108554000200201400000000000007340200a104ff
:108564000638c70023380700251007000800e00379
:108574000000000000000000020080100000000065
:108584000100a534f07f013c010021342b08a10037
:108594000300201400000000f4ff00100080023cdf
:0c85a400f2ff0010ffff022400000000a6
:020000040000fa
:020000041d00dd
:1085b000d8ffbd272400bfaf2000beaf25f0a00329
:1085c000251080002c00c5af2800c2a31000c0a356
:1085d0001400c227252840002c00c48f7a16400fb3
:1085e000000000001400c28f0900401000000000cd
:1085f0002800c2931400c58f1800c68f25204000a4
:10860000c211400f00000000010002241000c2a3ac
:108610001400c28feeff4014000000001000c2934f
:1086200025e8c0032400bf8f2000be8f2800bd278f
:088630000800e0030000000057
:020000040000fa
:020000041d00dd
:1086380050726f6a656374536f757263652f6d61ed
:10864800696e2e630000000c4661696c6564506faa
:108658007374203d3d204572726f725479706500c5
:108668004661696c6564506f696e746572203d3d42
:10867800204572726f725479706500004661696caa
:108688006564496e6974203d3d204572726f72546d
:10869800797065004661696c65644f74686572201d
:1086a8003d3d204572726f7254797065000000007c
:0886b8006d61696e0000000015
:020000040000fa
:020000041d00dd
:1086c000e0ffbd271400b1af1c00bfaf1800b2af70
:1086d0001000b0af0d00a010258800000c00c050a5
:1086e0001c00bf8f0300842c080080102588c00068
:1086f0000000023c000042240b0040102580a00036
:108700002528c0000000000c252000021c00bf8f9f
:10871000251020021800b28f1400b18f1000b08f06
:108720000800e0032000bd272190a600000004827d
:108730004318400f01001026fcff50161c00bf8f8d
:08874000f4ff001025102002d7
:020000040000fa
:020000041d00dd
:108748000800e003000000002518e003009d043c39
:10875800d06e842416008010000000000000858c74
:108768001300a010040084240000868c04008424d4
:1087780000008b8404008424019d0c3cd0928c253d
:1087880080580b0021606c0100008c8d09f8800175
:10879800000000002520400003008424fcff06247c
:1087a8002420c4000000858cecffa0140000000009
:0c87b80025f860000800e003000000004d
:020000040000fa
:020000041d00dd
:1087c40020000524000082800d004510f7ff43249b
:1087d4000500632c0a0060142b0003240a004310d4
:1087e4002d00032403004314252800000100052460
:1087f4000100842425100000070000100a0007244b
:10880400f0ff001001008424f9ff00102528000067
:10881400010084242310430000008380d0ff6324dc
:108824000a00662cfaffc054021047700100a050e1
:0c883400231002000800e0030000000018
:020000040000fa
:020000041d00dd
:10884000e0ffbd271c00bfaf1800beaf25f0a0039e
:1088500080bf023c1060428c0000427cff0042302e
:108860000e00401000000000050002241000c2affe
:10887000fb17400f00000000ffff42301400c2a7aa
:108880001000c48f1400c58f5d11400f0000000060
:10889000010002240200001000000000251000006a
:1088a00025e8c0031c00bf8f1800be8f2000bd2725
:0888b0000800e00300000000d5
:020000040000fa
:020000041d00dd
:1088b800000005242548050025380500253004005a
:1088c8000c00c010000000000600c10400000000f9
:1088d8000080093c2b5005002328050023300600a2
:1088e8002330ca001e0407242040c8702338e8003b
:1088f80004300601c24205004055060025400a0121
:108908004050060002530a0025482a010055070076
:1089180025482a0125100800251809000800e00349
:08892800000000000000000047
:020000040000fa
:020000041d00dd
:10893000e0ffbd271800b2af259080002520a000e1
:108940001c00bfaf1400b1af2e22400f1000b0af1b
:10895000019d043cb093868cb493878c25286000dd
:108960009018400f2520400025204002258040001f
:108970008323400f25886000252040002530000219
:10898000253820020413400f252860001c00bf8feb
:108990001800b28f1400b18f1000b08f0800e003f0
:0489a0002000bd27cf
:020000040000fa
:020000041d00dd
:1089a400200003240b20a5000b180500022c040052
:1089b4000400a0140212050010006334252880006e
:1089c400021205000400401402210200080063346e
:1089d4002510a0000221020004008054821004002b
:1089e4000400633425204000821004000400405435
:1089f400421002000200633425108000421002007d
:0c8a0400010042380800e0032510430088
:020000040000fa
:020000041d00dd
:108a10001000828ce0ffbd271800b1af2b88c20088
:108a20000a3051001c00bfaf0c00c0101400b0afe2
:108a3000258080001400848cfa23400f2588c00014
:108a40001400028e1000068e211051002388d100e0
:108a5000140002ae100011ae000040a01c00bf8f39
:108a60001800b18f1400b08f0800e0032000bd276c
:020000040000fa
:020000041d00dd
:108a70000400a28ce0ffbd27ff00833000014230dc
:108a80001c00bfaf0a0040101000a3a31400a28c6a
:108a9000ff008430010046241400a6ac000043a06f
:108aa0001c00bf8f251080000800e0032000bd27b8
:108ab0002520a000010006244a24400f1000a5270d
:108ac000f7ff4010ffff0424f5ff00101000a493ef
:020000040000fa
:020000041d00dd
:108ad000e8ffbd271400bfaf100080141000b0af36
:108ae00000a0023cb800438c050060102580000007
:108af000b800448cb422400f0000000025804000e4
:108b0000dc24400f00000000251002021400bf8f7b
:108b10001000b08f0800e0031800bd27de24400fce
:0c8b200025280000faff00101400bf8f91
:020000040000fa
:020000041d00dd
:108b2c00019d063c25100000a092c62440180200ae
:108b3c0021186600000067800300e0540000858c5b
:108b4c000800e00301006290010042240000a880ac
:108b5c0004000715ff004230010062900100a524bb
:108b6c00000085ac0b00432cf1ff60144018020090
:088b7c000800e0030000000006
:020000040000fa
:020000041d00dd
:108b84000000043ce8ffbd2700008424030080109b
:108b94001400bfaf09f8800000000000000084301a
:108ba4000000a530009d083c1872082509f8000152
:108bb400000000000000023c0000422403004010ba
:108bc4000000000009f8400000000000f9ff001058
:048bd400000000009d
:020000040000fa
:020000041d00dd
:108bd8008000a32810006014251000008200a3283c
:108be80003006014830003240b00a314000000009a
:108bf8000000c28c070042240410027c08004324b1
:108c08000000c3ac0400438c0000428c040083ac19
:108c1800000082ac010002240800e003000000000c
:020000040000fa
:020000041d00dd
:108c28000000023c00004224050040100000023c05
:108c38000000422403004010019d023c3f000070e8
:108c4800019d023c448d42240500401000000000b4
:108c5800e8ffbd271400bfaf09f84000000000007e
:088c6800ffff001000000000f6
:020000040000fa
:020000041d00dd
:108c70000000023c00004224050040100000023cbd
:108c80000000422403004010019d023c3f000070a0
:108c9000019d023c448d422405004010000000006c
:108ca000e8ffbd271400bfaf09f840000000000036
:088cb000ffff001000000000ae
:020000040000fa
:020000041d00dd
:108cb8000000023c00004224070040100000023c73
:108cc8000000422405004050019d023c3f00007016
:108cd8000800e00300000000019d023c448d42248e
:108ce800030040100000000009f8400000000000e8
:088cf8000800e0030000000089
:020000040000fa
:020000041d00dd
:108d0000f0ffbd270c00beaf25f0a0030000c0a3fc
:108d1000000000000000c2930400401400000000a6
:108d200025100000020000100000000001000224d5
:108d300025e8c0030c00be8f1000bd270800e0032b
:108d40000000000000606041c000000099aa033ce0
:108d500081bf023c5566632430f240ac30f243ac34
:108d60006655033caa99633430f243ac81bf023ca0
:108d70000100032418f643ac81bf023c10f6428c7c
:088d80005323400b000000002a
:020000040000fa
:020000041d00dd
:108d880000a0023c2001428ce0ffbd271c00bfafc1
:108d98000000428c1000a7af2538a000019d053cbb
:108da8001400a6afe090a524253080000524400fcc
:108db80025204000b422400f25200000bd24400f8c
:048dc80000000000a7
:020000040000fa
:020000041d00dd
:108dcc000000000000000000000000000000000097
:108ddc000000000000000000000000000000000087
:108dec000000000000000000000000000000000077
:108dfc000000000000000000000000001406009db0
:020000040000fa
:020000041d00dd
:108e0c00e8ffbd271000b0af1400bfaf2e22400ffb
:108e1c00258080000600010625286000019d043c89
:108e2c00b893868cbc93878c0413400f252040008c
:108e3c001400bf8f1000b08f0800e0031800bd278e
:020000040000fa
:020000041d00dd
:108e4c00e0ffbd271800b0af1000a6af2580800052
:108e5c001c00bfafe10b400f1000a6270400038ecf
:108e6c001c00bf8fffff0424100063300b10830025
:0c8e7c001800b08f0800e0032000bd27a4
:020000040000fa
:020000041d00dd
:108e88000800c01025108000200003242318660065
:108e98000600601c0620c500252000000610c5003d
:108ea800252880000800e0032518a0000610c2004d
:108eb80004286500faff0010251045000800c010be
:108ec8002510800020000424232086000600805cf2
:108ed8000418c200251800000428c20025106000ec
:108ee8000800e0032518a0000428c5000610820029
:088ef800faff00102528a2007a
:020000040000fa
:020000041d00dd
:108f00000100020004000800100020004000800062
:108f10000001000200040008001000200040008052
:108f2000000101020202020303030303030303001f
:108f30004173736572742022257322204661696c27
:108f40006564206174204c696e653a2025642c208c
:108f5000696e2046696c653a202573200a0d000071
:020000040000fa
:020000041d00dd
:108f600000008280080040100000000025108000f2
:108f70000100422400004380feff605401004224af
:108f80000800e003231044000800e003251000005f
:020000040000fa
:020000041d00dd
:108f9000e8ffbd271400bfafd224400f000000003f
:108fa0001400bf8f00a0033c540062ac00a0033c3f
:0c8fb000500062ac0800e0031800bd2770
:020000040000fa
:020000041d00dd
:108fbc00e8ffbd271400bfaf5224400f0000000093
:108fcc00e423400f00000000ea24400f00000000e2
:0c8fdc001400bf8f0800e0031800bd2740
:020000040000fa
:020000041d00dd
:108fe8000800c01025108000213086002518800058
:108ff8000100a524ffffa79001006324fcff66146d
:0c900800ffff67a00800e003000000006c
:020000040000fa
:020000041d00dd
:10901400e0ffbd272800a6af2800a6271c00bfaf8d
:109024002c00a7af9323400f1000a6af1c00bf8fe6
:089034000800e0032000bd2745
:020000040000fa
:020000041d00dd
:10904000000000000000f03f000000000000e03fd2
:109050000000000000005043000000000000b03f8e
:089060000000000000002040a8
:020000040000fa
:020000041d00dd
:109068000700c01025108000202c057c21308600c8
:109078002518800001006324feff6614ffff65a029
:089088000800e00300000000f5
:020000040000fa
:020000041d00dd
:10909000e8ffbd271000b0af1400bfaf2e24400f73
:1090a000258080001400bf8f251000021000b08fb3
:0890b0000800e0031800bd27d1
:020000040000fa
:020000041d00dd
:1090b80002000010251080002510c0000100a52422
:1090c800ffffa38001004624fbff6014ffffc3a03d
:0890d8000800e00300000000a5
:020000040000fa
:020000041d00dd
:1090e000417373657274696f6e206661696c656443
:1090f0003a202573202825733a2025733a202564c9
:04910000290a000038
:020000040000fa
:020000041d00dd
:1091040000a0023c2401428ce8ffbd271400bfaf3d
:109114007924400f0000458c1400bf8f0800e00341
:049124001800bd274b
:020000040000fa
:020000041d00dd
:109128000000848ce8ffbd271400bfafb021400fba
:10913800000000001400bf8f0800e0031800bd27de
:020000040000fa
:020000041d00dd
:1091480000a0023cc000422400a0033cbc0062ac6a
:1091580000a0033cb80062ac0800e0030000000077
:020000040000fa
:020000041d00dd
:10916800000000000000f03f000000000000244064
:109178000000000000005043000000000000144000
:10918800000000000000e043000000000000e0c311
:10919800000000f0ffff1f34000000000000f0078f
:020000040000fa
:020000041d00dd
:1091a80000008c90ffffc624010084240000aca0be
:1091b800fbffc0140100a5240800e003251080006f
:020000040000fa
:020000041d00dd
:1091c800286e756c6c2900003031323334353637ef
:0c91d800383961626364656600000000c5
:020000040000fa
:020000041d00dd
:1091e400e8ffbd271400bfaf9c22400f0000000021
:0c91f4001400bf8f0800e0031800bd2726
:020000040000fa
:020000041d00dd
:10920000bfff83241a00632c020060102510800029
:0c921000200082340800e0030000000091
:020000040000fa
:020000041d00dd
:10921c00e8ffbd271400bfaf8024400f0000000002
:0c922c001400bf8f0800e0031800bd27ed
:020000040000fa
:020000041d00dd
:109238009fff83241a00632c020060102510800011
:0c9248005f0082300800e003000000001e
:020000040000fa
:020000041d00dd
:10925400e8ffbd271400bfaf8e24400f00000000bc
:0c9264001400bf8f0800e0031800bd27b5
:020000040000fa
:020000041d00dd
:109270000000200201000003000000000b000000bd
:089280000100000000000000e5
:020000040000fa
:020000041d00dd
:1092880000601a40bfff1b3cffff7b3724d05b0305
:0892980000609a40180000423a
:020000040000fa
:020000041d00dd
:1092a00068076c094c836a9074a07ac00080688853
:0892b00000846c8200810000c3
:020000040000fa
:020000041d00dd
:1092b800ffffc6240000a0a0fdffc0140100a524e4
:0892c8000800e00325108000fe
:020000040000fa
:020000041d00dd
:1092d000b892009da891009d4887009d4887009df9
:1092e0004887009d0000009d5c06009d280500a0a9
:0492f0000600000074
:020000040000fa
:020000041d00dd
:1092f400e8ffbd271400bfafc124400f7f00042442
:020000040000fa
:020000041d00dd
:10930400e8ffbd271400bfaff024400f00000000a9
:020000040000fa
:020000041d00dd
:10931400494e4600696e66004e414e006e616e0015
:10932400494e4600696e66004e414e006e616e0005
:020000040000fa
:020000041d00dd
:10933800000000000000e07f000000000000600363
:020000040000fa
:020000041d00dd
:0c93480000a0023c0800e0035800422492
:020000040000fa
:020000041d00dd
:0c935400286e696c290000002500000054
:020000040000fa
:020000041d00dd
:089360000800e003000000001a
:020000040000fa
:020000041d00dd
:089368000800e0030000000012
:020000040000fa
:020000041d00dd
:089370000800e00325100000d5
:020000040000fa
:020000041d00dd
:089378000800e00325100000cd
:020000040000fa
:020000041d00dd
:089380000800e00325100000c5
:020000040000fa
:020000041d00dd
:089388000800e00325100000bd
:020000040000fa
:020000041d00dd
:089390000800e00325100000b5
:020000040000fa
:020000041d00dd
:089398000800e00325100000ad
:020000040000fa
:020000041d00dd
:1093a0000800e003251000000800e00300000000b2
:020000040000fa
:020000041d00dd
:1093b000000000000000f041000000000000f0414b
:020000040000fa
:020000041d00dd
:0893c000ffff00100000000097
:020000040000fa
:020000041d00dd
:0893c8000800e003251000007d
:020000040000fa
:020000041d00dd
:0893d0000800e0032510000075
:00000001FF
