:020000040000fa
:020000041fc01b
:040bf000ffffffcf35
:020000040000fa
:020000041fc01b
:040bf400d9fff9ff2d
:020000040000fa
:020000041fc01b
:040bf80059df74ff4e
:020000040000fa
:020000041fc01b
:040bfc00fbffff7f7d
:020000040000fa
:020000041fc01b
:100000000200f00f0000000000601a40c0045a7f98
:100010000500401300000000019d1a3ce88f5a279c
:10002000080040030000000001a01d3cf8ffbd27b0
:1000300000a01c3cf07f9c27019d083cc090082537
:1000400009f800010000000000a0083c0c00082591
:1000500000a0093c600029250300001000000000fa
:10006000000000ad040008252b080901fcff201446
:1000700000000000019d083c6c85082509f800017e
:10008000000000000000093c00002925100020119c
:10009000000000000100093c0000292588bf0a3c3f
:1000a00010204a25000049ad0100093c0000292527
:1000b00088bf0a3c20204a25000049ad0100093cc8
:1000c0000000292588bf0a3c30204a25000049ada0
:1000d00000488040ffff0a2400588a404000083c46
:1000e00000600a4025500a0100608a40049d093cd6
:1000f00000f02925c0000000017889400000093c7b
:100100000100292500000a2444492a7d01608a4013
:100110008000093c00688940008008408005097d16
:10012000404c0900006008405800013c2440010197
:100130002540280100608840c0000000019d083c67
:10014000c890082509f80001000000000060084080
:10015000bfff013cffff21342440010100608840c3
:10016000000084300000a530019d083c2889082546
:0801700008000001000000007e
:020000040000fa
:020000041fc01b
:10038000019d1a3ccc895a27080040030000000058
:020000040000fa
:020000041d03da
:10f18000009d1a3c687c5a270800400300000000dc
:020000040000fa
:020000041d03da
:08f200005816400b000000004d
:020000040000fa
:020000041d03da
:08f220009722400b00000000e2
:020000040000fa
:020000041d03da
:08f240009722400b00000000c2
:020000040000fa
:020000041d03da
:08f260009722400b00000000a2
:020000040000fa
:020000041d03da
:08f280009722400b0000000082
:020000040000fa
:020000041d03da
:08f2a0009722400b0000000062
:020000040000fa
:020000041d03da
:08f2c0009722400b0000000042
:020000040000fa
:020000041d03da
:08f2e0004d04400b000000008a
:020000040000fa
:020000041d03da
:08f300009722400b0000000001
:020000040000fa
:020000041d03da
:08f320009722400b00000000e1
:020000040000fa
:020000041d03da
:08f340009722400b00000000c1
:020000040000fa
:020000041d03da
:08f360009722400b00000000a1
:020000040000fa
:020000041d03da
:08f380009722400b0000000081
:020000040000fa
:020000041d03da
:08f3a0009722400b0000000061
:020000040000fa
:020000041d03da
:08f3c0009722400b0000000041
:020000040000fa
:020000041d03da
:08f3e0009722400b0000000021
:020000040000fa
:020000041d03da
:08f400009722400b0000000000
:020000040000fa
:020000041d03da
:08f420009722400b00000000e0
:020000040000fa
:020000041d03da
:08f440009722400b00000000c0
:020000040000fa
:020000041d03da
:08f460009722400b00000000a0
:020000040000fa
:020000041d03da
:08f480009722400b0000000080
:020000040000fa
:020000041d03da
:08f4a0009722400b0000000060
:020000040000fa
:020000041d03da
:08f4c0009722400b0000000040
:020000040000fa
:020000041d03da
:08f4e0009722400b0000000020
:020000040000fa
:020000041d03da
:08f500009722400b00000000ff
:020000040000fa
:020000041d03da
:08f520009722400b00000000df
:020000040000fa
:020000041d03da
:08f540009722400b00000000bf
:020000040000fa
:020000041d03da
:08f560009722400b000000009f
:020000040000fa
:020000041d03da
:08f580009722400b000000007f
:020000040000fa
:020000041d03da
:08f5a0009722400b000000005f
:020000040000fa
:020000041d03da
:08f5c0009722400b000000003f
:020000040000fa
:020000041d03da
:08f5e0009722400b000000001f
:020000040000fa
:020000041d03da
:08f600009722400b00000000fe
:020000040000fa
:020000041d03da
:08f620009722400b00000000de
:020000040000fa
:020000041d03da
:08f640009722400b00000000be
:020000040000fa
:020000041d03da
:08f660009722400b000000009e
:020000040000fa
:020000041d03da
:08f680009722400b000000007e
:020000040000fa
:020000041d03da
:08f6a0009722400b000000005e
:020000040000fa
:020000041d03da
:08f6c0009722400b000000003e
:020000040000fa
:020000041d03da
:08f6e0009722400b000000001e
:020000040000fa
:020000041d03da
:08f700009722400b00000000fd
:020000040000fa
:020000041d03da
:08f720009722400b00000000dd
:020000040000fa
:020000041d03da
:08f740009722400b00000000bd
:020000040000fa
:020000041d03da
:08f760009722400b000000009d
:020000040000fa
:020000041fc01b
:1004800000f89b40c0000000019d1b3ca48a7b2714
:10049000020060130000000000c09b4000f81b40f9
:0c04a000c00000001f000042000000002f
:020000040000fa
:020000041d00dd
:10000000d8ffbd272400bfaf2000beaf25f0a0035e
:10001000251080002518a0003000c6af2800c2a31c
:10002000251060002c00c2a31000c0a33000c68fb2
:100030000f000524dc050424cb01400f0000000064
:100040003000c68f0300052402000424a500400fe1
:10005000000000003000c48f9301400f000000003a
:100060001400c0a31400c227010007243000c68f6b
:10007000252840001c000424ba18400f000000008e
:100080003f0002241400c2a31400c2270100072469
:100090003000c68f2528400001000424ba18400f04
:1000a00000000000030002241400c2a31400c227b1
:1000b000010007243000c68f2528400002000424d8
:1000c000ba18400f000000002c00c2933000c58f0a
:1000d000252040005901400f0000000003000224c9
:1000e0001400c2a31400c227010007243000c68fe9
:1000f0002528400003000424ba18400f0000000027
:100100002800c2937f004230ff0042301400c2a397
:100110001400c227010007243000c68f25284000a4
:1001200005000424ba18400f0000000070000224eb
:100130001400c2a31400c227010007243000c68f98
:100140002528400007000424ba18400f00000000d2
:100150007700400f000000008e00400f00000000fc
:100160003000c68f0100052404000424d600400f8f
:10017000000000003000c58f25200000a218400fad
:10018000000000003000c28f010042901800c2a39e
:100190001800c29308004230ff00423008004010af
:1001a000000000001800c29304004230ff004230fb
:1001b0000300401000000000010002241000c2a350
:1001c0001000c29325e8c0032400bf8f2000be8f1b
:1001d0002800bd270800e00300000000e0ffbd2765
:1001e0001c00bfaf1800beaf25f0a003e2ff022441
:1001f0001000c2a31400c2270100062425284000d5
:100200001000c227252040000c19400f00000000fc
:10021000640004244719400f0000000000000000a3
:1002200025e8c0031c00bf8f1800be8f2000bd272b
:100230000800e00300000000e0ffbd271c00bfaf86
:100240001800beaf25f0a003e1ff02241000c2a3f6
:100250001400c22701000624252840001000c227f0
:10026000252040000c19400f000000006400042409
:100270004719400f000000000000000025e8c003ff
:100280001c00bf8f1800be8f2000bd270800e003b0
:1002900000000000e0ffbd271c00bfaf1800beaf8c
:1002a00025f0a0032000c4af2400c5af2800c6afce
:1002b0002800c58f06000424a218400f000000008b
:1002c0002800c28f010042901000c2a32400c28ff8
:1002d00003004230ff0043301000c2934410627ca0
:1002e0001000c2a32000c28f421002000100423061
:1002f000ff0043301000c2934429627c1000c2a367
:100300002000c28f01004230ff0043301000c29332
:10031000c418627c1000c2a31000c2931400c2a3d0
:100320001400c227010007242800c68f252840009a
:1003300006000424ba18400f00000000000000006e
:1003400025e8c0031c00bf8f1800be8f2000bd270a
:100350000800e00300000000e0ffbd271c00bfaf65
:100360001800beaf25f0a0032000c4af2510a000e8
:100370002800c6af2400c2a31000c0a31000c2937f
:1003800001000324c418627c1000c2a32400c2939d
:1003900001004230ff0043301000c2938410627ca1
:1003a0001000c2a31000c2938431027c1000c2a3cb
:1003b0001000c2934429027c1000c2a31000c29313
:1003c0000421027c1000c2a32000c28f0500422c31
:1003d00051004010000000002000c28f8018020071
:1003e000009d023cf8034224211062000000428c70
:1003f00008004000000000000c04009d4804009d1f
:100400008004009db804009dec04009d1000c29380
:10041000010003244408627c1000c2a31000c293b0
:10042000010003240400627c1000c2a388bf033cc7
:100430003061629401000424c47b827c306162a438
:1004400035000010000000001000c29301000324da
:100450004408627c1000c2a31000c2930400027c16
:100460001000c2a388bf033c3061629401000424e1
:10047000c47b827c306162a4270000100000000071
:100480001000c293010003244408627c1000c2a340
:100490001000c2930400027c1000c2a388bf033c7a
:1004a0003061629401000424c47b827c306162a4c8
:1004b00019000010000000001000c2930100032486
:1004c0004408627c1000c2a31000c2930400027ca6
:1004d0001000c2a388bf033c30616294c47b027cdd
:1004e000306162a40c000010000000001000c293f4
:1004f0004408027c1000c2a31000c2930400027cd6
:100500001000c2a388bf033c30616294c47b027cac
:10051000306162a4000000001000c2931400c2a366
:100520001400c227010007242800c68f2528400098
:1005300025200000ba18400f0000000010270424f6
:100540004719400f000000000000000025e8c0032c
:100550001c00bf8f1800be8f2000bd270800e003dd
:1005600000000000e0ffbd271c00bfaf1800beafb9
:1005700025f0a003251080002400c5af2000c2a3f1
:100580002000c2931000c2a3010007242400c68fdc
:100590001000c2272528400011000424ba18400f7b
:1005a00000000000010007242400c68f1000c227ad
:1005b0002528400012000424ba18400f0000000053
:1005c000010007242400c68f1000c2272528400000
:1005d00013000424ba18400f000000000100072493
:1005e0002400c68f1000c2272528400014000424d0
:1005f000ba18400f00000000010007242400c68f35
:100600001000c2272528400015000424ba18400f06
:1006100000000000010007242400c68f1000c2273c
:100620002528400016000424ba18400f00000000de
:100630000000000025e8c0031c00bf8f1800be8f1b
:100640002000bd270800e00300000000d8ffbd2700
:100650002400bfaf2000beaf25f0a0032800c4af28
:100660001000c227252840001d000424a218400fb6
:1006700000000000500002241400c2a373000224f2
:100680001500c2a31400c227020006242800c58f4b
:10069000252040000c19400f000000001800c22760
:1006a000252840001d000424a218400f000000006f
:1006b0001900c293160040100000000073000224cd
:1006c0001c00c2a31100c3931900c2930800621456
:1006d000000000001c00c227010007242800c68f6c
:1006e0002528400050000424ba18400f00000000e4
:1006f0001c00c0a31c00c227010007242800c68fcd
:10070000252840001d000424ba18400f00000000f6
:100710000000000025e8c0032400bf8f2000be8f2a
:100720002800bd270800e00300000000e0ffbd270f
:100730001c00bfaf1800beaf25f0a003251080003d
:100740002518a0002800c6af2000c2a72510600011
:100750002400c2a32000c3976210023cd34d423450
:10076000190062001010000002110200ffff423069
:10077000ff004230ffff42241000c2a32000c297b6
:10078000a10f422c03004014000000000f000224bf
:100790001000c2a31000c29300110200201c027cb2
:1007a0002400c283251062002014027cff00423026
:1007b0001400c2a31400c227010007242800c68f1a
:1007c0002528400004000424ba18400f000000004f
:1007d0000000000025e8c0031c00bf8f1800be8f7a
:1007e0002000bd270800e00300000000c8ffbd276f
:1007f0003400bfaf3000beaf2c00b0af25f0a00377
:100800003c00c5af3800c4a32520a003258080008c
:100810001400c0a33800c49301008424ffff852482
:100820001800c5af252880002550a00025580000dd
:10083000422f0a00c0380b002538a700c0300a003c
:10084000252880002540a00025480000422f0800f0
:10085000c01809002518a300c0100800251080004a
:1008600007004224c2100200c010020023e8a203c5
:100870001000a227000042241c00c2af1c00c28f3f
:1008800061000324000043a0010002241000c2af55
:1008900009000010000000001c00c38f1000c28f70
:1008a00021106200ffff0324000043a01000c28f4c
:1008b000010042241000c2af3800c2931000c38f61
:1008c0002a104300f4ff4010000000001c00c38ffa
:1008d0003800c29301004224ff004230253040001e
:1008e0003c00c58f252060000c19400f000000005f
:1008f000700002242000c2a32000c22701000724a8
:100900003c00c68f2528400007000424ba18400f79
:10091000000000003c00c28f010042240000429011
:10092000251840003c00c28f020042240000429083
:10093000211062003c00c38f030063240000639019
:10094000211043003c00c38f040063240000639027
:1009500021184300ff00022403006214000000007d
:10096000010002241400c2a31400c29325e800026f
:1009700025e8c0033400bf8f3000be8f2c00b08f3d
:100980003800bd270800e00300000000e0ffbd279d
:100990001c00bfaf1800beaf25f0a0032000c4affd
:1009a0002510a0002800c6af2400c2a32800c68fcf
:1009b0000100052425200000d600400f00000000a3
:1009c000700002241000c2a3010007242800c68f73
:1009d0001000c2272528400007000424ba18400f41
:1009e000000000002400c293253840002800c68f74
:1009f0002000c58f0a000424ba18400f0000000030
:100a00000000000025e8c0031c00bf8f1800be8f47
:100a10002000bd270800e00300000000d0ffbd2734
:100a20002c00bfaf2800beaf25f0a003251080002a
:100a30003000c2a3009d023ccc6e4424ed0e400f5a
:100a400000000000009d023cd46e4424ed0e400fd7
:100a5000000000003000c293608082a388bf033c86
:100a6000106162948410027c106162a488bf033c10
:100a7000306162948410027c306162a488bf033cc0
:100a800010616294c47b027c106162a42520000086
:100a9000a004400f00000000009d023cec6e4424c6
:100aa000ed0e400f0000000080bf033c0058628c38
:100ab000c47b027c005862ac80bf033c0058628c4f
:100ac000c4bd027c005862ac80bf033c0058628cfd
:100ad000c4ff027c005862ac80bf033c4058629463
:100ae000c439027c405862a480bf033c0058628c29
:100af000010004244429827c005862ac80bf033c7e
:100b00000058628c444a027c005862ac88bf033ca7
:100b1000106162948473027c106162a488bf033cfc
:100b20001061629401000424c45a827c106162a4a2
:100b300081bf023c0300032484fa43ac88bf033c1a
:100b400010616294446b027c106162a481bf023c1c
:100b50000300032460fb43ac88bf033c1061629434
:100b60000463027c106162a488bf033c306162941c
:100b7000010004240463827c306162a480bf023cd3
:100b800002000324305843ac80bf033c0058628c01
:100b90000484027c005862ac80bf033c1058628c15
:100ba0008431027c105862ac80bf033c0058628cd8
:100bb000010004240442827c005862ac80bf033ce4
:100bc0000058628c8431027c005862ac80bf033cc8
:100bd0000058628cc45a027c005862ac80bf033c4f
:100be0000058628c8452027c005862ac80bf033c87
:100bf0000058628c44ef027c005862ac80bf033c1a
:100c00000058628c04e7027c005862ac80bf033c51
:100c10000058628c01000424c47b827c005862acc2
:100c200080bf023c2058428c88bf033c1061629414
:100c3000010004248452827c106162a481bf023cc2
:100c40000300032404fa43ac88bf033c0010628c09
:100c5000010004240463827c001062ac88bf033c62
:100c60000010628c4408027c001062ac88bf033c18
:100c7000a010628c0700042484e6827ca01062ac81
:100c800088bf033ca010628c04ce027ca01062ac32
:100c900088bf023c00010324341043ac88bf023cef
:100ca00000010324681043ac206062411000c0a31f
:100cb0001c00c22725304000040005242a0004241b
:100cc0000000400f0000000009004010000000007c
:100cd000009d023c046f4424ed0e400f0000000014
:100ce000010002241000c2a3050000100000000053
:100cf000009d023c2c6f4424ed0e400f00000000cc
:100d00001c00c2936c8082a31000c2933400401078
:100d1000000000002000c227050007242530400005
:100d2000108085270a000424ba18400f0000000034
:100d30002000c227050007242530400010808527a9
:100d400010000424ba18400f000000002000c293d5
:100d50006c8082a32000c2272530400001000524ba
:100d600003000424d600400f000000002000c293be
:100d70006c8082a3009d023c586f4424ed0e400f0e
:100d80000000000088bf033c106062900100042452
:100d90000400827c106062a088bf033c0060629007
:100da000010004240400827c006062a088bf033c30
:100db00010606290010004244408827c106062a0ec
:100dc00088bf033c00606290010004244408827cd8
:100dd000006062a0030004245919400f00000000c5
:100de000020002241400c2af608082931400c58ff9
:100df0001800c68f25204000dd10400f00000000c5
:100e00000400401000000000010002240200001055
:100e1000000000002510000025e8c0032c00bf8f53
:100e20002800be8f3000bd270800e003000000004e
:100e3000e8ffbd271400bfaf1000beaf25f0a00330
:100e40001800c4af1c00c5af608082931800c58f26
:100e50001c00c68f25204000dd10400f0000000060
:100e600025e8c0031400bf8f1000be8f1800bd27f7
:100e70000800e00300000000d0ffbd272c00bfaf3a
:100e80002800beaf25f0a0033000c4af3400c5afca
:100e90003800c6af1000c0af3400c28f0b00432c27
:100ea000980060100000000080180200009d023cc5
:100eb000c40e4224211062000000428c0800400051
:100ec000000000000411009d0411009d0411009d0c
:100ed000c810009d0411009d7810009d0411009d14
:100ee0000411009df00e009d0411009df40f009d63
:100ef0006c808593009d023c7c6f4424ed0e400f76
:100f0000000000006c80829340004230ff004230bd
:100f10000700401000000000009d023c906f442438
:100f2000ed0e400f000000007600001000000000f1
:100f30006c80829320004230ff0042300900401054
:100f400000000000009d023ca86f4424ed0e400ffd
:100f50000000000001000224168082a36900001036
:100f6000000000006c80829310004230ff0042308d
:100f70001a00401000000000009d023cd06f442485
:100f8000ed0e400f00000000168080a370000224c8
:100f90001800c2a31c00c3271800c22701000724a1
:100fa000253060002528400007000424ba18400faf
:100fb000000000001c00c29325284000009d023c58
:100fc000f46f4424ed0e400f000000001c00c2939b
:100fd0006c8082a34b00001000000000009d023cca
:100fe000906f4424ed0e400f0000000045000010fb
:100ff000000000003800c29702120200ffff4230da
:10100000ff004230158082a33800c297ff004230b3
:101010006d8082a3158082936d8083932528600064
:1010200025204000e804400f000000001680829355
:1010300033004010000000001580829325284000f6
:10104000009d023c08704424ed0e400f000000009b
:101050006d80829325284000009d023c207044242e
:10106000ed0e400f00000000bc04400f0000000027
:1010700023000010000000003800c297252840001f
:10108000009d023c38704424ed0e400f000000002b
:101090003800c297ff0042303800c397ff0063302a
:1010a0002528600025204000e804400f00000000d3
:1010b0008e00400f00000000bc04400f0000000044
:1010c0001000001000000000ffff02242000c2a357
:1010d0002000c2272528400007000424a218400f42
:1010e00000000000e80305240f000424b011400fa5
:1010f00000000000000000000200001000000000de
:10110000000000003000c28f1000c48f1400c38f95
:10111000000044ac040043ac3000c28f25e8c0039b
:101120002c00bf8f2800be8f3000bd270800e003d1
:101130000000000000e85d4100701a4000601b40a4
:1011400078ffbd278400bbaf44781b7c001c7b3735
:1011500000609b406c00bfaf6800beaf6400b9afd9
:101160006000b8af5c00afaf5800aeaf5400adaf99
:101170005000acaf4c00abaf4800aaaf4400a9afe1
:101180004000a8af3c00a7af3800a6af3400a5af21
:101190003000a4af2c00a3af2800a2af2400a1af61
:1011a000121000007400a2af101800007000a3af6e
:1011b00025f0a00388bf023c00010324341043ac97
:1011c000700002241000c2a31400c22701000724eb
:1011d000253040001000c2272528400007000424c5
:1011e000ba18400f000000001400c2936c8082a364
:1011f000080002241800c2af1800c48f1c00c58f5d
:101200008c03400f000000000000000025e8c00330
:101210007400a28f130040007000a38f11006000c3
:101220006c00bf8f6800be8f6400b98f6000b88ffc
:101230005c00af8f5800ae8f5400ad8f5000ac8f64
:101240004c00ab8f4800aa8f4400a98f4000a88fa4
:101250003c00a78f3800a68f3400a58f3000a48fe4
:101260002c00a38f2800a28f2400a18f8400bb8fa5
:101270008800bd2700e8dd4100609b401800004267
:10128000f8ffbd270400beaf25f0a0030800c4afdf
:101290000800c28f070040140000000088bf033c14
:1012a00030616294c47b027c306162a40a00001049
:1012b000000000000800c38f010002240600621431
:1012c0000000000088bf033c3061629401000424e8
:1012d000c47b827c306162a40000000025e8c0036a
:1012e0000400be8f0800bd270800e00300000000d6
:1012f000d8ffbd272400bfaf2000beaf25f0a0035c
:10130000168080a3700002241800c2a31c00c3270b
:101310001800c2270100072425306000252840005e
:1013200007000424ba18400f000000001c00c293fc
:101330006c8082a36c808593009d023c7c6f44246a
:10134000ed0e400f00000000050006241000c2272b
:1013500025284000648084270c19400f00000000fd
:1013600001000424a004400f00000000e80304244e
:101370004719400f0000000025200000a004400f86
:10138000000000000000000025e8c0032400bf8f1b
:101390002000be8f2800bd270800e00300000000e9
:1013a000f0ffbd270c00beaf25f0a0032510800084
:1013b0002518a0001000c2a3251060001400c2a3cd
:1013c0001000c3931400c29321106200ff0042304a
:1013d00001004224ff004230271002000000c2a397
:1013e000a0ff0224648082a301000224658082a3fe
:1013f0001000c293668082a31400c293678082a308
:101400000000c293688082a30000000025e8c003aa
:101410000c00be8f1000bd270800e0030000000094
:020000040000fa
:020000041d00dd
:1014200078ffbd279400a7af0000a28c6c00b3af7b
:101430000400d38c1c00a2af0800a28c6400b1afe2
:101440006000b0af2000a2af1000a28c8800a4af53
:101450008c00a5af3400a2af0000c28c0400b18c98
:101460000c00b08c1800a2af1800a38f253000002c
:101470002538000025206000252860028400bfafc9
:101480008000beaf7c00b7af7800b6af7400b5afd8
:101490007000b4af5b1d400f6800b2af0d00400498
:1014a0000080023c1c00a28f040042303700401430
:1014b0002000b28f1c00a28f080042300c004010a8
:1014c0002400a2af20000224000002a206000010a7
:1014d000ffff5226269853002d000224000002a28e
:1014e0002000a28fffff5224010002242400a2af9b
:1014f0002400a38f211803022c00a3af1800a38f90
:101500002600601400f0627ef07f033c2400431448
:10151000f07f043c9400a28fbfff42241a00422cab
:101520001c004010019d053c019d053c8490a524b4
:101530007c23400f2c00a48f3023400f2520000275
:101540001c00a38f2000a78f8800a48f1000a3afda
:1015500025280002e81d400f253040008400bf8f81
:101560008000be8f7c00b78f7800b68f7400b58f77
:101570007000b48f6c00b38f6800b28f6400b18fbd
:101580006000b08f0800e0038800bd27d3ff001083
:101590002b000224e6ff00108890a524f07f043c75
:1015a000010083242b184300050060509400a28f93
:1015b0000c0044141800a28f0a0040109400a28f5f
:1015c000bfff42241a00422c04004050019d053cfc
:1015d000019d053cd6ff00108c90a524d4ff00107f
:1015e0009090a5241800a38f253000002538000016
:1015f00025206000101d400f25286002019d173c2a
:10160000019d033c3000a3afc88ef58ecc8ef68ec4
:101610001300401425a00000d823400f9400a48f8d
:101620002014027c2800a2af2800a38fa501200669
:1016300067000224570062142800a98f010020527d
:1016400001001124fcff822a030040142a10910299
:1016500096014014000000005a00001065000924a3
:10166000019d023cd08e4a8cd48e4b8c253040019b
:10167000253860012520a0022528c0023800aaaf25
:10168000d717400f3c00abaf1800a48f253860027d
:1016900025286000253080002520400025f04000ee
:1016a000101d400f2800a3af2d00401c2800a38f61
:1016b0003800aa8f3c00ab8f0100942625a8c003f8
:1016c000eaff001025b06000130040102800a28f30
:1016d000110040141800a38f3800a68f252860023f
:1016e0002538c003d717400f252060004800a68f7b
:1016f0005000a78f2520a0022528c0021800a2af05
:10170000d717400f2598600025a84000010002244b
:1017100025b060002800a2af4000a68f4400a78f2c
:101720002520a002bf0d400f2528c00225a840009b
:1017300025b06000ffff94261800a38f2530a0027b
:101740002538c002252060005b1d400f252860025f
:10175000ddff4204d4fe822aafff0010000000002b
:10176000019d023cd88e438cdc8e5e8c3000a28fb3
:101770003800a3af4800a3afd48e438cd08e428ce8
:101780002800a0af5000beaf4000a2afeaff00109b
:101790004400a3af660002240a002215010031268e
:1017a000040081062800a38fc88ef58ecc8ef68e9d
:1017b00025a00000670002240200621066000924d0
:1017c000218834021800ac8f2558a0022550c00291
:1017d00025b86002257000002530600125384001e1
:1017e000252080012528e0025c00a9af5800aeaf9b
:1017f0005000abaf5400aaafbf0d400f4800acafd4
:1018000025204000a61d400f2528600025286000e7
:10181000252040004400a3afcf20400f4000a2afde
:101820004000ac8f4800af8f5400aa8f5000ab8fa0
:101830004400ad8f25f0e0020080173c2620fe0218
:1018400025306001253840012528a0011000afafe8
:101850001400a4af252080014800aaaf4e09400f14
:101860003800a2af4000a2af25f040003000a28fa8
:101870005000ab8f4800aa8fd08e468cd48e478cf8
:101880002520600125284001bf0d400f26b8e30246
:101890005800ae8f25584000255060000100ce252d
:1018a0004000ac8fccff2e165c00a98f019d023c3e
:1018b000e08e468ce48e478c252060012528600050
:1018c000d717400f4800a9af2530400025386000e9
:1018d0002520c0032528e0024000a2af5b1d400f79
:1018e0004400a3af100040044800a98f4000aa8f15
:1018f0004400ab8f2520c00325304001253860010e
:10190000101d400f2528e0024000aa8f4400ab8f35
:10191000070040144800a98f3800a28f0100423010
:10192000040040141800a38f255000002558000023
:101930001800a38f2530400125386001252860025a
:10194000252060004b12400f4800a9af25f0400051
:101950001800a2af3000a28f2520a0022528c002c7
:10196000d08e468cd48e478c25b86000d717400f98
:101970003800a3af252040002530c0032538e00201
:1019800025286000259840005b1d400f4000a3af54
:101990005400401c4800a98f6600022401009426d0
:1019a000520022154000ab8f0100312625b0800285
:1019b0002400b58f2310d1024000a2af25f0000013
:1019c000258800004000a28f0700561025b8a0020d
:1019d0008c00a28f1000428cfbff42242b10a2022d
:1019e000470040141800a38f070020161c00a28f88
:1019f000100042300400401021b817022e000224cb
:101a00000100b5260000e2a2212015026500022493
:101a100022002215000080a0030081062518000086
:101a200023a01400010003243400a28ffeff4a26e5
:101a30000a000724ffff4224212802020000a0a080
:101a40000200052488008016219045018600a01c14
:101a50002d0006242b0005240b28c3002518a00008
:101a600021280202ffffa3a09400a38f45000524b4
:101a7000feff4224bfff63241a00632c0b48a3001f
:101a80002aa8a202212802020000a9a00300a01295
:101a9000feff52267c23400f000000001c00a28f96
:101aa0000200032403004230a3fe431400000000a0
:101ab000a1fe401a000000003023400f2520000244
:101ac0002400a38f2a1843007100601025304002c3
:101ad0002c00a48f7223400f3000052496fe0010c6
:101ae0002000a0af2598a0022558c0026500363915
:101af000251080020a101600adff001025b040002e
:101b00003800a28f25386001253060022520600052
:101b1000252840005400a9afbf0d400f5000abafc7
:101b200025204000a61d400f2528600025204000ec
:101b3000252860004c00a3afcf20400f4800a2af83
:101b40000a004428090003240a1064001c00a38f23
:101b50004800ae8f4c00af8f100063302518620034
:101b60005000ab8f0c0060145400a98f2800a48f84
:101b70006700032408008314000000001d00c00655
:101b80000100d7272518a0022120150225b8c0037f
:101b90000e00001030000524fbff20162518a002bf
:101ba000faffc3062120150221b817022e000324d4
:101bb0000100b526ffff52260000e3a2f1ff00104e
:101bc00001001124fffff72601008424fdffe056e9
:101bd000000085a0ffff52260100b5262118030250
:101be00023905e0221a8be023000422421f07e0034
:101bf0000000c2a33800a28f1800a58f00801e3cf1
:101c00002620c20325306002253860011000a5aff0
:101c10001400a4af2528e0012520c0015000a9af81
:101c20004e09400f4800abaf1800a2af2610c30307
:101c30003800a2af3000a28f4800ab8f2520600291
:101c4000d08e468cd48e478c25286001bf0d400f66
:101c5000ffffd626259840002558600025f0e002b9
:101c600058ff00105000a98f1a008702f401e0000d
:101c7000ffff422421580202ffffa524103000007c
:101c80003000c624000066a16eff001012a0000004
:101c90002118020200006480211842022118030268
:101ca000000064a086ff0010ffff4224c1fe8106f1
:101cb0002800a38fb7fe00106600092461fe001003
:101cc000060011245ffe621006001124b1fe001010
:041cd0002548600043
:020000040000fa
:020000041d00dd
:101cd4000400a28c70ffbd278000b6af1c00a2af29
:101ce4000800a28c7c00b5af0000d68c0400d58c13
:101cf4001800a2af1000a28c8800beaf6c00b1af78
:101d04006800b0af9000a4af2588e0000000be8c4e
:101d14000c00b08c25300000253800002520c002be
:101d24002528a0028c00bfaf8400b7af7800b4af01
:101d34007400b3af7000b2af5b1d400f4000a2afa0
:101d4400080040040400c233340040140800d433b3
:101d54001800a28f0b0080123000a2af0400001004
:101d6400200002240080023c26a855002d000224f5
:101d7400000002a21800a28f01001424ffff4224d5
:101d84003000a2afbfff232600f0a27e2500c016bc
:101d94002000a3aff07f033c23004354f07f053cb5
:101da4002000a28f019d113c212014021a00422c14
:101db4000300401078902526019d053c7490a524cd
:101dc4007c23400f00000000789024263023400f2d
:101dd400000000001800a78f9000a48f1000beaf71
:101de40025280002e81d400f253040008c00bf8fdd
:101df4008800be8f8400b78f8000b68f7c00b58fbb
:101e04007800b48f7400b38f7000b28f6c00b18f00
:101e14006800b08f0800e0039000bd27d4ff0010d5
:101e24002b000224f07f053c2000a48f0100a32492
:101e34002b18430021b81402050060101a00842cea
:101e44000c004514300002240b00c0125800032477
:101e5400019d113c0300801080902526019d053cc6
:101e64007c90a5247c23400f2520e002d7ff00109e
:101e740080902426580003240000e2a27800022463
:101e84000b10640025300000253800002520c00216
:101e94002528a002101d400f4400a2af019d033c61
:101ea40025980000a08d718c15014014a48d728cae
:101eb4001c00a28f1c00a48f1800032400004228d9
:101ec4000a1882004400a28f3800a3af25482002dc
:101ed4000100e2a2010062244400a2af25404002b6
:101ee4002800b6af2400b5af25b800002800ab8f9a
:101ef4002400aa8f253020012520600125284001d7
:101f0400253800012400abaf2800aaaf5400a9afc4
:101f1400bf0d400f5000a8af25204000a61d400f64
:101f2400252860005400a98f5000a88f2520400068
:101f34002530200125380001252860005800a9af6c
:101f44005400a8af4800a2afd717400f4c00a3af6e
:101f54002400ab8f2800aa8f253040002520600183
:101f6400252840014912400f25386000019d0c3c92
:101f74005800a98f5400a88fb88d868dbc8d878d8d
:101f840025202001252800012800a2af6000a2af6f
:101f94002400a3af5c00a3afd717400f5000acaf31
:101fa400254840001c00a28f254060000d0041041c
:101fb4000100f7266000ab8f5c00aa8f253000007b
:101fc4002538000025206001252840015400a9afd0
:101fd400101d400f5800a3af5400a98f05004010f6
:101fe4005800a88f4400a28fc0ff57143800a28f56
:101ff40001005724019d023cc08d468cc48d478c42
:1020040025202001d717400f252800012530400046
:10201400253860003800a2af3c00a3af2400a28f93
:102024002800a38f252840005b1d400f2520600059
:10203400150040043800a88f3c00a98f2800a38f06
:102044002400a28f253000012538200125206000be
:10205400101d400f252840003800a88f0c004014a4
:102064003c00a98f4800a48f4c00a58f2800a8af7e
:10207400cf20400f2c00a9af010042302800a88fc8
:10208400030040142c00a98f2540000025480000bf
:1020940025300001253820012520c0024b12400fb5
:1020a4002528a0022400a3af020094262800a2af92
:1020b4000400401400f0637cf07f023c39ff62109e
:1020c4002000a28f3000a28f25a88002254800009e
:1020d400feff4a24231017003800a2af25b80000e1
:1020e40025b000004000a28ffbff42242b10a20267
:1020f400370040102568a0022800a38f2400a28f77
:102104002530200225384002252060002528400083
:102114005400aaaf4400a9afbf0d400f4800adafb3
:1021240025204000a61d400f2528600025204000e2
:10213400252860003000a2afcf20400f3400a3afa9
:102144004800ad8f4400a98fb50040145400aa8ff5
:10215400bc00c0522bb81700010029253000a48f01
:102164003400a58f25302002253840024400aaaf50
:10217400d717400f4800a9af25304000253860002c
:102184002400a28f2800a38fffffd6262528400015
:102194004912400f252060002800a2af5000a28ff2
:1021a4002520200225284002b88d468cbc8d478c02
:1021b400d717400f2400a3af258840003800a28f12
:1021c400259060004800a98fc6ff56144400aa8fca
:1021d4001400e01621201502cf0020112110150251
:1021e4001c00a38fcc0060180100c333ca00601424
:1021f4002e000324000043a02118350121180302f6
:1022040030000424010044a001004224fdff4314d3
:1022140021403501274809000100152521502a01d4
:1022240021201502000080a003006106251800008b
:1022340023981300010003244000a28fffff4a25c6
:1022440001000924ffff4224212802020000a0a06b
:102254000a000724010005249e0060162188450118
:102264009c00a9102d0006242b0005240b28c30074
:102274002518a00021280202ffffa3a02000a38f9d
:1022840050000624700005241a00632c0b28c30098
:10229400feff42242518a000212802022a10a202cf
:1022a400030040100000a3a07c23400f00000000a6
:1022b4000300c233020003240c004314feff322641
:1022c400c2fe401a252000023023400f25200002c0
:1022d4002a1854008900601025304002300005247b
:1022e4007223400f212014021800a0afb7fe001083
:1022f4002520000201007326258820012590600016
:102304002530200225384002252020024b12400fa0
:102314002528400225386000253040002520c002d1
:102324002528a0022800a3af5b1d400f2400a2af04
:102334002800a38fefff41042400a98f019d023cd4
:10234400a88d438cac8d428c2800a3af2400a2af8f
:10235400019d023cb08d438cb48d428c3800a3aff8
:102364004800a2af4800a28f5000a3af5400a2af10
:102374002800a28f5800a2af2400a28f5c00a2af55
:1023840025302002253840022520c0025b1d400f65
:102394002528a002c6fe41042800a68f2400a78f8a
:1023a40025202002d717400f252840022520400071
:1023b4002530000025380000101d400f252860003e
:1023c4000e0040143800a68f4800a78f2520200255
:1023d400d717400f252840025000a68f5400a78f1e
:1023e4002520c0022528a00225884000d717400fc9
:1023f4002590600025b0400025a860005800a68ff5
:102404005c00a78f25202002d717400f2528400203
:102414002588400025906000d9ff0010ffff732637
:102424000900e0162518a0020700c01221680d0259
:102434002e0003240100b526ffff4a250000a3a1b6
:10244400010017242518a0022128150225202001a7
:1024540004000010300006240000a6a0ffff84241e
:102464000100a524fcff80140100a826ffff4a25d3
:102474002350490121a80901214823010a004328c6
:10248400214809020200601057004424300044240b
:102494002000a28f1a00422c0b004010200082342e
:1024a4009fff42241a00422c08004050000024a13f
:1024b4004400a9afe623400f4800aaaf4400a98f07
:1024c4004800aa8f25204000000024a123ff00100b
:1024d400254800001a006702f401e000ffff4224cf
:1024e40021580202ffffa524103000003000c6244a
:1024f400000066a158ff0010129800002118020283
:10250400000064802118220221180302feff64a047
:102514006fff0010ffff42241000c33341ff60101f
:10252400212015022e0003240100b5263cff0010d3
:04253400000043a0c0
:020000040000fa
:020000041d00dd
:1025380078ffbd278800a4af9000a6af9400a7af8e
:10254800253080002538a0003000a4278400bfafc4
:102558008c00a5af8000beaf6c00b3af6800b2af0f
:102568009c00b38f9800b28f7c00b7af7800b6afed
:102578007400b5af7000b4af6400b1af0c20400f69
:102588006000b0af9000a68f9400a78f0c20400f7a
:102598002000a42725304002253860020c20400f77
:1025a8001000a4273800be8fcb03c22b06004010b2
:1025b8009000a68f2800af8fcb03e2290e004014ad
:1025c8001800a68f9000a68f9400a78f8800a48f6c
:1025d800d717400f8c00a58f2530400025386000a4
:1025e800252040024b12400f25286002259040000c
:1025f8000600001025986000cb03c2281100401483
:10260800cb030224f0ffc2149000a68f8400bf8f72
:1026180025104002251860028000be8f7c00b78f0d
:102628007800b68f7400b58f7000b48f6c00b38fcc
:102638006800b28f6400b18f6000b08f0800e003bb
:102648008800bd273000a28f2000ac8f2400a48f03
:102658003400b88f19004c0021f0cf032388de0026
:10266800104800004400a9af124000004000a8af85
:102678004000a98f19004400121000001018000033
:1026880019000c031260000021704c002b28c201b5
:10269800106800004400a28f21686d00190004032f
:1026a8004400a38f2170c2012128ad002b20c30153
:1026b80012c00000212805032b10b8002120a40017
:1026c80010c80000211059002b28850025808000a3
:1026d800ad00201a21b0a2004000222a1000af8fbe
:1026e800790040101400b78f2520e0012528e0026a
:1026f800253020025400aeaf5000a9af0923400f87
:102708004c00afaf4c00af8f400006242528e002f4
:102718002520e0012330d1004800a2affa22400f63
:102728004000a3af4000b88f4800a78f5000a98f82
:102738005400ae8f2578400025b860002c00a28f89
:102748003c00b18f268822021c00a28fb9005114c8
:102758002150e9002b90470121700e0321a04e0261
:102768002b10980225a840010600401401000624f9
:10277800030014172b3847010300e0142158f00117
:10278800253000002158f0012b786f012110f60246
:102798002158cb002110e2012b30660121c8c2006c
:1027a80025206001252820034800abafd221400f27
:1027b8004000b9afffff5324400006242330d30064
:1027c8002520a002fa22400f252880024800ab8f5e
:1027d8004000b98f2530600225206001252820039c
:1027e800258040000923400f2590600025306002b5
:1027f8002520a00225288002258002020923400ff7
:1028080025904302251043002b1002004000de27cc
:1028180025800202252000020500201225284002fa
:10282800232010002b100400232812002328a200c4
:10283800b521400f23f0d30325b04000c4fbc22bc1
:10284800fc00401025b86000c3fb0224ff00c2173b
:1028580080251000b8002012019d023cf08e548c97
:10286800f48e558c2530c0022538e00225208002e0
:10287800101d400f2528a002b3004014019d023c02
:10288800f88e468cfc8e478c2520c002d717400f47
:102898002528e00225286000281e400f252040003a
:1028a800e11f400f25204000019d043c008f868ccd
:1028b800048f878c25286000d717400f25204000fb
:1028c8004bff001025904000c0ff3126c0ffde24da
:1028d8002538000099ff201225c000004000222a58
:1028e8004c0040104000a48f40000b242358710175
:1028f800253060012528c0015800b8af5400a7afa3
:102908005000afaf4c00abaf0923400f4800aeaf4b
:102918004800ae8f4000a48f251043002528c00131
:1029280025302002fa22400f2ba802004c00ab8f62
:10293800252000022528c0022530600125a060005e
:102948000923400f25a8a2022548a2022570830268
:10295800252000022528c002253020024800a9af02
:10296800fa22400f4000aeaf2580400025b060003d
:102978004000ae8f4800a98f5000af8f5400a78f3a
:102988006eff00105800b88f2388c6030500201674
:102998001000a78f1400b88f2578000067ff00107b
:1029a80025b800004000222a1f0040101000aa8ffe
:1029b8001400ab8f40000624252040012528600123
:1029c8002330d1004c00aeaf4800a9af4000aaaff9
:1029d8000923400f4400abaf4000aa8f4400ab8fdf
:1029e80025104300253020022520400125286001bc
:1029f800fa22400f2ba002002538820225c0600071
:102a08002578000025b800004800a98f4bff00106a
:102a18004c00ae8f010009242570000025800000bd
:102a280046ff001025b0000001000724daff00105f
:102a380025c00000235027012b182a012340d80164
:102a480023a003012b10d40125a8400101001f2455
:102a5800060040142530000004008e5625f80000ba
:102a68000300601423180f0225f8000023180f0232
:102a78002bc803022310d7022310590023587f00c4
:102a88002b186b002310460023c8430013002107ae
:102a98002350e9002b38ea0023400e032320f001dd
:102aa80023a007012b78e4012310f60225585401ce
:102ab80021f89f0023104f002b580b002b20e40314
:102ac800211046002358eb03211082002bf8eb035a
:102ad80025a8400123c85f000100312e2510790187
:102ae8002fff40142510b402b6fe40102520a00286
:102af800d221400f25288002ffff532407006106da
:102b0800c017140042801500258050000100aa3229
:102b180025800a023fff0010429014002530600211
:102b28002520a0020923400f252880022580400087
:102b380038ff001025906000019d023ce88e548cff
:102b480048ff0010ec8e558c4015100039004010dd
:102b5800c01712004220100025204400422812000d
:102b6800010010320040023c252090000500201290
:102b780025284500232004002b10040023280500e5
:102b88002328a200b521400f000000002530400096
:102b980025386000252040004b12400f2528600092
:102ba80025204000253080022538a0024912400f18
:102bb8002528600025804000019d023c008f468c3e
:102bc800048f478c2520000225286000d717400f66
:102bd8002588600025304000253860002520400009
:102be800d717400f2528600025300002253820021d
:102bf8002520000225282002259040004912400f78
:102c080025986000253040002538600025204002c6
:102c1800d717400f252860022520400025300002e4
:102c2800253820024b12400f2528600025b04000af
:102c380025b860002530c0032520c002a51e400f1e
:102c48002528e0026afe0010259040008015120039
:102c580082821000258050002b200400252090003f
:102c680025284002821504000448057c25284500d3
:102c78000500201280220400232004002b100400e9
:102c8800232805002328a200b521400f00000000da
:082c9800e7ff001025b0400029
:020000040000fa
:020000041d00dd
:102ca00018ffbd27dc00b4afd800b3afd400b2af7b
:102cb000d000b1afe400bfafe000b5afcc00b0af23
:102cc000259080002588c000b800a5af2598000099
:102cd000019d143cb800a58f0000a280e4004010c4
:102ce000ffff02249c00a2af1800a227a400a2affd
:102cf000800002249800a0afa000a0afa800a2af5f
:102d000025800000250003242110b000000042802f
:102d10000300401000000000fbff43540100102698
:102d20000600001225300002ab20400f2520400293
:102d3000b800a28f21105000b800a2afb800b58f24
:102d4000250002240000a382c20062140100b526ff
:102d5000b800b5af2b0005242d0006243000032455
:102d60002000072423000824b800a48f00008280dc
:102d70001b0045509800a28f2c0049281e002011ee
:102d800000000000180047509800a28f180048501b
:102d90009800a28f2a0003241e0043500000228eb8
:102da0007821400f00000000a000a2afb800a38f60
:102db00000006280d0ff42240a00422c2100401013
:102dc00001006324f9ff0010b800a3af01004234f2
:102dd000010084249800a2afe3ff0010b800a4af64
:102de000fbff001004004234f9ff001008004234d9
:102df000f7ff001010004234f4ff46509800a28ff5
:102e0000e5ff43542a0003249800a28ff0ff00102e
:102e10000200423401008424b800a4af040043241b
:102e20000000428c000023ae06004104a000a2afc7
:102e30009800a38f23100200a000a2af0100633806
:102e40009800a3af9800a28f0100433002006010e9
:102e50004408027c9800a2afb800a28f2e00032481
:102e6000000044800d008314010044249c00a0afa6
:102e7000b800a4af010045802a0003242300a31456
:102e800002004224b800a2af0000228e04004324b6
:102e90000000428c000023ae9c00a2af3422400f01
:102ea000b800a427c000a2afb800a28fd823400f5b
:102eb000000044806900032477004310c000a58f00
:102ec0006a0043282f00601063000324be004310f3
:102ed000640043281800601025000324cb00431031
:102ee000610003244f00435025302002ffff0224dd
:102ef000b800b5af9800a0afa000a0af9c00a2aff3
:102f00001000a0afc9000010253800007821400f44
:102f1000000000009c00a2afb800a38f00006280f8
:102f2000d0ff42240a00422cdcff40100100632441
:102f3000f9ff0010b800a3af64000324560043104b
:102f400068004228eaff4010ffff022425302002db
:102f50005f22400fb000a42797004010b800a28f56
:102f6000b000a6279800a52701004324b800a3af0e
:102f7000000047800805400f252040023500001062
:102f800021800202700003246e0043107100432868
:102f9000130060106e000324830043106f000324ad
:102fa000d3ff4314ffff0224253820022530000000
:102fb000f01a400fb000a4277f004010b800a28f85
:102fc000b000a6279800a527010042242520400232
:102fd000681e400fb800a2af1e0000102180020240
:102fe000750003243a004310780003244600431080
:102ff00073000324bdff4314800002246e00a2145a
:10300000b800a28f2538000001004224b800a2af0a
:103010000000228e04004324000023ae760000103e
:103020000000468c5f22400fb000a42762004010d1
:10303000b800a28fb000a6279800a527010043245e
:10304000b800a3af000047803507400f252040029d
:1030500021800202218070022a98130277006012f8
:1030600000a0023c4f000324ac0543acffff132437
:10307000e400bf8f25106002e000b58fdc00b48f44
:10308000d800b38fd400b28fd000b18fcc00b08ff6
:103090000800e003e800bd272538200201000624cf
:1030a000f01a400fb000a42743004010b800a28fd0
:1030b000b000a6279800a527010042242520400241
:1030c0006d1c400fb800a2afe2ff00102180020289
:1030d0002538200225300000f01a400fb000a42748
:1030e00035004010b800a28fb000a6279800a52791
:1030f0000100422425204002b21f400fb800a2afb9
:10310000d4ff001021800202253820022530000063
:10311000f01a400fb000a42727004010b800a28f7b
:1031200001004324b800a3af00004780b000a627e9
:103130009800a527001a400f25204002c5ff001067
:10314000218002022538200225300000f0000524ed
:10315000f01a400fb000a42717004010b800a28f4b
:10316000b400a38f01004224b800a2afb000a28f28
:1031700025104300edff4014780007243023400f52
:10318000b49084269800a38fa000a78f253040001c
:103190001000a3afb4908526e81d400f2520400203
:1031a000acff00102180020225382002213070027d
:1031b000e11e400fb000a427b800a28f01004224f6
:1031c000a4ff0010b800a2af80000224faffa214ee
:1031d000b800a28f01000724b000a62701004224f6
:1031e000b800a2af0000228e040043240000428ced
:1031f000000023aeb000a2a39800a5273620400f00
:103200002520400293ff001021800202800002244a
:10321000e9ffa214b800a28fa000a78f01004224ea
:10322000b800a2af9800a28f1000a2af019d053c8c
:1032300001000624d8ff0010bc90a524a5fe0010b4
:0432400025980002cb
:020000040000fa
:020000041d00dd
:10324400e8ffbd271400bfaf1000beaf25f0a003f8
:103254001800c4af1800c48fa60d400f0000000072
:103264000e004010000000001800c28f0800428cbd
:10327400010043241800c28f080043ac1800c28f19
:103284000800438c1800c28f0c00428c03006214a7
:10329400000000001800c28f080040ac1800c28f64
:1032a4000400428c010043241800c28f040043ac84
:1032b4001800c28f0400438c1800c28f0c00428c8b
:1032c40003006214000000001800c28f040040ac28
:1032d4000000000025e8c0031400bf8f1000be8f5b
:1032e4001800bd270800e00300000000f8ffbd2718
:1032f4000400beaf25f0a0030800c4af0800c28fcd
:103304000800428c010043240800c28f080043ac2b
:103314000800c28f0800438c0800c28f0c00428c46
:1033240003006214000000000800c28f080040acd3
:103334000000000025e8c0030400be8f0800bd277c
:103344000800e00300000000e0ffbd271c00bfaf41
:103354001800beaf25f0a0032000c4af2400c5af01
:103364004c8082930019020000a0023c880542248c
:10337400211062001000c2af4c80829301004224ed
:10338400ff0042304c8082a31000c28f2000c38f04
:10339400000043ac1000c28f2400c38f0c0043ac68
:1033a4001000c48ff30c400f000000001000c28f07
:1033b40025e8c0031c00bf8f1800be8f2000bd2766
:1033c4000800e00300000000f8ffbd270400beafc2
:1033d40025f0a0030800c4af0800c28f040040ac6d
:1033e4000800c28f080040ac0000000025e8c003bc
:1033f4000400be8f0800bd270800e00300000000a1
:10340400e0ffbd271c00bfaf1800beaf25f0a0032e
:103414002000c4af2000c28f0c00428c1000c2af49
:103424002000c48fa60d400f0000000001004238a8
:10343400ff00423019004010000000002000c28f3d
:103444000400438c2000c28f0800428c2b106200c1
:1034540009004014000000002000c28f0400438cc7
:103464002000c28f0800428c231062001000c2affb
:103474000a000010000000002000c28f0c00438ce2
:103484002000c28f0400428c211862002000c28fe9
:103494000800428c231062001000c2af1000c28fdb
:1034a40025e8c0031c00bf8f1800be8f2000bd2775
:1034b4000800e00300000000f8ffbd270400beafd1
:1034c40025f0a0030800c4af0800c28f0c00428c92
:1034d40025e8c0030400be8f0800bd270800e003f0
:1034e40000000000e8ffbd271400bfaf1000beaf0e
:1034f40025f0a0031800c4af2510a0001c00c2a32f
:103504001800c28f0000438c1800c28f0400428c44
:10351400211062001c00c393000043a01800c48f54
:10352400910c400f000000000000000025e8c003db
:103534001400bf8f1000be8f1800bd270800e003e1
:1035440000000000e0ffbd271c00bfaf1800beafa5
:1035540025f0a0032000c4af2510a0002400c2a3be
:10356400ffff02241000c2af2000c48fa60d400f3d
:103574000000000001004238ff0042300c004010ff
:10358400000000002000c28f0000438c2000c28f86
:103594000400428c211062002400c393000043a065
:1035a4002000c48f910c400f000000001000c0af39
:1035b4001000c28f25e8c0031c00bf8f1800be8f07
:1035c4002000bd270800e00300000000e0ffbd2745
:1035d4001c00bfaf1800beaf25f0a0032000c4af8d
:1035e4002400c5afffff02241000c2af2000c48f27
:1035f400960d400f0000000001004238ff004230e9
:103604000d004010000000002000c28f0000438c19
:103614002000c28f0800428c2110620000004390f9
:103624002400c28f000043a02000c48fbc0c400fb4
:10363400000000001000c0af1000c28f25e8c003d6
:103644001c00bf8f1800be8f2000bd270800e003b8
:1036540000000000f8ffbd270400beaf25f0a00362
:103664000800c4af0800c28f0400438c0800c28f56
:103674000800428c261062000100422cff004230f8
:1036840025e8c0030400be8f0800bd270800e0033e
:1036940000000000f0ffbd270c00beaf25f0a00322
:1036a4001000c4af1000c28f0400428c01004224f9
:1036b4000000c2af1000c28f0c00428c0000c38f08
:1036c40002006214000000000000c0af1000c28fae
:1036d4000800428c0000c38f261062000100422cb7
:1036e400ff00423025e8c0030c00be8f1000bd2748
:0836f4000800e00300000000e3
:020000040000fa
:020000041d00dd
:1036fc004050050042550a00c04a0500427d0400b6
:10370c0025482f01c042040000800e3c25482e01a4
:10371c0040680700426d0d00c0620700427d060044
:10372c0025608f01c05a060025608e012628a7004f
:10373c002428ae00ffff4f25fe07e12dcb00201003
:10374c0000000000ffffaf25fe07e12df400201064
:10375c000000000023504d01ff034a2542400800a1
:10376c00c07f090025400f0142480900023c0c00b3
:10377c00f401e0001b00270112700000104800004b
:10378c00ffff86311900ce0012200000004c09000a
:10379c00027c080025482f012b7824010600e0113b
:1037ac0023482401ffffce2521482c012b082c0196
:1037bc00fcff201000000000f401e0001b002701ba
:1037cc0012380000104800001900c7001220000039
:1037dc00004c0900ffff0f3125482f012b782401e5
:1037ec000600e01123482401ffffe72421482c01a7
:1037fc002b082c01fcff20100000000000740e00b0
:10380c002170c7011900cb011238000010200000f4
:10381c00000008242b780701234007012b102f01ef
:10382c0023482f012b7824012578e2010b00e011ad
:10383c0023482401ffffce2521400b012b780b01df
:10384c0021482c0121482f0102002c1100000000fe
:10385c002b782c01f7ffe0110000000006002c155e
:10386c000000000025200b002548080000000d2456
:10387c002a00001025380d00023c0c00f401e00079
:10388c001b0027011268000010480000ffff863162
:10389c001900cd0012200000004c0900027c080029
:1038ac0025482f012b7824010600e0112348240120
:1038bc00ffffad2521482c012b082c01fcff20100b
:1038cc0000000000f401e0001b002701123800008a
:1038dc00104800001900c70012200000004c09001d
:1038ec00ffff0f3125482f012b7824010600e01132
:1038fc0023482401ffffe72421482c012b082c012d
:10390c00fcff201000000000006c0d002168a701d6
:10391c001900ab0112380000102000000000082430
:10392c002b780701234007012b102f0123482f016f
:10393c002b7824012578e2010b00e01123482401a7
:10394c00ffffad2521400b012b780b0121482c01e9
:10395c0021482f0102002c11000000002b782c01b3
:10396c00f7ffe011000000000600c0050000000099
:10397c002a78a0012168ad012170ce012170cf0100
:10398c00ffff4a25257828010200e0110000000005
:10399c000100ad3525480e0025400d00ffff4f25d9
:1039ac00fe07e12d15002010000000000004082582
:1039bc0000040f2d21482f012b782f0121504f018e
:1039cc00c27a08000100ef3123400f01c222080027
:1039dc00407d090025208f0040780900027b0f00f4
:1039ec002528af00007d0a002528af002510040013
:1039fc00251805000800e003000000004400401ded
:103a0c000000000001000e242370ca012000c12d0b
:103a1c000700201400000000e0ffce212b2008003e
:103a2c000d00091025402401f8ff00100000093496
:103a3c000900c0110000000022300e000420c80054
:103a4c000430c9000640c8010648c90102008010b4
:103a5c002540c800020008350004082500040f2d7d
:103a6c0021482f01d6ff0010c25709002a78000107
:103a7c0021400801214829011700401521482f0138
:103a8c00257828011400e011000000000800201522
:103a9c0000000000030000150000000029ff0010ca
:103aac0000000a242548000100000824e0ff4a25f4
:103abc0020702e7123ffc0110000000023504e0116
:103acc0022300e000630c8000440c8010448c90169
:103adc001cff00102548260105004d1500000000b4
:103aec0040780c002578eb012b00e0110000000061
:103afc00ff0701240a00a11100000000bbff4011c8
:103b0c0000000000257828012300e01500000000cb
:103b1c00f07f013c2528a100b4ff00100000042414
:103b2c002a78600121586b0121608c011700a015c7
:103b3c0021608f0125788b01f5ffe011000000005a
:103b4c000800801500000000030060150000000054
:103b5c0000ff001000000d242560600100000b2404
:103b6c00e0ffad2520708e71fafec0110000000040
:103b7c002368ae0122300e000630cb000458cb0176
:103b8c000460cc01f3fe00102560860125788b01c2
:103b9c000200e01100000000f8ff053c93ff00104c
:083bac000000042400000000e9
:020000040000fa
:020000041d00dd
:103bb40058ffbd27a400bfafa000beaf25f0a003ef
:103bc400a800c4afac00c5afb000c6afb400c7af67
:103bd400ac00c2271c00c2af2400c2272000c2af21
:103be4002000c28f000040a0a100001000000000cf
:103bf400a800c28f00004380250002240b0062103d
:103c040000000000a800c38f01006224a800c2af16
:103c14002000c28f010044242000c4af0000638050
:103c2400000043a09200001000000000a800c28f12
:103c340001004224a800c2afa800c28f0000428045
:103c440064000324170043100000000065004328ab
:103c54000900601000000000250003246a004310de
:103c64000000000063000324410043100000000032
:103c74006c00001000000000750003242f004310a6
:103c840000000000780003241f004310000000001f
:103c94007300032441004310000000006100001081
:103ca400000000001c00c28f040043241c00c3afaa
:103cb4000000428c1400c2af1400c28f09004104fa
:103cc400000000002000c28f010043242000c3af85
:103cd4002d000324000043a01400c28f231002000f
:103ce4001400c2af1400c28f2000c3270a000624a8
:103cf4002528400025206000c70f400f0000000069
:103d040058000010000000001c00c28f040043246f
:103d14001c00c3af0000428c1800c2af2000c227b1
:103d2400100006241800c58f25204000c70f400f3f
:103d3400000000004b000010000000001c00c28fb7
:103d4400040043241c00c3af0000428c1800c2af1f
:103d54002000c2270a0006241800c58f2520400031
:103d6400c70f400f000000003e00001000000000dc
:103d74001c00c28f040043241c00c3af0000448c09
:103d84002000c28f010043242000c3af201c047c08
:103d9400000043a033000010000000001c00c28f8c
:103da400040043241c00c3af0000428c1000c2afc7
:103db4001000c28f0e00401400000000019d023c60
:103dc400288f42241000c2af090000100000000038
:103dd4001000c38f010062241000c2af2000c28f04
:103de400010044242000c4af00006380000043a00d
:103df4001000c28f00004280f5ff40140000000054
:103e040018000010000000002000c28f01004324ad
:103e14002000c3af25000324000043a011000010bc
:103e2400000000002000c28f010043242000c3af23
:103e340042000324000043a02000c28f0100432459
:103e44002000c3af41000324000043a02000c28f20
:103e5400010043242000c3af44000324000043a016
:103e640000000000a800c28f01004224a800c2afd5
:103e7400a800c28f000042805dff401400000000d3
:103e84002000c28f000040a02400c2272000c2af3f
:103e940016000010000000002000c28f00004380c4
:103ea4000a00022408006210000000002000c28ff3
:103eb40000004280252040009923400f00000000ac
:103ec40007000010000000000d0004249923400f97
:103ed400000000000a0004249923400f00000000a1
:103ee4002000c28f010042242000c2af2000c28ff4
:103ef40000004280e8ff40140000000000000000c1
:103f040025e8c003a400bf8fa000be8fa800bd2772
:103f14000800e00300000000e0ffbd271c00beaf66
:103f240025f0a0032000c4af2400c5af2800c6af0d
:103f34001300c0a32400c28f0c0040140000000032
:103f44002000c28f0000428c30000324000043a0f4
:103f54002000c28f0000428c010043242000c28f45
:103f6400000043ac32000010000000000800c2272b
:103f74000b0042240000c2af180000100000000033
:103f84002400c38f2800c28f1b006200f40140008c
:103f9400101000000400c2a30400c3930000c28fe9
:103fa400ffff42240000c2af019d023c308f422437
:103fb40021106200000043800000c28f000043a073
:103fc4002400c38f2800c28f1b006200f40140004c
:103fd40010100000121000002400c2af2400c28f91
:103fe400e7ff4014000000000d0000100000000076
:103ff4000000c28f010043240000c3af2000c38f20
:104004000000638c00004280000062a02000c28f88
:104014000000428c010043242000c28f000043ac06
:104024000000c28f00004280f1ff40140000000035
:1040340025e8c0031c00be8f2000bd270800e00354
:1040440000000000e0ffbd271c00bfaf1800beaf9a
:1040540025f0a0032000c4af2000c48f3511400f09
:10406400000000001000c0a3330000100000000096
:104074001000c393019d023cc018030044904224e5
:10408400211062000000428c050040100000000076
:10409400009d023c780e42240400401400000000fd
:1040a4000300022428000010000000001000c39345
:1040b400019d023cc01803004c9042242110620070
:1040c4000000448c1000c293019d033c4c90632477
:1040d400c010020021106200040042902528400014
:1040e4003215400f000000001000c393019d023cf4
:1040f400c018030044904224211062000000428c46
:104104001000c3932520600009f84000000000005f
:1041140001004238ff00423004004010000000005b
:104124000500022408000010000000001000c293e3
:10413400010042241000c2a31000c293ccff40101f
:10414400000000002510000025e8c0031c00bf8ffc
:104154001800be8f2000bd270800e0030000000007
:10416400d8ffbd272400bfaf2000beaf25f0a003b9
:104174002f000010000000001c80829725204000c2
:10418400511f400f000000001000c2a31000c39391
:10419400019d023cc01803004c904224211062008f
:1041a4000000428c2080852725204000c115400f47
:1041b4000000000010004014000000001000c39331
:1041c400019d023c40180300608c422421106200cf
:1041d400000042942016027c27100200201e027c5c
:1041e4001c8082972016027c241062002016027c18
:1041f400ffff42301c8082a7009d023c780e4224bf
:104204001400c3272080858f2480868f252060009a
:1042140009f84000000000001400c28f04004010a0
:104224000000000002000224120000100000000040
:10423400d316400f000000000400401000000000ee
:104244001c808297ccff4014000000008720400fa0
:104254000000000001004238ff004230f4ff40102b
:10426400000000009d17400f00000000f0ff001048
:104274000000000025e8c0032400bf8f2000be8f8b
:104284002800bd270800e00300000000e0ffbd2770
:104294001c00bfaf1800beaf25f0a0032000c4afc0
:1042a4002400c5af1000c0a31d00001000000000d2
:1042b4001000c393019d023cc01803004c9042249b
:1042c400211062000000428c2000c58f2400c68f9c
:1042d400252040004a15400f00000000010042382c
:1042e400ff00423013004014000000001000c3938c
:1042f400019d023c40180300608c4224211062009e
:10430400000043941c80829725106200ffff423016
:104314001c8082a71000c293010042241000c2a393
:104324001000c293e2ff40100000000002000010e1
:1043340000000000000000001000c39301000224ec
:1043440004006214000000000100022402000010b6
:10435400000000002510000025e8c0031c00bf8fea
:104364001800be8f2000bd270800e00300000000f5
:10437400e8ffbd271400bfaf1000beaf25f0a003b7
:10438400251080001c00c5af2000c6af1800c2a3d2
:104394001800c2931b004014000000001800c393cf
:1043a400019d023cc01803004c904224211062007d
:1043b4000000428c1c00c58f2000c68f25204000c1
:1043c4004a15400f000000000e00401000000000dd
:1043d4001800c393019d023c40180300608c4224e2
:1043e40021106200000043941c8082972510620013
:1043f400ffff42301c8082a701000224020000104b
:10440400000000002510000025e8c0031400bf8f41
:104414001000be8f1800bd270800e0030000000054
:10442400e8ffbd271400bfaf1000beaf25f0a00306
:10443400251080001c00c5af2000c6af1800c2a321
:104444001800c2931b004014000000001800c3931e
:10445400019d023cc01803004c90422421106200cc
:104464000000428c1c00c58f2000c68f2520400010
:104474008115400f000000000e00401000000000f5
:104484001800c393019d023c40180300608c422431
:1044940021106200000043941c8082972510620062
:1044a400ffff42301c8082a701000224020000109a
:1044b400000000002510000025e8c0031400bf8f91
:1044c4001000be8f1800bd270800e00300000000a4
:020000040000fa
:020000041d00dd
:1044d400e8ffbd271400bfaf1000beaf25f0a00356
:1044e4001800c4af1800c48f2616400f0000000047
:1044f4000000000025e8c0031400bf8f1000be8f29
:104504001800bd270800e00300000000f8ffbd27e5
:104514000400beaf25f0a003251080002518a000dc
:104524000800c2a3251060000c00c2a70800c293b3
:104534001000422c0c004010000000000800c3933f
:10454400019d023c801803002c8b42242110620040
:104554000000428c04004010000000000c00c297d0
:104564000400401400000000ffff022409000010b2
:10457400000000000800c39300a0023c40180300a0
:1045840068054224211062000c00c397000043a474
:104594002510000025e8c0030400be8f0800bd27d5
:1045a4000800e00300000000f8ffbd270400beafd0
:1045b40025f0a003251080000800c2a30800c293c0
:1045c4001000422c09004010000000000800c393b2
:1045d40000a0023c40180300680542242110620038
:1045e400000042940400401400000000ffff022475
:1045f4000c000010000000000800c393019d023c61
:1046040040180300608c422421106200000043948f
:104614003880829725106200ffff4230388082a7dd
:104624002510000025e8c0030400be8f0800bd2744
:104634000800e00300000000f8ffbd270400beaf3f
:1046440025f0a003251080000800c2a30800c2932f
:104654001000422c0400401400000000ffff02245c
:1046640011000010000000000800c393019d023ceb
:1046740040180300608c4224211062000000429420
:104684002016027c27100200201e027c38808297ac
:104694002016027c241062002016027cffff4230a8
:1046a400388082a72510000025e8c0030400be8fcf
:1046b4000800bd270800e00300000000f8ffbd2744
:1046c4000400beaf25f0a003251080002518a0002b
:1046d4000800c2a3251060000c00c2a70800c29302
:1046e4001000422c0c004010000000000800c3938e
:1046f400019d023c801803002c8b4224211062008f
:104704000000428c04004010000000000c00c2971e
:104714000400401400000000ffff022413000010f6
:10472400000000000800c39300a0023c40180300ee
:1047340068054224211062000c00c397000043a4c2
:104744000800c393019d023c40180300608c42247e
:104754002110620000004394388082972510620083
:10476400ffff4230388082a72510000025e8c003ef
:104774000400be8f0800bd270800e003000000000d
:10478400e8ffbd271400bfaf1000beaf25f0a003a3
:10479400c916400f0000000025e8c0031400bf8fb5
:1047a4001000be8f1800bd270800e00300000000c1
:1047b400e8ffbd271400bfaf1000beaf25f0a00373
:1047c400388082974f0040100000000038808297a4
:1047d4003a8082a73a80829725204000511f400fdb
:1047e400000000003c8082a33c80829300a0033c34
:1047f40040200200680563242118830000006394ac
:10480400ffff6324ffff643000a0033c4028020044
:10481400680563242118a300000064a400a0043cdc
:1048240040180200680582242110620000004294ae
:10483400210040140000000003000224408082afe5
:104844003c808293ffff4230448082a73c80829365
:1048540025184000019d023c801803002c8b422443
:10486400211062000000428c4080848f4480858f38
:1048740009f84000000000003c80829325184000a5
:10488400019d023c40180300608c42242110620008
:10489400000042942016027c27100200201e027c95
:1048a400388082972016027c241062002016027c35
:1048b400ffff4230388082a73c8082932518400055
:1048c400019d023c40180300608c422421106200c8
:1048d400000042942016027c27100200201e027c55
:1048e4003a8082972016027c241062002016027cf3
:1048f400ffff42303a8082a73a808297b5ff401486
:10490400000000000000000025e8c0031400bf8f71
:104914001000be8f1800bd270800e003000000004f
:020000040000fa
:020000041d00dd
:104924000080013c2638e10040580500425d0b0040
:10493400c0520500427d040025504f01c04a0400c6
:104944000080083c255048014070070042750e0065
:10495400c06a0700427d06002568af01c0620600f8
:104964002568a801ffff6f25fe07e12d8d002010ab
:1049740000000000ffffcf25fe07e12dbb00201043
:10498400000000000080013c2428a10023406e01a7
:104994002c000011000000001500001900000000a8
:1049a4002000012d0700201400000000e0ff082172
:1049b4002b300c0023000d102560a601f8ff001019
:1049c40000000d341f000011000000002220080028
:1049d40004308c0004208d0006600c0106680d0173
:1049e4001800c01025608c001600001002008c35e1
:1049f40025580e00234008002000012d0700201434
:104a040000000000e0ff08212b3009000d000a100f
:104a140025484601f8ff001000000a34090000117f
:104a240000000000222008000430890004208a00cd
:104a34000648090106500a010200c01025488900f1
:104a4400020029352678a7001c00e00500000000bc
:104a540021482c012b782c0121504d0121504f016c
:104a640002004d11000000002b784d013700e011c9
:104a74000000000001002f310200e01100000000de
:104a84000200293542480900c07f0a0025482f0149
:104a940042500a000080013c2550410101006b2571
:104aa400ff0701242900611500000000f07f013c8c
:104ab4002528a10037000010000004242b782c01c5
:104ac40023482c012b104f0123504f012b784d010b
:104ad4002578e2010700e01123504d010080013cdc
:104ae4002628a1002b7809002348090023500a0036
:104af40023504f010800401500000000030020155a
:104b0400000000000d00001000000b2425502001bf
:104b140000000924e0ff6b252040487107000011c4
:104b240000000000235868012220080006208900a4
:104b34000448090104500a0125504401257849011b
:104b44000200e01500000000000005246800601960
:104b5400000000000004292500042f2d21504f01de
:104b64002b784f0121586f01c27a09000100ef31ff
:104b740023482f01c2220900407d0a0025208f000e
:104b840040780a00027b0f002528af00007d0b004f
:104b94002528af0025100400251805000800e003af
:104ba400000000002a7820012148290121504a01ef
:104bb4002300601521504f01257849011400e011ac
:104bc400000000000800401500000000030020154c
:104bd4000000000067ff001000000b242550200196
:104be40000000924e0ff6b252040487161ff00119b
:104bf40000000000235868012220080006208900d4
:104c04000448090104500a015aff001025504401c8
:104c1400ff0701241500c111000000002140e70036
:104c2400257806010300e01500000000d9ffe00428
:104c34000000000025100600d8ff0010251807000a
:104c4400257849012700e01500000000ff07012432
:104c5400d0ffc115000000002678a7002100e00560
:104c640000000000f3ff0010000000002a7880011b
:104c740021608c012168ad011700c0152168af01c6
:104c84002578ac01c3ffe011000000000800a01566
:104c940000000000030080150000000039ff001030
:104ca40000000e242568800100000c24e0ffce25be
:104cb4002040a87133ff0011000000002370c801d8
:104cc4002220080006208c0004600c0104680d01f9
:104cd4002cff00102568a4012578ac01d5ffe01154
:104ce40000000000f8ff053caaff001000000424a7
:104cf4000100082423400b012000012d070020148b
:104d040000000000e0ff08212b3009000d000a100c
:104d140025484601f8ff001000000a34090000117c
:104d240000000000222008000430890004208a00ca
:104d34000648090106500a010200c01025488900ee
:104d44000200293583ff001000000b24000000003e
:020000040000fa
:020000041d00dd
:104d54002540c0002518e000255080009800e0148c
:104d64002510a0002b30a6003500c0100000000064
:104d7400202805710600a0102320050006208a00c3
:104d84000410a2000440a800251082000450aa00c8
:104d9400023408001b004600f401c000ffff053187
:104da40002240a001238000010100000001402004f
:104db400252044000248a7702b5889000a0060117e
:104dc4002510e000212088002b588800060060157b
:104dd400ffffe2242b58890004006051232089003e
:104de400feffe22421208800232089001b00860086
:104df400f401c0001030000000340600122000004e
:104e04000238a470ffff45312528c5002b48a700b0
:104e14000800201125308000212805012b40a8001e
:104e240004000015ffff86242b28a7000100a054ce
:104e3400feff8624001402000800e003251046004b
:104e440004000015010002241b004800f4010001c5
:104e54001240000020580b71230060152000072425
:104e64002328a80001000324023408001b00a60024
:104e7400f401c000ffff073102240a0012280000d9
:104e84001010000000140200252044000248e570c0
:104e94002b5889000a0060112510a00021208800e9
:104ea4002b58880006006015ffffa2242b588900a8
:104eb4000400605123208900feffa22421208800e1
:104ec400232089001b008600f401c000ffff4a3143
:104ed40010280000002c05002528aa00122000003c
:104ee400caff00100238e4702338eb000440680164
:104ef4000648e400023408000638e5001b00e6001a
:104f0400f401c0000410650125482201ffff0231ad
:104f1400021c09001228000010380000003c0700a1
:104f24002538e300025045702b60ea000a00801126
:104f34002518a0002138e8002b60e8000600801541
:104f4400ffffa3242b60ea00040080512338ea0009
:104f5400feffa3242138e8002338ea001b00e60002
:104f6400f401c000ffff25311230000010380000aa
:104f7400003c07002528e500021046702b48a200db
:104f84000a0020112538c0002128a8002b48a800b9
:104f940006002015ffffc7242b48a200040020515f
:104fa400001c0300feffc7242128a800001c0300e6
:104fb400045064012328a200abff001025186700e9
:104fc4002b40a700251800004e00001525100000f6
:104fd4002050ea7007004015200009242b28e50022
:104fe4004800a014010002242b1086000800e003ee
:104ff4000100423823482a010610260104384701db
:1050040025384700041845010244070006282501f5
:105014001b00a800f4010001ffffeb30061024017f
:1050240025104300021c0200122800001048000052
:10503400004c090025482301026065712b682c018e
:105044000a00a0112518a000214827012b68270178
:105054000600a015ffffa3242b682c010400a05117
:1050640023482c01feffa3242148270123482c01b7
:105074001b002801f4010001ffff4530124000002d
:1050840010480000004c09002528250102586871c9
:105094002b10ab000a004010254800012128a7006e
:1050a4002b10a70006004014ffff09252b10ab00ae
:1050b4000400401000140300feff09252128a70066
:1050c4000014030004304601251049001900c200f1
:1050d4002328ab00103800002b18a7000700601429
:1050e400123000000700a714251800000420440112
:1050f4002b2086000300801000000000ffff4224e4
:10510400251800000800e003000000002548c00046
:10511400251080008b00e0142518a0002b30a60079
:105124003300c01020502a7108004011025c0900ad
:105134000418450123280a000628a400044849014c
:105144002518a30004104401025c09001b006b0035
:10515400f4016001ffff2431121800001028000040
:1051640002306470001c0500022c02002518650042
:105174002b2866000800a050231866002118690037
:105184002b2869000300a0142b2866000100a054fa
:1051940021186900231866001b006b00f4016001ec
:1051a400ffff4230103000001218000002586470f3
:1051b400001c0600251062002b184b0009006050eb
:1051c40023104b00211049002b184900050060549e
:1051d40023104b002b184b00010060542110490090
:1051e40023104b00061042010800e00325180000bc
:1051f40004002015010003241b006900f4012001b0
:105204001248000020502a711f0040152000072476
:105214002328a900025c09001b00ab00f401600113
:10522400ffff243112280000101800000230a4707f
:10523400002c0300021c02002528a3002b18a60042
:10524400080060502330a6002128a9002b18a900cb
:10525400030060142b18a600010060542128a90043
:105264002330a6001b00cb00f4016001ffff423095
:1052740010280000123000000258c47000340500e9
:10528400cdff00102510c2002338ea00044849016c
:105294000618e400023409000638e5001b00e600a5
:1052a400f401c00004104501ffff283125186200f5
:1052b400022c030012380000106000000210e87095
:1052c400003c0c002538e5002b28e2000800a05023
:1052d4002338e2002138e9002b28e9000300a01458
:1052e4002b28e2000100a0542138e9002338e20011
:1052f4001b00e600f401c000ffff6530123000001f
:1053040010380000003c07002528e5000230c87072
:105314002b10a60009004010041044012128a90004
:105324002b10a90005004014041044012b10a60002
:10533400010040542128a90004104401b5ff0010c5
:105344002328a6002b40a7005c0000152070ee70f7
:105354000a00c0152b40e500030000152b40860011
:105364005600001500000000231086002328a70023
:105374002b1882000800e0032318a30020000b244c
:1053840023586e01066066010438c7012538870179
:105394000440c501024c0700062865011b00a90052
:1053a400f40120010610640125104800ffffe830d5
:1053b40002640200122800001050000000540a0089
:1053c40025504c01021805712b6043010a0080111d
:1053d4002568a000215047012b6047010600801575
:1053e400ffffad242b60430104008051235043018f
:1053f400feffad2421504701235043011b00490106
:10540400f4012001124800001050000000540a006a
:1054140002280971ffff4830254048012b1005017f
:105424000a00401025502001214007012b100701dc
:1054340006004014ffff2a252b100501040040102c
:1054440000640d00feff2a252140070100640d00c1
:105454000410c60125608a01190082012340050158
:105464000418c401106800002b200d012528a00198
:1054740012600000050080141230000007000d15b2
:105484002b206c000600801023306600233082013c
:105494002338a7012b6086012328ec002330660003
:1054a4002b1866002340050123180301041063012f
:1054b4000630c601251046000618c3010800e003a3
:0454c40000000000e4
:020000040000fa
:020000041d00dd
:1054c800f0ffbd270c00beaf25f0a0031000c4af4d
:1054d8002510a0001400c2a31000c28f0000c2afa4
:1054e8001400c293ffff4224ff0043300000c28f24
:1054f800000043a00000c28f010040a00000c28f3e
:10550800020040a00000c28f0000429025e8c003be
:105518000c00be8f1000bd270800e003000000004b
:10552800f0ffbd270c00bfaf0800beaf25f0a003f9
:105538001000c4af1400c5af1800c6af1000c28f6a
:105548000000c2af0000c28f020043900000c28f6b
:10555800000042902b106200210040100000000063
:1055680000606241c0000000000000000000c28f1f
:1055780001004290251840000000c28f02004290ae
:10558800211062000000c38f000063901a004300de
:10559800f40160001010000001004224c010020055
:1055a8001000c38f211062001400c48f1800c38f2d
:1055b800000044ac040043ac0000c28f02004290db
:1055c80001004224ff0043300000c28f020043a0c4
:1055d8002060624101000224020000100000000067
:1055e8002510000025e8c0030c00bf8f0800be8fff
:1055f8001000bd270800e00300000000f0ffbd27f1
:105608000c00bfaf0800beaf25f0a0031000c4af68
:105618001400c5af1800c6af1000c28f0000c2af9b
:105628000000c28f020043900000c28f0000429029
:105638002b1062002a004010000000000060624148
:10564800c0000000000000000000c28f020042906d
:1056580001004224ff0043300000c28f020043a033
:105668000000c28f010042900900401400000000b1
:105678000000c28f00004290ffff4224ff00433029
:105688000000c28f010043a00700001000000000c6
:105698000000c28f01004290ffff4224ff00433008
:1056a8000000c28f010043a00000c28f0100429099
:1056b80001004224c01002001000c38f21106200b4
:1056c8001400c48f1800c38f000044ac040043ac1e
:1056d8002060624101000224020000100000000066
:1056e8002510000025e8c0030c00bf8f0800be8ffe
:1056f8001000bd270800e00300000000f0ffbd27f0
:105708000c00bfaf0800beaf25f0a0031000c4af67
:105718001400c5af1000c28f0400c2af0400c28fce
:105728000200429032004010000000000060624118
:10573800c0000000000000000400c28f0100429079
:1057480001004224c01002001000c38f211862001b
:105758001400c28f0000648c0400638c000044ac09
:10576800040043ac0400c28f0100429001004224af
:10577800ff0043300400c28f010043a00400c28f21
:10578800010043900400c28f000042902b10620079
:105798000b004014000000000400c28f0100439079
:1057a8000400c28f000042901b006200f401400018
:1057b80010100000ff0043300400c28f010043a016
:1057c8000400c28f02004290ffff4224ff004330d2
:1057d8000400c28f020043a00400c28f020042905e
:1057e8000000c2a320606241060000100000000013
:1057f8001400c28f000040ac1400c28f040040a403
:105808000000c0a30000c29325e8c0030c00bf8fae
:105818000800be8f1000bd270800e003000000004c
:10582800f0ffbd270c00beaf25f0a0031000c4afe9
:105838001000c28f0000c2af0000c28f0200429069
:105848000100422cff00423025e8c0030c00be8f47
:105858001000bd270800e00300000000e8ffbd2796
:105868001400bfaf1000beaf25f0a003f816400f1c
:10587800000000000000000025e8c0031400bf8fee
:105888001000be8f1800bd270800e00300000000cc
:10589800f0ffbd270c00bfaf0800beaf25f0a00386
:1058a8001000c4af1000c28f240040100000000098
:1058b80000b803400002023c2510620000b8824094
:1058c800c00000001000c28f2c8082af0048024048
:1058d8000000c2af0000c38f1000c28f2110620009
:1058e80000588240c000000088bf033c0010628c52
:1058f800010004240463827c001062ac88bf033c6e
:105908009010628c030004248420827c901062ac86
:1059180088bf033c3010628c0400027c301062acfb
:1059280088bf033c6010628c010004240400827c60
:10593800601062ac206062410000000000000000be
:1059480025e8c0030c00bf8f0800be8f1000bd27dc
:105958000800e0030000000000e85d4100701b4003
:1059680002601a40d0ffbd272c00bbaf00601b406f
:105978002400baaf2800bbaf44781b7c000c7b37ef
:1059880000609b400800a3af0400a2af2400a38fcf
:105998000f00633004006014000000001400bfaf63
:1059a8001000beaf0c00a4af0000000012100000f1
:1059b8001c00a2af101800001800a3af25f0a00328
:1059c80088bf023c01000324341043ac00606241ec
:1059d800c0000000000000000048034000580240da
:1059e80023106200308082af2c80828ff4ff432422
:1059f8003080828f2b1043000a0040100000000006
:105a0800005803402c80828f211062000058824089
:105a1800c000000001000224348082a31600001098
:105a2800000000002c80828f421802003080828f94
:105a3800211862002c80828f1b006200f401400054
:105a48001010000012100000ff0042300100422434
:105a5800ff004230348082a3005803403480829390
:105a6800252040002c80828f021082702110620055
:105a780000588240c0000000206062412880829364
:105a8800ff0043303480829321106200ff004230cf
:105a9800288082a334808293ffff43302a80829734
:105aa800ffff423021106200ffff42302a8082a7a8
:105ab8000000000025e8c0031c00a28f130040006e
:105ac8001800a38f110060002400a28f0f0042303d
:105ad80006004014000000001400bf8f1000be8fa5
:105ae8000c00a48f0800a38f0400a28f0000000000
:105af80000606041c00000002c00ba8f2800bb8ff6
:105b080000709a402400ba8f3000bd2702609a4086
:105b180000e8dd4100609b4018000042f8ffbd2707
:105b28000400beaf25f0a0032a808297ffff423011
:105b380025e8c0030400be8f0800bd270800e00365
:105b480000000000e8ffbd271400bfaf1000beaf83
:105b580025f0a0030800001000000000ed11400f20
:105b68000000000028808293ff004230ffff42249b
:105b7800ff004230288082a328808293ff004230b1
:105b8800f6ff4014000000000100022425e8c003cd
:105b98001400bf8f1000be8f1800bd270800e00357
:105ba80000000000e8ffbd271400bfaf1000beaf23
:105bb80025f0a003f816400f0000000000000000c8
:105bc80025e8c0031400bf8f1000be8f1800bd2742
:085bd8000800e00300000000da
:020000040000fa
:020000041d00dd
:105be000e8ffbd271400bfaf1000beaf25f0a00333
:105bf00088bf023c0061428c8439027c2518400039
:105c000088bf023c006143ac88bf033c30616294b2
:105c100001000424c439827c306162a488bf033c43
:105c200010616294c439027c106162a488bf033c95
:105c300010616294010004248431827c106162a4aa
:105c400081bf023c0100032448fb43ac81bf023cfe
:105c50000100032450fa43ac80bf033c006062940f
:105c6000c47b027c006062a480bf033c006062943d
:105c700001000424c418827c006062a480bf023c3e
:105c8000106040ac80bf023c2a000324406043ac5b
:105c900001000224188082af80bf033c1060628c38
:105ca000010004248452827c106062ac80bf033cfb
:105cb0001060628c010004240463827c106062ac7a
:105cc00080bf033c0060629401000424c47b827c9a
:105cd000006062a40004052400a0023c38014424b2
:105ce000d30c400f00000000488082af000000008d
:105cf00025e8c0031400bf8f1000be8f1800bd2719
:105d00000800e00300000000f8ffbd270400beaf5c
:105d100025f0a0030000000080bf023c1060428c10
:105d20000000427cff004230fbff401000000000fa
:105d300080bf023c1060428c4000427cff00423039
:105d4000050040100000000080bf033c1060628c22
:105d50004408027c106062ac80bf023c3060428c20
:105d6000ff00423025e8c0030400be8f0800bd27b5
:105d70000800e00300000000e8ffbd271400bfafeb
:105d80001000beaf25f0a003251080001800c2a3ac
:105d90004880828f1800c39325286000252040008a
:105da0003a0d400f000000000000000025e8c0038d
:105db0001400bf8f1000be8f1800bd270800e0033d
:105dc00000000000f8ffbd270400beaf25f0a003cf
:105dd00080bf023c1060428c8000427cff00423059
:105de000060040100000000080bf023c3060428c82
:105df00025100000070000100000000080bf023cda
:105e00001060428c0000427cff0042302b100200e8
:105e1000ff00423025e8c0030400be8f0800bd2704
:105e20000800e00300000000e8ffbd271400bfaf3a
:105e30001000beaf25f0a003251080001800c2a3fb
:105e40004880828f1800c3932528600025204000d9
:105e50003a0d400f000000000000000025e8c003dc
:105e60001400bf8f1000be8f1800bd270800e0038c
:105e700000000000e0ffbd271c00bfaf1800beaf50
:105e800025f0a0030b000010000000004880828f66
:105e90001000c3272528600025204000740d400f06
:105ea000000000001000c2932518400080bf023c93
:105eb000206043ac4880828f25204000960d400f23
:105ec0000000000001004238ff004230070040108f
:105ed0000000000080bf023c1060428c4002427c07
:105ee000ff004230e9ff4010000000000000000009
:105ef00025e8c0031c00bf8f1800be8f2000bd27ff
:105f00000800e00300000000e0ffbd271c00bfaf59
:105f10001800beaf25f0a0032000c4af2400c5af19
:105f20002800c6af2c00c7af2c00c28f1000a2af54
:105f30002400c78f2000c68f2800c58f019d023c1a
:105f4000908c4424ed0e400f000000009d17400f80
:0c5f500000000000fdff00100000000039
:020000040000fa
:020000041d00dd
:105f5c004050050042550a00c04a0500427d04002d
:105f6c0025482f01c042040000800e3c25482e011c
:105f7c0040680700426d0d00c0620700427d0600bc
:105f8c0025608f01c05a060025608e012628a700c7
:105f9c002428ae00ffff4f25fe07e12d47002010ff
:105fac0000000000ffffaf25fe07e12d6f00201061
:105fbc000000000002fcaf2521504f0119002c01fc
:105fcc00123800001070000019000b0112200000a4
:105fdc001030000019002b0112580000106800004e
:105fec002130cb002b78cb002138ed002138ef008d
:105ffc000200ed10000000002b78ed002170cf01a5
:10600c0019000c0112400000104800002130c8009b
:10601c002b78c8002138e9002138ef000200e91084
:10602c00000000002b78e9002170cf012578860054
:10603c000200e011000000000100e73425480e00ca
:10604c0006002005254007002a78000121400801a0
:10605c002148290121482f01ffff4a25ffff4f2529
:10606c00fe07e12d68002010000000000004082548
:10607c0000040f2d21482f012b782f0121504f01a7
:10608c00c27a08000100ef3123400f01c222080040
:10609c00407d090025208f0040780900027b0f000d
:1060ac002528af00007d0a002528af00251004002c
:1060bc00251805000800e003000000002a78000104
:1060cc0021400801214829011c00401521482f01bd
:1060dc00257828011400e0110000000008002015ac
:1060ec00000000000300001500000000adff0010d0
:1060fc0000000a242548000100000824e0ff4a257e
:10610c0020702e71a7ffc0110000000023504e011b
:10611c0022380e000638e8000440c8010448c901c2
:10612c00a0ff001025482701ff0701243300a1110f
:10613c0000000000ddff00100000000025782801a1
:10614c002e00e015000000000500a0150000000066
:10615c0040780c002578eb012800e01100000000cd
:10616c00ff0701242100a115000000002a7860011e
:10617c0021586b0121608c011900a01521608f0141
:10618c0025788b011400e011000000000800801538
:10619c0000000000030060150000000085ff0010e7
:1061ac0000000d242560600100000b24e0ffad25ec
:1061bc00203086717fffc010000000002368a6010c
:1061cc00227006000670cb010458cb000460cc0092
:1061dc0078ff001025608e01b4ff0010000004242d
:1061ec0025788b010500e01500000000f07f013cd4
:1061fc002528a100adff001000000424f8ff053c89
:10620c00aaff001000000424f8ff401d000000004d
:10621c0001000e242370ca012000c12d0700201498
:10622c0000000000e0ffce212b3008000d0009100b
:10623c0025402601f8ff0010000009340900c011a8
:10624c000000000022380e000430e8000438e90099
:10625c000640c8010648c9010200c0102540e800ec
:10626c00020008350004082500040f2d21482f01d9
:0c627c0083ff0010c25709000000000062
:020000040000fa
:020000041d00dd
:10628800e0ffbd271c00bfaf1800beaf25f0a0037c
:10629800251080002400c5af2000c2a32000c293af
:1062a8001000c2a3ffff02241100c2a302000624ab
:1062b8002400c58f1000c227252040000c19400f6c
:1062c800000000000000000025e8c0031c00bf8f8c
:1062d8001800be8f2000bd270800e0030000000062
:1062e800d0ffbd272c00bfaf2800beaf2400b0af41
:1062f80025f0a0033400c5af3800c6af2528e0005c
:106308003000c4a32520a0003c00c4a32520a0037e
:10631800258080003c00c49301008424ffff85246d
:106328001400c5af252880002560a000256800005e
:10633800422f0c00c0480d002548a900c0400c00a1
:10634800252880002550a00025580000422f0a006b
:10635800c0180b002518a300c0100a0025108000e3
:1063680007004224c2100200c010020023e8a20362
:106378001000a227000042241800c2af3000c293c8
:1063880020004234ff0043301800c28f000043a0b1
:106398001000c0af0d000010000000001000c28ff8
:1063a8003400c38f211862001000c28f01004224fc
:1063b800000063901800c48f21108200000043a0e1
:1063c8001000c28f010042241000c2af3c00c293eb
:1063d8001000c38f2a106200f0ff40140000000074
:1063e8001800c38f3c00c29301004224ff004230d2
:1063f800253040003800c58f252060000c19400f5b
:106408000000000025e800020000000025e8c003a5
:106418002c00bf8f2800be8f2400b08f3000bd270e
:106428000800e00300000000e0ffbd271c00bfaf2c
:106438001800beaf25f0a0032000c4af2400c5afec
:106448002510c0002800c2a388bf033c30616294b5
:106458000463027c306162a41000c0a3190000101c
:10646800000000001000c2932000c38f21106200ba
:10647800000042902518400080bf023c205843ace1
:106488000000000080bf023c1058428c0000427c93
:10649800ff004230fbff40100000000080bf023cbc
:1064a8002058448c1000c2932400c38f211062002e
:1064b800ff008330000043a01000c2930100422473
:1064c8001000c2a31000c3932800c2932b106200cf
:1064d800e4ff40140000000088bf033c3061629470
:1064e800010004240463827c306162a42d0004242a
:1064f8004719400f000000000000000025e8c00315
:106508001c00bf8f1800be8f2000bd270800e003c5
:1065180000000000f8ffbd270400beaf25f0a0036f
:106528000800c4af04000010000000000800c28f7b
:10653800ffff42240800c2af0800c28ffbff4104de
:10654800000000000000000025e8c0030400be8f22
:106558000800bd270800e00300000000e0ffbd2799
:106568001c00bfaf1800beaf25f0a00325108000a7
:106578002000c2a7010002241000c2a32000c29775
:1065880025204000e419400f000000006e8082a31f
:106598006e8082930900422c040040140000000021
:1065a8001000c0a3350000100000000081bf033cac
:1065b80000906294c47b027c009062a481bf033c7b
:1065c80000906294010004248410827c009062a4ec
:1065d80081bf033c009062940421027c009062a475
:1065e80081bf033c00906294070004244439827cf4
:1065f800009062a481bf033c1090629401000424bf
:106608004408827c109062a481bf033c109062947d
:10661800010004248452827c109062a46e808293cc
:10662800ffff4224801002002518400081bf023c71
:10663800189043ac81bf023c01000324209043a082
:1066480081bf033c209062940f0004240462827c82
:10665800209062a481bf023c409040ac2000c397c8
:1066680081bf023c509043ac81bf033c00906294d0
:1066780001000424c47b827c009062a41000c293b1
:1066880025e8c0031c00bf8f1800be8f2000bd275f
:106698000800e00300000000e8ffbd271400beafbb
:1066a80025f0a0031800c4af81bf033c009062949a
:1066b8008410027c009062a481bf023c1090428c3e
:1066c800c001427cff00433001000224060062142e
:1066d8000000000081bf023c709042240400c2af59
:1066e800040000100000000081bf023cf09042242a
:1066f8000400c2af0000c0a310000010000000009a
:106708000000c293001102000400c38f2118620028
:106718000000c293801002001800c48f211082006c
:106728000000638c000043ac0000428c0800c2af3c
:106738000000c293010042240000c2a36e8082932d
:106748000000c3932b106200edff4014000000000e
:1067580081bf033c00906294010004248410827c71
:10676800009062a488bf023c0010033c341043ac84
:106778000000000025e8c0031400be8f1800bd27e4
:106788000800e00300000000f0ffbd270c00beafca
:1067980025f0a003251080001000c2a70000c0a3a8
:1067a8000c000010000000001000c297ffff4224f8
:1067b800ffff4230201e027c1000c28724106200b6
:1067c8002016027c1000c2a70000c29301004224d8
:1067d8000000c2a31000c297f3ff4014000000009d
:1067e8000000c29325e8c0030c00be8f1000bd272f
:0867f8000800e00300000000ae
:020000040000fa
:020000041d00dd
:106800000400a88cb0ffbd274400b7af3800b4af78
:106810002c00b1af4c00bfaf4800beaf4000b6afd8
:106820003c00b5af3400b3af3000b2af2800b0af1a
:1068300025b880002588a0004c0000050000b48c1d
:106840004408147c08003e8e10008a320000d28c6e
:106850000400d68c0400401125a8c0032510560260
:1068600001004054feffd527080089320100205561
:10687000ffffb5261000308e0c00338e2528a002b5
:10688000ffff102621107002000040a00200022a23
:106890000b00401425105602360040140f004332fe
:1068a00023101501211045003300401c0a00642804
:1068b0000300a018020082322f00401400000000e4
:1068c0000b004011000000000000c28c0400c38ccb
:1068d000251043000600401021107002feff102614
:1068e000ffff47a03000032421107002000043a0e6
:1068f0000400201120000324ffff10262110700245
:10690000000043a01000268e1000b4af2538c0034d
:10691000ffffc6242330d00021287002e81d400f5d
:106920002520e0020400e38e0001633004006010c3
:106930004c00bf8f0400238e2a2043000b106400fc
:106940004800be8f4400b78f4000b68f3c00b58f23
:106950003800b48f3400b38f3000b28f2c00b18f69
:106960002800b08f0800e0035000bd27b5ff0010dd
:10697000010008240a0064280200801057006224e5
:1069800030006224bfffe3241a00632c1300601060
:10699000200043349fff63241a00632c10006050d2
:1069a000ffff1026252040005c00a7af5800a6afcf
:1069b0002400a8af2000a5af1c00a9afe623400f1c
:1069c0001800aaaf5c00a78f5800a68f2400a88fdc
:1069d0002000a58f1c00a98f1800aa8fffff10268a
:1069e00021187002000062a0029112000017160028
:1069f000ffffa52425905200a4ff001002b116004d
:020000040000fa
:020000041d00dd
:106a0000380500a030000000000000000c0000a0cd
:106a10001900000000000000680500a02000000030
:106a200000000000280000a010000000000000008e
:106a3000380100a00004000000000000380000a0a1
:106a40000400000000000000880500a020000000f5
:106a5000000000003c0000a0010000000000000059
:106a6000400000a01e00000000000000000000a088
:106a7000070000000100000030303031318001009b
:106a80005e0000a00100000000000000080000a05f
:106a9000040000000100000002000000a80500a0a2
:106aa0000400000000000000600000a0680000007a
:106ab00001000000680000a0680000a002000000c3
:106ac00003000000000000000000000000000000c3
:106ad0000000000000000000087e009d0000000093
:106ae0000000000000000000888e009de090009de6
:106af000ff00000000000000000000000000000097
:106b00000000000000000000000000000000000085
:106b1000000000000000000000000000300100a0a4
:106b20000400000001000000640000a0c80000a0f4
:106b30006800000001000000d00000a0d00000a00c
:106b40000100000003000000000000000000000041
:106b5000000000000000000000000000087e009d12
:106b6000000000000000000000000000888e009d72
:106b70000091009d000000000000000000000000e7
:106b80000000000000000000000000000000000005
:106b900000000000000000000000000000000000f5
:106ba000340100a00400000001000000cc0000a09f
:106bb000ac0500a004000000000000000000000080
:020000040000fa
:020000041d00dd
:106bc000880002243f00a2108900a2281a00401069
:106bd000810002245400a2108200a2280500401067
:106be000800002245100a2500000e28c0800e00363
:106bf00025100000820002243b00a2500000e28c1d
:106c000084000224f9ffa214000000000000e28cbe
:106c1000040043240000428c2700c0100000e3acb5
:106c20002016027c000082acc3170200040082ac74
:106c30000800e00301000224a00002243600a25054
:106c40000000e28ca100a228100040109000022455
:106c5000e6ffa214000000000000e28c07004224be
:106c60000410027c0000488c0400498c0800422477
:106c70000000e2ac000088ac040089ac0100c01048
:106c8000010002240800e00300000000c00002240c
:106c90000500a2500000e28cf0000224d3ffa214f1
:106ca000000000000000e28c040043240000e3ac7c
:106cb000020000100000428cffff42302000001054
:106cc000000082ac0000e28c040043240000428cef
:106cd0000300c0100000e3acd2ff00102014027cbf
:106ce000f6ff0010ff004230070042240410027c2f
:106cf0000000488c0400498c080042240000e2aceb
:106d0000000088ac040089acdeffc0100100022442
:106d10000800e00300000000040043240000e3ac8e
:106d2000c0ff00100000428c0000e28c04004324ed
:106d30000000e3ac0000428cbbffc014000082ac3a
:086d4000bbff0010040080ac51
:020000040000fa
:020000041d00dd
:106d4800e0ffbd271c00bfaf1800beaf25f0a003b1
:106d58001000c0af1916400f00000000204e042498
:106d68001210400f000000001000c2af1000c28fc8
:106d780004004014000000005910400f00000000fb
:106d88001000c2af1000c38f030002241700621066
:106d9800000000001000c38f0500022421006210cb
:106da800000000001000c38f010002242b006214b1
:106db800000000001000c0af1000c38f01000224c3
:106dc8003400621000000000019d023cd484472476
:106dd80027000624019d023c54844524019d023c61
:106de8006c844424ba22400f000000001000c0af99
:106df8001000c38f03000224290062100000000065
:106e0800019d023cd48447242e000624019d023ca7
:106e180054844524019d023c84844424ba22400fb2
:106e2800000000001000c0af1000c38f050002244e
:106e38001e00621000000000019d023cd48447241b
:106e480035000624019d023c54844524019d023ce2
:106e5800a0844424ba22400f000000001000c0aff4
:106e68001000c38f06000224130062100000000007
:106e7800019d023cd48447243c000624019d023c29
:106e880054844524019d023cb8844424ba22400f0e
:106e980000000000000000000800001000000000d2
:106ea80000000000050000100000000000000000c5
:106eb800020000100000000000000000ffff0010aa
:046ec80000000000c6
:020000040000fa
:020000041d00dd
:106ecc001b5b324a0000000c496e697420547261dd
:106edc006e736d697420536572766963650a000080
:106eec00436f6e6669677572696e672053504920ef
:106efc006275730a0000000c5375636365737366e7
:106f0c00756c6c7920636f6d6d756e6963617465fa
:106f1c0064207769746820726164696f2e0a0000be
:106f2c00556e7375636365737366756c6c792063ea
:106f3c006f6d6d756e6963617465642077697468d3
:106f4c0020726164696f2e0a0000000c5261646942
:106f5c006f20636f6e66696775726564206173205c
:106f6c0061207472616e736d69747465720a0000cd
:106f7c0053544154555362697473203d2030782525
:106f8c00780a000053484f554c44204e4f54204231
:106f9c004520484552452121210a00004461746175
:106fac00207375636365737366756c6c7920736598
:106fbc006e742066726f6d205458204649464f0af5
:106fcc00000000004d6178206e756d626572206f57
:106fdc0066205458207472616e736d6974732072dc
:106fec006561636865640a00726573756c745b3007
:106ffc005d203d20307825780a00000055706461d2
:10700c007465206d6f746f722073706565643a20bf
:10701c0025640a0055706461746520736572766f1f
:10702c0020706f733a2025640a0a000045535f4ea6
:0c703c0045575f4b45593a2025640a0077
:020000040000fa
:020000041d00dd
:10704800e0ffbd271c00bfaf1800beaf25f0a003ae
:1070580080bf023c1060428c0000427cff0042303e
:107068000e00401000000000050002241000c2af0e
:107078004217400f00000000ffff42301400c2a773
:107088001000c48f1400c58f8c03400f000000004f
:10709800010002240200001000000000251000007a
:1070a80025e8c0031c00bf8f1800be8f2000bd2735
:1070b8000800e00300000000d8ffbd272400bfaf90
:1070c8002000beaf25f0a0031000c0a35080842785
:1070d800a819400f000000005080828f8210020023
:1070e8001100c2a35480828f821002001200c2a332
:1070f8005880828fff0042301100c3932310620032
:107108001300c2a35c80828fff0042301200c39339
:10711800231062001400c2a31300c2930600422c7d
:1071280005004010000000001400c2930600422c25
:1071380017004014000000001100c2930012020062
:10714800201e027c1200c2932016027c25106200c9
:107158002016027c1600c2a70a0002241800c2af3b
:107168001600c2971c00c2a71800c48f1c00c58f48
:107178008c03400f00000000010002241000c2a38d
:107188001100c293588082af1200c2935c8082af14
:107198001000c29325e8c0032400bf8f2000be8fd3
:0c71a8002800bd270800e00300000000e4
:020000040000fa
:020000041d00dd
:1071b400c0ffbd272c00b1af258880002520c0006a
:1071c4000400878c0000a28c3800b4afc2a707006b
:1071d4003400b3af3000b2af2800b0af3c00bfaf53
:1071e4002580a0000400a38c0800b28c2000a2af6c
:1071f4000c00b38c3e0080120000c68c23300600c5
:107204002b20060023380700080060042338e4001c
:107214004408027c050080162000a2af2000a28f43
:10722400040043302a006010c000427cffff422665
:107234002000a3271800a3af0a0003241400a3af5f
:107244001000a2afc11c400f2520000206008016ca
:107254002d0003242000a38f040064301e0080103e
:10726400080063302b000324ffff42242120620224
:10727400000083a01000068e2000a38f2538400252
:10728400ffffc6241000a3af2330c20021286202ee
:10729400e81d400f252020020400238e00016330e6
:1072a400040060103c00bf8f0400038e2a204300ba
:1072b4000b1064003800b48f3400b38f3000b28fe9
:1072c4002c00b18f2800b08f0800e0034000bd27d8
:1072d400d7ff001023104202e6ff601020000424b0
:1072e400ffff422421186202e2ff0010000064a0a4
:1072f400c8ff63044408027cc9ff00102000a28f69
:020000040000fa
:020000041d00dd
:107304000400828cc0ffbd273800beaf2800b4af94
:107314002000b2af1c00b1af3c00bfaf3400b7af28
:107324003000b6af2c00b5af2400b3af1800b0af37
:107334002588c0002590e0005400b48f0200410469
:107344005800be8f010002241000908c0c00958c14
:107354000000d78f5000b38fffff10262118b00212
:10736400000060a001000924234053000200f7320a
:10737400c3b714001000001e251032022c00205147
:107384000000c28f3c00bf8f251000023800be8f62
:107394003400b78f3000b68f2c00b58f2800b48f1f
:1073a4002400b38f2000b28f1c00b18f1800b08f5f
:1073b4000800e0034000bd2707004014211013011a
:1073c4000600401c25202002ecff601a000000008b
:1073d400eaffe012000000002520200225284002d8
:1073e400253080022538c0021400a8af4414400f91
:1073f400ffff10261000a2af2118b0023000422473
:107404002520200225284002000062a025308002a9
:107414005513400f2538c002ffff7326258840000e
:10742400259060001400a88fd2ff00101000a98fcf
:0c7434000421027cd3ff00100000c2af56
:020000040000fa
:020000041d00dd
:10744000feff0924405005004058070025586401fc
:107450002558660125504b0103004015000000002f
:107460003c00001000000224020080104040050093
:1074700001000825e0ff013c010021342b08010137
:1074800037002010000000000200c010404007003c
:1074900001000825e0ff013c010021342b08010117
:1074a0002f002010000000001600a10400000000c2
:1074b0000300e0040000000026000010ffff02248b
:1074c0002b508600232086002b58aa002328aa00d0
:1074d0002b50a70025504b01030040112328a70083
:1074e0001c000010010002242550a40003004011dc
:1074f0000000000017000010ffff0224150000101c
:10750000000002240300e10400000000110000104c
:10751000010002242b508600232086002b58aa004d
:107520002328aa002b50a70025504b01030040112f
:107530002328a70007000010ffff02242550a40005
:1075400003004011000000000200001001000224ae
:10755000000002240800e00300000000000000001a
:0c756000fcff00102510090000000000d6
:020000040000fa
:020000041d00dd
:10756c00feff0924405005004058070025586401cf
:10757c002558660125504b01030040150000000002
:10758c003c00001000000224020080104040050066
:10759c0001000825e0ff013c010021342b0801010a
:1075ac0037002010000000000200c010404007000f
:1075bc0001000825e0ff013c010021342b080101ea
:1075cc002f002010000000001600a1040000000095
:1075dc000300e0040000000026000010ffff02245e
:1075ec002b508600232086002b58aa002328aa00a3
:1075fc002b50a70025504b01030040112328a70056
:10760c001c000010010002242550a40003004011ae
:10761c000000000017000010ffff022415000010ee
:10762c00000002240300e10400000000110000101f
:10763c00010002242b508600232086002b58aa0020
:10764c002328aa002b50a70025504b010300401102
:10765c002328a70007000010ffff02242550a400d8
:10766c000300401100000000020000100100022481
:10767c00000002240800e0030000000000000000ed
:0c768c00fcff00100100023400000000b0
:020000040000fa
:020000041d00dd
:107698000080013c2430a10040380500423d07002d
:1076a800ff0701242b00e110000000003304092427
:1076b800233827013500e12c0b00201400000000be
:1076c8002000e004000000002d00c01000000000b1
:1076d8004048050025482401260020150000000028
:1076e80027000010000000000500c0100000000086
:1076f8002b48040023200400232805002328a90080
:107708001f00e93001000824044028012340080034
:107718002000e12c040020140000000000000424d4
:10772800020000102428a800242088000500c010aa
:10773800000000002b480400232004002328050033
:107748002328a90025100400251805000800e003d7
:10775800000000000f00013cffff21342448a10075
:10776800254824010900201500000000f5ff00103d
:1077780000000000f0bf053cf2ff001000000424e8
:1077880025280600efff001000000424f8ff053c40
:08779800ecff001000000424c6
:020000040000fa
:020000041d00dd
:1077a000c0ffbd272c00b3af5000b38f3800b6af79
:1077b0003000b4af010073322800b2af2400b1af83
:1077c0002000b0af3c00bfaf3400b5af25908000c3
:1077d00025b0a0002580c0002588e00003006016c9
:1077e0002ba0c7001300805623a0300225300002d2
:1077f0002528c002ab20400f252040020d00801636
:1078000023a03002258800023c00bf8f25102002f3
:107810003800b68f3400b58f3000b48f2c00b38f92
:107820002800b28f2400b18f2000b08f0800e00341
:107830004000bd271100862e100002240b10860286
:1078400025304000200005241000a4277223400f9b
:1078500025a880021000a22e0b0040100f008632d7
:107860001000a527ab20400f25204002e6ff601640
:10787000253000022528c002ab20400f2520400201
:10788000e2ff00103c00bf8f100006241000a52767
:10789000ab20400f25204002eeff0010f0ffb52680
:020000040000fa
:020000041d00dd
:1078a000c03a0500425d04002538eb00c0320400f8
:1078b0000080013c2538e1000080013c2448a10003
:1078c000404005004245080080fc0825ffff0b25cd
:1078d000fe00612d12002010000000000200c01008
:1078e000000000000100e7348000e7248000eb2c5a
:1078f00021400b01025a070001006b312338eb00d5
:1079000040380700423a0700c05d08002538eb0008
:107910002510e9000800e00300000000000000005e
:107920007f040124070001150000000040580700f3
:10793000255866010300601100000000f5ff0010eb
:10794000c0ff023cff0001290400201400000000d9
:10795000807f013cefff00102510210101000a2467
:10796000235048012000412d030020140000000096
:10797000e8ff00102510090020000c2423608a0174
:10798000045887012530cb00063847010000082441
:107990000080013cd1ff00102538e100000000000c
:020000040000fa
:020000041d00dd
:1079a0000000a28c0400a38cc0ffbd273800b3af39
:1079b0003400b2af3000b1af2c00b0af3c00bfaf6d
:1079c000259080002580a0000800b38c2000a2af85
:1079d000030060040c00b18c4408027c2000a2afbc
:1079e0002000a2271800a2af080002241400a2afb2
:1079f0001000b3af0400c78c0000c68cc11c400f40
:107a0000252000022000a38f1000633004006010c6
:107a100030000424ffff422421182202000064a049
:107a20002000a38f080063300400601020000424ad
:107a3000ffff422421182202000064a01000068edd
:107a40002000a38f25386002ffffc6241000a3afdb
:107a50002330c20021282202e81d400f25204002c9
:107a60000400438e00016330040060103c00bf8faf
:107a70000400038e2a2043000b1064003800b38feb
:107a80003400b28f3000b18f2c00b08f0800e003bb
:047a90004000bd27ce
:020000040000fa
:020000041d00dd
:107a9400e0ffbd271400b1af2588c0000004c6284c
:107aa4001c00bfaf1800b2af1f00c0141000b0af6d
:107ab400019d123c9890468e9c90478ed717400f9c
:107ac40001fc30260004042a090080149890468e94
:107ad4009c90478e2520400025286000d717400f32
:107ae40002f830260004052aff0304240a808500d6
:107af400ff03102600251000252800002530a000d3
:107b04002538800025286000d717400f2520400025
:107b14001c00bf8f1800b28f1400b18f1000b08ffb
:107b24000800e0032000bd2702fc262a251080005f
:107b34002518a000eeffc01025802002019d123cf4
:107b4400a090468ea490478ed717400fc9033026c5
:107b540002fc042ae6ff8010a090468ea490478e73
:107b64002520400025286000d717400f92073026b3
:107b740002fc052a02fc0424ddff00100b808500b2
:020000040000fa
:020000041d00dd
:107b8400840002242200a2500000e28c8500a22876
:107b940010004010810002240800a2500000e28c72
:107ba400820002242700a2500000e28c80000224fc
:107bb4001000a214000000000000e28c0400432422
:107bc4000000e3ac0000428c000082ac1500001001
:107bd400000046ac900002241a00a2500000e28c7f
:107be4009100a22805004010880002240f00a25032
:107bf4000000e28c0800e00325100000a00002242d
:107c0400eeffa2500000e28ce9ff0010c000022445
:107c1400040043240000e3ac0000428c000082ac6a
:107c2400000046a40800e0030100022404004324e9
:107c34000000e3ac0000428c000082acf9ff0010ad
:107c4400000046a0040043240000e3ac0000428c82
:107c5400000082ac000046acc3370600f1ff001000
:047c6400040046ac26
:020000040000fa
:020000041d00dd
:107c6800a8ffbd270400a1af0800a2af0c00a3af76
:107c78001000a4af1400a5af1800a6af1c00a7af52
:107c88002000a8af2400a9af2800aaaf2c00abaff2
:107c98003000acaf3400adaf3800aeaf3c00afaf92
:107ca8004000b8af4400b9af4800bfaf1240000071
:107cb8004c00a8af104000005000a8af019d1a3c2e
:107cc800148a5a270000000000680440006005403c
:107cd80009f84003000000005000a88f11000001bf
:107ce8004c00a88f130000010400a18f0800a28f88
:107cf8000c00a38f1000a48f1400a58f1800a68f66
:107d08001c00a78f2000a88f2400a98f2800aa8f05
:107d18002c00ab8f3000ac8f3400ad8f3800ae8fa5
:107d28003c00af8f4000b88f4400b98f4800bf8f28
:0c7d38005800bd27c000000018000042e9
:020000040000fa
:020000041d00dd
:107d4400f0ffbd270c00beaf25f0a0032510800076
:107d54001000c2a780ff02240100c2a30300022472
:107d64000000c2a31e000010000000001000c29713
:107d74000000c39380180300ff0063300710620003
:107d8400ff0042300f0042300200c2a30200c2933f
:107d94000e004010000000000200c293ffff4324c5
:107da400019d023c808c422421106200000043901b
:107db4000000c29380100200ff00423021106200d4
:107dc4000100c2a309000010000000000000c283eb
:107dd400ff004230ffff4224ff0042300000c2a3f4
:107de4000000c283e1ff4104000000000100c293cf
:107df40025e8c0030c00be8f1000bd270800e00377
:047e0400000000007a
:020000040000fa
:020000041d00dd
:107e080003008014251000000800e00300000000b3
:107e18000400828ce0ffbd271800b1af200042307b
:107e28001400b0af1c00bfaf2580800009004010cf
:107e38002588a0001400828c1800838c2b10620007
:107e4800140040542c00828c280000ae180000aeac
:107e5800140000ae3c00058e4000028e2b18a200d4
:107e680004006010010006240000048e4a24400f1c
:107e78002328a200400000ae3c0000ae0b002012f8
:107e8800251000004c24400f0000048e080000104c
:107e98001c00bf8f2530000009f84000252800008d
:107ea8001400038ee8ff6014ffff02241c00bf8f3c
:107eb8001800b18f1400b08f0800e0032000bd2720
:020000040000fa
:020000041d00dd
:107ec8000000a28c0400a38cc0ffbd273800b3af0c
:107ed8003400b2af3000b1af2c00b0af3c00bfaf40
:107ee800258880002580a0000800b28c2000a2af61
:107ef800030060040c00b38c4408027c2000a2af8d
:107f08002000a2271800a2af0a0002241400a2af82
:107f18001000b2af0400c78c0000c68cc11c400f13
:107f2800252000021000068e2000a38f253840026d
:107f3800ffffc6241000a3af2330c200212862022d
:107f4800e81d400f252020020400238e0001633025
:107f5800040060103c00bf8f0400038e2a204300f9
:107f68000b1064003800b38f3400b28f3000b18f2b
:0c7f78002c00b08f0800e0034000bd2783
:020000040000fa
:020000041d00dd
:107f8400c23d0400ff00e7300080013c2430810042
:107f9400ffffe924fe00212d0d0020100000000049
:107fa4008003e724404a0400024b09002530c9003d
:107fb400402f0400004d07002530c900251005009e
:107fc400251806000800e00300000000000000007f
:107fd4000000052421208400f6ff8010000000002a
:107fe4000900e01400000000ffffe72421208400c2
:107ff4008000013c2b088100fbff201400000000de
:10800400e7ff001000000000ff07072400ff013c09
:10801400010021342b088100e6ff20140000000039
:0c802400e4ff0010f8ff063c0000000024
:020000040000fa
:020000041d00dd
:10803000e0ffbd271800b1af028d0700ff07253212
:108040001400b0af1c00bfaf258080002510c00019
:108050000e00a0142520e000019d023c2540c00038
:108060002518e000e88e468cec8e478c2520000118
:10807000d717400f25286000252060000055637c3d
:108080000200601000080524c1ff6524c237020009
:1080900040180400401002002518c3001c00bf8fc8
:1080a000000002ae00a0637c2000023c25184300c3
:1080b00000083132ccfba5240c0011ae25100002c3
:1080c000040003ae080005ae1800b18f1400b08f95
:0880d0000800e0032000bd27b9
:020000040000fa
:020000041d00dd
:1080d800756c033cc8ffbd27286e63241800a3af46
:1080e8006c2903242800b2af2000b0af3400bfaf22
:1080f8003000b4af2c00b3af2400b1af259080009e
:108108002510e0001c00a3a71e00a0a30200c010b9
:108118001800b0272580c0000400b18c0800b38c7b
:10812800030040140000b48c3023400f25200002c7
:10813800020020062b1822020b1023021000b4aff5
:10814800253860022528000225204002e81d400f3e
:10815800253040003400bf8f3000b48f2c00b38f1f
:108168002800b28f2400b18f2000b08f0800e003f0
:048178003800bd27e7
:020000040000fa
:020000041d00dd
:10817c0003008014251000000800e003000000003c
:10818c000400828ce0ffbd271800b1af2000423004
:10819c001400b0af1c00bfaf258080000b00401452
:1081ac002588a000280000ae180000ae1400201690
:1081bc00140000ae251000001c00bf8f1800b18ffa
:1081cc001400b08f0800e0032000bd271400828c3f
:1081dc001800838c2b106200f2ff40102530000039
:1081ec002c00828c09f84000252800001400038e16
:1081fc00f1ff6010ffff0224ebff0010280000ae1f
:10820c004c24400f0000048eecff00101c00bf8fac
:020000040000fa
:020000041d00dd
:10821c00e0ffbd271c00bfaf1800beaf25f0a003c8
:10822c001000c0a30a00001000000000009d023cda
:10823c004870422409f84000000000000900401476
:10824c00000000001000c293010042241000c2a3e1
:10825c001000c293f5ff4010000000000200001057
:10826c0000000000000000001000c3930100022475
:10827c000400621400000000251000000200001031
:10828c00000000000100022425e8c0031c00bf8f81
:10829c001800be8f2000bd270800e003000000007e
:020000040000fa
:020000041d00dd
:1082ac000400828ce0ffbd271c00bfaf00014730eb
:1082bc001800b1af1700e0101400b0af1000828ca2
:1082cc002518c0002b88c2000a1851000c00601041
:1082dc0025886000258080001400848c5223400f78
:1082ec00253060001400028e1000038e2110510006
:1082fc0023887100140002ae100011ae000040a0e3
:10830c001c00bf8f1800b18f1400b08f0800e00361
:10831c002000bd2710004230faff40541c00bf8fd4
:10832c00a223400f00000000f6ff00101c00bf8fbe
:020000040000fa
:020000041d00dd
:10833c00c03a0500425504002538ea000080013c93
:10834c002538e1004050050042550a001e04062461
:10835c002330ca000c00c018000000002000c12c03
:10836c000200201400000000000007340200a104e9
:10837c000638c70023380700251007000800e00363
:10838c00000000000000000002008010000000004f
:10839c000100a534f07f013c010021342b08a10021
:1083ac000300201400000000f4ff00100080023cc9
:1083bc00ff7f023cf1ff0010ffff42340000000081
:020000040000fa
:020000041d00dd
:1083cc00d8ffbd272400bfaf2000beaf25f0a0030f
:1083dc00251080002c00c5af2800c2a31000c0a33c
:1083ec001400c227252840002c00c48fc115400f53
:1083fc00000000001400c28f0900401000000000b3
:10840c002800c2931400c58f1800c68f2520400089
:10841c000911400f00000000010002241000c2a34b
:10842c001400c28feeff4014000000001000c29335
:10843c0025e8c0032400bf8f2000be8f2800bd2775
:08844c000800e003000000003d
:020000040000fa
:020000041d00dd
:1084540050726f6a656374536f757263652f6d61d3
:10846400696e2e630000000c4661696c6564506f90
:108474007374203d3d204572726f725479706500ab
:108484004661696c6564506f696e746572203d3d28
:10849400204572726f725479706500004661696c90
:1084a4006564496e6974203d3d204572726f725453
:1084b400797065004661696c65644f746865722003
:1084c4003d3d204572726f72547970650000000062
:0884d4006d61696e00000000fb
:020000040000fa
:020000041d00dd
:1084dc00e0ffbd271400b1af1c00bfaf1800b2af56
:1084ec001000b0af0d00a010258800000c00c0508b
:1084fc001c00bf8f0300842c080080102588c0004e
:10850c000000023c000042240b0040102580a0001b
:10851c002528c0000000000c252000021c00bf8f85
:10852c00251020021800b28f1400b18f1000b08fec
:10853c000800e0032000bd272190a6000000048263
:10854c008a17400f01001026fcff50161c00bf8f2d
:08855c00f4ff001025102002bd
:020000040000fa
:020000041d00dd
:108564000800e003000000002518e003009d043c1f
:10857400006a842416008010000000000000858c2e
:108584001300a010040084240000868c04008424ba
:1085940000008b8404008424019d0c3c30908c25c5
:1085a40080580b0021606c0100008c8d09f880015b
:1085b400000000002520400003008424fcff062462
:1085c4002420c4000000858cecffa01400000000ef
:0c85d40025f860000800e0030000000033
:020000040000fa
:020000041d00dd
:1085e00020000524000082800d004510f7ff432481
:1085f0000500632c0a0060142b0003240a004310ba
:108600002d00032403004314252800000100052445
:108610000100842425100000070000100a00072430
:10862000f0ff001001008424f9ff0010252800004d
:10863000010084242310430000008380d0ff6324c2
:108640000a00662cfaffc054021047700100a050c7
:0c865000231002000800e00300000000fe
:020000040000fa
:020000041d00dd
:10865c0000000524254805002538050025300400b8
:10866c000c00c010000000000600c1040000000057
:10867c000080093c2b500500232805002330060000
:10868c002330ca001e0407242040c8702338e80099
:10869c0004300601c24205004055060025400a017f
:1086ac004050060002530a0025482a0100550700d5
:1086bc0025482a0125100800251809000800e003a8
:0886cc000000000000000000a6
:020000040000fa
:020000041d00dd
:1086d400e0ffbd271800b2af259080002520a00040
:1086e4001c00bfaf1400b1af9721400f1000b0af12
:1086f400019d043c1091868c1491878c2528600080
:10870400d717400f25204000252040022580400037
:10871400db22400f25886000252040002530000220
:10872400253820024b12400f252860001c00bf8f03
:108734001800b28f1400b18f1000b08f0800e0034e
:048744002000bd272d
:020000040000fa
:020000041d00dd
:10874800200003240b20a5000b180500022c0400b0
:108758000400a014021205001000633425288000cc
:1087680002120500040040140221020008006334cc
:108778002510a00002210200040080548210040089
:108788000400633425204000821004000400405493
:1087980042100200020063342510800042100200db
:0c87a800010042380800e00325104300e7
:020000040000fa
:020000041d00dd
:1087b4001000828ce0ffbd271800b1af2b88c200e7
:1087c4000a3051001c00bfaf0c00c0101400b0af41
:1087d400258080001400848c5223400f2588c0001b
:1087e4001400028e1000068e211051002388d1003f
:1087f400140002ae100011ae000040a01c00bf8f98
:108804001800b18f1400b08f0800e0032000bd27ca
:020000040000fa
:020000041d00dd
:108814000400a28ce0ffbd27ff008330000142303a
:108824001c00bfaf0a0040101000a3a31400a28cc8
:10883400ff008430010046241400a6ac000043a0cd
:108844001c00bf8f251080000800e0032000bd2716
:108854002520a00001000624a223400f1000a52714
:10886400f7ff4010ffff0424f5ff00101000a4934d
:020000040000fa
:020000041d00dd
:10887400e8ffbd271400bfaf100080141000b0af94
:1088840000a0023cc800438c050060102580000055
:10889400c800448c1d22400f0000000025804000c9
:1088a4003424400f00000000251002021400bf8f82
:1088b4001000b08f0800e0031800bd273624400fd5
:0c88c40025280000faff00101400bf8ff0
:020000040000fa
:020000041d00dd
:1088d000019d063c251000000090c62440180200af
:1088e00021186600000067800300e0540000858cba
:1088f0000800e00301006290010042240000a8800b
:1089000004000715ff004230010062900100a52419
:10891000000085ac0b00432cf1ff601440180200ee
:088920000800e0030000000064
:020000040000fa
:020000041d00dd
:108928000000043ce8ffbd270000842403008010f9
:108938001400bfaf09f88000000000000000843078
:108948000000a530009d083c486d082509f8000185
:10895800000000000000023c000042240300401018
:108968000000000009f8400000000000f9ff0010b6
:0489780000000000fb
:020000040000fa
:020000041d00dd
:10897c008000a32810006014251000008200a3289a
:10898c0003006014830003240b00a31400000000f8
:10899c000000c28c070042240410027c080043240f
:1089ac000000c3ac0400438c0000428c040083ac78
:1089bc00000082ac010002240800e003000000006b
:020000040000fa
:020000041d00dd
:1089cc000000023c00004224050040100000023c64
:1089dc000000422403004010019d023c3f00007047
:1089ec00019d023ca48a42240500401000000000b6
:1089fc00e8ffbd271400bfaf09f8400000000000dd
:088a0c00ffff00100000000054
:020000040000fa
:020000041d00dd
:108a14000000023c00004224050040100000023c1b
:108a24000000422403004010019d023c3f000070fe
:108a3400019d023ca48a422405004010000000006d
:108a4400e8ffbd271400bfaf09f840000000000094
:088a5400ffff0010000000000c
:020000040000fa
:020000041d00dd
:108a5c000000023c00004224070040100000023cd1
:108a6c000000422405004050019d023c3f00007074
:108a7c000800e00300000000019d023ca48a42248f
:108a8c00030040100000000009f840000000000046
:088a9c000800e00300000000e7
:020000040000fa
:020000041d00dd
:108aa40000606041c000000099aa033c81bf023c01
:108ab4005566632430f240ac30f243ac6655033c57
:108ac400aa99633430f243ac81bf023c0100032411
:108ad40018f643ac81bf023c10f6428cab22400b2b
:048ae400000000008e
:020000040000fa
:020000041d00dd
:108ae80000a0023c3001428ce0ffbd271c00bfaf54
:108af8000000428c1000a7af2538a000019d053c5e
:108b08001400a6af408ea524253080005d23400fb9
:108b1800252040001d22400f252000001524400f6d
:048b28000000000049
:020000040000fa
:020000041d00dd
:108b2c000000000000000000000000000000000039
:108b3c000000000000000000000000000000000029
:108b4c000000000000000000000000000000000019
:108b5c00000000000000000000000000300e009d2e
:020000040000fa
:020000041d00dd
:108b6c00e8ffbd271000b0af1400bfaf9721400f36
:108b7c00258080000600010625286000019d043c2c
:108b8c001891868c1c91878c4b12400f252040002d
:108b9c001400bf8f1000b08f0800e0031800bd2731
:020000040000fa
:020000041d00dd
:108bac00e0ffbd271800b0af1000a6af25808000f5
:108bbc001c00bfaf280b400f1000a6270400038e2b
:108bcc001c00bf8fffff0424100063300b108300c8
:0c8bdc001800b08f0800e0032000bd2747
:020000040000fa
:020000041d00dd
:108be8000800c01025108000200003242318660008
:108bf8000600601c0620c500252000000610c500e0
:108c0800252880000800e0032518a0000610c200ef
:108c180004286500faff0010251045000800c01060
:108c28002510800020000424232086000600805c94
:108c38000418c200251800000428c200251060008e
:108c48000800e0032518a0000428c50006108200cb
:088c5800faff00102528a2001c
:020000040000fa
:020000041d00dd
:108c60000100020004000800100020004000800005
:108c700000010002000400080010002000400080f5
:108c800000010102020202030303030303030300c2
:108c90004173736572742022257322204661696cca
:108ca0006564206174204c696e653a2025642c202f
:108cb000696e2046696c653a202573200a0d000014
:020000040000fa
:020000041d00dd
:108cc0000000828008004010000000002510800095
:108cd0000100422400004380feff60540100422452
:108ce0000800e003231044000800e0032510000002
:020000040000fa
:020000041d00dd
:108cf000e8ffbd271400bfaf2a24400f000000008a
:108d00001400bf8f00a0033c640062ac00a0033cd1
:0c8d1000600062ac0800e0031800bd2702
:020000040000fa
:020000041d00dd
:108d1c00e8ffbd271400bfafaa23400f00000000de
:108d2c003c23400f000000004224400f00000000d4
:0c8d3c001400bf8f0800e0031800bd27e2
:020000040000fa
:020000041d00dd
:108d48000800c010251080002130860025188000fa
:108d58000100a524ffffa79001006324fcff66140f
:0c8d6800ffff67a00800e003000000000f
:020000040000fa
:020000041d00dd
:108d7400e0ffbd272800a6af2800a6271c00bfaf30
:108d84002c00a7afeb22400f1000a6af1c00bf8f32
:088d94000800e0032000bd27e8
:020000040000fa
:020000041d00dd
:108da000000000000000f03f000000000000e03f75
:108db0000000000000005043000000000000b03f31
:088dc00000000000000020404b
:020000040000fa
:020000041d00dd
:108dc8000700c01025108000202c057c213086006b
:108dd8002518800001006324feff6614ffff65a0cc
:088de8000800e0030000000098
:020000040000fa
:020000041d00dd
:108df000e8ffbd271000b0af1400bfaf8623400fbf
:108e0000258080001400bf8f251000021000b08f55
:088e10000800e0031800bd2773
:020000040000fa
:020000041d00dd
:108e180002000010251080002510c0000100a524c4
:108e2800ffffa38001004624fbff6014ffffc3a0df
:088e38000800e0030000000047
:020000040000fa
:020000041d00dd
:108e4000417373657274696f6e206661696c6564e5
:108e50003a202573202825733a2025733a2025646b
:048e6000290a0000db
:020000040000fa
:020000041d00dd
:108e640000a0023c3401428ce8ffbd271400bfafd0
:108e7400d123400f0000458c1400bf8f0800e0038d
:048e84001800bd27ee
:020000040000fa
:020000041d00dd
:108e88000000848ce8ffbd271400bfaf3721400fd6
:108e9800000000001400bf8f0800e0031800bd2781
:020000040000fa
:020000041d00dd
:108ea80000a0023cd000422400a0033ccc0062aced
:108eb80000a0033cc80062ac0800e003000000000a
:020000040000fa
:020000041d00dd
:108ec800000000000000f03f000000000000244007
:108ed80000000000000050430000000000001440a3
:108ee800000000000000e043000000000000e0c3b4
:108ef800000000f0ffff1f34000000000000f00732
:020000040000fa
:020000041d00dd
:108f080000008c90ffffc624010084240000aca060
:108f1800fbffc0140100a5240800e0032510800011
:020000040000fa
:020000041d00dd
:108f2800286e756c6c290000303132333435363791
:0c8f380038396162636465660000000067
:020000040000fa
:020000041d00dd
:108f4400e8ffbd271400bfaf0522400f000000005a
:0c8f54001400bf8f0800e0031800bd27c8
:020000040000fa
:020000041d00dd
:108f6000bfff83241a00632c0200601025108000cc
:0c8f7000200082340800e0030000000034
:020000040000fa
:020000041d00dd
:108f7c00e8ffbd271400bfafd823400f000000004e
:0c8f8c001400bf8f0800e0031800bd2790
:020000040000fa
:020000041d00dd
:108f98009fff83241a00632c0200601025108000b4
:0c8fa8005f0082300800e00300000000c1
:020000040000fa
:020000041d00dd
:108fb400e8ffbd271400bfafe623400f0000000008
:0c8fc4001400bf8f0800e0031800bd2758
:020000040000fa
:020000041d00dd
:108fd0000000200201000003000000000b00000060
:088fe000010000000000000088
:020000040000fa
:020000041d00dd
:108fe80000601a40bfff1b3cffff7b3724d05b03a8
:088ff80000609a4018000042dd
:020000040000fa
:020000041d00dd
:1090000068076c094c836a9074a07ac000806888f5
:0890100000846c820081000065
:020000040000fa
:020000041d00dd
:10901800ffffc6240000a0a0fdffc0140100a52486
:089028000800e00325108000a0
:020000040000fa
:020000041d00dd
:109030001890009d088f009d6485009d6485009dab
:109040006485009d1c0a009d780e009d380500a0d7
:049050000600000016
:020000040000fa
:020000041d00dd
:10905400e8ffbd271400bfaf1924400f7f0004248c
:020000040000fa
:020000041d00dd
:10906400e8ffbd271400bfaf4824400f00000000f4
:020000040000fa
:020000041d00dd
:10907400494e4600696e66004e414e006e616e00b8
:10908400494e4600696e66004e414e006e616e00a8
:020000040000fa
:020000041d00dd
:10909800000000000000e07f000000000000600306
:020000040000fa
:020000041d00dd
:0c90a80000a0023c0800e0036800422425
:020000040000fa
:020000041d00dd
:0c90b400286e696c2900000025000000f7
:020000040000fa
:020000041d00dd
:0890c0000800e00300000000bd
:020000040000fa
:020000041d00dd
:0890c8000800e00300000000b5
:020000040000fa
:020000041d00dd
:0890d0000800e0032510000078
:020000040000fa
:020000041d00dd
:0890d8000800e0032510000070
:020000040000fa
:020000041d00dd
:0890e0000800e0032510000068
:020000040000fa
:020000041d00dd
:0890e8000800e0032510000060
:020000040000fa
:020000041d00dd
:0890f0000800e0032510000058
:020000040000fa
:020000041d00dd
:0890f8000800e0032510000050
:020000040000fa
:020000041d00dd
:109100000800e003251000000800e0030000000054
:020000040000fa
:020000041d00dd
:10911000000000000000f041000000000000f041ed
:020000040000fa
:020000041d00dd
:08912000ffff00100000000039
:020000040000fa
:020000041d00dd
:089128000800e003251000001f
:020000040000fa
:020000041d00dd
:089130000800e0032510000017
:020000040000fa
:020000041d00dd
:048d9c004870009d7e
:00000001FF
