ISO-10303-21;
HEADER;
FILE_DESCRIPTION (( 'STEP AP214' ),
    '1' );
FILE_NAME ('CUI_DEVICES_PT01-D115D-B502.step',
    '2023-05-03T20:33:09',
    ( '' ),
    ( '' ),
    'SwSTEP 2.0',
    'SolidWorks 2023',
    '' );
FILE_SCHEMA (( 'AUTOMOTIVE_DESIGN' ));
ENDSEC;

DATA;
#1 = CARTESIAN_POINT ( 'NONE',  ( 0.000000000000000000, 8.900000000000000355, 0.000000000000000000 ) ) ;
#2 = ORIENTED_EDGE ( 'NONE', *, *, #8463, .F. ) ;
#3 = CARTESIAN_POINT ( 'NONE',  ( -5.259901047426943421, 0.4494845360824796798, -9.291887738487545789 ) ) ;
#4 = CARTESIAN_POINT ( 'NONE',  ( -1.089941313553887126, -0.05202383709185200156, 0.5000000000000000000 ) ) ;
#5 = EDGE_CURVE ( 'NONE', #5722, #2950, #6555, .T. ) ;
#6 = EDGE_LOOP ( 'NONE', ( #7338, #5858, #3995, #6363 ) ) ;
#7 = CARTESIAN_POINT ( 'NONE',  ( 2.600000000000000533, 4.049484536082481156, -5.300000000000009592 ) ) ;
#8 = AXIS2_PLACEMENT_3D ( 'NONE', #6732, #8773, #1834 ) ;
#9 = VECTOR ( 'NONE', #6556, 1000.000000000000000 ) ;
#10 = CARTESIAN_POINT ( 'NONE',  ( -0.7967663502707699186, 10.20000000000000107, 0.000000000000000000 ) ) ;
#11 = VERTEX_POINT ( 'NONE', #5868 ) ;
#12 = LINE ( 'NONE', #4074, #7290 ) ;
#13 = LINE ( 'NONE', #6970, #3979 ) ;
#14 = LINE ( 'NONE', #2174, #4677 ) ;
#15 = ADVANCED_FACE ( 'NONE', ( #6602 ), #8738, .F. ) ;
#16 = VECTOR ( 'NONE', #6494, 1000.000000000000000 ) ;
#17 = ORIENTED_EDGE ( 'NONE', *, *, #4060, .F. ) ;
#18 = AXIS2_PLACEMENT_3D ( 'NONE', #3391, #3215, #4593 ) ;
#19 = ORIENTED_EDGE ( 'NONE', *, *, #1005, .F. ) ;
#20 = ORIENTED_EDGE ( 'NONE', *, *, #1294, .T. ) ;
#21 = VERTEX_POINT ( 'NONE', #2101 ) ;
#22 = ORIENTED_EDGE ( 'NONE', *, *, #4055, .T. ) ;
#23 = LINE ( 'NONE', #2828, #2058 ) ;
#24 = CARTESIAN_POINT ( 'NONE',  ( -1.900000000000001910, 5.100000000000004086, 0.1000000000000000056 ) ) ;
#25 = AXIS2_PLACEMENT_3D ( 'NONE', #5527, #1882, #6178 ) ;
#26 = AXIS2_PLACEMENT_3D ( 'NONE', #3736, #2999, #8064 ) ;
#27 = DIRECTION ( 'NONE',  ( -1.121588454295349533E-16, -1.000000000000000000, 0.000000000000000000 ) ) ;
#28 = LINE ( 'NONE', #9113, #8452 ) ;
#29 = CARTESIAN_POINT ( 'NONE',  ( -2.500000000000000000, -6.700000000000000178, -1.350000000000000089 ) ) ;
#30 = SHAPE_DEFINITION_REPRESENTATION ( #5870, #8092 ) ;
#31 = EDGE_CURVE ( 'NONE', #3802, #5095, #2076, .T. ) ;
#32 = AXIS2_PLACEMENT_3D ( 'NONE', #6077, #8242, #7713 ) ;
#33 = ORIENTED_EDGE ( 'NONE', *, *, #3959, .F. ) ;
#34 = PLANE ( 'NONE',  #3372 ) ;
#35 = DIRECTION ( 'NONE',  ( 0.001026138167772244888, 0.000000000000000000, 0.9999994735200917750 ) ) ;
#36 = VECTOR ( 'NONE', #2252, 1000.000000000000000 ) ;
#37 = LINE ( 'NONE', #5744, #4496 ) ;
#38 = DIRECTION ( 'NONE',  ( 1.085300408096357451E-16, 1.000000000000000000, 0.000000000000000000 ) ) ;
#39 = LINE ( 'NONE', #5016, #5252 ) ;
#40 = CARTESIAN_POINT ( 'NONE',  ( 1.750000000000000222, -6.700000000000000178, 1.100000000000000089 ) ) ;
#41 = ORIENTED_EDGE ( 'NONE', *, *, #8519, .T. ) ;
#42 = CARTESIAN_POINT ( 'NONE',  ( -1.734723475976807094E-15, 0.4500000000000040079, 2.500000000000000000 ) ) ;
#43 = ORIENTED_EDGE ( 'NONE', *, *, #4187, .F. ) ;
#44 = LINE ( 'NONE', #868, #16 ) ;
#45 = EDGE_CURVE ( 'NONE', #1327, #8960, #546, .T. ) ;
#46 = CARTESIAN_POINT ( 'NONE',  ( 4.900000000000001243, -1.550515463917521597, -7.399999999999999467 ) ) ;
#47 = ORIENTED_EDGE ( 'NONE', *, *, #7719, .F. ) ;
#48 = DIRECTION ( 'NONE',  ( 0.000000000000000000, 0.000000000000000000, -1.000000000000000000 ) ) ;
#49 = CIRCLE ( 'NONE', #1952, 0.9000000000000002442 ) ;
#50 = PRODUCT_DEFINITION_CONTEXT ( 'detailed design', #6120, 'design' ) ;
#51 = DIRECTION ( 'NONE',  ( 1.000000000000000000, 8.850629979473506011E-17, 0.000000000000000000 ) ) ;
#52 = EDGE_CURVE ( 'NONE', #8589, #7649, #1912, .T. ) ;
#53 = ORIENTED_EDGE ( 'NONE', *, *, #7427, .T. ) ;
#54 = ORIENTED_EDGE ( 'NONE', *, *, #8674, .T. ) ;
#55 = DIRECTION ( 'NONE',  ( 0.000000000000000000, 0.000000000000000000, 1.000000000000000000 ) ) ;
#56 = VECTOR ( 'NONE', #1719, 1000.000000000000000 ) ;
#57 = FACE_OUTER_BOUND ( 'NONE', #2600, .T. ) ;
#58 = ADVANCED_FACE ( 'NONE', ( #4045 ), #5513, .T. ) ;
#59 = EDGE_CURVE ( 'NONE', #5701, #7712, #8221, .T. ) ;
#60 = DIRECTION ( 'NONE',  ( 1.931541112668179251E-15, 0.000000000000000000, -1.000000000000000000 ) ) ;
#61 = CARTESIAN_POINT ( 'NONE',  ( -1.734723475976807094E-15, 0.4500000000000040079, 1.800000000000000488 ) ) ;
#62 = DIRECTION ( 'NONE',  ( 1.000000000000000000, 0.000000000000000000, 0.000000000000000000 ) ) ;
#63 = EDGE_LOOP ( 'NONE', ( #5576, #6116, #7134, #4878 ) ) ;
#64 = ORIENTED_EDGE ( 'NONE', *, *, #254, .F. ) ;
#65 = VERTEX_POINT ( 'NONE', #4131 ) ;
#66 = ORIENTED_EDGE ( 'NONE', *, *, #3807, .T. ) ;
#67 = VERTEX_POINT ( 'NONE', #7031 ) ;
#68 = CARTESIAN_POINT ( 'NONE',  ( 4.500000000000002665, 2.849484536082478758, -4.299999999999999822 ) ) ;
#69 = ORIENTED_EDGE ( 'NONE', *, *, #8289, .F. ) ;
#70 = LINE ( 'NONE', #4998, #6646 ) ;
#71 = EDGE_CURVE ( 'NONE', #8194, #2719, #634, .T. ) ;
#72 = LINE ( 'NONE', #2039, #917 ) ;
#73 = ADVANCED_FACE ( 'NONE', ( #4821 ), #34, .F. ) ;
#74 = CARTESIAN_POINT ( 'NONE',  ( -3.250000000000001332, -6.500000000000001776, 1.100000000000000089 ) ) ;
#75 = FACE_OUTER_BOUND ( 'NONE', #8487, .T. ) ;
#76 = APPLICATION_PROTOCOL_DEFINITION ( 'draft international standard', 'automotive_design', 1998, #6120 ) ;
#77 = ORIENTED_EDGE ( 'NONE', *, *, #609, .F. ) ;
#78 = ORIENTED_EDGE ( 'NONE', *, *, #722, .T. ) ;
#79 = CARTESIAN_POINT ( 'NONE',  ( -5.011844097109289464, 0.4494845360824792913, -9.823847585124243054 ) ) ;
#80 = AXIS2_PLACEMENT_3D ( 'NONE', #2148, #2791, #8433 ) ;
#81 = PLANE ( 'NONE',  #6207 ) ;
#82 = EDGE_CURVE ( 'NONE', #7114, #4528, #8379, .T. ) ;
#83 = CARTESIAN_POINT ( 'NONE',  ( 4.399999999999998579, -5.549999999999998934, 1.000000000000000000 ) ) ;
#84 = CARTESIAN_POINT ( 'NONE',  ( -0.5000000000000029976, -2.050000000000001155, 0.5000000000000000000 ) ) ;
#85 = DIRECTION ( 'NONE',  ( -0.000000000000000000, -1.000000000000000000, -0.000000000000000000 ) ) ;
#86 = DIRECTION ( 'NONE',  ( -1.000000000000000000, 8.850629979473510942E-17, 0.000000000000000000 ) ) ;
#87 = VECTOR ( 'NONE', #8148, 1000.000000000000000 ) ;
#88 = EDGE_LOOP ( 'NONE', ( #6781, #6251, #1331, #3328, #2574, #3505, #7758 ) ) ;
#89 = ORIENTED_EDGE ( 'NONE', *, *, #6654, .F. ) ;
#90 = FACE_OUTER_BOUND ( 'NONE', #5067, .T. ) ;
#91 = ORIENTED_EDGE ( 'NONE', *, *, #226, .F. ) ;
#92 = DIRECTION ( 'NONE',  ( 0.000000000000000000, 0.000000000000000000, -1.000000000000000000 ) ) ;
#93 = AXIS2_PLACEMENT_3D ( 'NONE', #9005, #1978, #2808 ) ;
#94 = DIRECTION ( 'NONE',  ( -1.000000000000000000, -8.850629979473506011E-17, 0.000000000000000000 ) ) ;
#95 = ORIENTED_EDGE ( 'NONE', *, *, #1069, .F. ) ;
#96 = DIRECTION ( 'NONE',  ( 0.000000000000000000, 1.000000000000000000, 0.000000000000000000 ) ) ;
#97 = DIRECTION ( 'NONE',  ( 0.000000000000000000, 0.000000000000000000, 1.000000000000000000 ) ) ;
#98 = VECTOR ( 'NONE', #5243, 1000.000000000000000 ) ;
#99 = EDGE_LOOP ( 'NONE', ( #2876, #6798, #8751, #8530 ) ) ;
#100 = AXIS2_PLACEMENT_3D ( 'NONE', #5299, #3187, #5989 ) ;
#101 = ADVANCED_FACE ( 'NONE', ( #1234 ), #3359, .T. ) ;
#102 = CARTESIAN_POINT ( 'NONE',  ( -4.911598099521928162, 0.4494845360824795133, -9.101887738487548063 ) ) ;
#103 = CARTESIAN_POINT ( 'NONE',  ( -1.565936075841833697, 8.900000000000000355, -3.517150011924012887 ) ) ;
#104 = ADVANCED_FACE ( 'NONE', ( #7677 ), #1363, .T. ) ;
#105 = AXIS2_PLACEMENT_3D ( 'NONE', #6430, #120, #2231 ) ;
#106 = CARTESIAN_POINT ( 'NONE',  ( 1.750000000000000000, -5.549999999999998934, 1.300000000000000266 ) ) ;
#107 = DIRECTION ( 'NONE',  ( 0.000000000000000000, 0.000000000000000000, 1.000000000000000000 ) ) ;
#108 = EDGE_LOOP ( 'NONE', ( #8048, #2543, #2911, #4208, #1085, #139 ) ) ;
#109 = ORIENTED_EDGE ( 'NONE', *, *, #2641, .F. ) ;
#110 = EDGE_CURVE ( 'NONE', #4100, #8252, #8670, .T. ) ;
#111 = ORIENTED_EDGE ( 'NONE', *, *, #1563, .T. ) ;
#112 = VECTOR ( 'NONE', #470, 1000.000000000000000 ) ;
#113 = CARTESIAN_POINT ( 'NONE',  ( -3.650000000000001688, -3.750000000000000000, 5.000000000000000000 ) ) ;
#114 = VERTEX_POINT ( 'NONE', #7627 ) ;
#115 = CARTESIAN_POINT ( 'NONE',  ( -4.499999999999992895, 2.449484536082479735, -4.300000000000008704 ) ) ;
#116 = EDGE_CURVE ( 'NONE', #4530, #6795, #674, .T. ) ;
#117 = DIRECTION ( 'NONE',  ( -1.000000000000000000, -0.000000000000000000, -0.000000000000000000 ) ) ;
#118 = DIRECTION ( 'NONE',  ( 0.000000000000000000, -1.000000000000000000, 0.000000000000000000 ) ) ;
#119 = DIRECTION ( 'NONE',  ( 0.000000000000000000, -1.000000000000000000, 0.000000000000000000 ) ) ;
#120 = DIRECTION ( 'NONE',  ( -0.000000000000000000, -1.000000000000000000, -0.000000000000000000 ) ) ;
#121 = ORIENTED_EDGE ( 'NONE', *, *, #816, .T. ) ;
#122 = ADVANCED_FACE ( 'NONE', ( #5558 ), #716, .F. ) ;
#123 = EDGE_LOOP ( 'NONE', ( #7623, #2584, #5914, #6553 ) ) ;
#124 = CARTESIAN_POINT ( 'NONE',  ( -5.259901047426943421, 0.4494845360824796798, -9.291887738487545789 ) ) ;
#125 = CARTESIAN_POINT ( 'NONE',  ( 4.399999999999998579, -5.949999999999998401, 5.000000000000000000 ) ) ;
#126 = PLANE ( 'NONE',  #5965 ) ;
#127 = DIRECTION ( 'NONE',  ( 0.000000000000000000, -1.000000000000000000, 0.000000000000000000 ) ) ;
#128 = FACE_OUTER_BOUND ( 'NONE', #8970, .T. ) ;
#129 = VECTOR ( 'NONE', #7170, 1000.000000000000000 ) ;
#130 = CARTESIAN_POINT ( 'NONE',  ( -4.598116167910876406, -7.703534482956369541E-17, -7.662869739802289359 ) ) ;
#131 = EDGE_LOOP ( 'NONE', ( #4163, #4002, #3344, #5069 ) ) ;
#132 = ORIENTED_EDGE ( 'NONE', *, *, #3001, .F. ) ;
#133 = CARTESIAN_POINT ( 'NONE',  ( 4.900000000000000355, 4.349484536082479202, -4.299999999999999822 ) ) ;
#134 = ORIENTED_EDGE ( 'NONE', *, *, #6412, .T. ) ;
#135 = VECTOR ( 'NONE', #1599, 1000.000000000000000 ) ;
#136 = CARTESIAN_POINT ( 'NONE',  ( 2.999999999999998224, -3.750000000000000000, 5.599999999999999645 ) ) ;
#137 = CARTESIAN_POINT ( 'NONE',  ( 4.900000000000001243, -5.150515463917521686, -4.900000000000009237 ) ) ;
#138 = LINE ( 'NONE', #2953, #8587 ) ;
#139 = ORIENTED_EDGE ( 'NONE', *, *, #2522, .F. ) ;
#140 = CARTESIAN_POINT ( 'NONE',  ( 1.370000000000000107, 8.500000000000000000, 3.349876971653936941 ) ) ;
#141 = CARTESIAN_POINT ( 'NONE',  ( -3.675000000000000266, 3.649484536082479469, 0.4000000000000000222 ) ) ;
#142 = VECTOR ( 'NONE', #3858, 1000.000000000000000 ) ;
#143 = ORIENTED_EDGE ( 'NONE', *, *, #5555, .T. ) ;
#144 = ORIENTED_EDGE ( 'NONE', *, *, #4701, .T. ) ;
#145 = ADVANCED_FACE ( 'NONE', ( #4089 ), #3401, .F. ) ;
#146 = DIRECTION ( 'NONE',  ( 1.334402673828313339E-16, -1.000000000000000000, 0.000000000000000000 ) ) ;
#147 = TOROIDAL_SURFACE ( 'NONE', #735, 0.1500000000000000777, 0.2000000000000011213 ) ;
#148 = VERTEX_POINT ( 'NONE', #2787 ) ;
#149 = DIRECTION ( 'NONE',  ( 0.4067366430757998197, 0.000000000000000000, -0.9135454576426010886 ) ) ;
#150 = FILL_AREA_STYLE_COLOUR ( '', #6765 ) ;
#151 = EDGE_LOOP ( 'NONE', ( #7248, #7335, #1520, #6050 ) ) ;
#152 = VERTEX_POINT ( 'NONE', #8430 ) ;
#153 = ORIENTED_EDGE ( 'NONE', *, *, #856, .T. ) ;
#154 = CIRCLE ( 'NONE', #8846, 0.8000000000000003775 ) ;
#155 = ORIENTED_EDGE ( 'NONE', *, *, #5692, .T. ) ;
#156 = DIRECTION ( 'NONE',  ( 0.000000000000000000, 0.000000000000000000, -1.000000000000000000 ) ) ;
#157 = ORIENTED_EDGE ( 'NONE', *, *, #4790, .F. ) ;
#158 = CARTESIAN_POINT ( 'NONE',  ( 4.900000000000001243, 4.349484536082479202, 0.000000000000000000 ) ) ;
#159 = FACE_OUTER_BOUND ( 'NONE', #1415, .T. ) ;
#160 = APPLICATION_CONTEXT ( 'automotive_design' ) ;
#161 = PLANE ( 'NONE',  #715 ) ;
#162 = EDGE_CURVE ( 'NONE', #8789, #3939, #7722, .T. ) ;
#163 = AXIS2_PLACEMENT_3D ( 'NONE', #4938, #7883, #4246 ) ;
#164 = CARTESIAN_POINT ( 'NONE',  ( 4.500000000000002665, -2.450515463917520620, 8.691935007006808402E-15 ) ) ;
#165 = VECTOR ( 'NONE', #505, 1000.000000000000000 ) ;
#166 = LINE ( 'NONE', #1676, #8828 ) ;
#167 = CARTESIAN_POINT ( 'NONE',  ( 2.600000000000000533, 2.849484536082479202, -6.800000000000000711 ) ) ;
#168 = EDGE_CURVE ( 'NONE', #3264, #3183, #3230, .T. ) ;
#169 = ORIENTED_EDGE ( 'NONE', *, *, #7223, .T. ) ;
#170 = EDGE_CURVE ( 'NONE', #8086, #6873, #3667, .T. ) ;
#171 = CARTESIAN_POINT ( 'NONE',  ( 0.000000000000000000, 0.5000000000000004441, 0.000000000000000000 ) ) ;
#172 = PRESENTATION_LAYER_ASSIGNMENT (  '', '', ( #5755 ) ) ;
#173 = VECTOR ( 'NONE', #7040, 1000.000000000000000 ) ;
#174 = CARTESIAN_POINT ( 'NONE',  ( 0.4999999999999982792, 0.000000000000000000, 0.000000000000000000 ) ) ;
#175 = EDGE_CURVE ( 'NONE', #9085, #3508, #8822, .T. ) ;
#176 = CARTESIAN_POINT ( 'NONE',  ( -4.499999999999990230, -2.550515463917520709, -5.800000000000008704 ) ) ;
#177 = DIRECTION ( 'NONE',  ( 0.000000000000000000, 0.000000000000000000, 1.000000000000000000 ) ) ;
#178 = PLANE ( 'NONE',  #5686 ) ;
#179 = VECTOR ( 'NONE', #8473, 1000.000000000000000 ) ;
#180 = VECTOR ( 'NONE', #4156, 1000.000000000000000 ) ;
#181 = DIRECTION ( 'NONE',  ( 0.000000000000000000, 0.000000000000000000, 1.000000000000000000 ) ) ;
#182 = ADVANCED_FACE ( 'NONE', ( #2279 ), #6389, .T. ) ;
#183 = ORIENTED_EDGE ( 'NONE', *, *, #9024, .F. ) ;
#184 = CARTESIAN_POINT ( 'NONE',  ( 0.000000000000000000, 8.900000000000000355, 0.000000000000000000 ) ) ;
#185 = ORIENTED_EDGE ( 'NONE', *, *, #4648, .F. ) ;
#186 = AXIS2_PLACEMENT_3D ( 'NONE', #2980, #5090, #7895 ) ;
#187 = CARTESIAN_POINT ( 'NONE',  ( -0.4999999999999997780, 11.70000000000000462, 2.299999999999999822 ) ) ;
#188 = EDGE_CURVE ( 'NONE', #532, #3803, #3629, .T. ) ;
#189 = DIRECTION ( 'NONE',  ( 8.845923557788683676E-17, 0.7071067811865486830, -0.7071067811865464625 ) ) ;
#190 = LINE ( 'NONE', #3004, #3138 ) ;
#191 = LINE ( 'NONE', #2907, #5387 ) ;
#192 = LINE ( 'NONE', #5809, #454 ) ;
#193 = ORIENTED_EDGE ( 'NONE', *, *, #2699, .T. ) ;
#194 = ORIENTED_EDGE ( 'NONE', *, *, #3613, .T. ) ;
#195 = CARTESIAN_POINT ( 'NONE',  ( 0.000000000000000000, 8.900000000000000355, -3.850000000000000089 ) ) ;
#196 = AXIS2_PLACEMENT_3D ( 'NONE', #8709, #3176, #3821 ) ;
#197 = ORIENTED_EDGE ( 'NONE', *, *, #7442, .T. ) ;
#198 = LINE ( 'NONE', #4388, #7587 ) ;
#199 = EDGE_CURVE ( 'NONE', #3707, #6109, #3586, .T. ) ;
#200 = DIRECTION ( 'NONE',  ( -1.000000000000000000, 0.000000000000000000, 0.000000000000000000 ) ) ;
#201 = EDGE_LOOP ( 'NONE', ( #5822, #8833, #2130, #946 ) ) ;
#202 = ORIENTED_EDGE ( 'NONE', *, *, #7604, .T. ) ;
#203 =( BOUNDED_CURVE ( )  B_SPLINE_CURVE ( 3, ( #2760, #4106, #2717, #5531 ),
 .UNSPECIFIED., .F., .T. ) 
 B_SPLINE_CURVE_WITH_KNOTS ( ( 4, 4 ),
 ( 1.570796326794896558, 3.141592653589793116 ),
 .UNSPECIFIED. ) 
 CURVE ( )  GEOMETRIC_REPRESENTATION_ITEM ( )  RATIONAL_B_SPLINE_CURVE ( ( 1.000000000000000000, 0.8047378541243649375, 0.8047378541243649375, 1.000000000000000000 ) ) 
 REPRESENTATION_ITEM ( '' )  );
#204 = AXIS2_PLACEMENT_3D ( 'NONE', #4615, #926, #3747 ) ;
#205 = ORIENTED_EDGE ( 'NONE', *, *, #687, .F. ) ;
#206 = CARTESIAN_POINT ( 'NONE',  ( -4.500000000000001776, 4.349484536082479202, 0.4000000000000000222 ) ) ;
#207 = ORIENTED_EDGE ( 'NONE', *, *, #856, .F. ) ;
#208 = LINE ( 'NONE', #5779, #5923 ) ;
#209 = CARTESIAN_POINT ( 'NONE',  ( -0.4500000000000001776, -3.020950878361716274, 2.100000000000000089 ) ) ;
#210 = CARTESIAN_POINT ( 'NONE',  ( 0.000000000000000000, -6.700000000000000178, -1.350000000000000089 ) ) ;
#211 = CARTESIAN_POINT ( 'NONE',  ( 1.342230922150143391, 10.90000000000000036, -3.014700010220582538 ) ) ;
#212 = LINE ( 'NONE', #7253, #7781 ) ;
#213 = DIRECTION ( 'NONE',  ( 0.000000000000000000, -1.000000000000000000, 0.000000000000000000 ) ) ;
#214 = ORIENTED_EDGE ( 'NONE', *, *, #6880, .F. ) ;
#215 = VERTEX_POINT ( 'NONE', #5097 ) ;
#216 = EDGE_CURVE ( 'NONE', #9107, #8939, #7336, .T. ) ;
#217 = EDGE_CURVE ( 'NONE', #6282, #7349, #7906, .T. ) ;
#218 = FACE_OUTER_BOUND ( 'NONE', #8880, .T. ) ;
#219 = LINE ( 'NONE', #5975, #391 ) ;
#220 = DIRECTION ( 'NONE',  ( 4.396715779998432485E-81, -1.000000000000000000, -3.439160614977206978E-33 ) ) ;
#221 = EDGE_CURVE ( 'NONE', #979, #4528, #1587, .T. ) ;
#222 = CARTESIAN_POINT ( 'NONE',  ( -4.500000000000002665, 2.849484536082480091, -5.300000000000009592 ) ) ;
#223 = CARTESIAN_POINT ( 'NONE',  ( 2.556853995623897365E-49, -3.650515463917521242, 0.4000000000000001887 ) ) ;
#224 = ORIENTED_EDGE ( 'NONE', *, *, #1302, .F. ) ;
#225 = AXIS2_PLACEMENT_3D ( 'NONE', #2053, #552, #1278 ) ;
#226 = EDGE_CURVE ( 'NONE', #7697, #4925, #7922, .T. ) ;
#227 = DIRECTION ( 'NONE',  ( 1.000000000000000000, 0.000000000000000000, 0.000000000000000000 ) ) ;
#228 = ORIENTED_EDGE ( 'NONE', *, *, #3381, .T. ) ;
#229 = LINE ( 'NONE', #7226, #3409 ) ;
#230 = LINE ( 'NONE', #7874, #7043 ) ;
#231 = DIRECTION ( 'NONE',  ( -1.000000000000000000, 0.000000000000000000, -1.251002506714043540E-16 ) ) ;
#232 = EDGE_CURVE ( 'NONE', #7561, #7062, #3622, .T. ) ;
#233 = VECTOR ( 'NONE', #6017, 1000.000000000000000 ) ;
#234 = CARTESIAN_POINT ( 'NONE',  ( 0.000000000000000000, 13.19999999998344720, -0.4000000000132786226 ) ) ;
#235 = PRODUCT_DEFINITION_CONTEXT ( 'detailed design', #8730, 'design' ) ;
#236 = DIRECTION ( 'NONE',  ( 0.000000000000000000, -1.000000000000000000, 1.445602896647339706E-15 ) ) ;
#237 = ORIENTED_EDGE ( 'NONE', *, *, #415, .T. ) ;
#238 = ORIENTED_EDGE ( 'NONE', *, *, #4394, .T. ) ;
#239 = VERTEX_POINT ( 'NONE', #2937 ) ;
#240 = ADVANCED_FACE ( 'NONE', ( #8470 ), #5740, .F. ) ;
#241 = AXIS2_PLACEMENT_3D ( 'NONE', #8169, #3978, #6094 ) ;
#242 = FACE_OUTER_BOUND ( 'NONE', #1437, .T. ) ;
#243 = FACE_OUTER_BOUND ( 'NONE', #598, .T. ) ;
#244 = ORIENTED_EDGE ( 'NONE', *, *, #6016, .F. ) ;
#245 = CARTESIAN_POINT ( 'NONE',  ( 1.899999999999996358, -2.700000000000000622, 0.000000000000000000 ) ) ;
#246 = CARTESIAN_POINT ( 'NONE',  ( 1.749999999999999778, -5.549999999999999822, 1.000000000000000000 ) ) ;
#247 = COLOUR_RGB ( '',0.7921568627450980005, 0.8196078431372548767, 0.9333333333333333481 ) ;
#248 = ORIENTED_EDGE ( 'NONE', *, *, #9082, .F. ) ;
#249 = VERTEX_POINT ( 'NONE', #1498 ) ;
#250 = EDGE_CURVE ( 'NONE', #8083, #3254, #1542, .T. ) ;
#251 = CARTESIAN_POINT ( 'NONE',  ( 0.8032336497292290600, 11.70000000000000462, 1.730200664999783971E-16 ) ) ;
#252 = DIRECTION ( 'NONE',  ( 0.000000000000000000, 0.000000000000000000, 1.000000000000000000 ) ) ;
#253 = ADVANCED_FACE ( 'NONE', ( #8042 ), #5185, .F. ) ;
#254 = EDGE_CURVE ( 'NONE', #6661, #4391, #548, .T. ) ;
#255 = CARTESIAN_POINT ( 'NONE',  ( -4.500000000000003553, -5.150515463917521686, -4.900000000000009237 ) ) ;
#256 = AXIS2_PLACEMENT_3D ( 'NONE', #500, #2559, #4085 ) ;
#257 = CARTESIAN_POINT ( 'NONE',  ( -4.499999999999989342, -3.050515463917520709, -5.900000000000009237 ) ) ;
#258 = LINE ( 'NONE', #7993, #641 ) ;
#259 = LINE ( 'NONE', #5926, #867 ) ;
#260 = PLANE ( 'NONE',  #7609 ) ;
#261 =( BOUNDED_CURVE ( )  B_SPLINE_CURVE ( 3, ( #1908, #4858, #8980, #7671 ),
 .UNSPECIFIED., .F., .T. ) 
 B_SPLINE_CURVE_WITH_KNOTS ( ( 4, 4 ),
 ( 1.570796326794896780, 3.141592653589793116 ),
 .UNSPECIFIED. ) 
 CURVE ( )  GEOMETRIC_REPRESENTATION_ITEM ( )  RATIONAL_B_SPLINE_CURVE ( ( 1.000000000000000000, 0.8047378541243650485, 0.8047378541243650485, 1.000000000000000000 ) ) 
 REPRESENTATION_ITEM ( '' )  );
#262 = VECTOR ( 'NONE', #6883, 1000.000000000000000 ) ;
#263 = ORIENTED_EDGE ( 'NONE', *, *, #8066, .T. ) ;
#264 = ORIENTED_EDGE ( 'NONE', *, *, #3739, .T. ) ;
#265 = ADVANCED_FACE ( 'NONE', ( #893 ), #3760, .F. ) ;
#266 = FACE_OUTER_BOUND ( 'NONE', #5350, .T. ) ;
#267 = VECTOR ( 'NONE', #8412, 1000.000000000000000 ) ;
#268 = CARTESIAN_POINT ( 'NONE',  ( 0.000000000000000000, 10.20000000000000107, 0.000000000000000000 ) ) ;
#269 = DIRECTION ( 'NONE',  ( 0.000000000000000000, 0.000000000000000000, -1.000000000000000000 ) ) ;
#270 = CARTESIAN_POINT ( 'NONE',  ( 0.000000000000000000, -2.700000000000001066, 0.000000000000000000 ) ) ;
#271 = ADVANCED_FACE ( 'NONE', ( #3025 ), #7344, .T. ) ;
#272 = LINE ( 'NONE', #1777, #2005 ) ;
#273 = VERTEX_POINT ( 'NONE', #7940 ) ;
#274 = DIRECTION ( 'NONE',  ( 0.000000000000000000, 1.000000000000000000, 0.000000000000000000 ) ) ;
#275 = CARTESIAN_POINT ( 'NONE',  ( 4.500000000000002665, 2.849484536082478758, -5.300000000000009592 ) ) ;
#276 = ORIENTED_EDGE ( 'NONE', *, *, #7655, .F. ) ;
#277 = DIRECTION ( 'NONE',  ( 1.000000000000000000, -2.491288438666612654E-16, 0.000000000000000000 ) ) ;
#278 = CARTESIAN_POINT ( 'NONE',  ( -1.900000000000001910, -2.700000000000000622, 0.1000000000000000056 ) ) ;
#279 = PLANE ( 'NONE',  #6809 ) ;
#280 = AXIS2_PLACEMENT_3D ( 'NONE', #6944, #4225, #4777 ) ;
#281 = ORIENTED_EDGE ( 'NONE', *, *, #7842, .F. ) ;
#282 = DIRECTION ( 'NONE',  ( -1.000000000000000000, 0.000000000000000000, 0.000000000000000000 ) ) ;
#283 = ADVANCED_FACE ( 'NONE', ( #1036 ), #161, .T. ) ;
#284 = CARTESIAN_POINT ( 'NONE',  ( 3.250000000000001332, -6.700000000000000178, 1.000000000000000000 ) ) ;
#285 = EDGE_LOOP ( 'NONE', ( #7999, #2786, #3701, #2209 ) ) ;
#286 = VERTEX_POINT ( 'NONE', #2928 ) ;
#287 = VECTOR ( 'NONE', #1918, 1000.000000000000000 ) ;
#288 = ADVANCED_FACE ( 'NONE', ( #7896 ), #2272, .T. ) ;
#289 = LINE ( 'NONE', #7375, #6091 ) ;
#290 = CARTESIAN_POINT ( 'NONE',  ( 5.259901047426962961, -1.550515463917522485, -9.291887738487535131 ) ) ;
#291 = ORIENTED_EDGE ( 'NONE', *, *, #3268, .T. ) ;
#292 = DIRECTION ( 'NONE',  ( 0.000000000000000000, 0.000000000000000000, -1.000000000000000000 ) ) ;
#293 = EDGE_CURVE ( 'NONE', #6504, #5943, #847, .T. ) ;
#294 = AXIS2_PLACEMENT_3D ( 'NONE', #702, #3521, #7657 ) ;
#295 = DIRECTION ( 'NONE',  ( 0.000000000000000000, 1.000000000000000000, 0.000000000000000000 ) ) ;
#296 = EDGE_LOOP ( 'NONE', ( #818, #3134, #7293, #9071 ) ) ;
#297 = VERTEX_POINT ( 'NONE', #5731 ) ;
#298 = ORIENTED_EDGE ( 'NONE', *, *, #2878, .F. ) ;
#299 = DIRECTION ( 'NONE',  ( 0.9063077870366488265, -2.257874111717931083E-16, 0.4226182617407018283 ) ) ;
#300 = CARTESIAN_POINT ( 'NONE',  ( -4.900000000000001243, -2.450515463917521064, 0.4000000000000000222 ) ) ;
#301 = ORIENTED_EDGE ( 'NONE', *, *, #5555, .F. ) ;
#302 = ORIENTED_EDGE ( 'NONE', *, *, #8053, .F. ) ;
#303 = CIRCLE ( 'NONE', #6772, 3.000000000000000444 ) ;
#304 = PLANE ( 'NONE',  #4743 ) ;
#305 = CARTESIAN_POINT ( 'NONE',  ( 2.600000000000000533, 2.849484536082480979, -5.300000000000009592 ) ) ;
#306 = EDGE_CURVE ( 'NONE', #7399, #4970, #7343, .T. ) ;
#307 = CARTESIAN_POINT ( 'NONE',  ( -4.500000000000003553, -5.450515463917523284, 0.4000000000000000222 ) ) ;
#308 = CARTESIAN_POINT ( 'NONE',  ( -4.500000000000002665, 4.849484536082480091, 0.4000000000000000222 ) ) ;
#309 = LINE ( 'NONE', #3763, #833 ) ;
#310 = VECTOR ( 'NONE', #7021, 1000.000000000000000 ) ;
#311 = VERTEX_POINT ( 'NONE', #8696 ) ;
#312 = ORIENTED_EDGE ( 'NONE', *, *, #6861, .T. ) ;
#313 = ORIENTED_EDGE ( 'NONE', *, *, #5807, .F. ) ;
#314 = VECTOR ( 'NONE', #1068, 1000.000000000000000 ) ;
#315 = AXIS2_PLACEMENT_3D ( 'NONE', #5036, #791, #325 ) ;
#316 = PLANE ( 'NONE',  #1930 ) ;
#317 = CARTESIAN_POINT ( 'NONE',  ( 1.565936075841832809, 8.900000000000000355, -3.517150011924013331 ) ) ;
#318 = LINE ( 'NONE', #8005, #4612 ) ;
#319 = FACE_OUTER_BOUND ( 'NONE', #2126, .T. ) ;
#320 = ADVANCED_FACE ( 'NONE', ( #1625 ), #5828, .T. ) ;
#321 = CARTESIAN_POINT ( 'NONE',  ( 3.399999999999998135, -0.05000000000000100198, 0.5000000000000000000 ) ) ;
#322 = ORIENTED_EDGE ( 'NONE', *, *, #1858, .T. ) ;
#323 = VECTOR ( 'NONE', #7416, 1000.000000000000000 ) ;
#324 = VECTOR ( 'NONE', #4134, 1000.000000000000114 ) ;
#325 = DIRECTION ( 'NONE',  ( -1.000000000000000000, -1.355252715606879803E-16, 0.000000000000000000 ) ) ;
#326 = DIRECTION ( 'NONE',  ( 1.000000000000000000, 0.000000000000000000, 0.000000000000000000 ) ) ;
#327 = ORIENTED_EDGE ( 'NONE', *, *, #388, .T. ) ;
#328 = CYLINDRICAL_SURFACE ( 'NONE', #4584, 0.4000000000000001887 ) ;
#329 = LINE ( 'NONE', #5895, #7929 ) ;
#330 = DIRECTION ( 'NONE',  ( 1.000000000000000000, 0.000000000000000000, 0.000000000000000000 ) ) ;
#331 = FACE_OUTER_BOUND ( 'NONE', #4338, .T. ) ;
#332 = ORIENTED_EDGE ( 'NONE', *, *, #2958, .F. ) ;
#333 = AXIS2_PLACEMENT_3D ( 'NONE', #1624, #3284, #8605 ) ;
#334 = CIRCLE ( 'NONE', #8727, 0.3500000000000000333 ) ;
#335 = LINE ( 'NONE', #969, #5940 ) ;
#336 = EDGE_CURVE ( 'NONE', #8144, #7093, #3378, .T. ) ;
#337 = CARTESIAN_POINT ( 'NONE',  ( 1.342230922150143391, 8.900000000000000355, -3.014700010220582538 ) ) ;
#338 = VERTEX_POINT ( 'NONE', #941 ) ;
#339 = CARTESIAN_POINT ( 'NONE',  ( 0.0008203932499369634770, 11.70000000000000462, -0.5999999999999999778 ) ) ;
#340 = VECTOR ( 'NONE', #8810, 1000.000000000000000 ) ;
#341 = EDGE_CURVE ( 'NONE', #3755, #5127, #2360, .T. ) ;
#342 = CARTESIAN_POINT ( 'NONE',  ( -4.499999999999991118, 4.049484536082480268, -5.300000000000009592 ) ) ;
#343 = VERTEX_POINT ( 'NONE', #1581 ) ;
#344 = EDGE_LOOP ( 'NONE', ( #8919, #6746, #853, #1899 ) ) ;
#345 = ORIENTED_EDGE ( 'NONE', *, *, #4859, .T. ) ;
#346 = CARTESIAN_POINT ( 'NONE',  ( -0.4500000000000001776, 0.4500000000000592970, 2.100000000000000089 ) ) ;
#347 = EDGE_CURVE ( 'NONE', #6173, #5727, #7296, .T. ) ;
#348 = CIRCLE ( 'NONE', #7255, 0.4000000000000001887 ) ;
#349 = ORIENTED_EDGE ( 'NONE', *, *, #4831, .F. ) ;
#350 = ORIENTED_EDGE ( 'NONE', *, *, #4060, .T. ) ;
#351 = CARTESIAN_POINT ( 'NONE',  ( -4.900000000000001243, -2.450515463917520620, 0.000000000000000000 ) ) ;
#352 = LINE ( 'NONE', #211, #1668 ) ;
#353 = EDGE_CURVE ( 'NONE', #5269, #1680, #5052, .T. ) ;
#354 = CARTESIAN_POINT ( 'NONE',  ( 4.500000000000002665, 2.449484536082478847, 0.000000000000000000 ) ) ;
#355 = DIRECTION ( 'NONE',  ( 0.000000000000000000, -1.000000000000000000, 0.000000000000000000 ) ) ;
#356 = VECTOR ( 'NONE', #4031, 1000.000000000000000 ) ;
#357 = ORIENTED_EDGE ( 'NONE', *, *, #2578, .F. ) ;
#358 = VERTEX_POINT ( 'NONE', #8606 ) ;
#359 = ORIENTED_EDGE ( 'NONE', *, *, #7842, .T. ) ;
#360 = ORIENTED_EDGE ( 'NONE', *, *, #8695, .F. ) ;
#361 = EDGE_CURVE ( 'NONE', #994, #7721, #7205, .T. ) ;
#362 = DIRECTION ( 'NONE',  ( 0.000000000000000000, 1.000000000000000000, 3.260780805318072864E-31 ) ) ;
#363 = CYLINDRICAL_SURFACE ( 'NONE', #6554, 0.4000000000000001887 ) ;
#364 = DIRECTION ( 'NONE',  ( -1.000000000000000000, 0.000000000000000000, 0.000000000000000000 ) ) ;
#365 = FACE_OUTER_BOUND ( 'NONE', #88, .T. ) ;
#366 = LINE ( 'NONE', #5337, #8051 ) ;
#367 = VERTEX_POINT ( 'NONE', #3383 ) ;
#368 = ADVANCED_FACE ( 'NONE', ( #3740 ), #8668, .F. ) ;
#369 = CARTESIAN_POINT ( 'NONE',  ( 0.000000000000000000, 10.90000000000000036, 0.000000000000000000 ) ) ;
#370 = CARTESIAN_POINT ( 'NONE',  ( -4.100000000000001421, 0.4500000000000045075, 5.000000000000000000 ) ) ;
#371 = ORIENTED_EDGE ( 'NONE', *, *, #3632, .T. ) ;
#372 = ADVANCED_FACE ( 'NONE', ( #3003 ), #5756, .T. ) ;
#373 = CARTESIAN_POINT ( 'NONE',  ( -3.400000000000001243, 0.9500000000000038414, 0.5000000000000000000 ) ) ;
#374 = DIRECTION ( 'NONE',  ( 0.000000000000000000, 1.000000000000000000, 0.000000000000000000 ) ) ;
#375 = VERTEX_POINT ( 'NONE', #6628 ) ;
#376 = DIRECTION ( 'NONE',  ( 0.000000000000000000, 0.000000000000000000, -1.000000000000000000 ) ) ;
#377 = CARTESIAN_POINT ( 'NONE',  ( 0.000000000000000000, -0.5505154639175203757, 4.600000000000000533 ) ) ;
#378 = ORIENTED_EDGE ( 'NONE', *, *, #3778, .T. ) ;
#379 = VERTEX_POINT ( 'NONE', #7321 ) ;
#380 = DIRECTION ( 'NONE',  ( 0.000000000000000000, 0.000000000000000000, 1.000000000000000000 ) ) ;
#381 = LINE ( 'NONE', #5306, #314 ) ;
#382 = AXIS2_PLACEMENT_3D ( 'NONE', #7585, #6950, #4050 ) ;
#383 = PLANE ( 'NONE',  #4152 ) ;
#384 = ORIENTED_EDGE ( 'NONE', *, *, #6875, .T. ) ;
#385 = CARTESIAN_POINT ( 'NONE',  ( 3.250000000000000888, -5.549999999999999822, 1.000000000000000000 ) ) ;
#386 = CARTESIAN_POINT ( 'NONE',  ( 2.600000000000001421, -5.150515463917519909, -5.300000000000009592 ) ) ;
#387 = EDGE_CURVE ( 'NONE', #6504, #8454, #7964, .T. ) ;
#388 = EDGE_CURVE ( 'NONE', #4530, #5379, #6449, .T. ) ;
#389 = ORIENTED_EDGE ( 'NONE', *, *, #8059, .F. ) ;
#390 = ORIENTED_EDGE ( 'NONE', *, *, #2944, .T. ) ;
#391 = VECTOR ( 'NONE', #6529, 1000.000000000000000 ) ;
#392 = ORIENTED_EDGE ( 'NONE', *, *, #5267, .T. ) ;
#393 = PLANE ( 'NONE',  #1914 ) ;
#394 = VERTEX_POINT ( 'NONE', #2294 ) ;
#395 = PRODUCT_DEFINITION ( 'UNKNOWN', '', #4219, #7787 ) ;
#396 = DIRECTION ( 'NONE',  ( 0.000000000000000000, 0.000000000000000000, -1.000000000000000000 ) ) ;
#397 = CIRCLE ( 'NONE', #8186, 0.4000000000000001887 ) ;
#398 = LINE ( 'NONE', #7433, #356 ) ;
#399 = DIRECTION ( 'NONE',  ( -0.4226182617407018283, 0.000000000000000000, 0.9063077870366488265 ) ) ;
#400 = DIRECTION ( 'NONE',  ( -1.000000000000000000, 0.000000000000000000, 0.000000000000000000 ) ) ;
#401 = EDGE_CURVE ( 'NONE', #6738, #1465, #5433, .T. ) ;
#402 = VERTEX_POINT ( 'NONE', #137 ) ;
#403 = EDGE_LOOP ( 'NONE', ( #6332, #5126, #6151, #8182 ) ) ;
#404 = ORIENTED_EDGE ( 'NONE', *, *, #5347, .T. ) ;
#405 = VERTEX_POINT ( 'NONE', #2336 ) ;
#406 = VECTOR ( 'NONE', #7500, 1000.000000000000000 ) ;
#407 = FACE_OUTER_BOUND ( 'NONE', #3777, .T. ) ;
#408 = EDGE_CURVE ( 'NONE', #114, #7615, #7228, .T. ) ;
#409 = DIRECTION ( 'NONE',  ( 0.000000000000000000, -1.000000000000000000, 0.000000000000000000 ) ) ;
#410 = CARTESIAN_POINT ( 'NONE',  ( -1.900000000000001910, -4.200000000000000178, 0.000000000000000000 ) ) ;
#411 = CARTESIAN_POINT ( 'NONE',  ( 0.000000000000000000, 0.000000000000000000, 0.1000000000000000056 ) ) ;
#412 = AXIS2_PLACEMENT_3D ( 'NONE', #5786, #2839, #5690 ) ;
#413 = CIRCLE ( 'NONE', #1417, 0.4000000000000001887 ) ;
#414 = PLANE ( 'NONE',  #1862 ) ;
#415 = EDGE_CURVE ( 'NONE', #5658, #7755, #1007, .T. ) ;
#416 = DIRECTION ( 'NONE',  ( -0.6560590289905063877, 1.672292908175179415E-16, -0.7547095802227727912 ) ) ;
#417 = EDGE_LOOP ( 'NONE', ( #5462, #8185, #8788, #6373 ) ) ;
#418 = CARTESIAN_POINT ( 'NONE',  ( 0.000000000000000000, -6.500000000000001776, 1.300000000000000266 ) ) ;
#419 = VECTOR ( 'NONE', #8364, 1000.000000000000000 ) ;
#420 = DIRECTION ( 'NONE',  ( 5.782411586589350145E-15, -1.000000000000000000, 0.000000000000000000 ) ) ;
#421 = ORIENTED_EDGE ( 'NONE', *, *, #7827, .F. ) ;
#422 = DIRECTION ( 'NONE',  ( 1.000000000000000000, 8.850629979473506011E-17, 0.000000000000000000 ) ) ;
#423 = DIRECTION ( 'NONE',  ( 0.000000000000000000, 3.469446951953613696E-16, 1.000000000000000000 ) ) ;
#424 = SURFACE_STYLE_FILL_AREA ( #2571 ) ;
#425 = EDGE_CURVE ( 'NONE', #1837, #4659, #5072, .T. ) ;
#426 = CARTESIAN_POINT ( 'NONE',  ( 3.675000000000000266, -4.750515463917523107, -1.600000000000000089 ) ) ;
#427 =( REPRESENTATION_RELATIONSHIP ('NONE','NONE', #7088, #8033 ) REPRESENTATION_RELATIONSHIP_WITH_TRANSFORMATION ( #3208 )SHAPE_REPRESENTATION_RELATIONSHIP( ) );
#428 = ORIENTED_EDGE ( 'NONE', *, *, #1210, .T. ) ;
#429 = CARTESIAN_POINT ( 'NONE',  ( -0.7500000000000000000, -5.549999999999998934, 1.000000000000000000 ) ) ;
#430 = CARTESIAN_POINT ( 'NONE',  ( 4.412981643411524324, -1.550515463917525372, -11.10811226151246878 ) ) ;
#431 = CARTESIAN_POINT ( 'NONE',  ( -4.499999999999992895, 6.873989284057756956E-16, -4.300000000000008704 ) ) ;
#432 = EDGE_LOOP ( 'NONE', ( #3892, #8082, #3062, #2158 ) ) ;
#433 = DIRECTION ( 'NONE',  ( 1.000000000000000000, -1.215054158819962036E-16, 0.000000000000000000 ) ) ;
#434 = CARTESIAN_POINT ( 'NONE',  ( -2.899999999999999911, -6.699999999999999289, -1.349999999999999867 ) ) ;
#435 = EDGE_CURVE ( 'NONE', #8857, #5888, #230, .T. ) ;
#436 = VECTOR ( 'NONE', #2003, 1000.000000000000000 ) ;
#437 = ORIENTED_EDGE ( 'NONE', *, *, #2237, .F. ) ;
#438 = DIRECTION ( 'NONE',  ( 0.000000000000000000, 0.000000000000000000, 1.000000000000000000 ) ) ;
#439 = VERTEX_POINT ( 'NONE', #3046 ) ;
#440 = CARTESIAN_POINT ( 'NONE',  ( -1.900000000000001910, 3.600000000000003642, 0.1000000000000000056 ) ) ;
#441 = AXIS2_PLACEMENT_3D ( 'NONE', #257, #5924, #7856 ) ;
#442 = PLANE ( 'NONE',  #8755 ) ;
#443 = LINE ( 'NONE', #3249, #3085 ) ;
#444 = CARTESIAN_POINT ( 'NONE',  ( 0.4999999999999987232, 2.950000000000003286, 0.5000000000000000000 ) ) ;
#445 = ORIENTED_EDGE ( 'NONE', *, *, #722, .F. ) ;
#446 = VERTEX_POINT ( 'NONE', #961 ) ;
#447 = VERTEX_POINT ( 'NONE', #5850 ) ;
#448 = ORIENTED_EDGE ( 'NONE', *, *, #2820, .F. ) ;
#449 = CARTESIAN_POINT ( 'NONE',  ( -0.5000000000000015543, 2.950000000000003730, 0.5000000000000000000 ) ) ;
#450 = ORIENTED_EDGE ( 'NONE', *, *, #654, .F. ) ;
#451 = EDGE_CURVE ( 'NONE', #6728, #8938, #329, .T. ) ;
#452 = DIRECTION ( 'NONE',  ( 0.000000000000000000, 0.000000000000000000, 1.000000000000000000 ) ) ;
#453 = CARTESIAN_POINT ( 'NONE',  ( 1.898540922494819316, 8.500000000000000000, 3.349334615354596423 ) ) ;
#454 = VECTOR ( 'NONE', #5666, 1000.000000000000000 ) ;
#455 = FACE_OUTER_BOUND ( 'NONE', #7313, .T. ) ;
#456 = LINE ( 'NONE', #3263, #2150 ) ;
#457 = ORIENTED_EDGE ( 'NONE', *, *, #4567, .F. ) ;
#458 = VERTEX_POINT ( 'NONE', #6581 ) ;
#459 = AXIS2_PLACEMENT_3D ( 'NONE', #1299, #740, #3562 ) ;
#460 = CARTESIAN_POINT ( 'NONE',  ( 2.600000000000000533, 2.849484536082480091, -4.900000000000009237 ) ) ;
#461 = DIRECTION ( 'NONE',  ( 0.000000000000000000, 0.000000000000000000, -1.000000000000000000 ) ) ;
#462 = ORIENTED_EDGE ( 'NONE', *, *, #5351, .F. ) ;
#463 = ADVANCED_FACE ( 'NONE', ( #7183 ), #5155, .F. ) ;
#464 = CARTESIAN_POINT ( 'NONE',  ( 5.238893727143786094, -1.550515463917522041, -8.400000000000000355 ) ) ;
#465 = LINE ( 'NONE', #4782, #955 ) ;
#466 = CARTESIAN_POINT ( 'NONE',  ( -2.500000000000000000, -6.700000000000000178, 0.000000000000000000 ) ) ;
#467 = AXIS2_PLACEMENT_3D ( 'NONE', #832, #5121, #3563 ) ;
#468 = CIRCLE ( 'NONE', #315, 0.4000000000000001887 ) ;
#469 = ADVANCED_FACE ( 'NONE', ( #3691 ), #919, .F. ) ;
#470 = DIRECTION ( 'NONE',  ( 0.000000000000000000, 0.000000000000000000, 1.000000000000000000 ) ) ;
#471 = VERTEX_POINT ( 'NONE', #5205 ) ;
#472 = DIRECTION ( 'NONE',  ( 1.000000000000000000, 0.000000000000000000, 0.000000000000000000 ) ) ;
#473 = EDGE_CURVE ( 'NONE', #502, #4849, #3498, .T. ) ;
#474 = AXIS2_PLACEMENT_3D ( 'NONE', #6947, #7456, #7495 ) ;
#475 = AXIS2_PLACEMENT_3D ( 'NONE', #184, #1782, #8011 ) ;
#476 = CARTESIAN_POINT ( 'NONE',  ( 4.900000000000001243, -3.550515463917521153, -5.900000000000000355 ) ) ;
#477 = EDGE_CURVE ( 'NONE', #6917, #8206, #9120, .T. ) ;
#478 = CARTESIAN_POINT ( 'NONE',  ( 4.500000000000002665, 1.349484536082478980, 0.4000000000000087375 ) ) ;
#479 = ORIENTED_EDGE ( 'NONE', *, *, #1590, .T. ) ;
#480 = CARTESIAN_POINT ( 'NONE',  ( -3.600000000000001865, 5.150000000000003908, 5.000000000000000000 ) ) ;
#481 = LINE ( 'NONE', #1840, #4713 ) ;
#482 = AXIS2_PLACEMENT_3D ( 'NONE', #5421, #497, #580 ) ;
#483 = CIRCLE ( 'NONE', #6776, 0.1500000000000000777 ) ;
#484 = CARTESIAN_POINT ( 'NONE',  ( -1.479999999999999982, 10.90000000000000036, 0.4999999999999998890 ) ) ;
#485 = VERTEX_POINT ( 'NONE', #5606 ) ;
#486 = CARTESIAN_POINT ( 'NONE',  ( 4.500000000000002665, -3.050515463917521153, -5.900000000000000355 ) ) ;
#487 = VECTOR ( 'NONE', #117, 1000.000000000000000 ) ;
#488 = EDGE_CURVE ( 'NONE', #6469, #2716, #8432, .T. ) ;
#489 = DIRECTION ( 'NONE',  ( -1.000000000000000000, 2.491288438666622515E-16, -8.643393079969182961E-32 ) ) ;
#490 = CARTESIAN_POINT ( 'NONE',  ( -5.236132948075080229, -1.550515463917520487, -8.396377958773982186 ) ) ;
#491 = CARTESIAN_POINT ( 'NONE',  ( 0.000000000000000000, 5.100000000000004086, 0.000000000000000000 ) ) ;
#492 = ORIENTED_EDGE ( 'NONE', *, *, #6548, .F. ) ;
#493 = ORIENTED_EDGE ( 'NONE', *, *, #3055, .F. ) ;
#494 = ORIENTED_EDGE ( 'NONE', *, *, #3488, .F. ) ;
#495 = AXIS2_PLACEMENT_3D ( 'NONE', #2106, #127, #177 ) ;
#496 = CARTESIAN_POINT ( 'NONE',  ( 1.750000000000000000, -6.400000000000000355, -1.349999999999999867 ) ) ;
#497 = DIRECTION ( 'NONE',  ( -0.000000000000000000, -0.000000000000000000, -1.000000000000000000 ) ) ;
#498 = CIRCLE ( 'NONE', #3735, 0.7999999999999999334 ) ;
#499 = PLANE ( 'NONE',  #4466 ) ;
#500 = CARTESIAN_POINT ( 'NONE',  ( 0.000000000000000000, 8.900000000000000355, 0.000000000000000000 ) ) ;
#501 = EDGE_CURVE ( 'NONE', #2445, #1372, #9121, .T. ) ;
#502 = VERTEX_POINT ( 'NONE', #7544 ) ;
#503 = ORIENTED_EDGE ( 'NONE', *, *, #3619, .F. ) ;
#504 = AXIS2_PLACEMENT_3D ( 'NONE', #74, #5552, #6289 ) ;
#505 = DIRECTION ( 'NONE',  ( 1.000000000000000000, -2.491288438666616105E-16, 0.000000000000000000 ) ) ;
#506 = CARTESIAN_POINT ( 'NONE',  ( -1.479999999999999982, 11.70000000000000462, 0.8499999999999999778 ) ) ;
#507 = ADVANCED_FACE ( 'NONE', ( #4271 ), #7488, .T. ) ;
#508 = DIRECTION ( 'NONE',  ( 1.000000000000000000, 0.000000000000000000, 1.931541112668179645E-15 ) ) ;
#509 = LINE ( 'NONE', #7497, #630 ) ;
#510 = CARTESIAN_POINT ( 'NONE',  ( 1.000000000000000000, 4.426179070414211658, 4.299999999999999822 ) ) ;
#511 = CARTESIAN_POINT ( 'NONE',  ( -1.091177379365210198, 10.20000000000000107, -0.5047000102205828620 ) ) ;
#512 = EDGE_CURVE ( 'NONE', #4347, #8086, #6248, .T. ) ;
#513 = VERTEX_POINT ( 'NONE', #2829 ) ;
#514 = ORIENTED_EDGE ( 'NONE', *, *, #6667, .F. ) ;
#515 = DIRECTION ( 'NONE',  ( 0.000000000000000000, 1.000000000000000000, 0.000000000000000000 ) ) ;
#516 = ORIENTED_EDGE ( 'NONE', *, *, #6331, .F. ) ;
#517 = ADVANCED_FACE ( 'NONE', ( #6420 ), #5726, .T. ) ;
#518 = CARTESIAN_POINT ( 'NONE',  ( -3.000000000000000000, -4.750515463917523107, -1.600000000000000089 ) ) ;
#519 = LINE ( 'NONE', #5444, #2378 ) ;
#520 = ORIENTED_EDGE ( 'NONE', *, *, #1192, .T. ) ;
#521 = CARTESIAN_POINT ( 'NONE',  ( 0.0008203932499369634770, 11.70000000000000462, 0.6000000000000000888 ) ) ;
#522 = CARTESIAN_POINT ( 'NONE',  ( 4.399999999999998579, 3.600000000000003197, 0.1000000000000000056 ) ) ;
#523 = ADVANCED_FACE ( 'NONE', ( #4269 ), #6429, .F. ) ;
#524 = ORIENTED_EDGE ( 'NONE', *, *, #7409, .F. ) ;
#525 = CIRCLE ( 'NONE', #1689, 0.1500000000000000777 ) ;
#526 = FACE_OUTER_BOUND ( 'NONE', #8351, .T. ) ;
#527 = CARTESIAN_POINT ( 'NONE',  ( -4.598116167910875518, 0.4494845360824791802, -7.662869739802289359 ) ) ;
#528 = LINE ( 'NONE', #8178, #4115 ) ;
#529 = AXIS2_PLACEMENT_3D ( 'NONE', #8409, #2684, #7565 ) ;
#530 = DIRECTION ( 'NONE',  ( -1.000000000000000000, 0.000000000000000000, 0.000000000000000000 ) ) ;
#531 = ORIENTED_EDGE ( 'NONE', *, *, #7548, .F. ) ;
#532 = VERTEX_POINT ( 'NONE', #2365 ) ;
#533 = VERTEX_POINT ( 'NONE', #5093 ) ;
#534 = ORIENTED_EDGE ( 'NONE', *, *, #6972, .T. ) ;
#535 = DIRECTION ( 'NONE',  ( 0.000000000000000000, 0.000000000000000000, 1.000000000000000000 ) ) ;
#536 = ORIENTED_EDGE ( 'NONE', *, *, #3818, .T. ) ;
#537 = VECTOR ( 'NONE', #1111, 1000.000000000000000 ) ;
#538 = DIRECTION ( 'NONE',  ( 0.000000000000000000, 1.000000000000000000, 0.000000000000000000 ) ) ;
#539 = CARTESIAN_POINT ( 'NONE',  ( 1.370000000000000329, 8.500000000000000000, 3.349876971653937385 ) ) ;
#540 = CARTESIAN_POINT ( 'NONE',  ( 0.4999999999999987232, 2.950000000000003730, 0.5000000000000000000 ) ) ;
#541 = AXIS2_PLACEMENT_3D ( 'NONE', #7589, #2795, #8341 ) ;
#542 = VECTOR ( 'NONE', #7498, 1000.000000000000000 ) ;
#543 = ORIENTED_EDGE ( 'NONE', *, *, #3650, .F. ) ;
#544 = EDGE_CURVE ( 'NONE', #8215, #8663, #212, .T. ) ;
#545 = ORIENTED_EDGE ( 'NONE', *, *, #4055, .F. ) ;
#546 = LINE ( 'NONE', #5602, #436 ) ;
#547 = FACE_OUTER_BOUND ( 'NONE', #7971, .T. ) ;
#548 = CIRCLE ( 'NONE', #3640, 0.6500000000000000222 ) ;
#549 = CARTESIAN_POINT ( 'NONE',  ( -4.900000000000000355, 4.349484536082479202, -4.300000000000009592 ) ) ;
#550 = VECTOR ( 'NONE', #7954, 1000.000000000000000 ) ;
#551 = EDGE_CURVE ( 'NONE', #4395, #446, #1446, .T. ) ;
#552 = DIRECTION ( 'NONE',  ( 2.491288438666617091E-16, 1.000000000000000000, 3.559366888705205925E-31 ) ) ;
#553 = CARTESIAN_POINT ( 'NONE',  ( 1.250000000000000222, 8.500000000000000000, 3.150000003002861870 ) ) ;
#554 = CARTESIAN_POINT ( 'NONE',  ( 4.500000000000003553, 4.849484536082480091, 0.4000000000000000222 ) ) ;
#555 = DIRECTION ( 'NONE',  ( 2.168404344971008868E-16, -1.000000000000000000, 0.000000000000000000 ) ) ;
#556 = ORIENTED_EDGE ( 'NONE', *, *, #3434, .T. ) ;
#557 = ORIENTED_EDGE ( 'NONE', *, *, #3339, .T. ) ;
#558 = CIRCLE ( 'NONE', #8658, 3.300000000000000266 ) ;
#559 = CARTESIAN_POINT ( 'NONE',  ( 4.500000000000002665, -3.550515463917521153, -4.299999999999999822 ) ) ;
#560 = EDGE_LOOP ( 'NONE', ( #8564, #3121 ) ) ;
#561 = DIRECTION ( 'NONE',  ( 1.000000000000000000, 0.000000000000000000, 0.000000000000000000 ) ) ;
#562 = EDGE_CURVE ( 'NONE', #5180, #1889, #1583, .T. ) ;
#563 = DIRECTION ( 'NONE',  ( 0.000000000000000000, 0.000000000000000000, -1.000000000000000000 ) ) ;
#564 = ORIENTED_EDGE ( 'NONE', *, *, #3768, .T. ) ;
#565 = VECTOR ( 'NONE', #5699, 1000.000000000000114 ) ;
#566 = FACE_OUTER_BOUND ( 'NONE', #3061, .T. ) ;
#567 = EDGE_CURVE ( 'NONE', #9072, #1447, #806, .T. ) ;
#568 = EDGE_LOOP ( 'NONE', ( #3321, #7257, #7066, #1382 ) ) ;
#569 = FACE_OUTER_BOUND ( 'NONE', #2923, .T. ) ;
#570 = CARTESIAN_POINT ( 'NONE',  ( -0.5000000000000017764, 0.9500000000000040634, 0.5000000000000000000 ) ) ;
#571 = EDGE_CURVE ( 'NONE', #2799, #8250, #5003, .T. ) ;
#572 = LINE ( 'NONE', #8455, #4650 ) ;
#573 = PLANE ( 'NONE',  #5791 ) ;
#574 = CARTESIAN_POINT ( 'NONE',  ( 0.6700000000000000400, 11.70000000000000462, 0.5999999999999998668 ) ) ;
#575 = DIRECTION ( 'NONE',  ( 1.000000000000000000, 0.000000000000000000, 0.000000000000000000 ) ) ;
#576 = ORIENTED_EDGE ( 'NONE', *, *, #232, .T. ) ;
#577 = DIRECTION ( 'NONE',  ( -1.000000000000000000, 0.000000000000000000, 0.000000000000000000 ) ) ;
#578 = ORIENTED_EDGE ( 'NONE', *, *, #387, .F. ) ;
#579 = VECTOR ( 'NONE', #8583, 1000.000000000000000 ) ;
#580 = DIRECTION ( 'NONE',  ( -1.000000000000000000, 0.000000000000000000, 0.000000000000000000 ) ) ;
#581 = EDGE_CURVE ( 'NONE', #2751, #2086, #6607, .T. ) ;
#582 = PLANE ( 'NONE',  #7997 ) ;
#583 = CARTESIAN_POINT ( 'NONE',  ( 0.6700000000000000400, 11.70000000000000462, -0.6000000000000000888 ) ) ;
#584 = CIRCLE ( 'NONE', #3682, 0.9000000000000002442 ) ;
#585 = DIRECTION ( 'NONE',  ( -1.000000000000000000, 0.000000000000000000, 0.000000000000000000 ) ) ;
#586 = VERTEX_POINT ( 'NONE', #7994 ) ;
#587 = ORIENTED_EDGE ( 'NONE', *, *, #8829, .F. ) ;
#588 = DIRECTION ( 'NONE',  ( -0.000000000000000000, -1.000000000000000000, -0.000000000000000000 ) ) ;
#589 = DIRECTION ( 'NONE',  ( 0.000000000000000000, 0.000000000000000000, 1.000000000000000000 ) ) ;
#590 = DIRECTION ( 'NONE',  ( 1.000000000000000000, 0.000000000000000000, 1.931541112668179645E-15 ) ) ;
#591 = ADVANCED_FACE ( 'NONE', ( #850 ), #2983, .F. ) ;
#592 = DIRECTION ( 'NONE',  ( 0.000000000000000000, -1.000000000000000000, 0.000000000000000000 ) ) ;
#593 = DIRECTION ( 'NONE',  ( -0.000000000000000000, -0.000000000000000000, -1.000000000000000000 ) ) ;
#594 = DIRECTION ( 'NONE',  ( -0.000000000000000000, -1.000000000000000000, -0.000000000000000000 ) ) ;
#595 = LINE ( 'NONE', #3411, #5271 ) ;
#596 = EDGE_LOOP ( 'NONE', ( #7880, #5086, #4253, #2296 ) ) ;
#597 = VECTOR ( 'NONE', #937, 1000.000000000000000 ) ;
#598 = EDGE_LOOP ( 'NONE', ( #8899, #3809, #8906, #5523 ) ) ;
#599 = DIRECTION ( 'NONE',  ( 1.000000000000000000, 0.000000000000000000, 0.000000000000000000 ) ) ;
#600 = ORIENTED_EDGE ( 'NONE', *, *, #4418, .T. ) ;
#601 = CARTESIAN_POINT ( 'NONE',  ( -4.900000000000000355, 2.449484536082479735, 0.4000000000000000222 ) ) ;
#602 = VECTOR ( 'NONE', #3193, 1000.000000000000000 ) ;
#603 = CARTESIAN_POINT ( 'NONE',  ( 0.000000000000000000, 10.20000000000000107, -0.5047000102205828620 ) ) ;
#604 = AXIS2_PLACEMENT_3D ( 'NONE', #3779, #7104, #6408 ) ;
#605 = VERTEX_POINT ( 'NONE', #3762 ) ;
#606 = DIRECTION ( 'NONE',  ( 0.000000000000000000, 0.000000000000000000, -1.000000000000000000 ) ) ;
#607 = CARTESIAN_POINT ( 'NONE',  ( 0.000000000000000000, 8.500000000000000000, 0.000000000000000000 ) ) ;
#608 = EDGE_LOOP ( 'NONE', ( #3756, #3053, #1265, #5077 ) ) ;
#609 = EDGE_CURVE ( 'NONE', #249, #3388, #8977, .T. ) ;
#610 = ORIENTED_EDGE ( 'NONE', *, *, #1100, .T. ) ;
#611 = COLOUR_RGB ( '',0.7921568627450980005, 0.8196078431372548767, 0.9333333333333333481 ) ;
#612 = VECTOR ( 'NONE', #1509, 1000.000000000000000 ) ;
#613 = LINE ( 'NONE', #1429, #4857 ) ;
#614 = CARTESIAN_POINT ( 'NONE',  ( -3.000000000000001776, -3.750000000000000000, 5.000000000000000000 ) ) ;
#615 = EDGE_CURVE ( 'NONE', #65, #9085, #2274, .T. ) ;
#616 = DIRECTION ( 'NONE',  ( -2.491288438666617091E-16, -1.000000000000000000, -3.559366888705205925E-31 ) ) ;
#617 = VECTOR ( 'NONE', #7763, 1000.000000000000000 ) ;
#618 = CARTESIAN_POINT ( 'NONE',  ( -4.400000000000002132, -2.700000000000001066, 0.1000000000000001305 ) ) ;
#619 = DIRECTION ( 'NONE',  ( 1.000000000000000000, 0.000000000000000000, 0.000000000000000000 ) ) ;
#620 = ORIENTED_EDGE ( 'NONE', *, *, #347, .T. ) ;
#621 = EDGE_CURVE ( 'NONE', #2358, #8972, #6170, .T. ) ;
#622 = ORIENTED_EDGE ( 'NONE', *, *, #7827, .T. ) ;
#623 = FACE_OUTER_BOUND ( 'NONE', #131, .T. ) ;
#624 = AXIS2_PLACEMENT_3D ( 'NONE', #6936, #2927, #5595 ) ;
#625 = ORIENTED_EDGE ( 'NONE', *, *, #3075, .T. ) ;
#626 = EDGE_CURVE ( 'NONE', #725, #152, #6562, .T. ) ;
#627 = CARTESIAN_POINT ( 'NONE',  ( -2.899999999999999911, -6.700000000000000178, -1.350000000000000089 ) ) ;
#628 = CARTESIAN_POINT ( 'NONE',  ( 5.708436666169093954, -1.550515463917522041, -8.329999999999998295 ) ) ;
#629 = DIRECTION ( 'NONE',  ( 0.000000000000000000, 1.000000000000000000, 0.000000000000000000 ) ) ;
#630 = VECTOR ( 'NONE', #6900, 1000.000000000000000 ) ;
#631 = EDGE_CURVE ( 'NONE', #7348, #2059, #1536, .T. ) ;
#632 = ORIENTED_EDGE ( 'NONE', *, *, #4763, .T. ) ;
#633 = ORIENTED_EDGE ( 'NONE', *, *, #4443, .F. ) ;
#634 = LINE ( 'NONE', #6341, #8377 ) ;
#635 = DIRECTION ( 'NONE',  ( 8.850629979473506011E-17, 1.000000000000000000, -2.168404344971008868E-16 ) ) ;
#636 = AXIS2_PLACEMENT_3D ( 'NONE', #1731, #269, #3079 ) ;
#637 = DIRECTION ( 'NONE',  ( 0.000000000000000000, 0.000000000000000000, 1.000000000000000000 ) ) ;
#638 = DIRECTION ( 'NONE',  ( -1.776356839400250465E-15, 0.000000000000000000, -1.000000000000000000 ) ) ;
#639 = CYLINDRICAL_SURFACE ( 'NONE', #1131, 0.4000000000000001887 ) ;
#640 = LINE ( 'NONE', #8947, #8345 ) ;
#641 = VECTOR ( 'NONE', #1675, 1000.000000000000000 ) ;
#642 = ORIENTED_EDGE ( 'NONE', *, *, #701, .T. ) ;
#643 = ORIENTED_EDGE ( 'NONE', *, *, #4335, .T. ) ;
#644 = EDGE_CURVE ( 'NONE', #4165, #2807, #166, .T. ) ;
#645 = CARTESIAN_POINT ( 'NONE',  ( -1.750000000000000222, -5.549999999999999822, 1.000000000000000000 ) ) ;
#646 = ORIENTED_EDGE ( 'NONE', *, *, #4859, .F. ) ;
#647 = CARTESIAN_POINT ( 'NONE',  ( 0.8032336497292290600, 10.90000000000000036, 1.730200664999783971E-16 ) ) ;
#648 = CARTESIAN_POINT ( 'NONE',  ( 4.500000000000003553, 4.849484536082480091, -2.168404344971008868E-15 ) ) ;
#649 = ORIENTED_EDGE ( 'NONE', *, *, #6107, .F. ) ;
#650 = CARTESIAN_POINT ( 'NONE',  ( 4.500000000000001776, -5.450515463917523284, 0.4000000000000000777 ) ) ;
#651 =( NAMED_UNIT ( * ) PLANE_ANGLE_UNIT ( ) SI_UNIT ( $, .RADIAN. ) );
#652 = ORIENTED_EDGE ( 'NONE', *, *, #2539, .T. ) ;
#653 = ORIENTED_EDGE ( 'NONE', *, *, #5164, .F. ) ;
#654 = EDGE_CURVE ( 'NONE', #3504, #7570, #2188, .T. ) ;
#655 = DIRECTION ( 'NONE',  ( 8.850629979473506011E-17, 1.000000000000000000, 0.000000000000000000 ) ) ;
#656 = CARTESIAN_POINT ( 'NONE',  ( -2.598076211353317344, 8.500000000000000000, 1.499999999999999112 ) ) ;
#657 = EDGE_CURVE ( 'NONE', #5180, #1389, #5734, .T. ) ;
#658 = CARTESIAN_POINT ( 'NONE',  ( -3.400000000000003464, 0.000000000000000000, 0.000000000000000000 ) ) ;
#659 = FACE_OUTER_BOUND ( 'NONE', #2341, .T. ) ;
#660 = DIRECTION ( 'NONE',  ( 1.000000000000000000, 1.794207403895423791E-16, 0.000000000000000000 ) ) ;
#661 = ORIENTED_EDGE ( 'NONE', *, *, #7961, .T. ) ;
#662 = ORIENTED_EDGE ( 'NONE', *, *, #5750, .T. ) ;
#663 = DIRECTION ( 'NONE',  ( 0.000000000000000000, 1.000000000000000000, 0.000000000000000000 ) ) ;
#664 = VERTEX_POINT ( 'NONE', #4450 ) ;
#665 = CARTESIAN_POINT ( 'NONE',  ( 3.649999999999998135, 4.650000000000004796, 5.599999999999999645 ) ) ;
#666 = CARTESIAN_POINT ( 'NONE',  ( -4.900000000000000355, 4.349484536082480091, 0.4000000000000000222 ) ) ;
#667 = EDGE_CURVE ( 'NONE', #3200, #7887, #259, .T. ) ;
#668 = CARTESIAN_POINT ( 'NONE',  ( -4.400000000000002132, -2.700000000000001066, 0.000000000000000000 ) ) ;
#669 = LINE ( 'NONE', #6291, #1277 ) ;
#670 = CARTESIAN_POINT ( 'NONE',  ( 0.000000000000000000, -6.700000000000000178, -1.350000000000000089 ) ) ;
#671 = ORIENTED_EDGE ( 'NONE', *, *, #5048, .T. ) ;
#672 = EDGE_CURVE ( 'NONE', #1479, #4469, #3813, .T. ) ;
#673 = ORIENTED_EDGE ( 'NONE', *, *, #2071, .T. ) ;
#674 = LINE ( 'NONE', #7580, #7625 ) ;
#675 = CIRCLE ( 'NONE', #4500, 0.7999999999999999334 ) ;
#676 = EDGE_CURVE ( 'NONE', #1744, #5880, #6610, .T. ) ;
#677 = DIRECTION ( 'NONE',  ( 0.000000000000000000, 8.673617379884039416E-16, 1.000000000000000000 ) ) ;
#678 = CARTESIAN_POINT ( 'NONE',  ( -0.4712900224411504246, 8.500000000000000000, 0.2829480708788691956 ) ) ;
#679 = CIRCLE ( 'NONE', #4942, 1.200000000000002176 ) ;
#680 = DIRECTION ( 'NONE',  ( 0.000000000000000000, -1.000000000000000000, 0.000000000000000000 ) ) ;
#681 = FACE_OUTER_BOUND ( 'NONE', #608, .T. ) ;
#682 = ORIENTED_EDGE ( 'NONE', *, *, #8318, .T. ) ;
#683 = CIRCLE ( 'NONE', #2895, 0.6500000000000001332 ) ;
#684 = DIRECTION ( 'NONE',  ( 0.000000000000000000, 0.000000000000000000, 1.000000000000000000 ) ) ;
#685 = EDGE_LOOP ( 'NONE', ( #6065, #3876 ) ) ;
#686 = DIRECTION ( 'NONE',  ( 1.000000000000000000, 0.000000000000000000, 0.000000000000000000 ) ) ;
#687 = EDGE_CURVE ( 'NONE', #7062, #6434, #6057, .T. ) ;
#688 = CARTESIAN_POINT ( 'NONE',  ( 1.000000000000000000, 4.426179070414211658, 2.500000000000000000 ) ) ;
#689 = EDGE_LOOP ( 'NONE', ( #6805, #1813, #5045, #2017, #1392, #1202, #5969, #4829 ) ) ;
#690 = DIRECTION ( 'NONE',  ( -0.7071067811865441310, -0.7071067811865507924, 0.000000000000000000 ) ) ;
#691 = EDGE_CURVE ( 'NONE', #2679, #533, #6315, .T. ) ;
#692 = LINE ( 'NONE', #8262, #5447 ) ;
#693 = AXIS2_PLACEMENT_3D ( 'NONE', #6892, #2041, #6802 ) ;
#694 = VERTEX_POINT ( 'NONE', #3341 ) ;
#695 = ORIENTED_EDGE ( 'NONE', *, *, #2539, .F. ) ;
#696 = PLANE ( 'NONE',  #1046 ) ;
#697 = CARTESIAN_POINT ( 'NONE',  ( 3.250000000000001332, -6.500000000000001776, 1.100000000000000089 ) ) ;
#698 = VECTOR ( 'NONE', #4451, 1000.000000000000000 ) ;
#699 = ORIENTED_EDGE ( 'NONE', *, *, #3724, .F. ) ;
#700 = CARTESIAN_POINT ( 'NONE',  ( -2.599999999999993872, -3.950515463917521508, -5.300000000000009592 ) ) ;
#701 = EDGE_CURVE ( 'NONE', #3802, #3145, #4539, .T. ) ;
#702 = CARTESIAN_POINT ( 'NONE',  ( -3.000000000000000000, -4.750515463917523107, -1.600000000000000089 ) ) ;
#703 = CARTESIAN_POINT ( 'NONE',  ( 0.000000000000000000, 10.20000000000000107, 0.000000000000000000 ) ) ;
#704 = ORIENTED_EDGE ( 'NONE', *, *, #5411, .F. ) ;
#705 = ORIENTED_EDGE ( 'NONE', *, *, #8641, .F. ) ;
#706 = CARTESIAN_POINT ( 'NONE',  ( 2.556853995623906861E-49, -4.050515463917521153, -1.517883041479706208E-16 ) ) ;
#707 = PRODUCT_DEFINITION_SHAPE ( 'NONE', 'NONE',  #9132 ) ;
#708 = ORIENTED_EDGE ( 'NONE', *, *, #7483, .F. ) ;
#709 = DIRECTION ( 'NONE',  ( 0.000000000000000000, 0.000000000000000000, -1.000000000000000000 ) ) ;
#710 = LINE ( 'NONE', #3531, #2384 ) ;
#711 = PLANE ( 'NONE',  #4767 ) ;
#712 = DIRECTION ( 'NONE',  ( -1.000000000000000000, 0.000000000000000000, 1.618212197739559129E-16 ) ) ;
#713 = PRODUCT_CONTEXT ( 'NONE', #4864, 'mechanical' ) ;
#714 = ORIENTED_EDGE ( 'NONE', *, *, #3767, .F. ) ;
#715 = AXIS2_PLACEMENT_3D ( 'NONE', #305, #6608, #3114 ) ;
#716 = CYLINDRICAL_SURFACE ( 'NONE', #2768, 0.6750000000000002665 ) ;
#717 = EDGE_CURVE ( 'NONE', #5470, #8047, #721, .T. ) ;
#718 = DIRECTION ( 'NONE',  ( 0.000000000000000000, 0.000000000000000000, 1.000000000000000000 ) ) ;
#719 = LINE ( 'NONE', #7725, #7573 ) ;
#720 = FACE_OUTER_BOUND ( 'NONE', #8961, .T. ) ;
#721 = CIRCLE ( 'NONE', #7351, 0.6500000000000000222 ) ;
#722 = EDGE_CURVE ( 'NONE', #754, #2131, #1896, .T. ) ;
#723 = LINE ( 'NONE', #6440, #5102 ) ;
#724 = CARTESIAN_POINT ( 'NONE',  ( -1.891663167769254139, 8.500000000000000000, 3.353223890482887271 ) ) ;
#725 = VERTEX_POINT ( 'NONE', #4032 ) ;
#726 = EDGE_CURVE ( 'NONE', #6143, #754, #4558, .T. ) ;
#727 = AXIS2_PLACEMENT_3D ( 'NONE', #490, #6102, #6009 ) ;
#728 = DIRECTION ( 'NONE',  ( 1.000000000000000000, 8.828503404524822102E-16, 0.000000000000000000 ) ) ;
#729 = VERTEX_POINT ( 'NONE', #4629 ) ;
#730 = LINE ( 'NONE', #2159, #6495 ) ;
#731 = DIRECTION ( 'NONE',  ( 1.000000000000000000, 0.000000000000000000, 0.000000000000000000 ) ) ;
#732 = EDGE_CURVE ( 'NONE', #6795, #6223, #443, .T. ) ;
#733 = EDGE_LOOP ( 'NONE', ( #6645, #2852, #64, #2265 ) ) ;
#734 = DIRECTION ( 'NONE',  ( 0.5142627263715359165, 0.000000000000000000, -0.8576327000907292275 ) ) ;
#735 = AXIS2_PLACEMENT_3D ( 'NONE', #5854, #8489, #7101 ) ;
#736 =( LENGTH_UNIT ( ) NAMED_UNIT ( * ) SI_UNIT ( .MILLI., .METRE. ) );
#737 = ORIENTED_EDGE ( 'NONE', *, *, #9076, .T. ) ;
#738 = ORIENTED_EDGE ( 'NONE', *, *, #687, .T. ) ;
#739 = ADVANCED_FACE ( 'NONE', ( #5321 ), #4673, .F. ) ;
#740 = DIRECTION ( 'NONE',  ( 0.000000000000000000, 0.000000000000000000, 1.000000000000000000 ) ) ;
#741 = AXIS2_PLACEMENT_3D ( 'NONE', #1108, #5952, #8076 ) ;
#742 = EDGE_CURVE ( 'NONE', #2113, #1632, #584, .T. ) ;
#743 = VECTOR ( 'NONE', #1438, 1000.000000000000000 ) ;
#744 = DIRECTION ( 'NONE',  ( 0.000000000000000000, 1.000000000000000000, 0.000000000000000000 ) ) ;
#745 = ORIENTED_EDGE ( 'NONE', *, *, #7029, .F. ) ;
#746 = CARTESIAN_POINT ( 'NONE',  ( 3.399999999999998135, 0.000000000000000000, 0.000000000000000000 ) ) ;
#747 = DIRECTION ( 'NONE',  ( -1.000000000000000000, 0.000000000000000000, 0.000000000000000000 ) ) ;
#748 = DIRECTION ( 'NONE',  ( -0.000000000000000000, -1.000000000000000000, -0.000000000000000000 ) ) ;
#749 = VECTOR ( 'NONE', #3878, 1000.000000000000000 ) ;
#750 = ORIENTED_EDGE ( 'NONE', *, *, #3910, .T. ) ;
#751 = VECTOR ( 'NONE', #5890, 1000.000000000000000 ) ;
#752 = VERTEX_POINT ( 'NONE', #1038 ) ;
#753 = VERTEX_POINT ( 'NONE', #7435 ) ;
#754 = VERTEX_POINT ( 'NONE', #5412 ) ;
#755 = EDGE_CURVE ( 'NONE', #513, #6262, #7789, .T. ) ;
#756 = EDGE_LOOP ( 'NONE', ( #5390, #8376 ) ) ;
#757 = CARTESIAN_POINT ( 'NONE',  ( 0.4999999999999981681, -0.6408712114635676249, 0.5000000000000000000 ) ) ;
#758 = DIRECTION ( 'NONE',  ( 0.000000000000000000, -1.000000000000000000, 0.000000000000000000 ) ) ;
#759 = AXIS2_PLACEMENT_3D ( 'NONE', #2147, #5742, #9119 ) ;
#760 = VECTOR ( 'NONE', #1460, 1000.000000000000000 ) ;
#761 = PLANE ( 'NONE',  #5624 ) ;
#762 = CARTESIAN_POINT ( 'NONE',  ( 0.0008203932499369634770, 11.70000000000000462, 4.781147327278692800E-17 ) ) ;
#763 = DIRECTION ( 'NONE',  ( 0.000000000000000000, 1.000000000000000000, 0.000000000000000000 ) ) ;
#764 = DIRECTION ( 'NONE',  ( 0.000000000000000000, 0.000000000000000000, 1.000000000000000000 ) ) ;
#765 = VERTEX_POINT ( 'NONE', #2547 ) ;
#766 = AXIS2_PLACEMENT_3D ( 'NONE', #8396, #1290, #7598 ) ;
#767 = VECTOR ( 'NONE', #7295, 1000.000000000000000 ) ;
#768 = ORIENTED_EDGE ( 'NONE', *, *, #1800, .T. ) ;
#769 = DIRECTION ( 'NONE',  ( -1.000000000000000000, 0.000000000000000000, 0.000000000000000000 ) ) ;
#770 = DIRECTION ( 'NONE',  ( -1.000000000000000000, 0.000000000000000000, 0.000000000000000000 ) ) ;
#771 = VECTOR ( 'NONE', #8902, 1000.000000000000000 ) ;
#772 = CARTESIAN_POINT ( 'NONE',  ( -5.236132948075079341, 0.4494845360824796243, -8.396377958773982186 ) ) ;
#773 = LINE ( 'NONE', #7035, #4755 ) ;
#774 = FACE_BOUND ( 'NONE', #6616, .T. ) ;
#775 = EDGE_CURVE ( 'NONE', #7649, #3993, #5367, .T. ) ;
#776 = DIRECTION ( 'NONE',  ( 1.000000000000000000, 0.000000000000000000, 0.000000000000000000 ) ) ;
#777 = EDGE_LOOP ( 'NONE', ( #6177, #5119, #1877, #2302 ) ) ;
#778 = AXIS2_PLACEMENT_3D ( 'NONE', #7356, #7910, #3035 ) ;
#779 = DIRECTION ( 'NONE',  ( 8.850629979473506011E-17, -1.000000000000000000, 0.000000000000000000 ) ) ;
#780 = ORIENTED_EDGE ( 'NONE', *, *, #7795, .F. ) ;
#781 = CARTESIAN_POINT ( 'NONE',  ( -4.899999999999997691, -5.150515463917520798, -4.300000000000009592 ) ) ;
#782 = FACE_OUTER_BOUND ( 'NONE', #4120, .T. ) ;
#783 = ORIENTED_EDGE ( 'NONE', *, *, #6463, .F. ) ;
#784 = LINE ( 'NONE', #922, #2436 ) ;
#785 = EDGE_CURVE ( 'NONE', #1130, #1633, #6791, .T. ) ;
#786 = CIRCLE ( 'NONE', #8591, 0.2000000000000000944 ) ;
#787 = FILL_AREA_STYLE_COLOUR ( '', #2199 ) ;
#788 = ADVANCED_FACE ( 'NONE', ( #1082, #1720 ), #5964, .T. ) ;
#789 = ORIENTED_EDGE ( 'NONE', *, *, #7197, .T. ) ;
#790 = EDGE_CURVE ( 'NONE', #4043, #664, #528, .T. ) ;
#791 = DIRECTION ( 'NONE',  ( -8.850629979473508477E-17, 1.000000000000000000, -1.358334161808126433E-32 ) ) ;
#792 = AXIS2_PLACEMENT_3D ( 'NONE', #6055, #8875, #2546 ) ;
#793 = DIRECTION ( 'NONE',  ( -1.000000000000000000, 0.000000000000000000, 0.000000000000000000 ) ) ;
#794 = DIRECTION ( 'NONE',  ( -0.000000000000000000, -0.000000000000000000, -1.000000000000000000 ) ) ;
#795 = EDGE_CURVE ( 'NONE', #5811, #7562, #7475, .T. ) ;
#796 = CARTESIAN_POINT ( 'NONE',  ( -4.900000000000001243, -1.550515463917520487, 0.4000000000000000222 ) ) ;
#797 = DIRECTION ( 'NONE',  ( 0.000000000000000000, 1.000000000000000000, 0.000000000000000000 ) ) ;
#798 = VERTEX_POINT ( 'NONE', #3901 ) ;
#799 = ORIENTED_EDGE ( 'NONE', *, *, #1959, .T. ) ;
#800 = ORIENTED_EDGE ( 'NONE', *, *, #6872, .F. ) ;
#801 = ORIENTED_EDGE ( 'NONE', *, *, #6983, .T. ) ;
#802 = DIRECTION ( 'NONE',  ( -1.606225440719265627E-16, -1.000000000000000000, -3.102490474962827050E-31 ) ) ;
#803 = DIRECTION ( 'NONE',  ( 1.000000000000000000, 8.850629979473506011E-17, 3.198624083870171646E-32 ) ) ;
#804 = LINE ( 'NONE', #3620, #6213 ) ;
#805 = CARTESIAN_POINT ( 'NONE',  ( 4.500000000000002665, 2.449484536082478847, -4.299999999999999822 ) ) ;
#806 = LINE ( 'NONE', #7163, #7633 ) ;
#807 = CARTESIAN_POINT ( 'NONE',  ( 1.090871211463567247, -0.05000000000000071054, 0.000000000000000000 ) ) ;
#808 = APPLICATION_PROTOCOL_DEFINITION ( 'draft international standard', 'automotive_design', 1998, #8730 ) ;
#809 = ORIENTED_EDGE ( 'NONE', *, *, #5419, .T. ) ;
#810 = CARTESIAN_POINT ( 'NONE',  ( 2.500000000000000000, -6.700000000000000178, -1.350000000000000089 ) ) ;
#811 = AXIS2_PLACEMENT_3D ( 'NONE', #4741, #637, #5100 ) ;
#812 = LINE ( 'NONE', #4919, #7383 ) ;
#813 = CARTESIAN_POINT ( 'NONE',  ( -4.499999999999991118, 4.049484536082480268, -4.300000000000008704 ) ) ;
#814 = CARTESIAN_POINT ( 'NONE',  ( 1.899999999999998801, 3.600000000000003642, 0.1000000000000000056 ) ) ;
#815 = DIRECTION ( 'NONE',  ( 1.000000000000000000, -8.850629979473506011E-17, 7.676697801288412170E-32 ) ) ;
#816 = EDGE_CURVE ( 'NONE', #1815, #6340, #3988, .T. ) ;
#817 = LINE ( 'NONE', #724, #3361 ) ;
#818 = ORIENTED_EDGE ( 'NONE', *, *, #3043, .T. ) ;
#819 = LINE ( 'NONE', #5570, #3857 ) ;
#820 = ORIENTED_EDGE ( 'NONE', *, *, #6548, .T. ) ;
#821 = ADVANCED_FACE ( 'NONE', ( #8786 ), #2453, .F. ) ;
#822 = DIRECTION ( 'NONE',  ( -2.154044051295704582E-16, -0.000000000000000000, -1.000000000000000000 ) ) ;
#823 = AXIS2_PLACEMENT_3D ( 'NONE', #3101, #1885, #5908 ) ;
#824 = CARTESIAN_POINT ( 'NONE',  ( -0.3999999999999998002, -6.700000000000000178, -1.350000000000000089 ) ) ;
#825 = ORIENTED_EDGE ( 'NONE', *, *, #3585, .F. ) ;
#826 = DIRECTION ( 'NONE',  ( -1.000000000000000000, 1.606225440719265627E-16, -1.931541112668179645E-15 ) ) ;
#827 = DIRECTION ( 'NONE',  ( 0.000000000000000000, 0.000000000000000000, -1.000000000000000000 ) ) ;
#828 = CIRCLE ( 'NONE', #2441, 0.6750000000000002665 ) ;
#829 = ORIENTED_EDGE ( 'NONE', *, *, #1100, .F. ) ;
#830 = ORIENTED_EDGE ( 'NONE', *, *, #5978, .T. ) ;
#831 = EDGE_CURVE ( 'NONE', #4576, #3357, #4765, .T. ) ;
#832 = CARTESIAN_POINT ( 'NONE',  ( -1.750000000000000222, -5.549999999999999822, 1.000000000000000000 ) ) ;
#833 = VECTOR ( 'NONE', #7300, 999.9999999999998863 ) ;
#834 = CARTESIAN_POINT ( 'NONE',  ( 3.100000000000000977, -0.5505154639175199316, 4.600000000000000533 ) ) ;
#835 = EDGE_CURVE ( 'NONE', #5960, #1716, #13, .T. ) ;
#836 = CYLINDRICAL_SURFACE ( 'NONE', #8539, 0.6500000000000000222 ) ;
#837 = ORIENTED_EDGE ( 'NONE', *, *, #3947, .F. ) ;
#838 = VERTEX_POINT ( 'NONE', #5501 ) ;
#839 = ORIENTED_EDGE ( 'NONE', *, *, #2189, .T. ) ;
#840 = ORIENTED_EDGE ( 'NONE', *, *, #1185, .F. ) ;
#841 = VECTOR ( 'NONE', #6058, 1000.000000000000000 ) ;
#842 = CARTESIAN_POINT ( 'NONE',  ( 3.100000000000000977, -0.5505154639175199316, 0.4000000000000001887 ) ) ;
#843 = EDGE_CURVE ( 'NONE', #3111, #5571, #1986, .T. ) ;
#844 = ORIENTED_EDGE ( 'NONE', *, *, #5481, .T. ) ;
#845 = LINE ( 'NONE', #3666, #4011 ) ;
#846 = DIRECTION ( 'NONE',  ( 0.000000000000000000, 0.000000000000000000, 1.000000000000000000 ) ) ;
#847 = LINE ( 'NONE', #4353, #1747 ) ;
#848 = DIRECTION ( 'NONE',  ( 0.000000000000000000, 0.000000000000000000, 1.000000000000000000 ) ) ;
#849 = ADVANCED_FACE ( 'NONE', ( #659 ), #9103, .T. ) ;
#850 = FACE_OUTER_BOUND ( 'NONE', #6894, .T. ) ;
#851 = CARTESIAN_POINT ( 'NONE',  ( 1.899999999999998801, 5.100000000000004086, 0.000000000000000000 ) ) ;
#852 = DIRECTION ( 'NONE',  ( 1.000000000000000000, 0.000000000000000000, 0.000000000000000000 ) ) ;
#853 = ORIENTED_EDGE ( 'NONE', *, *, #1789, .T. ) ;
#854 = ORIENTED_EDGE ( 'NONE', *, *, #1005, .T. ) ;
#855 = CARTESIAN_POINT ( 'NONE',  ( 0.000000000000000000, 11.70000000000000462, 0.000000000000000000 ) ) ;
#856 = EDGE_CURVE ( 'NONE', #4946, #2738, #7015, .T. ) ;
#857 = PLANE ( 'NONE',  #2523 ) ;
#858 = DIRECTION ( 'NONE',  ( -1.000000000000000000, 2.710505431213759606E-16, 0.000000000000000000 ) ) ;
#859 = PLANE ( 'NONE',  #6523 ) ;
#860 = LINE ( 'NONE', #6487, #7894 ) ;
#861 = CARTESIAN_POINT ( 'NONE',  ( -3.000000000000000000, 3.649484536082479469, 0.4000000000000000222 ) ) ;
#862 = ORIENTED_EDGE ( 'NONE', *, *, #1025, .F. ) ;
#863 = ORIENTED_EDGE ( 'NONE', *, *, #6478, .F. ) ;
#864 = LINE ( 'NONE', #8806, #1779 ) ;
#865 = ORIENTED_EDGE ( 'NONE', *, *, #8240, .T. ) ;
#866 = EDGE_CURVE ( 'NONE', #1656, #286, #2769, .T. ) ;
#867 = VECTOR ( 'NONE', #990, 1000.000000000000000 ) ;
#868 = CARTESIAN_POINT ( 'NONE',  ( 4.500000000000002665, -2.450515463917521508, -0.5999999999999909850 ) ) ;
#869 = DIRECTION ( 'NONE',  ( 1.000000000000000000, 0.000000000000000000, 0.000000000000000000 ) ) ;
#870 = LINE ( 'NONE', #824, #1943 ) ;
#871 = VERTEX_POINT ( 'NONE', #1386 ) ;
#872 = DIRECTION ( 'NONE',  ( 0.9999994735200916640, 0.000000000000000000, -0.001026138167770710742 ) ) ;
#873 = DIRECTION ( 'NONE',  ( 0.000000000000000000, -1.000000000000000000, 0.000000000000000000 ) ) ;
#874 = VECTOR ( 'NONE', #3568, 1000.000000000000000 ) ;
#875 = VERTEX_POINT ( 'NONE', #4807 ) ;
#876 = ORIENTED_EDGE ( 'NONE', *, *, #6587, .T. ) ;
#877 = DIRECTION ( 'NONE',  ( 0.000000000000000000, 0.000000000000000000, 1.000000000000000000 ) ) ;
#878 = MECHANICAL_DESIGN_GEOMETRIC_PRESENTATION_REPRESENTATION (  '', ( #4121 ), #2049 ) ;
#879 = ORIENTED_EDGE ( 'NONE', *, *, #4567, .T. ) ;
#880 = FACE_OUTER_BOUND ( 'NONE', #4387, .T. ) ;
#881 = LINE ( 'NONE', #3800, #4844 ) ;
#882 = EDGE_CURVE ( 'NONE', #8826, #8642, #3432, .T. ) ;
#883 = ORIENTED_EDGE ( 'NONE', *, *, #3502, .T. ) ;
#884 = VERTEX_POINT ( 'NONE', #618 ) ;
#885 = ORIENTED_EDGE ( 'NONE', *, *, #4326, .F. ) ;
#886 = VECTOR ( 'NONE', #6274, 1000.000000000000000 ) ;
#887 = VERTEX_POINT ( 'NONE', #2083 ) ;
#888 = DIRECTION ( 'NONE',  ( 0.000000000000000000, 0.000000000000000000, 1.000000000000000000 ) ) ;
#889 = VERTEX_POINT ( 'NONE', #4899 ) ;
#890 = ADVANCED_FACE ( 'NONE', ( #8363 ), #4941, .T. ) ;
#891 = CARTESIAN_POINT ( 'NONE',  ( -0.7967663502707699186, 10.20000000000000107, -2.404700010220583106 ) ) ;
#892 = CARTESIAN_POINT ( 'NONE',  ( 4.500000000000002665, 4.349484536082478314, 0.4000000000000086819 ) ) ;
#893 = FACE_OUTER_BOUND ( 'NONE', #7008, .T. ) ;
#894 = AXIS2_PLACEMENT_3D ( 'NONE', #4297, #8495, #3517 ) ;
#895 = DIRECTION ( 'NONE',  ( 0.000000000000000000, 0.000000000000000000, 1.000000000000000000 ) ) ;
#896 = AXIS2_PLACEMENT_3D ( 'NONE', #6796, #1089, #7571 ) ;
#897 = CARTESIAN_POINT ( 'NONE',  ( -1.734723475976807094E-15, 0.4500000000000040079, 4.299999999999999822 ) ) ;
#898 = LINE ( 'NONE', #6659, #5416 ) ;
#899 = EDGE_CURVE ( 'NONE', #2036, #2201, #1432, .T. ) ;
#900 = APPLICATION_PROTOCOL_DEFINITION ( 'draft international standard', 'automotive_design', 1998, #8893 ) ;
#901 = ORIENTED_EDGE ( 'NONE', *, *, #910, .T. ) ;
#902 = EDGE_LOOP ( 'NONE', ( #2632, #4891, #1865, #6263 ) ) ;
#903 = CARTESIAN_POINT ( 'NONE',  ( -1.734723475976807094E-15, 0.4500000000000040079, 0.000000000000000000 ) ) ;
#904 = AXIS2_PLACEMENT_3D ( 'NONE', #1463, #7097, #8582 ) ;
#905 = AXIS2_PLACEMENT_3D ( 'NONE', #3282, #5393, #6863 ) ;
#906 = EDGE_CURVE ( 'NONE', #3508, #1614, #8272, .T. ) ;
#907 = DIRECTION ( 'NONE',  ( -0.000000000000000000, -0.000000000000000000, -1.000000000000000000 ) ) ;
#908 = DIRECTION ( 'NONE',  ( 0.000000000000000000, 0.000000000000000000, 1.000000000000000000 ) ) ;
#909 = CARTESIAN_POINT ( 'NONE',  ( 0.000000000000000000, 10.90000000000000036, 1.500000000000000000 ) ) ;
#910 = EDGE_CURVE ( 'NONE', #3482, #8620, #9015, .T. ) ;
#911 = VECTOR ( 'NONE', #8989, 1000.000000000000000 ) ;
#912 = AXIS2_PLACEMENT_3D ( 'NONE', #8898, #7414, #4645 ) ;
#913 = CARTESIAN_POINT ( 'NONE',  ( -1.734723475976807094E-15, 0.4500000000000040079, 2.500000000000000000 ) ) ;
#914 = EDGE_LOOP ( 'NONE', ( #3564, #392, #3571, #8996 ) ) ;
#915 = CARTESIAN_POINT ( 'NONE',  ( -3.675000000000000266, 3.649484536082479469, 0.000000000000000000 ) ) ;
#916 = ORIENTED_EDGE ( 'NONE', *, *, #4956, .T. ) ;
#917 = VECTOR ( 'NONE', #6980, 1000.000000000000000 ) ;
#918 = LINE ( 'NONE', #5945, #7667 ) ;
#919 = PLANE ( 'NONE',  #5580 ) ;
#920 = DIRECTION ( 'NONE',  ( -1.000000000000000000, 0.000000000000000000, 0.000000000000000000 ) ) ;
#921 = ORIENTED_EDGE ( 'NONE', *, *, #8829, .T. ) ;
#922 = CARTESIAN_POINT ( 'NONE',  ( 4.500000000000001776, 0.000000000000000000, 0.4000000000000000222 ) ) ;
#923 = ORIENTED_EDGE ( 'NONE', *, *, #8525, .F. ) ;
#924 = VERTEX_POINT ( 'NONE', #2685 ) ;
#925 = ORIENTED_EDGE ( 'NONE', *, *, #3884, .F. ) ;
#926 = DIRECTION ( 'NONE',  ( -0.000000000000000000, -0.000000000000000000, -1.000000000000000000 ) ) ;
#927 = CARTESIAN_POINT ( 'NONE',  ( 2.500000000000000000, -6.500000000000001776, 1.100000000000000089 ) ) ;
#928 = VECTOR ( 'NONE', #5422, 1000.000000000000000 ) ;
#929 = ORIENTED_EDGE ( 'NONE', *, *, #1455, .F. ) ;
#930 = CARTESIAN_POINT ( 'NONE',  ( 1.342230922150143169, 10.20000000000000107, -3.014700010220582094 ) ) ;
#931 = LINE ( 'NONE', #1525, #2195 ) ;
#932 = EDGE_CURVE ( 'NONE', #2679, #8731, #7705, .T. ) ;
#933 = ORIENTED_EDGE ( 'NONE', *, *, #7210, .T. ) ;
#934 = ORIENTED_EDGE ( 'NONE', *, *, #7314, .T. ) ;
#935 = CIRCLE ( 'NONE', #2695, 4.099999999999999645 ) ;
#936 = ORIENTED_EDGE ( 'NONE', *, *, #6601, .T. ) ;
#937 = DIRECTION ( 'NONE',  ( 0.000000000000000000, 0.000000000000000000, 1.000000000000000000 ) ) ;
#938 = ORIENTED_EDGE ( 'NONE', *, *, #435, .F. ) ;
#939 = CARTESIAN_POINT ( 'NONE',  ( 3.000000000000000000, 3.649484536082479469, 0.000000000000000000 ) ) ;
#940 = FACE_OUTER_BOUND ( 'NONE', #6719, .T. ) ;
#941 = CARTESIAN_POINT ( 'NONE',  ( 2.600000000000000977, -3.950515463917520620, -5.300000000000009592 ) ) ;
#942 = CARTESIAN_POINT ( 'NONE',  ( -1.249999999999999334, 8.900000000000000355, 3.152565349772896486 ) ) ;
#943 = DIRECTION ( 'NONE',  ( -1.000000000000000000, 0.000000000000000000, 0.000000000000000000 ) ) ;
#944 = DIRECTION ( 'NONE',  ( 1.000000000000000000, 0.000000000000000000, 0.000000000000000000 ) ) ;
#945 = ORIENTED_EDGE ( 'NONE', *, *, #3217, .T. ) ;
#946 = ORIENTED_EDGE ( 'NONE', *, *, #3509, .T. ) ;
#947 = ADVANCED_FACE ( 'NONE', ( #4847 ), #4250, .F. ) ;
#948 = LINE ( 'NONE', #4546, #5911 ) ;
#949 = CARTESIAN_POINT ( 'NONE',  ( 3.000000000000000000, -4.750515463917523107, 0.4000000000000000222 ) ) ;
#950 = DIRECTION ( 'NONE',  ( 8.850629979473506011E-17, -1.000000000000000000, 0.000000000000000000 ) ) ;
#951 = DIRECTION ( 'NONE',  ( 0.000000000000000000, 0.000000000000000000, 1.000000000000000000 ) ) ;
#952 = EDGE_CURVE ( 'NONE', #4994, #4811, #4205, .T. ) ;
#953 = FACE_OUTER_BOUND ( 'NONE', #3413, .T. ) ;
#954 = EDGE_LOOP ( 'NONE', ( #916, #3147, #1031, #4345 ) ) ;
#955 = VECTOR ( 'NONE', #3274, 1000.000000000000000 ) ;
#956 = DIRECTION ( 'NONE',  ( -1.606225440719265627E-16, -1.000000000000000000, -3.102490474962827050E-31 ) ) ;
#957 = LINE ( 'NONE', #7363, #5913 ) ;
#958 = EDGE_LOOP ( 'NONE', ( #8324, #5615, #4792, #7731 ) ) ;
#959 = ADVANCED_FACE ( 'NONE', ( #5632 ), #8456, .T. ) ;
#960 = DIRECTION ( 'NONE',  ( 0.000000000000000000, 0.000000000000000000, 1.000000000000000000 ) ) ;
#961 = CARTESIAN_POINT ( 'NONE',  ( 3.649999999999998135, 4.650000000000004796, 5.000000000000000000 ) ) ;
#962 = DIRECTION ( 'NONE',  ( -0.000000000000000000, -1.000000000000000000, -0.000000000000000000 ) ) ;
#963 = AXIS2_PLACEMENT_3D ( 'NONE', #5716, #4987, #7794 ) ;
#964 = DIRECTION ( 'NONE',  ( 0.000000000000000000, 0.000000000000000000, 1.000000000000000000 ) ) ;
#965 = PLANE ( 'NONE',  #2752 ) ;
#966 = DIRECTION ( 'NONE',  ( 0.000000000000000000, -1.000000000000000000, 0.000000000000000000 ) ) ;
#967 = ORIENTED_EDGE ( 'NONE', *, *, #1984, .T. ) ;
#968 = CIRCLE ( 'NONE', #93, 0.3500000000000000333 ) ;
#969 = CARTESIAN_POINT ( 'NONE',  ( 4.500000000000003553, -5.150515463917519909, -5.300000000000009592 ) ) ;
#970 = ADVANCED_FACE ( 'NONE', ( #1349, #6371 ), #7242, .T. ) ;
#971 = CARTESIAN_POINT ( 'NONE',  ( -4.500000000000002665, -2.450515463917520176, -6.505213034913026604E-15 ) ) ;
#972 = ADVANCED_FACE ( 'NONE', ( #5864, #6551 ), #5125, .F. ) ;
#973 = ORIENTED_EDGE ( 'NONE', *, *, #4956, .F. ) ;
#974 = PLANE ( 'NONE',  #4937 ) ;
#975 = AXIS2_PLACEMENT_3D ( 'NONE', #2425, #3133, #7265 ) ;
#976 = DIRECTION ( 'NONE',  ( -1.734723475976805517E-15, 0.000000000000000000, 1.000000000000000000 ) ) ;
#977 = VECTOR ( 'NONE', #680, 1000.000000000000000 ) ;
#978 = VERTEX_POINT ( 'NONE', #2173 ) ;
#979 = VERTEX_POINT ( 'NONE', #4482 ) ;
#980 = ORIENTED_EDGE ( 'NONE', *, *, #7353, .F. ) ;
#981 = VERTEX_POINT ( 'NONE', #246 ) ;
#982 = FACE_OUTER_BOUND ( 'NONE', #6557, .T. ) ;
#983 = EDGE_LOOP ( 'NONE', ( #6955, #8065, #6510, #829 ) ) ;
#984 = ORIENTED_EDGE ( 'NONE', *, *, #5156, .F. ) ;
#985 = CARTESIAN_POINT ( 'NONE',  ( -4.500000000000003553, -5.450515463917522396, -8.673617379884035472E-15 ) ) ;
#986 = VECTOR ( 'NONE', #4685, 1000.000000000000000 ) ;
#987 = EDGE_CURVE ( 'NONE', #7665, #7200, #3016, .T. ) ;
#988 = CARTESIAN_POINT ( 'NONE',  ( -4.400000000000002132, 0.000000000000000000, 0.000000000000000000 ) ) ;
#989 = DIRECTION ( 'NONE',  ( 0.000000000000000000, 0.000000000000000000, 1.000000000000000000 ) ) ;
#990 = DIRECTION ( 'NONE',  ( 0.000000000000000000, 1.000000000000000000, 0.000000000000000000 ) ) ;
#991 = DIRECTION ( 'NONE',  ( 1.606225440719265627E-16, 1.000000000000000000, 3.102490474962827050E-31 ) ) ;
#992 = VECTOR ( 'NONE', #8320, 1000.000000000000000 ) ;
#993 = ORIENTED_EDGE ( 'NONE', *, *, #4274, .F. ) ;
#994 = VERTEX_POINT ( 'NONE', #3752 ) ;
#995 = PLANE ( 'NONE',  #4293 ) ;
#996 = CARTESIAN_POINT ( 'NONE',  ( -1.891663167769253473, 8.500000000000000000, 3.353223890482888159 ) ) ;
#997 = CARTESIAN_POINT ( 'NONE',  ( -2.324999999999999734, -4.750515463917523107, 0.000000000000000000 ) ) ;
#998 = CARTESIAN_POINT ( 'NONE',  ( -1.062518129035794345E-14, 0.4500000000000127232, 0.000000000000000000 ) ) ;
#999 = PLANE ( 'NONE',  #7165 ) ;
#1000 = EDGE_CURVE ( 'NONE', #2652, #1351, #931, .T. ) ;
#1001 = VERTEX_POINT ( 'NONE', #1664 ) ;
#1002 = DIRECTION ( 'NONE',  ( -2.491288438666622515E-16, -1.000000000000000000, 3.469446951953610738E-16 ) ) ;
#1003 = CARTESIAN_POINT ( 'NONE',  ( -0.4999999999999997780, 10.90000000000000036, 0.000000000000000000 ) ) ;
#1004 = EDGE_LOOP ( 'NONE', ( #6509, #5543, #7613, #5290 ) ) ;
#1005 = EDGE_CURVE ( 'NONE', #1088, #5556, #6175, .T. ) ;
#1006 = DIRECTION ( 'NONE',  ( 0.000000000000000000, -1.000000000000000000, 0.000000000000000000 ) ) ;
#1007 = LINE ( 'NONE', #8719, #2481 ) ;
#1008 = LINE ( 'NONE', #5345, #8440 ) ;
#1009 = AXIS2_PLACEMENT_3D ( 'NONE', #7212, #4359, #8612 ) ;
#1010 = ORIENTED_EDGE ( 'NONE', *, *, #6559, .T. ) ;
#1011 = CARTESIAN_POINT ( 'NONE',  ( 2.500000000000000000, -6.700000000000000178, 1.100000000000000089 ) ) ;
#1012 = DIRECTION ( 'NONE',  ( -0.7547095802227752337, -6.679655236515561767E-17, -0.6560590289905036121 ) ) ;
#1013 = ORIENTED_EDGE ( 'NONE', *, *, #5347, .F. ) ;
#1014 = ADVANCED_FACE ( 'NONE', ( #2869 ), #4343, .T. ) ;
#1015 = ORIENTED_EDGE ( 'NONE', *, *, #8656, .F. ) ;
#1016 = EDGE_CURVE ( 'NONE', #8849, #6023, #2488, .T. ) ;
#1017 = AXIS2_PLACEMENT_3D ( 'NONE', #897, #5054, #3118 ) ;
#1018 = LINE ( 'NONE', #8075, #1516 ) ;
#1019 = ADVANCED_FACE ( 'NONE', ( #4434 ), #836, .T. ) ;
#1020 = CARTESIAN_POINT ( 'NONE',  ( 0.4499999999999991784, -3.625230054855794304, 2.100000000000000089 ) ) ;
#1021 = ORIENTED_EDGE ( 'NONE', *, *, #341, .T. ) ;
#1022 = LINE ( 'NONE', #3843, #7737 ) ;
#1023 = AXIS2_PLACEMENT_3D ( 'NONE', #8923, #8090, #2592 ) ;
#1024 = CARTESIAN_POINT ( 'NONE',  ( 0.4000000000000009104, -6.400000000000000355, -5.750000000000000000 ) ) ;
#1025 = EDGE_CURVE ( 'NONE', #1700, #5724, #2262, .T. ) ;
#1026 = ORIENTED_EDGE ( 'NONE', *, *, #4790, .T. ) ;
#1027 = ORIENTED_EDGE ( 'NONE', *, *, #5406, .T. ) ;
#1028 = VERTEX_POINT ( 'NONE', #1476 ) ;
#1029 = EDGE_CURVE ( 'NONE', #5404, #367, #4301, .T. ) ;
#1030 = DIRECTION ( 'NONE',  ( 8.850629979473506011E-17, 1.000000000000000000, 3.260780805318072864E-31 ) ) ;
#1031 = ORIENTED_EDGE ( 'NONE', *, *, #8187, .F. ) ;
#1032 = ORIENTED_EDGE ( 'NONE', *, *, #8891, .F. ) ;
#1033 = VECTOR ( 'NONE', #3288, 1000.000000000000000 ) ;
#1034 = MANIFOLD_SOLID_BREP ( 'Body-Move/Copy1[2]', #1441 ) ;
#1035 = DIRECTION ( 'NONE',  ( -1.000000000000000000, 0.000000000000000000, -2.154044051295704582E-16 ) ) ;
#1036 = FACE_OUTER_BOUND ( 'NONE', #777, .T. ) ;
#1037 = CARTESIAN_POINT ( 'NONE',  ( 3.675000000000000266, 3.649484536082479469, 0.000000000000000000 ) ) ;
#1038 = CARTESIAN_POINT ( 'NONE',  ( -0.5000000000000027756, -0.6408712114635669588, 0.5000000000000000000 ) ) ;
#1039 = PLANE ( 'NONE',  #5261 ) ;
#1040 = VECTOR ( 'NONE', #6049, 1000.000000000000000 ) ;
#1041 = ORIENTED_EDGE ( 'NONE', *, *, #7442, .F. ) ;
#1042 = VERTEX_POINT ( 'NONE', #8821 ) ;
#1043 = ORIENTED_EDGE ( 'NONE', *, *, #3490, .T. ) ;
#1044 = VERTEX_POINT ( 'NONE', #1024 ) ;
#1045 = VECTOR ( 'NONE', #877, 1000.000000000000000 ) ;
#1046 = AXIS2_PLACEMENT_3D ( 'NONE', #6318, #5627, #3224 ) ;
#1047 = CYLINDRICAL_SURFACE ( 'NONE', #1346, 0.9000000000000002442 ) ;
#1048 = LINE ( 'NONE', #2029, #7581 ) ;
#1049 = CARTESIAN_POINT ( 'NONE',  ( 0.000000000000000000, -0.5505154639175205977, 0.3999999999999986899 ) ) ;
#1050 = DIRECTION ( 'NONE',  ( -2.168404344971008868E-16, 1.000000000000000000, 0.000000000000000000 ) ) ;
#1051 = DIRECTION ( 'NONE',  ( -4.321696539984586007E-32, -1.734723475976810053E-16, 1.000000000000000000 ) ) ;
#1052 = ORIENTED_EDGE ( 'NONE', *, *, #6579, .T. ) ;
#1053 = VECTOR ( 'NONE', #8808, 1000.000000000000000 ) ;
#1054 = AXIS2_PLACEMENT_3D ( 'NONE', #4791, #7553, #2576 ) ;
#1055 = DIRECTION ( 'NONE',  ( 0.000000000000000000, 0.000000000000000000, -1.000000000000000000 ) ) ;
#1056 = DIRECTION ( 'NONE',  ( -0.000000000000000000, -1.000000000000000000, -0.000000000000000000 ) ) ;
#1057 = ORIENTED_EDGE ( 'NONE', *, *, #5419, .F. ) ;
#1058 = CARTESIAN_POINT ( 'NONE',  ( 0.4499999999999982903, -3.020950878361716274, 1.800000000000000488 ) ) ;
#1059 = EDGE_CURVE ( 'NONE', #5888, #3755, #881, .T. ) ;
#1060 = EDGE_CURVE ( 'NONE', #3388, #8442, #8079, .T. ) ;
#1061 = VECTOR ( 'NONE', #1860, 1000.000000000000000 ) ;
#1062 = CARTESIAN_POINT ( 'NONE',  ( -4.400000000000002132, 3.600000000000004086, 5.000000000000000000 ) ) ;
#1063 = VECTOR ( 'NONE', #4626, 1000.000000000000000 ) ;
#1064 = CARTESIAN_POINT ( 'NONE',  ( 4.500000000000002665, 2.849484536082479202, -6.800000000000000711 ) ) ;
#1065 = CARTESIAN_POINT ( 'NONE',  ( 4.500000000000002665, 4.049484536082479380, -4.299999999999999822 ) ) ;
#1066 = ORIENTED_EDGE ( 'NONE', *, *, #3280, .T. ) ;
#1067 = CARTESIAN_POINT ( 'NONE',  ( 0.4999999999999987232, 2.950000000000003730, 0.5000000000000000000 ) ) ;
#1068 = DIRECTION ( 'NONE',  ( -0.6560590289905086081, 0.000000000000000000, 0.7547095802227707928 ) ) ;
#1069 = EDGE_CURVE ( 'NONE', #4211, #6307, #1752, .T. ) ;
#1070 = VERTEX_POINT ( 'NONE', #1886 ) ;
#1071 = DIRECTION ( 'NONE',  ( -1.000000000000000000, 0.000000000000000000, 0.000000000000000000 ) ) ;
#1072 = AXIS2_PLACEMENT_3D ( 'NONE', #1513, #4332, #94 ) ;
#1073 = DIRECTION ( 'NONE',  ( 2.491288438666616105E-16, 1.000000000000000000, 3.260780805318072864E-31 ) ) ;
#1074 = EDGE_CURVE ( 'NONE', #4896, #311, #8915, .T. ) ;
#1075 = VERTEX_POINT ( 'NONE', #434 ) ;
#1076 = ORIENTED_EDGE ( 'NONE', *, *, #7381, .T. ) ;
#1077 = DIRECTION ( 'NONE',  ( 0.000000000000000000, 0.000000000000000000, -1.000000000000000000 ) ) ;
#1078 = VECTOR ( 'NONE', #6669, 1000.000000000000000 ) ;
#1079 = CARTESIAN_POINT ( 'NONE',  ( -4.911598099521928162, -1.550515463917520487, -9.101887738487548063 ) ) ;
#1080 = ADVANCED_FACE ( 'NONE', ( #8128 ), #4623, .T. ) ;
#1081 = DIRECTION ( 'NONE',  ( 1.084202172485504434E-16, 1.000000000000000000, 0.000000000000000000 ) ) ;
#1082 = FACE_OUTER_BOUND ( 'NONE', #1929, .T. ) ;
#1083 = CARTESIAN_POINT ( 'NONE',  ( -4.500000000000001776, 6.873989284057756956E-16, -0.5999999999999996447 ) ) ;
#1084 = AXIS2_PLACEMENT_3D ( 'NONE', #5275, #5137, #4585 ) ;
#1085 = ORIENTED_EDGE ( 'NONE', *, *, #8463, .T. ) ;
#1086 = ORIENTED_EDGE ( 'NONE', *, *, #2631, .T. ) ;
#1087 = VERTEX_POINT ( 'NONE', #8027 ) ;
#1088 = VERTEX_POINT ( 'NONE', #3935 ) ;
#1089 = DIRECTION ( 'NONE',  ( 0.000000000000000000, 0.000000000000000000, 1.000000000000000000 ) ) ;
#1090 = CARTESIAN_POINT ( 'NONE',  ( -1.750000000000000222, -5.549999999999999822, 1.000000000000000000 ) ) ;
#1091 = DIRECTION ( 'NONE',  ( 0.000000000000000000, 1.000000000000000000, 0.000000000000000000 ) ) ;
#1092 = LINE ( 'NONE', #3913, #7106 ) ;
#1093 = DIRECTION ( 'NONE',  ( 1.334402673828313339E-16, -1.000000000000000000, 0.000000000000000000 ) ) ;
#1094 = CARTESIAN_POINT ( 'NONE',  ( 2.100000000000000089, -6.699999999999999289, -1.349999999999999867 ) ) ;
#1095 = EDGE_LOOP ( 'NONE', ( #6456, #1577 ) ) ;
#1096 = CARTESIAN_POINT ( 'NONE',  ( 0.000000000000000000, 10.90000000000000036, -0.5047000102205828620 ) ) ;
#1097 = DIRECTION ( 'NONE',  ( 1.000000000000000000, 0.000000000000000000, 0.000000000000000000 ) ) ;
#1098 = ORIENTED_EDGE ( 'NONE', *, *, #1462, .F. ) ;
#1099 = DIRECTION ( 'NONE',  ( -0.000000000000000000, -0.000000000000000000, -1.000000000000000000 ) ) ;
#1100 = EDGE_CURVE ( 'NONE', #6316, #7537, #7428, .T. ) ;
#1101 = CARTESIAN_POINT ( 'NONE',  ( 3.399999999999998579, 2.950000000000003286, 0.000000000000000000 ) ) ;
#1102 = CARTESIAN_POINT ( 'NONE',  ( -0.3999999999999999667, -6.700000000000000178, -5.750000000000000000 ) ) ;
#1103 = DIRECTION ( 'NONE',  ( 1.000000000000000000, 0.000000000000000000, 0.000000000000000000 ) ) ;
#1104 = ORIENTED_EDGE ( 'NONE', *, *, #4536, .T. ) ;
#1105 = ORIENTED_EDGE ( 'NONE', *, *, #2266, .T. ) ;
#1106 = EDGE_CURVE ( 'NONE', #5825, #1812, #1610, .T. ) ;
#1107 = FACE_OUTER_BOUND ( 'NONE', #6592, .T. ) ;
#1108 = CARTESIAN_POINT ( 'NONE',  ( -3.400000000000003464, -2.050000000000000711, 0.5000000000000000000 ) ) ;
#1109 = DIRECTION ( 'NONE',  ( -1.000000000000000000, -1.971276677246371519E-16, 0.000000000000000000 ) ) ;
#1110 = ORIENTED_EDGE ( 'NONE', *, *, #232, .F. ) ;
#1111 = DIRECTION ( 'NONE',  ( -1.000000000000000000, 1.495451272393799296E-16, 0.000000000000000000 ) ) ;
#1112 = ADVANCED_BREP_SHAPE_REPRESENTATION ( '', ( #4049, #3347 ), #6727 ) ;
#1113 = CARTESIAN_POINT ( 'NONE',  ( -1.900000000000001910, -2.700000000000000622, 0.1000000000000000056 ) ) ;
#1114 = ORIENTED_EDGE ( 'NONE', *, *, #5228, .F. ) ;
#1115 = VECTOR ( 'NONE', #8708, 1000.000000000000000 ) ;
#1116 = ADVANCED_FACE ( 'NONE', ( #3890 ), #8214, .F. ) ;
#1117 = CARTESIAN_POINT ( 'NONE',  ( -1.479999999999999982, 11.50000000000000000, 0.8499999999999999778 ) ) ;
#1118 = ORIENTED_EDGE ( 'NONE', *, *, #31, .F. ) ;
#1119 = CARTESIAN_POINT ( 'NONE',  ( 1.899999999999999023, 5.100000000000004086, 0.1000000000000000056 ) ) ;
#1120 = EDGE_CURVE ( 'NONE', #2959, #5778, #6643, .T. ) ;
#1121 = VECTOR ( 'NONE', #8585, 1000.000000000000000 ) ;
#1122 = LINE ( 'NONE', #1808, #1371 ) ;
#1123 = DIRECTION ( 'NONE',  ( 0.000000000000000000, 1.000000000000000000, 0.000000000000000000 ) ) ;
#1124 = CARTESIAN_POINT ( 'NONE',  ( 0.5000000000000002220, 11.70000000000000462, 2.299999999999999822 ) ) ;
#1125 = CONTEXT_DEPENDENT_SHAPE_REPRESENTATION ( #8052, #2023 ) ;
#1126 = EDGE_LOOP ( 'NONE', ( #6075, #4542, #6078, #6912 ) ) ;
#1127 = ORIENTED_EDGE ( 'NONE', *, *, #4119, .F. ) ;
#1128 = EDGE_CURVE ( 'NONE', #6307, #5943, #481, .T. ) ;
#1129 = ORIENTED_EDGE ( 'NONE', *, *, #672, .F. ) ;
#1130 = VERTEX_POINT ( 'NONE', #8776 ) ;
#1131 = AXIS2_PLACEMENT_3D ( 'NONE', #4139, #7547, #6952 ) ;
#1132 = FACE_BOUND ( 'NONE', #4914, .T. ) ;
#1133 = ORIENTED_EDGE ( 'NONE', *, *, #7961, .F. ) ;
#1134 = EDGE_CURVE ( 'NONE', #6042, #2439, #1160, .T. ) ;
#1135 = DIRECTION ( 'NONE',  ( 0.000000000000000000, 0.000000000000000000, -1.000000000000000000 ) ) ;
#1136 = DIRECTION ( 'NONE',  ( 1.000000000000000000, 0.000000000000000000, 4.565061778886336016E-16 ) ) ;
#1137 = AXIS2_PLACEMENT_3D ( 'NONE', #583, #6113, #8190 ) ;
#1138 = LINE ( 'NONE', #3958, #4958 ) ;
#1139 = CARTESIAN_POINT ( 'NONE',  ( -4.900000000000000355, 4.349484536082479202, -4.900000000000009237 ) ) ;
#1140 = EDGE_CURVE ( 'NONE', #1596, #6396, #7063, .T. ) ;
#1141 = ORIENTED_EDGE ( 'NONE', *, *, #7151, .T. ) ;
#1142 = ORIENTED_EDGE ( 'NONE', *, *, #5228, .T. ) ;
#1143 = EDGE_CURVE ( 'NONE', #3449, #5371, #8733, .T. ) ;
#1144 = CARTESIAN_POINT ( 'NONE',  ( -2.500000000000000000, -6.700000000000000178, -1.350000000000000089 ) ) ;
#1145 = AXIS2_PLACEMENT_3D ( 'NONE', #7476, #3250, #6150 ) ;
#1146 = CARTESIAN_POINT ( 'NONE',  ( 4.099999999999997868, 0.4500000000000040079, 5.000000000000000000 ) ) ;
#1147 = ORIENTED_EDGE ( 'NONE', *, *, #3268, .F. ) ;
#1148 = CARTESIAN_POINT ( 'NONE',  ( -0.7500000000000000000, -6.500000000000001776, 1.300000000000000266 ) ) ;
#1149 = DIRECTION ( 'NONE',  ( 0.000000000000000000, 0.000000000000000000, 1.000000000000000000 ) ) ;
#1150 = CARTESIAN_POINT ( 'NONE',  ( -0.7500000000000000000, -6.700000000000000178, 1.100000000000000089 ) ) ;
#1151 = FACE_OUTER_BOUND ( 'NONE', #4484, .T. ) ;
#1152 = EDGE_CURVE ( 'NONE', #2964, #8074, #6095, .T. ) ;
#1153 = VERTEX_POINT ( 'NONE', #5955 ) ;
#1154 = EDGE_CURVE ( 'NONE', #375, #2059, #1801, .T. ) ;
#1155 = CARTESIAN_POINT ( 'NONE',  ( -0.9762697651501761609, 10.90000000000000036, 3.152284464583363199 ) ) ;
#1156 = LINE ( 'NONE', #3975, #6192 ) ;
#1157 = CYLINDRICAL_SURFACE ( 'NONE', #6506, 0.7999999999999999334 ) ;
#1158 = ORIENTED_EDGE ( 'NONE', *, *, #6683, .F. ) ;
#1159 = FACE_OUTER_BOUND ( 'NONE', #2556, .T. ) ;
#1160 = LINE ( 'NONE', #3241, #4851 ) ;
#1161 = VECTOR ( 'NONE', #1962, 1000.000000000000000 ) ;
#1162 = ORIENTED_EDGE ( 'NONE', *, *, #8703, .F. ) ;
#1163 = DIRECTION ( 'NONE',  ( 0.000000000000000000, -1.000000000000000000, 0.000000000000000000 ) ) ;
#1164 = MANIFOLD_SOLID_BREP ( 'Split1[4]', #6753 ) ;
#1165 = CARTESIAN_POINT ( 'NONE',  ( -4.499999999999989342, -2.550515463917520709, -5.900000000000010125 ) ) ;
#1166 = AXIS2_PLACEMENT_3D ( 'NONE', #5872, #4537, #2981 ) ;
#1167 = EDGE_CURVE ( 'NONE', #8371, #458, #692, .T. ) ;
#1168 = CARTESIAN_POINT ( 'NONE',  ( -4.499999999999992006, 2.449484536082479735, -4.300000000000008704 ) ) ;
#1169 = DIRECTION ( 'NONE',  ( 0.4067366430758009299, 0.000000000000000000, 0.9135454576426004225 ) ) ;
#1170 = LINE ( 'NONE', #9016, #4525 ) ;
#1171 = EDGE_CURVE ( 'NONE', #367, #1656, #2442, .T. ) ;
#1172 = ORIENTED_EDGE ( 'NONE', *, *, #2012, .T. ) ;
#1173 = ORIENTED_EDGE ( 'NONE', *, *, #4552, .T. ) ;
#1174 = ORIENTED_EDGE ( 'NONE', *, *, #2917, .T. ) ;
#1175 = VECTOR ( 'NONE', #6924, 1000.000000000000000 ) ;
#1176 = ADVANCED_FACE ( 'NONE', ( #566 ), #8959, .F. ) ;
#1177 = FACE_BOUND ( 'NONE', #5920, .T. ) ;
#1178 = CARTESIAN_POINT ( 'NONE',  ( -0.006290684479731949857, 10.20000000000000107, 0.008155582768842546681 ) ) ;
#1179 = ADVANCED_FACE ( 'NONE', ( #8401 ), #4839, .F. ) ;
#1180 = DIRECTION ( 'NONE',  ( 1.334402673828313339E-16, -1.000000000000000000, 0.000000000000000000 ) ) ;
#1181 = CIRCLE ( 'NONE', #1459, 3.500000000000000444 ) ;
#1182 = LINE ( 'NONE', #6069, #5403 ) ;
#1183 =( NAMED_UNIT ( * ) SI_UNIT ( $, .STERADIAN. ) SOLID_ANGLE_UNIT ( ) );
#1184 = ORIENTED_EDGE ( 'NONE', *, *, #717, .T. ) ;
#1185 = EDGE_CURVE ( 'NONE', #8308, #6269, #9051, .T. ) ;
#1186 = ORIENTED_EDGE ( 'NONE', *, *, #2419, .T. ) ;
#1187 = AXIS2_PLACEMENT_3D ( 'NONE', #614, #4843, #2634 ) ;
#1188 = VECTOR ( 'NONE', #802, 1000.000000000000000 ) ;
#1189 = CARTESIAN_POINT ( 'NONE',  ( -4.499999999999989342, -3.550515463917520265, -4.300000000000009592 ) ) ;
#1190 = DIRECTION ( 'NONE',  ( 0.000000000000000000, 0.000000000000000000, 1.000000000000000000 ) ) ;
#1191 = SURFACE_STYLE_FILL_AREA ( #8850 ) ;
#1192 = EDGE_CURVE ( 'NONE', #7699, #8643, #303, .T. ) ;
#1193 = CARTESIAN_POINT ( 'NONE',  ( 2.500000000000000000, -6.400000000000000355, 0.000000000000000000 ) ) ;
#1194 = CARTESIAN_POINT ( 'NONE',  ( 4.500000000000002665, -2.550515463917521597, -5.800000000000000711 ) ) ;
#1195 = CARTESIAN_POINT ( 'NONE',  ( -4.900000000000000355, 0.4494845360824791802, 0.4000000000000000222 ) ) ;
#1196 = VECTOR ( 'NONE', #4135, 1000.000000000000000 ) ;
#1197 = CIRCLE ( 'NONE', #8414, 0.2000000000000000944 ) ;
#1198 = PLANE ( 'NONE',  #5684 ) ;
#1199 = VERTEX_POINT ( 'NONE', #8354 ) ;
#1200 = ORIENTED_EDGE ( 'NONE', *, *, #5070, .F. ) ;
#1201 = DIRECTION ( 'NONE',  ( -8.850629979473506011E-17, 1.000000000000000000, 0.000000000000000000 ) ) ;
#1202 = ORIENTED_EDGE ( 'NONE', *, *, #755, .F. ) ;
#1203 = AXIS2_PLACEMENT_3D ( 'NONE', #6201, #1135, #9025 ) ;
#1204 = AXIS2_PLACEMENT_3D ( 'NONE', #2382, #3529, #9110 ) ;
#1205 = DIRECTION ( 'NONE',  ( -1.000000000000000000, -1.849576096371465195E-46, -1.279449633548068658E-31 ) ) ;
#1206 = EDGE_CURVE ( 'NONE', #1428, #447, #1181, .T. ) ;
#1207 = LINE ( 'NONE', #688, #4455 ) ;
#1208 = EDGE_LOOP ( 'NONE', ( #5220, #7411, #4111, #5626 ) ) ;
#1209 = CARTESIAN_POINT ( 'NONE',  ( 2.600000000000001421, -5.150515463917519909, -4.900000000000008349 ) ) ;
#1210 = EDGE_CURVE ( 'NONE', #4440, #3863, #4194, .T. ) ;
#1211 = DIRECTION ( 'NONE',  ( -8.123545521314933250E-47, -3.260780805318072864E-31, 1.000000000000000000 ) ) ;
#1212 =( GEOMETRIC_REPRESENTATION_CONTEXT ( 3 ) GLOBAL_UNCERTAINTY_ASSIGNED_CONTEXT ( ( #1517 ) ) GLOBAL_UNIT_ASSIGNED_CONTEXT ( ( #4817, #3260, #4637 ) ) REPRESENTATION_CONTEXT ( 'NONE', 'WORKASPACE' ) );
#1213 = AXIS2_PLACEMENT_3D ( 'NONE', #8827, #5318, #396 ) ;
#1214 = ORIENTED_EDGE ( 'NONE', *, *, #7981, .F. ) ;
#1215 = FACE_OUTER_BOUND ( 'NONE', #4801, .T. ) ;
#1216 = FACE_OUTER_BOUND ( 'NONE', #7790, .T. ) ;
#1217 = VECTOR ( 'NONE', #1310, 1000.000000000000000 ) ;
#1218 = EDGE_CURVE ( 'NONE', #4255, #375, #8448, .T. ) ;
#1219 = FACE_OUTER_BOUND ( 'NONE', #7450, .T. ) ;
#1220 = DIRECTION ( 'NONE',  ( 1.000000000000000000, 1.781189283369042886E-15, 0.000000000000000000 ) ) ;
#1221 = DIRECTION ( 'NONE',  ( 0.000000000000000000, 0.000000000000000000, 1.000000000000000000 ) ) ;
#1222 = ORIENTED_EDGE ( 'NONE', *, *, #3223, .T. ) ;
#1223 = ORIENTED_EDGE ( 'NONE', *, *, #250, .F. ) ;
#1224 = ORIENTED_EDGE ( 'NONE', *, *, #2764, .T. ) ;
#1225 = VECTOR ( 'NONE', #1279, 1000.000000000000000 ) ;
#1226 = DIRECTION ( 'NONE',  ( 0.000000000000000000, 0.000000000000000000, -1.000000000000000000 ) ) ;
#1227 = VERTEX_POINT ( 'NONE', #3424 ) ;
#1228 = CARTESIAN_POINT ( 'NONE',  ( -3.250000000000000888, -5.549999999999999822, 1.300000000000000266 ) ) ;
#1229 = AXIS2_PLACEMENT_3D ( 'NONE', #411, #7446, #3957 ) ;
#1230 = LINE ( 'NONE', #3999, #4903 ) ;
#1231 = DIRECTION ( 'NONE',  ( 0.000000000000000000, 0.000000000000000000, 1.000000000000000000 ) ) ;
#1232 = ORIENTED_EDGE ( 'NONE', *, *, #3884, .T. ) ;
#1233 = ORIENTED_EDGE ( 'NONE', *, *, #8166, .F. ) ;
#1234 = FACE_OUTER_BOUND ( 'NONE', #8073, .T. ) ;
#1235 = ADVANCED_FACE ( 'NONE', ( #1936 ), #1381, .T. ) ;
#1236 = AXIS2_PLACEMENT_3D ( 'NONE', #6101, #8965, #1260 ) ;
#1237 = LINE ( 'NONE', #4691, #3998 ) ;
#1238 = DIRECTION ( 'NONE',  ( 0.8778780114862311246, -2.187047340575287658E-16, 0.4788843252278996987 ) ) ;
#1239 = LINE ( 'NONE', #4051, #7542 ) ;
#1240 = EDGE_CURVE ( 'NONE', #2122, #2116, #4415, .T. ) ;
#1241 = LINE ( 'NONE', #554, #8192 ) ;
#1242 = CARTESIAN_POINT ( 'NONE',  ( -3.400000000000001243, 2.950000000000003286, 0.5000000000000000000 ) ) ;
#1243 = VERTEX_POINT ( 'NONE', #6915 ) ;
#1244 = ORIENTED_EDGE ( 'NONE', *, *, #7374, .F. ) ;
#1245 = ADVANCED_FACE ( 'NONE', ( #3514 ), #7647, .F. ) ;
#1246 = DIRECTION ( 'NONE',  ( 0.000000000000000000, 0.000000000000000000, 1.000000000000000000 ) ) ;
#1247 = ORIENTED_EDGE ( 'NONE', *, *, #6647, .T. ) ;
#1248 = DIRECTION ( 'NONE',  ( 0.000000000000000000, 0.000000000000000000, -1.000000000000000000 ) ) ;
#1249 = DIRECTION ( 'NONE',  ( 0.000000000000000000, 1.000000000000000000, 0.000000000000000000 ) ) ;
#1250 = ORIENTED_EDGE ( 'NONE', *, *, #1959, .F. ) ;
#1251 = DIRECTION ( 'NONE',  ( -1.000000000000000000, 0.000000000000000000, 0.000000000000000000 ) ) ;
#1252 = DIRECTION ( 'NONE',  ( -1.000000000000000000, 0.000000000000000000, 0.000000000000000000 ) ) ;
#1253 = EDGE_LOOP ( 'NONE', ( #980, #6542, #6821, #7640 ) ) ;
#1254 = EDGE_CURVE ( 'NONE', #8402, #6160, #6314, .T. ) ;
#1255 = LINE ( 'NONE', #7, #8550 ) ;
#1256 = AXIS2_PLACEMENT_3D ( 'NONE', #9037, #2008, #508 ) ;
#1257 = ADVANCED_FACE ( 'NONE', ( #7602 ), #1295, .F. ) ;
#1258 = DIRECTION ( 'NONE',  ( 0.000000000000000000, 0.000000000000000000, 1.000000000000000000 ) ) ;
#1259 = CARTESIAN_POINT ( 'NONE',  ( -4.499999999999986677, -1.550515463917520709, -7.400446128206086271 ) ) ;
#1260 = DIRECTION ( 'NONE',  ( -1.000000000000000000, 0.000000000000000000, 0.000000000000000000 ) ) ;
#1261 = DIRECTION ( 'NONE',  ( 1.000000000000000000, 0.000000000000000000, 1.232047923278982446E-16 ) ) ;
#1262 = VECTOR ( 'NONE', #6505, 1000.000000000000000 ) ;
#1263 = LINE ( 'NONE', #491, #5999 ) ;
#1264 = VERTEX_POINT ( 'NONE', #6540 ) ;
#1265 = ORIENTED_EDGE ( 'NONE', *, *, #2834, .F. ) ;
#1266 = DIRECTION ( 'NONE',  ( -1.000000000000000000, 0.000000000000000000, 0.000000000000000000 ) ) ;
#1267 = ADVANCED_FACE ( 'NONE', ( #2256 ), #147, .T. ) ;
#1268 = ORIENTED_EDGE ( 'NONE', *, *, #7719, .T. ) ;
#1269 = AXIS2_PLACEMENT_3D ( 'NONE', #6642, #5399, #292 ) ;
#1270 = FACE_OUTER_BOUND ( 'NONE', #3708, .T. ) ;
#1271 = CARTESIAN_POINT ( 'NONE',  ( -3.250000000000000888, -5.549999999999999822, -6.159999999999998366 ) ) ;
#1272 = CARTESIAN_POINT ( 'NONE',  ( -4.899999999999991473, 4.049484536082480268, -4.300000000000008704 ) ) ;
#1273 = ORIENTED_EDGE ( 'NONE', *, *, #1167, .T. ) ;
#1274 = DIRECTION ( 'NONE',  ( 1.000000000000000000, 0.000000000000000000, 0.000000000000000000 ) ) ;
#1275 = CARTESIAN_POINT ( 'NONE',  ( -0.7500000000000000000, -5.549999999999998934, 1.000000000000000000 ) ) ;
#1276 = FACE_OUTER_BOUND ( 'NONE', #7017, .T. ) ;
#1277 = VECTOR ( 'NONE', #8423, 1000.000000000000000 ) ;
#1278 = DIRECTION ( 'NONE',  ( -1.000000000000000000, 0.000000000000000000, 0.000000000000000000 ) ) ;
#1279 = DIRECTION ( 'NONE',  ( 1.000000000000000000, 8.850629979473506011E-17, 6.397248167740343292E-32 ) ) ;
#1280 = CARTESIAN_POINT ( 'NONE',  ( -1.479999999999999982, 11.70000000000000462, 0.8499999999999999778 ) ) ;
#1281 = ADVANCED_FACE ( 'NONE', ( #3009 ), #2908, .T. ) ;
#1282 = CARTESIAN_POINT ( 'NONE',  ( -3.250000000000000888, -5.549999999999999822, -6.159999999999998366 ) ) ;
#1283 = ORIENTED_EDGE ( 'NONE', *, *, #2166, .F. ) ;
#1284 = ORIENTED_EDGE ( 'NONE', *, *, #5316, .F. ) ;
#1285 = CIRCLE ( 'NONE', #7760, 0.7999999999999999334 ) ;
#1286 = EDGE_CURVE ( 'NONE', #4811, #7709, #8586, .T. ) ;
#1287 = LINE ( 'NONE', #5486, #4437 ) ;
#1288 = VERTEX_POINT ( 'NONE', #2860 ) ;
#1289 = CARTESIAN_POINT ( 'NONE',  ( -0.3999999999999998002, -6.699999999999999289, -1.349999999999999867 ) ) ;
#1290 = DIRECTION ( 'NONE',  ( -0.000000000000000000, -1.000000000000000000, -0.000000000000000000 ) ) ;
#1291 = ORIENTED_EDGE ( 'NONE', *, *, #2357, .F. ) ;
#1292 = VECTOR ( 'NONE', #1642, 1000.000000000000000 ) ;
#1293 = LINE ( 'NONE', #8352, #6414 ) ;
#1294 = EDGE_CURVE ( 'NONE', #4480, #1614, #7502, .T. ) ;
#1295 = PLANE ( 'NONE',  #2643 ) ;
#1296 = ORIENTED_EDGE ( 'NONE', *, *, #7624, .T. ) ;
#1297 = ORIENTED_EDGE ( 'NONE', *, *, #1449, .F. ) ;
#1298 = EDGE_CURVE ( 'NONE', #4440, #1308, #192, .T. ) ;
#1299 = CARTESIAN_POINT ( 'NONE',  ( -3.600000000000001421, -5.150000000000000355, 0.000000000000000000 ) ) ;
#1300 = DIRECTION ( 'NONE',  ( -1.084202172485504434E-16, -1.000000000000000000, -0.000000000000000000 ) ) ;
#1301 = DIRECTION ( 'NONE',  ( -2.491288438666617091E-16, -1.000000000000000000, -3.559366888705205925E-31 ) ) ;
#1302 = EDGE_CURVE ( 'NONE', #6099, #8403, #3049, .T. ) ;
#1303 = CARTESIAN_POINT ( 'NONE',  ( 3.399999999999998579, 2.950000000000003286, 0.5000000000000000000 ) ) ;
#1304 = CARTESIAN_POINT ( 'NONE',  ( -4.500000000000002665, 3.982783490763078137E-16, 0.000000000000000000 ) ) ;
#1305 = VERTEX_POINT ( 'NONE', #7788 ) ;
#1306 = ORIENTED_EDGE ( 'NONE', *, *, #1395, .F. ) ;
#1307 = CARTESIAN_POINT ( 'NONE',  ( -5.636132948075080584, -1.550515463917520487, -8.396377958773982186 ) ) ;
#1308 = VERTEX_POINT ( 'NONE', #1424 ) ;
#1309 = VECTOR ( 'NONE', #1649, 1000.000000000000114 ) ;
#1310 = DIRECTION ( 'NONE',  ( 0.000000000000000000, 0.000000000000000000, 1.000000000000000000 ) ) ;
#1311 = DIRECTION ( 'NONE',  ( 0.000000000000000000, 0.000000000000000000, -1.000000000000000000 ) ) ;
#1312 = MANIFOLD_SOLID_BREP ( 'Body-Move/Copy1[3]', #2926 ) ;
#1313 = CARTESIAN_POINT ( 'NONE',  ( -1.479999999999999982, 11.70000000000000462, 0.6999999999999998446 ) ) ;
#1314 = EDGE_CURVE ( 'NONE', #8305, #6455, #3094, .T. ) ;
#1315 = DIRECTION ( 'NONE',  ( 0.000000000000000000, 0.000000000000000000, 1.000000000000000000 ) ) ;
#1316 = ORIENTED_EDGE ( 'NONE', *, *, #3734, .F. ) ;
#1317 = ORIENTED_EDGE ( 'NONE', *, *, #473, .F. ) ;
#1318 = DIRECTION ( 'NONE',  ( 0.000000000000000000, -1.000000000000000000, 0.000000000000000000 ) ) ;
#1319 = LINE ( 'NONE', #2657, #324 ) ;
#1320 = AXIS2_PLACEMENT_3D ( 'NONE', #3648, #5761, #6453 ) ;
#1321 = LINE ( 'NONE', #1828, #1196 ) ;
#1322 = PLANE ( 'NONE',  #811 ) ;
#1323 = CARTESIAN_POINT ( 'NONE',  ( 4.500000000000002665, 4.349484536082479202, -4.900000000000009237 ) ) ;
#1324 = CARTESIAN_POINT ( 'NONE',  ( 2.999999999999998224, 4.650000000000004796, 5.599999999999999645 ) ) ;
#1325 = EDGE_CURVE ( 'NONE', #6916, #8807, #5736, .T. ) ;
#1326 = CARTESIAN_POINT ( 'NONE',  ( 1.370000000000000329, 8.500000000000000000, 3.349876971653937829 ) ) ;
#1327 = VERTEX_POINT ( 'NONE', #1468 ) ;
#1328 = AXIS2_PLACEMENT_3D ( 'NONE', #5087, #6419, #1531 ) ;
#1329 = ORIENTED_EDGE ( 'NONE', *, *, #3970, .F. ) ;
#1330 = CARTESIAN_POINT ( 'NONE',  ( -4.900000000000000355, 4.349484536082479202, -4.300000000000009592 ) ) ;
#1331 = ORIENTED_EDGE ( 'NONE', *, *, #3970, .T. ) ;
#1332 = EDGE_CURVE ( 'NONE', #8031, #2177, #3603, .T. ) ;
#1333 = DIRECTION ( 'NONE',  ( -1.000000000000000000, 1.308519863344574291E-16, 0.000000000000000000 ) ) ;
#1334 = CARTESIAN_POINT ( 'NONE',  ( 0.000000000000000000, 8.900000000000000355, 0.000000000000000000 ) ) ;
#1335 = AXIS2_PLACEMENT_3D ( 'NONE', #6154, #4680, #1266 ) ;
#1336 = EDGE_LOOP ( 'NONE', ( #8803, #3847, #5380, #2674 ) ) ;
#1337 = CARTESIAN_POINT ( 'NONE',  ( -0.4499999999999999556, -3.625230054855794748, 2.500000000000000000 ) ) ;
#1338 = DIRECTION ( 'NONE',  ( -0.000000000000000000, -9.293161478447175580E-18, -1.000000000000000000 ) ) ;
#1339 = VERTEX_POINT ( 'NONE', #8537 ) ;
#1340 = VECTOR ( 'NONE', #4560, 1000.000000000000000 ) ;
#1341 = VECTOR ( 'NONE', #1816, 1000.000000000000000 ) ;
#1342 = LINE ( 'NONE', #2816, #3117 ) ;
#1343 = EDGE_CURVE ( 'NONE', #7195, #5436, #4336, .T. ) ;
#1344 = LINE ( 'NONE', #4803, #180 ) ;
#1345 = CARTESIAN_POINT ( 'NONE',  ( -0.4000000000000001887, -6.700000000000000178, -5.750000000000000000 ) ) ;
#1346 = AXIS2_PLACEMENT_3D ( 'NONE', #5934, #6528, #8756 ) ;
#1347 = CIRCLE ( 'NONE', #7823, 0.4000000000000001887 ) ;
#1348 = EDGE_CURVE ( 'NONE', #2563, #6469, #3539, .T. ) ;
#1349 = FACE_BOUND ( 'NONE', #6353, .T. ) ;
#1350 = CARTESIAN_POINT ( 'NONE',  ( 3.250000000000001332, -6.699999999999999289, -1.349999999999999867 ) ) ;
#1351 = VERTEX_POINT ( 'NONE', #141 ) ;
#1352 = CARTESIAN_POINT ( 'NONE',  ( 0.6700000000000001510, 11.70000000000000462, -0.6000000000000001998 ) ) ;
#1353 = ADVANCED_FACE ( 'NONE', ( #2957 ), #4475, .F. ) ;
#1354 = CIRCLE ( 'NONE', #333, 0.6500000000000000222 ) ;
#1355 = VERTEX_POINT ( 'NONE', #5161 ) ;
#1356 = CARTESIAN_POINT ( 'NONE',  ( 0.003233649729229023419, 10.90000000000000036, 3.151279358214723825 ) ) ;
#1357 = DIRECTION ( 'NONE',  ( 1.000000000000000000, 0.000000000000000000, 0.000000000000000000 ) ) ;
#1358 = CARTESIAN_POINT ( 'NONE',  ( 0.000000000000000000, 0.000000000000000000, 0.000000000000000000 ) ) ;
#1359 = LINE ( 'NONE', #6247, #7461 ) ;
#1360 = VECTOR ( 'NONE', #4608, 1000.000000000000000 ) ;
#1361 = ORIENTED_EDGE ( 'NONE', *, *, #571, .T. ) ;
#1362 = EDGE_LOOP ( 'NONE', ( #6515, #8449, #2620, #2257 ) ) ;
#1363 = CYLINDRICAL_SURFACE ( 'NONE', #280, 1.200000000000011502 ) ;
#1364 = EDGE_CURVE ( 'NONE', #7591, #8020, #6479, .T. ) ;
#1365 = VECTOR ( 'NONE', #4084, 1000.000000000000000 ) ;
#1366 = CARTESIAN_POINT ( 'NONE',  ( 0.003438877362783012304, 8.500000000000000000, 3.351279252918741403 ) ) ;
#1367 = CARTESIAN_POINT ( 'NONE',  ( -2.600000000000000533, 2.849484536082479647, -4.900000000000009237 ) ) ;
#1368 = CARTESIAN_POINT ( 'NONE',  ( -0.4999999999999997780, 11.70000000000000462, 1.500000000000000000 ) ) ;
#1369 = LINE ( 'NONE', #1195, #1410 ) ;
#1370 = CARTESIAN_POINT ( 'NONE',  ( -4.900000000000000355, 1.349484536082479869, 0.4000000000000000222 ) ) ;
#1371 = VECTOR ( 'NONE', #4628, 1000.000000000000000 ) ;
#1372 = VERTEX_POINT ( 'NONE', #7803 ) ;
#1373 = ORIENTED_EDGE ( 'NONE', *, *, #4087, .T. ) ;
#1374 = DIRECTION ( 'NONE',  ( 0.000000000000000000, 1.000000000000000000, 0.000000000000000000 ) ) ;
#1375 = ORIENTED_EDGE ( 'NONE', *, *, #899, .F. ) ;
#1376 = EDGE_CURVE ( 'NONE', #1199, #7570, #4949, .T. ) ;
#1377 = DIRECTION ( 'NONE',  ( 1.000000000000000000, 0.000000000000000000, 0.000000000000000000 ) ) ;
#1378 = FACE_OUTER_BOUND ( 'NONE', #8029, .T. ) ;
#1379 = ORIENTED_EDGE ( 'NONE', *, *, #3148, .F. ) ;
#1380 = CARTESIAN_POINT ( 'NONE',  ( 4.399999999999998579, -2.700000000000000622, 0.1000000000000000056 ) ) ;
#1381 = PLANE ( 'NONE',  #8400 ) ;
#1382 = ORIENTED_EDGE ( 'NONE', *, *, #2242, .F. ) ;
#1383 = DIRECTION ( 'NONE',  ( 1.000000000000000000, 0.000000000000000000, 0.000000000000000000 ) ) ;
#1384 = CARTESIAN_POINT ( 'NONE',  ( 4.500000000000002665, -5.450515463917523284, 4.336808689942017736E-15 ) ) ;
#1385 = CARTESIAN_POINT ( 'NONE',  ( -4.499999999999993783, -5.450515463917523284, -4.300000000000008704 ) ) ;
#1386 = CARTESIAN_POINT ( 'NONE',  ( 0.4999999999999981681, -0.6408712114635676249, 0.000000000000000000 ) ) ;
#1387 = CARTESIAN_POINT ( 'NONE',  ( 2.500000000000000000, -6.400000000000000355, -1.350000000000000089 ) ) ;
#1388 = ADVANCED_FACE ( 'NONE', ( #623 ), #4167, .T. ) ;
#1389 = VERTEX_POINT ( 'NONE', #5505 ) ;
#1390 = ORIENTED_EDGE ( 'NONE', *, *, #3909, .F. ) ;
#1391 = VECTOR ( 'NONE', #6168, 1000.000000000000000 ) ;
#1392 = ORIENTED_EDGE ( 'NONE', *, *, #2012, .F. ) ;
#1393 = ORIENTED_EDGE ( 'NONE', *, *, #1563, .F. ) ;
#1394 = LINE ( 'NONE', #7761, #2501 ) ;
#1395 = EDGE_CURVE ( 'NONE', #3145, #7480, #6242, .T. ) ;
#1396 = CARTESIAN_POINT ( 'NONE',  ( -1.734723475976807094E-15, 0.4500000000000040079, 5.000000000000000000 ) ) ;
#1397 = CARTESIAN_POINT ( 'NONE',  ( 0.000000000000000000, 10.20000000000000107, -0.5047000102205828620 ) ) ;
#1398 = FACE_OUTER_BOUND ( 'NONE', #983, .T. ) ;
#1399 = LINE ( 'NONE', #7028, #7310 ) ;
#1400 = EDGE_CURVE ( 'NONE', #8984, #3939, #8507, .T. ) ;
#1401 = SHAPE_DEFINITION_REPRESENTATION ( #3664, #4667 ) ;
#1402 = ORIENTED_EDGE ( 'NONE', *, *, #2305, .T. ) ;
#1403 = VERTEX_POINT ( 'NONE', #8323 ) ;
#1404 = DIRECTION ( 'NONE',  ( 8.850629979473506011E-17, 1.000000000000000000, 0.000000000000000000 ) ) ;
#1405 = VECTOR ( 'NONE', #7468, 1000.000000000000000 ) ;
#1406 = EDGE_CURVE ( 'NONE', #3524, #6406, #6379, .T. ) ;
#1407 = DIRECTION ( 'NONE',  ( 1.000000000000000000, 0.000000000000000000, 1.931541112668179645E-15 ) ) ;
#1408 = LINE ( 'NONE', #7034, #9066 ) ;
#1409 = PLANE ( 'NONE',  #8749 ) ;
#1410 = VECTOR ( 'NONE', #3457, 1000.000000000000000 ) ;
#1411 = DIRECTION ( 'NONE',  ( 0.001026138167772391039, 0.000000000000000000, 0.9999994735200917750 ) ) ;
#1412 = EDGE_CURVE ( 'NONE', #4086, #9031, #7065, .T. ) ;
#1413 = DIRECTION ( 'NONE',  ( -1.000000000000000000, 0.000000000000000000, 0.000000000000000000 ) ) ;
#1414 = EDGE_LOOP ( 'NONE', ( #6005, #1250, #2034, #5950 ) ) ;
#1415 = EDGE_LOOP ( 'NONE', ( #1419, #1712, #1715, #4753, #2772, #4237 ) ) ;
#1416 = VECTOR ( 'NONE', #416, 1000.000000000000000 ) ;
#1417 = AXIS2_PLACEMENT_3D ( 'NONE', #8609, #4218, #4356 ) ;
#1418 = CARTESIAN_POINT ( 'NONE',  ( 0.4999999999999980571, -0.6408712114635676249, 0.5000000000000000000 ) ) ;
#1419 = ORIENTED_EDGE ( 'NONE', *, *, #6032, .F. ) ;
#1420 = CARTESIAN_POINT ( 'NONE',  ( -4.499999999999993783, -5.450515463917523284, -4.300000000000008704 ) ) ;
#1421 = LINE ( 'NONE', #7833, #4025 ) ;
#1422 = ORIENTED_EDGE ( 'NONE', *, *, #1218, .T. ) ;
#1423 = CARTESIAN_POINT ( 'NONE',  ( -0.2999999999999958811, 11.70000000000000462, 1.500000000000000000 ) ) ;
#1424 = CARTESIAN_POINT ( 'NONE',  ( 1.899999999999998801, 3.600000000000004086, 0.000000000000000000 ) ) ;
#1425 = VECTOR ( 'NONE', #7109, 1000.000000000000000 ) ;
#1426 = EDGE_CURVE ( 'NONE', #273, #4490, #1484, .T. ) ;
#1427 = ORIENTED_EDGE ( 'NONE', *, *, #8104, .F. ) ;
#1428 = VERTEX_POINT ( 'NONE', #706 ) ;
#1429 = CARTESIAN_POINT ( 'NONE',  ( -1.900000000000001910, 3.600000000000003642, 0.1000000000000000056 ) ) ;
#1430 = PLANE ( 'NONE',  #894 ) ;
#1431 = LINE ( 'NONE', #2767, #3477 ) ;
#1432 = LINE ( 'NONE', #5541, #7937 ) ;
#1433 = LINE ( 'NONE', #5677, #9099 ) ;
#1434 = EDGE_LOOP ( 'NONE', ( #4201, #2402, #7947, #6682, #5192 ) ) ;
#1435 = ORIENTED_EDGE ( 'NONE', *, *, #562, .T. ) ;
#1436 = ORIENTED_EDGE ( 'NONE', *, *, #9069, .F. ) ;
#1437 = EDGE_LOOP ( 'NONE', ( #4788, #6499, #923, #1244, #7470, #4098, #799, #643 ) ) ;
#1438 = DIRECTION ( 'NONE',  ( 1.000000000000000000, 1.971276677246371519E-16, 0.000000000000000000 ) ) ;
#1439 = LINE ( 'NONE', #4259, #6799 ) ;
#1440 = EDGE_CURVE ( 'NONE', #8551, #273, #2877, .T. ) ;
#1441 = CLOSED_SHELL ( 'NONE', ( #3392, #8635, #8720, #6447, #890, #6051, #1014, #320, #5653, #4944, #1235, #2348, #8471 ) ) ;
#1442 = LINE ( 'NONE', #666, #1217 ) ;
#1443 = DIRECTION ( 'NONE',  ( 0.000000000000000000, 0.000000000000000000, -1.000000000000000000 ) ) ;
#1444 = CARTESIAN_POINT ( 'NONE',  ( 1.750000000000000000, -6.500000000000001776, 1.300000000000000266 ) ) ;
#1445 = ORIENTED_EDGE ( 'NONE', *, *, #2528, .T. ) ;
#1446 = CIRCLE ( 'NONE', #1597, 0.6500000000000000222 ) ;
#1447 = VERTEX_POINT ( 'NONE', #3439 ) ;
#1448 = CARTESIAN_POINT ( 'NONE',  ( -4.836441345419223659, 0.03527097370938428456, -10.20000000000000995 ) ) ;
#1449 = EDGE_CURVE ( 'NONE', #533, #7064, #5683, .T. ) ;
#1450 = DIRECTION ( 'NONE',  ( 0.9999994735200916640, 0.000000000000000000, -0.001026138167772244671 ) ) ;
#1451 = FACE_OUTER_BOUND ( 'NONE', #6825, .T. ) ;
#1452 = FACE_OUTER_BOUND ( 'NONE', #5635, .T. ) ;
#1453 = VECTOR ( 'NONE', #2823, 1000.000000000000000 ) ;
#1454 = DIRECTION ( 'NONE',  ( -0.6560590289905071648, 0.000000000000000000, -0.7547095802227721251 ) ) ;
#1455 = EDGE_CURVE ( 'NONE', #6282, #7019, #1394, .T. ) ;
#1456 = LINE ( 'NONE', #4276, #4365 ) ;
#1457 = ORIENTED_EDGE ( 'NONE', *, *, #5634, .F. ) ;
#1458 = ORIENTED_EDGE ( 'NONE', *, *, #8784, .T. ) ;
#1459 = AXIS2_PLACEMENT_3D ( 'NONE', #4889, #1338, #6870 ) ;
#1460 = DIRECTION ( 'NONE',  ( 0.000000000000000000, 1.000000000000000000, 0.000000000000000000 ) ) ;
#1461 = EDGE_LOOP ( 'NONE', ( #4016, #6641, #1043, #8460 ) ) ;
#1462 = EDGE_CURVE ( 'NONE', #343, #6675, #6330, .T. ) ;
#1463 = CARTESIAN_POINT ( 'NONE',  ( 3.000000000000000000, -4.750515463917523107, 0.000000000000000000 ) ) ;
#1464 = DIRECTION ( 'NONE',  ( 0.000000000000000000, 0.000000000000000000, 1.000000000000000000 ) ) ;
#1465 = VERTEX_POINT ( 'NONE', #757 ) ;
#1466 = LINE ( 'NONE', #7836, #5534 ) ;
#1467 = CIRCLE ( 'NONE', #8251, 3.500000000000000000 ) ;
#1468 = CARTESIAN_POINT ( 'NONE',  ( -5.238893727143770107, -1.550515463917520709, -8.400000000000009237 ) ) ;
#1469 = ORIENTED_EDGE ( 'NONE', *, *, #4228, .F. ) ;
#1470 = VERTEX_POINT ( 'NONE', #4212 ) ;
#1471 = LINE ( 'NONE', #6575, #1771 ) ;
#1472 = LINE ( 'NONE', #10, #5603 ) ;
#1473 = EDGE_CURVE ( 'NONE', #4439, #1264, #23, .T. ) ;
#1474 = VERTEX_POINT ( 'NONE', #5640 ) ;
#1475 = DIRECTION ( 'NONE',  ( 0.000000000000000000, -1.000000000000000000, 0.000000000000000000 ) ) ;
#1476 = CARTESIAN_POINT ( 'NONE',  ( -0.4999999999999997780, 10.90000000000000036, 1.500000000000000000 ) ) ;
#1477 = LINE ( 'NONE', #4302, #1425 ) ;
#1478 = AXIS2_PLACEMENT_3D ( 'NONE', #464, #4647, #5344 ) ;
#1479 = VERTEX_POINT ( 'NONE', #4996 ) ;
#1480 = VECTOR ( 'NONE', #2157, 1000.000000000000000 ) ;
#1481 = ORIENTED_EDGE ( 'NONE', *, *, #6683, .T. ) ;
#1482 = ORIENTED_EDGE ( 'NONE', *, *, #2994, .T. ) ;
#1483 = ORIENTED_EDGE ( 'NONE', *, *, #5668, .T. ) ;
#1484 = LINE ( 'NONE', #7711, #1188 ) ;
#1485 = ORIENTED_EDGE ( 'NONE', *, *, #2868, .F. ) ;
#1486 = CARTESIAN_POINT ( 'NONE',  ( 0.8032336497292296151, 11.70000000000000462, -2.404700010220583106 ) ) ;
#1487 = VECTOR ( 'NONE', #907, 1000.000000000000000 ) ;
#1488 = ADVANCED_FACE ( 'NONE', ( #3617 ), #8462, .T. ) ;
#1489 = AXIS2_PLACEMENT_3D ( 'NONE', #8997, #4058, #599 ) ;
#1490 = LINE ( 'NONE', #4312, #8726 ) ;
#1491 = FACE_OUTER_BOUND ( 'NONE', #2100, .T. ) ;
#1492 = CARTESIAN_POINT ( 'NONE',  ( -2.100000000000000089, -6.700000000000000178, -1.350000000000000089 ) ) ;
#1493 = DIRECTION ( 'NONE',  ( 0.000000000000000000, 0.000000000000000000, -1.000000000000000000 ) ) ;
#1494 = APPLICATION_PROTOCOL_DEFINITION ( 'draft international standard', 'automotive_design', 1998, #4180 ) ;
#1495 = EDGE_CURVE ( 'NONE', #4776, #8789, #2691, .T. ) ;
#1496 = VERTEX_POINT ( 'NONE', #2731 ) ;
#1497 = AXIS2_PLACEMENT_3D ( 'NONE', #6866, #2715, #4191 ) ;
#1498 = CARTESIAN_POINT ( 'NONE',  ( 1.000000000000000000, 4.426179070414211658, 4.299999999999999822 ) ) ;
#1499 = FACE_OUTER_BOUND ( 'NONE', #5057, .T. ) ;
#1500 = AXIS2_PLACEMENT_3D ( 'NONE', #6401, #6450, #5662 ) ;
#1501 = LINE ( 'NONE', #6391, #3615 ) ;
#1502 = PLANE ( 'NONE',  #5492 ) ;
#1503 = DIRECTION ( 'NONE',  ( 8.881784197001252323E-16, 0.000000000000000000, -1.000000000000000000 ) ) ;
#1504 = CARTESIAN_POINT ( 'NONE',  ( -3.000000000000001776, 4.650000000000003908, 5.000000000000000000 ) ) ;
#1505 = EDGE_CURVE ( 'NONE', #4746, #3803, #5548, .T. ) ;
#1506 = ORIENTED_EDGE ( 'NONE', *, *, #1735, .F. ) ;
#1507 = VERTEX_POINT ( 'NONE', #4852 ) ;
#1508 = AXIS2_PLACEMENT_3D ( 'NONE', #6018, #5883, #8840 ) ;
#1509 = DIRECTION ( 'NONE',  ( 0.000000000000000000, 1.000000000000000000, 0.000000000000000000 ) ) ;
#1510 = EDGE_LOOP ( 'NONE', ( #20, #359, #3753, #4209 ) ) ;
#1511 = EDGE_CURVE ( 'NONE', #2113, #4480, #7664, .T. ) ;
#1512 = DIRECTION ( 'NONE',  ( 0.000000000000000000, 0.000000000000000000, -1.000000000000000000 ) ) ;
#1513 = CARTESIAN_POINT ( 'NONE',  ( 4.500000000000002665, 4.049484536082479380, -4.299999999999999822 ) ) ;
#1514 = ORIENTED_EDGE ( 'NONE', *, *, #306, .F. ) ;
#1515 = CARTESIAN_POINT ( 'NONE',  ( -4.500000000000002665, 4.349484536082480091, 0.3999999999999913625 ) ) ;
#1516 = VECTOR ( 'NONE', #5951, 1000.000000000000000 ) ;
#1517 = UNCERTAINTY_MEASURE_WITH_UNIT (LENGTH_MEASURE( 1.000000000000000082E-05 ), #4817, 'distance_accuracy_value', 'NONE');
#1518 = CARTESIAN_POINT ( 'NONE',  ( 3.399999999999998579, 0.9500000000000038414, 0.5000000000000000000 ) ) ;
#1519 = ADVANCED_FACE ( 'NONE', ( #2405 ), #1620, .F. ) ;
#1520 = ORIENTED_EDGE ( 'NONE', *, *, #775, .F. ) ;
#1521 = ORIENTED_EDGE ( 'NONE', *, *, #6241, .T. ) ;
#1522 = ADVANCED_FACE ( 'NONE', ( #982 ), #2356, .F. ) ;
#1523 = LINE ( 'NONE', #5037, #5457 ) ;
#1524 = LINE ( 'NONE', #8593, #8032 ) ;
#1525 = CARTESIAN_POINT ( 'NONE',  ( -3.675000000000000266, 3.649484536082479469, -1.600000000000000089 ) ) ;
#1526 = DIRECTION ( 'NONE',  ( -0.000000000000000000, -1.000000000000000000, -0.000000000000000000 ) ) ;
#1527 = EDGE_LOOP ( 'NONE', ( #6243, #8595 ) ) ;
#1528 = ORIENTED_EDGE ( 'NONE', *, *, #8908, .T. ) ;
#1529 = VERTEX_POINT ( 'NONE', #4393 ) ;
#1530 = VERTEX_POINT ( 'NONE', #4441 ) ;
#1531 = DIRECTION ( 'NONE',  ( -1.000000000000000000, 1.215054158819962036E-16, 0.000000000000000000 ) ) ;
#1532 = DIRECTION ( 'NONE',  ( 1.000000000000000000, 8.850629979473506011E-17, 0.000000000000000000 ) ) ;
#1533 = DIRECTION ( 'NONE',  ( -1.000000000000000000, 0.000000000000000000, 0.000000000000000000 ) ) ;
#1534 = CARTESIAN_POINT ( 'NONE',  ( 4.500000000000002665, -5.450515463917523284, 8.673617379884035472E-15 ) ) ;
#1535 = PLANE ( 'NONE',  #5935 ) ;
#1536 = LINE ( 'NONE', #5831, #4702 ) ;
#1537 = DIRECTION ( 'NONE',  ( 0.000000000000000000, 3.469446951953610738E-16, 1.000000000000000000 ) ) ;
#1538 = SHAPE_DEFINITION_REPRESENTATION ( #4906, #2132 ) ;
#1539 = ORIENTED_EDGE ( 'NONE', *, *, #8921, .F. ) ;
#1540 = ORIENTED_EDGE ( 'NONE', *, *, #2246, .T. ) ;
#1541 = ADVANCED_FACE ( 'NONE', ( #2225 ), #1670, .F. ) ;
#1542 = LINE ( 'NONE', #1534, #9116 ) ;
#1543 = AXIS2_PLACEMENT_3D ( 'NONE', #1966, #3363, #3455 ) ;
#1544 = DIRECTION ( 'NONE',  ( -1.000000000000000000, 0.000000000000000000, 0.000000000000000000 ) ) ;
#1545 = DIRECTION ( 'NONE',  ( 1.000000000000000000, -2.491288438666616105E-16, 0.000000000000000000 ) ) ;
#1546 = DIRECTION ( 'NONE',  ( 0.000000000000000000, 8.673617379884041389E-16, 1.000000000000000000 ) ) ;
#1547 = DIRECTION ( 'NONE',  ( 1.000000000000000000, 0.000000000000000000, 0.000000000000000000 ) ) ;
#1548 = CARTESIAN_POINT ( 'NONE',  ( 3.250000000000000888, -5.549999999999999822, -1.350000000000000089 ) ) ;
#1549 = AXIS2_PLACEMENT_3D ( 'NONE', #949, #3771, #7215 ) ;
#1550 = ORIENTED_EDGE ( 'NONE', *, *, #2764, .F. ) ;
#1551 = ORIENTED_EDGE ( 'NONE', *, *, #1683, .T. ) ;
#1552 = LINE ( 'NONE', #4188, #2518 ) ;
#1553 = VERTEX_POINT ( 'NONE', #7852 ) ;
#1554 = CARTESIAN_POINT ( 'NONE',  ( -1.000000000000000000, 4.426179070414212546, 4.299999999999999822 ) ) ;
#1555 = AXIS2_PLACEMENT_3D ( 'NONE', #7100, #6358, #48 ) ;
#1556 = EDGE_CURVE ( 'NONE', #5727, #884, #4532, .T. ) ;
#1557 = DIRECTION ( 'NONE',  ( -0.9999994735200916640, 0.000000000000000000, 0.001026138167772390822 ) ) ;
#1558 = CARTESIAN_POINT ( 'NONE',  ( -4.100000000000001421, 0.4500000000000045075, 2.500000000000000000 ) ) ;
#1559 = EDGE_LOOP ( 'NONE', ( #3103, #6859, #2221, #4789, #3695, #2291, #3709, #3480 ) ) ;
#1560 = LINE ( 'NONE', #4242, #4800 ) ;
#1561 = SURFACE_STYLE_FILL_AREA ( #2299 ) ;
#1562 = AXIS2_PLACEMENT_3D ( 'NONE', #861, #181, #5747 ) ;
#1563 = EDGE_CURVE ( 'NONE', #2277, #1596, #4488, .T. ) ;
#1564 = VERTEX_POINT ( 'NONE', #3710 ) ;
#1565 = VECTOR ( 'NONE', #9039, 1000.000000000000000 ) ;
#1566 = ORIENTED_EDGE ( 'NONE', *, *, #2917, .F. ) ;
#1567 = CARTESIAN_POINT ( 'NONE',  ( -1.900000000000001910, 3.600000000000003642, 0.000000000000000000 ) ) ;
#1568 = EDGE_CURVE ( 'NONE', #1667, #1553, #6603, .T. ) ;
#1569 =( GEOMETRIC_REPRESENTATION_CONTEXT ( 3 ) GLOBAL_UNCERTAINTY_ASSIGNED_CONTEXT ( ( #7048 ) ) GLOBAL_UNIT_ASSIGNED_CONTEXT ( ( #4220, #6432, #7903 ) ) REPRESENTATION_CONTEXT ( 'NONE', 'WORKASPACE' ) );
#1570 = CIRCLE ( 'NONE', #4670, 2.499999999997725819 ) ;
#1571 = DIRECTION ( 'NONE',  ( 2.491288438666617091E-16, 1.000000000000000000, 3.559366888705205925E-31 ) ) ;
#1572 = SURFACE_STYLE_USAGE ( .BOTH. , #5082 ) ;
#1573 = EDGE_CURVE ( 'NONE', #2653, #2110, #7292, .T. ) ;
#1574 = ORIENTED_EDGE ( 'NONE', *, *, #6988, .T. ) ;
#1575 = AXIS2_PLACEMENT_3D ( 'NONE', #4848, #660, #4900 ) ;
#1576 = FACE_OUTER_BOUND ( 'NONE', #4934, .T. ) ;
#1577 = ORIENTED_EDGE ( 'NONE', *, *, #3381, .F. ) ;
#1578 = DIRECTION ( 'NONE',  ( 0.000000000000000000, 0.000000000000000000, -1.000000000000000000 ) ) ;
#1579 = ADVANCED_FACE ( 'NONE', ( #1576 ), #5869, .T. ) ;
#1580 = CARTESIAN_POINT ( 'NONE',  ( -1.734723475976807094E-15, 0.4500000000000040079, 1.800000000000000488 ) ) ;
#1581 = CARTESIAN_POINT ( 'NONE',  ( 0.7500000000000000000, -6.500000000000001776, 1.300000000000000266 ) ) ;
#1582 = CARTESIAN_POINT ( 'NONE',  ( -1.900000000000001910, 3.600000000000003642, 0.1000000000000000056 ) ) ;
#1583 = LINE ( 'NONE', #4314, #2334 ) ;
#1584 = FACE_OUTER_BOUND ( 'NONE', #2170, .T. ) ;
#1585 = PRODUCT_CONTEXT ( 'NONE', #1980, 'mechanical' ) ;
#1586 = ORIENTED_EDGE ( 'NONE', *, *, #4962, .T. ) ;
#1587 = LINE ( 'NONE', #4407, #2623 ) ;
#1588 = DIRECTION ( 'NONE',  ( 0.000000000000000000, 1.000000000000000000, 0.000000000000000000 ) ) ;
#1589 = PRODUCT ( 'CUI_DEVICES_PT01-D115D-B502', 'CUI_DEVICES_PT01-D115D-B502', '', ( #1585 ) ) ;
#1590 = EDGE_CURVE ( 'NONE', #2763, #1669, #5725, .T. ) ;
#1591 = CARTESIAN_POINT ( 'NONE',  ( -3.878914831578276434, -1.550515463917520931, -8.538556816112469861 ) ) ;
#1592 = CARTESIAN_POINT ( 'NONE',  ( 4.399999999999998579, -4.200000000000000178, 0.1000000000000000888 ) ) ;
#1593 = CARTESIAN_POINT ( 'NONE',  ( 0.000000000000000000, -0.5505154639175203757, 0.4000000000000001887 ) ) ;
#1594 = CARTESIAN_POINT ( 'NONE',  ( 0.4000000000000002442, -6.700000000000000178, -1.350000000000000089 ) ) ;
#1595 = DIRECTION ( 'NONE',  ( 0.000000000000000000, 0.000000000000000000, 1.000000000000000000 ) ) ;
#1596 = VERTEX_POINT ( 'NONE', #206 ) ;
#1597 = AXIS2_PLACEMENT_3D ( 'NONE', #4402, #7943, #943 ) ;
#1598 = CARTESIAN_POINT ( 'NONE',  ( 4.500000000000002665, 2.849484536082478758, -4.900000000000009237 ) ) ;
#1599 = DIRECTION ( 'NONE',  ( 0.000000000000000000, 0.000000000000000000, 1.000000000000000000 ) ) ;
#1600 = DIRECTION ( 'NONE',  ( 0.000000000000000000, 0.000000000000000000, 1.000000000000000000 ) ) ;
#1601 = CARTESIAN_POINT ( 'NONE',  ( 5.259901047426962961, -1.550515463917522485, -9.291887738487535131 ) ) ;
#1602 = SURFACE_STYLE_USAGE ( .BOTH. , #4290 ) ;
#1603 = ORIENTED_EDGE ( 'NONE', *, *, #7885, .T. ) ;
#1604 = VECTOR ( 'NONE', #1762, 1000.000000000000000 ) ;
#1605 = VERTEX_POINT ( 'NONE', #113 ) ;
#1606 = EDGE_CURVE ( 'NONE', #8403, #3067, #2316, .T. ) ;
#1607 = VERTEX_POINT ( 'NONE', #842 ) ;
#1608 = CARTESIAN_POINT ( 'NONE',  ( -1.734723475976807094E-15, 0.4500000000000040079, 2.500000000000000000 ) ) ;
#1609 = DIRECTION ( 'NONE',  ( -0.000000000000000000, -1.000000000000000000, -0.000000000000000000 ) ) ;
#1610 = CIRCLE ( 'NONE', #5151, 0.4000000000000001887 ) ;
#1611 = VERTEX_POINT ( 'NONE', #3663 ) ;
#1612 = LINE ( 'NONE', #5767, #3186 ) ;
#1613 = EDGE_LOOP ( 'NONE', ( #7617, #3546, #3758, #3804 ) ) ;
#1614 = VERTEX_POINT ( 'NONE', #8552 ) ;
#1615 = ADVANCED_FACE ( 'NONE', ( #5823 ), #3110, .T. ) ;
#1616 = ORIENTED_EDGE ( 'NONE', *, *, #5246, .T. ) ;
#1617 = CIRCLE ( 'NONE', #3865, 1.199999999999963762 ) ;
#1618 = AXIS2_PLACEMENT_3D ( 'NONE', #5224, #8036, #2921 ) ;
#1619 = VERTEX_POINT ( 'NONE', #5917 ) ;
#1620 = PLANE ( 'NONE',  #1328 ) ;
#1621 = VERTEX_POINT ( 'NONE', #3020 ) ;
#1622 = DIRECTION ( 'NONE',  ( -1.000000000000000000, 0.000000000000000000, 0.000000000000000000 ) ) ;
#1623 = ADVANCED_FACE ( 'NONE', ( #7339 ), #5129, .T. ) ;
#1624 = CARTESIAN_POINT ( 'NONE',  ( -3.000000000000001776, 4.650000000000003908, 5.599999999999999645 ) ) ;
#1625 = FACE_OUTER_BOUND ( 'NONE', #8225, .T. ) ;
#1626 = AXIS2_PLACEMENT_3D ( 'NONE', #2344, #7975, #1659 ) ;
#1627 = FACE_OUTER_BOUND ( 'NONE', #6626, .T. ) ;
#1628 = AXIS2_PLACEMENT_3D ( 'NONE', #2599, #5418, #6197 ) ;
#1629 = DIRECTION ( 'NONE',  ( 0.000000000000000000, 0.000000000000000000, -1.000000000000000000 ) ) ;
#1630 = FACE_OUTER_BOUND ( 'NONE', #2099, .T. ) ;
#1631 = EDGE_CURVE ( 'NONE', #5593, #3482, #7508, .T. ) ;
#1632 = VERTEX_POINT ( 'NONE', #2974 ) ;
#1633 = VERTEX_POINT ( 'NONE', #6144 ) ;
#1634 = AXIS2_PLACEMENT_3D ( 'NONE', #3362, #2703, #8942 ) ;
#1635 = VECTOR ( 'NONE', #1645, 1000.000000000000000 ) ;
#1636 = LINE ( 'NONE', #174, #7972 ) ;
#1637 = DIRECTION ( 'NONE',  ( 0.000000000000000000, 1.000000000000000000, 0.000000000000000000 ) ) ;
#1638 = LINE ( 'NONE', #6530, #7405 ) ;
#1639 = LINE ( 'NONE', #7264, #7904 ) ;
#1640 = AXIS2_PLACEMENT_3D ( 'NONE', #2462, #8098, #4596 ) ;
#1641 = VECTOR ( 'NONE', #758, 1000.000000000000000 ) ;
#1642 = DIRECTION ( 'NONE',  ( 1.000000000000000000, 0.000000000000000000, 0.000000000000000000 ) ) ;
#1643 = EDGE_CURVE ( 'NONE', #7847, #7439, #1467, .T. ) ;
#1644 = PLANE ( 'NONE',  #4725 ) ;
#1645 = DIRECTION ( 'NONE',  ( 0.000000000000000000, 0.000000000000000000, -1.000000000000000000 ) ) ;
#1646 = VERTEX_POINT ( 'NONE', #7516 ) ;
#1647 = CIRCLE ( 'NONE', #6803, 3.850000000000000089 ) ;
#1648 = DIRECTION ( 'NONE',  ( 8.850629979473506011E-17, 1.000000000000000000, 0.000000000000000000 ) ) ;
#1649 = DIRECTION ( 'NONE',  ( 8.659560562354932858E-17, -0.7071067811865474617, 0.7071067811865474617 ) ) ;
#1650 = DIRECTION ( 'NONE',  ( 0.000000000000000000, 0.000000000000000000, -1.000000000000000000 ) ) ;
#1651 = LINE ( 'NONE', #8811, #7304 ) ;
#1652 = DIRECTION ( 'NONE',  ( 0.000000000000000000, 0.000000000000000000, -1.000000000000000000 ) ) ;
#1653 = ORIENTED_EDGE ( 'NONE', *, *, #3551, .F. ) ;
#1654 = AXIS2_PLACEMENT_3D ( 'NONE', #8068, #3185, #5988 ) ;
#1655 = ORIENTED_EDGE ( 'NONE', *, *, #8386, .T. ) ;
#1656 = VERTEX_POINT ( 'NONE', #4759 ) ;
#1657 = EDGE_CURVE ( 'NONE', #6396, #3797, #8173, .T. ) ;
#1658 = CARTESIAN_POINT ( 'NONE',  ( -4.900000000000000355, 4.349484536082479202, 0.4000000000000000222 ) ) ;
#1659 = DIRECTION ( 'NONE',  ( 0.000000000000000000, 0.000000000000000000, -1.000000000000000000 ) ) ;
#1660 = AXIS2_PLACEMENT_3D ( 'NONE', #5467, #7574, #1311 ) ;
#1661 = ORIENTED_EDGE ( 'NONE', *, *, #8358, .T. ) ;
#1662 = CARTESIAN_POINT ( 'NONE',  ( 1.565936075841832809, 10.20000000000000107, -3.517150011924013331 ) ) ;
#1663 = EDGE_CURVE ( 'NONE', #9085, #3508, #7361, .T. ) ;
#1664 = CARTESIAN_POINT ( 'NONE',  ( -3.600000000000001421, 5.950000000000002842, 0.000000000000000000 ) ) ;
#1665 = ORIENTED_EDGE ( 'NONE', *, *, #1858, .F. ) ;
#1666 = ORIENTED_EDGE ( 'NONE', *, *, #2683, .T. ) ;
#1667 = VERTEX_POINT ( 'NONE', #8266 ) ;
#1668 = VECTOR ( 'NONE', #3116, 1000.000000000000000 ) ;
#1669 = VERTEX_POINT ( 'NONE', #1843 ) ;
#1670 = PLANE ( 'NONE',  #5741 ) ;
#1671 = ORIENTED_EDGE ( 'NONE', *, *, #3055, .T. ) ;
#1672 = FACE_OUTER_BOUND ( 'NONE', #8132, .T. ) ;
#1673 = DIRECTION ( 'NONE',  ( 1.000000000000000000, 0.000000000000000000, 4.565061778886336016E-16 ) ) ;
#1674 = ADVANCED_FACE ( 'NONE', ( #8084 ), #3894, .F. ) ;
#1675 = DIRECTION ( 'NONE',  ( -1.931541112668179251E-15, 0.000000000000000000, 1.000000000000000000 ) ) ;
#1676 = CARTESIAN_POINT ( 'NONE',  ( 4.099999999999997868, 0.4500000000000040079, 2.500000000000000000 ) ) ;
#1677 = CYLINDRICAL_SURFACE ( 'NONE', #4964, 0.3500000000000000333 ) ;
#1678 = ORIENTED_EDGE ( 'NONE', *, *, #3889, .F. ) ;
#1679 = ORIENTED_EDGE ( 'NONE', *, *, #7877, .T. ) ;
#1680 = VERTEX_POINT ( 'NONE', #2493 ) ;
#1681 = EDGE_CURVE ( 'NONE', #3657, #7693, #3983, .T. ) ;
#1682 = PLANE ( 'NONE',  #1640 ) ;
#1683 = EDGE_CURVE ( 'NONE', #5269, #5593, #1941, .T. ) ;
#1684 = DIRECTION ( 'NONE',  ( 0.000000000000000000, 0.000000000000000000, -1.000000000000000000 ) ) ;
#1685 = CARTESIAN_POINT ( 'NONE',  ( 0.2999999999999997113, 11.70000000000000462, 2.299999999999999822 ) ) ;
#1686 = LINE ( 'NONE', #8759, #8793 ) ;
#1687 = CARTESIAN_POINT ( 'NONE',  ( -4.854636593218676524E-17, 11.70000000000000462, -0.6000000000000000888 ) ) ;
#1688 = EDGE_CURVE ( 'NONE', #1351, #21, #3548, .T. ) ;
#1689 = AXIS2_PLACEMENT_3D ( 'NONE', #4363, #8570, #2940 ) ;
#1690 = DIRECTION ( 'NONE',  ( 0.000000000000000000, 0.000000000000000000, -1.000000000000000000 ) ) ;
#1691 = CARTESIAN_POINT ( 'NONE',  ( 4.500000000000003553, -5.450515463917523284, 0.000000000000000000 ) ) ;
#1692 = ORIENTED_EDGE ( 'NONE', *, *, #5932, .F. ) ;
#1693 = LINE ( 'NONE', #1058, #1340 ) ;
#1694 = ADVANCED_FACE ( 'NONE', ( #1215 ), #8779, .F. ) ;
#1695 = CARTESIAN_POINT ( 'NONE',  ( -0.5000000000000029976, -2.050000000000001155, 0.5000000000000000000 ) ) ;
#1696 = DIRECTION ( 'NONE',  ( 0.9999994735200916640, 0.000000000000000000, -0.001026138167771969935 ) ) ;
#1697 = VECTOR ( 'NONE', #2867, 1000.000000000000000 ) ;
#1698 = EDGE_CURVE ( 'NONE', #1611, #5667, #1756, .T. ) ;
#1699 = LINE ( 'NONE', #6633, #406 ) ;
#1700 = VERTEX_POINT ( 'NONE', #5315 ) ;
#1701 = CIRCLE ( 'NONE', #6560, 0.9000000000000002442 ) ;
#1702 = DIRECTION ( 'NONE',  ( 1.000000000000000000, 0.000000000000000000, 0.000000000000000000 ) ) ;
#1703 = DIRECTION ( 'NONE',  ( -1.000000000000000000, 0.000000000000000000, 0.000000000000000000 ) ) ;
#1704 = EDGE_LOOP ( 'NONE', ( #768, #7155, #2455, #3169 ) ) ;
#1705 = DIRECTION ( 'NONE',  ( -1.000000000000000000, 0.000000000000000000, 0.000000000000000000 ) ) ;
#1706 = ADVANCED_FACE ( 'NONE', ( #8133 ), #1804, .F. ) ;
#1707 = VECTOR ( 'NONE', #5900, 1000.000000000000000 ) ;
#1708 = DIRECTION ( 'NONE',  ( 0.000000000000000000, -1.000000000000000000, 1.018148511238955784E-16 ) ) ;
#1709 = AXIS2_PLACEMENT_3D ( 'NONE', #5064, #7866, #1547 ) ;
#1710 = ORIENTED_EDGE ( 'NONE', *, *, #435, .T. ) ;
#1711 = ORIENTED_EDGE ( 'NONE', *, *, #361, .F. ) ;
#1712 = ORIENTED_EDGE ( 'NONE', *, *, #2166, .T. ) ;
#1713 = ORIENTED_EDGE ( 'NONE', *, *, #8975, .T. ) ;
#1714 = CARTESIAN_POINT ( 'NONE',  ( 0.000000000000000000, 0.000000000000000000, 0.1000000000000000056 ) ) ;
#1715 = ORIENTED_EDGE ( 'NONE', *, *, #5863, .T. ) ;
#1716 = VERTEX_POINT ( 'NONE', #484 ) ;
#1717 = DIRECTION ( 'NONE',  ( 0.000000000000000000, 1.000000000000000000, 0.000000000000000000 ) ) ;
#1718 = EDGE_CURVE ( 'NONE', #7350, #8673, #2586, .T. ) ;
#1719 = DIRECTION ( 'NONE',  ( 1.000000000000000000, -2.491288438666622515E-16, 8.643393079969182961E-32 ) ) ;
#1720 = FACE_BOUND ( 'NONE', #7605, .T. ) ;
#1721 = CARTESIAN_POINT ( 'NONE',  ( 1.899999999999996358, -2.700000000000000622, 0.1000000000000000056 ) ) ;
#1722 = ORIENTED_EDGE ( 'NONE', *, *, #8656, .T. ) ;
#1723 = ORIENTED_EDGE ( 'NONE', *, *, #415, .F. ) ;
#1724 = VECTOR ( 'NONE', #5542, 1000.000000000000000 ) ;
#1725 = ORIENTED_EDGE ( 'NONE', *, *, #45, .F. ) ;
#1726 = ORIENTED_EDGE ( 'NONE', *, *, #5801, .T. ) ;
#1727 = ADVANCED_FACE ( 'NONE', ( #1891 ), #393, .T. ) ;
#1728 = CARTESIAN_POINT ( 'NONE',  ( 2.600000000000000533, -3.950515463917520620, -4.900000000000010125 ) ) ;
#1729 = VECTOR ( 'NONE', #6126, 1000.000000000000000 ) ;
#1730 = FACE_OUTER_BOUND ( 'NONE', #6286, .T. ) ;
#1731 = CARTESIAN_POINT ( 'NONE',  ( -1.734723475976807094E-15, 0.4500000000000040079, 2.500000000000000000 ) ) ;
#1732 = PRODUCT_RELATED_PRODUCT_CATEGORY ( 'part', '', ( #2922 ) ) ;
#1733 = DIRECTION ( 'NONE',  ( -1.000000000000000000, 0.000000000000000000, 0.000000000000000000 ) ) ;
#1734 = LINE ( 'NONE', #6071, #7614 ) ;
#1735 = EDGE_CURVE ( 'NONE', #8172, #3907, #4712, .T. ) ;
#1736 = CARTESIAN_POINT ( 'NONE',  ( -4.499999999999986677, 4.049484536082480268, -4.900000000000009237 ) ) ;
#1737 = CARTESIAN_POINT ( 'NONE',  ( -4.500000000000001776, 0.000000000000000000, 0.000000000000000000 ) ) ;
#1738 = ORIENTED_EDGE ( 'NONE', *, *, #4158, .F. ) ;
#1739 = CARTESIAN_POINT ( 'NONE',  ( 4.500000000000002665, 4.349484536082479202, -4.299999999999999822 ) ) ;
#1740 = LINE ( 'NONE', #4561, #5930 ) ;
#1741 = EDGE_CURVE ( 'NONE', #297, #21, #8825, .T. ) ;
#1742 = CARTESIAN_POINT ( 'NONE',  ( 1.750000000000000000, -6.400000000000000355, 1.000000000000000000 ) ) ;
#1743 = FACE_OUTER_BOUND ( 'NONE', #954, .T. ) ;
#1744 = VERTEX_POINT ( 'NONE', #5363 ) ;
#1745 = ORIENTED_EDGE ( 'NONE', *, *, #8986, .F. ) ;
#1746 = ADVANCED_FACE ( 'NONE', ( #7430 ), #8106, .T. ) ;
#1747 = VECTOR ( 'NONE', #3069, 1000.000000000000000 ) ;
#1748 = DIRECTION ( 'NONE',  ( -0.000000000000000000, -1.000000000000000000, -0.000000000000000000 ) ) ;
#1749 = CYLINDRICAL_SURFACE ( 'NONE', #7506, 0.2000000000000000944 ) ;
#1750 = ORIENTED_EDGE ( 'NONE', *, *, #1462, .T. ) ;
#1751 = DIRECTION ( 'NONE',  ( 8.850629979473506011E-17, -1.000000000000000000, 0.000000000000000000 ) ) ;
#1752 = LINE ( 'NONE', #7382, #2783 ) ;
#1753 = EDGE_LOOP ( 'NONE', ( #610, #879, #8754, #4563 ) ) ;
#1754 = EDGE_LOOP ( 'NONE', ( #5833, #2854, #8834, #3765 ) ) ;
#1755 = ADVANCED_FACE ( 'NONE', ( #3292 ), #4984, .T. ) ;
#1756 = LINE ( 'NONE', #5272, #1040 ) ;
#1757 = ORIENTED_EDGE ( 'NONE', *, *, #1060, .T. ) ;
#1758 = ORIENTED_EDGE ( 'NONE', *, *, #7499, .F. ) ;
#1759 = VECTOR ( 'NONE', #97, 1000.000000000000000 ) ;
#1760 = PLANE ( 'NONE',  #7095 ) ;
#1761 = CARTESIAN_POINT ( 'NONE',  ( 4.466912950640278268E-14, 0.4500000000000501932, 0.5000000000000000000 ) ) ;
#1762 = DIRECTION ( 'NONE',  ( -0.000000000000000000, -3.469446951953613696E-16, -1.000000000000000000 ) ) ;
#1763 = DIRECTION ( 'NONE',  ( 0.000000000000000000, 0.000000000000000000, 1.000000000000000000 ) ) ;
#1764 = AXIS2_PLACEMENT_3D ( 'NONE', #8962, #3849, #2633 ) ;
#1765 = VERTEX_POINT ( 'NONE', #5582 ) ;
#1766 = ORIENTED_EDGE ( 'NONE', *, *, #7261, .F. ) ;
#1767 = ORIENTED_EDGE ( 'NONE', *, *, #4778, .F. ) ;
#1768 = CARTESIAN_POINT ( 'NONE',  ( -4.500000000000001776, 4.349484536082480091, -4.350361217098086541E-15 ) ) ;
#1769 = EDGE_CURVE ( 'NONE', #439, #8194, #1255, .T. ) ;
#1770 = CIRCLE ( 'NONE', #7949, 0.3500000000000000333 ) ;
#1771 = VECTOR ( 'NONE', #1781, 1000.000000000000000 ) ;
#1772 = DIRECTION ( 'NONE',  ( -1.000000000000000000, 1.606225440719265627E-16, -1.931541112668179645E-15 ) ) ;
#1773 = DIRECTION ( 'NONE',  ( 0.000000000000000000, 1.000000000000000000, 0.000000000000000000 ) ) ;
#1774 = DIRECTION ( 'NONE',  ( 1.000000000000000000, 0.000000000000000000, 0.000000000000000000 ) ) ;
#1775 = ADVANCED_FACE ( 'NONE', ( #3427 ), #2680, .T. ) ;
#1776 = FACE_OUTER_BOUND ( 'NONE', #2730, .T. ) ;
#1777 = CARTESIAN_POINT ( 'NONE',  ( -3.100000000000000977, -0.5505154639175203757, 4.600000000000000533 ) ) ;
#1778 = CIRCLE ( 'NONE', #8566, 0.4000000000000001887 ) ;
#1779 = VECTOR ( 'NONE', #3688, 1000.000000000000000 ) ;
#1780 = ORIENTED_EDGE ( 'NONE', *, *, #4687, .F. ) ;
#1781 = DIRECTION ( 'NONE',  ( -1.000000000000000000, -8.850629979473506011E-17, -0.000000000000000000 ) ) ;
#1782 = DIRECTION ( 'NONE',  ( -0.000000000000000000, -1.000000000000000000, -0.000000000000000000 ) ) ;
#1783 = VERTEX_POINT ( 'NONE', #7700 ) ;
#1784 = LINE ( 'NONE', #3922, #323 ) ;
#1785 = VECTOR ( 'NONE', #718, 1000.000000000000000 ) ;
#1786 = LINE ( 'NONE', #1062, #3576 ) ;
#1787 = AXIS2_PLACEMENT_3D ( 'NONE', #8553, #2226, #4351 ) ;
#1788 = DIRECTION ( 'NONE',  ( -8.850629979473506011E-17, -1.000000000000000000, 0.000000000000000000 ) ) ;
#1789 = EDGE_CURVE ( 'NONE', #3357, #4211, #154, .T. ) ;
#1790 = CARTESIAN_POINT ( 'NONE',  ( 2.500000000000000000, 0.4000000000000000222, 1.300000000000000266 ) ) ;
#1791 = EDGE_LOOP ( 'NONE', ( #6417, #7650, #109, #4935, #8439, #3842, #840, #8814, #5721, #6374, #1940, #1814, #3982, #5325, #1129, #5981, #5545, #7983, #8039, #6705, #244, #5819, #695, #1758, #6219, #8983, #3706, #8126 ) ) ;
#1792 = ORIENTED_EDGE ( 'NONE', *, *, #4492, .F. ) ;
#1793 = VECTOR ( 'NONE', #3579, 1000.000000000000000 ) ;
#1794 = EDGE_CURVE ( 'NONE', #2035, #5260, #613, .T. ) ;
#1795 = LINE ( 'NONE', #3795, #6967 ) ;
#1796 = LINE ( 'NONE', #6546, #5898 ) ;
#1797 = DIRECTION ( 'NONE',  ( 0.000000000000000000, 1.000000000000000000, 0.000000000000000000 ) ) ;
#1798 = ORIENTED_EDGE ( 'NONE', *, *, #1314, .F. ) ;
#1799 = CARTESIAN_POINT ( 'NONE',  ( 4.500000000000002665, 4.049484536082481156, -4.900000000000009237 ) ) ;
#1800 = EDGE_CURVE ( 'NONE', #215, #8205, #6185, .T. ) ;
#1801 = LINE ( 'NONE', #6044, #1033 ) ;
#1802 = VERTEX_POINT ( 'NONE', #3516 ) ;
#1803 = EDGE_CURVE ( 'NONE', #7443, #981, #6876, .T. ) ;
#1804 = CYLINDRICAL_SURFACE ( 'NONE', #6186, 0.6750000000000002665 ) ;
#1805 = CIRCLE ( 'NONE', #2247, 0.6500000000000000222 ) ;
#1806 = EDGE_LOOP ( 'NONE', ( #7266, #5591, #144, #7090 ) ) ;
#1807 = DIRECTION ( 'NONE',  ( -1.606225440719265627E-16, -1.000000000000000000, -3.102490474962827488E-31 ) ) ;
#1808 = CARTESIAN_POINT ( 'NONE',  ( 3.673940397442060361E-16, 8.500000000000000000, 3.000000000000000444 ) ) ;
#1809 = DIRECTION ( 'NONE',  ( -0.000000000000000000, -0.000000000000000000, -1.000000000000000000 ) ) ;
#1810 = DIRECTION ( 'NONE',  ( 1.606225440719265627E-16, 1.000000000000000000, 3.102490474962827488E-31 ) ) ;
#1811 = VECTOR ( 'NONE', #380, 1000.000000000000000 ) ;
#1812 = VERTEX_POINT ( 'NONE', #1982 ) ;
#1813 = ORIENTED_EDGE ( 'NONE', *, *, #4624, .F. ) ;
#1814 = ORIENTED_EDGE ( 'NONE', *, *, #1154, .F. ) ;
#1815 = VERTEX_POINT ( 'NONE', #2075 ) ;
#1816 = DIRECTION ( 'NONE',  ( 0.000000000000000000, 0.000000000000000000, 1.000000000000000000 ) ) ;
#1817 = ORIENTED_EDGE ( 'NONE', *, *, #8066, .F. ) ;
#1818 = LINE ( 'NONE', #1090, #3864 ) ;
#1819 = DIRECTION ( 'NONE',  ( 0.000000000000000000, 0.000000000000000000, 1.000000000000000000 ) ) ;
#1820 = DIRECTION ( 'NONE',  ( -1.000000000000000000, 2.491288438666616105E-16, 0.000000000000000000 ) ) ;
#1821 = ADVANCED_FACE ( 'NONE', ( #4802 ), #3251, .T. ) ;
#1822 = LINE ( 'NONE', #6759, #98 ) ;
#1823 = ORIENTED_EDGE ( 'NONE', *, *, #2958, .T. ) ;
#1824 = EDGE_LOOP ( 'NONE', ( #5232, #6060, #3661, #7690 ) ) ;
#1825 = CARTESIAN_POINT ( 'NONE',  ( 4.500000000000002665, 2.449484536082478847, -4.299999999999999822 ) ) ;
#1826 = CARTESIAN_POINT ( 'NONE',  ( 1.899999999999998801, 3.600000000000003642, 0.1000000000000000056 ) ) ;
#1827 = EDGE_LOOP ( 'NONE', ( #520, #7757, #5613, #3948, #9063, #5737 ) ) ;
#1828 = CARTESIAN_POINT ( 'NONE',  ( 2.500000000000000000, -6.700000000000000178, -1.350000000000000089 ) ) ;
#1829 = CARTESIAN_POINT ( 'NONE',  ( 4.500000000000002665, 4.349484536082479202, 0.000000000000000000 ) ) ;
#1830 = CARTESIAN_POINT ( 'NONE',  ( 4.500000000000002665, 2.849484536082478758, -4.299999999999999822 ) ) ;
#1831 = CARTESIAN_POINT ( 'NONE',  ( 1.479999999999999982, 11.70000000000000462, 0.6999999999999998446 ) ) ;
#1832 = ORIENTED_EDGE ( 'NONE', *, *, #3717, .T. ) ;
#1833 = DIRECTION ( 'NONE',  ( 0.000000000000000000, 0.000000000000000000, 1.000000000000000000 ) ) ;
#1834 = DIRECTION ( 'NONE',  ( 0.4788843252278996987, 0.000000000000000000, -0.8778780114862311246 ) ) ;
#1835 = AXIS2_PLACEMENT_3D ( 'NONE', #3820, #3078, #8099 ) ;
#1836 = CARTESIAN_POINT ( 'NONE',  ( 4.500000000000002665, 2.849484536082478758, -5.300000000000009592 ) ) ;
#1837 = VERTEX_POINT ( 'NONE', #7053 ) ;
#1838 = CARTESIAN_POINT ( 'NONE',  ( 4.500000000000003553, -5.150515463917521686, -4.900000000000008349 ) ) ;
#1839 = EDGE_CURVE ( 'NONE', #6307, #4576, #4424, .T. ) ;
#1840 = CARTESIAN_POINT ( 'NONE',  ( -4.400000000000002132, -5.950000000000000178, 0.000000000000000000 ) ) ;
#1841 = ORIENTED_EDGE ( 'NONE', *, *, #4796, .F. ) ;
#1842 = AXIS2_PLACEMENT_3D ( 'NONE', #5897, #5208, #3925 ) ;
#1843 = CARTESIAN_POINT ( 'NONE',  ( -4.500000000000002665, 4.849484536082480091, 0.4000000000000021871 ) ) ;
#1844 = ADVANCED_FACE ( 'NONE', ( #569 ), #6918, .T. ) ;
#1845 = ORIENTED_EDGE ( 'NONE', *, *, #1140, .F. ) ;
#1846 = CARTESIAN_POINT ( 'NONE',  ( 0.7499999999999997780, -5.549999999999999822, -1.350000000000000089 ) ) ;
#1847 = AXIS2_PLACEMENT_3D ( 'NONE', #8078, #1751, #8025 ) ;
#1848 = DIRECTION ( 'NONE',  ( 1.000000000000000000, -2.491288438666616105E-16, 0.000000000000000000 ) ) ;
#1849 = EDGE_CURVE ( 'NONE', #5095, #7615, #4112, .T. ) ;
#1850 = CARTESIAN_POINT ( 'NONE',  ( 1.980935939680744334E-16, 8.900000000000000355, -8.819695041044892934E-17 ) ) ;
#1851 = LINE ( 'NONE', #6103, #4382 ) ;
#1852 = ORIENTED_EDGE ( 'NONE', *, *, #1556, .F. ) ;
#1853 = EDGE_LOOP ( 'NONE', ( #564, #1162, #4880, #2785 ) ) ;
#1854 = ORIENTED_EDGE ( 'NONE', *, *, #3308, .F. ) ;
#1855 = AXIS2_PLACEMENT_3D ( 'NONE', #8982, #764, #4957 ) ;
#1856 = VECTOR ( 'NONE', #7367, 1000.000000000000000 ) ;
#1857 = DIRECTION ( 'NONE',  ( 1.000000000000000000, 0.000000000000000000, 0.000000000000000000 ) ) ;
#1858 = EDGE_CURVE ( 'NONE', #3933, #2608, #8265, .T. ) ;
#1859 = EDGE_LOOP ( 'NONE', ( #185, #6828 ) ) ;
#1860 = DIRECTION ( 'NONE',  ( 8.850629979473506011E-17, -1.000000000000000000, 0.000000000000000000 ) ) ;
#1861 = CARTESIAN_POINT ( 'NONE',  ( -4.899999999999996803, -2.550515463917520265, -5.900000000000010125 ) ) ;
#1862 = AXIS2_PLACEMENT_3D ( 'NONE', #2513, #5334, #1820 ) ;
#1863 = CARTESIAN_POINT ( 'NONE',  ( 0.000000000000000000, -0.5505154639175203757, 0.4000000000000001887 ) ) ;
#1864 = DIRECTION ( 'NONE',  ( 0.000000000000000000, 0.000000000000000000, -1.000000000000000000 ) ) ;
#1865 = ORIENTED_EDGE ( 'NONE', *, *, #8761, .F. ) ;
#1866 = ORIENTED_EDGE ( 'NONE', *, *, #790, .T. ) ;
#1867 = PLANE ( 'NONE',  #6193 ) ;
#1868 = VECTOR ( 'NONE', #4033, 1000.000000000000000 ) ;
#1869 = DIRECTION ( 'NONE',  ( -0.9999994735200916640, 0.000000000000000000, 0.001026138167772390822 ) ) ;
#1870 = ORIENTED_EDGE ( 'NONE', *, *, #3126, .F. ) ;
#1871 = EDGE_CURVE ( 'NONE', #3264, #6836, #1342, .T. ) ;
#1872 = CARTESIAN_POINT ( 'NONE',  ( 4.500000000000002665, -3.950515463917520620, -4.299999999999999822 ) ) ;
#1873 = DIRECTION ( 'NONE',  ( 0.000000000000000000, 0.000000000000000000, -1.000000000000000000 ) ) ;
#1874 = CYLINDRICAL_SURFACE ( 'NONE', #9029, 0.4000000000000001887 ) ;
#1875 = CARTESIAN_POINT ( 'NONE',  ( 4.500000000000002665, -3.540251991789402774E-17, 0.000000000000000000 ) ) ;
#1876 = CARTESIAN_POINT ( 'NONE',  ( 4.500000000000002665, -3.950515463917521508, -4.299999999999999822 ) ) ;
#1877 = ORIENTED_EDGE ( 'NONE', *, *, #1769, .T. ) ;
#1878 = ORIENTED_EDGE ( 'NONE', *, *, #1128, .T. ) ;
#1879 = FACE_OUTER_BOUND ( 'NONE', #285, .T. ) ;
#1880 = EDGE_CURVE ( 'NONE', #5724, #3573, #2765, .T. ) ;
#1881 = AXIS2_PLACEMENT_3D ( 'NONE', #6656, #3716, #3853 ) ;
#1882 = DIRECTION ( 'NONE',  ( 1.000000000000000000, -1.606225440719265627E-16, 1.931541112668179645E-15 ) ) ;
#1883 = LINE ( 'NONE', #4795, #8581 ) ;
#1884 = EDGE_LOOP ( 'NONE', ( #934, #7478, #5803 ) ) ;
#1885 = DIRECTION ( 'NONE',  ( -0.000000000000000000, -0.000000000000000000, -1.000000000000000000 ) ) ;
#1886 = CARTESIAN_POINT ( 'NONE',  ( 1.899999999999996358, -4.200000000000000178, 0.1000000000000000056 ) ) ;
#1887 = EDGE_CURVE ( 'NONE', #8105, #3846, #8405, .T. ) ;
#1888 = VECTOR ( 'NONE', #2228, 1000.000000000000114 ) ;
#1889 = VERTEX_POINT ( 'NONE', #4198 ) ;
#1890 = ORIENTED_EDGE ( 'NONE', *, *, #1681, .F. ) ;
#1891 = FACE_OUTER_BOUND ( 'NONE', #201, .T. ) ;
#1892 = ADVANCED_FACE ( 'NONE', ( #7009 ), #696, .F. ) ;
#1893 = LINE ( 'NONE', #570, #5748 ) ;
#1894 = AXIS2_PLACEMENT_3D ( 'NONE', #8222, #7521, #1220 ) ;
#1895 = LINE ( 'NONE', #3295, #7557 ) ;
#1896 = LINE ( 'NONE', #354, #4258 ) ;
#1897 = CARTESIAN_POINT ( 'NONE',  ( -4.499999999999986677, 4.049484536082480268, -4.900000000000009237 ) ) ;
#1898 = EDGE_CURVE ( 'NONE', #8371, #1646, #2381, .T. ) ;
#1899 = ORIENTED_EDGE ( 'NONE', *, *, #1069, .T. ) ;
#1900 = ORIENTED_EDGE ( 'NONE', *, *, #1741, .F. ) ;
#1901 = ORIENTED_EDGE ( 'NONE', *, *, #217, .T. ) ;
#1902 = VECTOR ( 'NONE', #2761, 1000.000000000000000 ) ;
#1903 = LINE ( 'NONE', #4723, #7660 ) ;
#1904 = ORIENTED_EDGE ( 'NONE', *, *, #4452, .F. ) ;
#1905 = ADVANCED_FACE ( 'NONE', ( #3826 ), #1644, .F. ) ;
#1906 = CARTESIAN_POINT ( 'NONE',  ( -4.499999999999992895, -3.950515463917520620, -4.300000000000008704 ) ) ;
#1907 = PRESENTATION_LAYER_ASSIGNMENT (  '', '', ( #7793 ) ) ;
#1908 = CARTESIAN_POINT ( 'NONE',  ( -5.259901047426943421, -1.550515463917520487, -9.291887738487545789 ) ) ;
#1909 = ADVANCED_FACE ( 'NONE', ( #8847 ), #7315, .T. ) ;
#1910 = DIRECTION ( 'NONE',  ( -1.000000000000000000, 0.000000000000000000, 0.000000000000000000 ) ) ;
#1911 = ORIENTED_EDGE ( 'NONE', *, *, #401, .F. ) ;
#1912 = LINE ( 'NONE', #6896, #3515 ) ;
#1913 = AXIS2_PLACEMENT_3D ( 'NONE', #2062, #6822, #1333 ) ;
#1914 = AXIS2_PLACEMENT_3D ( 'NONE', #6739, #4029, #3201 ) ;
#1915 = FACE_OUTER_BOUND ( 'NONE', #6760, .T. ) ;
#1916 = CARTESIAN_POINT ( 'NONE',  ( -0.5000000000000018874, 1.540871211463575863, 0.5000000000000000000 ) ) ;
#1917 = SURFACE_SIDE_STYLE ('',( #1191 ) ) ;
#1918 = DIRECTION ( 'NONE',  ( -0.000000000000000000, -1.000000000000000000, -0.000000000000000000 ) ) ;
#1919 = FACE_OUTER_BOUND ( 'NONE', #2771, .T. ) ;
#1920 = LINE ( 'NONE', #8945, #6368 ) ;
#1921 = CARTESIAN_POINT ( 'NONE',  ( -4.836441345419223659, -0.5505154639175205977, -10.20000000000000995 ) ) ;
#1922 = EDGE_CURVE ( 'NONE', #1075, #4700, #2427, .T. ) ;
#1923 = AXIS2_PLACEMENT_3D ( 'NONE', #5154, #6627, #7962 ) ;
#1924 = VECTOR ( 'NONE', #6254, 1000.000000000000000 ) ;
#1925 = CYLINDRICAL_SURFACE ( 'NONE', #8490, 0.5000000000000002220 ) ;
#1926 = ORIENTED_EDGE ( 'NONE', *, *, #882, .F. ) ;
#1927 = ORIENTED_EDGE ( 'NONE', *, *, #7477, .F. ) ;
#1928 = DIRECTION ( 'NONE',  ( 0.000000000000000000, 0.000000000000000000, 1.000000000000000000 ) ) ;
#1929 = EDGE_LOOP ( 'NONE', ( #839, #6105 ) ) ;
#1930 = AXIS2_PLACEMENT_3D ( 'NONE', #7306, #6665, #362 ) ;
#1931 = AXIS2_PLACEMENT_3D ( 'NONE', #2754, #684, #6306 ) ;
#1932 = CARTESIAN_POINT ( 'NONE',  ( 2.600000000000000533, -3.950515463917520620, -4.900000000000010125 ) ) ;
#1933 = CARTESIAN_POINT ( 'NONE',  ( -0.6700000000000001510, 10.90000000000000036, -0.5999999999999998668 ) ) ;
#1934 = ORIENTED_EDGE ( 'NONE', *, *, #7353, .T. ) ;
#1935 = LINE ( 'NONE', #4754, #4508 ) ;
#1936 = FACE_OUTER_BOUND ( 'NONE', #6326, .T. ) ;
#1937 = CIRCLE ( 'NONE', #2089, 3.500000000000000000 ) ;
#1938 = EDGE_CURVE ( 'NONE', #4023, #343, #5292, .T. ) ;
#1939 = VECTOR ( 'NONE', #3112, 1000.000000000000000 ) ;
#1940 = ORIENTED_EDGE ( 'NONE', *, *, #6819, .F. ) ;
#1941 = LINE ( 'NONE', #346, #6623 ) ;
#1942 = LINE ( 'NONE', #4200, #5035 ) ;
#1943 = VECTOR ( 'NONE', #3645, 1000.000000000000000 ) ;
#1944 = FACE_OUTER_BOUND ( 'NONE', #5279, .T. ) ;
#1945 = CARTESIAN_POINT ( 'NONE',  ( 3.261177379365211237, 10.90000000000000036, -0.5047000102205829730 ) ) ;
#1946 = CARTESIAN_POINT ( 'NONE',  ( -3.600000000000001421, -5.950000000000000178, 5.000000000000000000 ) ) ;
#1947 = CYLINDRICAL_SURFACE ( 'NONE', #1145, 0.4000000000000001887 ) ;
#1948 = EDGE_LOOP ( 'NONE', ( #7076, #4520, #6272, #662 ) ) ;
#1949 = ORIENTED_EDGE ( 'NONE', *, *, #4067, .T. ) ;
#1950 = EDGE_LOOP ( 'NONE', ( #3605, #6206, #7131, #6933, #3977, #4186, #437, #4233 ) ) ;
#1951 = ORIENTED_EDGE ( 'NONE', *, *, #1314, .T. ) ;
#1952 = AXIS2_PLACEMENT_3D ( 'NONE', #762, #6475, #2095 ) ;
#1953 = PLANE ( 'NONE',  #1628 ) ;
#1954 = EDGE_CURVE ( 'NONE', #3906, #7189, #6673, .T. ) ;
#1955 = LINE ( 'NONE', #6841, #4890 ) ;
#1956 = AXIS2_PLACEMENT_3D ( 'NONE', #1658, #3192, #4478 ) ;
#1957 = CARTESIAN_POINT ( 'NONE',  ( -0.7967663502707696965, 11.70000000000000462, 1.716269817073340895E-16 ) ) ;
#1958 = CARTESIAN_POINT ( 'NONE',  ( -2.100000000000000089, -6.400000000000000355, -5.750000000000000000 ) ) ;
#1959 = EDGE_CURVE ( 'NONE', #9008, #8461, #2519, .T. ) ;
#1960 = VERTEX_POINT ( 'NONE', #5941 ) ;
#1961 = EDGE_LOOP ( 'NONE', ( #2137, #4078, #4370, #2416 ) ) ;
#1962 = DIRECTION ( 'NONE',  ( 0.000000000000000000, -1.000000000000000000, 0.000000000000000000 ) ) ;
#1963 = DIRECTION ( 'NONE',  ( 0.000000000000000000, 2.168404344971008868E-16, 1.000000000000000000 ) ) ;
#1964 = EDGE_CURVE ( 'NONE', #1264, #7480, #468, .T. ) ;
#1965 = CARTESIAN_POINT ( 'NONE',  ( -3.400000000000001688, 2.950000000000003286, 0.5000000000000000000 ) ) ;
#1966 = CARTESIAN_POINT ( 'NONE',  ( 4.500000000000002665, 1.449484536082478847, -6.400000000000000355 ) ) ;
#1967 = DIRECTION ( 'NONE',  ( 0.000000000000000000, -1.000000000000000000, 0.000000000000000000 ) ) ;
#1968 = CYLINDRICAL_SURFACE ( 'NONE', #4662, 0.3500000000000000333 ) ;
#1969 = EDGE_CURVE ( 'NONE', #8597, #6634, #2912, .T. ) ;
#1970 = DIRECTION ( 'NONE',  ( 1.000000000000000000, 8.850629979473506011E-17, 0.000000000000000000 ) ) ;
#1971 = ORIENTED_EDGE ( 'NONE', *, *, #3126, .T. ) ;
#1972 = CARTESIAN_POINT ( 'NONE',  ( -3.100000000000000977, -0.5505154639175203757, 0.4000000000000001887 ) ) ;
#1973 = ORIENTED_EDGE ( 'NONE', *, *, #3113, .T. ) ;
#1974 = EDGE_CURVE ( 'NONE', #2317, #7189, #5458, .T. ) ;
#1975 = LINE ( 'NONE', #2624, #7070 ) ;
#1976 = LINE ( 'NONE', #2757, #7094 ) ;
#1977 = ORIENTED_EDGE ( 'NONE', *, *, #1887, .T. ) ;
#1978 = DIRECTION ( 'NONE',  ( -0.000000000000000000, -1.000000000000000000, -0.000000000000000000 ) ) ;
#1979 = DIRECTION ( 'NONE',  ( 0.000000000000000000, 0.000000000000000000, -1.000000000000000000 ) ) ;
#1980 = APPLICATION_CONTEXT ( 'automotive_design' ) ;
#1981 = EDGE_LOOP ( 'NONE', ( #5496, #1521, #2369, #8390 ) ) ;
#1982 = CARTESIAN_POINT ( 'NONE',  ( 4.500000000000001776, -2.450515463917521064, 0.4000000000000000777 ) ) ;
#1983 = DIRECTION ( 'NONE',  ( 0.000000000000000000, 0.000000000000000000, 1.000000000000000000 ) ) ;
#1984 = EDGE_CURVE ( 'NONE', #3597, #8685, #3699, .T. ) ;
#1985 = CARTESIAN_POINT ( 'NONE',  ( -3.000000000000000000, -4.750515463917523107, 0.4000000000000000222 ) ) ;
#1986 = LINE ( 'NONE', #8319, #8693 ) ;
#1987 = VECTOR ( 'NONE', #2326, 1000.000000000000000 ) ;
#1988 = CYLINDRICAL_SURFACE ( 'NONE', #8212, 0.4000000000000001887 ) ;
#1989 = ORIENTED_EDGE ( 'NONE', *, *, #8289, .T. ) ;
#1990 = ORIENTED_EDGE ( 'NONE', *, *, #1106, .T. ) ;
#1991 = ORIENTED_EDGE ( 'NONE', *, *, #4335, .F. ) ;
#1992 = CARTESIAN_POINT ( 'NONE',  ( 0.7500000000000000000, 0.4000000000000000222, 1.300000000000000266 ) ) ;
#1993 = ORIENTED_EDGE ( 'NONE', *, *, #4727, .T. ) ;
#1994 = VECTOR ( 'NONE', #4423, 1000.000000000000000 ) ;
#1995 = DIRECTION ( 'NONE',  ( 1.000000000000000000, 0.000000000000000000, 0.000000000000000000 ) ) ;
#1996 = CYLINDRICAL_SURFACE ( 'NONE', #1660, 0.3500000000000000333 ) ;
#1997 = CARTESIAN_POINT ( 'NONE',  ( -1.891663167769254583, 8.900000000000000355, 3.353223890482886826 ) ) ;
#1998 = AXIS2_PLACEMENT_3D ( 'NONE', #1504, #8662, #5104 ) ;
#1999 = SHAPE_REPRESENTATION_RELATIONSHIP ( 'NONE' , 'NONE' ,  #8092, #1112 ) ;
#2000 = VECTOR ( 'NONE', #8710, 1000.000000000000000 ) ;
#2001 = ORIENTED_EDGE ( 'NONE', *, *, #8143, .T. ) ;
#2002 = EDGE_LOOP ( 'NONE', ( #1750, #8276, #8069, #2642 ) ) ;
#2003 = DIRECTION ( 'NONE',  ( 0.6560590289905020578, 0.000000000000000000, 0.7547095802227765660 ) ) ;
#2004 = DIRECTION ( 'NONE',  ( -0.000000000000000000, -1.000000000000000000, -0.000000000000000000 ) ) ;
#2005 = VECTOR ( 'NONE', #3081, 1000.000000000000000 ) ;
#2006 = LINE ( 'NONE', #8335, #8269 ) ;
#2007 = VECTOR ( 'NONE', #6670, 1000.000000000000000 ) ;
#2008 = DIRECTION ( 'NONE',  ( -1.931541112668179645E-15, 1.551245237481413525E-31, 1.000000000000000000 ) ) ;
#2009 = PLANE ( 'NONE',  #7401 ) ;
#2010 = CARTESIAN_POINT ( 'NONE',  ( -2.100000000000000089, -6.700000000000000178, 0.000000000000000000 ) ) ;
#2011 = DIRECTION ( 'NONE',  ( -1.445602896647339163E-16, -1.000000000000000000, 0.000000000000000000 ) ) ;
#2012 = EDGE_CURVE ( 'NONE', #6262, #4417, #3181, .T. ) ;
#2013 = ORIENTED_EDGE ( 'NONE', *, *, #5886, .T. ) ;
#2014 = EDGE_LOOP ( 'NONE', ( #4059, #5317 ) ) ;
#2015 = AXIS2_PLACEMENT_3D ( 'NONE', #3433, #4077, #2593 ) ;
#2016 = CARTESIAN_POINT ( 'NONE',  ( 2.349999999999998312, -3.750000000000000000, 5.599999999999999645 ) ) ;
#2017 = ORIENTED_EDGE ( 'NONE', *, *, #8674, .F. ) ;
#2018 = CARTESIAN_POINT ( 'NONE',  ( 4.900000000000000355, 0.4494845360824787361, -7.399999999999999467 ) ) ;
#2019 = DIRECTION ( 'NONE',  ( 0.000000000000000000, 0.000000000000000000, 1.000000000000000000 ) ) ;
#2020 = ORIENTED_EDGE ( 'NONE', *, *, #8703, .T. ) ;
#2021 = DIRECTION ( 'NONE',  ( 0.000000000000000000, -1.000000000000000000, 0.000000000000000000 ) ) ;
#2022 =( NAMED_UNIT ( * ) SI_UNIT ( $, .STERADIAN. ) SOLID_ANGLE_UNIT ( ) );
#2023 = PRODUCT_DEFINITION_SHAPE ( 'NONE', 'NONE',  #9130 ) ;
#2024 = EDGE_CURVE ( 'NONE', #3584, #8305, #1471, .T. ) ;
#2025 = ORIENTED_EDGE ( 'NONE', *, *, #5790, .T. ) ;
#2026 = ORIENTED_EDGE ( 'NONE', *, *, #8686, .T. ) ;
#2027 = CARTESIAN_POINT ( 'NONE',  ( -3.600000000000001421, -5.150000000000000355, 5.000000000000000000 ) ) ;
#2028 = CARTESIAN_POINT ( 'NONE',  ( 0.8032336497292296151, 10.20000000000000107, -0.8947000102205828753 ) ) ;
#2029 = CARTESIAN_POINT ( 'NONE',  ( 0.4000000000000009104, -6.700000000000000178, 0.000000000000000000 ) ) ;
#2030 = AXIS2_PLACEMENT_3D ( 'NONE', #6210, #7538, #2654 ) ;
#2031 = DIRECTION ( 'NONE',  ( -9.693873272465595811E-47, 1.000000000000000000, 2.123492242164234689E-31 ) ) ;
#2032 = CARTESIAN_POINT ( 'NONE',  ( -1.089941313553887348, -0.05202383709185196686, 0.5000000000000000000 ) ) ;
#2033 = ADVANCED_FACE ( 'NONE', ( #5247 ), #4509, .T. ) ;
#2034 = ORIENTED_EDGE ( 'NONE', *, *, #2667, .F. ) ;
#2035 = VERTEX_POINT ( 'NONE', #7268 ) ;
#2036 = VERTEX_POINT ( 'NONE', #6717 ) ;
#2037 = DIRECTION ( 'NONE',  ( -8.123545521314933250E-47, -3.260780805318072864E-31, 1.000000000000000000 ) ) ;
#2038 = VECTOR ( 'NONE', #4355, 1000.000000000000000 ) ;
#2039 = CARTESIAN_POINT ( 'NONE',  ( 2.500000000000000000, -6.500000000000001776, 1.300000000000000266 ) ) ;
#2040 = DIRECTION ( 'NONE',  ( 1.000000000000000000, 0.000000000000000000, 0.000000000000000000 ) ) ;
#2041 = DIRECTION ( 'NONE',  ( 0.000000000000000000, 0.000000000000000000, 1.000000000000000000 ) ) ;
#2042 = AXIS2_PLACEMENT_3D ( 'NONE', #4076, #2726, #4160 ) ;
#2043 = ORIENTED_EDGE ( 'NONE', *, *, #795, .F. ) ;
#2044 = EDGE_LOOP ( 'NONE', ( #6734, #7143, #1306, #4079, #5400, #4306, #6895, #1445, #5414, #8230 ) ) ;
#2045 = ADVANCED_FACE ( 'NONE', ( #8062 ), #4295, .T. ) ;
#2046 = VERTEX_POINT ( 'NONE', #102 ) ;
#2047 = CARTESIAN_POINT ( 'NONE',  ( -3.000000000000000000, 3.649484536082479469, -1.600000000000000089 ) ) ;
#2048 = PLANE ( 'NONE',  #7370 ) ;
#2049 =( GEOMETRIC_REPRESENTATION_CONTEXT ( 3 ) GLOBAL_UNCERTAINTY_ASSIGNED_CONTEXT ( ( #6138 ) ) GLOBAL_UNIT_ASSIGNED_CONTEXT ( ( #736, #7049, #4381 ) ) REPRESENTATION_CONTEXT ( 'NONE', 'WORKASPACE' ) );
#2050 = LINE ( 'NONE', #6297, #4732 ) ;
#2051 = DIRECTION ( 'NONE',  ( 1.000000000000000000, 0.000000000000000000, 0.000000000000000000 ) ) ;
#2052 = ADVANCED_FACE ( 'NONE', ( #4467 ), #8542, .T. ) ;
#2053 = CARTESIAN_POINT ( 'NONE',  ( -5.236132948075080229, -1.550515463917520487, -8.396377958773982186 ) ) ;
#2054 = DIRECTION ( 'NONE',  ( 1.000000000000000000, 0.000000000000000000, 0.000000000000000000 ) ) ;
#2055 = FACE_OUTER_BOUND ( 'NONE', #7211, .T. ) ;
#2056 = CARTESIAN_POINT ( 'NONE',  ( 0.000000000000000000, 10.20000000000000107, -3.850000000000000089 ) ) ;
#2057 = ORIENTED_EDGE ( 'NONE', *, *, #7236, .T. ) ;
#2058 = VECTOR ( 'NONE', #9021, 1000.000000000000000 ) ;
#2059 = VERTEX_POINT ( 'NONE', #7958 ) ;
#2060 = LINE ( 'NONE', #4374, #8861 ) ;
#2061 = ORIENTED_EDGE ( 'NONE', *, *, #4784, .F. ) ;
#2062 = CARTESIAN_POINT ( 'NONE',  ( 0.4999999999999982792, -0.05000000000000062034, 0.5000000000000000000 ) ) ;
#2063 = ADVANCED_FACE ( 'N', ( #1915 ), #1867, .F. ) ;
#2064 = VECTOR ( 'NONE', #8862, 1000.000000000000000 ) ;
#2065 = CARTESIAN_POINT ( 'NONE',  ( -4.899999999999997691, -5.150515463917521686, -4.900000000000009237 ) ) ;
#2066 = AXIS2_PLACEMENT_3D ( 'NONE', #8763, #3606, #3918 ) ;
#2067 = ORIENTED_EDGE ( 'NONE', *, *, #1406, .T. ) ;
#2068 = PLANE ( 'NONE',  #2146 ) ;
#2069 = UNCERTAINTY_MEASURE_WITH_UNIT (LENGTH_MEASURE( 1.000000000000000082E-05 ), #4001, 'distance_accuracy_value', 'NONE');
#2070 = DIRECTION ( 'NONE',  ( 0.000000000000000000, 0.000000000000000000, -1.000000000000000000 ) ) ;
#2071 = EDGE_CURVE ( 'NONE', #4499, #4168, #1319, .T. ) ;
#2072 = ORIENTED_EDGE ( 'NONE', *, *, #4627, .T. ) ;
#2073 = ORIENTED_EDGE ( 'NONE', *, *, #1120, .T. ) ;
#2074 = CIRCLE ( 'NONE', #6349, 0.3500000000000000333 ) ;
#2075 = CARTESIAN_POINT ( 'NONE',  ( 3.599999999999999645, -5.949999999999998401, 5.000000000000000000 ) ) ;
#2076 =( BOUNDED_CURVE ( )  B_SPLINE_CURVE ( 3, ( #2740, #5651, #9032, #2842 ),
 .UNSPECIFIED., .F., .T. ) 
 B_SPLINE_CURVE_WITH_KNOTS ( ( 4, 4 ),
 ( 1.570796326794898112, 4.712388980384689674 ),
 .UNSPECIFIED. ) 
 CURVE ( )  GEOMETRIC_REPRESENTATION_ITEM ( )  RATIONAL_B_SPLINE_CURVE ( ( 1.000000000000000000, 0.3333333333333339810, 0.3333333333333339810, 1.000000000000000000 ) ) 
 REPRESENTATION_ITEM ( '' )  );
#2077 = DIRECTION ( 'NONE',  ( -0.000000000000000000, -1.000000000000000000, -0.000000000000000000 ) ) ;
#2078 = EDGE_CURVE ( 'NONE', #4642, #3504, #1237, .T. ) ;
#2079 = ORIENTED_EDGE ( 'NONE', *, *, #5050, .F. ) ;
#2080 = DIRECTION ( 'NONE',  ( 8.850629979473506011E-17, -1.000000000000000000, -1.734723475976806848E-16 ) ) ;
#2081 = TOROIDAL_SURFACE ( 'NONE', #3416, 0.1500000000000000777, 0.2000000000000011768 ) ;
#2082 = VECTOR ( 'NONE', #461, 1000.000000000000000 ) ;
#2083 = CARTESIAN_POINT ( 'NONE',  ( -4.911598099521928162, -1.550515463917520487, -9.101887738487548063 ) ) ;
#2084 = DIRECTION ( 'NONE',  ( -0.000000000000000000, -0.000000000000000000, -1.000000000000000000 ) ) ;
#2085 = ADVANCED_FACE ( 'NONE', ( #547 ), #8940, .F. ) ;
#2086 = VERTEX_POINT ( 'NONE', #3452 ) ;
#2087 = ORIENTED_EDGE ( 'NONE', *, *, #3585, .T. ) ;
#2088 = DIRECTION ( 'NONE',  ( 1.000000000000000000, 1.495451272393799296E-16, 0.000000000000000000 ) ) ;
#2089 = AXIS2_PLACEMENT_3D ( 'NONE', #1580, #846, #6040 ) ;
#2090 = ORIENTED_EDGE ( 'NONE', *, *, #9034, .F. ) ;
#2091 = FACE_OUTER_BOUND ( 'NONE', #8883, .T. ) ;
#2092 = EDGE_CURVE ( 'NONE', #6664, #2566, #4736, .T. ) ;
#2093 = CARTESIAN_POINT ( 'NONE',  ( 4.900000000000000355, 4.049484536082479380, -4.299999999999999822 ) ) ;
#2094 = EDGE_CURVE ( 'NONE', #9072, #1744, #3360, .T. ) ;
#2095 = DIRECTION ( 'NONE',  ( 0.000000000000000000, 0.000000000000000000, -1.000000000000000000 ) ) ;
#2096 = CARTESIAN_POINT ( 'NONE',  ( 2.324999999999999734, -4.750515463917523107, 0.000000000000000000 ) ) ;
#2097 = AXIS2_PLACEMENT_3D ( 'NONE', #4285, #920, #1600 ) ;
#2098 = DIRECTION ( 'NONE',  ( 0.000000000000000000, 0.000000000000000000, 1.000000000000000000 ) ) ;
#2099 = EDGE_LOOP ( 'NONE', ( #8348, #876, #2505, #8493 ) ) ;
#2100 = EDGE_LOOP ( 'NONE', ( #5150, #7932, #9117, #3267, #33, #3095, #704, #6399 ) ) ;
#2101 = CARTESIAN_POINT ( 'NONE',  ( -2.324999999999999734, 3.649484536082479469, 0.4000000000000000222 ) ) ;
#2102 = VECTOR ( 'NONE', #5375, 1000.000000000000000 ) ;
#2103 = CARTESIAN_POINT ( 'NONE',  ( 1.479999999999999982, 11.50000000000000000, 0.8499999999999999778 ) ) ;
#2104 = ADVANCED_FACE ( 'NONE', ( #4779 ), #3269, .F. ) ;
#2105 = CARTESIAN_POINT ( 'NONE',  ( -4.400000000000002132, -5.150000000000000355, 0.000000000000000000 ) ) ;
#2106 = CARTESIAN_POINT ( 'NONE',  ( -0.006290684479731949857, 10.20000000000000107, 0.008155582768842546681 ) ) ;
#2107 = CARTESIAN_POINT ( 'NONE',  ( 5.598656062889754814, -1.550515463917522041, -8.565425263470256567 ) ) ;
#2108 = DIRECTION ( 'NONE',  ( 0.000000000000000000, 0.000000000000000000, 1.000000000000000000 ) ) ;
#2109 = VECTOR ( 'NONE', #4400, 1000.000000000000000 ) ;
#2110 = VERTEX_POINT ( 'NONE', #460 ) ;
#2111 = ORIENTED_EDGE ( 'NONE', *, *, #6696, .T. ) ;
#2112 = DIRECTION ( 'NONE',  ( 0.000000000000000000, 0.000000000000000000, 1.000000000000000000 ) ) ;
#2113 = VERTEX_POINT ( 'NONE', #4822 ) ;
#2114 = CARTESIAN_POINT ( 'NONE',  ( -3.650000000000001688, -3.750000000000000000, 5.599999999999999645 ) ) ;
#2115 = DIRECTION ( 'NONE',  ( 1.232047923278982446E-16, 0.000000000000000000, -1.000000000000000000 ) ) ;
#2116 = VERTEX_POINT ( 'NONE', #9075 ) ;
#2117 = DIRECTION ( 'NONE',  ( -1.000000000000000000, 2.491288438666612654E-16, 0.000000000000000000 ) ) ;
#2118 = CARTESIAN_POINT ( 'NONE',  ( 0.000000000000000000, 6.000000000000000000, 0.000000000000000000 ) ) ;
#2119 = ORIENTED_EDGE ( 'NONE', *, *, #6806, .F. ) ;
#2120 = ADVANCED_FACE ( 'NONE', ( #9033 ), #5514, .F. ) ;
#2121 = ADVANCED_FACE ( 'NONE', ( #7582 ), #5340, .T. ) ;
#2122 = VERTEX_POINT ( 'NONE', #8334 ) ;
#2123 = CARTESIAN_POINT ( 'NONE',  ( 4.500000000000002665, 3.982783490763078137E-16, 0.000000000000000000 ) ) ;
#2124 = CARTESIAN_POINT ( 'NONE',  ( 0.000000000000000000, 13.19999999999999929, 0.000000000000000000 ) ) ;
#2125 = EDGE_CURVE ( 'NONE', #5800, #8984, #8156, .T. ) ;
#2126 = EDGE_LOOP ( 'NONE', ( #6184, #7270, #1823, #4425 ) ) ;
#2127 = DIRECTION ( 'NONE',  ( -1.000000000000000000, 2.710505431213759606E-16, 0.000000000000000000 ) ) ;
#2128 = DIRECTION ( 'NONE',  ( 0.000000000000000000, 0.000000000000000000, 1.000000000000000000 ) ) ;
#2129 = DIRECTION ( 'NONE',  ( -0.000000000000000000, -0.000000000000000000, -1.000000000000000000 ) ) ;
#2130 = ORIENTED_EDGE ( 'NONE', *, *, #7110, .T. ) ;
#2131 = VERTEX_POINT ( 'NONE', #1825 ) ;
#2132 = SHAPE_REPRESENTATION ( 'PT01_15D_SHAFT', ( #3347 ), #7601 ) ;
#2133 = EDGE_CURVE ( 'NONE', #3461, #5487, #4046, .T. ) ;
#2134 = ORIENTED_EDGE ( 'NONE', *, *, #5066, .F. ) ;
#2135 = EDGE_LOOP ( 'NONE', ( #8750, #7985, #6155, #1186 ) ) ;
#2136 = DIRECTION ( 'NONE',  ( 0.000000000000000000, 0.000000000000000000, 1.000000000000000000 ) ) ;
#2137 = ORIENTED_EDGE ( 'NONE', *, *, #2532, .T. ) ;
#2138 = DIRECTION ( 'NONE',  ( 0.000000000000000000, 0.000000000000000000, 1.000000000000000000 ) ) ;
#2139 = EDGE_CURVE ( 'NONE', #2445, #5404, #8195, .T. ) ;
#2140 = DIRECTION ( 'NONE',  ( -0.000000000000000000, -0.000000000000000000, -1.000000000000000000 ) ) ;
#2141 = VECTOR ( 'NONE', #4806, 1000.000000000000000 ) ;
#2142 = CARTESIAN_POINT ( 'NONE',  ( -4.499999999999990230, 1.449484536082479513, -5.900000000000009237 ) ) ;
#2143 = CARTESIAN_POINT ( 'NONE',  ( 2.598076211352134290, 0.5000000000002244871, 1.500000000000222933 ) ) ;
#2144 = ADVANCED_FACE ( 'NONE', ( #7452 ), #5381, .F. ) ;
#2145 = ORIENTED_EDGE ( 'NONE', *, *, #3739, .F. ) ;
#2146 = AXIS2_PLACEMENT_3D ( 'NONE', #5808, #2162, #7047 ) ;
#2147 = CARTESIAN_POINT ( 'NONE',  ( -4.500000000000003553, -5.450515463917522396, 0.000000000000000000 ) ) ;
#2148 = CARTESIAN_POINT ( 'NONE',  ( 3.250000000000000888, -5.549999999999999822, 1.000000000000000000 ) ) ;
#2149 = CARTESIAN_POINT ( 'NONE',  ( -4.900000000000000355, 4.349484536082479202, -4.300000000000009592 ) ) ;
#2150 = VECTOR ( 'NONE', #4507, 1000.000000000000000 ) ;
#2151 = STYLED_ITEM ( 'NONE', ( #5346 ), #7397 ) ;
#2152 = DIRECTION ( 'NONE',  ( 1.000000000000000000, -1.308519863344574291E-16, 0.000000000000000000 ) ) ;
#2153 = FACE_OUTER_BOUND ( 'NONE', #6, .T. ) ;
#2154 = ORIENTED_EDGE ( 'NONE', *, *, #3001, .T. ) ;
#2155 = EDGE_CURVE ( 'NONE', #7061, #5958, #6211, .T. ) ;
#2156 = VECTOR ( 'NONE', #9114, 1000.000000000000000 ) ;
#2157 = DIRECTION ( 'NONE',  ( 1.000000000000000000, 0.000000000000000000, 0.000000000000000000 ) ) ;
#2158 = ORIENTED_EDGE ( 'NONE', *, *, #2285, .F. ) ;
#2159 = CARTESIAN_POINT ( 'NONE',  ( 4.900000000000001243, 4.336808689942018722E-16, 0.000000000000000000 ) ) ;
#2160 = FACE_OUTER_BOUND ( 'NONE', #4189, .T. ) ;
#2161 = EDGE_LOOP ( 'NONE', ( #8343, #5338, #2264, #1141, #4196 ) ) ;
#2162 = DIRECTION ( 'NONE',  ( -8.850629979473506011E-17, 1.000000000000000000, 7.228014483236699514E-16 ) ) ;
#2163 = DIRECTION ( 'NONE',  ( 0.000000000000000000, 0.000000000000000000, -1.000000000000000000 ) ) ;
#2164 = AXIS2_PLACEMENT_3D ( 'NONE', #5041, #3144, #8812 ) ;
#2165 = ORIENTED_EDGE ( 'NONE', *, *, #4522, .T. ) ;
#2166 = EDGE_CURVE ( 'NONE', #8643, #7699, #4133, .T. ) ;
#2167 = DIRECTION ( 'NONE',  ( 0.000000000000000000, 0.000000000000000000, -1.000000000000000000 ) ) ;
#2168 = LINE ( 'NONE', #103, #8557 ) ;
#2169 = VECTOR ( 'NONE', #8071, 1000.000000000000000 ) ;
#2170 = EDGE_LOOP ( 'NONE', ( #281, #4710, #4992, #5281, #543 ) ) ;
#2171 = ADVANCED_FACE ( 'NONE', ( #2610 ), #2048, .T. ) ;
#2172 = CARTESIAN_POINT ( 'NONE',  ( -0.5000000000000017764, 0.9500000000000040634, 0.5000000000000000000 ) ) ;
#2173 = CARTESIAN_POINT ( 'NONE',  ( -3.400000000000003020, -0.05202383709185157135, 0.5000000000000000000 ) ) ;
#2174 = CARTESIAN_POINT ( 'NONE',  ( 4.500000000000003553, -5.950515463917520620, 8.673617379884035472E-15 ) ) ;
#2175 = ORIENTED_EDGE ( 'NONE', *, *, #6285, .F. ) ;
#2176 = ORIENTED_EDGE ( 'NONE', *, *, #5011, .F. ) ;
#2177 = VERTEX_POINT ( 'NONE', #4868 ) ;
#2178 = EDGE_LOOP ( 'NONE', ( #745, #1422, #750, #2585 ) ) ;
#2179 = DIRECTION ( 'NONE',  ( 1.000000000000000000, 0.000000000000000000, 0.000000000000000000 ) ) ;
#2180 = ORIENTED_EDGE ( 'NONE', *, *, #2848, .T. ) ;
#2181 = DIRECTION ( 'NONE',  ( -0.000000000000000000, -0.000000000000000000, -1.000000000000000000 ) ) ;
#2182 = DIRECTION ( 'NONE',  ( 0.000000000000000000, 0.000000000000000000, 1.000000000000000000 ) ) ;
#2183 = EDGE_CURVE ( 'NONE', #1607, #7998, #3259, .T. ) ;
#2184 = FACE_OUTER_BOUND ( 'NONE', #2875, .T. ) ;
#2185 = CARTESIAN_POINT ( 'NONE',  ( 3.399999999999998135, -0.05000000000000100198, 0.5000000000000000000 ) ) ;
#2186 =( LENGTH_UNIT ( ) NAMED_UNIT ( * ) SI_UNIT ( .MILLI., .METRE. ) );
#2187 = ORIENTED_EDGE ( 'NONE', *, *, #1348, .F. ) ;
#2188 = CIRCLE ( 'NONE', #8531, 3.300000000000000266 ) ;
#2189 = EDGE_CURVE ( 'NONE', #3111, #994, #8559, .T. ) ;
#2190 = CARTESIAN_POINT ( 'NONE',  ( -4.836441345419223659, -0.5505154639175205977, -10.20000000000000995 ) ) ;
#2191 = CARTESIAN_POINT ( 'NONE',  ( -1.090871211463572132, 0.9500000000000040634, 0.000000000000000000 ) ) ;
#2192 = EDGE_CURVE ( 'NONE', #1447, #6664, #3908, .T. ) ;
#2193 = CARTESIAN_POINT ( 'NONE',  ( 4.900000000000000355, -1.550515463917522041, -7.399999999999999467 ) ) ;
#2194 = DIRECTION ( 'NONE',  ( 0.000000000000000000, 1.000000000000000000, 0.000000000000000000 ) ) ;
#2195 = VECTOR ( 'NONE', #7286, 1000.000000000000000 ) ;
#2196 = LINE ( 'NONE', #909, #6130 ) ;
#2197 = DIRECTION ( 'NONE',  ( 0.000000000000000000, 0.000000000000000000, -1.000000000000000000 ) ) ;
#2198 = ORIENTED_EDGE ( 'NONE', *, *, #8007, .T. ) ;
#2199 = COLOUR_RGB ( '',0.7921568627450980005, 0.8196078431372548767, 0.9333333333333333481 ) ;
#2200 = PLANE ( 'NONE',  #4733 ) ;
#2201 = VERTEX_POINT ( 'NONE', #2555 ) ;
#2202 = LINE ( 'NONE', #2856, #3265 ) ;
#2203 = ADVANCED_FACE ( 'NONE', ( #2644, #1132, #1177, #6063, #8184, #8228 ), #3302, .F. ) ;
#2204 = DIRECTION ( 'NONE',  ( 1.000000000000000000, 0.000000000000000000, 0.000000000000000000 ) ) ;
#2205 = ORIENTED_EDGE ( 'NONE', *, *, #5429, .T. ) ;
#2206 = CARTESIAN_POINT ( 'NONE',  ( -2.598076211352192910, 0.5000000000003255174, 1.500000000000322631 ) ) ;
#2207 = VECTOR ( 'NONE', #3335, 1000.000000000000000 ) ;
#2208 = ORIENTED_EDGE ( 'NONE', *, *, #3088, .T. ) ;
#2209 = ORIENTED_EDGE ( 'NONE', *, *, #1400, .T. ) ;
#2210 = CARTESIAN_POINT ( 'NONE',  ( 0.0008203932499369634770, 11.70000000000000462, 4.781147327278692800E-17 ) ) ;
#2211 = CIRCLE ( 'NONE', #2508, 1.200000000000061240 ) ;
#2212 = VECTOR ( 'NONE', #5201, 1000.000000000000000 ) ;
#2213 = LINE ( 'NONE', #7105, #8704 ) ;
#2214 = DIRECTION ( 'NONE',  ( 1.000000000000000000, 0.000000000000000000, 0.000000000000000000 ) ) ;
#2215 = ADVANCED_FACE ( 'NONE', ( #407 ), #5282, .F. ) ;
#2216 = FILL_AREA_STYLE ('',( #150 ) ) ;
#2217 = PLANE ( 'NONE',  #2164 ) ;
#2218 = AXIS2_PLACEMENT_3D ( 'NONE', #3598, #7736, #6400 ) ;
#2219 = ORIENTED_EDGE ( 'NONE', *, *, #631, .F. ) ;
#2220 = AXIS2_PLACEMENT_3D ( 'NONE', #4832, #1201, #7639 ) ;
#2221 = ORIENTED_EDGE ( 'NONE', *, *, #3981, .F. ) ;
#2222 = ORIENTED_EDGE ( 'NONE', *, *, #5526, .T. ) ;
#2223 = VERTEX_POINT ( 'NONE', #496 ) ;
#2224 = VERTEX_POINT ( 'NONE', #8974 ) ;
#2225 = FACE_OUTER_BOUND ( 'NONE', #914, .T. ) ;
#2226 = DIRECTION ( 'NONE',  ( -1.000000000000000000, 0.000000000000000000, 0.000000000000000000 ) ) ;
#2227 = CARTESIAN_POINT ( 'NONE',  ( 0.000000000000000000, -6.700000000000000178, -1.350000000000000089 ) ) ;
#2228 = DIRECTION ( 'NONE',  ( 0.9999994735200916640, 0.000000000000000000, -0.001026138167772390605 ) ) ;
#2229 = LINE ( 'NONE', #3487, #4321 ) ;
#2230 = DIRECTION ( 'NONE',  ( -2.551063935260010491E-16, 1.000000000000000000, 0.000000000000000000 ) ) ;
#2231 = DIRECTION ( 'NONE',  ( 0.000000000000000000, 0.000000000000000000, -1.000000000000000000 ) ) ;
#2232 = APPLICATION_PROTOCOL_DEFINITION ( 'draft international standard', 'automotive_design', 1998, #4864 ) ;
#2233 = ORIENTED_EDGE ( 'NONE', *, *, #477, .T. ) ;
#2234 = EDGE_LOOP ( 'NONE', ( #671, #4720, #5420, #6312, #4711, #8275, #503 ) ) ;
#2235 = VECTOR ( 'NONE', #4352, 1000.000000000000000 ) ;
#2236 = DIRECTION ( 'NONE',  ( -1.000000000000000000, 0.000000000000000000, 0.000000000000000000 ) ) ;
#2237 = EDGE_CURVE ( 'NONE', #152, #4057, #2460, .T. ) ;
#2238 = CARTESIAN_POINT ( 'NONE',  ( -4.499999999999989342, -1.550515463917520709, -5.800000000000008704 ) ) ;
#2239 = VECTOR ( 'NONE', #4695, 1000.000000000000000 ) ;
#2240 = DIRECTION ( 'NONE',  ( -2.491288438666616105E-16, -1.000000000000000000, -3.260780805318072426E-31 ) ) ;
#2241 = DIRECTION ( 'NONE',  ( 0.5147285590694861135, 0.000000000000000000, 0.8573532005412066725 ) ) ;
#2242 = EDGE_CURVE ( 'NONE', #4391, #6661, #5168, .T. ) ;
#2243 = CARTESIAN_POINT ( 'NONE',  ( 0.003233649729229023419, 8.500000000000000000, 3.151279358214723825 ) ) ;
#2244 = LINE ( 'NONE', #7913, #6444 ) ;
#2245 = ORIENTED_EDGE ( 'NONE', *, *, #8424, .F. ) ;
#2246 = EDGE_CURVE ( 'NONE', #7328, #4023, #6490, .T. ) ;
#2247 = AXIS2_PLACEMENT_3D ( 'NONE', #8758, #3129, #3730 ) ;
#2248 = PLANE ( 'NONE',  #7520 ) ;
#2249 = ORIENTED_EDGE ( 'NONE', *, *, #8515, .T. ) ;
#2250 = CARTESIAN_POINT ( 'NONE',  ( -4.499999999999991118, 4.049484536082480268, -4.300000000000008704 ) ) ;
#2251 = DIRECTION ( 'NONE',  ( 5.041199799583521861E-17, -1.000000000000000000, 4.382248128459732497E-17 ) ) ;
#2252 = DIRECTION ( 'NONE',  ( 0.000000000000000000, 0.000000000000000000, 1.000000000000000000 ) ) ;
#2253 = EDGE_CURVE ( 'NONE', #2289, #2110, #1903, .T. ) ;
#2254 = LINE ( 'NONE', #8161, #4655 ) ;
#2255 = VECTOR ( 'NONE', #4566, 1000.000000000000000 ) ;
#2256 = FACE_OUTER_BOUND ( 'NONE', #99, .T. ) ;
#2257 = ORIENTED_EDGE ( 'NONE', *, *, #2444, .T. ) ;
#2258 = VERTEX_POINT ( 'NONE', #3349 ) ;
#2259 = EDGE_CURVE ( 'NONE', #8878, #8077, #1197, .T. ) ;
#2260 = FACE_OUTER_BOUND ( 'NONE', #6194, .T. ) ;
#2261 = PLANE ( 'NONE',  #963 ) ;
#2262 = LINE ( 'NONE', #796, #3829 ) ;
#2263 = ORIENTED_EDGE ( 'NONE', *, *, #7923, .T. ) ;
#2264 = ORIENTED_EDGE ( 'NONE', *, *, #170, .F. ) ;
#2265 = ORIENTED_EDGE ( 'NONE', *, *, #2370, .F. ) ;
#2266 = EDGE_CURVE ( 'NONE', #3649, #4948, #6108, .T. ) ;
#2267 = ORIENTED_EDGE ( 'NONE', *, *, #3204, .F. ) ;
#2268 = CARTESIAN_POINT ( 'NONE',  ( -4.500000000000001776, 4.349484536082479202, 0.4000000000000000222 ) ) ;
#2269 = ADVANCED_FACE ( 'NONE', ( #8097 ), #1953, .T. ) ;
#2270 = DIRECTION ( 'NONE',  ( 0.000000000000000000, -1.000000000000000000, 0.000000000000000000 ) ) ;
#2271 = CYLINDRICAL_SURFACE ( 'NONE', #186, 0.6750000000000002665 ) ;
#2272 = CYLINDRICAL_SURFACE ( 'NONE', #441, 0.5000000000000004441 ) ;
#2273 = PLANE ( 'NONE',  #4910 ) ;
#2274 = LINE ( 'NONE', #3625, #6461 ) ;
#2275 = DIRECTION ( 'NONE',  ( -1.000000000000000000, 0.000000000000000000, 0.000000000000000000 ) ) ;
#2276 = CARTESIAN_POINT ( 'NONE',  ( 2.598076211353317344, 8.500000000000000000, 1.499999999999999556 ) ) ;
#2277 = VERTEX_POINT ( 'NONE', #1768 ) ;
#2278 = ORIENTED_EDGE ( 'NONE', *, *, #3570, .T. ) ;
#2279 = FACE_OUTER_BOUND ( 'NONE', #6304, .T. ) ;
#2280 = ADVANCED_FACE ( 'NONE', ( #7526 ), #4081, .T. ) ;
#2281 = DIRECTION ( 'NONE',  ( -0.5142627263715358055, 0.000000000000000000, 0.8576327000907292275 ) ) ;
#2282 = LINE ( 'NONE', #83, #3319 ) ;
#2283 = PLANE ( 'NONE',  #2998 ) ;
#2284 = CARTESIAN_POINT ( 'NONE',  ( -1.734723475976807094E-15, 0.4500000000000040079, 1.800000000000000488 ) ) ;
#2285 = EDGE_CURVE ( 'NONE', #439, #2289, #6015, .T. ) ;
#2286 = LINE ( 'NONE', #130, #6860 ) ;
#2287 = AXIS2_PLACEMENT_3D ( 'NONE', #7952, #1773, #4597 ) ;
#2288 = ORIENTED_EDGE ( 'NONE', *, *, #7122, .T. ) ;
#2289 = VERTEX_POINT ( 'NONE', #5327 ) ;
#2290 = FACE_OUTER_BOUND ( 'NONE', #1884, .T. ) ;
#2291 = ORIENTED_EDGE ( 'NONE', *, *, #7733, .F. ) ;
#2292 = CARTESIAN_POINT ( 'NONE',  ( 1.370000000000000329, 8.900000000000000355, 3.349876971653937829 ) ) ;
#2293 = TOROIDAL_SURFACE ( 'NONE', #1269, 0.1500000000000000777, 0.2000000000000011768 ) ;
#2294 = CARTESIAN_POINT ( 'NONE',  ( 4.500000000000002665, 1.449484536082478625, -5.800000000000000711 ) ) ;
#2295 = FACE_OUTER_BOUND ( 'NONE', #2762, .T. ) ;
#2296 = ORIENTED_EDGE ( 'NONE', *, *, #7323, .T. ) ;
#2297 = LINE ( 'NONE', #8627, #5098 ) ;
#2298 = ADVANCED_FACE ( 'NONE', ( #8145 ), #4635, .F. ) ;
#2299 = FILL_AREA_STYLE ('',( #787 ) ) ;
#2300 = EDGE_LOOP ( 'NONE', ( #43, #5213 ) ) ;
#2301 = EDGE_CURVE ( 'NONE', #1633, #7400, #2663, .T. ) ;
#2302 = ORIENTED_EDGE ( 'NONE', *, *, #71, .T. ) ;
#2303 = AXIS2_PLACEMENT_3D ( 'NONE', #4922, #3543, #1503 ) ;
#2304 = ORIENTED_EDGE ( 'NONE', *, *, #8166, .T. ) ;
#2305 = EDGE_CURVE ( 'NONE', #4833, #6986, #7462, .T. ) ;
#2306 = CARTESIAN_POINT ( 'NONE',  ( 4.900000000000001243, -1.550515463917521597, 0.4000000000000000222 ) ) ;
#2307 = FACE_OUTER_BOUND ( 'NONE', #5857, .T. ) ;
#2308 = ORIENTED_EDGE ( 'NONE', *, *, #7881, .F. ) ;
#2309 = VECTOR ( 'NONE', #8374, 1000.000000000000000 ) ;
#2310 = CARTESIAN_POINT ( 'NONE',  ( -4.500000000000003553, -5.950515463917520620, -2.168404344971008868E-15 ) ) ;
#2311 = ADVANCED_FACE ( 'NONE', ( #3974 ), #3369, .T. ) ;
#2312 = ORIENTED_EDGE ( 'NONE', *, *, #7820, .T. ) ;
#2313 = VERTEX_POINT ( 'NONE', #8208 ) ;
#2314 = ORIENTED_EDGE ( 'NONE', *, *, #2024, .T. ) ;
#2315 = CIRCLE ( 'NONE', #5855, 0.2000000000000011768 ) ;
#2316 = LINE ( 'NONE', #300, #7801 ) ;
#2317 = VERTEX_POINT ( 'NONE', #1155 ) ;
#2318 = CARTESIAN_POINT ( 'NONE',  ( -4.500000000000002665, 4.049484536082480268, -5.300000000000009592 ) ) ;
#2319 = CARTESIAN_POINT ( 'NONE',  ( 7.347880794884120229E-17, 13.00000000000000355, 0.6000000000000001998 ) ) ;
#2320 = ADVANCED_FACE ( 'NONE', ( #6774 ), #4145, .F. ) ;
#2321 = FACE_OUTER_BOUND ( 'NONE', #1434, .T. ) ;
#2322 = DIRECTION ( 'NONE',  ( -0.000000000000000000, -1.000000000000000000, -0.000000000000000000 ) ) ;
#2323 = CARTESIAN_POINT ( 'NONE',  ( -0.5000000000000015543, 2.950000000000003730, 0.5000000000000000000 ) ) ;
#2324 = ORIENTED_EDGE ( 'NONE', *, *, #9017, .T. ) ;
#2325 = PLANE ( 'NONE',  #6941 ) ;
#2326 = DIRECTION ( 'NONE',  ( -1.606225440719265627E-16, -1.000000000000000000, -3.102490474962827488E-31 ) ) ;
#2327 = LINE ( 'NONE', #8660, #1078 ) ;
#2328 = DIRECTION ( 'NONE',  ( -1.000000000000000000, 0.000000000000000000, 0.000000000000000000 ) ) ;
#2329 = ADVANCED_FACE ( 'NONE', ( #6957 ), #8304, .T. ) ;
#2330 = AXIS2_PLACEMENT_3D ( 'NONE', #5781, #7992, #5136 ) ;
#2331 = CARTESIAN_POINT ( 'NONE',  ( 4.500000000000002665, 0.4494845360824784586, -5.800000000000000711 ) ) ;
#2332 = DIRECTION ( 'NONE',  ( -0.000000000000000000, -0.000000000000000000, -1.000000000000000000 ) ) ;
#2333 = ORIENTED_EDGE ( 'NONE', *, *, #3604, .F. ) ;
#2334 = VECTOR ( 'NONE', #7120, 1000.000000000000000 ) ;
#2335 = LINE ( 'NONE', #3184, #2517 ) ;
#2336 = CARTESIAN_POINT ( 'NONE',  ( 0.7500000000000001110, -6.699999999999999289, -1.349999999999999867 ) ) ;
#2337 = CARTESIAN_POINT ( 'NONE',  ( -2.500000000000000000, -6.700000000000000178, -1.350000000000000089 ) ) ;
#2338 = CARTESIAN_POINT ( 'NONE',  ( 3.250000000000001332, -6.700000000000000178, 1.100000000000000089 ) ) ;
#2339 = ORIENTED_EDGE ( 'NONE', *, *, #1440, .T. ) ;
#2340 = VECTOR ( 'NONE', #2128, 1000.000000000000000 ) ;
#2341 = EDGE_LOOP ( 'NONE', ( #78, #4456, #8445, #8655 ) ) ;
#2342 = DIRECTION ( 'NONE',  ( -1.000000000000000000, 0.000000000000000000, 0.000000000000000000 ) ) ;
#2343 = EDGE_CURVE ( 'NONE', #664, #1783, #5352, .T. ) ;
#2344 = CARTESIAN_POINT ( 'NONE',  ( 2.600000000000000533, -2.035644895278906395E-16, 0.000000000000000000 ) ) ;
#2345 = VECTOR ( 'NONE', #7741, 1000.000000000000000 ) ;
#2346 = ORIENTED_EDGE ( 'NONE', *, *, #8575, .T. ) ;
#2347 = CARTESIAN_POINT ( 'NONE',  ( 5.538016780164206843, -1.550515463917522041, -8.133954347177770217 ) ) ;
#2348 = ADVANCED_FACE ( 'NONE', ( #1879 ), #3235, .F. ) ;
#2349 = CARTESIAN_POINT ( 'NONE',  ( 0.000000000000000000, 8.500000000000000000, 0.000000000000000000 ) ) ;
#2350 = EDGE_LOOP ( 'NONE', ( #6974, #4681 ) ) ;
#2351 = ORIENTED_EDGE ( 'NONE', *, *, #7434, .F. ) ;
#2352 = ORIENTED_EDGE ( 'NONE', *, *, #6300, .T. ) ;
#2353 = VECTOR ( 'NONE', #7190, 1000.000000000000000 ) ;
#2354 = VECTOR ( 'NONE', #9062, 1000.000000000000000 ) ;
#2355 = VERTEX_POINT ( 'NONE', #6089 ) ;
#2356 = PLANE ( 'NONE',  #7653 ) ;
#2357 = EDGE_CURVE ( 'NONE', #4605, #6406, #6907, .T. ) ;
#2358 = VERTEX_POINT ( 'NONE', #1972 ) ;
#2359 = CARTESIAN_POINT ( 'NONE',  ( -1.479999999999999982, 11.70000000000000462, 0.8499999999999999778 ) ) ;
#2360 = LINE ( 'NONE', #4493, #1888 ) ;
#2361 = AXIS2_PLACEMENT_3D ( 'NONE', #136, #2951, #4331 ) ;
#2362 = CARTESIAN_POINT ( 'NONE',  ( 0.000000000000000000, 10.20000000000000107, -2.404700010220583106 ) ) ;
#2363 = AXIS2_PLACEMENT_3D ( 'NONE', #6076, #6807, #5427 ) ;
#2364 = EDGE_CURVE ( 'NONE', #4288, #8394, #3125, .T. ) ;
#2365 = CARTESIAN_POINT ( 'NONE',  ( -4.900000000000001243, -5.450515463917522396, -4.300000000000009592 ) ) ;
#2366 = DIRECTION ( 'NONE',  ( -1.000000000000000000, 2.168404344971008868E-15, 0.000000000000000000 ) ) ;
#2367 = ORIENTED_EDGE ( 'NONE', *, *, #8316, .T. ) ;
#2368 = ORIENTED_EDGE ( 'NONE', *, *, #188, .F. ) ;
#2369 = ORIENTED_EDGE ( 'NONE', *, *, #6715, .T. ) ;
#2370 = EDGE_CURVE ( 'NONE', #4589, #6661, #6222, .T. ) ;
#2371 = CIRCLE ( 'NONE', #5616, 0.2000000000000011768 ) ;
#2372 = AXIS2_PLACEMENT_3D ( 'NONE', #3225, #3270, #4692 ) ;
#2373 =( BOUNDED_CURVE ( )  B_SPLINE_CURVE ( 3, ( #290, #430, #3236, #2438 ),
 .UNSPECIFIED., .F., .T. ) 
 B_SPLINE_CURVE_WITH_KNOTS ( ( 4, 4 ),
 ( 1.570796326794894782, 4.712388980384689674 ),
 .UNSPECIFIED. ) 
 CURVE ( )  GEOMETRIC_REPRESENTATION_ITEM ( )  RATIONAL_B_SPLINE_CURVE ( ( 1.000000000000000000, 0.3333333333333327597, 0.3333333333333327597, 1.000000000000000000 ) ) 
 REPRESENTATION_ITEM ( '' )  );
#2374 = CARTESIAN_POINT ( 'NONE',  ( 4.399999999999998579, -5.949999999999998401, 0.1000000000000002554 ) ) ;
#2375 = PLANE ( 'NONE',  #4643 ) ;
#2376 = CARTESIAN_POINT ( 'NONE',  ( 3.599999999999999645, -5.149999999999998579, 5.000000000000000000 ) ) ;
#2377 = CARTESIAN_POINT ( 'NONE',  ( 0.4499999999999982903, -3.625230054855794304, 2.500000000000000000 ) ) ;
#2378 = VECTOR ( 'NONE', #1249, 1000.000000000000000 ) ;
#2379 = AXIS2_PLACEMENT_3D ( 'NONE', #486, #6606, #1717 ) ;
#2380 = DIRECTION ( 'NONE',  ( 1.000000000000000000, 8.850629979473506011E-17, 0.000000000000000000 ) ) ;
#2381 = LINE ( 'NONE', #1736, #2212 ) ;
#2382 = CARTESIAN_POINT ( 'NONE',  ( -1.734723475976807094E-15, 0.4500000000000040079, 2.500000000000000000 ) ) ;
#2383 = ORIENTED_EDGE ( 'NONE', *, *, #2444, .F. ) ;
#2384 = VECTOR ( 'NONE', #9065, 1000.000000000000000 ) ;
#2385 = CARTESIAN_POINT ( 'NONE',  ( -1.091177379365210198, 10.90000000000000036, -0.5047000102205828620 ) ) ;
#2386 = DIRECTION ( 'NONE',  ( -1.000000000000000000, -1.734723475976807094E-16, 0.000000000000000000 ) ) ;
#2387 = CARTESIAN_POINT ( 'NONE',  ( -1.900000000000001910, 3.600000000000003642, 0.1000000000000000056 ) ) ;
#2388 = FILL_AREA_STYLE_COLOUR ( '', #247 ) ;
#2389 = CARTESIAN_POINT ( 'NONE',  ( -0.7500000000000000000, -5.549999999999998934, 1.300000000000000266 ) ) ;
#2390 = ORIENTED_EDGE ( 'NONE', *, *, #4463, .T. ) ;
#2391 = CIRCLE ( 'NONE', #7988, 0.4000000000000001887 ) ;
#2392 = ORIENTED_EDGE ( 'NONE', *, *, #6362, .T. ) ;
#2393 = CARTESIAN_POINT ( 'NONE',  ( -1.089941313553887348, -0.05202383709185177951, 0.000000000000000000 ) ) ;
#2394 = PLANE ( 'NONE',  #1626 ) ;
#2395 = VECTOR ( 'NONE', #5688, 1000.000000000000000 ) ;
#2396 = ORIENTED_EDGE ( 'NONE', *, *, #7834, .F. ) ;
#2397 = DIRECTION ( 'NONE',  ( -1.000000000000000000, 0.000000000000000000, 0.000000000000000000 ) ) ;
#2398 = CARTESIAN_POINT ( 'NONE',  ( 2.900000000000000355, -6.700000000000000178, -1.350000000000000089 ) ) ;
#2399 = ORIENTED_EDGE ( 'NONE', *, *, #2259, .F. ) ;
#2400 = ORIENTED_EDGE ( 'NONE', *, *, #8538, .F. ) ;
#2401 = ORIENTED_EDGE ( 'NONE', *, *, #5704, .T. ) ;
#2402 = ORIENTED_EDGE ( 'NONE', *, *, #5456, .T. ) ;
#2403 = VECTOR ( 'NONE', #489, 1000.000000000000000 ) ;
#2404 = CARTESIAN_POINT ( 'NONE',  ( -5.708436666169077967, -1.550515463917520487, -8.330000000000008953 ) ) ;
#2405 = FACE_OUTER_BOUND ( 'NONE', #5449, .T. ) ;
#2406 = ORIENTED_EDGE ( 'NONE', *, *, #6256, .T. ) ;
#2407 = ORIENTED_EDGE ( 'NONE', *, *, #7251, .T. ) ;
#2408 = PRODUCT_RELATED_PRODUCT_CATEGORY ( 'part', '', ( #6454 ) ) ;
#2409 = DIRECTION ( 'NONE',  ( -0.000000000000000000, -0.000000000000000000, -1.000000000000000000 ) ) ;
#2410 = DIRECTION ( 'NONE',  ( -0.000000000000000000, -1.000000000000000000, -0.000000000000000000 ) ) ;
#2411 = DIRECTION ( 'NONE',  ( 0.000000000000000000, 0.000000000000000000, 1.000000000000000000 ) ) ;
#2412 = DIRECTION ( 'NONE',  ( 0.000000000000000000, 0.000000000000000000, 1.000000000000000000 ) ) ;
#2413 = DIRECTION ( 'NONE',  ( -1.000000000000000000, 0.000000000000000000, 0.000000000000000000 ) ) ;
#2414 = EDGE_CURVE ( 'NONE', #7019, #3180, #6176, .T. ) ;
#2415 = EDGE_LOOP ( 'NONE', ( #371, #5678, #5459, #5774 ) ) ;
#2416 = ORIENTED_EDGE ( 'NONE', *, *, #7548, .T. ) ;
#2417 = VERTEX_POINT ( 'NONE', #8909 ) ;
#2418 = ORIENTED_EDGE ( 'NONE', *, *, #8410, .F. ) ;
#2419 = EDGE_CURVE ( 'NONE', #3074, #7982, #6497, .T. ) ;
#2420 = PLANE ( 'NONE',  #5471 ) ;
#2421 = DIRECTION ( 'NONE',  ( 0.000000000000000000, 0.000000000000000000, 1.000000000000000000 ) ) ;
#2422 = DIRECTION ( 'NONE',  ( 0.000000000000000000, 0.000000000000000000, 1.000000000000000000 ) ) ;
#2423 = DIRECTION ( 'NONE',  ( -0.000000000000000000, -0.000000000000000000, -1.000000000000000000 ) ) ;
#2424 = ADVANCED_FACE ( 'NONE', ( #2531 ), #6820, .F. ) ;
#2425 = CARTESIAN_POINT ( 'NONE',  ( -4.500000000000002665, 4.049484536082480268, -4.900000000000009237 ) ) ;
#2426 = ORIENTED_EDGE ( 'NONE', *, *, #1663, .F. ) ;
#2427 = LINE ( 'NONE', #3135, #751 ) ;
#2428 = CARTESIAN_POINT ( 'NONE',  ( 0.000000000000000000, 13.00000000000000355, 0.000000000000000000 ) ) ;
#2429 = VERTEX_POINT ( 'NONE', #7594 ) ;
#2430 = DIRECTION ( 'NONE',  ( -8.850629979473506011E-17, 1.000000000000000000, 0.000000000000000000 ) ) ;
#2431 = DIRECTION ( 'NONE',  ( 1.931541112668179645E-15, 0.000000000000000000, -1.000000000000000000 ) ) ;
#2432 = AXIS2_PLACEMENT_3D ( 'NONE', #996, #8055, #5194 ) ;
#2433 = LINE ( 'NONE', #8070, #3198 ) ;
#2434 = FACE_OUTER_BOUND ( 'NONE', #5916, .T. ) ;
#2435 = ORIENTED_EDGE ( 'NONE', *, *, #3469, .F. ) ;
#2436 = VECTOR ( 'NONE', #96, 1000.000000000000000 ) ;
#2437 = PLANE ( 'NONE',  #1956 ) ;
#2438 = CARTESIAN_POINT ( 'NONE',  ( 5.259901047426962073, 0.4494845360824790137, -9.291887738487536907 ) ) ;
#2439 = VERTEX_POINT ( 'NONE', #2668 ) ;
#2440 = CARTESIAN_POINT ( 'NONE',  ( 4.500000000000002665, 1.349484536082478980, 8.691935007006808402E-15 ) ) ;
#2441 = AXIS2_PLACEMENT_3D ( 'NONE', #5990, #6725, #1103 ) ;
#2442 = LINE ( 'NONE', #6271, #1902 ) ;
#2443 = CIRCLE ( 'NONE', #7457, 0.3500000000000000333 ) ;
#2444 = EDGE_CURVE ( 'NONE', #4994, #148, #1287, .T. ) ;
#2445 = VERTEX_POINT ( 'NONE', #9045 ) ;
#2446 = DIRECTION ( 'NONE',  ( 0.000000000000000000, 0.000000000000000000, -1.000000000000000000 ) ) ;
#2447 = ORIENTED_EDGE ( 'NONE', *, *, #8200, .T. ) ;
#2448 = ORIENTED_EDGE ( 'NONE', *, *, #5083, .F. ) ;
#2449 = AXIS2_PLACEMENT_3D ( 'NONE', #9070, #6939, #2784 ) ;
#2450 = FACE_OUTER_BOUND ( 'NONE', #6061, .T. ) ;
#2451 = VECTOR ( 'NONE', #5647, 1000.000000000000000 ) ;
#2452 = DIRECTION ( 'NONE',  ( -0.000000000000000000, -1.000000000000000000, -0.000000000000000000 ) ) ;
#2453 = CYLINDRICAL_SURFACE ( 'NONE', #2042, 3.500000000000000000 ) ;
#2454 = DIRECTION ( 'NONE',  ( 8.850629979473506011E-17, 1.000000000000000000, 0.000000000000000000 ) ) ;
#2455 = ORIENTED_EDGE ( 'NONE', *, *, #1794, .T. ) ;
#2456 = EDGE_LOOP ( 'NONE', ( #7778, #2698, #7167, #2947, #6867, #8736, #6599, #2811, #8259, #8438 ) ) ;
#2457 = VECTOR ( 'NONE', #1763, 1000.000000000000000 ) ;
#2458 = VERTEX_POINT ( 'NONE', #2711 ) ;
#2459 = VERTEX_POINT ( 'NONE', #5524 ) ;
#2460 = LINE ( 'NONE', #3953, #2962 ) ;
#2461 = EDGE_CURVE ( 'NONE', #875, #3063, #8347, .T. ) ;
#2462 = CARTESIAN_POINT ( 'NONE',  ( -1.724392794533815441E-15, 0.4499999999999487188, 4.299999999999999822 ) ) ;
#2463 = CIRCLE ( 'NONE', #4513, 4.099999999999999645 ) ;
#2464 = CARTESIAN_POINT ( 'NONE',  ( -0.7967663502707702516, 11.70000000000000462, -1.604700010220583728 ) ) ;
#2465 = DIRECTION ( 'NONE',  ( 0.000000000000000000, 0.000000000000000000, 1.000000000000000000 ) ) ;
#2466 = CARTESIAN_POINT ( 'NONE',  ( 1.479999999999999982, 11.70000000000000462, 1.200000000000000178 ) ) ;
#2467 = EDGE_CURVE ( 'NONE', #7888, #1529, #819, .T. ) ;
#2468 = DIRECTION ( 'NONE',  ( 0.000000000000000000, 0.000000000000000000, 1.000000000000000000 ) ) ;
#2469 = ORIENTED_EDGE ( 'NONE', *, *, #1167, .F. ) ;
#2470 = DIRECTION ( 'NONE',  ( 1.000000000000000000, 0.000000000000000000, 0.000000000000000000 ) ) ;
#2471 = CARTESIAN_POINT ( 'NONE',  ( 2.500000000000000000, -6.700000000000000178, -5.750000000000000000 ) ) ;
#2472 = ORIENTED_EDGE ( 'NONE', *, *, #6696, .F. ) ;
#2473 = ADVANCED_FACE ( 'NONE', ( #7829 ), #6352, .F. ) ;
#2474 = LINE ( 'NONE', #7365, #8420 ) ;
#2475 = LINE ( 'NONE', #8669, #3728 ) ;
#2476 = AXIS2_PLACEMENT_3D ( 'NONE', #9073, #1404, #8331 ) ;
#2477 = EDGE_CURVE ( 'NONE', #1680, #6836, #5465, .T. ) ;
#2478 = DIRECTION ( 'NONE',  ( 1.000000000000000000, 0.000000000000000000, 0.000000000000000000 ) ) ;
#2479 = VERTEX_POINT ( 'NONE', #7092 ) ;
#2480 = ORIENTED_EDGE ( 'NONE', *, *, #2631, .F. ) ;
#2481 = VECTOR ( 'NONE', #4377, 1000.000000000000000 ) ;
#2482 = LINE ( 'NONE', #2306, #7113 ) ;
#2483 = ADVANCED_FACE ( 'NONE', ( #4329 ), #2200, .F. ) ;
#2484 = CARTESIAN_POINT ( 'NONE',  ( -4.499999999999989342, -5.150515463917520798, -4.300000000000009592 ) ) ;
#2485 = CARTESIAN_POINT ( 'NONE',  ( 1.565936075841833475, 8.900000000000000355, -3.517150011924013331 ) ) ;
#2486 = EDGE_LOOP ( 'NONE', ( #7490, #4298, #248, #4358 ) ) ;
#2487 = DIRECTION ( 'NONE',  ( 0.000000000000000000, -1.000000000000000000, 0.000000000000000000 ) ) ;
#2488 = CIRCLE ( 'NONE', #3240, 0.6500000000000001332 ) ;
#2489 = CARTESIAN_POINT ( 'NONE',  ( 4.598116167910891505, -1.550515463917522041, -7.662869739802280478 ) ) ;
#2490 = ORIENTED_EDGE ( 'NONE', *, *, #8795, .F. ) ;
#2491 = EDGE_LOOP ( 'NONE', ( #883, #8280, #699, #3040 ) ) ;
#2492 = ORIENTED_EDGE ( 'NONE', *, *, #8338, .F. ) ;
#2493 = CARTESIAN_POINT ( 'NONE',  ( -0.4500000000000001221, -3.020950878361716718, 2.500000000000000000 ) ) ;
#2494 = EDGE_CURVE ( 'NONE', #7114, #6874, #1552, .T. ) ;
#2495 = AXIS2_PLACEMENT_3D ( 'NONE', #7968, #2136, #2179 ) ;
#2496 = DIRECTION ( 'NONE',  ( 0.000000000000000000, 1.000000000000000000, 0.000000000000000000 ) ) ;
#2497 = ADVANCED_FACE ( 'NONE', ( #6398 ), #2248, .F. ) ;
#2498 = DIRECTION ( 'NONE',  ( 0.000000000000000000, 0.000000000000000000, 1.000000000000000000 ) ) ;
#2499 = DIRECTION ( 'NONE',  ( -1.000000000000000000, 0.000000000000000000, 0.000000000000000000 ) ) ;
#2500 = CARTESIAN_POINT ( 'NONE',  ( -4.900000000000000355, 4.349484536082479202, -5.800000000000009592 ) ) ;
#2501 = VECTOR ( 'NONE', #4257, 1000.000000000000000 ) ;
#2502 = CONTEXT_DEPENDENT_SHAPE_REPRESENTATION ( #7828, #707 ) ;
#2503 = ORIENTED_EDGE ( 'NONE', *, *, #7773, .F. ) ;
#2504 = ORIENTED_EDGE ( 'NONE', *, *, #3844, .T. ) ;
#2505 = ORIENTED_EDGE ( 'NONE', *, *, #4087, .F. ) ;
#2506 = EDGE_LOOP ( 'NONE', ( #2304, #7030, #2367, #2759, #8480, #5762, #1671, #479, #3659, #41, #3745, #7523 ) ) ;
#2507 = CARTESIAN_POINT ( 'NONE',  ( 2.600000000000000533, 4.049484536082479380, -4.299999999999999822 ) ) ;
#2508 = AXIS2_PLACEMENT_3D ( 'NONE', #6458, #5766, #793 ) ;
#2509 = AXIS2_PLACEMENT_3D ( 'NONE', #6706, #6751, #7441 ) ;
#2510 = FACE_OUTER_BOUND ( 'NONE', #4405, .T. ) ;
#2511 = PLANE ( 'NONE',  #2432 ) ;
#2512 = DIRECTION ( 'NONE',  ( 1.000000000000000000, -1.734723475976806848E-16, 0.000000000000000000 ) ) ;
#2513 = CARTESIAN_POINT ( 'NONE',  ( -4.499999999999989342, -5.150515463917520798, -6.800000000000009592 ) ) ;
#2514 = CARTESIAN_POINT ( 'NONE',  ( -0.5000000000000027756, -0.6408712114635669588, 0.000000000000000000 ) ) ;
#2515 = ADVANCED_FACE ( 'NONE', ( #90 ), #2949, .F. ) ;
#2516 = ORIENTED_EDGE ( 'NONE', *, *, #8451, .F. ) ;
#2517 = VECTOR ( 'NONE', #5986, 1000.000000000000000 ) ;
#2518 = VECTOR ( 'NONE', #5614, 1000.000000000000114 ) ;
#2519 = LINE ( 'NONE', #7362, #7222 ) ;
#2520 = CYLINDRICAL_SURFACE ( 'NONE', #8574, 1.200000000000002176 ) ;
#2521 = EDGE_LOOP ( 'NONE', ( #1711, #4349, #8085, #2862 ) ) ;
#2522 = EDGE_CURVE ( 'NONE', #7562, #4168, #5659, .T. ) ;
#2523 = AXIS2_PLACEMENT_3D ( 'NONE', #1366, #35, #1450 ) ;
#2524 = CARTESIAN_POINT ( 'NONE',  ( 4.399999999999998579, -5.549999999999998934, 1.300000000000000266 ) ) ;
#2525 = VECTOR ( 'NONE', #6025, 1000.000000000000000 ) ;
#2526 = CARTESIAN_POINT ( 'NONE',  ( -4.899999999999987033, 0.4494845360824792913, -7.400446128206087160 ) ) ;
#2527 = CARTESIAN_POINT ( 'NONE',  ( 0.8032336497292293931, 10.90000000000000036, -0.8947000102205829863 ) ) ;
#2528 = EDGE_CURVE ( 'NONE', #5815, #8774, #2060, .T. ) ;
#2529 = ORIENTED_EDGE ( 'NONE', *, *, #6039, .F. ) ;
#2530 = AXIS2_PLACEMENT_3D ( 'NONE', #6310, #6824, #5489 ) ;
#2531 = FACE_OUTER_BOUND ( 'NONE', #7989, .T. ) ;
#2532 = EDGE_CURVE ( 'NONE', #1070, #4877, #3642, .T. ) ;
#2533 = CARTESIAN_POINT ( 'NONE',  ( -3.000000000000000000, 3.649484536082479469, -1.600000000000000089 ) ) ;
#2534 = CYLINDRICAL_SURFACE ( 'NONE', #6361, 3.000000000000000444 ) ;
#2535 = EDGE_LOOP ( 'NONE', ( #4836, #8342, #8675, #7220 ) ) ;
#2536 = DIRECTION ( 'NONE',  ( 0.000000000000000000, 0.000000000000000000, 1.000000000000000000 ) ) ;
#2537 = AXIS2_PLACEMENT_3D ( 'NONE', #4240, #7098, #731 ) ;
#2538 = DIRECTION ( 'NONE',  ( 1.000000000000000000, 0.000000000000000000, 0.000000000000000000 ) ) ;
#2539 = EDGE_CURVE ( 'NONE', #924, #2458, #6445, .T. ) ;
#2540 = ORIENTED_EDGE ( 'NONE', *, *, #408, .T. ) ;
#2541 = CARTESIAN_POINT ( 'NONE',  ( 4.500000000000003553, -5.150515463917521686, -5.300000000000009592 ) ) ;
#2542 = AXIS2_PLACEMENT_3D ( 'NONE', #628, #8284, #2696 ) ;
#2543 = ORIENTED_EDGE ( 'NONE', *, *, #6348, .F. ) ;
#2544 = CARTESIAN_POINT ( 'NONE',  ( -3.400000000000001688, 0.9500000000000038414, 0.5000000000000000000 ) ) ;
#2545 = DIRECTION ( 'NONE',  ( -1.000000000000000000, 2.491288438666616105E-16, -1.931541112668179645E-15 ) ) ;
#2546 = DIRECTION ( 'NONE',  ( 0.000000000000000000, 0.000000000000000000, 1.000000000000000000 ) ) ;
#2547 = CARTESIAN_POINT ( 'NONE',  ( -2.350000000000001865, 4.650000000000003908, 5.599999999999999645 ) ) ;
#2548 = DIRECTION ( 'NONE',  ( 0.000000000000000000, 0.000000000000000000, -1.000000000000000000 ) ) ;
#2549 = AXIS2_PLACEMENT_3D ( 'NONE', #3054, #5860, #5262 ) ;
#2550 = ORIENTED_EDGE ( 'NONE', *, *, #5739, .T. ) ;
#2551 = EDGE_LOOP ( 'NONE', ( #5525, #7318, #3156, #22 ) ) ;
#2552 = VERTEX_POINT ( 'NONE', #8578 ) ;
#2553 = EDGE_CURVE ( 'NONE', #7350, #338, #3596, .T. ) ;
#2554 = ORIENTED_EDGE ( 'NONE', *, *, #4827, .F. ) ;
#2555 = CARTESIAN_POINT ( 'NONE',  ( 1.097644678823669562, 10.90000000000000036, -0.5047000102205828620 ) ) ;
#2556 = EDGE_LOOP ( 'NONE', ( #1027, #2208, #8702, #7152 ) ) ;
#2557 = CARTESIAN_POINT ( 'NONE',  ( 0.9999999999999997780, 3.804101966249687994, 2.500000000000000000 ) ) ;
#2558 = CARTESIAN_POINT ( 'NONE',  ( 3.599999999999999645, 5.150000000000005684, 5.000000000000000000 ) ) ;
#2559 = DIRECTION ( 'NONE',  ( -0.000000000000000000, -1.000000000000000000, -0.000000000000000000 ) ) ;
#2560 = PLANE ( 'NONE',  #5992 ) ;
#2561 = ORIENTED_EDGE ( 'NONE', *, *, #6348, .T. ) ;
#2562 = EDGE_CURVE ( 'NONE', #6652, #379, #8481, .T. ) ;
#2563 = VERTEX_POINT ( 'NONE', #5068 ) ;
#2564 = DIRECTION ( 'NONE',  ( 1.000000000000000000, 0.000000000000000000, 0.000000000000000000 ) ) ;
#2565 = DIRECTION ( 'NONE',  ( 0.000000000000000000, 1.000000000000000000, 0.000000000000000000 ) ) ;
#2566 = VERTEX_POINT ( 'NONE', #645 ) ;
#2567 = CARTESIAN_POINT ( 'NONE',  ( -0.7967663502707700296, 11.70000000000000462, -1.604700010220583728 ) ) ;
#2568 = ADVANCED_FACE ( 'NONE', ( #4973 ), #3462, .F. ) ;
#2569 = DIRECTION ( 'NONE',  ( -0.8778780114862319017, -7.769773446780632914E-17, 0.4788843252278979223 ) ) ;
#2570 = CARTESIAN_POINT ( 'NONE',  ( 0.4999999999999987232, 0.9500000000000040634, 0.5000000000000000000 ) ) ;
#2571 = FILL_AREA_STYLE ('',( #2388 ) ) ;
#2572 = PLANE ( 'NONE',  #8506 ) ;
#2573 = ORIENTED_EDGE ( 'NONE', *, *, #7661, .F. ) ;
#2574 = ORIENTED_EDGE ( 'NONE', *, *, #7258, .F. ) ;
#2575 = VERTEX_POINT ( 'NONE', #4926 ) ;
#2576 = DIRECTION ( 'NONE',  ( 1.000000000000000000, 0.000000000000000000, 0.000000000000000000 ) ) ;
#2577 = PLANE ( 'NONE',  #25 ) ;
#2578 = EDGE_CURVE ( 'NONE', #2652, #297, #9010, .T. ) ;
#2579 = DIRECTION ( 'NONE',  ( 8.850629979473506011E-17, 1.000000000000000000, 0.000000000000000000 ) ) ;
#2580 = ORIENTED_EDGE ( 'NONE', *, *, #1643, .T. ) ;
#2581 = LINE ( 'NONE', #339, #8931 ) ;
#2582 = DIRECTION ( 'NONE',  ( 0.000000000000000000, 0.000000000000000000, 1.000000000000000000 ) ) ;
#2583 = EDGE_CURVE ( 'NONE', #1465, #871, #7734, .T. ) ;
#2584 = ORIENTED_EDGE ( 'NONE', *, *, #8686, .F. ) ;
#2585 = ORIENTED_EDGE ( 'NONE', *, *, #71, .F. ) ;
#2586 = LINE ( 'NONE', #2541, #8705 ) ;
#2587 = ORIENTED_EDGE ( 'NONE', *, *, #8967, .T. ) ;
#2588 = CARTESIAN_POINT ( 'NONE',  ( 3.250000000000001332, -5.549999999999998934, 1.300000000000000266 ) ) ;
#2589 = ADVANCED_FACE ( 'NONE', ( #2290 ), #8619, .F. ) ;
#2590 = VECTOR ( 'NONE', #6301, 1000.000000000000000 ) ;
#2591 = CARTESIAN_POINT ( 'NONE',  ( -4.499999999999993783, -3.550515463917520709, -4.300000000000008704 ) ) ;
#2592 = DIRECTION ( 'NONE',  ( -1.000000000000000000, 1.495451272393799296E-16, 0.000000000000000000 ) ) ;
#2593 = DIRECTION ( 'NONE',  ( 0.000000000000000000, 0.000000000000000000, -1.000000000000000000 ) ) ;
#2594 = EDGE_LOOP ( 'NONE', ( #7056, #1086, #6889, #1990 ) ) ;
#2595 = ORIENTED_EDGE ( 'NONE', *, *, #4578, .T. ) ;
#2596 = ORIENTED_EDGE ( 'NONE', *, *, #1568, .F. ) ;
#2597 = AXIS2_PLACEMENT_3D ( 'NONE', #3030, #2098, #3721 ) ;
#2598 = CIRCLE ( 'NONE', #8199, 1.200000000000011502 ) ;
#2599 = CARTESIAN_POINT ( 'NONE',  ( 2.600000000000000533, 4.049484536082481156, -4.900000000000009237 ) ) ;
#2600 = EDGE_LOOP ( 'NONE', ( #1792, #6702, #3042, #6954 ) ) ;
#2601 = EDGE_CURVE ( 'NONE', #8857, #7562, #5320, .T. ) ;
#2602 = CARTESIAN_POINT ( 'NONE',  ( -3.650000000000001688, 4.650000000000003908, 5.599999999999999645 ) ) ;
#2603 = EDGE_CURVE ( 'NONE', #65, #4659, #3561, .T. ) ;
#2604 = DIRECTION ( 'NONE',  ( 1.000000000000000000, 0.000000000000000000, 0.000000000000000000 ) ) ;
#2605 = VECTOR ( 'NONE', #2454, 1000.000000000000000 ) ;
#2606 = LINE ( 'NONE', #540, #5846 ) ;
#2607 = UNCERTAINTY_MEASURE_WITH_UNIT (LENGTH_MEASURE( 1.000000000000000082E-05 ), #5719, 'distance_accuracy_value', 'NONE');
#2608 = VERTEX_POINT ( 'NONE', #5802 ) ;
#2609 = ORIENTED_EDGE ( 'NONE', *, *, #2583, .F. ) ;
#2610 = FACE_OUTER_BOUND ( 'NONE', #2640, .T. ) ;
#2611 = VECTOR ( 'NONE', #5149, 1000.000000000000000 ) ;
#2612 = DIRECTION ( 'NONE',  ( 0.000000000000000000, 0.000000000000000000, 1.000000000000000000 ) ) ;
#2613 = ADVANCED_FACE ( 'NONE', ( #5847 ), #5152, .T. ) ;
#2614 = FACE_OUTER_BOUND ( 'NONE', #7002, .T. ) ;
#2615 = CARTESIAN_POINT ( 'NONE',  ( -0.0008203932499368550568, 11.70000000000000462, 1.279727070297659203E-17 ) ) ;
#2616 = PLANE ( 'NONE',  #3052 ) ;
#2617 = DIRECTION ( 'NONE',  ( 0.000000000000000000, 0.000000000000000000, 1.000000000000000000 ) ) ;
#2618 = ORIENTED_EDGE ( 'NONE', *, *, #7841, .T. ) ;
#2619 = VERTEX_POINT ( 'NONE', #370 ) ;
#2620 = ORIENTED_EDGE ( 'NONE', *, *, #952, .F. ) ;
#2621 = DIRECTION ( 'NONE',  ( 0.000000000000000000, 0.000000000000000000, 1.000000000000000000 ) ) ;
#2622 = ORIENTED_EDGE ( 'NONE', *, *, #3469, .T. ) ;
#2623 = VECTOR ( 'NONE', #3725, 1000.000000000000000 ) ;
#2624 = CARTESIAN_POINT ( 'NONE',  ( 4.500000000000002665, 0.000000000000000000, 0.000000000000000000 ) ) ;
#2625 = DIRECTION ( 'NONE',  ( 1.000000000000000000, 0.000000000000000000, 0.000000000000000000 ) ) ;
#2626 = ORIENTED_EDGE ( 'NONE', *, *, #8935, .T. ) ;
#2627 = CARTESIAN_POINT ( 'NONE',  ( -3.400000000000003464, -0.05202383709185157135, 0.5000000000000000000 ) ) ;
#2628 = DIRECTION ( 'NONE',  ( -1.776356839400250465E-15, 0.000000000000000000, -1.000000000000000000 ) ) ;
#2629 = AXIS2_PLACEMENT_3D ( 'NONE', #308, #119, #8560 ) ;
#2630 = ORIENTED_EDGE ( 'NONE', *, *, #8159, .T. ) ;
#2631 = EDGE_CURVE ( 'NONE', #7123, #6097, #6790, .T. ) ;
#2632 = ORIENTED_EDGE ( 'NONE', *, *, #8176, .T. ) ;
#2633 = DIRECTION ( 'NONE',  ( -1.000000000000000000, 0.000000000000000000, 0.000000000000000000 ) ) ;
#2634 = DIRECTION ( 'NONE',  ( -1.000000000000000000, 0.000000000000000000, 0.000000000000000000 ) ) ;
#2635 = AXIS2_PLACEMENT_3D ( 'NONE', #7148, #3703, #5675 ) ;
#2636 = ADVANCED_FACE ( 'NONE', ( #5983 ), #7180, .T. ) ;
#2637 = DIRECTION ( 'NONE',  ( 0.000000000000000000, 0.000000000000000000, -1.000000000000000000 ) ) ;
#2638 = CARTESIAN_POINT ( 'NONE',  ( 0.4500000000000000111, -3.020950878361716274, 2.100000000000000089 ) ) ;
#2639 = LINE ( 'NONE', #3522, #419 ) ;
#2640 = EDGE_LOOP ( 'NONE', ( #4592, #2595, #5245, #3850 ) ) ;
#2641 = EDGE_CURVE ( 'NONE', #605, #6042, #8764, .T. ) ;
#2642 = ORIENTED_EDGE ( 'NONE', *, *, #1938, .T. ) ;
#2643 = AXIS2_PLACEMENT_3D ( 'NONE', #6229, #5532, #8672 ) ;
#2644 = FACE_OUTER_BOUND ( 'NONE', #5984, .T. ) ;
#2645 = ORIENTED_EDGE ( 'NONE', *, *, #45, .T. ) ;
#2646 = EDGE_CURVE ( 'NONE', #4528, #1028, #7224, .T. ) ;
#2647 = SURFACE_STYLE_USAGE ( .BOTH. , #3216 ) ;
#2648 = LINE ( 'NONE', #1957, #928 ) ;
#2649 = VECTOR ( 'NONE', #438, 1000.000000000000000 ) ;
#2650 = PLANE ( 'NONE',  #7168 ) ;
#2651 = EDGE_CURVE ( 'NONE', #1889, #9072, #957, .T. ) ;
#2652 = VERTEX_POINT ( 'NONE', #915 ) ;
#2653 = VERTEX_POINT ( 'NONE', #7269 ) ;
#2654 = DIRECTION ( 'NONE',  ( -0.7071067811865474617, 0.7071067811865476838, 0.000000000000000000 ) ) ;
#2655 = VECTOR ( 'NONE', #4751, 1000.000000000000000 ) ;
#2656 = VECTOR ( 'NONE', #2721, 1000.000000000000114 ) ;
#2657 = CARTESIAN_POINT ( 'NONE',  ( -1.565936075841832364, 10.20000000000000107, -3.517150011924013775 ) ) ;
#2658 = FACE_OUTER_BOUND ( 'NONE', #4333, .T. ) ;
#2659 = DIRECTION ( 'NONE',  ( 1.000000000000000000, 0.000000000000000000, 0.000000000000000000 ) ) ;
#2660 = FACE_OUTER_BOUND ( 'NONE', #4734, .T. ) ;
#2661 = LINE ( 'NONE', #8992, #542 ) ;
#2662 = VECTOR ( 'NONE', #422, 1000.000000000000000 ) ;
#2663 = CIRCLE ( 'NONE', #2220, 0.4000000000000001887 ) ;
#2664 = PLANE ( 'NONE',  #4091 ) ;
#2665 = ORIENTED_EDGE ( 'NONE', *, *, #3697, .T. ) ;
#2666 = VERTEX_POINT ( 'NONE', #3780 ) ;
#2667 = EDGE_CURVE ( 'NONE', #3707, #9008, #864, .T. ) ;
#2668 = CARTESIAN_POINT ( 'NONE',  ( 4.900000000000001243, -2.550515463917522041, -5.900000000000000355 ) ) ;
#2669 = VERTEX_POINT ( 'NONE', #6492 ) ;
#2670 = COLOUR_RGB ( '',0.7921568627450980005, 0.8196078431372548767, 0.9333333333333333481 ) ;
#2671 = CIRCLE ( 'NONE', #1213, 0.3500000000000000333 ) ;
#2672 = DIRECTION ( 'NONE',  ( 1.000000000000000000, 0.000000000000000000, 0.000000000000000000 ) ) ;
#2673 = DIRECTION ( 'NONE',  ( -0.6560590289905020578, -0.000000000000000000, -0.7547095802227765660 ) ) ;
#2674 = ORIENTED_EDGE ( 'NONE', *, *, #2646, .T. ) ;
#2675 = CARTESIAN_POINT ( 'NONE',  ( 4.500000000000001776, 1.349484536082478980, 0.4000000000000087375 ) ) ;
#2676 = DIRECTION ( 'NONE',  ( 8.850629979473506011E-17, -1.000000000000000000, 0.000000000000000000 ) ) ;
#2677 = VECTOR ( 'NONE', #1357, 1000.000000000000000 ) ;
#2678 = ORIENTED_EDGE ( 'NONE', *, *, #3148, .T. ) ;
#2679 = VERTEX_POINT ( 'NONE', #8715 ) ;
#2680 = CYLINDRICAL_SURFACE ( 'NONE', #5308, 0.4000000000000001887 ) ;
#2681 = DIRECTION ( 'NONE',  ( 0.000000000000000000, 1.000000000000000000, 0.000000000000000000 ) ) ;
#2682 = VECTOR ( 'NONE', #4783, 1000.000000000000000 ) ;
#2683 = EDGE_CURVE ( 'NONE', #4950, #1243, #6056, .T. ) ;
#2684 = DIRECTION ( 'NONE',  ( -8.850629979473507244E-17, 1.000000000000000000, 0.000000000000000000 ) ) ;
#2685 = CARTESIAN_POINT ( 'NONE',  ( 4.900000000000001243, -5.150515463917521686, -4.299999999999999822 ) ) ;
#2686 = CARTESIAN_POINT ( 'NONE',  ( 4.500000000000001776, 0.000000000000000000, 0.4000000000000000222 ) ) ;
#2687 = VERTEX_POINT ( 'NONE', #6625 ) ;
#2688 = ORIENTED_EDGE ( 'NONE', *, *, #9100, .T. ) ;
#2689 = ORIENTED_EDGE ( 'NONE', *, *, #7483, .T. ) ;
#2690 = VECTOR ( 'NONE', #2194, 1000.000000000000000 ) ;
#2691 = LINE ( 'NONE', #4122, #2354 ) ;
#2692 = ORIENTED_EDGE ( 'NONE', *, *, #5469, .F. ) ;
#2693 = DIRECTION ( 'NONE',  ( 0.000000000000000000, 0.000000000000000000, 1.000000000000000000 ) ) ;
#2694 = EDGE_CURVE ( 'NONE', #875, #5960, #2074, .T. ) ;
#2695 = AXIS2_PLACEMENT_3D ( 'NONE', #1608, #8772, #1702 ) ;
#2696 = DIRECTION ( 'NONE',  ( -0.4226182617407000519, 0.000000000000000000, -0.9063077870366496036 ) ) ;
#2697 = CARTESIAN_POINT ( 'NONE',  ( 4.500000000000002665, -2.450515463917521064, -1.900675221388304571E-31 ) ) ;
#2698 = ORIENTED_EDGE ( 'NONE', *, *, #5732, .F. ) ;
#2699 = EDGE_CURVE ( 'NONE', #8163, #2289, #3041, .T. ) ;
#2700 = ORIENTED_EDGE ( 'NONE', *, *, #3938, .T. ) ;
#2701 = DIRECTION ( 'NONE',  ( -1.000000000000000000, 0.000000000000000000, 0.000000000000000000 ) ) ;
#2702 = CARTESIAN_POINT ( 'NONE',  ( -1.749999999999999778, 0.4000000000000000222, 1.000000000000000000 ) ) ;
#2703 = DIRECTION ( 'NONE',  ( 0.000000000000000000, 0.000000000000000000, 1.000000000000000000 ) ) ;
#2704 = EDGE_CURVE ( 'NONE', #2277, #7732, #3875, .T. ) ;
#2705 = FACE_OUTER_BOUND ( 'NONE', #1753, .T. ) ;
#2706 = FACE_OUTER_BOUND ( 'NONE', #3309, .T. ) ;
#2707 = CARTESIAN_POINT ( 'NONE',  ( 3.675000000000000266, -4.750515463917523107, 0.000000000000000000 ) ) ;
#2708 = FACE_OUTER_BOUND ( 'NONE', #5058, .T. ) ;
#2709 = VERTEX_POINT ( 'NONE', #6674 ) ;
#2710 = ORIENTED_EDGE ( 'NONE', *, *, #7151, .F. ) ;
#2711 = CARTESIAN_POINT ( 'NONE',  ( 4.900000000000001243, -5.450515463917523284, -4.299999999999999822 ) ) ;
#2712 = ORIENTED_EDGE ( 'NONE', *, *, #5117, .T. ) ;
#2713 = DIRECTION ( 'NONE',  ( 0.000000000000000000, 0.000000000000000000, 1.000000000000000000 ) ) ;
#2714 = EDGE_CURVE ( 'NONE', #838, #3743, #3182, .T. ) ;
#2715 = DIRECTION ( 'NONE',  ( -1.000000000000000000, 2.491288438666616105E-16, -1.931541112668179645E-15 ) ) ;
#2716 = VERTEX_POINT ( 'NONE', #4468 ) ;
#2717 = CARTESIAN_POINT ( 'NONE',  ( -4.488138397514202182, 0.03527097370938396537, -10.01000000000000689 ) ) ;
#2718 = DIRECTION ( 'NONE',  ( 0.000000000000000000, 0.000000000000000000, 1.000000000000000000 ) ) ;
#2719 = VERTEX_POINT ( 'NONE', #275 ) ;
#2720 = ORIENTED_EDGE ( 'NONE', *, *, #3308, .T. ) ;
#2721 = DIRECTION ( 'NONE',  ( 0.4226182617407076014, 0.000000000000000000, 0.9063077870366461619 ) ) ;
#2722 = AXIS2_PLACEMENT_3D ( 'NONE', #4272, #2240, #5607 ) ;
#2723 = CARTESIAN_POINT ( 'NONE',  ( 1.000000000000000000, 4.426179070414211658, 2.500000000000000000 ) ) ;
#2724 = CARTESIAN_POINT ( 'NONE',  ( 4.500000000000002665, 2.849484536082479202, -6.800000000000000711 ) ) ;
#2725 = EDGE_CURVE ( 'NONE', #8442, #8144, #2814, .T. ) ;
#2726 = DIRECTION ( 'NONE',  ( 0.000000000000000000, 0.000000000000000000, 1.000000000000000000 ) ) ;
#2727 = VECTOR ( 'NONE', #5936, 1000.000000000000000 ) ;
#2728 = DIRECTION ( 'NONE',  ( -0.000000000000000000, -1.000000000000000000, -0.000000000000000000 ) ) ;
#2729 = ORIENTED_EDGE ( 'NONE', *, *, #3613, .F. ) ;
#2730 = EDGE_LOOP ( 'NONE', ( #3222, #5258, #6380, #3155 ) ) ;
#2731 = CARTESIAN_POINT ( 'NONE',  ( -4.499999999999993783, -5.150515463917520798, -4.300000000000008704 ) ) ;
#2732 = ORIENTED_EDGE ( 'NONE', *, *, #336, .T. ) ;
#2733 = AXIS2_PLACEMENT_3D ( 'NONE', #2859, #7919, #3742 ) ;
#2734 = PLANE ( 'NONE',  #5336 ) ;
#2735 = DIRECTION ( 'NONE',  ( -0.6560590289905036121, 0.000000000000000000, 0.7547095802227752337 ) ) ;
#2736 = CARTESIAN_POINT ( 'NONE',  ( 0.000000000000000000, -4.336808689942017736E-16, 0.000000000000000000 ) ) ;
#2737 = CIRCLE ( 'NONE', #7007, 3.100000000000000977 ) ;
#2738 = VERTEX_POINT ( 'NONE', #7492 ) ;
#2739 = ORIENTED_EDGE ( 'NONE', *, *, #6869, .T. ) ;
#2740 = CARTESIAN_POINT ( 'NONE',  ( 4.911598099521945926, 0.4494845360824792913, -9.101887738487540958 ) ) ;
#2741 = ADVANCED_FACE ( 'NONE', ( #4213 ), #6333, .F. ) ;
#2742 = CARTESIAN_POINT ( 'NONE',  ( 0.000000000000000000, -0.5505154639175203757, 0.4000000000000001887 ) ) ;
#2743 = DIRECTION ( 'NONE',  ( 0.000000000000000000, 0.000000000000000000, 1.000000000000000000 ) ) ;
#2744 = VECTOR ( 'NONE', #2423, 1000.000000000000000 ) ;
#2745 = DIRECTION ( 'NONE',  ( 0.000000000000000000, 0.000000000000000000, 1.000000000000000000 ) ) ;
#2746 = CYLINDRICAL_SURFACE ( 'NONE', #3287, 1.000000000000000444 ) ;
#2747 = ADVANCED_FACE ( 'NONE', ( #3312 ), #3919, .F. ) ;
#2748 = CARTESIAN_POINT ( 'NONE',  ( -0.7500000000000000000, -5.549999999999998934, 1.000000000000000000 ) ) ;
#2749 = CARTESIAN_POINT ( 'NONE',  ( -4.499999999999992006, -3.950515463917520620, -4.300000000000008704 ) ) ;
#2750 = ORIENTED_EDGE ( 'NONE', *, *, #899, .T. ) ;
#2751 = VERTEX_POINT ( 'NONE', #665 ) ;
#2752 = AXIS2_PLACEMENT_3D ( 'NONE', #3569, #6585, #62 ) ;
#2753 = EDGE_CURVE ( 'NONE', #7982, #3074, #483, .T. ) ;
#2754 = CARTESIAN_POINT ( 'NONE',  ( -3.000000000000000000, 3.649484536082479469, 0.000000000000000000 ) ) ;
#2755 = ORIENTED_EDGE ( 'NONE', *, *, #6909, .F. ) ;
#2756 = CARTESIAN_POINT ( 'NONE',  ( -4.900000000000000355, 1.449484536082479957, 0.4000000000000000222 ) ) ;
#2757 = CARTESIAN_POINT ( 'NONE',  ( 4.399999999999998579, -2.700000000000000622, 5.000000000000000000 ) ) ;
#2758 = EDGE_CURVE ( 'NONE', #8368, #5701, #4737, .T. ) ;
#2759 = ORIENTED_EDGE ( 'NONE', *, *, #7219, .T. ) ;
#2760 = CARTESIAN_POINT ( 'NONE',  ( -4.911598099521928162, 0.4494845360824795133, -9.101887738487548063 ) ) ;
#2761 = DIRECTION ( 'NONE',  ( -0.000000000000000000, -0.000000000000000000, -1.000000000000000000 ) ) ;
#2762 = EDGE_LOOP ( 'NONE', ( #5473, #2802 ) ) ;
#2763 = VERTEX_POINT ( 'NONE', #7023 ) ;
#2764 = EDGE_CURVE ( 'NONE', #2669, #2317, #7540, .T. ) ;
#2765 = LINE ( 'NONE', #4155, #7808 ) ;
#2766 = LINE ( 'NONE', #6877, #3547 ) ;
#2767 = CARTESIAN_POINT ( 'NONE',  ( -4.500000000000002665, 2.449484536082479735, -8.691935007006808402E-15 ) ) ;
#2768 = AXIS2_PLACEMENT_3D ( 'NONE', #2047, #4916, #1274 ) ;
#2769 = LINE ( 'NONE', #8411, #1175 ) ;
#2770 = LINE ( 'NONE', #3788, #6146 ) ;
#2771 = EDGE_LOOP ( 'NONE', ( #4653, #3512 ) ) ;
#2772 = ORIENTED_EDGE ( 'NONE', *, *, #3228, .T. ) ;
#2773 = ADVANCED_FACE ( 'NONE', ( #5641 ), #2520, .T. ) ;
#2774 = EDGE_LOOP ( 'NONE', ( #3299, #4487, #2645, #780, #6651, #3122, #6752, #5723, #5339, #4130, #4675 ) ) ;
#2775 = CARTESIAN_POINT ( 'NONE',  ( -0.5000000000000015543, 2.950000000000003730, 0.5000000000000000000 ) ) ;
#2776 = ADVANCED_FACE ( 'NONE', ( #8419 ), #3964, .F. ) ;
#2777 = ORIENTED_EDGE ( 'NONE', *, *, #5619, .F. ) ;
#2778 = VECTOR ( 'NONE', #1629, 1000.000000000000000 ) ;
#2779 = CARTESIAN_POINT ( 'NONE',  ( -2.600000000000000533, 2.849484536082480091, -5.300000000000009592 ) ) ;
#2780 = FACE_BOUND ( 'NONE', #1095, .T. ) ;
#2781 = DIRECTION ( 'NONE',  ( 0.000000000000000000, 1.000000000000000000, 0.000000000000000000 ) ) ;
#2782 = LINE ( 'NONE', #5094, #2451 ) ;
#2783 = VECTOR ( 'NONE', #8170, 1000.000000000000000 ) ;
#2784 = DIRECTION ( 'NONE',  ( 0.4067366430758009299, 0.000000000000000000, 0.9135454576426004225 ) ) ;
#2785 = ORIENTED_EDGE ( 'NONE', *, *, #6640, .T. ) ;
#2786 = ORIENTED_EDGE ( 'NONE', *, *, #3530, .T. ) ;
#2787 = CARTESIAN_POINT ( 'NONE',  ( 3.399999999999998579, 0.9500000000000038414, 0.000000000000000000 ) ) ;
#2788 = VECTOR ( 'NONE', #9006, 1000.000000000000000 ) ;
#2789 = CARTESIAN_POINT ( 'NONE',  ( 4.099999999999997868, 0.4500000000000040079, 2.500000000000000000 ) ) ;
#2790 = DIRECTION ( 'NONE',  ( 0.000000000000000000, 0.000000000000000000, 1.000000000000000000 ) ) ;
#2791 = DIRECTION ( 'NONE',  ( 1.000000000000000000, 2.551063935260010491E-16, 0.000000000000000000 ) ) ;
#2792 = CARTESIAN_POINT ( 'NONE',  ( 2.324999999999999734, 3.649484536082479469, -1.600000000000000089 ) ) ;
#2793 = CARTESIAN_POINT ( 'NONE',  ( 0.9827370646086341921, 8.900000000000000355, 3.150274251846084450 ) ) ;
#2794 = EDGE_CURVE ( 'NONE', #4438, #4925, #6763, .T. ) ;
#2795 = DIRECTION ( 'NONE',  ( 1.000000000000000000, 7.228014483236699514E-16, 0.000000000000000000 ) ) ;
#2796 = ORIENTED_EDGE ( 'NONE', *, *, #4228, .T. ) ;
#2797 = VECTOR ( 'NONE', #5382, 1000.000000000000000 ) ;
#2798 = AXIS2_PLACEMENT_3D ( 'NONE', #68, #4905, #5592 ) ;
#2799 = VERTEX_POINT ( 'NONE', #4604 ) ;
#2800 = EDGE_CURVE ( 'NONE', #2258, #8012, #4006, .T. ) ;
#2801 = DIRECTION ( 'NONE',  ( -2.168404344971008079E-15, 1.000000000000000000, 0.000000000000000000 ) ) ;
#2802 = ORIENTED_EDGE ( 'NONE', *, *, #1984, .F. ) ;
#2803 = FACE_OUTER_BOUND ( 'NONE', #6046, .T. ) ;
#2804 = VECTOR ( 'NONE', #1258, 1000.000000000000000 ) ;
#2805 = PLANE ( 'NONE',  #5047 ) ;
#2806 = VECTOR ( 'NONE', #7539, 1000.000000000000000 ) ;
#2807 = VERTEX_POINT ( 'NONE', #1146 ) ;
#2808 = DIRECTION ( 'NONE',  ( 0.000000000000000000, 0.000000000000000000, -1.000000000000000000 ) ) ;
#2809 = EDGE_CURVE ( 'NONE', #1507, #3654, #5594, .T. ) ;
#2810 = CARTESIAN_POINT ( 'NONE',  ( 4.900000000000000355, 4.349484536082479202, -5.800000000000000711 ) ) ;
#2811 = ORIENTED_EDGE ( 'NONE', *, *, #6080, .T. ) ;
#2812 = ORIENTED_EDGE ( 'NONE', *, *, #5038, .T. ) ;
#2813 = VECTOR ( 'NONE', #8484, 1000.000000000000000 ) ;
#2814 = CIRCLE ( 'NONE', #1204, 4.099999999999999645 ) ;
#2815 = ADVANCED_FACE ( 'NONE', ( #2091 ), #8941, .T. ) ;
#2816 = CARTESIAN_POINT ( 'NONE',  ( -3.500000000000001776, 0.4500000000000044520, 1.800000000000000488 ) ) ;
#2817 = LINE ( 'NONE', #195, #4577 ) ;
#2818 = ORIENTED_EDGE ( 'NONE', *, *, #7024, .T. ) ;
#2819 = DIRECTION ( 'NONE',  ( 0.000000000000000000, -1.000000000000000000, 0.000000000000000000 ) ) ;
#2820 = EDGE_CURVE ( 'NONE', #2972, #4440, #5428, .T. ) ;
#2821 = MECHANICAL_DESIGN_GEOMETRIC_PRESENTATION_REPRESENTATION (  '', ( #4882 ), #1212 ) ;
#2822 = VECTOR ( 'NONE', #5049, 1000.000000000000000 ) ;
#2823 = DIRECTION ( 'NONE',  ( 0.000000000000000000, 0.000000000000000000, 1.000000000000000000 ) ) ;
#2824 = PLANE ( 'NONE',  #7027 ) ;
#2825 = VERTEX_POINT ( 'NONE', #1916 ) ;
#2826 = ORIENTED_EDGE ( 'NONE', *, *, #7124, .T. ) ;
#2827 = ORIENTED_EDGE ( 'NONE', *, *, #488, .F. ) ;
#2828 = CARTESIAN_POINT ( 'NONE',  ( 5.538016780164206843, -1.550515463917522041, -8.133954347177770217 ) ) ;
#2829 = CARTESIAN_POINT ( 'NONE',  ( -1.000000000000000000, 3.804101966249689326, 4.299999999999999822 ) ) ;
#2830 = VECTOR ( 'NONE', #1109, 1000.000000000000000 ) ;
#2831 = ORIENTED_EDGE ( 'NONE', *, *, #2139, .F. ) ;
#2832 = DIRECTION ( 'NONE',  ( 0.000000000000000000, 0.000000000000000000, 1.000000000000000000 ) ) ;
#2833 = DIRECTION ( 'NONE',  ( 0.000000000000000000, 0.000000000000000000, 1.000000000000000000 ) ) ;
#2834 = EDGE_CURVE ( 'NONE', #1308, #5512, #8196, .T. ) ;
#2835 = CARTESIAN_POINT ( 'NONE',  ( -4.400000000000002132, 5.100000000000004086, 0.000000000000000000 ) ) ;
#2836 = CARTESIAN_POINT ( 'NONE',  ( -4.899999999999996803, 2.849484536082479647, -4.300000000000009592 ) ) ;
#2837 = AXIS2_PLACEMENT_3D ( 'NONE', #6123, #8337, #638 ) ;
#2838 = EDGE_CURVE ( 'NONE', #4642, #8172, #4446, .T. ) ;
#2839 = DIRECTION ( 'NONE',  ( 0.000000000000000000, 0.000000000000000000, 1.000000000000000000 ) ) ;
#2840 = ORIENTED_EDGE ( 'NONE', *, *, #8999, .T. ) ;
#2841 = ORIENTED_EDGE ( 'NONE', *, *, #7541, .F. ) ;
#2842 = CARTESIAN_POINT ( 'NONE',  ( 4.911598099521945926, -1.550515463917522485, -9.101887738487539181 ) ) ;
#2843 = AXIS2_PLACEMENT_3D ( 'NONE', #1049, #5241, #220 ) ;
#2844 = DIRECTION ( 'NONE',  ( 1.000000000000000000, 1.971276677246371519E-16, 0.000000000000000000 ) ) ;
#2845 = DIRECTION ( 'NONE',  ( -2.491288438666616105E-16, -1.000000000000000000, -3.260780805318072864E-31 ) ) ;
#2846 = CARTESIAN_POINT ( 'NONE',  ( 4.598116167910892393, -1.550515463917522041, -7.662869739802280478 ) ) ;
#2847 = DIRECTION ( 'NONE',  ( 1.000000000000000000, 0.000000000000000000, 0.000000000000000000 ) ) ;
#2848 = EDGE_CURVE ( 'NONE', #2619, #2807, #5330, .T. ) ;
#2849 = CARTESIAN_POINT ( 'NONE',  ( -4.899999999999987033, -1.827374759166200488E-18, -7.400446128206087160 ) ) ;
#2850 = AXIS2_PLACEMENT_3D ( 'NONE', #1761, #3026, #7941 ) ;
#2851 = ORIENTED_EDGE ( 'NONE', *, *, #2305, .F. ) ;
#2852 = ORIENTED_EDGE ( 'NONE', *, *, #4248, .T. ) ;
#2853 = DIRECTION ( 'NONE',  ( 0.000000000000000000, 0.000000000000000000, -1.000000000000000000 ) ) ;
#2854 = ORIENTED_EDGE ( 'NONE', *, *, #4443, .T. ) ;
#2855 = EDGE_CURVE ( 'NONE', #3449, #5815, #8868, .T. ) ;
#2856 = CARTESIAN_POINT ( 'NONE',  ( -0.7967663502707696965, 10.90000000000000036, 1.716269817073340895E-16 ) ) ;
#2857 = CYLINDRICAL_SURFACE ( 'NONE', #7103, 3.850000000000000089 ) ;
#2858 = ORIENTED_EDGE ( 'NONE', *, *, #2094, .T. ) ;
#2859 = CARTESIAN_POINT ( 'NONE',  ( -4.499999999999992895, -3.550515463917520265, -4.300000000000008704 ) ) ;
#2860 = CARTESIAN_POINT ( 'NONE',  ( -0.7967663502707695855, 10.20000000000000107, -0.8947000102205833194 ) ) ;
#2861 = ORIENTED_EDGE ( 'NONE', *, *, #388, .F. ) ;
#2862 = ORIENTED_EDGE ( 'NONE', *, *, #7980, .F. ) ;
#2863 = DIRECTION ( 'NONE',  ( -0.000000000000000000, -0.000000000000000000, -1.000000000000000000 ) ) ;
#2864 = EDGE_CURVE ( 'NONE', #3310, #6173, #7893, .T. ) ;
#2865 = DIRECTION ( 'NONE',  ( 0.000000000000000000, 1.000000000000000000, 0.000000000000000000 ) ) ;
#2866 = ORIENTED_EDGE ( 'NONE', *, *, #8187, .T. ) ;
#2867 = DIRECTION ( 'NONE',  ( -0.000000000000000000, -0.000000000000000000, -1.000000000000000000 ) ) ;
#2868 = EDGE_CURVE ( 'NONE', #6143, #1960, #70, .T. ) ;
#2869 = FACE_OUTER_BOUND ( 'NONE', #3816, .T. ) ;
#2870 = PLANE ( 'NONE',  #1575 ) ;
#2871 = ORIENTED_EDGE ( 'NONE', *, *, #8000, .T. ) ;
#2872 = ORIENTED_EDGE ( 'NONE', *, *, #5642, .F. ) ;
#2873 = ORIENTED_EDGE ( 'NONE', *, *, #8538, .T. ) ;
#2874 = CIRCLE ( 'NONE', #8023, 0.4000000000000001887 ) ;
#2875 = EDGE_LOOP ( 'NONE', ( #492, #7835, #6481, #6552, #6511, #2729, #1223, #2249, #5373, #17, #8152, #9089 ) ) ;
#2876 = ORIENTED_EDGE ( 'NONE', *, *, #3043, .F. ) ;
#2877 = LINE ( 'NONE', #7616, #310 ) ;
#2878 = EDGE_CURVE ( 'NONE', #7439, #8312, #2880, .T. ) ;
#2879 = ORIENTED_EDGE ( 'NONE', *, *, #621, .T. ) ;
#2880 = LINE ( 'NONE', #3022, #7973 ) ;
#2881 = CARTESIAN_POINT ( 'NONE',  ( 0.8032336497292295041, 10.20000000000000107, -0.8947000102205828753 ) ) ;
#2882 = CIRCLE ( 'NONE', #4062, 0.4000000000132786226 ) ;
#2883 = DIRECTION ( 'NONE',  ( 0.000000000000000000, 0.000000000000000000, -1.000000000000000000 ) ) ;
#2884 = CARTESIAN_POINT ( 'NONE',  ( 0.6700000000000000400, 11.70000000000000462, 0.5999999999999998668 ) ) ;
#2885 = EDGE_LOOP ( 'NONE', ( #1798, #7889, #8019, #5356, #6785, #6940, #4924, #7826, #194, #1316, #4019, #8030, #2920, #2134, #7830, #705, #8329, #524, #4489, #445, #2910, #1678, #3638, #8912, #984, #3481, #863, #3106 ) ) ;
#2886 = EDGE_LOOP ( 'NONE', ( #3190, #6588, #7373, #2688 ) ) ;
#2887 = ORIENTED_EDGE ( 'NONE', *, *, #8575, .F. ) ;
#2888 = CARTESIAN_POINT ( 'NONE',  ( -1.734723475976807094E-15, 0.4500000000000040079, 5.000000000000000000 ) ) ;
#2889 = CIRCLE ( 'NONE', #3928, 3.100000000000000977 ) ;
#2890 = EDGE_CURVE ( 'NONE', #8577, #1288, #7249, .T. ) ;
#2891 = CARTESIAN_POINT ( 'NONE',  ( 3.675000000000000266, 3.649484536082479469, -1.600000000000000089 ) ) ;
#2892 = DIRECTION ( 'NONE',  ( -2.491288438666617091E-16, -1.000000000000000000, -3.559366888705205925E-31 ) ) ;
#2893 = LINE ( 'NONE', #5697, #2690 ) ;
#2894 = VECTOR ( 'NONE', #3178, 1000.000000000000000 ) ;
#2895 = AXIS2_PLACEMENT_3D ( 'NONE', #4609, #8016, #3787 ) ;
#2896 = FACE_BOUND ( 'NONE', #8357, .T. ) ;
#2897 = CARTESIAN_POINT ( 'NONE',  ( 0.000000000000000000, 13.00000000009049472, -0.5999999999062310962 ) ) ;
#2898 = ORIENTED_EDGE ( 'NONE', *, *, #3371, .T. ) ;
#2899 = ORIENTED_EDGE ( 'NONE', *, *, #6677, .F. ) ;
#2900 = CIRCLE ( 'NONE', #6140, 3.500000000000000444 ) ;
#2901 = CARTESIAN_POINT ( 'NONE',  ( 2.599999999999999201, 3.338162607258091185E-15, -5.300000000000009592 ) ) ;
#2902 = ORIENTED_EDGE ( 'NONE', *, *, #5550, .F. ) ;
#2903 = EDGE_CURVE ( 'NONE', #3657, #4746, #1347, .T. ) ;
#2904 = DIRECTION ( 'NONE',  ( -0.000000000000000000, -0.000000000000000000, -1.000000000000000000 ) ) ;
#2905 = CARTESIAN_POINT ( 'NONE',  ( -2.599999999999994316, -5.150515463917519909, -4.900000000000008349 ) ) ;
#2906 = EDGE_LOOP ( 'NONE', ( #2609, #1817, #6180, #2796 ) ) ;
#2907 = CARTESIAN_POINT ( 'NONE',  ( -5.238893727143770107, -1.550515463917520931, -8.400000000000009237 ) ) ;
#2908 = PLANE ( 'NONE',  #5005 ) ;
#2909 = AXIS2_PLACEMENT_3D ( 'NONE', #377, #7459, #4652 ) ;
#2910 = ORIENTED_EDGE ( 'NONE', *, *, #726, .F. ) ;
#2911 = ORIENTED_EDGE ( 'NONE', *, *, #1974, .T. ) ;
#2912 = LINE ( 'NONE', #6024, #4286 ) ;
#2913 = CARTESIAN_POINT ( 'NONE',  ( -1.900000000000001910, 5.100000000000004086, 0.000000000000000000 ) ) ;
#2914 = LINE ( 'NONE', #4481, #8478 ) ;
#2915 = DIRECTION ( 'NONE',  ( 0.000000000000000000, 1.000000000000000000, 0.000000000000000000 ) ) ;
#2916 = CARTESIAN_POINT ( 'NONE',  ( -4.900000000000000355, 1.449484536082479957, -5.800000000000009592 ) ) ;
#2917 = EDGE_CURVE ( 'NONE', #4533, #1646, #3618, .T. ) ;
#2918 = ORIENTED_EDGE ( 'NONE', *, *, #5394, .F. ) ;
#2919 = ORIENTED_EDGE ( 'NONE', *, *, #425, .T. ) ;
#2920 = ORIENTED_EDGE ( 'NONE', *, *, #544, .T. ) ;
#2921 = DIRECTION ( 'NONE',  ( 1.000000000000000000, 0.000000000000000000, 0.000000000000000000 ) ) ;
#2922 = PRODUCT ( 'PT01-D_BODY', 'PT01-D_BODY', '', ( #3627 ) ) ;
#2923 = EDGE_LOOP ( 'NONE', ( #6074, #5679, #264, #4310, #7402, #2700 ) ) ;
#2924 = EDGE_CURVE ( 'NONE', #5877, #4816, #4595, .T. ) ;
#2925 = FACE_OUTER_BOUND ( 'NONE', #7244, .T. ) ;
#2926 = CLOSED_SHELL ( 'NONE', ( #5625, #6421, #8216, #8568, #3495, #6141, #182, #6279, #4170, #5537, #2121, #2741, #2613 ) ) ;
#2927 = DIRECTION ( 'NONE',  ( -8.850629979473508477E-17, 1.000000000000000000, -1.358334161808126433E-32 ) ) ;
#2928 = CARTESIAN_POINT ( 'NONE',  ( 0.5000000000000002220, 10.90000000000000036, 1.500000000000000000 ) ) ;
#2929 = CARTESIAN_POINT ( 'NONE',  ( -4.899999999999998579, -1.550515463917520487, -7.400000000000011013 ) ) ;
#2930 = CARTESIAN_POINT ( 'NONE',  ( 0.000000000000000000, -0.5505154639175203757, 0.4000000000000001887 ) ) ;
#2931 = CARTESIAN_POINT ( 'NONE',  ( -0.3999999999999998002, -6.700000000000000178, 0.000000000000000000 ) ) ;
#2932 = EDGE_CURVE ( 'NONE', #7112, #5437, #5871, .T. ) ;
#2933 = APPLICATION_PROTOCOL_DEFINITION ( 'draft international standard', 'automotive_design', 1998, #160 ) ;
#2934 = EDGE_LOOP ( 'NONE', ( #4282, #3252, #7572, #8781 ) ) ;
#2935 = ORIENTED_EDGE ( 'NONE', *, *, #2794, .T. ) ;
#2936 = AXIS2_PLACEMENT_3D ( 'NONE', #2930, #6521, #3672 ) ;
#2937 = CARTESIAN_POINT ( 'NONE',  ( 2.600000000000000533, 2.849484536082478758, -5.300000000000009592 ) ) ;
#2938 = EDGE_CURVE ( 'NONE', #7421, #4241, #4952, .T. ) ;
#2939 = FACE_OUTER_BOUND ( 'NONE', #6209, .T. ) ;
#2940 = DIRECTION ( 'NONE',  ( 0.000000000000000000, 0.000000000000000000, 1.000000000000000000 ) ) ;
#2941 = CYLINDRICAL_SURFACE ( 'NONE', #4748, 0.6500000000000000222 ) ;
#2942 = AXIS2_PLACEMENT_3D ( 'NONE', #7194, #5770, #976 ) ;
#2943 = DIRECTION ( 'NONE',  ( 0.000000000000000000, 0.000000000000000000, 1.000000000000000000 ) ) ;
#2944 = EDGE_CURVE ( 'NONE', #1339, #4436, #1439, .T. ) ;
#2945 = LINE ( 'NONE', #7955, #5985 ) ;
#2946 = ORIENTED_EDGE ( 'NONE', *, *, #8562, .T. ) ;
#2947 = ORIENTED_EDGE ( 'NONE', *, *, #6256, .F. ) ;
#2948 = VECTOR ( 'NONE', #827, 1000.000000000000000 ) ;
#2949 = CYLINDRICAL_SURFACE ( 'NONE', #7086, 0.6750000000000002665 ) ;
#2950 = VERTEX_POINT ( 'NONE', #1486 ) ;
#2951 = DIRECTION ( 'NONE',  ( -0.000000000000000000, -0.000000000000000000, -1.000000000000000000 ) ) ;
#2952 = CARTESIAN_POINT ( 'NONE',  ( 5.238893727143787871, -1.550515463917522041, -8.400000000000000355 ) ) ;
#2953 = CARTESIAN_POINT ( 'NONE',  ( 4.500000000000002665, -5.450515463917523284, 0.000000000000000000 ) ) ;
#2954 = ORIENTED_EDGE ( 'NONE', *, *, #2753, .F. ) ;
#2955 = CARTESIAN_POINT ( 'NONE',  ( 2.600000000000000533, 6.000000000000000000, 1.500000000000000000 ) ) ;
#2956 = VECTOR ( 'NONE', #6513, 1000.000000000000000 ) ;
#2957 = FACE_OUTER_BOUND ( 'NONE', #4105, .T. ) ;
#2958 = EDGE_CURVE ( 'NONE', #2086, #4395, #3578, .T. ) ;
#2959 = VERTEX_POINT ( 'NONE', #7804 ) ;
#2960 = ORIENTED_EDGE ( 'NONE', *, *, #2890, .T. ) ;
#2961 = VECTOR ( 'NONE', #5996, 1000.000000000000000 ) ;
#2962 = VECTOR ( 'NONE', #1857, 1000.000000000000000 ) ;
#2963 = DIRECTION ( 'NONE',  ( 1.000000000000000000, 1.334402673828313339E-16, 0.000000000000000000 ) ) ;
#2964 = VERTEX_POINT ( 'NONE', #2318 ) ;
#2965 = CARTESIAN_POINT ( 'NONE',  ( 3.250000000000001332, -6.500000000000001776, 1.300000000000000266 ) ) ;
#2966 = DIRECTION ( 'NONE',  ( 1.000000000000000000, 0.000000000000000000, 0.000000000000000000 ) ) ;
#2967 = VECTOR ( 'NONE', #5204, 1000.000000000000000 ) ;
#2968 = ORIENTED_EDGE ( 'NONE', *, *, #2242, .T. ) ;
#2969 = AXIS2_PLACEMENT_3D ( 'NONE', #8952, #2621, #3323 ) ;
#2970 = VERTEX_POINT ( 'NONE', #7157 ) ;
#2971 = ORIENTED_EDGE ( 'NONE', *, *, #5329, .F. ) ;
#2972 = VERTEX_POINT ( 'NONE', #4311 ) ;
#2973 = ORIENTED_EDGE ( 'NONE', *, *, #2553, .F. ) ;
#2974 = CARTESIAN_POINT ( 'NONE',  ( 0.6700000000000003730, 10.90000000000000036, 0.5999999999999998668 ) ) ;
#2975 = VERTEX_POINT ( 'NONE', #115 ) ;
#2976 = CARTESIAN_POINT ( 'NONE',  ( -4.500000000000002665, 1.349484536082479869, 0.4000000000000000777 ) ) ;
#2977 = EDGE_CURVE ( 'NONE', #6455, #2439, #7117, .T. ) ;
#2978 = CIRCLE ( 'NONE', #3713, 0.6750000000000002665 ) ;
#2979 = AXIS2_PLACEMENT_3D ( 'NONE', #6100, #8315, #1983 ) ;
#2980 = CARTESIAN_POINT ( 'NONE',  ( 3.000000000000000000, 3.649484536082479469, -1.600000000000000089 ) ) ;
#2981 = DIRECTION ( 'NONE',  ( 0.000000000000000000, 0.000000000000000000, 1.000000000000000000 ) ) ;
#2982 = CARTESIAN_POINT ( 'NONE',  ( -2.899999999999999911, -6.400000000000000355, 0.000000000000000000 ) ) ;
#2983 = PLANE ( 'NONE',  #2629 ) ;
#2984 = LINE ( 'NONE', #167, #8355 ) ;
#2985 = CARTESIAN_POINT ( 'NONE',  ( 0.000000000000000000, 0.000000000000000000, 0.000000000000000000 ) ) ;
#2986 = EDGE_LOOP ( 'NONE', ( #9115, #3651, #8249, #8742 ) ) ;
#2987 = AXIS2_PLACEMENT_3D ( 'NONE', #8911, #7855, #6473 ) ;
#2988 = DIRECTION ( 'NONE',  ( 0.000000000000000000, 0.000000000000000000, -1.000000000000000000 ) ) ;
#2989 = ADVANCED_FACE ( 'NONE', ( #2925 ), #5729, .F. ) ;
#2990 = DIRECTION ( 'NONE',  ( 0.000000000000000000, 0.000000000000000000, -1.000000000000000000 ) ) ;
#2991 = CARTESIAN_POINT ( 'NONE',  ( -4.900000000000001243, 4.349484536082480091, 0.000000000000000000 ) ) ;
#2992 = PLANE ( 'NONE',  #3582 ) ;
#2993 = DIRECTION ( 'NONE',  ( 0.000000000000000000, 1.000000000000000000, 0.000000000000000000 ) ) ;
#2994 = EDGE_CURVE ( 'NONE', #5778, #2429, #208, .T. ) ;
#2995 = DIRECTION ( 'NONE',  ( -1.734723475976805517E-15, 0.000000000000000000, 1.000000000000000000 ) ) ;
#2996 = CARTESIAN_POINT ( 'NONE',  ( 0.6499999999999984679, 0.4500000000000040634, 1.800000000000000711 ) ) ;
#2997 = ORIENTED_EDGE ( 'NONE', *, *, #6945, .F. ) ;
#2998 = AXIS2_PLACEMENT_3D ( 'NONE', #678, #5101, #8475 ) ;
#2999 = DIRECTION ( 'NONE',  ( 0.000000000000000000, 1.000000000000000000, 0.000000000000000000 ) ) ;
#3000 = ORIENTED_EDGE ( 'NONE', *, *, #843, .F. ) ;
#3001 = EDGE_CURVE ( 'NONE', #5437, #6416, #845, .T. ) ;
#3002 = LINE ( 'NONE', #7044, #3115 ) ;
#3003 = FACE_OUTER_BOUND ( 'NONE', #7256, .T. ) ;
#3004 = CARTESIAN_POINT ( 'NONE',  ( -0.4712900224411504246, 8.900000000000000355, 0.2829480708788691956 ) ) ;
#3005 = ORIENTED_EDGE ( 'NONE', *, *, #1964, .F. ) ;
#3006 = LINE ( 'NONE', #4289, #1994 ) ;
#3007 = VECTOR ( 'NONE', #4764, 1000.000000000000000 ) ;
#3008 = UNCERTAINTY_MEASURE_WITH_UNIT (LENGTH_MEASURE( 1.000000000000000082E-05 ), #6766, 'distance_accuracy_value', 'NONE');
#3009 = FACE_OUTER_BOUND ( 'NONE', #3463, .T. ) ;
#3010 = VERTEX_POINT ( 'NONE', #158 ) ;
#3011 = VERTEX_POINT ( 'NONE', #2976 ) ;
#3012 = EDGE_CURVE ( 'NONE', #3063, #1716, #334, .T. ) ;
#3013 = CARTESIAN_POINT ( 'NONE',  ( -1.000000000000000000, 4.426179070414212546, 4.299999999999999822 ) ) ;
#3014 = ORIENTED_EDGE ( 'NONE', *, *, #1412, .T. ) ;
#3015 = LINE ( 'NONE', #930, #8778 ) ;
#3016 = LINE ( 'NONE', #7796, #6615 ) ;
#3017 = ORIENTED_EDGE ( 'NONE', *, *, #4492, .T. ) ;
#3018 = VERTEX_POINT ( 'NONE', #891 ) ;
#3019 = ORIENTED_EDGE ( 'NONE', *, *, #2477, .T. ) ;
#3020 = CARTESIAN_POINT ( 'NONE',  ( -3.675000000000000266, -4.750515463917523107, 0.4000000000000000222 ) ) ;
#3021 = ORIENTED_EDGE ( 'NONE', *, *, #8424, .T. ) ;
#3022 = CARTESIAN_POINT ( 'NONE',  ( 0.4500000000000000111, 0.4500000000000040079, 2.500000000000000000 ) ) ;
#3023 = EDGE_CURVE ( 'NONE', #729, #1403, #3714, .T. ) ;
#3024 = CARTESIAN_POINT ( 'NONE',  ( -2.599999999999993872, -5.150515463917519021, -5.300000000000009592 ) ) ;
#3025 = FACE_OUTER_BOUND ( 'NONE', #5968, .T. ) ;
#3026 = DIRECTION ( 'NONE',  ( 0.000000000000000000, 0.000000000000000000, -1.000000000000000000 ) ) ;
#3027 = DIRECTION ( 'NONE',  ( -0.000000000000000000, -0.000000000000000000, -1.000000000000000000 ) ) ;
#3028 = VECTOR ( 'NONE', #5563, 1000.000000000000000 ) ;
#3029 = LINE ( 'NONE', #1083, #8805 ) ;
#3030 = CARTESIAN_POINT ( 'NONE',  ( 0.000000000000000000, 0.000000000000000000, 0.000000000000000000 ) ) ;
#3031 = ORIENTED_EDGE ( 'NONE', *, *, #1449, .T. ) ;
#3032 = CIRCLE ( 'NONE', #6995, 0.6500000000000000222 ) ;
#3033 = DIRECTION ( 'NONE',  ( -1.931541112668179645E-15, 0.000000000000000000, 1.000000000000000000 ) ) ;
#3034 = CARTESIAN_POINT ( 'NONE',  ( 4.500000000000002665, 1.449484536082478625, -5.800000000000000711 ) ) ;
#3035 = DIRECTION ( 'NONE',  ( -1.000000000000000000, 0.000000000000000000, 0.000000000000000000 ) ) ;
#3036 = DIRECTION ( 'NONE',  ( 1.000000000000000000, 1.734723475976807094E-16, 0.000000000000000000 ) ) ;
#3037 = DIRECTION ( 'NONE',  ( 0.000000000000000000, 0.000000000000000000, 1.000000000000000000 ) ) ;
#3038 = VECTOR ( 'NONE', #2487, 1000.000000000000000 ) ;
#3039 = EDGE_CURVE ( 'NONE', #8205, #2035, #3942, .T. ) ;
#3040 = ORIENTED_EDGE ( 'NONE', *, *, #188, .T. ) ;
#3041 = LINE ( 'NONE', #8664, #3266 ) ;
#3042 = ORIENTED_EDGE ( 'NONE', *, *, #2125, .F. ) ;
#3043 = EDGE_CURVE ( 'NONE', #5960, #875, #2671, .T. ) ;
#3044 = DIRECTION ( 'NONE',  ( 0.000000000000000000, -1.000000000000000000, 0.000000000000000000 ) ) ;
#3045 = MECHANICAL_DESIGN_GEOMETRIC_PRESENTATION_REPRESENTATION (  '', ( #2151 ), #5392 ) ;
#3046 = CARTESIAN_POINT ( 'NONE',  ( 2.600000000000000533, 4.049484536082480268, -5.300000000000009592 ) ) ;
#3047 = LINE ( 'NONE', #1829, #8286 ) ;
#3048 = CARTESIAN_POINT ( 'NONE',  ( -4.499999999999992895, -3.950515463917520620, -4.300000000000008704 ) ) ;
#3049 = LINE ( 'NONE', #4980, #2345 ) ;
#3050 = ORIENTED_EDGE ( 'NONE', *, *, #7368, .T. ) ;
#3051 = ADVANCED_FACE ( 'NONE', ( #1672 ), #6653, .T. ) ;
#3052 = AXIS2_PLACEMENT_3D ( 'NONE', #510, #4697, #9125 ) ;
#3053 = ORIENTED_EDGE ( 'NONE', *, *, #5515, .F. ) ;
#3054 = CARTESIAN_POINT ( 'NONE',  ( 2.500000000000000000, -6.700000000000000178, 0.000000000000000000 ) ) ;
#3055 = EDGE_CURVE ( 'NONE', #8139, #2763, #8040, .T. ) ;
#3056 = CARTESIAN_POINT ( 'NONE',  ( -4.899999999999995914, 1.449484536082479957, -5.900000000000010125 ) ) ;
#3057 = VERTEX_POINT ( 'NONE', #8743 ) ;
#3058 = AXIS2_PLACEMENT_3D ( 'NONE', #1863, #3307, #8934 ) ;
#3059 = CARTESIAN_POINT ( 'NONE',  ( -3.400000000000003020, -2.050000000000001155, 0.000000000000000000 ) ) ;
#3060 = ADVANCED_FACE ( 'NONE', ( #2450 ), #304, .T. ) ;
#3061 = EDGE_LOOP ( 'NONE', ( #6218, #5326, #8973, #8503 ) ) ;
#3062 = ORIENTED_EDGE ( 'NONE', *, *, #2253, .F. ) ;
#3063 = VERTEX_POINT ( 'NONE', #3810 ) ;
#3064 = ORIENTED_EDGE ( 'NONE', *, *, #8621, .F. ) ;
#3065 = CIRCLE ( 'NONE', #6437, 0.4000000000000001887 ) ;
#3066 = DIRECTION ( 'NONE',  ( 0.000000000000000000, 0.000000000000000000, -1.000000000000000000 ) ) ;
#3067 = VERTEX_POINT ( 'NONE', #351 ) ;
#3068 = CARTESIAN_POINT ( 'NONE',  ( -4.499999999999991118, 2.849484536082480091, -6.800000000000009592 ) ) ;
#3069 = DIRECTION ( 'NONE',  ( -1.000000000000000000, 0.000000000000000000, 0.000000000000000000 ) ) ;
#3070 = LINE ( 'NONE', #6657, #8001 ) ;
#3071 = DIRECTION ( 'NONE',  ( -1.931541112668179645E-15, 1.551245237481413525E-31, 1.000000000000000000 ) ) ;
#3072 = CARTESIAN_POINT ( 'NONE',  ( 4.500000000000002665, 4.049484536082480268, -4.900000000000009237 ) ) ;
#3073 = EDGE_CURVE ( 'NONE', #405, #4776, #4669, .T. ) ;
#3074 = VERTEX_POINT ( 'NONE', #3163 ) ;
#3075 = EDGE_CURVE ( 'NONE', #2458, #6097, #7472, .T. ) ;
#3076 = ORIENTED_EDGE ( 'NONE', *, *, #3204, .T. ) ;
#3077 = CARTESIAN_POINT ( 'NONE',  ( -4.500000000000003553, -5.450515463917522396, 0.3999999999999913625 ) ) ;
#3078 = DIRECTION ( 'NONE',  ( -1.000000000000000000, 3.614007241618346306E-16, 7.836629005481910297E-31 ) ) ;
#3079 = DIRECTION ( 'NONE',  ( 1.000000000000000000, 8.828503404524822102E-16, 0.000000000000000000 ) ) ;
#3080 = DIRECTION ( 'NONE',  ( 1.000000000000000000, 0.000000000000000000, 0.000000000000000000 ) ) ;
#3081 = DIRECTION ( 'NONE',  ( -0.000000000000000000, -0.000000000000000000, -1.000000000000000000 ) ) ;
#3082 = DIRECTION ( 'NONE',  ( 0.000000000000000000, -3.469446951953610738E-16, -1.000000000000000000 ) ) ;
#3083 = DIRECTION ( 'NONE',  ( 0.000000000000000000, 0.000000000000000000, -1.000000000000000000 ) ) ;
#3084 = ORIENTED_EDGE ( 'NONE', *, *, #6039, .T. ) ;
#3085 = VECTOR ( 'NONE', #4716, 1000.000000000000000 ) ;
#3086 = CARTESIAN_POINT ( 'NONE',  ( 0.7499999999999997780, -5.549999999999999822, 1.000000000000000000 ) ) ;
#3087 = EDGE_CURVE ( 'NONE', #5556, #694, #5962, .T. ) ;
#3088 = EDGE_CURVE ( 'NONE', #765, #7697, #3985, .T. ) ;
#3089 = DIRECTION ( 'NONE',  ( -1.734723475976807094E-16, 1.000000000000000000, 0.000000000000000000 ) ) ;
#3090 = LINE ( 'NONE', #7274, #4606 ) ;
#3091 =( NAMED_UNIT ( * ) PLANE_ANGLE_UNIT ( ) SI_UNIT ( $, .RADIAN. ) );
#3092 = DIRECTION ( 'NONE',  ( -1.000000000000000000, 0.000000000000000000, 0.000000000000000000 ) ) ;
#3093 = ORIENTED_EDGE ( 'NONE', *, *, #2078, .T. ) ;
#3094 = CIRCLE ( 'NONE', #7209, 0.5000000000000000000 ) ;
#3095 = ORIENTED_EDGE ( 'NONE', *, *, #2809, .F. ) ;
#3096 = DIRECTION ( 'NONE',  ( 0.000000000000000000, 0.000000000000000000, 1.000000000000000000 ) ) ;
#3097 = FACE_OUTER_BOUND ( 'NONE', #3123, .T. ) ;
#3098 = ADVANCED_FACE ( 'NONE', ( #5181 ), #1760, .T. ) ;
#3099 = AXIS2_PLACEMENT_3D ( 'NONE', #8739, #7935, #3066 ) ;
#3100 = ORIENTED_EDGE ( 'NONE', *, *, #6107, .T. ) ;
#3101 = CARTESIAN_POINT ( 'NONE',  ( -3.000000000000001776, 4.650000000000003908, 5.599999999999999645 ) ) ;
#3102 = CARTESIAN_POINT ( 'NONE',  ( -4.500000000000002665, 4.349484536082480091, 0.000000000000000000 ) ) ;
#3103 = ORIENTED_EDGE ( 'NONE', *, *, #336, .F. ) ;
#3104 = ADVANCED_FACE ( 'NONE', ( #4535 ), #3294, .F. ) ;
#3105 = ORIENTED_EDGE ( 'NONE', *, *, #6200, .F. ) ;
#3106 = ORIENTED_EDGE ( 'NONE', *, *, #8344, .F. ) ;
#3107 = AXIS2_PLACEMENT_3D ( 'NONE', #4523, #8165, #6639 ) ;
#3108 = AXIS2_PLACEMENT_3D ( 'NONE', #1117, #3941, #6966 ) ;
#3109 = ORIENTED_EDGE ( 'NONE', *, *, #5253, .T. ) ;
#3110 = PLANE ( 'NONE',  #3990 ) ;
#3111 = VERTEX_POINT ( 'NONE', #8782 ) ;
#3112 = DIRECTION ( 'NONE',  ( 1.000000000000000000, -2.491288438666602300E-16, -1.800706891660234982E-31 ) ) ;
#3113 = EDGE_CURVE ( 'NONE', #8938, #6917, #6052, .T. ) ;
#3114 = DIRECTION ( 'NONE',  ( -1.000000000000000000, 0.000000000000000000, 0.000000000000000000 ) ) ;
#3115 = VECTOR ( 'NONE', #5804, 1000.000000000000114 ) ;
#3116 = DIRECTION ( 'NONE',  ( 0.000000000000000000, 1.000000000000000000, 0.000000000000000000 ) ) ;
#3117 = VECTOR ( 'NONE', #55, 1000.000000000000000 ) ;
#3118 = DIRECTION ( 'NONE',  ( 1.000000000000000000, 0.000000000000000000, 0.000000000000000000 ) ) ;
#3119 = CARTESIAN_POINT ( 'NONE',  ( 0.5000000000000002220, 11.70000000000000462, 1.500000000000000000 ) ) ;
#3120 = ITEM_DEFINED_TRANSFORMATION ( 'NONE', 'NONE', #412,  #3347 ) ;
#3121 = ORIENTED_EDGE ( 'NONE', *, *, #8041, .F. ) ;
#3122 = ORIENTED_EDGE ( 'NONE', *, *, #3986, .F. ) ;
#3123 = EDGE_LOOP ( 'NONE', ( #5226, #3320, #2861, #5264 ) ) ;
#3124 = VECTOR ( 'NONE', #1995, 1000.000000000000000 ) ;
#3125 = CIRCLE ( 'NONE', #1054, 3.100000000000000977 ) ;
#3126 = EDGE_CURVE ( 'NONE', #5222, #887, #8388, .T. ) ;
#3127 = DIRECTION ( 'NONE',  ( 1.931541112668179251E-15, 0.000000000000000000, -1.000000000000000000 ) ) ;
#3128 = CARTESIAN_POINT ( 'NONE',  ( 0.000000000000000000, -6.700000000000000178, -5.750000000000000000 ) ) ;
#3129 = DIRECTION ( 'NONE',  ( -0.000000000000000000, -0.000000000000000000, -1.000000000000000000 ) ) ;
#3130 = LINE ( 'NONE', #7358, #2007 ) ;
#3131 = AXIS2_PLACEMENT_3D ( 'NONE', #3443, #2140, #7669 ) ;
#3132 = AXIS2_PLACEMENT_3D ( 'NONE', #7342, #1035, #3203 ) ;
#3133 = DIRECTION ( 'NONE',  ( -8.850629979473506011E-17, -1.000000000000000000, -0.000000000000000000 ) ) ;
#3134 = ORIENTED_EDGE ( 'NONE', *, *, #2461, .T. ) ;
#3135 = CARTESIAN_POINT ( 'NONE',  ( -2.899999999999999911, -6.700000000000000178, 0.000000000000000000 ) ) ;
#3136 = CARTESIAN_POINT ( 'NONE',  ( -1.479999999999999982, 11.50000000000000000, 0.8499999999999999778 ) ) ;
#3137 = ORIENTED_EDGE ( 'NONE', *, *, #8935, .F. ) ;
#3138 = VECTOR ( 'NONE', #5806, 1000.000000000000114 ) ;
#3139 = DIRECTION ( 'NONE',  ( 0.000000000000000000, 1.000000000000000000, 0.000000000000000000 ) ) ;
#3141 = EDGE_CURVE ( 'NONE', #2177, #6198, #8087, .T. ) ;
#3140 = DIRECTION ( 'NONE',  ( -1.931541112668179251E-15, 0.000000000000000000, 1.000000000000000000 ) ) ;
#3142 = CARTESIAN_POINT ( 'NONE',  ( -1.750000000000000000, -5.549999999999999822, 1.300000000000000266 ) ) ;
#3143 = LINE ( 'NONE', #1064, #8937 ) ;
#3144 = DIRECTION ( 'NONE',  ( 0.000000000000000000, 1.000000000000000000, 0.000000000000000000 ) ) ;
#3145 = VERTEX_POINT ( 'NONE', #6695 ) ;
#3146 = VECTOR ( 'NONE', #6384, 1000.000000000000000 ) ;
#3147 = ORIENTED_EDGE ( 'NONE', *, *, #4512, .F. ) ;
#3148 = EDGE_CURVE ( 'NONE', #3199, #2970, #1617, .T. ) ;
#3149 = CARTESIAN_POINT ( 'NONE',  ( 4.900000000000001243, -2.550515463917522041, -5.800000000000000711 ) ) ;
#3150 = PLANE ( 'NONE',  #741 ) ;
#3151 = VECTOR ( 'NONE', #6637, 1000.000000000000000 ) ;
#3152 = EDGE_LOOP ( 'NONE', ( #5165, #6886, #536, #2267 ) ) ;
#3153 = LINE ( 'NONE', #8913, #3038 ) ;
#3154 = DIRECTION ( 'NONE',  ( 8.850629979473506011E-17, -1.000000000000000000, 0.000000000000000000 ) ) ;
#3155 = ORIENTED_EDGE ( 'NONE', *, *, #831, .F. ) ;
#3156 = ORIENTED_EDGE ( 'NONE', *, *, #5017, .F. ) ;
#3157 = VERTEX_POINT ( 'NONE', #2544 ) ;
#3158 = EDGE_CURVE ( 'NONE', #9018, #2355, #5364, .T. ) ;
#3159 = VERTEX_POINT ( 'NONE', #6968 ) ;
#3160 = CARTESIAN_POINT ( 'NONE',  ( -3.000000000000000000, 3.649484536082479469, 0.4000000000000000222 ) ) ;
#3161 = ORIENTED_EDGE ( 'NONE', *, *, #3191, .F. ) ;
#3162 = ORIENTED_EDGE ( 'NONE', *, *, #657, .F. ) ;
#3163 = CARTESIAN_POINT ( 'NONE',  ( -1.479999999999999982, 11.70000000000000462, 1.000000000000000000 ) ) ;
#3164 = EDGE_CURVE ( 'NONE', #2653, #8163, #1942, .T. ) ;
#3165 = CARTESIAN_POINT ( 'NONE',  ( -4.499999999999992895, -3.950515463917520620, -5.300000000000009592 ) ) ;
#3166 = DIRECTION ( 'NONE',  ( -0.000000000000000000, -1.000000000000000000, -0.000000000000000000 ) ) ;
#3167 = DIRECTION ( 'NONE',  ( 1.000000000000000000, 0.000000000000000000, 0.000000000000000000 ) ) ;
#3168 = ORIENTED_EDGE ( 'NONE', *, *, #1683, .F. ) ;
#3169 = ORIENTED_EDGE ( 'NONE', *, *, #3223, .F. ) ;
#3170 = ADVANCED_FACE ( 'NONE', ( #6831 ), #7654, .F. ) ;
#3171 = ORIENTED_EDGE ( 'NONE', *, *, #5842, .T. ) ;
#3172 = ORIENTED_EDGE ( 'NONE', *, *, #5050, .T. ) ;
#3173 = ADVANCED_FACE ( 'NONE', ( #1216 ), #3336, .T. ) ;
#3174 = DIRECTION ( 'NONE',  ( 0.000000000000000000, -1.000000000000000000, 0.000000000000000000 ) ) ;
#3175 = DIRECTION ( 'NONE',  ( -1.000000000000000000, 0.000000000000000000, 0.000000000000000000 ) ) ;
#3176 = DIRECTION ( 'NONE',  ( 0.000000000000000000, 1.000000000000000000, 0.000000000000000000 ) ) ;
#3177 = DIRECTION ( 'NONE',  ( -1.000000000000000000, 1.761828530288927745E-15, 0.000000000000000000 ) ) ;
#3178 = DIRECTION ( 'NONE',  ( 7.228014483236699514E-16, -1.000000000000000000, 0.000000000000000000 ) ) ;
#3179 = ADVANCED_FACE ( 'NONE', ( #526 ), #8964, .T. ) ;
#3180 = VERTEX_POINT ( 'NONE', #2588 ) ;
#3181 = LINE ( 'NONE', #8804, #6783 ) ;
#3182 = LINE ( 'NONE', #7959, #1635 ) ;
#3183 = VERTEX_POINT ( 'NONE', #6145 ) ;
#3184 = CARTESIAN_POINT ( 'NONE',  ( -2.599999999999994316, -5.150515463917519021, 2.350988701644567659E-30 ) ) ;
#3185 = DIRECTION ( 'NONE',  ( 8.850629979473506011E-17, -1.000000000000000000, 0.000000000000000000 ) ) ;
#3186 = VECTOR ( 'NONE', #794, 1000.000000000000000 ) ;
#3187 = DIRECTION ( 'NONE',  ( -1.000000000000000000, -8.850629979473506011E-17, -0.000000000000000000 ) ) ;
#3188 = CARTESIAN_POINT ( 'NONE',  ( -0.4999999999999997780, 11.70000000000000462, 1.500000000000000000 ) ) ;
#3189 = EDGE_LOOP ( 'NONE', ( #7018, #7398, #5324, #4348 ) ) ;
#3190 = ORIENTED_EDGE ( 'NONE', *, *, #571, .F. ) ;
#3191 = EDGE_CURVE ( 'NONE', #8206, #1474, #1344, .T. ) ;
#3192 = DIRECTION ( 'NONE',  ( 1.000000000000000000, -8.850629979473506011E-17, 0.000000000000000000 ) ) ;
#3193 = DIRECTION ( 'NONE',  ( 1.000000000000000000, -2.491288438666616105E-16, 0.000000000000000000 ) ) ;
#3194 = CARTESIAN_POINT ( 'NONE',  ( 2.349999999999998312, -3.750000000000000000, 5.599999999999999645 ) ) ;
#3195 = ORIENTED_EDGE ( 'NONE', *, *, #4730, .F. ) ;
#3196 = AXIS2_PLACEMENT_3D ( 'NONE', #2849, #8477, #5018 ) ;
#3197 = DIRECTION ( 'NONE',  ( 0.000000000000000000, 1.000000000000000000, 0.000000000000000000 ) ) ;
#3198 = VECTOR ( 'NONE', #376, 1000.000000000000000 ) ;
#3199 = VERTEX_POINT ( 'NONE', #2028 ) ;
#3200 = VERTEX_POINT ( 'NONE', #4761 ) ;
#3201 = DIRECTION ( 'NONE',  ( -0.7071067811865473507, -0.7071067811865477948, 0.000000000000000000 ) ) ;
#3202 =( GEOMETRIC_REPRESENTATION_CONTEXT ( 3 ) GLOBAL_UNCERTAINTY_ASSIGNED_CONTEXT ( ( #3468 ) ) GLOBAL_UNIT_ASSIGNED_CONTEXT ( ( #5510, #7576, #1183 ) ) REPRESENTATION_CONTEXT ( 'NONE', 'WORKASPACE' ) );
#3203 = DIRECTION ( 'NONE',  ( -2.154044051295704582E-16, 0.000000000000000000, 1.000000000000000000 ) ) ;
#3204 = EDGE_CURVE ( 'NONE', #8035, #1605, #4429, .T. ) ;
#3205 = PLANE ( 'NONE',  #5498 ) ;
#3206 = DIRECTION ( 'NONE',  ( 0.8778780114862319017, 7.769773446780632914E-17, -0.4788843252278979223 ) ) ;
#3207 = DIRECTION ( 'NONE',  ( 0.000000000000000000, 0.000000000000000000, 1.000000000000000000 ) ) ;
#3208 = ITEM_DEFINED_TRANSFORMATION ( 'NONE', 'NONE', #2597,  #6276 ) ;
#3209 = ORIENTED_EDGE ( 'NONE', *, *, #8604, .F. ) ;
#3210 = VERTEX_POINT ( 'NONE', #8407 ) ;
#3211 = CIRCLE ( 'NONE', #2015, 3.300000000000000266 ) ;
#3212 = ORIENTED_EDGE ( 'NONE', *, *, #1059, .F. ) ;
#3213 = ORIENTED_EDGE ( 'NONE', *, *, #7024, .F. ) ;
#3214 = EDGE_CURVE ( 'NONE', #5667, #3345, #7517, .T. ) ;
#3215 = DIRECTION ( 'NONE',  ( 0.000000000000000000, 0.000000000000000000, 1.000000000000000000 ) ) ;
#3216 = SURFACE_SIDE_STYLE ('',( #4683 ) ) ;
#3217 = EDGE_CURVE ( 'NONE', #9031, #2825, #1893, .T. ) ;
#3218 = FACE_OUTER_BOUND ( 'NONE', #7279, .T. ) ;
#3219 = LINE ( 'NONE', #6711, #6964 ) ;
#3220 = DIRECTION ( 'NONE',  ( 8.850629979473506011E-17, 1.000000000000000000, 0.000000000000000000 ) ) ;
#3221 = CARTESIAN_POINT ( 'NONE',  ( -4.499999999999989342, -3.050515463917520265, -5.900000000000009237 ) ) ;
#3222 = ORIENTED_EDGE ( 'NONE', *, *, #4730, .T. ) ;
#3223 = EDGE_CURVE ( 'NONE', #215, #5260, #5583, .T. ) ;
#3224 = DIRECTION ( 'NONE',  ( 0.000000000000000000, 0.000000000000000000, -1.000000000000000000 ) ) ;
#3225 = CARTESIAN_POINT ( 'NONE',  ( 2.100000000000000089, -6.700000000000000178, -4.928191693115928797E-17 ) ) ;
#3226 = VERTEX_POINT ( 'NONE', #4071 ) ;
#3227 = CARTESIAN_POINT ( 'NONE',  ( -4.499999999999992006, -3.950515463917520620, -4.900000000000009237 ) ) ;
#3228 = EDGE_CURVE ( 'NONE', #7420, #2122, #4894, .T. ) ;
#3229 = DIRECTION ( 'NONE',  ( 0.000000000000000000, 0.000000000000000000, 1.000000000000000000 ) ) ;
#3230 = CIRCLE ( 'NONE', #1009, 3.500000000000000000 ) ;
#3231 = DIRECTION ( 'NONE',  ( -1.000000000000000000, 0.000000000000000000, -8.881784197001252323E-16 ) ) ;
#3232 = CARTESIAN_POINT ( 'NONE',  ( 0.000000000000000000, -6.700000000000000178, -1.350000000000000089 ) ) ;
#3233 = ORIENTED_EDGE ( 'NONE', *, *, #5573, .T. ) ;
#3234 = AXIS2_PLACEMENT_3D ( 'NONE', #3431, #2545, #2995 ) ;
#3235 = PLANE ( 'NONE',  #2969 ) ;
#3236 = CARTESIAN_POINT ( 'NONE',  ( 4.412981643411523436, 0.4494845360824787917, -11.10811226151246878 ) ) ;
#3237 = CARTESIAN_POINT ( 'NONE',  ( -3.600000000000001421, -5.950000000000000178, 0.000000000000000000 ) ) ;
#3238 = ORIENTED_EDGE ( 'NONE', *, *, #4394, .F. ) ;
#3239 = CARTESIAN_POINT ( 'NONE',  ( 0.8032336497292296151, 10.20000000000000107, -2.404700010220583106 ) ) ;
#3240 = AXIS2_PLACEMENT_3D ( 'NONE', #8594, #8684, #8499 ) ;
#3241 = CARTESIAN_POINT ( 'NONE',  ( 4.900000000000001243, -2.550515463917522041, 0.4000000000000000222 ) ) ;
#3242 = EDGE_LOOP ( 'NONE', ( #4693, #1977, #302, #8994 ) ) ;
#3243 = DIRECTION ( 'NONE',  ( 0.000000000000000000, 0.000000000000000000, 1.000000000000000000 ) ) ;
#3244 = EDGE_LOOP ( 'NONE', ( #6375, #4027, #1653, #2720, #7891, #6230, #5998 ) ) ;
#3245 = VECTOR ( 'NONE', #1979, 1000.000000000000000 ) ;
#3246 = DIRECTION ( 'NONE',  ( 0.000000000000000000, 0.000000000000000000, 1.000000000000000000 ) ) ;
#3247 = EDGE_CURVE ( 'NONE', #6874, #1372, #8267, .T. ) ;
#3248 = DIRECTION ( 'NONE',  ( 0.000000000000000000, 1.000000000000000000, 0.000000000000000000 ) ) ;
#3249 = CARTESIAN_POINT ( 'NONE',  ( -3.400000000000003464, -2.050000000000000711, 0.5000000000000000000 ) ) ;
#3250 = DIRECTION ( 'NONE',  ( 0.000000000000000000, 1.000000000000000000, 0.000000000000000000 ) ) ;
#3251 = TOROIDAL_SURFACE ( 'NONE', #8406, 3.500000000000000000, 0.3999999999999990785 ) ;
#3252 = ORIENTED_EDGE ( 'NONE', *, *, #5133, .T. ) ;
#3253 = ORIENTED_EDGE ( 'NONE', *, *, #567, .T. ) ;
#3254 = VERTEX_POINT ( 'NONE', #1384 ) ;
#3255 = VERTEX_POINT ( 'NONE', #2723 ) ;
#3256 = DIRECTION ( 'NONE',  ( -1.495451272393799296E-16, 1.000000000000000000, 0.000000000000000000 ) ) ;
#3257 = VERTEX_POINT ( 'NONE', #3474 ) ;
#3258 = VECTOR ( 'NONE', #9047, 1000.000000000000000 ) ;
#3259 = CIRCLE ( 'NONE', #4867, 3.100000000000000977 ) ;
#3260 =( NAMED_UNIT ( * ) PLANE_ANGLE_UNIT ( ) SI_UNIT ( $, .RADIAN. ) );
#3261 = FACE_OUTER_BOUND ( 'NONE', #1461, .T. ) ;
#3262 = DIRECTION ( 'NONE',  ( 0.000000000000000000, 1.000000000000000000, 0.000000000000000000 ) ) ;
#3263 = CARTESIAN_POINT ( 'NONE',  ( 0.000000000000000000, 10.20000000000000107, -2.404700010220583106 ) ) ;
#3264 = VERTEX_POINT ( 'NONE', #6275 ) ;
#3265 = VECTOR ( 'NONE', #822, 1000.000000000000000 ) ;
#3266 = VECTOR ( 'NONE', #5942, 1000.000000000000000 ) ;
#3267 = ORIENTED_EDGE ( 'NONE', *, *, #8904, .F. ) ;
#3268 = EDGE_CURVE ( 'NONE', #8172, #5533, #6921, .T. ) ;
#3269 = CYLINDRICAL_SURFACE ( 'NONE', #3403, 0.6500000000000001332 ) ;
#3270 = DIRECTION ( 'NONE',  ( 1.000000000000000000, 0.000000000000000000, 1.232047923278982446E-16 ) ) ;
#3271 = ORIENTED_EDGE ( 'NONE', *, *, #7074, .F. ) ;
#3272 = DIRECTION ( 'NONE',  ( 0.000000000000000000, 0.000000000000000000, 1.000000000000000000 ) ) ;
#3273 =( GEOMETRIC_REPRESENTATION_CONTEXT ( 3 ) GLOBAL_UNCERTAINTY_ASSIGNED_CONTEXT ( ( #3008 ) ) GLOBAL_UNIT_ASSIGNED_CONTEXT ( ( #6766, #4008, #6810 ) ) REPRESENTATION_CONTEXT ( 'NONE', 'WORKASPACE' ) );
#3274 = DIRECTION ( 'NONE',  ( 0.000000000000000000, 1.000000000000000000, 0.000000000000000000 ) ) ;
#3275 = DIRECTION ( 'NONE',  ( 0.4226182617407091557, 0.000000000000000000, -0.9063077870366453848 ) ) ;
#3276 = VECTOR ( 'NONE', #2409, 1000.000000000000000 ) ;
#3277 = SURFACE_SIDE_STYLE ('',( #424 ) ) ;
#3278 = CARTESIAN_POINT ( 'NONE',  ( 0.4499999999999991229, -3.020950878361716274, 2.100000000000000089 ) ) ;
#3279 = EDGE_LOOP ( 'NONE', ( #5772, #8894, #3435, #5865, #8415 ) ) ;
#3280 = EDGE_CURVE ( 'NONE', #7755, #2608, #7564, .T. ) ;
#3281 = CIRCLE ( 'NONE', #1497, 0.5000000000000004441 ) ;
#3282 = CARTESIAN_POINT ( 'NONE',  ( 0.4999999999999982792, -2.050000000000000711, 0.5000000000000000000 ) ) ;
#3283 = FACE_OUTER_BOUND ( 'NONE', #1981, .T. ) ;
#3284 = DIRECTION ( 'NONE',  ( -0.000000000000000000, -0.000000000000000000, -1.000000000000000000 ) ) ;
#3285 = ORIENTED_EDGE ( 'NONE', *, *, #6147, .F. ) ;
#3286 = DIRECTION ( 'NONE',  ( 1.000000000000000000, 0.000000000000000000, 0.000000000000000000 ) ) ;
#3287 = AXIS2_PLACEMENT_3D ( 'NONE', #5479, #6486, #3500 ) ;
#3288 = DIRECTION ( 'NONE',  ( 0.000000000000000000, -1.734723475976806848E-16, 1.000000000000000000 ) ) ;
#3289 = ORIENTED_EDGE ( 'NONE', *, *, #2924, .F. ) ;
#3290 = ORIENTED_EDGE ( 'NONE', *, *, #1880, .F. ) ;
#3291 = EDGE_CURVE ( 'NONE', #1308, #8031, #2766, .T. ) ;
#3292 = FACE_OUTER_BOUND ( 'NONE', #3279, .T. ) ;
#3293 = CIRCLE ( 'NONE', #1508, 0.6750000000000002665 ) ;
#3294 = PLANE ( 'NONE',  #3132 ) ;
#3295 = CARTESIAN_POINT ( 'NONE',  ( 0.8032336497292296151, 11.70000000000000462, -1.604700010220583728 ) ) ;
#3296 = CARTESIAN_POINT ( 'NONE',  ( 4.500000000000002665, 1.949484536082478847, -5.900000000000000355 ) ) ;
#3297 = LINE ( 'NONE', #5413, #262 ) ;
#3298 = VECTOR ( 'NONE', #3883, 1000.000000000000000 ) ;
#3299 = ORIENTED_EDGE ( 'NONE', *, *, #6559, .F. ) ;
#3300 = ORIENTED_EDGE ( 'NONE', *, *, #3996, .F. ) ;
#3301 = ORIENTED_EDGE ( 'NONE', *, *, #7666, .F. ) ;
#3302 = PLANE ( 'NONE',  #896 ) ;
#3303 = EDGE_CURVE ( 'NONE', #2716, #6701, #1770, .T. ) ;
#3304 = ORIENTED_EDGE ( 'NONE', *, *, #7535, .T. ) ;
#3305 = PRESENTATION_STYLE_ASSIGNMENT (( #2647 ) ) ;
#3306 = DIRECTION ( 'NONE',  ( 0.000000000000000000, -8.673617379884039416E-16, -1.000000000000000000 ) ) ;
#3307 = DIRECTION ( 'NONE',  ( -0.000000000000000000, -0.000000000000000000, -1.000000000000000000 ) ) ;
#3308 = EDGE_CURVE ( 'NONE', #6773, #7243, #3402, .T. ) ;
#3309 = EDGE_LOOP ( 'NONE', ( #5775, #5787, #5118, #4862, #9004, #4384, #4243, #1483 ) ) ;
#3310 = VERTEX_POINT ( 'NONE', #1567 ) ;
#3311 = CARTESIAN_POINT ( 'NONE',  ( 0.000000000000000000, 8.500000000000000000, 0.000000000000000000 ) ) ;
#3312 = FACE_OUTER_BOUND ( 'NONE', #9109, .T. ) ;
#3313 = LINE ( 'NONE', #549, #911 ) ;
#3314 = CYLINDRICAL_SURFACE ( 'NONE', #382, 0.4000000000000001887 ) ;
#3315 = CARTESIAN_POINT ( 'NONE',  ( -5.238893727143770107, 0.4494845360824794023, -8.400000000000009237 ) ) ;
#3316 = CARTESIAN_POINT ( 'NONE',  ( -4.899999999999995026, -3.950515463917520620, -4.300000000000008704 ) ) ;
#3317 = EDGE_CURVE ( 'NONE', #752, #8402, #2211, .T. ) ;
#3318 = LINE ( 'NONE', #4142, #1729 ) ;
#3319 = VECTOR ( 'NONE', #3541, 1000.000000000000000 ) ;
#3320 = ORIENTED_EDGE ( 'NONE', *, *, #6959, .F. ) ;
#3321 = ORIENTED_EDGE ( 'NONE', *, *, #4248, .F. ) ;
#3322 = EDGE_CURVE ( 'NONE', #3863, #5512, #2213, .T. ) ;
#3323 = DIRECTION ( 'NONE',  ( 1.000000000000000000, 0.000000000000000000, 0.000000000000000000 ) ) ;
#3324 = ORIENTED_EDGE ( 'NONE', *, *, #6139, .F. ) ;
#3325 = LINE ( 'NONE', #6133, #8860 ) ;
#3326 = VECTOR ( 'NONE', #9102, 1000.000000000000000 ) ;
#3327 = CARTESIAN_POINT ( 'NONE',  ( 1.090871211463567247, -0.05000000000000070360, 0.5000000000000000000 ) ) ;
#3328 = ORIENTED_EDGE ( 'NONE', *, *, #5526, .F. ) ;
#3329 = DIRECTION ( 'NONE',  ( 1.000000000000000000, 0.000000000000000000, 0.000000000000000000 ) ) ;
#3330 = EDGE_CURVE ( 'NONE', #5709, #6904, #1523, .T. ) ;
#3331 = DIRECTION ( 'NONE',  ( 1.000000000000000000, 2.551063935260010491E-16, 0.000000000000000000 ) ) ;
#3332 = ORIENTED_EDGE ( 'NONE', *, *, #3073, .F. ) ;
#3333 = VECTOR ( 'NONE', #8820, 1000.000000000000000 ) ;
#3334 = EDGE_CURVE ( 'NONE', #1288, #3018, #1472, .T. ) ;
#3335 = DIRECTION ( 'NONE',  ( -8.850629979473506011E-17, -1.000000000000000000, 0.000000000000000000 ) ) ;
#3336 = PLANE ( 'NONE',  #6942 ) ;
#3337 = AXIS2_PLACEMENT_3D ( 'NONE', #4551, #5289, #1864 ) ;
#3338 = CIRCLE ( 'NONE', #100, 0.5000000000000002220 ) ;
#3339 = EDGE_CURVE ( 'NONE', #5533, #4590, #6335, .T. ) ;
#3340 = DIRECTION ( 'NONE',  ( -1.000000000000000000, 0.000000000000000000, 0.000000000000000000 ) ) ;
#3341 = CARTESIAN_POINT ( 'NONE',  ( -4.499999999999990230, -2.550515463917520709, -5.900000000000010125 ) ) ;
#3342 = DIRECTION ( 'NONE',  ( 0.000000000000000000, 0.000000000000000000, 1.000000000000000000 ) ) ;
#3343 = EDGE_CURVE ( 'NONE', #5811, #4499, #2168, .T. ) ;
#3344 = ORIENTED_EDGE ( 'NONE', *, *, #6819, .T. ) ;
#3345 = VERTEX_POINT ( 'NONE', #2913 ) ;
#3346 = ORIENTED_EDGE ( 'NONE', *, *, #5972, .F. ) ;
#3347 = AXIS2_PLACEMENT_3D ( 'NONE', #6845, #3448, #3398 ) ;
#3348 = VECTOR ( 'NONE', #3822, 1000.000000000000000 ) ;
#3349 = CARTESIAN_POINT ( 'NONE',  ( -4.900000000000000355, 2.449484536082479735, -4.300000000000009592 ) ) ;
#3350 = ORIENTED_EDGE ( 'NONE', *, *, #6590, .F. ) ;
#3351 = LINE ( 'NONE', #6157, #3723 ) ;
#3352 = ADVANCED_FACE ( 'NONE', ( #8590 ), #7792, .T. ) ;
#3353 = FACE_OUTER_BOUND ( 'NONE', #8429, .T. ) ;
#3354 = VECTOR ( 'NONE', #6085, 1000.000000000000000 ) ;
#3355 = LINE ( 'NONE', #4774, #986 ) ;
#3356 = ADVANCED_FACE ( 'NONE', ( #7843 ), #1430, .T. ) ;
#3357 = VERTEX_POINT ( 'NONE', #4386 ) ;
#3358 = VERTEX_POINT ( 'NONE', #8453 ) ;
#3359 = PLANE ( 'NONE',  #2030 ) ;
#3360 = LINE ( 'NONE', #1144, #1924 ) ;
#3361 = VECTOR ( 'NONE', #8617, 1000.000000000000114 ) ;
#3362 = CARTESIAN_POINT ( 'NONE',  ( -1.734723475976807094E-15, 0.4500000000000040079, 2.500000000000000000 ) ) ;
#3363 = DIRECTION ( 'NONE',  ( 8.850629979473506011E-17, -1.000000000000000000, -3.614007241618349757E-16 ) ) ;
#3364 = DIRECTION ( 'NONE',  ( 0.000000000000000000, 0.000000000000000000, 1.000000000000000000 ) ) ;
#3365 = CARTESIAN_POINT ( 'NONE',  ( 3.399999999999998579, -2.050000000000001155, 0.5000000000000000000 ) ) ;
#3366 = CARTESIAN_POINT ( 'NONE',  ( -5.259901047426943421, -1.550515463917520487, -9.291887738487545789 ) ) ;
#3367 = ORIENTED_EDGE ( 'NONE', *, *, #5184, .T. ) ;
#3368 = ORIENTED_EDGE ( 'NONE', *, *, #4274, .T. ) ;
#3369 = PLANE ( 'NONE',  #1489 ) ;
#3370 = EDGE_LOOP ( 'NONE', ( #7933, #6265, #4614, #4064 ) ) ;
#3371 = EDGE_CURVE ( 'NONE', #8807, #4590, #2817, .T. ) ;
#3372 = AXIS2_PLACEMENT_3D ( 'NONE', #4865, #8291, #6848 ) ;
#3373 = FACE_OUTER_BOUND ( 'NONE', #8618, .T. ) ;
#3374 = CARTESIAN_POINT ( 'NONE',  ( -4.499999999999989342, -3.550515463917520709, -5.900000000000009237 ) ) ;
#3375 = VERTEX_POINT ( 'NONE', #3607 ) ;
#3376 = DIRECTION ( 'NONE',  ( 0.000000000000000000, 0.000000000000000000, 1.000000000000000000 ) ) ;
#3377 = PRODUCT_DEFINITION ( 'UNKNOWN', '', #7902, #9095 ) ;
#3378 = CIRCLE ( 'NONE', #4550, 4.099999999999999645 ) ;
#3379 = ORIENTED_EDGE ( 'NONE', *, *, #1192, .F. ) ;
#3380 = DIRECTION ( 'NONE',  ( -1.278426997811956241E-48, -3.439160614977206978E-33, 1.000000000000000000 ) ) ;
#3381 = EDGE_CURVE ( 'NONE', #1243, #4950, #7221, .T. ) ;
#3382 = DIRECTION ( 'NONE',  ( 0.000000000000000000, 1.000000000000000000, 0.000000000000000000 ) ) ;
#3383 = CARTESIAN_POINT ( 'NONE',  ( 0.5000000000000005551, 11.50000000000000000, 2.299999999999999822 ) ) ;
#3384 = LINE ( 'NONE', #658, #3326 ) ;
#3385 = EDGE_CURVE ( 'NONE', #5709, #1070, #4431, .T. ) ;
#3386 = DIRECTION ( 'NONE',  ( 1.000000000000000000, 0.000000000000000000, -1.618212197739559129E-16 ) ) ;
#3387 = LINE ( 'NONE', #6745, #6290 ) ;
#3388 = VERTEX_POINT ( 'NONE', #3013 ) ;
#3389 = EDGE_LOOP ( 'NONE', ( #7802, #5712, #6387, #193 ) ) ;
#3390 = PRESENTATION_LAYER_ASSIGNMENT (  '', '', ( #4121 ) ) ;
#3391 = CARTESIAN_POINT ( 'NONE',  ( 2.999999999999998224, 4.650000000000004796, 5.599999999999999645 ) ) ;
#3392 = ADVANCED_FACE ( 'NONE', ( #57 ), #3652, .F. ) ;
#3393 = ORIENTED_EDGE ( 'NONE', *, *, #9127, .T. ) ;
#3394 = CYLINDRICAL_SURFACE ( 'NONE', #1203, 0.8000000000000003775 ) ;
#3395 = DIRECTION ( 'NONE',  ( 1.000000000000000000, 1.334402673828313339E-16, 0.000000000000000000 ) ) ;
#3396 = AXIS2_PLACEMENT_3D ( 'NONE', #8359, #2167, #8314 ) ;
#3397 = CYLINDRICAL_SURFACE ( 'NONE', #256, 3.850000000000000089 ) ;
#3398 = DIRECTION ( 'NONE',  ( 1.000000000000000000, 0.000000000000000000, 0.000000000000000000 ) ) ;
#3399 = ORIENTED_EDGE ( 'NONE', *, *, #9024, .T. ) ;
#3400 = ORIENTED_EDGE ( 'NONE', *, *, #866, .F. ) ;
#3401 = PLANE ( 'NONE',  #5284 ) ;
#3402 = CIRCLE ( 'NONE', #6926, 0.2000000000000000944 ) ;
#3403 = AXIS2_PLACEMENT_3D ( 'NONE', #3963, #4005, #8897 ) ;
#3404 = DIRECTION ( 'NONE',  ( 0.000000000000000000, -1.000000000000000000, 0.000000000000000000 ) ) ;
#3405 = FACE_OUTER_BOUND ( 'NONE', #6818, .T. ) ;
#3406 = DIRECTION ( 'NONE',  ( 0.4788843252278996987, 0.000000000000000000, -0.8778780114862311246 ) ) ;
#3407 = LINE ( 'NONE', #6769, #6220 ) ;
#3408 = DIRECTION ( 'NONE',  ( 0.000000000000000000, 0.000000000000000000, -1.000000000000000000 ) ) ;
#3409 = VECTOR ( 'NONE', #3139, 1000.000000000000000 ) ;
#3410 = VECTOR ( 'NONE', #3507, 1000.000000000000000 ) ;
#3411 = CARTESIAN_POINT ( 'NONE',  ( 4.500000000000002665, -3.550515463917521153, 0.000000000000000000 ) ) ;
#3412 = ORIENTED_EDGE ( 'NONE', *, *, #1152, .T. ) ;
#3413 = EDGE_LOOP ( 'NONE', ( #809, #5660, #95, #3961, #649, #6929, #993, #1222, #2079, #620, #5163, #7626 ) ) ;
#3414 = DIRECTION ( 'NONE',  ( 0.000000000000000000, 0.000000000000000000, -1.000000000000000000 ) ) ;
#3415 = ORIENTED_EDGE ( 'NONE', *, *, #2977, .T. ) ;
#3416 = AXIS2_PLACEMENT_3D ( 'NONE', #2103, #4270, #7081 ) ;
#3417 = ADVANCED_FACE ( 'NONE', ( #2260 ), #5080, .F. ) ;
#3418 = AXIS2_PLACEMENT_3D ( 'NONE', #24, #2565, #2832 ) ;
#3419 = DIRECTION ( 'NONE',  ( 0.000000000000000000, 1.000000000000000000, 0.000000000000000000 ) ) ;
#3420 = DIRECTION ( 'NONE',  ( -1.000000000000000000, 2.491288438666616105E-16, -1.931541112668179645E-15 ) ) ;
#3421 = ORIENTED_EDGE ( 'NONE', *, *, #4999, .F. ) ;
#3422 = CARTESIAN_POINT ( 'NONE',  ( 2.598076211352134290, 0.5000000000002244871, 1.500000000000222933 ) ) ;
#3423 = APPLICATION_CONTEXT ( 'automotive_design' ) ;
#3424 = CARTESIAN_POINT ( 'NONE',  ( 4.399999999999998579, 5.100000000000004086, 0.000000000000000000 ) ) ;
#3425 = VECTOR ( 'NONE', #3465, 1000.000000000000000 ) ;
#3426 = ORIENTED_EDGE ( 'NONE', *, *, #2864, .T. ) ;
#3427 = FACE_OUTER_BOUND ( 'NONE', #2594, .T. ) ;
#3428 = DIRECTION ( 'NONE',  ( 0.000000000000000000, 1.000000000000000000, 0.000000000000000000 ) ) ;
#3429 = CIRCLE ( 'NONE', #2837, 3.000000000000000444 ) ;
#3430 = DIRECTION ( 'NONE',  ( 0.000000000000000000, 0.000000000000000000, 1.000000000000000000 ) ) ;
#3431 = CARTESIAN_POINT ( 'NONE',  ( -4.499999999999988454, 1.949484536082480179, -5.900000000000009237 ) ) ;
#3432 = LINE ( 'NONE', #6882, #4412 ) ;
#3433 = CARTESIAN_POINT ( 'NONE',  ( 0.000000000000000000, 10.20000000000000107, 0.000000000000000000 ) ) ;
#3434 = EDGE_CURVE ( 'NONE', #5398, #3057, #8636, .T. ) ;
#3435 = ORIENTED_EDGE ( 'NONE', *, *, #7901, .T. ) ;
#3436 = ORIENTED_EDGE ( 'NONE', *, *, #6788, .T. ) ;
#3437 = VECTOR ( 'NONE', #2241, 1000.000000000000000 ) ;
#3438 = EDGE_LOOP ( 'NONE', ( #1013, #3289, #7578, #1666 ) ) ;
#3439 = CARTESIAN_POINT ( 'NONE',  ( -1.749999999999999778, -6.400000000000000355, -1.350000000000000089 ) ) ;
#3440 = PRODUCT_DEFINITION_SHAPE ( 'NONE', 'NONE',  #9131 ) ;
#3441 = ORIENTED_EDGE ( 'NONE', *, *, #3247, .F. ) ;
#3442 = ADVANCED_FACE ( 'NONE', ( #2307 ), #5628, .T. ) ;
#3443 = CARTESIAN_POINT ( 'NONE',  ( -3.000000000000001776, 4.650000000000003908, 5.599999999999999645 ) ) ;
#3444 = VECTOR ( 'NONE', #989, 1000.000000000000000 ) ;
#3445 = DIRECTION ( 'NONE',  ( -1.000000000000000000, 0.000000000000000000, 0.000000000000000000 ) ) ;
#3446 = LINE ( 'NONE', #7575, #2309 ) ;
#3447 = ADVANCED_FACE ( 'N', ( #4985 ), #3931, .T. ) ;
#3448 = DIRECTION ( 'NONE',  ( 0.000000000000000000, 0.000000000000000000, 1.000000000000000000 ) ) ;
#3449 = VERTEX_POINT ( 'NONE', #3840 ) ;
#3450 = ORIENTED_EDGE ( 'NONE', *, *, #3768, .F. ) ;
#3451 = DIRECTION ( 'NONE',  ( 1.000000000000000000, 0.000000000000000000, 0.000000000000000000 ) ) ;
#3452 = CARTESIAN_POINT ( 'NONE',  ( 2.349999999999998312, 4.650000000000004796, 5.599999999999999645 ) ) ;
#3453 = ADVANCED_FACE ( 'NONE', ( #243 ), #6591, .F. ) ;
#3454 = CARTESIAN_POINT ( 'NONE',  ( 3.675000000000000266, -4.750515463917523107, 0.4000000000000000222 ) ) ;
#3455 = DIRECTION ( 'NONE',  ( 0.000000000000000000, 3.614007241618349757E-16, -1.000000000000000000 ) ) ;
#3456 = LINE ( 'NONE', #9038, #5343 ) ;
#3457 = DIRECTION ( 'NONE',  ( 0.000000000000000000, 0.000000000000000000, 1.000000000000000000 ) ) ;
#3458 = ADVANCED_FACE ( 'NONE', ( #4657 ), #8124, .T. ) ;
#3459 = DIRECTION ( 'NONE',  ( 1.000000000000000000, 0.000000000000000000, 1.232047923278982446E-16 ) ) ;
#3460 = ORIENTED_EDGE ( 'NONE', *, *, #4968, .F. ) ;
#3461 = VERTEX_POINT ( 'NONE', #971 ) ;
#3462 = PLANE ( 'NONE',  #8567 ) ;
#3463 = EDGE_LOOP ( 'NONE', ( #3399, #7234, #5008, #8426 ) ) ;
#3464 = LINE ( 'NONE', #647, #8114 ) ;
#3465 = DIRECTION ( 'NONE',  ( 1.000000000000000000, 0.000000000000000000, 0.000000000000000000 ) ) ;
#3466 = ORIENTED_EDGE ( 'NONE', *, *, #8951, .F. ) ;
#3467 = FACE_OUTER_BOUND ( 'NONE', #6003, .T. ) ;
#3468 = UNCERTAINTY_MEASURE_WITH_UNIT (LENGTH_MEASURE( 1.000000000000000082E-05 ), #5510, 'distance_accuracy_value', 'NONE');
#3469 = EDGE_CURVE ( 'NONE', #3388, #513, #4616, .T. ) ;
#3470 = ORIENTED_EDGE ( 'NONE', *, *, #7110, .F. ) ;
#3471 = ORIENTED_EDGE ( 'NONE', *, *, #7005, .F. ) ;
#3472 = DIRECTION ( 'NONE',  ( 2.154044051295704582E-16, 0.000000000000000000, 1.000000000000000000 ) ) ;
#3473 = VECTOR ( 'NONE', #2745, 1000.000000000000000 ) ;
#3474 = CARTESIAN_POINT ( 'NONE',  ( 1.342230922150143391, 10.20000000000000107, -3.014700010220582538 ) ) ;
#3475 = LINE ( 'NONE', #1345, #2141 ) ;
#3476 = DIRECTION ( 'NONE',  ( -8.850629979473506011E-17, 1.000000000000000000, 0.000000000000000000 ) ) ;
#3477 = VECTOR ( 'NONE', #60, 1000.000000000000000 ) ;
#3478 = LINE ( 'NONE', #5633, #6735 ) ;
#3479 = VERTEX_POINT ( 'NONE', #3056 ) ;
#3480 = ORIENTED_EDGE ( 'NONE', *, *, #7427, .F. ) ;
#3481 = ORIENTED_EDGE ( 'NONE', *, *, #1343, .F. ) ;
#3482 = VERTEX_POINT ( 'NONE', #1020 ) ;
#3483 = CARTESIAN_POINT ( 'NONE',  ( 5.708436666169093954, 0.4494845360824782921, -8.329999999999998295 ) ) ;
#3484 = CARTESIAN_POINT ( 'NONE',  ( 3.399999999999998579, 0.9500000000000038414, 0.5000000000000000000 ) ) ;
#3485 = AXIS2_PLACEMENT_3D ( 'NONE', #7003, #7694, #5622 ) ;
#3486 = CARTESIAN_POINT ( 'NONE',  ( -0.5000000000000027756, -2.050000000000001155, 0.000000000000000000 ) ) ;
#3487 = CARTESIAN_POINT ( 'NONE',  ( 4.500000000000002665, -1.550515463917522041, -7.550000000000000711 ) ) ;
#3488 = EDGE_CURVE ( 'NONE', #4841, #4994, #5353, .T. ) ;
#3489 = CARTESIAN_POINT ( 'NONE',  ( 0.000000000000000000, -0.5505154639175201536, 9.757819552369539906E-17 ) ) ;
#3490 = EDGE_CURVE ( 'NONE', #7200, #3145, #2373, .T. ) ;
#3491 = PLANE ( 'NONE',  #2449 ) ;
#3492 = ORIENTED_EDGE ( 'NONE', *, *, #168, .F. ) ;
#3493 = EDGE_LOOP ( 'NONE', ( #3749, #3171, #1232, #6681 ) ) ;
#3494 = CARTESIAN_POINT ( 'NONE',  ( -4.500000000000002665, -3.540251991789402774E-17, 0.000000000000000000 ) ) ;
#3495 = ADVANCED_FACE ( 'NONE', ( #5906 ), #1749, .T. ) ;
#3496 = CARTESIAN_POINT ( 'NONE',  ( 4.900000000000001243, -2.450515463917521064, 0.4000000000000000222 ) ) ;
#3497 = CIRCLE ( 'NONE', #7020, 0.5000000000000000000 ) ;
#3498 = LINE ( 'NONE', #6948, #4988 ) ;
#3499 = FACE_OUTER_BOUND ( 'NONE', #3244, .T. ) ;
#3500 = DIRECTION ( 'NONE',  ( 0.4788843252278979223, 0.000000000000000000, 0.8778780114862320128 ) ) ;
#3501 = CARTESIAN_POINT ( 'NONE',  ( -2.600000000000000533, 4.049484536082479380, -4.900000000000009237 ) ) ;
#3502 = EDGE_CURVE ( 'NONE', #3803, #1496, #5170, .T. ) ;
#3503 = DIRECTION ( 'NONE',  ( 1.232047923278982446E-16, 0.000000000000000000, -1.000000000000000000 ) ) ;
#3504 = VERTEX_POINT ( 'NONE', #337 ) ;
#3505 = ORIENTED_EDGE ( 'NONE', *, *, #3502, .F. ) ;
#3506 = VECTOR ( 'NONE', #8138, 1000.000000000000000 ) ;
#3507 = DIRECTION ( 'NONE',  ( -0.000000000000000000, -1.000000000000000000, -0.000000000000000000 ) ) ;
#3508 = VERTEX_POINT ( 'NONE', #4568 ) ;
#3509 = EDGE_CURVE ( 'NONE', #8930, #7114, #6038, .T. ) ;
#3510 = LINE ( 'NONE', #2114, #7227 ) ;
#3511 = LINE ( 'NONE', #4022, #4017 ) ;
#3512 = ORIENTED_EDGE ( 'NONE', *, *, #4617, .F. ) ;
#3513 = CARTESIAN_POINT ( 'NONE',  ( -0.5000000000000000000, 11.49999999999999645, 2.299999999999999822 ) ) ;
#3514 = FACE_OUTER_BOUND ( 'NONE', #1004, .T. ) ;
#3515 = VECTOR ( 'NONE', #3538, 1000.000000000000000 ) ;
#3516 = CARTESIAN_POINT ( 'NONE',  ( 1.090871211463568358, 0.9500000000000060618, 0.000000000000000000 ) ) ;
#3517 = DIRECTION ( 'NONE',  ( -1.000000000000000000, 0.000000000000000000, 0.000000000000000000 ) ) ;
#3518 = ADVANCED_FACE ( 'NONE', ( #3097 ), #3150, .F. ) ;
#3519 = ORIENTED_EDGE ( 'NONE', *, *, #8219, .F. ) ;
#3520 = LINE ( 'NONE', #5631, #7444 ) ;
#3521 = DIRECTION ( 'NONE',  ( 0.000000000000000000, 0.000000000000000000, 1.000000000000000000 ) ) ;
#3522 = CARTESIAN_POINT ( 'NONE',  ( 4.500000000000002665, -7.582039682415637141E-16, 0.000000000000000000 ) ) ;
#3523 = ORIENTED_EDGE ( 'NONE', *, *, #835, .T. ) ;
#3524 = VERTEX_POINT ( 'NONE', #7378 ) ;
#3525 = EDGE_LOOP ( 'NONE', ( #5309, #8734, #6534, #3084, #9043 ) ) ;
#3526 = DIRECTION ( 'NONE',  ( 2.491288438666617091E-16, 1.000000000000000000, 3.559366888705205925E-31 ) ) ;
#3527 = ORIENTED_EDGE ( 'NONE', *, *, #7319, .T. ) ;
#3528 = VECTOR ( 'NONE', #2251, 1000.000000000000000 ) ;
#3529 = DIRECTION ( 'NONE',  ( 0.000000000000000000, 0.000000000000000000, 1.000000000000000000 ) ) ;
#3530 = EDGE_CURVE ( 'NONE', #8789, #838, #5263, .T. ) ;
#3531 = CARTESIAN_POINT ( 'NONE',  ( 0.7499999999999997780, -5.549999999999999822, 1.000000000000000000 ) ) ;
#3532 = PLANE ( 'NONE',  #9042 ) ;
#3533 = DIRECTION ( 'NONE',  ( 0.000000000000000000, 0.000000000000000000, -1.000000000000000000 ) ) ;
#3534 = AXIS2_PLACEMENT_3D ( 'NONE', #61, #3656, #2966 ) ;
#3535 = ITEM_DEFINED_TRANSFORMATION ( 'NONE', 'NONE', #4812,  #3347 ) ;
#3536 = ORIENTED_EDGE ( 'NONE', *, *, #8229, .F. ) ;
#3537 = ORIENTED_EDGE ( 'NONE', *, *, #5918, .T. ) ;
#3538 = DIRECTION ( 'NONE',  ( -1.000000000000000000, 0.000000000000000000, 0.000000000000000000 ) ) ;
#3539 = CIRCLE ( 'NONE', #1320, 0.3500000000000000333 ) ;
#3540 = CARTESIAN_POINT ( 'NONE',  ( -1.342230922150142947, 10.20000000000000107, -3.014700010220582538 ) ) ;
#3541 = DIRECTION ( 'NONE',  ( 1.000000000000000000, 1.971276677246371519E-16, 0.000000000000000000 ) ) ;
#3542 = PLANE ( 'NONE',  #5056 ) ;
#3543 = DIRECTION ( 'NONE',  ( 0.000000000000000000, 1.000000000000000000, 0.000000000000000000 ) ) ;
#3544 = LINE ( 'NONE', #8576, #4804 ) ;
#3545 = EDGE_CURVE ( 'NONE', #1264, #3649, #381, .T. ) ;
#3546 = ORIENTED_EDGE ( 'NONE', *, *, #5619, .T. ) ;
#3547 = VECTOR ( 'NONE', #3382, 1000.000000000000000 ) ;
#3548 = CIRCLE ( 'NONE', #5899, 0.6750000000000002665 ) ;
#3549 = DIRECTION ( 'NONE',  ( 0.000000000000000000, -3.614007241618352715E-16, 1.000000000000000000 ) ) ;
#3550 = ORIENTED_EDGE ( 'NONE', *, *, #5909, .T. ) ;
#3551 = EDGE_CURVE ( 'NONE', #6773, #3180, #1796, .T. ) ;
#3552 = DIRECTION ( 'NONE',  ( -8.850629979473506011E-17, 1.000000000000000000, 0.000000000000000000 ) ) ;
#3553 = VECTOR ( 'NONE', #3044, 1000.000000000000000 ) ;
#3554 = CARTESIAN_POINT ( 'NONE',  ( -3.650000000000001688, 4.650000000000003908, 5.000000000000000000 ) ) ;
#3555 = AXIS2_PLACEMENT_3D ( 'NONE', #6366, #9055, #3472 ) ;
#3556 = ORIENTED_EDGE ( 'NONE', *, *, #3959, .T. ) ;
#3557 = FACE_OUTER_BOUND ( 'NONE', #4185, .T. ) ;
#3558 = ADVANCED_FACE ( 'NONE', ( #8679 ), #2394, .F. ) ;
#3559 = ORIENTED_EDGE ( 'NONE', *, *, #4136, .T. ) ;
#3560 = ORIENTED_EDGE ( 'NONE', *, *, #8795, .T. ) ;
#3561 = CIRCLE ( 'NONE', #5028, 0.6000000000000001998 ) ;
#3562 = DIRECTION ( 'NONE',  ( -1.000000000000000000, 0.000000000000000000, 0.000000000000000000 ) ) ;
#3563 = DIRECTION ( 'NONE',  ( -2.551063935260010491E-16, 1.000000000000000000, 0.000000000000000000 ) ) ;
#3564 = ORIENTED_EDGE ( 'NONE', *, *, #7783, .T. ) ;
#3565 = CARTESIAN_POINT ( 'NONE',  ( -1.749999999999999778, -6.400000000000000355, 1.000000000000000000 ) ) ;
#3566 = AXIS2_PLACEMENT_3D ( 'NONE', #209, #5135, #3886 ) ;
#3567 = VECTOR ( 'NONE', #6006, 1000.000000000000000 ) ;
#3568 = DIRECTION ( 'NONE',  ( -1.794207403895423791E-16, 1.000000000000000000, 0.000000000000000000 ) ) ;
#3569 = CARTESIAN_POINT ( 'NONE',  ( -0.4999999999999997780, 11.70000000000000462, 1.500000000000000000 ) ) ;
#3570 = EDGE_CURVE ( 'NONE', #5961, #1470, #5216, .T. ) ;
#3571 = ORIENTED_EDGE ( 'NONE', *, *, #4477, .T. ) ;
#3572 = EDGE_LOOP ( 'NONE', ( #4771, #2712, #820, #111 ) ) ;
#3573 = VERTEX_POINT ( 'NONE', #4061 ) ;
#3574 = ORIENTED_EDGE ( 'NONE', *, *, #5133, .F. ) ;
#3575 = DIRECTION ( 'NONE',  ( -0.9999994735200916640, 0.000000000000000000, 0.001026138167772390822 ) ) ;
#3576 = VECTOR ( 'NONE', #3229, 1000.000000000000000 ) ;
#3577 = ORIENTED_EDGE ( 'NONE', *, *, #2246, .F. ) ;
#3578 = LINE ( 'NONE', #5826, #5765 ) ;
#3579 = DIRECTION ( 'NONE',  ( 0.000000000000000000, 1.000000000000000000, 0.000000000000000000 ) ) ;
#3580 = FACE_OUTER_BOUND ( 'NONE', #2161, .T. ) ;
#3581 = CARTESIAN_POINT ( 'NONE',  ( 4.041334437186267482E-16, 2.549484536082480712, 0.4000000000000001887 ) ) ;
#3582 = AXIS2_PLACEMENT_3D ( 'NONE', #1368, #5795, #6991 ) ;
#3583 = APPLICATION_PROTOCOL_DEFINITION ( 'draft international standard', 'automotive_design', 1998, #1980 ) ;
#3584 = VERTEX_POINT ( 'NONE', #476 ) ;
#3585 = EDGE_CURVE ( 'NONE', #8588, #8589, #3464, .T. ) ;
#3586 = LINE ( 'NONE', #8565, #4983 ) ;
#3587 = AXIS2_PLACEMENT_3D ( 'NONE', #4126, #1819, #6937 ) ;
#3588 = DIRECTION ( 'NONE',  ( -0.000000000000000000, -0.000000000000000000, -1.000000000000000000 ) ) ;
#3589 = CARTESIAN_POINT ( 'NONE',  ( 0.000000000000000000, 13.00000000009049472, 0.000000000000000000 ) ) ;
#3590 = CARTESIAN_POINT ( 'NONE',  ( 3.599999999999999645, 5.950000000000003730, 5.000000000000000000 ) ) ;
#3591 = CARTESIAN_POINT ( 'NONE',  ( 0.000000000000000000, 8.500000000000000000, 0.000000000000000000 ) ) ;
#3592 = CARTESIAN_POINT ( 'NONE',  ( -4.500000000000003553, -3.950515463917520620, -5.300000000000009592 ) ) ;
#3593 = CARTESIAN_POINT ( 'NONE',  ( -0.5000000000000000000, 11.49999999999999645, 1.500000000000000000 ) ) ;
#3594 = VECTOR ( 'NONE', #7857, 1000.000000000000000 ) ;
#3595 = ORIENTED_EDGE ( 'NONE', *, *, #3343, .T. ) ;
#3596 = LINE ( 'NONE', #2901, #173 ) ;
#3597 = VERTEX_POINT ( 'NONE', #4704 ) ;
#3598 = CARTESIAN_POINT ( 'NONE',  ( 0.000000000000000000, -0.5505154639175203757, 1.400000000000000577 ) ) ;
#3599 = EDGE_CURVE ( 'NONE', #3159, #4776, #4834, .T. ) ;
#3600 = CARTESIAN_POINT ( 'NONE',  ( 4.500000000000003553, -5.150515463917521686, -4.900000000000009237 ) ) ;
#3601 = ORIENTED_EDGE ( 'NONE', *, *, #1000, .T. ) ;
#3602 = PLANE ( 'NONE',  #2733 ) ;
#3603 = LINE ( 'NONE', #6405, #1759 ) ;
#3604 = EDGE_CURVE ( 'NONE', #8551, #3479, #8954, .T. ) ;
#3605 = ORIENTED_EDGE ( 'NONE', *, *, #4907, .F. ) ;
#3606 = DIRECTION ( 'NONE',  ( 5.782411586589355667E-15, -1.000000000000000000, 0.000000000000000000 ) ) ;
#3607 = CARTESIAN_POINT ( 'NONE',  ( -0.5000000000000017764, 1.540871211463575863, 0.000000000000000000 ) ) ;
#3608 = ADVANCED_FACE ( 'NONE', ( #6865 ), #5488, .F. ) ;
#3609 = CARTESIAN_POINT ( 'NONE',  ( -1.900000000000001910, -4.200000000000000178, 0.1000000000000000056 ) ) ;
#3610 = DIRECTION ( 'NONE',  ( -0.4226182617407000519, 0.000000000000000000, -0.9063077870366496036 ) ) ;
#3611 = LINE ( 'NONE', #6415, #3798 ) ;
#3612 = EDGE_LOOP ( 'NONE', ( #7662, #5249 ) ) ;
#3613 = EDGE_CURVE ( 'NONE', #3254, #7984, #1975, .T. ) ;
#3614 = ORIENTED_EDGE ( 'NONE', *, *, #7885, .F. ) ;
#3615 = VECTOR ( 'NONE', #6438, 1000.000000000000000 ) ;
#3616 = VERTEX_POINT ( 'NONE', #8306 ) ;
#3617 = FACE_OUTER_BOUND ( 'NONE', #1961, .T. ) ;
#3618 = LINE ( 'NONE', #3068, #2822 ) ;
#3619 = EDGE_CURVE ( 'NONE', #1529, #4244, #7505, .T. ) ;
#3620 = CARTESIAN_POINT ( 'NONE',  ( -4.499999999999991118, 4.049484536082480268, -4.900000000000009237 ) ) ;
#3621 = CIRCLE ( 'NONE', #5237, 0.4000000000000001887 ) ;
#3622 =( BOUNDED_CURVE ( )  B_SPLINE_CURVE ( 3, ( #2190, #1448, #79, #124 ),
 .UNSPECIFIED., .F., .T. ) 
 B_SPLINE_CURVE_WITH_KNOTS ( ( 4, 4 ),
 ( 3.141592653589793116, 4.712388980384689674 ),
 .UNSPECIFIED. ) 
 CURVE ( )  GEOMETRIC_REPRESENTATION_ITEM ( )  RATIONAL_B_SPLINE_CURVE ( ( 1.000000000000000000, 0.8047378541243649375, 0.8047378541243649375, 1.000000000000000000 ) ) 
 REPRESENTATION_ITEM ( '' )  );
#3623 = ADVANCED_FACE ( 'NONE', ( #3283 ), #5395, .F. ) ;
#3624 = LINE ( 'NONE', #6427, #5644 ) ;
#3625 = CARTESIAN_POINT ( 'NONE',  ( 0.000000000000000000, 13.19999999999999929, -0.6000000000000001998 ) ) ;
#3626 = PLANE ( 'NONE',  #7750 ) ;
#3627 = PRODUCT_CONTEXT ( 'NONE', #160, 'mechanical' ) ;
#3628 = ORIENTED_EDGE ( 'NONE', *, *, #8951, .T. ) ;
#3629 = LINE ( 'NONE', #6525, #5866 ) ;
#3630 = VECTOR ( 'NONE', #872, 1000.000000000000114 ) ;
#3631 = LINE ( 'NONE', #8431, #8718 ) ;
#3632 = EDGE_CURVE ( 'NONE', #3584, #1783, #7597, .T. ) ;
#3633 = DIRECTION ( 'NONE',  ( 0.6560590289905086081, 0.000000000000000000, -0.7547095802227707928 ) ) ;
#3634 = DIRECTION ( 'NONE',  ( 8.850629979473506011E-17, 1.000000000000000000, 0.000000000000000000 ) ) ;
#3635 = AXIS2_PLACEMENT_3D ( 'NONE', #5938, #8150, #1050 ) ;
#3636 = CARTESIAN_POINT ( 'NONE',  ( -2.350000000000001865, 4.650000000000003908, 5.000000000000000000 ) ) ;
#3637 = FACE_OUTER_BOUND ( 'NONE', #5225, .T. ) ;
#3638 = ORIENTED_EDGE ( 'NONE', *, *, #4564, .F. ) ;
#3639 = EDGE_LOOP ( 'NONE', ( #708, #2333, #6388, #1927, #3290, #862, #3519, #7579, #19, #3722, #7060, #5993, #7927, #3791, #2368, #5369, #4305, #4330, #224, #587, #8496, #8790, #4641, #9053, #4663, #6687, #3965, #8837 ) ) ;
#3640 = AXIS2_PLACEMENT_3D ( 'NONE', #4860, #6292, #585 ) ;
#3641 = VECTOR ( 'NONE', #763, 1000.000000000000000 ) ;
#3642 = LINE ( 'NONE', #4879, #612 ) ;
#3643 = ORIENTED_EDGE ( 'NONE', *, *, #6037, .T. ) ;
#3644 = FACE_OUTER_BOUND ( 'NONE', #733, .T. ) ;
#3645 = DIRECTION ( 'NONE',  ( 0.000000000000000000, -1.000000000000000000, 0.000000000000000000 ) ) ;
#3646 = EDGE_LOOP ( 'NONE', ( #2278, #1726, #652, #661 ) ) ;
#3647 = DIRECTION ( 'NONE',  ( -1.931541112668179645E-15, 0.000000000000000000, 1.000000000000000000 ) ) ;
#3648 = CARTESIAN_POINT ( 'NONE',  ( 1.479999999999999982, 11.50000000000000000, 0.8499999999999999778 ) ) ;
#3649 = VERTEX_POINT ( 'NONE', #2018 ) ;
#3650 = EDGE_CURVE ( 'NONE', #1632, #1765, #7641, .T. ) ;
#3651 = ORIENTED_EDGE ( 'NONE', *, *, #6305, .T. ) ;
#3652 = PLANE ( 'NONE',  #3997 ) ;
#3653 = VECTOR ( 'NONE', #4184, 1000.000000000000000 ) ;
#3654 = VERTEX_POINT ( 'NONE', #7464 ) ;
#3655 = LINE ( 'NONE', #6460, #1262 ) ;
#3656 = DIRECTION ( 'NONE',  ( 0.000000000000000000, 0.000000000000000000, 1.000000000000000000 ) ) ;
#3657 = VERTEX_POINT ( 'NONE', #6960 ) ;
#3658 = ORIENTED_EDGE ( 'NONE', *, *, #1154, .T. ) ;
#3659 = ORIENTED_EDGE ( 'NONE', *, *, #7897, .T. ) ;
#3660 = EDGE_CURVE ( 'NONE', #3993, #5722, #6224, .T. ) ;
#3661 = ORIENTED_EDGE ( 'NONE', *, *, #3650, .T. ) ;
#3662 = ORIENTED_EDGE ( 'NONE', *, *, #2183, .T. ) ;
#3663 = CARTESIAN_POINT ( 'NONE',  ( -4.400000000000002132, 5.150000000000003020, 0.000000000000000000 ) ) ;
#3664 = PRODUCT_DEFINITION_SHAPE ( 'NONE', 'NONE',  #3377 ) ;
#3665 = ORIENTED_EDGE ( 'NONE', *, *, #5550, .T. ) ;
#3666 = CARTESIAN_POINT ( 'NONE',  ( 4.399999999999998579, -4.200000000000000178, 5.000000000000000000 ) ) ;
#3667 = CIRCLE ( 'NONE', #6161, 3.000000000000000444 ) ;
#3668 = EDGE_CURVE ( 'NONE', #2277, #6986, #1156, .T. ) ;
#3669 = DIRECTION ( 'NONE',  ( 0.000000000000000000, 1.000000000000000000, 0.000000000000000000 ) ) ;
#3670 = DIRECTION ( 'NONE',  ( 0.000000000000000000, 0.000000000000000000, 1.000000000000000000 ) ) ;
#3671 = DIRECTION ( 'NONE',  ( 0.000000000000000000, 1.000000000000000000, 0.000000000000000000 ) ) ;
#3672 = DIRECTION ( 'NONE',  ( -1.000000000000000000, 0.000000000000000000, 0.000000000000000000 ) ) ;
#3673 = DIRECTION ( 'NONE',  ( 1.000000000000000000, -6.195440985631452852E-17, 0.000000000000000000 ) ) ;
#3674 = DIRECTION ( 'NONE',  ( 0.000000000000000000, 0.000000000000000000, 1.000000000000000000 ) ) ;
#3675 = ADVANCED_FACE ( 'NONE', ( #7556 ), #9091, .T. ) ;
#3676 = ORIENTED_EDGE ( 'NONE', *, *, #2855, .F. ) ;
#3677 = AXIS2_PLACEMENT_3D ( 'NONE', #7899, #3027, #7207 ) ;
#3678 = DIRECTION ( 'NONE',  ( 0.000000000000000000, 1.000000000000000000, 0.000000000000000000 ) ) ;
#3679 = DIRECTION ( 'NONE',  ( -0.000000000000000000, -1.000000000000000000, -0.000000000000000000 ) ) ;
#3680 = FACE_OUTER_BOUND ( 'NONE', #6351, .T. ) ;
#3681 = CARTESIAN_POINT ( 'NONE',  ( -0.5000000000000027756, -0.05202383709185192523, 0.5000000000000000000 ) ) ;
#3682 = AXIS2_PLACEMENT_3D ( 'NONE', #6149, #3166, #4587 ) ;
#3683 = CARTESIAN_POINT ( 'NONE',  ( -4.899999999999987921, -1.550515463917520709, -7.400000000000009237 ) ) ;
#3684 = LINE ( 'NONE', #1594, #6885 ) ;
#3685 = ADVANCED_FACE ( 'NONE', ( #3373 ), #2577, .T. ) ;
#3686 = EDGE_LOOP ( 'NONE', ( #7372, #4392, #7191, #7799 ) ) ;
#3687 = VECTOR ( 'NONE', #873, 1000.000000000000000 ) ;
#3688 = DIRECTION ( 'NONE',  ( 0.000000000000000000, -1.000000000000000000, 0.000000000000000000 ) ) ;
#3689 = ORIENTED_EDGE ( 'NONE', *, *, #8226, .F. ) ;
#3690 = LINE ( 'NONE', #6448, #4724 ) ;
#3691 = FACE_OUTER_BOUND ( 'NONE', #8801, .T. ) ;
#3692 = DIRECTION ( 'NONE',  ( 0.000000000000000000, 0.000000000000000000, -1.000000000000000000 ) ) ;
#3693 = LINE ( 'NONE', #6498, #7149 ) ;
#3694 = DIRECTION ( 'NONE',  ( -0.000000000000000000, -1.000000000000000000, -0.000000000000000000 ) ) ;
#3695 = ORIENTED_EDGE ( 'NONE', *, *, #8967, .F. ) ;
#3696 = ORIENTED_EDGE ( 'NONE', *, *, #1171, .F. ) ;
#3697 = EDGE_CURVE ( 'NONE', #9030, #4530, #3325, .T. ) ;
#3698 = VECTOR ( 'NONE', #2672, 1000.000000000000000 ) ;
#3699 = CIRCLE ( 'NONE', #2066, 0.1500000000000000777 ) ;
#3700 = DIRECTION ( 'NONE',  ( 1.000000000000000000, 0.000000000000000000, 0.000000000000000000 ) ) ;
#3701 = ORIENTED_EDGE ( 'NONE', *, *, #7535, .F. ) ;
#3702 = DIRECTION ( 'NONE',  ( -1.000000000000000000, 0.000000000000000000, 0.000000000000000000 ) ) ;
#3703 = DIRECTION ( 'NONE',  ( 0.000000000000000000, -1.000000000000000000, 0.000000000000000000 ) ) ;
#3704 = CIRCLE ( 'NONE', #2218, 3.100000000000000977 ) ;
#3705 = ORIENTED_EDGE ( 'NONE', *, *, #2924, .T. ) ;
#3706 = ORIENTED_EDGE ( 'NONE', *, *, #4418, .F. ) ;
#3707 = VERTEX_POINT ( 'NONE', #9000 ) ;
#3708 = EDGE_LOOP ( 'NONE', ( #4371, #8824, #5991, #2960 ) ) ;
#3709 = ORIENTED_EDGE ( 'NONE', *, *, #1631, .F. ) ;
#3710 = CARTESIAN_POINT ( 'NONE',  ( -4.400000000000002132, 5.150000000000003020, 5.000000000000000000 ) ) ;
#3711 = VERTEX_POINT ( 'NONE', #1289 ) ;
#3712 = CARTESIAN_POINT ( 'NONE',  ( 3.599999999999999645, 5.150000000000005684, 5.000000000000000000 ) ) ;
#3713 = AXIS2_PLACEMENT_3D ( 'NONE', #7772, #8569, #8381 ) ;
#3714 = CIRCLE ( 'NONE', #5183, 0.7999999999999999334 ) ;
#3715 = DIRECTION ( 'NONE',  ( 1.931541112668179645E-15, 0.000000000000000000, -1.000000000000000000 ) ) ;
#3716 = DIRECTION ( 'NONE',  ( 0.000000000000000000, -1.000000000000000000, 0.000000000000000000 ) ) ;
#3717 = EDGE_CURVE ( 'NONE', #8826, #2258, #6910, .T. ) ;
#3718 = CARTESIAN_POINT ( 'NONE',  ( 4.500000000000002665, 0.4494845360824784031, -7.400446128206079166 ) ) ;
#3719 = DIRECTION ( 'NONE',  ( -0.000000000000000000, -1.000000000000000000, -0.000000000000000000 ) ) ;
#3720 = CARTESIAN_POINT ( 'NONE',  ( -3.400000000000001688, 0.9500000000000039524, 0.000000000000000000 ) ) ;
#3721 = DIRECTION ( 'NONE',  ( 1.000000000000000000, 0.000000000000000000, 0.000000000000000000 ) ) ;
#3722 = ORIENTED_EDGE ( 'NONE', *, *, #6121, .F. ) ;
#3723 = VECTOR ( 'NONE', #4083, 1000.000000000000000 ) ;
#3724 = EDGE_CURVE ( 'NONE', #532, #6728, #8349, .T. ) ;
#3725 = DIRECTION ( 'NONE',  ( -1.000000000000000000, 0.000000000000000000, 0.000000000000000000 ) ) ;
#3726 = CARTESIAN_POINT ( 'NONE',  ( 0.4710170047248282144, 8.500000000000000000, 0.2824361629302609145 ) ) ;
#3727 = EDGE_CURVE ( 'NONE', #2709, #458, #4283, .T. ) ;
#3728 = VECTOR ( 'NONE', #1696, 1000.000000000000114 ) ;
#3729 = CARTESIAN_POINT ( 'NONE',  ( -5.598656062889738827, 0.4494845360824794578, -8.565425263470261896 ) ) ;
#3730 = DIRECTION ( 'NONE',  ( -1.000000000000000000, 0.000000000000000000, 0.000000000000000000 ) ) ;
#3731 = FACE_OUTER_BOUND ( 'NONE', #1853, .T. ) ;
#3732 = DIRECTION ( 'NONE',  ( 0.000000000000000000, 0.000000000000000000, 1.000000000000000000 ) ) ;
#3733 = ORIENTED_EDGE ( 'NONE', *, *, #1789, .F. ) ;
#3734 = EDGE_CURVE ( 'NONE', #3616, #7984, #44, .T. ) ;
#3735 = AXIS2_PLACEMENT_3D ( 'NONE', #2376, #2465, #364 ) ;
#3736 = CARTESIAN_POINT ( 'NONE',  ( 0.000000000000000000, 6.000000000000000000, 0.000000000000000000 ) ) ;
#3737 = EDGE_LOOP ( 'NONE', ( #8725, #3031, #6142, #1481 ) ) ;
#3738 = CARTESIAN_POINT ( 'NONE',  ( 4.399999999999998579, 3.600000000000003642, 0.1000000000000001305 ) ) ;
#3739 = EDGE_CURVE ( 'NONE', #8577, #7649, #2202, .T. ) ;
#3740 = FACE_OUTER_BOUND ( 'NONE', #6321, .T. ) ;
#3741 = CARTESIAN_POINT ( 'NONE',  ( -1.900000000000001910, -2.700000000000001066, 0.000000000000000000 ) ) ;
#3742 = DIRECTION ( 'NONE',  ( 1.000000000000000000, 0.000000000000000000, 1.931541112668179645E-15 ) ) ;
#3743 = VERTEX_POINT ( 'NONE', #5753 ) ;
#3744 = PRODUCT_DEFINITION_SHAPE ( 'NONE', 'NONE',  #8277 ) ;
#3745 = ORIENTED_EDGE ( 'NONE', *, *, #3930, .T. ) ;
#3746 = ORIENTED_EDGE ( 'NONE', *, *, #5, .T. ) ;
#3747 = DIRECTION ( 'NONE',  ( -1.000000000000000000, 0.000000000000000000, 0.000000000000000000 ) ) ;
#3748 = DIRECTION ( 'NONE',  ( 0.000000000000000000, 0.000000000000000000, 1.000000000000000000 ) ) ;
#3749 = ORIENTED_EDGE ( 'NONE', *, *, #7901, .F. ) ;
#3750 = DIRECTION ( 'NONE',  ( 0.000000000000000000, 1.000000000000000000, 0.000000000000000000 ) ) ;
#3751 = EDGE_CURVE ( 'NONE', #6874, #5404, #5618, .T. ) ;
#3752 = CARTESIAN_POINT ( 'NONE',  ( 3.399999999999999911, -0.5505154639175199316, 1.400000000000000577 ) ) ;
#3753 = ORIENTED_EDGE ( 'NONE', *, *, #742, .F. ) ;
#3754 = ORIENTED_EDGE ( 'NONE', *, *, #8358, .F. ) ;
#3755 = VERTEX_POINT ( 'NONE', #7832 ) ;
#3756 = ORIENTED_EDGE ( 'NONE', *, *, #1332, .T. ) ;
#3757 = CARTESIAN_POINT ( 'NONE',  ( -4.500000000000002665, 4.349484536082479202, -4.900000000000009237 ) ) ;
#3758 = ORIENTED_EDGE ( 'NONE', *, *, #175, .T. ) ;
#3759 = DIRECTION ( 'NONE',  ( 1.000000000000000000, 0.000000000000000000, 0.000000000000000000 ) ) ;
#3760 = PLANE ( 'NONE',  #1881 ) ;
#3761 = LINE ( 'NONE', #2982, #4618 ) ;
#3762 = CARTESIAN_POINT ( 'NONE',  ( 4.900000000000001243, -1.550515463917521597, -5.800000000000000711 ) ) ;
#3763 = CARTESIAN_POINT ( 'NONE',  ( -4.967022722742101770, 0.4494845360824796243, -9.132121988513777211 ) ) ;
#3764 = ORIENTED_EDGE ( 'NONE', *, *, #7948, .T. ) ;
#3765 = ORIENTED_EDGE ( 'NONE', *, *, #8963, .F. ) ;
#3766 = ORIENTED_EDGE ( 'NONE', *, *, #6300, .F. ) ;
#3767 = EDGE_CURVE ( 'NONE', #8753, #2959, #3690, .T. ) ;
#3768 = EDGE_CURVE ( 'NONE', #1153, #7525, #7182, .T. ) ;
#3769 = CIRCLE ( 'NONE', #8633, 0.6750000000000002665 ) ;
#3770 = PLANE ( 'NONE',  #6501 ) ;
#3771 = DIRECTION ( 'NONE',  ( 0.000000000000000000, 0.000000000000000000, 1.000000000000000000 ) ) ;
#3772 = CARTESIAN_POINT ( 'NONE',  ( -1.749999999999999778, -6.500000000000001776, 1.100000000000000089 ) ) ;
#3773 = EDGE_CURVE ( 'NONE', #2608, #3010, #730, .T. ) ;
#3774 = CARTESIAN_POINT ( 'NONE',  ( -4.899999999999987033, -1.550515463917520709, -7.400446128206087160 ) ) ;
#3775 = CARTESIAN_POINT ( 'NONE',  ( -0.5000000000000015543, 2.950000000000003286, 0.5000000000000000000 ) ) ;
#3776 = VECTOR ( 'NONE', #4707, 1000.000000000000000 ) ;
#3777 = EDGE_LOOP ( 'NONE', ( #4636, #3746, #1247, #4192 ) ) ;
#3778 = EDGE_CURVE ( 'NONE', #4241, #5888, #3002, .T. ) ;
#3779 = CARTESIAN_POINT ( 'NONE',  ( 4.500000000000003553, -5.150515463917521686, -6.800000000000000711 ) ) ;
#3780 = CARTESIAN_POINT ( 'NONE',  ( -0.7500000000000001110, -6.699999999999999289, -1.349999999999999867 ) ) ;
#3781 = EDGE_LOOP ( 'NONE', ( #2630, #3733, #4178, #2205, #8459, #5207, #3887, #534 ) ) ;
#3782 = DIRECTION ( 'NONE',  ( -1.000000000000000000, 0.000000000000000000, 0.000000000000000000 ) ) ;
#3783 = PRESENTATION_LAYER_ASSIGNMENT (  '', '', ( #2151 ) ) ;
#3784 = DIRECTION ( 'NONE',  ( 0.000000000000000000, 0.000000000000000000, 1.000000000000000000 ) ) ;
#3785 = CARTESIAN_POINT ( 'NONE',  ( 4.911598099521945926, -1.550515463917522485, -9.101887738487539181 ) ) ;
#3786 = EDGE_CURVE ( 'NONE', #887, #1327, #4884, .T. ) ;
#3787 = DIRECTION ( 'NONE',  ( -1.000000000000000000, 0.000000000000000000, 0.000000000000000000 ) ) ;
#3788 = CARTESIAN_POINT ( 'NONE',  ( 4.500000000000001776, 0.000000000000000000, 0.4000000000000000222 ) ) ;
#3789 = ORIENTED_EDGE ( 'NONE', *, *, #8680, .F. ) ;
#3790 = PRODUCT_DEFINITION_FORMATION_WITH_SPECIFIED_SOURCE ( 'ANY', '', #1589, .NOT_KNOWN. ) ;
#3791 = ORIENTED_EDGE ( 'NONE', *, *, #1505, .T. ) ;
#3792 = VECTOR ( 'NONE', #7900, 1000.000000000000000 ) ;
#3793 = ORIENTED_EDGE ( 'NONE', *, *, #8007, .F. ) ;
#3794 = EDGE_CURVE ( 'NONE', #994, #3111, #7376, .T. ) ;
#3795 = CARTESIAN_POINT ( 'NONE',  ( 4.900000000000000355, 4.349484536082479202, 0.4000000000000000222 ) ) ;
#3796 = DIRECTION ( 'NONE',  ( 1.000000000000000000, 0.000000000000000000, 0.000000000000000000 ) ) ;
#3797 = VERTEX_POINT ( 'NONE', #5071 ) ;
#3798 = VECTOR ( 'NONE', #107, 1000.000000000000000 ) ;
#3799 = DIRECTION ( 'NONE',  ( 0.000000000000000000, 0.000000000000000000, 1.000000000000000000 ) ) ;
#3800 = CARTESIAN_POINT ( 'NONE',  ( -1.249999999999999334, 8.500000000000000000, 3.152565349772896486 ) ) ;
#3801 = EDGE_LOOP ( 'NONE', ( #1738, #2472, #8050, #8117, #8823 ) ) ;
#3802 = VERTEX_POINT ( 'NONE', #5707 ) ;
#3803 = VERTEX_POINT ( 'NONE', #781 ) ;
#3804 = ORIENTED_EDGE ( 'NONE', *, *, #906, .T. ) ;
#3805 = VECTOR ( 'NONE', #5612, 1000.000000000000000 ) ;
#3806 = DIRECTION ( 'NONE',  ( 1.000000000000000000, 0.000000000000000000, 0.000000000000000000 ) ) ;
#3807 = EDGE_CURVE ( 'NONE', #7349, #2223, #7873, .T. ) ;
#3808 = ORIENTED_EDGE ( 'NONE', *, *, #932, .F. ) ;
#3809 = ORIENTED_EDGE ( 'NONE', *, *, #8370, .F. ) ;
#3810 = CARTESIAN_POINT ( 'NONE',  ( -1.479999999999999982, 10.90000000000000036, 1.200000000000000178 ) ) ;
#3811 = CARTESIAN_POINT ( 'NONE',  ( -1.734723475976807094E-15, 0.4500000000000040079, 2.500000000000000000 ) ) ;
#3812 = LINE ( 'NONE', #1582, #8599 ) ;
#3813 = LINE ( 'NONE', #7809, #6020 ) ;
#3814 = DIRECTION ( 'NONE',  ( 0.000000000000000000, 0.000000000000000000, 1.000000000000000000 ) ) ;
#3815 = EDGE_LOOP ( 'NONE', ( #1991, #7340, #3643, #1015 ) ) ;
#3816 = EDGE_LOOP ( 'NONE', ( #8458, #6011, #837, #3766, #1268, #5303, #2198, #5199 ) ) ;
#3817 = ORIENTED_EDGE ( 'NONE', *, *, #3343, .F. ) ;
#3818 = EDGE_CURVE ( 'NONE', #5470, #1605, #3510, .T. ) ;
#3819 = CARTESIAN_POINT ( 'NONE',  ( 2.500000000000000000, -6.700000000000000178, -5.750000000000000000 ) ) ;
#3820 = CARTESIAN_POINT ( 'NONE',  ( -2.599999999999992539, 9.845506349388365357E-16, 2.350988701644567659E-30 ) ) ;
#3821 = DIRECTION ( 'NONE',  ( 0.000000000000000000, 0.000000000000000000, 1.000000000000000000 ) ) ;
#3822 = DIRECTION ( 'NONE',  ( 0.000000000000000000, 0.000000000000000000, 1.000000000000000000 ) ) ;
#3823 = ADVANCED_FACE ( 'NONE', ( #2803 ), #5025, .F. ) ;
#3824 = LINE ( 'NONE', #1139, #7303 ) ;
#3825 = ADVANCED_FACE ( 'NONE', ( #3644 ), #7782, .T. ) ;
#3826 = FACE_OUTER_BOUND ( 'NONE', #4690, .T. ) ;
#3827 = CARTESIAN_POINT ( 'NONE',  ( 3.000000000000000000, 3.649484536082479469, 0.4000000000000000222 ) ) ;
#3828 = ORIENTED_EDGE ( 'NONE', *, *, #8041, .T. ) ;
#3829 = VECTOR ( 'NONE', #6462, 1000.000000000000000 ) ;
#3830 = DIRECTION ( 'NONE',  ( 0.000000000000000000, 0.000000000000000000, 1.000000000000000000 ) ) ;
#3831 = DIRECTION ( 'NONE',  ( 0.000000000000000000, 0.000000000000000000, 1.000000000000000000 ) ) ;
#3832 = DIRECTION ( 'NONE',  ( 0.000000000000000000, 0.000000000000000000, -1.000000000000000000 ) ) ;
#3833 = LINE ( 'NONE', #1011, #5840 ) ;
#3834 = ADVANCED_FACE ( 'NONE', ( #9129 ), #4238, .T. ) ;
#3835 = CARTESIAN_POINT ( 'NONE',  ( 3.673940397442060361E-16, 8.500000000000000000, 3.000000000000000444 ) ) ;
#3836 = AXIS2_PLACEMENT_3D ( 'NONE', #7004, #5448, #4756 ) ;
#3837 = ORIENTED_EDGE ( 'NONE', *, *, #6872, .T. ) ;
#3838 = EDGE_CURVE ( 'NONE', #8020, #7591, #5173, .T. ) ;
#3839 = PLANE ( 'NONE',  #5354 ) ;
#3840 = CARTESIAN_POINT ( 'NONE',  ( 4.598116167910892393, 0.4494845360824782921, -7.662869739802280478 ) ) ;
#3841 = VECTOR ( 'NONE', #7471, 1000.000000000000000 ) ;
#3842 = ORIENTED_EDGE ( 'NONE', *, *, #6755, .F. ) ;
#3843 = CARTESIAN_POINT ( 'NONE',  ( 0.4999999999999987232, 0.000000000000000000, 0.5000000000000000000 ) ) ;
#3844 = EDGE_CURVE ( 'NONE', #8394, #4288, #3704, .T. ) ;
#3845 = CARTESIAN_POINT ( 'NONE',  ( -4.499999999999989342, -3.550515463917520265, -6.400000000000009237 ) ) ;
#3846 = VERTEX_POINT ( 'NONE', #4607 ) ;
#3847 = ORIENTED_EDGE ( 'NONE', *, *, #8026, .T. ) ;
#3848 = VECTOR ( 'NONE', #2470, 1000.000000000000000 ) ;
#3849 = DIRECTION ( 'NONE',  ( 0.000000000000000000, 0.000000000000000000, -1.000000000000000000 ) ) ;
#3850 = ORIENTED_EDGE ( 'NONE', *, *, #8226, .T. ) ;
#3851 = ORIENTED_EDGE ( 'NONE', *, *, #7159, .F. ) ;
#3852 = CARTESIAN_POINT ( 'NONE',  ( 2.999999999999998224, -3.750000000000000000, 5.599999999999999645 ) ) ;
#3853 = DIRECTION ( 'NONE',  ( 0.000000000000000000, 0.000000000000000000, -1.000000000000000000 ) ) ;
#3854 = EDGE_CURVE ( 'NONE', #7093, #1680, #229, .T. ) ;
#3855 = VECTOR ( 'NONE', #2713, 1000.000000000000000 ) ;
#3856 = FACE_OUTER_BOUND ( 'NONE', #403, .T. ) ;
#3857 = VECTOR ( 'NONE', #7779, 1000.000000000000000 ) ;
#3858 = DIRECTION ( 'NONE',  ( -0.000000000000000000, -0.000000000000000000, -1.000000000000000000 ) ) ;
#3859 = CARTESIAN_POINT ( 'NONE',  ( 4.500000000000002665, 4.349484536082479202, 0.4000000000000000777 ) ) ;
#3860 = ORIENTED_EDGE ( 'NONE', *, *, #6590, .T. ) ;
#3861 = ORIENTED_EDGE ( 'NONE', *, *, #2583, .T. ) ;
#3862 = EDGE_LOOP ( 'NONE', ( #4454, #4266, #4886, #5217 ) ) ;
#3863 = VERTEX_POINT ( 'NONE', #3738 ) ;
#3864 = VECTOR ( 'NONE', #2693, 1000.000000000000000 ) ;
#3865 = AXIS2_PLACEMENT_3D ( 'NONE', #7991, #6741, #3246 ) ;
#3866 = DIRECTION ( 'NONE',  ( 0.000000000000000000, 0.000000000000000000, -1.000000000000000000 ) ) ;
#3868 = PLANE ( 'NONE',  #1835 ) ;
#3867 = ADVANCED_BREP_SHAPE_REPRESENTATION ( '', ( #1034, #1164, #1312, #7397, #3347 ), #3202 ) ;
#3869 = PLANE ( 'NONE',  #196 ) ;
#3870 = CYLINDRICAL_SURFACE ( 'NONE', #9096, 0.6500000000000000222 ) ;
#3871 = ADVANCED_FACE ( 'NONE', ( #5894 ), #328, .T. ) ;
#3872 = LINE ( 'NONE', #4640, #5259 ) ;
#3873 = ORIENTED_EDGE ( 'NONE', *, *, #293, .T. ) ;
#3874 = CARTESIAN_POINT ( 'NONE',  ( -4.499999999999992895, -3.950515463917520620, -4.300000000000008704 ) ) ;
#3875 = LINE ( 'NONE', #1737, #5611 ) ;
#3876 = ORIENTED_EDGE ( 'NONE', *, *, #8630, .T. ) ;
#3877 = AXIS2_PLACEMENT_3D ( 'NONE', #466, #5564, #5386 ) ;
#3878 = DIRECTION ( 'NONE',  ( 0.000000000000000000, 0.000000000000000000, -1.000000000000000000 ) ) ;
#3879 = DIRECTION ( 'NONE',  ( 0.000000000000000000, -1.000000000000000000, 0.000000000000000000 ) ) ;
#3880 = DIRECTION ( 'NONE',  ( -0.6560590289905036121, 0.000000000000000000, 0.7547095802227752337 ) ) ;
#3881 = ORIENTED_EDGE ( 'NONE', *, *, #615, .T. ) ;
#3882 = EDGE_LOOP ( 'NONE', ( #7554, #7687, #8998, #4146 ) ) ;
#3883 = DIRECTION ( 'NONE',  ( -0.000000000000000000, -0.000000000000000000, -1.000000000000000000 ) ) ;
#3884 = EDGE_CURVE ( 'NONE', #1802, #471, #7514, .T. ) ;
#3885 = DIRECTION ( 'NONE',  ( 0.000000000000000000, 0.000000000000000000, 1.000000000000000000 ) ) ;
#3886 = DIRECTION ( 'NONE',  ( 1.794207403895423791E-16, -1.000000000000000000, 0.000000000000000000 ) ) ;
#3887 = ORIENTED_EDGE ( 'NONE', *, *, #7870, .T. ) ;
#3888 = DIRECTION ( 'NONE',  ( 0.000000000000000000, 1.000000000000000000, 0.000000000000000000 ) ) ;
#3889 = EDGE_CURVE ( 'NONE', #394, #6143, #7916, .T. ) ;
#3890 = FACE_OUTER_BOUND ( 'NONE', #5274, .T. ) ;
#3891 = ORIENTED_EDGE ( 'NONE', *, *, #3778, .F. ) ;
#3892 = ORIENTED_EDGE ( 'NONE', *, *, #6195, .F. ) ;
#3893 = ORIENTED_EDGE ( 'NONE', *, *, #8240, .F. ) ;
#3894 = PLANE ( 'NONE',  #1764 ) ;
#3895 = EDGE_CURVE ( 'NONE', #754, #5460, #8717, .T. ) ;
#3896 = EDGE_LOOP ( 'NONE', ( #6491, #2899, #6136, #4769 ) ) ;
#3897 = DIRECTION ( 'NONE',  ( 1.000000000000000000, 0.000000000000000000, 0.000000000000000000 ) ) ;
#3898 = CARTESIAN_POINT ( 'NONE',  ( 3.399999999999999911, -0.5505154639175199316, 4.600000000000000533 ) ) ;
#3899 = CARTESIAN_POINT ( 'NONE',  ( -0.7499999999999998890, -5.549999999999998934, 1.300000000000000266 ) ) ;
#3900 = EDGE_CURVE ( 'NONE', #7439, #8620, #1693, .T. ) ;
#3901 = CARTESIAN_POINT ( 'NONE',  ( 0.7500000000000000000, -6.700000000000000178, 1.100000000000000089 ) ) ;
#3902 = DIRECTION ( 'NONE',  ( -1.931541112668179645E-15, 1.551245237481413525E-31, 1.000000000000000000 ) ) ;
#3903 = CONTEXT_DEPENDENT_SHAPE_REPRESENTATION ( #5302, #8521 ) ;
#3904 = EDGE_LOOP ( 'NONE', ( #5273, #8330 ) ) ;
#3905 = VERTEX_POINT ( 'NONE', #3227 ) ;
#3906 = VERTEX_POINT ( 'NONE', #2385 ) ;
#3907 = VERTEX_POINT ( 'NONE', #2292 ) ;
#3908 = LINE ( 'NONE', #6838, #4430 ) ;
#3909 = EDGE_CURVE ( 'NONE', #5436, #5371, #1778, .T. ) ;
#3910 = EDGE_CURVE ( 'NONE', #375, #2719, #5904, .T. ) ;
#3911 = FILL_AREA_STYLE_COLOUR ( '', #2670 ) ;
#3912 = CARTESIAN_POINT ( 'NONE',  ( -3.000000000000001776, -3.750000000000000000, 5.599999999999999645 ) ) ;
#3913 = CARTESIAN_POINT ( 'NONE',  ( 4.900000000000000355, 1.449484536082478847, 0.4000000000000000222 ) ) ;
#3914 = CARTESIAN_POINT ( 'NONE',  ( -3.250000000000000888, -5.950000000000000178, -6.159999999999998366 ) ) ;
#3915 = LINE ( 'NONE', #6713, #1416 ) ;
#3916 = ORIENTED_EDGE ( 'NONE', *, *, #2868, .T. ) ;
#3917 = VECTOR ( 'NONE', #677, 1000.000000000000000 ) ;
#3918 = DIRECTION ( 'NONE',  ( 0.000000000000000000, 0.000000000000000000, 1.000000000000000000 ) ) ;
#3919 = PLANE ( 'NONE',  #3418 ) ;
#3920 = VERTEX_POINT ( 'NONE', #4419 ) ;
#3921 = EDGE_CURVE ( 'NONE', #8012, #4533, #918, .T. ) ;
#3922 = CARTESIAN_POINT ( 'NONE',  ( -4.499999999999986677, -1.550515463917520709, -5.800000000000009592 ) ) ;
#3923 = LINE ( 'NONE', #2524, #1360 ) ;
#3924 = AXIS2_PLACEMENT_3D ( 'NONE', #2724, #2080, #5540 ) ;
#3925 = DIRECTION ( 'NONE',  ( -1.000000000000000000, 0.000000000000000000, 0.000000000000000000 ) ) ;
#3926 = DIRECTION ( 'NONE',  ( 0.000000000000000000, 0.000000000000000000, -1.000000000000000000 ) ) ;
#3927 = ORIENTED_EDGE ( 'NONE', *, *, #4701, .F. ) ;
#3928 = AXIS2_PLACEMENT_3D ( 'NONE', #8865, #3934, #1705 ) ;
#3929 = LINE ( 'NONE', #5120, #6527 ) ;
#3930 = EDGE_CURVE ( 'NONE', #3011, #5487, #8666, .T. ) ;
#3931 = CYLINDRICAL_SURFACE ( 'NONE', #8, 0.9999999999999995559 ) ;
#3932 = DIRECTION ( 'NONE',  ( 1.000000000000000000, -1.606225440719265627E-16, 1.931541112668179645E-15 ) ) ;
#3933 = VERTEX_POINT ( 'NONE', #8111 ) ;
#3934 = DIRECTION ( 'NONE',  ( 0.000000000000000000, 0.000000000000000000, 1.000000000000000000 ) ) ;
#3935 = CARTESIAN_POINT ( 'NONE',  ( -4.899999999999996803, -3.550515463917521153, -5.900000000000010125 ) ) ;
#3936 = EDGE_CURVE ( 'NONE', #2355, #1479, #5849, .T. ) ;
#3937 = CIRCLE ( 'NONE', #7158, 0.4000000000000001887 ) ;
#3938 = EDGE_CURVE ( 'NONE', #2313, #3018, #7271, .T. ) ;
#3939 = VERTEX_POINT ( 'NONE', #3086 ) ;
#3940 = ORIENTED_EDGE ( 'NONE', *, *, #1800, .F. ) ;
#3941 = DIRECTION ( 'NONE',  ( 0.000000000000000000, 1.000000000000000000, 0.000000000000000000 ) ) ;
#3942 = LINE ( 'NONE', #440, #7529 ) ;
#3943 = AXIS2_PLACEMENT_3D ( 'NONE', #3914, #1093, #6621 ) ;
#3944 = CARTESIAN_POINT ( 'NONE',  ( -4.499999999999992895, -3.950515463917520620, -4.900000000000009237 ) ) ;
#3945 = DIRECTION ( 'NONE',  ( 0.000000000000000000, 0.000000000000000000, 1.000000000000000000 ) ) ;
#3946 = DIRECTION ( 'NONE',  ( -1.000000000000000000, 0.000000000000000000, 0.000000000000000000 ) ) ;
#3947 = EDGE_CURVE ( 'NONE', #798, #405, #2474, .T. ) ;
#3948 = ORIENTED_EDGE ( 'NONE', *, *, #512, .T. ) ;
#3949 = ORIENTED_EDGE ( 'NONE', *, *, #5429, .F. ) ;
#3950 = VECTOR ( 'NONE', #2129, 1000.000000000000000 ) ;
#3951 = ORIENTED_EDGE ( 'NONE', *, *, #1254, .T. ) ;
#3952 = ORIENTED_EDGE ( 'NONE', *, *, #8999, .F. ) ;
#3953 = CARTESIAN_POINT ( 'NONE',  ( -2.500000000000000000, -6.400000000000000355, -1.350000000000000089 ) ) ;
#3954 = EDGE_LOOP ( 'NONE', ( #929, #1901, #7489, #5360 ) ) ;
#3955 = EDGE_CURVE ( 'NONE', #3157, #8168, #6676, .T. ) ;
#3956 = CARTESIAN_POINT ( 'NONE',  ( 1.000000000000000000, 0.4500000000000040079, 2.500000000000000000 ) ) ;
#3957 = DIRECTION ( 'NONE',  ( 1.000000000000000000, 0.000000000000000000, 0.000000000000000000 ) ) ;
#3958 = CARTESIAN_POINT ( 'NONE',  ( -1.900000000000001910, -2.700000000000000622, 0.1000000000000000056 ) ) ;
#3959 = EDGE_CURVE ( 'NONE', #3654, #1044, #5167, .T. ) ;
#3960 = PLANE ( 'NONE',  #3337 ) ;
#3961 = ORIENTED_EDGE ( 'NONE', *, *, #8159, .F. ) ;
#3962 = ORIENTED_EDGE ( 'NONE', *, *, #2848, .F. ) ;
#3963 = CARTESIAN_POINT ( 'NONE',  ( -1.734723475976807094E-15, 0.4500000000000040079, 5.000000000000000000 ) ) ;
#3964 = PLANE ( 'NONE',  #4883 ) ;
#3965 = ORIENTED_EDGE ( 'NONE', *, *, #2800, .F. ) ;
#3966 = FILL_AREA_STYLE_COLOUR ( '', #611 ) ;
#3967 = CARTESIAN_POINT ( 'NONE',  ( 0.000000000000000000, 13.19999999998344720, 0.000000000000000000 ) ) ;
#3968 = DIRECTION ( 'NONE',  ( -0.000000000000000000, -1.000000000000000000, -0.000000000000000000 ) ) ;
#3969 = AXIS2_PLACEMENT_3D ( 'NONE', #7077, #6435, #769 ) ;
#3970 = EDGE_CURVE ( 'NONE', #4633, #4946, #2335, .T. ) ;
#3971 = CARTESIAN_POINT ( 'NONE',  ( -0.7967663502707695855, 10.90000000000000036, -0.8947000102205833194 ) ) ;
#3972 = ORIENTED_EDGE ( 'NONE', *, *, #1803, .T. ) ;
#3973 = AXIS2_PLACEMENT_3D ( 'NONE', #8623, #3831, #869 ) ;
#3974 = FACE_OUTER_BOUND ( 'NONE', #8366, .T. ) ;
#3975 = CARTESIAN_POINT ( 'NONE',  ( -4.500000000000001776, 4.349484536082480091, -8.691935007006806825E-15 ) ) ;
#3976 = DIRECTION ( 'NONE',  ( 0.000000000000000000, 0.000000000000000000, -1.000000000000000000 ) ) ;
#3977 = ORIENTED_EDGE ( 'NONE', *, *, #8000, .F. ) ;
#3978 = DIRECTION ( 'NONE',  ( -1.931541112668179645E-15, 1.141265444721585237E-16, 1.000000000000000000 ) ) ;
#3979 = VECTOR ( 'NONE', #7753, 1000.000000000000000 ) ;
#3980 = SURFACE_STYLE_USAGE ( .BOTH. , #6689 ) ;
#3981 = EDGE_CURVE ( 'NONE', #2807, #2619, #4873, .T. ) ;
#3982 = ORIENTED_EDGE ( 'NONE', *, *, #1218, .F. ) ;
#3983 = LINE ( 'NONE', #6650, #3841 ) ;
#3984 = MECHANICAL_DESIGN_GEOMETRIC_PRESENTATION_REPRESENTATION (  '', ( #7793 ), #5590 ) ;
#3985 = LINE ( 'NONE', #6786, #3276 ) ;
#3986 = EDGE_CURVE ( 'NONE', #1700, #4605, #1784, .T. ) ;
#3987 = CARTESIAN_POINT ( 'NONE',  ( 0.000000000000000000, 10.90000000000000036, -0.5999999999999998668 ) ) ;
#3988 = LINE ( 'NONE', #8045, #142 ) ;
#3989 = CARTESIAN_POINT ( 'NONE',  ( 0.4499999999999991229, -3.625230054855794304, 2.500000000000000000 ) ) ;
#3990 = AXIS2_PLACEMENT_3D ( 'NONE', #6468, #156, #8601 ) ;
#3991 = ORIENTED_EDGE ( 'NONE', *, *, #2125, .T. ) ;
#3992 = ORIENTED_EDGE ( 'NONE', *, *, #1511, .F. ) ;
#3993 = VERTEX_POINT ( 'NONE', #2567 ) ;
#3994 = DIRECTION ( 'NONE',  ( 0.000000000000000000, 0.000000000000000000, 1.000000000000000000 ) ) ;
#3995 = ORIENTED_EDGE ( 'NONE', *, *, #5295, .T. ) ;
#3996 = EDGE_CURVE ( 'NONE', #7451, #9008, #1321, .T. ) ;
#3997 = AXIS2_PLACEMENT_3D ( 'NONE', #6503, #146, #2963 ) ;
#3998 = VECTOR ( 'NONE', #8241, 1000.000000000000114 ) ;
#3999 = CARTESIAN_POINT ( 'NONE',  ( 2.600000000000001421, -3.950515463917520620, -5.300000000000009592 ) ) ;
#4000 = ADVANCED_FACE ( 'NONE', ( #7584 ), #6081, .T. ) ;
#4001 =( LENGTH_UNIT ( ) NAMED_UNIT ( * ) SI_UNIT ( .MILLI., .METRE. ) );
#4002 = ORIENTED_EDGE ( 'NONE', *, *, #631, .T. ) ;
#4003 = VECTOR ( 'NONE', #3272, 1000.000000000000000 ) ;
#4004 = VECTOR ( 'NONE', #4018, 1000.000000000000000 ) ;
#4005 = DIRECTION ( 'NONE',  ( -0.000000000000000000, -0.000000000000000000, -1.000000000000000000 ) ) ;
#4006 = LINE ( 'NONE', #6718, #7384 ) ;
#4007 = EDGE_CURVE ( 'NONE', #2201, #8588, #5464, .T. ) ;
#4008 =( NAMED_UNIT ( * ) PLANE_ANGLE_UNIT ( ) SI_UNIT ( $, .RADIAN. ) );
#4009 = DIRECTION ( 'NONE',  ( -0.000000000000000000, -1.000000000000000000, -0.000000000000000000 ) ) ;
#4010 = LINE ( 'NONE', #6169, #771 ) ;
#4011 = VECTOR ( 'NONE', #6472, 1000.000000000000000 ) ;
#4012 = CARTESIAN_POINT ( 'NONE',  ( 1.750000000000000444, -6.699999999999999289, -1.349999999999999867 ) ) ;
#4013 = ADVANCED_FACE ( 'NONE', ( #1276 ), #8198, .T. ) ;
#4014 = CARTESIAN_POINT ( 'NONE',  ( 4.500000000000003553, 4.349484536082479202, 6.727453826140563391E-47 ) ) ;
#4015 = ORIENTED_EDGE ( 'NONE', *, *, #3668, .F. ) ;
#4016 = ORIENTED_EDGE ( 'NONE', *, *, #6875, .F. ) ;
#4017 = VECTOR ( 'NONE', #7643, 1000.000000000000000 ) ;
#4018 = DIRECTION ( 'NONE',  ( 1.000000000000000000, 0.000000000000000000, 0.000000000000000000 ) ) ;
#4019 = ORIENTED_EDGE ( 'NONE', *, *, #7877, .F. ) ;
#4020 = ADVANCED_FACE ( 'NONE', ( #2658 ), #5430, .T. ) ;
#4021 = DIRECTION ( 'NONE',  ( 1.000000000000000000, -1.606225440719265627E-16, 1.931541112668179251E-15 ) ) ;
#4022 = CARTESIAN_POINT ( 'NONE',  ( 4.399999999999998579, 5.150000000000004796, 5.000000000000000000 ) ) ;
#4023 = VERTEX_POINT ( 'NONE', #1148 ) ;
#4024 = CARTESIAN_POINT ( 'NONE',  ( -3.400000000000003464, -2.050000000000000711, 0.5000000000000000000 ) ) ;
#4025 = VECTOR ( 'NONE', #7045, 1000.000000000000000 ) ;
#4026 =( LENGTH_UNIT ( ) NAMED_UNIT ( * ) SI_UNIT ( .MILLI., .METRE. ) );
#4027 = ORIENTED_EDGE ( 'NONE', *, *, #2414, .T. ) ;
#4028 = EDGE_LOOP ( 'NONE', ( #5763, #4037, #7196, #3471 ) ) ;
#4029 = DIRECTION ( 'NONE',  ( -0.7071067811865477948, 0.7071067811865473507, 0.000000000000000000 ) ) ;
#4030 = CARTESIAN_POINT ( 'NONE',  ( -4.499999999999989342, 1.449484536082479957, -5.800000000000008704 ) ) ;
#4031 = DIRECTION ( 'NONE',  ( -1.000000000000000000, 0.000000000000000000, 0.000000000000000000 ) ) ;
#4032 = CARTESIAN_POINT ( 'NONE',  ( -3.250000000000001332, -6.400000000000000355, 1.000000000000000000 ) ) ;
#4033 = DIRECTION ( 'NONE',  ( 1.000000000000000000, 0.000000000000000000, 0.000000000000000000 ) ) ;
#4034 = AXIS2_PLACEMENT_3D ( 'NONE', #7252, #2452, #5874 ) ;
#4035 = ORIENTED_EDGE ( 'NONE', *, *, #2092, .T. ) ;
#4036 = ORIENTED_EDGE ( 'NONE', *, *, #2903, .T. ) ;
#4037 = ORIENTED_EDGE ( 'NONE', *, *, #4654, .T. ) ;
#4038 = DIRECTION ( 'NONE',  ( 0.000000000000000000, -1.000000000000000000, 0.000000000000000000 ) ) ;
#4039 = CARTESIAN_POINT ( 'NONE',  ( 5.538016780164206843, -1.550515463917522041, -8.133954347177770217 ) ) ;
#4040 = DIRECTION ( 'NONE',  ( -8.850629979473506011E-17, -1.000000000000000000, 8.673617379884039416E-16 ) ) ;
#4041 = CARTESIAN_POINT ( 'NONE',  ( 4.500000000000003553, -5.150515463917521686, -4.900000000000008349 ) ) ;
#4042 = EDGE_CURVE ( 'NONE', #5556, #3524, #8900, .T. ) ;
#4043 = VERTEX_POINT ( 'NONE', #1872 ) ;
#4044 = ORIENTED_EDGE ( 'NONE', *, *, #5066, .T. ) ;
#4045 = FACE_OUTER_BOUND ( 'NONE', #3370, .T. ) ;
#4046 = LINE ( 'NONE', #6897, #5604 ) ;
#4047 = PRODUCT_DEFINITION ( 'UNKNOWN', '', #3790, #5114 ) ;
#4048 = DIRECTION ( 'NONE',  ( 0.000000000000000000, -1.000000000000000000, 0.000000000000000000 ) ) ;
#4049 = MANIFOLD_SOLID_BREP ( 'Cut-Extrude2', #4545 ) ;
#4050 = DIRECTION ( 'NONE',  ( -1.000000000000000000, 0.000000000000000000, 0.000000000000000000 ) ) ;
#4051 = CARTESIAN_POINT ( 'NONE',  ( -1.900000000000001910, -4.200000000000000178, 0.1000000000000000056 ) ) ;
#4052 = LINE ( 'NONE', #5480, #4366 ) ;
#4053 = CARTESIAN_POINT ( 'NONE',  ( 0.4999999999999982792, -2.050000000000000711, 0.5000000000000000000 ) ) ;
#4054 = VECTOR ( 'NONE', #8614, 1000.000000000000000 ) ;
#4055 = EDGE_CURVE ( 'NONE', #7868, #11, #2006, .T. ) ;
#4056 = ORIENTED_EDGE ( 'NONE', *, *, #6517, .F. ) ;
#4057 = VERTEX_POINT ( 'NONE', #4092 ) ;
#4058 = DIRECTION ( 'NONE',  ( 0.000000000000000000, 0.000000000000000000, 1.000000000000000000 ) ) ;
#4059 = ORIENTED_EDGE ( 'NONE', *, *, #8129, .T. ) ;
#4060 = EDGE_CURVE ( 'NONE', #3461, #8938, #6851, .T. ) ;
#4061 = CARTESIAN_POINT ( 'NONE',  ( -4.899999999999996803, 0.4494845360824792357, -7.400000000000011013 ) ) ;
#4062 = AXIS2_PLACEMENT_3D ( 'NONE', #5674, #1475, #4299 ) ;
#4063 = DIRECTION ( 'NONE',  ( 0.000000000000000000, 0.000000000000000000, 1.000000000000000000 ) ) ;
#4064 = ORIENTED_EDGE ( 'NONE', *, *, #2133, .T. ) ;
#4065 = DIRECTION ( 'NONE',  ( -0.000000000000000000, -1.000000000000000000, -0.000000000000000000 ) ) ;
#4066 = DIRECTION ( 'NONE',  ( 0.000000000000000000, 1.000000000000000000, -1.141265444721583511E-16 ) ) ;
#4067 = EDGE_CURVE ( 'NONE', #4634, #7061, #3313, .T. ) ;
#4068 = AXIS2_PLACEMENT_3D ( 'NONE', #2675, #9050, #4837 ) ;
#4069 = ORIENTED_EDGE ( 'NONE', *, *, #8118, .F. ) ;
#4070 = DIRECTION ( 'NONE',  ( -1.000000000000000000, 0.000000000000000000, 0.000000000000000000 ) ) ;
#4071 = CARTESIAN_POINT ( 'NONE',  ( -2.599999999999993872, -3.950515463917521508, -5.300000000000009592 ) ) ;
#4072 = VECTOR ( 'NONE', #1051, 1000.000000000000000 ) ;
#4073 = AXIS2_PLACEMENT_3D ( 'NONE', #5388, #6584, #964 ) ;
#4074 = CARTESIAN_POINT ( 'NONE',  ( -4.500000000000003553, 0.000000000000000000, 0.4000000000000000222 ) ) ;
#4075 = LINE ( 'NONE', #1945, #3007 ) ;
#4076 = CARTESIAN_POINT ( 'NONE',  ( -1.734723475976807094E-15, 0.4500000000000040079, 1.800000000000000488 ) ) ;
#4077 = DIRECTION ( 'NONE',  ( -0.000000000000000000, -1.000000000000000000, -0.000000000000000000 ) ) ;
#4078 = ORIENTED_EDGE ( 'NONE', *, *, #8885, .T. ) ;
#4079 = ORIENTED_EDGE ( 'NONE', *, *, #701, .F. ) ;
#4080 = AXIS2_PLACEMENT_3D ( 'NONE', #29, #8468, #2275 ) ;
#4081 = PLANE ( 'NONE',  #18 ) ;
#4082 = ORIENTED_EDGE ( 'NONE', *, *, #2419, .F. ) ;
#4083 = DIRECTION ( 'NONE',  ( -0.000000000000000000, -1.000000000000000000, -0.000000000000000000 ) ) ;
#4084 = DIRECTION ( 'NONE',  ( -1.000000000000000000, 2.491288438666616105E-16, -1.931541112668179645E-15 ) ) ;
#4085 = DIRECTION ( 'NONE',  ( 0.000000000000000000, 0.000000000000000000, -1.000000000000000000 ) ) ;
#4086 = VERTEX_POINT ( 'NONE', #1965 ) ;
#4087 = EDGE_CURVE ( 'NONE', #2258, #2975, #8294, .T. ) ;
#4088 = EDGE_LOOP ( 'NONE', ( #6884, #4927, #7798, #3916 ) ) ;
#4089 = FACE_OUTER_BOUND ( 'NONE', #1950, .T. ) ;
#4090 = CARTESIAN_POINT ( 'NONE',  ( -4.500000000000002665, 1.349484536082479869, 0.4000000000000000222 ) ) ;
#4091 = AXIS2_PLACEMENT_3D ( 'NONE', #6302, #9126, #2011 ) ;
#4092 = CARTESIAN_POINT ( 'NONE',  ( -2.899999999999999911, -6.400000000000000355, -1.349999999999999867 ) ) ;
#4093 = LINE ( 'NONE', #7683, #6547 ) ;
#4094 = LINE ( 'NONE', #7684, #2682 ) ;
#4095 = DIRECTION ( 'NONE',  ( -1.000000000000000000, 1.355252715606879803E-16, 0.000000000000000000 ) ) ;
#4096 = DIRECTION ( 'NONE',  ( 0.000000000000000000, 0.000000000000000000, -1.000000000000000000 ) ) ;
#4097 = EDGE_LOOP ( 'NONE', ( #6648, #6378 ) ) ;
#4098 = ORIENTED_EDGE ( 'NONE', *, *, #3996, .T. ) ;
#4099 = DIRECTION ( 'NONE',  ( -0.000000000000000000, -1.000000000000000000, -0.000000000000000000 ) ) ;
#4100 = VERTEX_POINT ( 'NONE', #3454 ) ;
#4101 = AXIS2_PLACEMENT_3D ( 'NONE', #810, #7771, #2236 ) ;
#4102 = CARTESIAN_POINT ( 'NONE',  ( 4.900000000000001243, -3.550515463917521153, 0.4000000000000000222 ) ) ;
#4103 = ADVANCED_FACE ( 'NONE', ( #3405 ), #9036, .T. ) ;
#4104 = CARTESIAN_POINT ( 'NONE',  ( 2.324999999999999734, 3.649484536082479469, 0.000000000000000000 ) ) ;
#4105 = EDGE_LOOP ( 'NONE', ( #1057, #5203, #578, #3873 ) ) ;
#4106 = CARTESIAN_POINT ( 'NONE',  ( -4.663541149204271541, 0.4494845360824787917, -9.633847585124243551 ) ) ;
#4107 = CARTESIAN_POINT ( 'NONE',  ( -3.400000000000001243, 0.9500000000000038414, 0.5000000000000000000 ) ) ;
#4108 = AXIS2_PLACEMENT_3D ( 'NONE', #5946, #189, #8014 ) ;
#4109 = EDGE_CURVE ( 'NONE', #5825, #2687, #5605, .T. ) ;
#4110 = ORIENTED_EDGE ( 'NONE', *, *, #2494, .F. ) ;
#4111 = ORIENTED_EDGE ( 'NONE', *, *, #7814, .F. ) ;
#4112 = LINE ( 'NONE', #9097, #2656 ) ;
#4113 = CARTESIAN_POINT ( 'NONE',  ( -4.400000000000002132, 0.000000000000000000, 0.1000000000000000056 ) ) ;
#4114 = ADVANCED_FACE ( 'NONE', ( #8520 ), #857, .T. ) ;
#4115 = VECTOR ( 'NONE', #5276, 1000.000000000000000 ) ;
#4116 = DIRECTION ( 'NONE',  ( -1.000000000000000000, 0.000000000000000000, 0.000000000000000000 ) ) ;
#4117 = DIRECTION ( 'NONE',  ( 1.232047923278982446E-16, 0.000000000000000000, -1.000000000000000000 ) ) ;
#4118 = DIRECTION ( 'NONE',  ( 8.850629979473506011E-17, 1.000000000000000000, 0.000000000000000000 ) ) ;
#4119 = EDGE_CURVE ( 'NONE', #2575, #586, #7674, .T. ) ;
#4120 = EDGE_LOOP ( 'NONE', ( #3577, #2352, #6459, #7946 ) ) ;
#4121 = STYLED_ITEM ( 'NONE', ( #5115 ), #1312 ) ;
#4122 = CARTESIAN_POINT ( 'NONE',  ( 0.7500000000000000000, -6.400000000000000355, 1.000000000000000000 ) ) ;
#4123 = EDGE_LOOP ( 'NONE', ( #7742, #6132, #3350, #214 ) ) ;
#4124 = EDGE_CURVE ( 'NONE', #3597, #2563, #2371, .T. ) ;
#4125 = LINE ( 'NONE', #627, #6949 ) ;
#4126 = CARTESIAN_POINT ( 'NONE',  ( 2.500000000000000000, -6.700000000000000178, -1.350000000000000089 ) ) ;
#4127 = CARTESIAN_POINT ( 'NONE',  ( 4.900000000000000355, -3.050515463917521153, -5.900000000000000355 ) ) ;
#4128 = DIRECTION ( 'NONE',  ( 1.000000000000000000, 0.000000000000000000, 0.000000000000000000 ) ) ;
#4129 = VERTEX_POINT ( 'NONE', #2191 ) ;
#4130 = ORIENTED_EDGE ( 'NONE', *, *, #691, .F. ) ;
#4131 = CARTESIAN_POINT ( 'NONE',  ( 0.000000000000000000, 13.00000000000000355, -0.6000000000000001998 ) ) ;
#4132 = VECTOR ( 'NONE', #5408, 1000.000000000000000 ) ;
#4133 = CIRCLE ( 'NONE', #5314, 3.000000000000000444 ) ;
#4134 = DIRECTION ( 'NONE',  ( 0.4067366430758003193, 0.000000000000000000, 0.9135454576426008666 ) ) ;
#4135 = DIRECTION ( 'NONE',  ( 1.000000000000000000, 0.000000000000000000, 0.000000000000000000 ) ) ;
#4136 = EDGE_CURVE ( 'NONE', #7195, #605, #7126, .T. ) ;
#4137 = CARTESIAN_POINT ( 'NONE',  ( -3.400000000000003020, -2.050000000000000711, 0.5000000000000000000 ) ) ;
#4138 = LINE ( 'NONE', #6258, #4895 ) ;
#4139 = CARTESIAN_POINT ( 'NONE',  ( -5.236132948075080229, -1.550515463917520487, -8.396377958773982186 ) ) ;
#4140 = VECTOR ( 'NONE', #5251, 1000.000000000000000 ) ;
#4141 = VECTOR ( 'NONE', #779, 1000.000000000000000 ) ;
#4142 = CARTESIAN_POINT ( 'NONE',  ( 0.000000000000000000, 0.9500000000000040634, 0.000000000000000000 ) ) ;
#4143 = ORIENTED_EDGE ( 'NONE', *, *, #199, .F. ) ;
#4144 = ORIENTED_EDGE ( 'NONE', *, *, #7455, .T. ) ;
#4145 = PLANE ( 'NONE',  #905 ) ;
#4146 = ORIENTED_EDGE ( 'NONE', *, *, #4578, .F. ) ;
#4147 = VECTOR ( 'NONE', #5132, 1000.000000000000000 ) ;
#4148 = DIRECTION ( 'NONE',  ( -1.000000000000000000, 0.000000000000000000, 0.000000000000000000 ) ) ;
#4149 = DIRECTION ( 'NONE',  ( 0.000000000000000000, 0.000000000000000000, 1.000000000000000000 ) ) ;
#4150 = VERTEX_POINT ( 'NONE', #4361 ) ;
#4151 = FACE_OUTER_BOUND ( 'NONE', #2234, .T. ) ;
#4152 = AXIS2_PLACEMENT_3D ( 'NONE', #8125, #1797, #4619 ) ;
#4153 = EDGE_CURVE ( 'NONE', #5877, #4950, #6390, .T. ) ;
#4154 = ORIENTED_EDGE ( 'NONE', *, *, #2562, .F. ) ;
#4155 = CARTESIAN_POINT ( 'NONE',  ( -4.900000000000000355, 4.349484536082479202, -7.400000000000009237 ) ) ;
#4156 = DIRECTION ( 'NONE',  ( 1.000000000000000000, 0.000000000000000000, 0.000000000000000000 ) ) ;
#4157 = VECTOR ( 'NONE', #2431, 1000.000000000000000 ) ;
#4158 = EDGE_CURVE ( 'NONE', #9084, #6160, #812, .T. ) ;
#4159 = CARTESIAN_POINT ( 'NONE',  ( -2.600000000000000533, 2.849484536082480091, -5.300000000000009592 ) ) ;
#4160 = DIRECTION ( 'NONE',  ( 1.000000000000000000, 0.000000000000000000, 0.000000000000000000 ) ) ;
#4161 = CARTESIAN_POINT ( 'NONE',  ( 0.000000000000000000, 13.00000000000000355, 0.000000000000000000 ) ) ;
#4162 = ORIENTED_EDGE ( 'NONE', *, *, #8963, .T. ) ;
#4163 = ORIENTED_EDGE ( 'NONE', *, *, #4739, .T. ) ;
#4164 = EDGE_CURVE ( 'NONE', #148, #7709, #6989, .T. ) ;
#4165 = VERTEX_POINT ( 'NONE', #2789 ) ;
#4166 = VECTOR ( 'NONE', #7407, 1000.000000000000000 ) ;
#4167 = PLANE ( 'NONE',  #2798 ) ;
#4168 = VERTEX_POINT ( 'NONE', #3540 ) ;
#4169 = DIRECTION ( 'NONE',  ( 0.000000000000000000, 0.000000000000000000, -1.000000000000000000 ) ) ;
#4170 = ADVANCED_FACE ( 'NONE', ( #1499 ), #5652, .T. ) ;
#4171 = LINE ( 'NONE', #7618, #5768 ) ;
#4172 = AXIS2_PLACEMENT_3D ( 'NONE', #8634, #7237, #6684 ) ;
#4173 = DIRECTION ( 'NONE',  ( 0.000000000000000000, 0.000000000000000000, -1.000000000000000000 ) ) ;
#4174 = DIRECTION ( 'NONE',  ( -1.000000000000000000, -8.850629979473506011E-17, -0.000000000000000000 ) ) ;
#4175 =( NAMED_UNIT ( * ) SI_UNIT ( $, .STERADIAN. ) SOLID_ANGLE_UNIT ( ) );
#4176 = EDGE_CURVE ( 'NONE', #471, #4544, #3631, .T. ) ;
#4177 = ORIENTED_EDGE ( 'NONE', *, *, #1440, .F. ) ;
#4178 = ORIENTED_EDGE ( 'NONE', *, *, #4202, .T. ) ;
#4179 = FACE_OUTER_BOUND ( 'NONE', #6908, .T. ) ;
#4180 = APPLICATION_CONTEXT ( 'automotive_design' ) ;
#4181 = DIRECTION ( 'NONE',  ( 0.000000000000000000, 1.000000000000000000, 0.000000000000000000 ) ) ;
#4182 = DIRECTION ( 'NONE',  ( -1.000000000000000000, 0.000000000000000000, 0.000000000000000000 ) ) ;
#4183 = FACE_OUTER_BOUND ( 'NONE', #3737, .T. ) ;
#4184 = DIRECTION ( 'NONE',  ( 0.000000000000000000, 0.000000000000000000, -1.000000000000000000 ) ) ;
#4185 = EDGE_LOOP ( 'NONE', ( #5931, #6422, #3628, #2418 ) ) ;
#4186 = ORIENTED_EDGE ( 'NONE', *, *, #5909, .F. ) ;
#4187 = EDGE_CURVE ( 'NONE', #3057, #1621, #2978, .T. ) ;
#4188 = CARTESIAN_POINT ( 'NONE',  ( -0.4999999999999997780, 11.49999999999999645, 2.299999999999999822 ) ) ;
#4189 = EDGE_LOOP ( 'NONE', ( #6376, #8146, #134, #8322, #4541, #7636, #5636 ) ) ;
#4190 = DIRECTION ( 'NONE',  ( -0.4226182617407091557, 0.000000000000000000, 0.9063077870366453848 ) ) ;
#4191 = DIRECTION ( 'NONE',  ( -1.734723475976805517E-15, 0.000000000000000000, 1.000000000000000000 ) ) ;
#4192 = ORIENTED_EDGE ( 'NONE', *, *, #5579, .F. ) ;
#4193 = PLANE ( 'NONE',  #3485 ) ;
#4194 = LINE ( 'NONE', #522, #7945 ) ;
#4195 = ORIENTED_EDGE ( 'NONE', *, *, #8399, .T. ) ;
#4196 = ORIENTED_EDGE ( 'NONE', *, *, #7881, .T. ) ;
#4197 = EDGE_CURVE ( 'NONE', #4436, #2224, #2050, .T. ) ;
#4198 = CARTESIAN_POINT ( 'NONE',  ( -1.749999999999999778, -6.700000000000000178, 1.100000000000000089 ) ) ;
#4199 = CIRCLE ( 'NONE', #1549, 0.6750000000000002665 ) ;
#4200 = CARTESIAN_POINT ( 'NONE',  ( 4.500000000000002665, 4.049484536082481156, -4.900000000000009237 ) ) ;
#4201 = ORIENTED_EDGE ( 'NONE', *, *, #3317, .F. ) ;
#4202 = EDGE_CURVE ( 'NONE', #3357, #1815, #4869, .T. ) ;
#4203 = DIRECTION ( 'NONE',  ( -1.000000000000000000, 4.396715779998431549E-81, -1.278426997811956241E-48 ) ) ;
#4204 = ADVANCED_FACE ( 'NONE', ( #4179 ), #2081, .T. ) ;
#4205 = LINE ( 'NONE', #1303, #1453 ) ;
#4206 = VECTOR ( 'NONE', #433, 1000.000000000000000 ) ;
#4207 = CARTESIAN_POINT ( 'NONE',  ( -4.500000000000002665, 0.000000000000000000, 0.4000000000000000222 ) ) ;
#4208 = ORIENTED_EDGE ( 'NONE', *, *, #6096, .T. ) ;
#4209 = ORIENTED_EDGE ( 'NONE', *, *, #1511, .T. ) ;
#4210 = ORIENTED_EDGE ( 'NONE', *, *, #6394, .F. ) ;
#4211 = VERTEX_POINT ( 'NONE', #7680 ) ;
#4212 = CARTESIAN_POINT ( 'NONE',  ( 4.500000000000002665, -5.150515463917521686, -4.299999999999999822 ) ) ;
#4213 = FACE_OUTER_BOUND ( 'NONE', #1414, .T. ) ;
#4214 = VECTOR ( 'NONE', #2993, 1000.000000000000000 ) ;
#4215 = CARTESIAN_POINT ( 'NONE',  ( -4.499999999999990230, 0.4494845360824792357, -5.800000000000008704 ) ) ;
#4216 = ADVANCED_FACE ( 'NONE', ( #4226 ), #81, .F. ) ;
#4217 = CARTESIAN_POINT ( 'NONE',  ( -3.250000000000001332, -5.549999999999998934, -1.350000000000000089 ) ) ;
#4218 = DIRECTION ( 'NONE',  ( 0.000000000000000000, -1.000000000000000000, 0.000000000000000000 ) ) ;
#4219 = PRODUCT_DEFINITION_FORMATION_WITH_SPECIFIED_SOURCE ( 'ANY', '', #8003, .NOT_KNOWN. ) ;
#4220 =( LENGTH_UNIT ( ) NAMED_UNIT ( * ) SI_UNIT ( .MILLI., .METRE. ) );
#4221 = VECTOR ( 'NONE', #8234, 1000.000000000000000 ) ;
#4222 = ORIENTED_EDGE ( 'NONE', *, *, #1376, .F. ) ;
#4223 = ADVANCED_FACE ( 'NONE', ( #7033, #5695, #2939, #5013, #5061 ), #2420, .T. ) ;
#4224 = ORIENTED_EDGE ( 'NONE', *, *, #4893, .T. ) ;
#4225 = DIRECTION ( 'NONE',  ( 0.000000000000000000, 0.000000000000000000, -1.000000000000000000 ) ) ;
#4226 = FACE_OUTER_BOUND ( 'NONE', #2535, .T. ) ;
#4227 = VECTOR ( 'NONE', #3220, 1000.000000000000000 ) ;
#4228 = EDGE_CURVE ( 'NONE', #1087, #871, #1636, .T. ) ;
#4229 = CARTESIAN_POINT ( 'NONE',  ( -4.500000000000002665, -2.450515463917520620, -0.5999999999999996447 ) ) ;
#4230 = CARTESIAN_POINT ( 'NONE',  ( 4.500000000000003553, -2.450515463917521508, -0.5999999999999909850 ) ) ;
#4231 = CARTESIAN_POINT ( 'NONE',  ( 1.479999999999999982, 10.90000000000000036, 0.8499999999999999778 ) ) ;
#4232 = CARTESIAN_POINT ( 'NONE',  ( 2.900000000000000799, -6.700000000000000178, -5.750000000000000000 ) ) ;
#4233 = ORIENTED_EDGE ( 'NONE', *, *, #626, .F. ) ;
#4234 = ORIENTED_EDGE ( 'NONE', *, *, #8200, .F. ) ;
#4235 = AXIS2_PLACEMENT_3D ( 'NONE', #5455, #2548, #4630 ) ;
#4236 = CARTESIAN_POINT ( 'NONE',  ( -1.479999999999999982, 11.70000000000000462, 1.200000000000000178 ) ) ;
#4237 = ORIENTED_EDGE ( 'NONE', *, *, #1240, .T. ) ;
#4238 = CYLINDRICAL_SURFACE ( 'NONE', #5026, 3.399999999999999911 ) ;
#4239 = ADVANCED_FACE ( 'NONE', ( #4458 ), #7214, .T. ) ;
#4240 = CARTESIAN_POINT ( 'NONE',  ( -1.734723475976807094E-15, 0.4500000000000040079, 2.500000000000000000 ) ) ;
#4241 = VERTEX_POINT ( 'NONE', #4409 ) ;
#4242 = CARTESIAN_POINT ( 'NONE',  ( -1.370000000000000107, 8.500000000000000000, 3.352688591713894439 ) ) ;
#4243 = ORIENTED_EDGE ( 'NONE', *, *, #1922, .T. ) ;
#4244 = VERTEX_POINT ( 'NONE', #1728 ) ;
#4245 = DIRECTION ( 'NONE',  ( -1.000000000000000000, -0.000000000000000000, -0.000000000000000000 ) ) ;
#4246 = DIRECTION ( 'NONE',  ( -1.000000000000000000, 0.000000000000000000, 0.000000000000000000 ) ) ;
#4247 = LINE ( 'NONE', #746, #87 ) ;
#4248 = EDGE_CURVE ( 'NONE', #485, #4391, #5285, .T. ) ;
#4249 = VECTOR ( 'NONE', #2790, 1000.000000000000000 ) ;
#4250 = CYLINDRICAL_SURFACE ( 'NONE', #294, 0.6750000000000002665 ) ;
#4251 = LINE ( 'NONE', #7706, #3950 ) ;
#4252 = ORIENTED_EDGE ( 'NONE', *, *, #3751, .T. ) ;
#4253 = ORIENTED_EDGE ( 'NONE', *, *, #6317, .F. ) ;
#4254 = ORIENTED_EDGE ( 'NONE', *, *, #5083, .T. ) ;
#4255 = VERTEX_POINT ( 'NONE', #8002 ) ;
#4256 = ORIENTED_EDGE ( 'NONE', *, *, #6394, .T. ) ;
#4257 = DIRECTION ( 'NONE',  ( 0.000000000000000000, 1.000000000000000000, 0.000000000000000000 ) ) ;
#4258 = VECTOR ( 'NONE', #2412, 1000.000000000000000 ) ;
#4259 = CARTESIAN_POINT ( 'NONE',  ( -3.250000000000001332, -5.549999999999998934, 1.300000000000000266 ) ) ;
#4260 = FACE_BOUND ( 'NONE', #2014, .T. ) ;
#4261 = FACE_BOUND ( 'NONE', #560, .T. ) ;
#4262 = DIRECTION ( 'NONE',  ( 9.693873272465595811E-47, -1.000000000000000000, -2.123492242164234689E-31 ) ) ;
#4263 = VECTOR ( 'NONE', #6737, 1000.000000000000000 ) ;
#4264 = DIRECTION ( 'NONE',  ( 1.000000000000000000, 0.000000000000000000, 0.000000000000000000 ) ) ;
#4265 = EDGE_LOOP ( 'NONE', ( #9101, #4498, #3860, #7178, #291, #557 ) ) ;
#4266 = ORIENTED_EDGE ( 'NONE', *, *, #667, .T. ) ;
#4267 = DIRECTION ( 'NONE',  ( -1.000000000000000000, 0.000000000000000000, 0.000000000000000000 ) ) ;
#4268 = EDGE_CURVE ( 'NONE', #6873, #7420, #8573, .T. ) ;
#4269 = FACE_OUTER_BOUND ( 'NONE', #2491, .T. ) ;
#4270 = DIRECTION ( 'NONE',  ( 0.000000000000000000, -1.000000000000000000, 0.000000000000000000 ) ) ;
#4271 = FACE_OUTER_BOUND ( 'NONE', #4861, .T. ) ;
#4272 = CARTESIAN_POINT ( 'NONE',  ( -4.499999999999989342, 0.4494845360824792357, -5.800000000000008704 ) ) ;
#4273 = FACE_OUTER_BOUND ( 'NONE', #3525, .T. ) ;
#4274 = EDGE_CURVE ( 'NONE', #215, #5667, #948, .T. ) ;
#4275 = DIRECTION ( 'NONE',  ( 1.000000000000000000, 0.000000000000000000, 0.000000000000000000 ) ) ;
#4276 = CARTESIAN_POINT ( 'NONE',  ( 0.4000000000000009104, -6.400000000000000355, 0.000000000000000000 ) ) ;
#4277 = ORIENTED_EDGE ( 'NONE', *, *, #5807, .T. ) ;
#4278 = AXIS2_PLACEMENT_3D ( 'NONE', #6410, #744, #7926 ) ;
#4279 = AXIS2_PLACEMENT_3D ( 'NONE', #5670, #5535, #8494 ) ;
#4280 = ADVANCED_FACE ( 'NONE', ( #5881 ), #3770, .T. ) ;
#4281 = DIRECTION ( 'NONE',  ( 0.000000000000000000, 0.000000000000000000, 1.000000000000000000 ) ) ;
#4282 = ORIENTED_EDGE ( 'NONE', *, *, #8344, .T. ) ;
#4283 = LINE ( 'NONE', #2250, #8712 ) ;
#4284 = AXIS2_PLACEMENT_3D ( 'NONE', #1554, #4975, #1512 ) ;
#4285 = CARTESIAN_POINT ( 'NONE',  ( 0.4999999999999987232, 0.9500000000000040634, 0.5000000000000000000 ) ) ;
#4286 = VECTOR ( 'NONE', #956, 1000.000000000000000 ) ;
#4287 = ADVANCED_FACE ( 'NONE', ( #266 ), #2325, .F. ) ;
#4288 = VERTEX_POINT ( 'NONE', #8706 ) ;
#4289 = CARTESIAN_POINT ( 'NONE',  ( -4.499999999999993783, -5.150515463917520798, -6.800000000000009592 ) ) ;
#4290 = SURFACE_SIDE_STYLE ('',( #1561 ) ) ;
#4291 = EDGE_LOOP ( 'NONE', ( #2480, #2503, #1586, #1133, #625 ) ) ;
#4292 = ADVANCED_FACE ( 'NONE', ( #5099 ), #1047, .T. ) ;
#4293 = AXIS2_PLACEMENT_3D ( 'NONE', #3077, #1772, #3033 ) ;
#4294 = AXIS2_PLACEMENT_3D ( 'NONE', #7871, #1374, #7892 ) ;
#4295 = PLANE ( 'NONE',  #604 ) ;
#4296 = ADVANCED_FACE ( 'NONE', ( #5974 ), #316, .T. ) ;
#4297 = CARTESIAN_POINT ( 'NONE',  ( 4.500000000000002665, 1.449484536082478625, -5.800000000000000711 ) ) ;
#4298 = ORIENTED_EDGE ( 'NONE', *, *, #3039, .F. ) ;
#4299 = DIRECTION ( 'NONE',  ( 0.000000000000000000, 0.000000000000000000, -1.000000000000000000 ) ) ;
#4300 = VECTOR ( 'NONE', #3897, 1000.000000000000000 ) ;
#4301 = LINE ( 'NONE', #7108, #6028 ) ;
#4302 = CARTESIAN_POINT ( 'NONE',  ( -4.900000000000001243, -5.450515463917521508, 0.4000000000000000222 ) ) ;
#4303 = ORIENTED_EDGE ( 'NONE', *, *, #3087, .T. ) ;
#4304 = ORIENTED_EDGE ( 'NONE', *, *, #5918, .F. ) ;
#4305 = ORIENTED_EDGE ( 'NONE', *, *, #6236, .F. ) ;
#4306 = ORIENTED_EDGE ( 'NONE', *, *, #7455, .F. ) ;
#4307 = CARTESIAN_POINT ( 'NONE',  ( 0.000000000000000000, 0.000000000000000000, 0.1000000000000000056 ) ) ;
#4308 = VECTOR ( 'NONE', #1149, 1000.000000000000000 ) ;
#4309 = ADVANCED_FACE ( 'NONE', ( #218 ), #995, .T. ) ;
#4310 = ORIENTED_EDGE ( 'NONE', *, *, #775, .T. ) ;
#4311 = CARTESIAN_POINT ( 'NONE',  ( 4.399999999999998579, -2.700000000000000622, 0.000000000000000000 ) ) ;
#4312 = CARTESIAN_POINT ( 'NONE',  ( 4.500000000000002665, -3.540251991789402774E-17, -5.800000000000000711 ) ) ;
#4313 = LINE ( 'NONE', #4217, #2395 ) ;
#4314 = CARTESIAN_POINT ( 'NONE',  ( -2.500000000000000000, -6.700000000000000178, 1.100000000000000089 ) ) ;
#4315 = CARTESIAN_POINT ( 'NONE',  ( -1.090871211463572132, 0.9500000000000040634, 0.5000000000000000000 ) ) ;
#4316 = CONICAL_SURFACE ( 'NONE', #5200, 2.999999999985902832, 0.7853981633974482790 ) ;
#4317 = PRODUCT_CONTEXT ( 'NONE', #4180, 'mechanical' ) ;
#4318 = ORIENTED_EDGE ( 'NONE', *, *, #5469, .T. ) ;
#4319 = EDGE_CURVE ( 'NONE', #6198, #3863, #5143, .T. ) ;
#4320 = DIRECTION ( 'NONE',  ( 8.850629979473506011E-17, 1.000000000000000000, 0.000000000000000000 ) ) ;
#4321 = VECTOR ( 'NONE', #2735, 1000.000000000000000 ) ;
#4322 = DIRECTION ( 'NONE',  ( 0.000000000000000000, 0.000000000000000000, -1.000000000000000000 ) ) ;
#4323 = CARTESIAN_POINT ( 'NONE',  ( 0.000000000000000000, -6.700000000000000178, 1.100000000000000089 ) ) ;
#4324 = CARTESIAN_POINT ( 'NONE',  ( 3.599999999999999645, 5.150000000000005684, 0.000000000000000000 ) ) ;
#4325 = FACE_BOUND ( 'NONE', #4346, .T. ) ;
#4326 = EDGE_CURVE ( 'NONE', #4490, #8597, #8657, .T. ) ;
#4327 = CARTESIAN_POINT ( 'NONE',  ( 2.600000000000001421, -5.150515463917521686, -6.800000000000000711 ) ) ;
#4328 = EDGE_LOOP ( 'NONE', ( #854, #4303, #1713, #7644 ) ) ;
#4329 = FACE_OUTER_BOUND ( 'NONE', #4291, .T. ) ;
#4330 = ORIENTED_EDGE ( 'NONE', *, *, #1606, .F. ) ;
#4331 = DIRECTION ( 'NONE',  ( -1.000000000000000000, 0.000000000000000000, 0.000000000000000000 ) ) ;
#4332 = DIRECTION ( 'NONE',  ( -8.850629979473506011E-17, 1.000000000000000000, 0.000000000000000000 ) ) ;
#4333 = EDGE_LOOP ( 'NONE', ( #4582, #5810, #1458, #4993 ) ) ;
#4334 = DIRECTION ( 'NONE',  ( 1.224646799147353454E-16, 1.000000000000000000, 0.000000000000000000 ) ) ;
#4335 = EDGE_CURVE ( 'NONE', #8461, #8753, #6797, .T. ) ;
#4336 = LINE ( 'NONE', #7140, #2948 ) ;
#4337 = EDGE_LOOP ( 'NONE', ( #3705, #8971 ) ) ;
#4338 = EDGE_LOOP ( 'NONE', ( #8681, #5490, #6598, #2390 ) ) ;
#4339 = ADVANCED_FACE ( 'NONE', ( #6617 ), #1682, .F. ) ;
#4340 = DIRECTION ( 'NONE',  ( 0.000000000000000000, 0.000000000000000000, 1.000000000000000000 ) ) ;
#4341 = DIRECTION ( 'NONE',  ( 0.000000000000000000, 0.000000000000000000, -1.000000000000000000 ) ) ;
#4342 = EDGE_CURVE ( 'NONE', #485, #4589, #8867, .T. ) ;
#4343 = PLANE ( 'NONE',  #2635 ) ;
#4344 = DIRECTION ( 'NONE',  ( 0.000000000000000000, 0.000000000000000000, -1.000000000000000000 ) ) ;
#4345 = ORIENTED_EDGE ( 'NONE', *, *, #5411, .T. ) ;
#4346 = EDGE_LOOP ( 'NONE', ( #6846, #2180 ) ) ;
#4347 = VERTEX_POINT ( 'NONE', #4726 ) ;
#4348 = ORIENTED_EDGE ( 'NONE', *, *, #615, .F. ) ;
#4349 = ORIENTED_EDGE ( 'NONE', *, *, #2189, .F. ) ;
#4350 = CARTESIAN_POINT ( 'NONE',  ( 0.000000000000000000, 2.950000000000003286, 0.000000000000000000 ) ) ;
#4351 = DIRECTION ( 'NONE',  ( 0.000000000000000000, 0.000000000000000000, 1.000000000000000000 ) ) ;
#4352 = DIRECTION ( 'NONE',  ( 0.000000000000000000, -2.168404344971008868E-16, -1.000000000000000000 ) ) ;
#4353 = CARTESIAN_POINT ( 'NONE',  ( 0.000000000000000000, -4.200000000000000178, 0.000000000000000000 ) ) ;
#4354 = DIRECTION ( 'NONE',  ( 0.000000000000000000, 0.000000000000000000, 1.000000000000000000 ) ) ;
#4355 = DIRECTION ( 'NONE',  ( 0.000000000000000000, 0.000000000000000000, -1.000000000000000000 ) ) ;
#4356 = DIRECTION ( 'NONE',  ( 0.000000000000000000, 0.000000000000000000, 1.000000000000000000 ) ) ;
#4357 = ORIENTED_EDGE ( 'NONE', *, *, #6147, .T. ) ;
#4358 = ORIENTED_EDGE ( 'NONE', *, *, #6285, .T. ) ;
#4359 = DIRECTION ( 'NONE',  ( 0.000000000000000000, 0.000000000000000000, 1.000000000000000000 ) ) ;
#4360 = VECTOR ( 'NONE', #8127, 1000.000000000000000 ) ;
#4361 = CARTESIAN_POINT ( 'NONE',  ( -3.261177379365211237, 10.20000000000000107, -0.5047000102205828620 ) ) ;
#4362 = MANIFOLD_SOLID_BREP ( 'Imported1', #8966 ) ;
#4363 = CARTESIAN_POINT ( 'NONE',  ( 1.479999999999999982, 11.70000000000000462, 0.8499999999999999778 ) ) ;
#4364 = DIRECTION ( 'NONE',  ( 0.000000000000000000, -1.000000000000000000, 0.000000000000000000 ) ) ;
#4365 = VECTOR ( 'NONE', #3037, 1000.000000000000000 ) ;
#4366 = VECTOR ( 'NONE', #6855, 1000.000000000000000 ) ;
#4367 = CARTESIAN_POINT ( 'NONE',  ( 3.399999999999998579, 0.9500000000000038414, 0.5000000000000000000 ) ) ;
#4368 = EDGE_CURVE ( 'NONE', #5880, #1447, #8282, .T. ) ;
#4369 = LINE ( 'NONE', #2897, #565 ) ;
#4370 = ORIENTED_EDGE ( 'NONE', *, *, #2932, .T. ) ;
#4371 = ORIENTED_EDGE ( 'NONE', *, *, #5291, .F. ) ;
#4372 = VECTOR ( 'NONE', #4601, 1000.000000000000000 ) ;
#4373 = AXIS2_PLACEMENT_3D ( 'NONE', #6203, #5423, #6938 ) ;
#4374 = CARTESIAN_POINT ( 'NONE',  ( 4.500000000000002665, 0.4494845360824784586, 0.000000000000000000 ) ) ;
#4375 = EDGE_LOOP ( 'NONE', ( #1506, #7536, #3093, #6605, #4222, #3460 ) ) ;
#4376 = CARTESIAN_POINT ( 'NONE',  ( 3.399999999999998579, -2.050000000000001155, 0.5000000000000000000 ) ) ;
#4377 = DIRECTION ( 'NONE',  ( 1.000000000000000000, -7.211624427719193402E-17, 1.563771774336536413E-32 ) ) ;
#4378 = LINE ( 'NONE', #5027, #8881 ) ;
#4379 = LINE ( 'NONE', #140, #3630 ) ;
#4380 = UNCERTAINTY_MEASURE_WITH_UNIT (LENGTH_MEASURE( 1.000000000000000082E-05 ), #2186, 'distance_accuracy_value', 'NONE');
#4381 =( NAMED_UNIT ( * ) SI_UNIT ( $, .STERADIAN. ) SOLID_ANGLE_UNIT ( ) );
#4382 = VECTOR ( 'NONE', #1810, 1000.000000000000000 ) ;
#4383 = EDGE_LOOP ( 'NONE', ( #4529, #2324, #2840, #2573 ) ) ;
#4384 = ORIENTED_EDGE ( 'NONE', *, *, #5011, .T. ) ;
#4385 = ADVANCED_FACE ( 'NONE', ( #8887 ), #3394, .T. ) ;
#4386 = CARTESIAN_POINT ( 'NONE',  ( -3.600000000000001421, -5.950000000000000178, 5.000000000000000000 ) ) ;
#4387 = EDGE_LOOP ( 'NONE', ( #2400, #5162, #4390, #3105 ) ) ;
#4388 = CARTESIAN_POINT ( 'NONE',  ( 2.100000000000000089, -6.700000000000000178, -5.750000000000000000 ) ) ;
#4389 = PRESENTATION_STYLE_ASSIGNMENT (( #1572 ) ) ;
#4390 = ORIENTED_EDGE ( 'NONE', *, *, #3955, .F. ) ;
#4391 = VERTEX_POINT ( 'NONE', #6709 ) ;
#4392 = ORIENTED_EDGE ( 'NONE', *, *, #3217, .F. ) ;
#4393 = CARTESIAN_POINT ( 'NONE',  ( 4.500000000000003553, -3.950515463917520620, -4.900000000000010125 ) ) ;
#4394 = EDGE_CURVE ( 'NONE', #3255, #4417, #6110, .T. ) ;
#4395 = VERTEX_POINT ( 'NONE', #7531 ) ;
#4396 = CARTESIAN_POINT ( 'NONE',  ( 0.000000000000000000, 3.600000000000003642, 0.000000000000000000 ) ) ;
#4397 = AXIS2_PLACEMENT_3D ( 'NONE', #855, #7125, #2988 ) ;
#4398 = LINE ( 'NONE', #1836, #6655 ) ;
#4399 = CARTESIAN_POINT ( 'NONE',  ( -0.4500000000000001221, -3.020950878361716274, 1.800000000000000488 ) ) ;
#4400 = DIRECTION ( 'NONE',  ( -0.000000000000000000, -0.000000000000000000, -1.000000000000000000 ) ) ;
#4401 = EDGE_CURVE ( 'NONE', #2566, #4995, #1818, .T. ) ;
#4402 = CARTESIAN_POINT ( 'NONE',  ( 2.999999999999998224, 4.650000000000004796, 5.000000000000000000 ) ) ;
#4403 = CARTESIAN_POINT ( 'NONE',  ( -4.499999999999991118, 2.849484536082479647, -4.300000000000008704 ) ) ;
#4404 = VERTEX_POINT ( 'NONE', #6800 ) ;
#4405 = EDGE_LOOP ( 'NONE', ( #8174, #6464, #5637, #77, #7360, #5788, #5233, #3962 ) ) ;
#4406 = AXIS2_PLACEMENT_3D ( 'NONE', #5875, #3071, #8608 ) ;
#4407 = CARTESIAN_POINT ( 'NONE',  ( 0.000000000000000000, 10.90000000000000036, 2.299999999999999822 ) ) ;
#4408 = ADVANCED_FACE ( 'NONE', ( #2510 ), #5466, .F. ) ;
#4409 = CARTESIAN_POINT ( 'NONE',  ( -1.370000000000000329, 8.900000000000000355, 3.352688591713894883 ) ) ;
#4410 = CARTESIAN_POINT ( 'NONE',  ( 4.500000000000002665, 0.000000000000000000, 0.4000000000000000222 ) ) ;
#4411 = FACE_OUTER_BOUND ( 'NONE', #5680, .T. ) ;
#4412 = VECTOR ( 'NONE', #6190, 1000.000000000000000 ) ;
#4413 = CYLINDRICAL_SURFACE ( 'NONE', #6862, 3.500000000000000000 ) ;
#4414 = CARTESIAN_POINT ( 'NONE',  ( -0.6700000000000000400, 11.70000000000000462, -0.5999999999999998668 ) ) ;
#4415 = CIRCLE ( 'NONE', #6620, 3.000000000000000444 ) ;
#4416 = DIRECTION ( 'NONE',  ( 8.850629979473506011E-17, -1.000000000000000000, 0.000000000000000000 ) ) ;
#4417 = VERTEX_POINT ( 'NONE', #2557 ) ;
#4418 = EDGE_CURVE ( 'NONE', #1783, #1130, #5374, .T. ) ;
#4419 = CARTESIAN_POINT ( 'NONE',  ( -1.091177379365210198, 10.20000000000000107, -0.5047000102205828620 ) ) ;
#4420 = DIRECTION ( 'NONE',  ( -1.000000000000000000, 0.000000000000000000, 0.000000000000000000 ) ) ;
#4421 = DIRECTION ( 'NONE',  ( 1.000000000000000000, 0.000000000000000000, 1.232047923278982446E-16 ) ) ;
#4422 = ORIENTED_EDGE ( 'NONE', *, *, #1922, .F. ) ;
#4423 = DIRECTION ( 'NONE',  ( 8.123545521314933250E-47, 3.260780805318072864E-31, -1.000000000000000000 ) ) ;
#4424 = CIRCLE ( 'NONE', #459, 0.8000000000000003775 ) ;
#4425 = ORIENTED_EDGE ( 'NONE', *, *, #7329, .F. ) ;
#4426 = ORIENTED_EDGE ( 'NONE', *, *, #2133, .F. ) ;
#4427 = ORIENTED_EDGE ( 'NONE', *, *, #7749, .T. ) ;
#4428 = CARTESIAN_POINT ( 'NONE',  ( 4.900000000000001243, -5.450515463917523284, 0.000000000000000000 ) ) ;
#4429 = CIRCLE ( 'NONE', #1187, 0.6500000000000000222 ) ;
#4430 = VECTOR ( 'NONE', #535, 1000.000000000000000 ) ;
#4431 = LINE ( 'NONE', #5814, #1045 ) ;
#4432 = ORIENTED_EDGE ( 'NONE', *, *, #6750, .T. ) ;
#4433 = DIRECTION ( 'NONE',  ( 8.850629979473506011E-17, -1.000000000000000000, 0.000000000000000000 ) ) ;
#4434 = FACE_OUTER_BOUND ( 'NONE', #568, .T. ) ;
#4435 = ADVANCED_FACE ( 'NONE', ( #1270 ), #7484, .T. ) ;
#4436 = VERTEX_POINT ( 'NONE', #1228 ) ;
#4437 = VECTOR ( 'NONE', #4099, 1000.000000000000000 ) ;
#4438 = VERTEX_POINT ( 'NONE', #2602 ) ;
#4439 = VERTEX_POINT ( 'NONE', #4039 ) ;
#4440 = VERTEX_POINT ( 'NONE', #8978 ) ;
#4441 = CARTESIAN_POINT ( 'NONE',  ( 0.4000000000000004108, -6.699999999999999289, -1.349999999999999867 ) ) ;
#4442 = ORIENTED_EDGE ( 'NONE', *, *, #4917, .T. ) ;
#4443 = EDGE_CURVE ( 'NONE', #4970, #1044, #1955, .T. ) ;
#4444 = CARTESIAN_POINT ( 'NONE',  ( -0.7967663502707693635, 10.20000000000000107, -0.8947000102205834304 ) ) ;
#4445 = VECTOR ( 'NONE', #2844, 1000.000000000000000 ) ;
#4446 = CIRCLE ( 'NONE', #912, 3.850000000000000089 ) ;
#4447 = CARTESIAN_POINT ( 'NONE',  ( 4.399999999999998579, -5.549999999999998934, 1.300000000000000266 ) ) ;
#4448 = DIRECTION ( 'NONE',  ( 1.000000000000000000, 0.000000000000000000, 0.000000000000000000 ) ) ;
#4449 = DIRECTION ( 'NONE',  ( 1.000000000000000000, -1.084202172485504434E-16, 0.000000000000000000 ) ) ;
#4450 = CARTESIAN_POINT ( 'NONE',  ( 4.500000000000002665, -3.550515463917521153, -4.299999999999999822 ) ) ;
#4451 = DIRECTION ( 'NONE',  ( 0.000000000000000000, 0.000000000000000000, 1.000000000000000000 ) ) ;
#4452 = EDGE_CURVE ( 'NONE', #249, #6262, #3351, .T. ) ;
#4453 = CONTEXT_DEPENDENT_SHAPE_REPRESENTATION ( #427, #3440 ) ;
#4454 = ORIENTED_EDGE ( 'NONE', *, *, #7590, .F. ) ;
#4455 = VECTOR ( 'NONE', #4063, 1000.000000000000000 ) ;
#4456 = ORIENTED_EDGE ( 'NONE', *, *, #5713, .T. ) ;
#4457 = ADVANCED_FACE ( 'NONE', ( #6890 ), #2734, .F. ) ;
#4458 = FACE_OUTER_BOUND ( 'NONE', #1827, .T. ) ;
#4459 = CIRCLE ( 'NONE', #7838, 0.4000000000000001887 ) ;
#4460 = DIRECTION ( 'NONE',  ( -0.8778780114862311246, 2.187047340575287658E-16, -0.4788843252278996987 ) ) ;
#4461 = DIRECTION ( 'NONE',  ( 1.000000000000000000, 0.000000000000000000, 0.000000000000000000 ) ) ;
#4462 = PLANE ( 'NONE',  #3943 ) ;
#4463 = EDGE_CURVE ( 'NONE', #8077, #6773, #72, .T. ) ;
#4464 = DIRECTION ( 'NONE',  ( 8.850629979473506011E-17, 1.000000000000000000, 0.000000000000000000 ) ) ;
#4465 = ORIENTED_EDGE ( 'NONE', *, *, #8870, .T. ) ;
#4466 = AXIS2_PLACEMENT_3D ( 'NONE', #8979, #4040, #3306 ) ;
#4467 = FACE_OUTER_BOUND ( 'NONE', #1613, .T. ) ;
#4468 = CARTESIAN_POINT ( 'NONE',  ( 1.479999999999999982, 10.90000000000000036, 0.4999999999999998890 ) ) ;
#4469 = VERTEX_POINT ( 'NONE', #2093 ) ;
#4470 = CARTESIAN_POINT ( 'NONE',  ( 4.500000000000002665, 2.449484536082478847, -5.900000000000000355 ) ) ;
#4471 = DIRECTION ( 'NONE',  ( 0.000000000000000000, 1.000000000000000000, 0.000000000000000000 ) ) ;
#4472 = DIRECTION ( 'NONE',  ( 0.000000000000000000, -1.000000000000000000, 0.000000000000000000 ) ) ;
#4473 = DIRECTION ( 'NONE',  ( 0.000000000000000000, -1.000000000000000000, 0.000000000000000000 ) ) ;
#4474 = AXIS2_PLACEMENT_3D ( 'NONE', #2362, #2411, #5229 ) ;
#4475 = PLANE ( 'NONE',  #8700 ) ;
#4476 = ORIENTED_EDGE ( 'NONE', *, *, #7223, .F. ) ;
#4477 = EDGE_CURVE ( 'NONE', #8454, #753, #6426, .T. ) ;
#4478 = DIRECTION ( 'NONE',  ( 8.850629979473506011E-17, 1.000000000000000000, 0.000000000000000000 ) ) ;
#4479 = CARTESIAN_POINT ( 'NONE',  ( 4.500000000000002665, -3.540251991789402774E-17, -4.299999999999999822 ) ) ;
#4480 = VERTEX_POINT ( 'NONE', #5551 ) ;
#4481 = CARTESIAN_POINT ( 'NONE',  ( 4.900000000000000355, 4.349484536082479202, -4.299999999999999822 ) ) ;
#4482 = CARTESIAN_POINT ( 'NONE',  ( 0.5000000000000002220, 10.90000000000000036, 2.299999999999999822 ) ) ;
#4483 = EDGE_CURVE ( 'NONE', #4439, #7665, #5191, .T. ) ;
#4484 = EDGE_LOOP ( 'NONE', ( #6293, #6104, #8140, #6035, #8211 ) ) ;
#4485 = ORIENTED_EDGE ( 'NONE', *, *, #7173, .F. ) ;
#4486 = ORIENTED_EDGE ( 'NONE', *, *, #1473, .F. ) ;
#4487 = ORIENTED_EDGE ( 'NONE', *, *, #3786, .T. ) ;
#4488 = LINE ( 'NONE', #2268, #6920 ) ;
#4489 = ORIENTED_EDGE ( 'NONE', *, *, #4739, .F. ) ;
#4490 = VERTEX_POINT ( 'NONE', #4215 ) ;
#4491 = CARTESIAN_POINT ( 'NONE',  ( 4.900000000000001243, -5.450515463917523284, 0.4000000000000000222 ) ) ;
#4492 = EDGE_CURVE ( 'NONE', #3939, #6675, #710, .T. ) ;
#4493 = CARTESIAN_POINT ( 'NONE',  ( -1.249999999999999334, 8.500000000000000000, 3.152565349772896486 ) ) ;
#4494 = CARTESIAN_POINT ( 'NONE',  ( 0.4999999999999982792, -2.050000000000000711, 0.5000000000000000000 ) ) ;
#4495 = DIRECTION ( 'NONE',  ( 0.000000000000000000, 1.000000000000000000, 0.000000000000000000 ) ) ;
#4496 = VECTOR ( 'NONE', #4181, 1000.000000000000000 ) ;
#4497 = CARTESIAN_POINT ( 'NONE',  ( 1.479999999999999982, 11.70000000000000462, 0.8499999999999999778 ) ) ;
#4498 = ORIENTED_EDGE ( 'NONE', *, *, #1325, .F. ) ;
#4499 = VERTEX_POINT ( 'NONE', #5730 ) ;
#4500 = AXIS2_PLACEMENT_3D ( 'NONE', #7928, #3799, #5039 ) ;
#4501 = ADVANCED_FACE ( 'NONE', ( #6244 ), #7805, .F. ) ;
#4502 = CARTESIAN_POINT ( 'NONE',  ( 0.000000000000000000, 0.5000000000000004441, 0.000000000000000000 ) ) ;
#4503 = CARTESIAN_POINT ( 'NONE',  ( 1.479999999999999982, 11.50000000000000000, 0.4999999999999993339 ) ) ;
#4504 = DIRECTION ( 'NONE',  ( 0.000000000000000000, 0.000000000000000000, -1.000000000000000000 ) ) ;
#4505 = LINE ( 'NONE', #6712, #4227 ) ;
#4506 = ADVANCED_FACE ( 'NONE', ( #8555 ), #8466, .T. ) ;
#4507 = DIRECTION ( 'NONE',  ( 1.000000000000000000, 0.000000000000000000, 0.000000000000000000 ) ) ;
#4508 = VECTOR ( 'NONE', #7740, 1000.000000000000000 ) ;
#4509 = CYLINDRICAL_SURFACE ( 'NONE', #6632, 0.4000000000000001887 ) ;
#4510 = CARTESIAN_POINT ( 'NONE',  ( -2.100000000000000089, -6.700000000000000178, 4.928191693115930646E-17 ) ) ;
#4511 = EDGE_LOOP ( 'NONE', ( #5504, #8540, #4234, #1655 ) ) ;
#4512 = EDGE_CURVE ( 'NONE', #2666, #3711, #8372, .T. ) ;
#4513 = AXIS2_PLACEMENT_3D ( 'NONE', #913, #3732, #6532 ) ;
#4514 = CARTESIAN_POINT ( 'NONE',  ( -4.500000000000002665, 0.000000000000000000, 0.4000000000000000222 ) ) ;
#4515 = AXIS2_PLACEMENT_3D ( 'NONE', #5434, #5519, #4826 ) ;
#4516 = CARTESIAN_POINT ( 'NONE',  ( -1.062518129035794345E-14, 0.4500000000000127232, 0.5000000000000000000 ) ) ;
#4517 = CARTESIAN_POINT ( 'NONE',  ( 4.399999999999998579, -5.149999999999998579, 5.000000000000000000 ) ) ;
#4518 = DIRECTION ( 'NONE',  ( 1.000000000000000000, 0.000000000000000000, 0.000000000000000000 ) ) ;
#4519 = ORIENTED_EDGE ( 'NONE', *, *, #5495, .F. ) ;
#4520 = ORIENTED_EDGE ( 'NONE', *, *, #4827, .T. ) ;
#4521 = DIRECTION ( 'NONE',  ( 0.000000000000000000, 0.000000000000000000, 1.000000000000000000 ) ) ;
#4522 = EDGE_CURVE ( 'NONE', #6416, #5709, #4171, .T. ) ;
#4523 = CARTESIAN_POINT ( 'NONE',  ( 0.000000000000000000, -0.5505154639175203757, 4.600000000000000533 ) ) ;
#4524 = ORIENTED_EDGE ( 'NONE', *, *, #4796, .T. ) ;
#4525 = VECTOR ( 'NONE', #4808, 1000.000000000000000 ) ;
#4526 = LINE ( 'NONE', #7333, #1405 ) ;
#4527 = CARTESIAN_POINT ( 'NONE',  ( -1.000000000000000222, 4.426179070414212546, 2.500000000000000000 ) ) ;
#4528 = VERTEX_POINT ( 'NONE', #4953 ) ;
#4529 = ORIENTED_EDGE ( 'NONE', *, *, #59, .T. ) ;
#4530 = VERTEX_POINT ( 'NONE', #3486 ) ;
#4531 = CIRCLE ( 'NONE', #1562, 0.6750000000000002665 ) ;
#4532 = LINE ( 'NONE', #7246, #597 ) ;
#4533 = VERTEX_POINT ( 'NONE', #6382 ) ;
#4534 = ORIENTED_EDGE ( 'NONE', *, *, #5377, .T. ) ;
#4535 = FACE_OUTER_BOUND ( 'NONE', #5255, .T. ) ;
#4536 = EDGE_CURVE ( 'NONE', #3199, #8588, #7764, .T. ) ;
#4537 = DIRECTION ( 'NONE',  ( 0.000000000000000000, -1.000000000000000000, 0.000000000000000000 ) ) ;
#4538 = DIRECTION ( 'NONE',  ( -0.000000000000000000, -1.000000000000000000, -0.000000000000000000 ) ) ;
#4539 = LINE ( 'NONE', #8876, #8391 ) ;
#4540 = DIRECTION ( 'NONE',  ( 0.000000000000000000, 0.000000000000000000, 1.000000000000000000 ) ) ;
#4541 = ORIENTED_EDGE ( 'NONE', *, *, #1769, .F. ) ;
#4542 = ORIENTED_EDGE ( 'NONE', *, *, #6508, .T. ) ;
#4543 = EDGE_LOOP ( 'NONE', ( #4426, #7006, #5294, #6153, #2351 ) ) ;
#4544 = VERTEX_POINT ( 'NONE', #4909 ) ;
#4545 = CLOSED_SHELL ( 'NONE', ( #3417, #3458, #3447, #7463, #122, #1706, #3623, #463, #5463, #1821, #4664, #947, #2515, #3453, #6856, #6188, #3834, #8592, #4559, #2424, #4309, #8333, #58, #8858, #7305, #591, #4671, #2033, #3675, #1775, #3685, #5769, #6072, #5629, #2085, #9064, #7068, #5358, #1522, #7530, #517, #2497, #3170, #6365, #7679, #2120, #4216, #7141, #288, #1116, #7272, #1579, #523, #4951, #1179, #1892, #6245, #3871, #8123, #5956, #3051, #7184, #3173, #4280, #6311, #6614, #3356, #6183, #8792, #849, #1388, #5177, #959, #2144, #7042, #2483, #5933, #5122, #1615, #6978, #8845, #1623, #1905, #6346, #6205, #6730, #2045, #2568, #8580, #4296, #271, #6535, #6692, #6267, #5754, #5560, #3558, #2269, #283, #8744, #1281, #1080, #73, #4020, #15, #7769, #7136, #5283, #4928, #7102, #788 ) ) ;
#4546 = CARTESIAN_POINT ( 'NONE',  ( -4.400000000000002132, 5.100000000000004086, 5.000000000000000000 ) ) ;
#4547 = LINE ( 'NONE', #7355, #1987 ) ;
#4548 = DIRECTION ( 'NONE',  ( -1.734723475976806848E-16, -1.000000000000000000, 0.000000000000000000 ) ) ;
#4549 = CARTESIAN_POINT ( 'NONE',  ( 4.500000000000002665, -5.450515463917523284, 0.4000000000000000222 ) ) ;
#4550 = AXIS2_PLACEMENT_3D ( 'NONE', #3811, #8556, #4448 ) ;
#4551 = CARTESIAN_POINT ( 'NONE',  ( -4.400000000000002132, -5.950000000000000178, 5.000000000000000000 ) ) ;
#4552 = EDGE_CURVE ( 'NONE', #4833, #6396, #1442, .T. ) ;
#4553 = EDGE_CURVE ( 'NONE', #4057, #1075, #4125, .T. ) ;
#4554 = ORIENTED_EDGE ( 'NONE', *, *, #347, .F. ) ;
#4555 = CARTESIAN_POINT ( 'NONE',  ( 0.000000000000000000, 0.000000000000000000, 0.1000000000000000056 ) ) ;
#4556 = DIRECTION ( 'NONE',  ( -8.850629979473506011E-17, 1.000000000000000000, 0.000000000000000000 ) ) ;
#4557 = ORIENTED_EDGE ( 'NONE', *, *, #1688, .T. ) ;
#4558 = CIRCLE ( 'NONE', #5728, 0.5000000000000000000 ) ;
#4559 = ADVANCED_FACE ( 'NONE', ( #2780, #5687, #7715, #8421, #4260, #7069 ), #761, .T. ) ;
#4560 = DIRECTION ( 'NONE',  ( 0.000000000000000000, 0.000000000000000000, -1.000000000000000000 ) ) ;
#4561 = CARTESIAN_POINT ( 'NONE',  ( -2.600000000000000533, 4.049484536082479380, -4.300000000000008704 ) ) ;
#4562 = DIRECTION ( 'NONE',  ( 0.000000000000000000, 0.000000000000000000, 1.000000000000000000 ) ) ;
#4563 = ORIENTED_EDGE ( 'NONE', *, *, #8921, .T. ) ;
#4564 = EDGE_CURVE ( 'NONE', #8774, #394, #1490, .T. ) ;
#4565 = ORIENTED_EDGE ( 'NONE', *, *, #8232, .T. ) ;
#4566 = DIRECTION ( 'NONE',  ( -1.000000000000000000, 7.211624427719317894E-17, -6.255087097346258413E-32 ) ) ;
#4567 = EDGE_CURVE ( 'NONE', #7537, #8371, #804, .T. ) ;
#4568 = CARTESIAN_POINT ( 'NONE',  ( 9.094951259869582285E-17, 11.70000000000000462, 0.6000000000000000888 ) ) ;
#4569 = AXIS2_PLACEMENT_3D ( 'NONE', #3757, #1030, #7199 ) ;
#4570 = ORIENTED_EDGE ( 'NONE', *, *, #3895, .T. ) ;
#4571 = LINE ( 'NONE', #1838, #4360 ) ;
#4572 = FILL_AREA_STYLE ('',( #5268 ) ) ;
#4573 = ADVANCED_FACE ( 'NONE', ( #940 ), #1157, .T. ) ;
#4574 = EDGE_LOOP ( 'NONE', ( #2263, #169, #1971, #1010 ) ) ;
#4575 = ORIENTED_EDGE ( 'NONE', *, *, #7923, .F. ) ;
#4576 = VERTEX_POINT ( 'NONE', #3237 ) ;
#4577 = VECTOR ( 'NONE', #1609, 1000.000000000000000 ) ;
#4578 = EDGE_CURVE ( 'NONE', #4995, #4436, #7424, .T. ) ;
#4579 = AXIS2_PLACEMENT_3D ( 'NONE', #4090, #635, #1963 ) ;
#4580 = CARTESIAN_POINT ( 'NONE',  ( 3.000000000000000000, -4.750515463917523107, -1.600000000000000089 ) ) ;
#4581 = EDGE_LOOP ( 'NONE', ( #7169, #6128, #4991, #2678, #8093, #3754, #7012, #7592, #7707, #673, #2, #4945, #8094 ) ) ;
#4582 = ORIENTED_EDGE ( 'NONE', *, *, #1849, .T. ) ;
#4583 = DIRECTION ( 'NONE',  ( 1.000000000000000000, 0.000000000000000000, 0.000000000000000000 ) ) ;
#4584 = AXIS2_PLACEMENT_3D ( 'NONE', #6029, #1648, #5296 ) ;
#4585 = DIRECTION ( 'NONE',  ( 1.000000000000000000, 0.000000000000000000, 0.000000000000000000 ) ) ;
#4586 = AXIS2_PLACEMENT_3D ( 'NONE', #1691, #4556, #326 ) ;
#4587 = DIRECTION ( 'NONE',  ( 0.000000000000000000, 0.000000000000000000, -1.000000000000000000 ) ) ;
#4588 = FACE_OUTER_BOUND ( 'NONE', #3954, .T. ) ;
#4589 = VERTEX_POINT ( 'NONE', #3194 ) ;
#4590 = VERTEX_POINT ( 'NONE', #8818 ) ;
#4591 = VERTEX_POINT ( 'NONE', #6777 ) ;
#4592 = ORIENTED_EDGE ( 'NONE', *, *, #8283, .T. ) ;
#4593 = DIRECTION ( 'NONE',  ( 1.000000000000000000, 0.000000000000000000, 0.000000000000000000 ) ) ;
#4594 = AXIS2_PLACEMENT_3D ( 'NONE', #7404, #3679, #3866 ) ;
#4595 = CIRCLE ( 'NONE', #6502, 0.6750000000000002665 ) ;
#4596 = DIRECTION ( 'NONE',  ( -1.000000000000000000, 0.000000000000000000, 0.000000000000000000 ) ) ;
#4597 = DIRECTION ( 'NONE',  ( 0.000000000000000000, 0.000000000000000000, 1.000000000000000000 ) ) ;
#4598 = DIRECTION ( 'NONE',  ( 0.000000000000000000, 0.000000000000000000, 1.000000000000000000 ) ) ;
#4599 = LINE ( 'NONE', #4549, #8654 ) ;
#4600 = AXIS2_PLACEMENT_3D ( 'NONE', #892, #3932, #3715 ) ;
#4601 = DIRECTION ( 'NONE',  ( 0.000000000000000000, -1.000000000000000000, 0.000000000000000000 ) ) ;
#4602 = EDGE_LOOP ( 'NONE', ( #5818, #2288, #2426, #2818 ) ) ;
#4603 = DIRECTION ( 'NONE',  ( 8.850629979473506011E-17, -1.000000000000000000, 0.000000000000000000 ) ) ;
#4604 = CARTESIAN_POINT ( 'NONE',  ( -5.538016780164189967, -1.550515463917520487, -8.133954347177780875 ) ) ;
#4605 = VERTEX_POINT ( 'NONE', #7250 ) ;
#4606 = VECTOR ( 'NONE', #374, 1000.000000000000000 ) ;
#4607 = CARTESIAN_POINT ( 'NONE',  ( 3.399999999999998135, -0.05000000000000080075, 0.000000000000000000 ) ) ;
#4608 = DIRECTION ( 'NONE',  ( -1.000000000000000000, -1.971276677246371519E-16, 0.000000000000000000 ) ) ;
#4609 = CARTESIAN_POINT ( 'NONE',  ( -1.734723475976807094E-15, 0.4500000000000040079, 1.800000000000000711 ) ) ;
#4610 = DIRECTION ( 'NONE',  ( 0.000000000000000000, 1.000000000000000000, 0.000000000000000000 ) ) ;
#4611 = ORIENTED_EDGE ( 'NONE', *, *, #1681, .T. ) ;
#4612 = VECTOR ( 'NONE', #7308, 1000.000000000000000 ) ;
#4613 = EDGE_CURVE ( 'NONE', #8215, #5658, #5780, .T. ) ;
#4614 = ORIENTED_EDGE ( 'NONE', *, *, #6932, .T. ) ;
#4615 = CARTESIAN_POINT ( 'NONE',  ( -3.000000000000001776, -3.750000000000000000, 5.000000000000000000 ) ) ;
#4616 = LINE ( 'NONE', #8022, #6047 ) ;
#4617 = EDGE_CURVE ( 'NONE', #765, #4438, #1354, .T. ) ;
#4618 = VECTOR ( 'NONE', #6561, 1000.000000000000000 ) ;
#4619 = DIRECTION ( 'NONE',  ( 0.000000000000000000, 0.000000000000000000, 1.000000000000000000 ) ) ;
#4620 = EDGE_LOOP ( 'NONE', ( #7099, #4318, #7387, #322 ) ) ;
#4621 = LINE ( 'NONE', #6736, #4206 ) ;
#4622 = ADVANCED_FACE ( 'NONE', ( #159 ), #2534, .T. ) ;
#4623 = PLANE ( 'NONE',  #8353 ) ;
#4624 = EDGE_CURVE ( 'NONE', #3183, #3264, #1937, .T. ) ;
#4625 = CARTESIAN_POINT ( 'NONE',  ( -2.324999999999999734, 3.649484536082479469, -1.600000000000000089 ) ) ;
#4626 = DIRECTION ( 'NONE',  ( 0.000000000000000000, 0.000000000000000000, 1.000000000000000000 ) ) ;
#4627 = EDGE_CURVE ( 'NONE', #239, #2719, #4398, .T. ) ;
#4628 = DIRECTION ( 'NONE',  ( -0.000000000000000000, -1.000000000000000000, -0.000000000000000000 ) ) ;
#4629 = CARTESIAN_POINT ( 'NONE',  ( 4.399999999999998579, 5.150000000000004796, 5.000000000000000000 ) ) ;
#4630 = DIRECTION ( 'NONE',  ( 1.000000000000000000, 0.000000000000000000, 0.000000000000000000 ) ) ;
#4631 = ORIENTED_EDGE ( 'NONE', *, *, #3604, .T. ) ;
#4632 = ORIENTED_EDGE ( 'NONE', *, *, #3087, .F. ) ;
#4633 = VERTEX_POINT ( 'NONE', #3024 ) ;
#4634 = VERTEX_POINT ( 'NONE', #7939 ) ;
#4635 = PLANE ( 'NONE',  #6935 ) ;
#4636 = ORIENTED_EDGE ( 'NONE', *, *, #3660, .T. ) ;
#4637 =( NAMED_UNIT ( * ) SI_UNIT ( $, .STERADIAN. ) SOLID_ANGLE_UNIT ( ) );
#4638 = DIRECTION ( 'NONE',  ( 0.000000000000000000, 0.000000000000000000, -1.000000000000000000 ) ) ;
#4639 = DIRECTION ( 'NONE',  ( -0.000000000000000000, -0.000000000000000000, -1.000000000000000000 ) ) ;
#4640 = CARTESIAN_POINT ( 'NONE',  ( -1.900000000000001910, 5.100000000000004086, 0.1000000000000000056 ) ) ;
#4641 = ORIENTED_EDGE ( 'NONE', *, *, #5377, .F. ) ;
#4642 = VERTEX_POINT ( 'NONE', #2485 ) ;
#4643 = AXIS2_PLACEMENT_3D ( 'NONE', #2464, #6668, #3175 ) ;
#4644 = CARTESIAN_POINT ( 'NONE',  ( 0.2999999999999997669, 11.70000000000000462, 0.000000000000000000 ) ) ;
#4645 = DIRECTION ( 'NONE',  ( 0.000000000000000000, 0.000000000000000000, -1.000000000000000000 ) ) ;
#4646 = VERTEX_POINT ( 'NONE', #7465 ) ;
#4647 = DIRECTION ( 'NONE',  ( -0.9063077870366461619, -8.021394870576827794E-17, 0.4226182617407076014 ) ) ;
#4648 = EDGE_CURVE ( 'NONE', #4589, #485, #5477, .T. ) ;
#4649 = LINE ( 'NONE', #7458, #5485 ) ;
#4650 = VECTOR ( 'NONE', #1301, 1000.000000000000000 ) ;
#4651 = DIRECTION ( 'NONE',  ( 0.000000000000000000, 0.000000000000000000, -1.000000000000000000 ) ) ;
#4652 = DIRECTION ( 'NONE',  ( -1.000000000000000000, 0.000000000000000000, 0.000000000000000000 ) ) ;
#4653 = ORIENTED_EDGE ( 'NONE', *, *, #5406, .F. ) ;
#4654 = EDGE_CURVE ( 'NONE', #471, #4841, #7160, .T. ) ;
#4655 = VECTOR ( 'NONE', #282, 1000.000000000000000 ) ;
#4656 = DIRECTION ( 'NONE',  ( -1.000000000000000000, -1.495451272393799296E-16, 0.000000000000000000 ) ) ;
#4657 = FACE_OUTER_BOUND ( 'NONE', #4758, .T. ) ;
#4658 = DIRECTION ( 'NONE',  ( 1.000000000000000000, 8.850629979473506011E-17, 1.535339560257681503E-32 ) ) ;
#4659 = VERTEX_POINT ( 'NONE', #2319 ) ;
#4660 = CARTESIAN_POINT ( 'NONE',  ( -4.500000000000001776, -2.450515463917520620, -0.5999999999999996447 ) ) ;
#4661 = DIRECTION ( 'NONE',  ( -1.000000000000000000, 0.000000000000000000, 1.776356839400250465E-15 ) ) ;
#4662 = AXIS2_PLACEMENT_3D ( 'NONE', #1280, #594, #3408 ) ;
#4663 = ORIENTED_EDGE ( 'NONE', *, *, #9017, .F. ) ;
#4664 = ADVANCED_FACE ( 'NONE', ( #5827 ), #2271, .F. ) ;
#4665 = ORIENTED_EDGE ( 'NONE', *, *, #7834, .T. ) ;
#4666 = DIRECTION ( 'NONE',  ( 0.000000000000000000, 0.000000000000000000, -1.000000000000000000 ) ) ;
#4667 = SHAPE_REPRESENTATION ( 'PT01-D_BODY', ( #3347 ), #3202 ) ;
#4668 = ORIENTED_EDGE ( 'NONE', *, *, #1426, .T. ) ;
#4669 = LINE ( 'NONE', #1846, #767 ) ;
#4670 = AXIS2_PLACEMENT_3D ( 'NONE', #2736, #8285, #1231 ) ;
#4671 = ADVANCED_FACE ( 'NONE', ( #7204 ), #5307, .T. ) ;
#4672 = FACE_OUTER_BOUND ( 'NONE', #3646, .T. ) ;
#4673 = PLANE ( 'NONE',  #1023 ) ;
#4674 = FACE_OUTER_BOUND ( 'NONE', #6749, .T. ) ;
#4675 = ORIENTED_EDGE ( 'NONE', *, *, #932, .T. ) ;
#4676 = ORIENTED_EDGE ( 'NONE', *, *, #1074, .T. ) ;
#4677 = VECTOR ( 'NONE', #3092, 1000.000000000000000 ) ;
#4678 = ADVANCED_FACE ( 'NONE', ( #6518 ), #8649, .F. ) ;
#4679 = ORIENTED_EDGE ( 'NONE', *, *, #3317, .T. ) ;
#4680 = DIRECTION ( 'NONE',  ( -0.000000000000000000, -0.000000000000000000, -1.000000000000000000 ) ) ;
#4681 = ORIENTED_EDGE ( 'NONE', *, *, #7329, .T. ) ;
#4682 = ADVANCED_FACE ( 'NONE', ( #6686 ), #383, .T. ) ;
#4683 = SURFACE_STYLE_FILL_AREA ( #7445 ) ;
#4684 = LINE ( 'NONE', #1906, #5349 ) ;
#4685 = DIRECTION ( 'NONE',  ( 0.000000000000000000, -1.000000000000000000, 0.000000000000000000 ) ) ;
#4686 = SHAPE_REPRESENTATION_RELATIONSHIP ( 'NONE' , 'NONE' ,  #2132, #8037 ) ;
#4687 = EDGE_CURVE ( 'NONE', #1496, #6728, #6733, .T. ) ;
#4688 = ORIENTED_EDGE ( 'NONE', *, *, #2461, .F. ) ;
#4689 = AXIS2_PLACEMENT_3D ( 'NONE', #6474, #6519, #1673 ) ;
#4690 = EDGE_LOOP ( 'NONE', ( #3893, #2841, #3665, #2490, #7663, #4069, #8081 ) ) ;
#4691 = CARTESIAN_POINT ( 'NONE',  ( 1.565936075841833697, 8.900000000000000355, -3.517150011924013331 ) ) ;
#4692 = DIRECTION ( 'NONE',  ( 1.232047923278982446E-16, 0.000000000000000000, -1.000000000000000000 ) ) ;
#4693 = ORIENTED_EDGE ( 'NONE', *, *, #4763, .F. ) ;
#4694 = LINE ( 'NONE', #4870, #3473 ) ;
#4695 = DIRECTION ( 'NONE',  ( -1.000000000000000000, 1.121588454295349533E-16, 0.000000000000000000 ) ) ;
#4696 = VECTOR ( 'NONE', #3670, 1000.000000000000000 ) ;
#4697 = DIRECTION ( 'NONE',  ( -1.000000000000000000, 0.000000000000000000, 0.000000000000000000 ) ) ;
#4698 = CARTESIAN_POINT ( 'NONE',  ( 0.8032336497292295041, 10.90000000000000036, -1.604700010220583728 ) ) ;
#4699 = EDGE_CURVE ( 'NONE', #5960, #7982, #8874, .T. ) ;
#4700 = VERTEX_POINT ( 'NONE', #4885 ) ;
#4701 = EDGE_CURVE ( 'NONE', #4404, #6099, #5529, .T. ) ;
#4702 = VECTOR ( 'NONE', #6476, 1000.000000000000000 ) ;
#4703 = DIRECTION ( 'NONE',  ( 5.782411586589350145E-15, -1.000000000000000000, 0.000000000000000000 ) ) ;
#4704 = CARTESIAN_POINT ( 'NONE',  ( 1.479999999999999982, 11.70000000000000462, 1.000000000000000000 ) ) ;
#4705 = LINE ( 'NONE', #3374, #7978 ) ;
#4706 = ORIENTED_EDGE ( 'NONE', *, *, #5316, .T. ) ;
#4707 = DIRECTION ( 'NONE',  ( -1.931541112668179251E-15, 0.000000000000000000, 1.000000000000000000 ) ) ;
#4708 = AXIS2_PLACEMENT_3D ( 'NONE', #2349, #2915, #7979 ) ;
#4709 = DIRECTION ( 'NONE',  ( 0.000000000000000000, 0.000000000000000000, -1.000000000000000000 ) ) ;
#4710 = ORIENTED_EDGE ( 'NONE', *, *, #906, .F. ) ;
#4711 = ORIENTED_EDGE ( 'NONE', *, *, #5573, .F. ) ;
#4712 = LINE ( 'NONE', #6830, #4719 ) ;
#4713 = VECTOR ( 'NONE', #7511, 1000.000000000000000 ) ;
#4714 = DIRECTION ( 'NONE',  ( 0.000000000000000000, 1.000000000000000000, 0.000000000000000000 ) ) ;
#4715 = DIRECTION ( 'NONE',  ( 0.000000000000000000, 0.000000000000000000, 1.000000000000000000 ) ) ;
#4716 = DIRECTION ( 'NONE',  ( 0.000000000000000000, 0.000000000000000000, 1.000000000000000000 ) ) ;
#4717 = LINE ( 'NONE', #7522, #1868 ) ;
#4718 = AXIS2_PLACEMENT_3D ( 'NONE', #2533, #3885, #7281 ) ;
#4719 = VECTOR ( 'NONE', #6004, 1000.000000000000114 ) ;
#4720 = ORIENTED_EDGE ( 'NONE', *, *, #8667, .T. ) ;
#4721 = ORIENTED_EDGE ( 'NONE', *, *, #2343, .T. ) ;
#4722 = ORIENTED_EDGE ( 'NONE', *, *, #9052, .T. ) ;
#4723 = CARTESIAN_POINT ( 'NONE',  ( 2.600000000000000533, -2.035644895278906395E-16, -4.900000000000009237 ) ) ;
#4724 = VECTOR ( 'NONE', #7135, 1000.000000000000000 ) ;
#4725 = AXIS2_PLACEMENT_3D ( 'NONE', #3874, #1002, #3082 ) ;
#4726 = CARTESIAN_POINT ( 'NONE',  ( 2.598076211353317344, 6.000000000000000000, 1.499999999999999556 ) ) ;
#4727 = EDGE_CURVE ( 'NONE', #2479, #8551, #6911, .T. ) ;
#4728 = DIRECTION ( 'NONE',  ( -0.7071067811865444641, 0.7071067811865505703, 0.000000000000000000 ) ) ;
#4729 = CARTESIAN_POINT ( 'NONE',  ( 1.899999999999996358, -2.700000000000000622, 0.1000000000000000056 ) ) ;
#4730 = EDGE_CURVE ( 'NONE', #4576, #6340, #7558, .T. ) ;
#4731 = ORIENTED_EDGE ( 'NONE', *, *, #5972, .T. ) ;
#4732 = VECTOR ( 'NONE', #6436, 1000.000000000000000 ) ;
#4733 = AXIS2_PLACEMENT_3D ( 'NONE', #5705, #2801, #8529 ) ;
#4734 = EDGE_LOOP ( 'NONE', ( #1118, #642, #7425, #2406 ) ) ;
#4735 = CARTESIAN_POINT ( 'NONE',  ( -0.4999999999999997780, 11.70000000000000462, 2.299999999999999822 ) ) ;
#4736 = LINE ( 'NONE', #2702, #2806 ) ;
#4737 = LINE ( 'NONE', #2779, #2525 ) ;
#4738 = DIRECTION ( 'NONE',  ( 0.000000000000000000, 0.000000000000000000, 1.000000000000000000 ) ) ;
#4739 = EDGE_CURVE ( 'NONE', #2131, #7348, #519, .T. ) ;
#4740 = DIRECTION ( 'NONE',  ( -1.000000000000000000, 0.000000000000000000, 0.000000000000000000 ) ) ;
#4741 = CARTESIAN_POINT ( 'NONE',  ( -3.000000000000001776, 4.650000000000003908, 5.599999999999999645 ) ) ;
#4742 = CARTESIAN_POINT ( 'NONE',  ( -4.400000000000002132, 3.600000000000004086, 0.1000000000000000056 ) ) ;
#4743 = AXIS2_PLACEMENT_3D ( 'NONE', #2359, #2496, #8134 ) ;
#4744 = FACE_OUTER_BOUND ( 'NONE', #296, .T. ) ;
#4745 = DIRECTION ( 'NONE',  ( 0.000000000000000000, 3.469446951953610738E-16, 1.000000000000000000 ) ) ;
#4746 = VERTEX_POINT ( 'NONE', #2065 ) ;
#4747 = ORIENTED_EDGE ( 'NONE', *, *, #1016, .T. ) ;
#4748 = AXIS2_PLACEMENT_3D ( 'NONE', #8571, #8434, #4182 ) ;
#4749 = CARTESIAN_POINT ( 'NONE',  ( 4.500000000000003553, -5.950515463917520620, 0.4000000000000000222 ) ) ;
#4750 = ORIENTED_EDGE ( 'NONE', *, *, #7388, .T. ) ;
#4751 = DIRECTION ( 'NONE',  ( 0.000000000000000000, 0.000000000000000000, 1.000000000000000000 ) ) ;
#4752 = CARTESIAN_POINT ( 'NONE',  ( -4.900000000000000355, 4.349484536082480091, -4.300000000000009592 ) ) ;
#4753 = ORIENTED_EDGE ( 'NONE', *, *, #4268, .T. ) ;
#4754 = CARTESIAN_POINT ( 'NONE',  ( -3.400000000000001243, 0.9500000000000038414, 0.5000000000000000000 ) ) ;
#4755 = VECTOR ( 'NONE', #4364, 1000.000000000000000 ) ;
#4756 = DIRECTION ( 'NONE',  ( 1.000000000000000000, 0.000000000000000000, 0.000000000000000000 ) ) ;
#4757 = ORIENTED_EDGE ( 'NONE', *, *, #1143, .F. ) ;
#4758 = EDGE_LOOP ( 'NONE', ( #6747, #5415, #7976, #3000 ) ) ;
#4759 = CARTESIAN_POINT ( 'NONE',  ( 0.5000000000000008882, 11.50000000000000000, 1.500000000000000000 ) ) ;
#4760 = AXIS2_PLACEMENT_3D ( 'NONE', #2558, #4638, #3445 ) ;
#4761 = CARTESIAN_POINT ( 'NONE',  ( -2.100000000000000089, -6.700000000000000178, -5.750000000000000000 ) ) ;
#4762 = PLANE ( 'NONE',  #4794 ) ;
#4763 = EDGE_CURVE ( 'NONE', #8105, #6738, #7507, .T. ) ;
#4764 = DIRECTION ( 'NONE',  ( 0.000000000000000000, 1.000000000000000000, 0.000000000000000000 ) ) ;
#4765 = LINE ( 'NONE', #1946, #2340 ) ;
#4766 = CARTESIAN_POINT ( 'NONE',  ( -4.500000000000003553, -3.950515463917520620, -4.900000000000009237 ) ) ;
#4767 = AXIS2_PLACEMENT_3D ( 'NONE', #7716, #8373, #1443 ) ;
#4768 = EDGE_LOOP ( 'NONE', ( #5503, #5029, #7302, #7606 ) ) ;
#4769 = ORIENTED_EDGE ( 'NONE', *, *, #6236, .T. ) ;
#4770 = DIRECTION ( 'NONE',  ( -1.000000000000000000, 0.000000000000000000, 0.000000000000000000 ) ) ;
#4771 = ORIENTED_EDGE ( 'NONE', *, *, #7897, .F. ) ;
#4772 = DIRECTION ( 'NONE',  ( 0.000000000000000000, 0.000000000000000000, 1.000000000000000000 ) ) ;
#4773 = CARTESIAN_POINT ( 'NONE',  ( 0.6700000000000000400, 11.70000000000000462, -0.6000000000000000888 ) ) ;
#4774 = CARTESIAN_POINT ( 'NONE',  ( -4.500000000000002665, 0.000000000000000000, 0.4000000000000000222 ) ) ;
#4775 = ORIENTED_EDGE ( 'NONE', *, *, #2758, .T. ) ;
#4776 = VERTEX_POINT ( 'NONE', #6225 ) ;
#4777 = DIRECTION ( 'NONE',  ( -1.000000000000000000, 0.000000000000000000, 0.000000000000000000 ) ) ;
#4778 = EDGE_CURVE ( 'NONE', #5953, #67, #9092, .T. ) ;
#4779 = FACE_OUTER_BOUND ( 'NONE', #8365, .T. ) ;
#4780 = DIRECTION ( 'NONE',  ( 0.000000000000000000, -1.000000000000000000, 0.000000000000000000 ) ) ;
#4781 = CARTESIAN_POINT ( 'NONE',  ( -0.4999999999999997780, 11.70000000000000462, 1.500000000000000000 ) ) ;
#4782 = CARTESIAN_POINT ( 'NONE',  ( 2.600000000000000533, -2.035644895278906395E-16, -5.300000000000009592 ) ) ;
#4783 = DIRECTION ( 'NONE',  ( 0.000000000000000000, 1.000000000000000000, 0.000000000000000000 ) ) ;
#4784 = EDGE_CURVE ( 'NONE', #2972, #7112, #1976, .T. ) ;
#4785 = CARTESIAN_POINT ( 'NONE',  ( 5.598656062889754814, 0.4494845360824785141, -8.565425263470256567 ) ) ;
#4786 = DIRECTION ( 'NONE',  ( 0.000000000000000000, 1.000000000000000000, 0.000000000000000000 ) ) ;
#4787 = AXIS2_PLACEMENT_3D ( 'NONE', #6214, #1238, #3406 ) ;
#4788 = ORIENTED_EDGE ( 'NONE', *, *, #3767, .T. ) ;
#4789 = ORIENTED_EDGE ( 'NONE', *, *, #644, .F. ) ;
#4790 = EDGE_CURVE ( 'NONE', #8642, #5669, #3281, .T. ) ;
#4791 = CARTESIAN_POINT ( 'NONE',  ( 0.000000000000000000, -0.5505154639175203757, 1.400000000000000577 ) ) ;
#4792 = ORIENTED_EDGE ( 'NONE', *, *, #1210, .F. ) ;
#4793 = DIRECTION ( 'NONE',  ( 0.000000000000000000, 0.000000000000000000, 1.000000000000000000 ) ) ;
#4794 = AXIS2_PLACEMENT_3D ( 'NONE', #4159, #6278, #4116 ) ;
#4795 = CARTESIAN_POINT ( 'NONE',  ( -0.5000000000000027756, -0.6408712114635670698, 0.5000000000000000000 ) ) ;
#4796 = EDGE_CURVE ( 'NONE', #9030, #752, #1883, .T. ) ;
#4797 = ORIENTED_EDGE ( 'NONE', *, *, #451, .F. ) ;
#4798 = PLANE ( 'NONE',  #6124 ) ;
#4799 = CARTESIAN_POINT ( 'NONE',  ( -4.500000000000002665, 1.349484536082479647, -0.6000000000000000888 ) ) ;
#4800 = VECTOR ( 'NONE', #734, 1000.000000000000000 ) ;
#4801 = EDGE_LOOP ( 'NONE', ( #3172, #7785, #7956, #3426 ) ) ;
#4802 = FACE_OUTER_BOUND ( 'NONE', #8096, .T. ) ;
#4803 = CARTESIAN_POINT ( 'NONE',  ( 0.000000000000000000, -5.950515463917519732, 0.4000000000000000222 ) ) ;
#4804 = VECTOR ( 'NONE', #776, 1000.000000000000000 ) ;
#4805 = VECTOR ( 'NONE', #7408, 1000.000000000000000 ) ;
#4806 = DIRECTION ( 'NONE',  ( 0.000000000000000000, 1.000000000000000000, 0.000000000000000000 ) ) ;
#4807 = CARTESIAN_POINT ( 'NONE',  ( -1.479999999999999982, 11.50000000000000000, 1.200000000000000622 ) ) ;
#4808 = DIRECTION ( 'NONE',  ( 0.000000000000000000, 1.000000000000000000, 0.000000000000000000 ) ) ;
#4809 = ORIENTED_EDGE ( 'NONE', *, *, #7512, .T. ) ;
#4810 = EDGE_LOOP ( 'NONE', ( #5821, #8765, #4224, #5105 ) ) ;
#4811 = VERTEX_POINT ( 'NONE', #7692 ) ;
#4812 = AXIS2_PLACEMENT_3D ( 'NONE', #5007, #8610, #6339 ) ;
#4813 = AXIS2_PLACEMENT_3D ( 'NONE', #5139, #6700, #400 ) ;
#4814 = DIRECTION ( 'NONE',  ( 1.000000000000000000, 0.000000000000000000, 1.931541112668179645E-15 ) ) ;
#4815 = ADVANCED_FACE ( 'NONE', ( #1378 ), #5575, .T. ) ;
#4816 = VERTEX_POINT ( 'NONE', #4104 ) ;
#4817 =( LENGTH_UNIT ( ) NAMED_UNIT ( * ) SI_UNIT ( .MILLI., .METRE. ) );
#4818 = CARTESIAN_POINT ( 'NONE',  ( -3.400000000000001243, 0.000000000000000000, 0.000000000000000000 ) ) ;
#4819 = PLANE ( 'NONE',  #1137 ) ;
#4820 = ORIENTED_EDGE ( 'NONE', *, *, #2578, .T. ) ;
#4821 = FACE_OUTER_BOUND ( 'NONE', #5407, .T. ) ;
#4822 = CARTESIAN_POINT ( 'NONE',  ( 0.6700000000000002620, 10.90000000000000036, -0.6000000000000000888 ) ) ;
#4823 = CIRCLE ( 'NONE', #975, 0.4000000000000001887 ) ;
#4824 = LINE ( 'NONE', #6122, #7723 ) ;
#4825 = PLANE ( 'NONE',  #3877 ) ;
#4826 = DIRECTION ( 'NONE',  ( -1.734723475976805517E-15, 0.000000000000000000, 1.000000000000000000 ) ) ;
#4827 = EDGE_CURVE ( 'NONE', #8886, #4863, #5396, .T. ) ;
#4828 = FACE_OUTER_BOUND ( 'NONE', #6059, .T. ) ;
#4829 = ORIENTED_EDGE ( 'NONE', *, *, #5493, .F. ) ;
#4830 = ORIENTED_EDGE ( 'NONE', *, *, #5509, .F. ) ;
#4831 = EDGE_CURVE ( 'NONE', #4150, #3920, #8955, .T. ) ;
#4832 = CARTESIAN_POINT ( 'NONE',  ( 4.500000000000003553, -3.950515463917520620, -4.900000000000009237 ) ) ;
#4833 = VERTEX_POINT ( 'NONE', #4752 ) ;
#4834 = LINE ( 'NONE', #8395, #3698 ) ;
#4835 = DIRECTION ( 'NONE',  ( -0.000000000000000000, -1.000000000000000000, -0.000000000000000000 ) ) ;
#4836 = ORIENTED_EDGE ( 'NONE', *, *, #3986, .T. ) ;
#4837 = DIRECTION ( 'NONE',  ( 0.000000000000000000, -2.168404344971008868E-16, -1.000000000000000000 ) ) ;
#4838 = EDGE_CURVE ( 'NONE', #3255, #249, #1207, .T. ) ;
#4839 = PLANE ( 'NONE',  #7055 ) ;
#4840 = AXIS2_PLACEMENT_3D ( 'NONE', #4516, #7917, #4420 ) ;
#4841 = VERTEX_POINT ( 'NONE', #8210 ) ;
#4842 = DIRECTION ( 'NONE',  ( 1.000000000000000000, 8.850629979473510942E-17, 0.000000000000000000 ) ) ;
#4843 = DIRECTION ( 'NONE',  ( -0.000000000000000000, -0.000000000000000000, -1.000000000000000000 ) ) ;
#4844 = VECTOR ( 'NONE', #6001, 1000.000000000000000 ) ;
#4845 = CARTESIAN_POINT ( 'NONE',  ( 2.349999999999998312, -3.750000000000000000, 5.000000000000000000 ) ) ;
#4846 = EDGE_CURVE ( 'NONE', #7868, #5811, #1647, .T. ) ;
#4847 = FACE_OUTER_BOUND ( 'NONE', #8596, .T. ) ;
#4848 = CARTESIAN_POINT ( 'NONE',  ( 0.4500000000000000111, -3.020950878361716274, 2.100000000000000089 ) ) ;
#4849 = VERTEX_POINT ( 'NONE', #648 ) ;
#4850 = ORIENTED_EDGE ( 'NONE', *, *, #4536, .F. ) ;
#4851 = VECTOR ( 'NONE', #5910, 1000.000000000000000 ) ;
#4852 = CARTESIAN_POINT ( 'NONE',  ( -0.3999999999999998002, -6.400000000000000355, -1.349999999999999867 ) ) ;
#4853 = ORIENTED_EDGE ( 'NONE', *, *, #5967, .T. ) ;
#4854 = CARTESIAN_POINT ( 'NONE',  ( -1.900000000000001910, -4.200000000000000178, 0.1000000000000000056 ) ) ;
#4855 = EDGE_CURVE ( 'NONE', #7337, #1088, #4705, .T. ) ;
#4856 = CARTESIAN_POINT ( 'NONE',  ( 2.900000000000001243, -6.400000000000000355, -1.349999999999999867 ) ) ;
#4857 = VECTOR ( 'NONE', #4245, 1000.000000000000000 ) ;
#4858 = CARTESIAN_POINT ( 'NONE',  ( -5.011844097109290352, -1.550515463917519821, -9.823847585124239501 ) ) ;
#4859 = EDGE_CURVE ( 'NONE', #729, #9020, #3511, .T. ) ;
#4860 = CARTESIAN_POINT ( 'NONE',  ( 2.999999999999998224, -3.750000000000000000, 5.000000000000000000 ) ) ;
#4861 = EDGE_LOOP ( 'NONE', ( #3837, #2919, #8879, #3466 ) ) ;
#4862 = ORIENTED_EDGE ( 'NONE', *, *, #562, .F. ) ;
#4863 = VERTEX_POINT ( 'NONE', #1933 ) ;
#4864 = APPLICATION_CONTEXT ( 'automotive_design' ) ;
#4865 = CARTESIAN_POINT ( 'NONE',  ( -5.238893727143770107, -1.550515463917520709, -8.400000000000009237 ) ) ;
#4866 = AXIS2_PLACEMENT_3D ( 'NONE', #5715, #4340, #7145 ) ;
#4867 = AXIS2_PLACEMENT_3D ( 'NONE', #2742, #7403, #4770 ) ;
#4868 = CARTESIAN_POINT ( 'NONE',  ( 1.899999999999998801, 5.100000000000004086, 0.1000000000000000056 ) ) ;
#4869 = LINE ( 'NONE', #125, #4445 ) ;
#4870 = CARTESIAN_POINT ( 'NONE',  ( -3.675000000000000266, -4.750515463917523107, -1.600000000000000089 ) ) ;
#4871 = DIRECTION ( 'NONE',  ( 8.850629979473506011E-17, -1.000000000000000000, 0.000000000000000000 ) ) ;
#4872 = DIRECTION ( 'NONE',  ( 0.000000000000000000, 0.000000000000000000, 1.000000000000000000 ) ) ;
#4873 = CIRCLE ( 'NONE', #1923, 4.099999999999999645 ) ;
#4874 = EDGE_CURVE ( 'NONE', #8144, #2619, #6961, .T. ) ;
#4875 = AXIS2_PLACEMENT_3D ( 'NONE', #4510, #5892, #7914 ) ;
#4876 = CARTESIAN_POINT ( 'NONE',  ( -4.899999999999995914, 2.449484536082480624, -5.900000000000010125 ) ) ;
#4877 = VERTEX_POINT ( 'NONE', #5757 ) ;
#4878 = ORIENTED_EDGE ( 'NONE', *, *, #3322, .T. ) ;
#4879 = CARTESIAN_POINT ( 'NONE',  ( 1.899999999999996358, -4.200000000000000178, 0.1000000000000000056 ) ) ;
#4880 = ORIENTED_EDGE ( 'NONE', *, *, #8053, .T. ) ;
#4881 = ADVANCED_FACE ( 'NONE', ( #8444 ), #7738, .F. ) ;
#4882 = STYLED_ITEM ( 'NONE', ( #3305 ), #4362 ) ;
#4883 = AXIS2_PLACEMENT_3D ( 'NONE', #3484, #6808, #5341 ) ;
#4884 = LINE ( 'NONE', #8622, #8264 ) ;
#4885 = CARTESIAN_POINT ( 'NONE',  ( -2.899999999999999911, -6.700000000000000178, -5.750000000000000000 ) ) ;
#4886 = ORIENTED_EDGE ( 'NONE', *, *, #5076, .T. ) ;
#4887 = PLANE ( 'NONE',  #4068 ) ;
#4888 = ADVANCED_FACE ( 'NONE', ( #4976 ), #2857, .T. ) ;
#4889 = CARTESIAN_POINT ( 'NONE',  ( 0.000000000000000000, -0.5505154639175201536, 9.757819552369539906E-17 ) ) ;
#4890 = VECTOR ( 'NONE', #538, 1000.000000000000000 ) ;
#4891 = ORIENTED_EDGE ( 'NONE', *, *, #1412, .F. ) ;
#4892 = CARTESIAN_POINT ( 'NONE',  ( 0.000000000000000000, -0.05000000000000071054, 0.000000000000000000 ) ) ;
#4893 = EDGE_CURVE ( 'NONE', #402, #8673, #4459, .T. ) ;
#4894 = LINE ( 'NONE', #656, #7369 ) ;
#4895 = VECTOR ( 'NONE', #8246, 1000.000000000000000 ) ;
#4896 = VERTEX_POINT ( 'NONE', #3741 ) ;
#4897 = LINE ( 'NONE', #700, #9074 ) ;
#4898 = ADVANCED_FACE ( 'NONE', ( #8486 ), #2805, .F. ) ;
#4899 = CARTESIAN_POINT ( 'NONE',  ( -1.749999999999999778, -6.500000000000001776, 1.300000000000000266 ) ) ;
#4900 = DIRECTION ( 'NONE',  ( -1.794207403895423791E-16, 1.000000000000000000, 0.000000000000000000 ) ) ;
#4901 = ORIENTED_EDGE ( 'NONE', *, *, #8536, .T. ) ;
#4902 = EDGE_LOOP ( 'NONE', ( #1127, #4901, #7915, #5673, #313 ) ) ;
#4903 = VECTOR ( 'NONE', #2604, 1000.000000000000000 ) ;
#4904 = ORIENTED_EDGE ( 'NONE', *, *, #6086, .T. ) ;
#4905 = DIRECTION ( 'NONE',  ( 0.000000000000000000, 0.000000000000000000, -1.000000000000000000 ) ) ;
#4906 = PRODUCT_DEFINITION_SHAPE ( 'NONE', 'NONE',  #395 ) ;
#4907 = EDGE_CURVE ( 'NONE', #6664, #725, #4378, .T. ) ;
#4908 = CARTESIAN_POINT ( 'NONE',  ( -0.3999999999999998002, -6.400000000000000355, 0.000000000000000000 ) ) ;
#4909 = CARTESIAN_POINT ( 'NONE',  ( 0.4999999999999987232, 1.540871211463575419, 0.5000000000000000000 ) ) ;
#4910 = AXIS2_PLACEMENT_3D ( 'NONE', #7898, #4449, #1081 ) ;
#4911 = LINE ( 'NONE', #805, #3594 ) ;
#4912 = LINE ( 'NONE', #5735, #3641 ) ;
#4913 = APPLICATION_PROTOCOL_DEFINITION ( 'draft international standard', 'automotive_design', 1998, #8762 ) ;
#4914 = EDGE_LOOP ( 'NONE', ( #8692, #2997 ) ) ;
#4915 = ORIENTED_EDGE ( 'NONE', *, *, #3751, .F. ) ;
#4916 = DIRECTION ( 'NONE',  ( 0.000000000000000000, 0.000000000000000000, 1.000000000000000000 ) ) ;
#4917 = EDGE_CURVE ( 'NONE', #8047, #8035, #1421, .T. ) ;
#4918 = ADVANCED_FACE ( 'NONE', ( #5073 ), #4930, .F. ) ;
#4919 = CARTESIAN_POINT ( 'NONE',  ( 0.000000000000000000, -0.05202383709185157135, 0.000000000000000000 ) ) ;
#4920 = DIRECTION ( 'NONE',  ( -1.000000000000000000, 0.000000000000000000, 0.000000000000000000 ) ) ;
#4921 = LINE ( 'NONE', #6392, #3437 ) ;
#4922 = CARTESIAN_POINT ( 'NONE',  ( 0.000000000000000000, 10.90000000000000036, 0.000000000000000000 ) ) ;
#4923 = PLANE ( 'NONE',  #8957 ) ;
#4924 = ORIENTED_EDGE ( 'NONE', *, *, #3570, .F. ) ;
#4925 = VERTEX_POINT ( 'NONE', #3554 ) ;
#4926 = CARTESIAN_POINT ( 'NONE',  ( -4.900000000000001243, -5.450515463917521508, 0.000000000000000000 ) ) ;
#4927 = ORIENTED_EDGE ( 'NONE', *, *, #6508, .F. ) ;
#4928 = ADVANCED_FACE ( 'NONE', ( #2160 ), #6356, .T. ) ;
#4929 = CARTESIAN_POINT ( 'NONE',  ( 0.000000000000000000, -0.5505154639175203757, 4.600000000000000533 ) ) ;
#4930 = CYLINDRICAL_SURFACE ( 'NONE', #2537, 4.099999999999999645 ) ;
#4931 = ORIENTED_EDGE ( 'NONE', *, *, #3012, .F. ) ;
#4932 = CARTESIAN_POINT ( 'NONE',  ( 2.500942654745082372, 0.3317597448391144122, 1.331759744839111637 ) ) ;
#4933 = DIRECTION ( 'NONE',  ( -2.551063935260010491E-16, 1.000000000000000000, 0.000000000000000000 ) ) ;
#4934 = EDGE_LOOP ( 'NONE', ( #4036, #4427, #865, #1890 ) ) ;
#4935 = ORIENTED_EDGE ( 'NONE', *, *, #6080, .F. ) ;
#4936 = DIRECTION ( 'NONE',  ( 1.000000000000000000, 0.000000000000000000, 0.000000000000000000 ) ) ;
#4937 = AXIS2_PLACEMENT_3D ( 'NONE', #3609, #2214, #4341 ) ;
#4938 = CARTESIAN_POINT ( 'NONE',  ( 0.000000000000000000, -0.5505154639175203757, 4.600000000000000533 ) ) ;
#4939 = ORIENTED_EDGE ( 'NONE', *, *, #667, .F. ) ;
#4940 = DIRECTION ( 'NONE',  ( -0.000000000000000000, -1.000000000000000000, -3.260780805318072864E-31 ) ) ;
#4941 = PLANE ( 'NONE',  #6320 ) ;
#4942 = AXIS2_PLACEMENT_3D ( 'NONE', #7560, #6181, #8309 ) ;
#4943 = DIRECTION ( 'NONE',  ( 0.000000000000000000, 0.000000000000000000, -1.000000000000000000 ) ) ;
#4944 = ADVANCED_FACE ( 'NONE', ( #782 ), #7875, .T. ) ;
#4945 = ORIENTED_EDGE ( 'NONE', *, *, #4831, .T. ) ;
#4946 = VERTEX_POINT ( 'NONE', #2905 ) ;
#4947 = ORIENTED_EDGE ( 'NONE', *, *, #217, .F. ) ;
#4948 = VERTEX_POINT ( 'NONE', #46 ) ;
#4949 = LINE ( 'NONE', #6931, #7646 ) ;
#4950 = VERTEX_POINT ( 'NONE', #7918 ) ;
#4951 = ADVANCED_FACE ( 'NONE', ( #7185 ), #7137, .F. ) ;
#4952 = LINE ( 'NONE', #7854, #617 ) ;
#4953 = CARTESIAN_POINT ( 'NONE',  ( -0.4999999999999997780, 10.90000000000000036, 2.299999999999999822 ) ) ;
#4954 = CARTESIAN_POINT ( 'NONE',  ( 1.899999999999996358, -4.200000000000000178, 0.000000000000000000 ) ) ;
#4955 = LINE ( 'NONE', #7767, #8497 ) ;
#4956 = EDGE_CURVE ( 'NONE', #1507, #3711, #870, .T. ) ;
#4957 = DIRECTION ( 'NONE',  ( 1.000000000000000000, 0.000000000000000000, 0.000000000000000000 ) ) ;
#4958 = VECTOR ( 'NONE', #3036, 1000.000000000000000 ) ;
#4959 = ORIENTED_EDGE ( 'NONE', *, *, #2139, .T. ) ;
#4960 = ORIENTED_EDGE ( 'NONE', *, *, #6919, .T. ) ;
#4961 = CARTESIAN_POINT ( 'NONE',  ( 2.500000000000000000, -6.400000000000000355, 1.000000000000000000 ) ) ;
#4962 = EDGE_CURVE ( 'NONE', #3254, #5961, #138, .T. ) ;
#4963 = DIRECTION ( 'NONE',  ( 0.000000000000000000, 0.000000000000000000, 1.000000000000000000 ) ) ;
#4964 = AXIS2_PLACEMENT_3D ( 'NONE', #4497, #2728, #9059 ) ;
#4965 = LINE ( 'NONE', #4323, #6111 ) ;
#4966 = DIRECTION ( 'NONE',  ( 7.211624427719317894E-17, 1.000000000000000000, -8.673617379884041389E-16 ) ) ;
#4967 = CYLINDRICAL_SURFACE ( 'NONE', #6722, 0.6500000000000000222 ) ;
#4968 = EDGE_CURVE ( 'NONE', #3907, #1199, #190, .T. ) ;
#4969 = LINE ( 'NONE', #7777, #1292 ) ;
#4970 = VERTEX_POINT ( 'NONE', #8624 ) ;
#4971 = ADVANCED_FACE ( 'NONE', ( #2295 ), #5111, .F. ) ;
#4972 = VECTOR ( 'NONE', #2617, 1000.000000000000000 ) ;
#4973 = FACE_OUTER_BOUND ( 'NONE', #8239, .T. ) ;
#4974 = ORIENTED_EDGE ( 'NONE', *, *, #1631, .T. ) ;
#4975 = DIRECTION ( 'NONE',  ( 1.000000000000000000, 0.000000000000000000, 0.000000000000000000 ) ) ;
#4976 = FACE_OUTER_BOUND ( 'NONE', #4265, .T. ) ;
#4977 = ORIENTED_EDGE ( 'NONE', *, *, #5156, .T. ) ;
#4978 = LINE ( 'NONE', #7786, #8640 ) ;
#4979 = EDGE_CURVE ( 'NONE', #3358, #6416, #3090, .T. ) ;
#4980 = CARTESIAN_POINT ( 'NONE',  ( -4.900000000000000355, 4.349484536082479202, -0.6000000000000000888 ) ) ;
#4981 = ORIENTED_EDGE ( 'NONE', *, *, #162, .T. ) ;
#4982 = ORIENTED_EDGE ( 'NONE', *, *, #3385, .T. ) ;
#4983 = VECTOR ( 'NONE', #5789, 1000.000000000000000 ) ;
#4984 = PLANE ( 'NONE',  #3396 ) ;
#4985 = FACE_OUTER_BOUND ( 'NONE', #4574, .T. ) ;
#4986 = ORIENTED_EDGE ( 'NONE', *, *, #3339, .F. ) ;
#4987 = DIRECTION ( 'NONE',  ( 0.000000000000000000, 0.000000000000000000, 1.000000000000000000 ) ) ;
#4988 = VECTOR ( 'NONE', #2051, 1000.000000000000000 ) ;
#4989 = DIRECTION ( 'NONE',  ( -0.000000000000000000, -0.000000000000000000, -1.000000000000000000 ) ) ;
#4990 = LINE ( 'NONE', #1387, #7467 ) ;
#4991 = ORIENTED_EDGE ( 'NONE', *, *, #8621, .T. ) ;
#4992 = ORIENTED_EDGE ( 'NONE', *, *, #7122, .F. ) ;
#4993 = ORIENTED_EDGE ( 'NONE', *, *, #31, .T. ) ;
#4994 = VERTEX_POINT ( 'NONE', #1101 ) ;
#4995 = VERTEX_POINT ( 'NONE', #3142 ) ;
#4996 = CARTESIAN_POINT ( 'NONE',  ( 4.900000000000000355, 4.349484536082479202, -4.299999999999999822 ) ) ;
#4997 = PRESENTATION_LAYER_ASSIGNMENT (  '', '', ( #8981 ) ) ;
#4998 = CARTESIAN_POINT ( 'NONE',  ( 4.500000000000002665, 1.449484536082478625, -5.900000000000000355 ) ) ;
#4999 = EDGE_CURVE ( 'NONE', #8074, #7537, #1740, .T. ) ;
#5000 = EDGE_CURVE ( 'NONE', #6675, #5800, #3923, .T. ) ;
#5001 = DIRECTION ( 'NONE',  ( 1.000000000000000000, 0.000000000000000000, 0.000000000000000000 ) ) ;
#5002 = CARTESIAN_POINT ( 'NONE',  ( -2.500000000000000000, -6.700000000000000178, -5.750000000000000000 ) ) ;
#5003 = LINE ( 'NONE', #5187, #6758 ) ;
#5004 = CARTESIAN_POINT ( 'NONE',  ( 4.500000000000003553, -5.150515463917521686, -6.800000000000000711 ) ) ;
#5005 = AXIS2_PLACEMENT_3D ( 'NONE', #5711, #5075, #236 ) ;
#5006 = PRODUCT_RELATED_PRODUCT_CATEGORY ( 'part', '', ( #5793 ) ) ;
#5007 = CARTESIAN_POINT ( 'NONE',  ( -1.680513367352531873E-15, 0.4500000000000017875, 13.59999999999999964 ) ) ;
#5008 = ORIENTED_EDGE ( 'NONE', *, *, #2467, .T. ) ;
#5009 = ORIENTED_EDGE ( 'NONE', *, *, #6331, .T. ) ;
#5010 = DIRECTION ( 'NONE',  ( -1.000000000000000000, 0.000000000000000000, 0.000000000000000000 ) ) ;
#5011 = EDGE_CURVE ( 'NONE', #1389, #1075, #5851, .T. ) ;
#5012 = AXIS2_PLACEMENT_3D ( 'NONE', #5450, #6784, #1077 ) ;
#5013 = FACE_BOUND ( 'NONE', #1336, .T. ) ;
#5014 = LINE ( 'NONE', #3590, #6403 ) ;
#5015 = FACE_OUTER_BOUND ( 'NONE', #958, .T. ) ;
#5016 = CARTESIAN_POINT ( 'NONE',  ( 2.600000000000000533, 0.5000000000000004441, 1.500000000000000000 ) ) ;
#5017 = EDGE_CURVE ( 'NONE', #7868, #4241, #2475, .T. ) ;
#5018 = DIRECTION ( 'NONE',  ( -1.000000000000000000, 1.606225440719267599E-16, 0.000000000000000000 ) ) ;
#5019 = EDGE_LOOP ( 'NONE', ( #7851, #6087, #7848, #6837 ) ) ;
#5020 = VECTOR ( 'NONE', #6266, 1000.000000000000000 ) ;
#5021 = VECTOR ( 'NONE', #6850, 1000.000000000000000 ) ;
#5022 = DIRECTION ( 'NONE',  ( 1.000000000000000000, 0.000000000000000000, 0.000000000000000000 ) ) ;
#5023 = ORIENTED_EDGE ( 'NONE', *, *, #3900, .T. ) ;
#5024 = EDGE_CURVE ( 'NONE', #753, #884, #5297, .T. ) ;
#5025 = PLANE ( 'NONE',  #4284 ) ;
#5026 = AXIS2_PLACEMENT_3D ( 'NONE', #4929, #2904, #6355 ) ;
#5027 = CARTESIAN_POINT ( 'NONE',  ( -2.500000000000000000, -6.400000000000000355, 1.000000000000000000 ) ) ;
#5028 = AXIS2_PLACEMENT_3D ( 'NONE', #2428, #7317, #6533 ) ;
#5029 = ORIENTED_EDGE ( 'NONE', *, *, #1348, .T. ) ;
#5030 = PLANE ( 'NONE',  #7886 ) ;
#5031 = DIRECTION ( 'NONE',  ( 0.000000000000000000, 1.000000000000000000, 0.000000000000000000 ) ) ;
#5032 = ORIENTED_EDGE ( 'NONE', *, *, #7197, .F. ) ;
#5033 = EDGE_LOOP ( 'NONE', ( #4947, #5693, #8416, #3285, #8632, #4143, #2245, #7386 ) ) ;
#5034 = VECTOR ( 'NONE', #2743, 1000.000000000000000 ) ;
#5035 = VECTOR ( 'NONE', #2681, 1000.000000000000000 ) ;
#5036 = CARTESIAN_POINT ( 'NONE',  ( 5.236132948075096216, 0.4494845360824787361, -8.396377958773973305 ) ) ;
#5037 = CARTESIAN_POINT ( 'NONE',  ( 1.899999999999996358, 0.000000000000000000, 0.000000000000000000 ) ) ;
#5038 = EDGE_CURVE ( 'NONE', #8074, #8368, #1008, .T. ) ;
#5039 = DIRECTION ( 'NONE',  ( -1.000000000000000000, 0.000000000000000000, 0.000000000000000000 ) ) ;
#5040 = VECTOR ( 'NONE', #2625, 1000.000000000000000 ) ;
#5041 = CARTESIAN_POINT ( 'NONE',  ( 1.899999999999999023, 5.100000000000004086, 0.1000000000000000056 ) ) ;
#5042 = EDGE_LOOP ( 'NONE', ( #6034, #2026, #789, #1147 ) ) ;
#5043 = ORIENTED_EDGE ( 'NONE', *, *, #726, .T. ) ;
#5044 = ORIENTED_EDGE ( 'NONE', *, *, #2641, .T. ) ;
#5045 = ORIENTED_EDGE ( 'NONE', *, *, #8451, .T. ) ;
#5046 = CARTESIAN_POINT ( 'NONE',  ( 0.000000000000000000, 4.849484536082479202, 0.4000000000000000222 ) ) ;
#5047 = AXIS2_PLACEMENT_3D ( 'NONE', #5620, #4421, #2115 ) ;
#5048 = EDGE_CURVE ( 'NONE', #1529, #4043, #5206, .T. ) ;
#5049 = DIRECTION ( 'NONE',  ( 4.321696539984586007E-32, 1.734723475976810053E-16, -1.000000000000000000 ) ) ;
#5050 = EDGE_CURVE ( 'NONE', #6173, #5260, #1786, .T. ) ;
#5051 = CARTESIAN_POINT ( 'NONE',  ( -3.600000000000001865, 5.150000000000003908, 5.000000000000000000 ) ) ;
#5052 = LINE ( 'NONE', #4399, #4696 ) ;
#5053 = DIRECTION ( 'NONE',  ( 0.000000000000000000, -1.000000000000000000, 0.000000000000000000 ) ) ;
#5054 = DIRECTION ( 'NONE',  ( 0.000000000000000000, 0.000000000000000000, 1.000000000000000000 ) ) ;
#5055 = LINE ( 'NONE', #7859, #8057 ) ;
#5056 = AXIS2_PLACEMENT_3D ( 'NONE', #7726, #7819, #7128 ) ;
#5057 = EDGE_LOOP ( 'NONE', ( #66, #1076, #7780, #6943, #3436, #3972, #737 ) ) ;
#5058 = EDGE_LOOP ( 'NONE', ( #2973, #6407, #183, #8602 ) ) ;
#5059 = DIRECTION ( 'NONE',  ( -0.000000000000000000, -0.000000000000000000, -1.000000000000000000 ) ) ;
#5060 = AXIS2_PLACEMENT_3D ( 'NONE', #5733, #8467, #2883 ) ;
#5061 = FACE_BOUND ( 'NONE', #8701, .T. ) ;
#5062 = CARTESIAN_POINT ( 'NONE',  ( 3.035766082959412415E-15, 0.4500000000000093925, 0.5000000000000000000 ) ) ;
#5063 = DIRECTION ( 'NONE',  ( 0.000000000000000000, 0.000000000000000000, 1.000000000000000000 ) ) ;
#5064 = CARTESIAN_POINT ( 'NONE',  ( 0.000000000000000000, 0.000000000000000000, 5.000000000000000000 ) ) ;
#5065 = CARTESIAN_POINT ( 'NONE',  ( -4.500000000000003553, -5.450515463917521508, -4.336808689942017736E-15 ) ) ;
#5066 = EDGE_CURVE ( 'NONE', #2355, #8663, #3047, .T. ) ;
#5067 = EDGE_LOOP ( 'NONE', ( #5970, #7440, #2346, #9054 ) ) ;
#5068 = CARTESIAN_POINT ( 'NONE',  ( 1.479999999999999982, 11.50000000000000000, 1.200000000000000622 ) ) ;
#5069 = ORIENTED_EDGE ( 'NONE', *, *, #5713, .F. ) ;
#5070 = EDGE_CURVE ( 'NONE', #8139, #8663, #4649, .T. ) ;
#5071 = CARTESIAN_POINT ( 'NONE',  ( -4.900000000000001243, 1.349484536082479869, 0.000000000000000000 ) ) ;
#5072 = LINE ( 'NONE', #5805, #1309 ) ;
#5073 = FACE_OUTER_BOUND ( 'NONE', #1559, .T. ) ;
#5074 = CARTESIAN_POINT ( 'NONE',  ( 4.500000000000002665, -1.550515463917522263, -5.800000000000000711 ) ) ;
#5075 = DIRECTION ( 'NONE',  ( -1.279449633548068658E-31, 1.445602896647339706E-15, 1.000000000000000000 ) ) ;
#5076 = EDGE_CURVE ( 'NONE', #7887, #5880, #7417, .T. ) ;
#5077 = ORIENTED_EDGE ( 'NONE', *, *, #3291, .T. ) ;
#5078 = EDGE_LOOP ( 'NONE', ( #1402, #5919, #8780, #4534 ) ) ;
#5079 = ADVANCED_FACE ( 'NONE', ( #6538 ), #6030, .F. ) ;
#5080 = CYLINDRICAL_SURFACE ( 'NONE', #163, 3.100000000000000977 ) ;
#5081 = PLANE ( 'NONE',  #6849 ) ;
#5082 = SURFACE_SIDE_STYLE ('',( #6507 ) ) ;
#5083 = EDGE_CURVE ( 'NONE', #9020, #1227, #5157, .T. ) ;
#5084 = ORIENTED_EDGE ( 'NONE', *, *, #2714, .T. ) ;
#5085 = ORIENTED_EDGE ( 'NONE', *, *, #216, .T. ) ;
#5086 = ORIENTED_EDGE ( 'NONE', *, *, #7870, .F. ) ;
#5087 = CARTESIAN_POINT ( 'NONE',  ( -3.400000000000003464, -0.05202383709185157135, 0.5000000000000000000 ) ) ;
#5088 = ORIENTED_EDGE ( 'NONE', *, *, #1839, .F. ) ;
#5089 = DIRECTION ( 'NONE',  ( -0.000000000000000000, -1.000000000000000000, -0.000000000000000000 ) ) ;
#5090 = DIRECTION ( 'NONE',  ( 0.000000000000000000, 0.000000000000000000, 1.000000000000000000 ) ) ;
#5091 = VECTOR ( 'NONE', #4433, 1000.000000000000000 ) ;
#5092 = PLANE ( 'NONE',  #4474 ) ;
#5093 = CARTESIAN_POINT ( 'NONE',  ( -5.636132948075080584, -1.550515463917520487, -8.396377958773982186 ) ) ;
#5094 = CARTESIAN_POINT ( 'NONE',  ( 0.5000000000000002220, 10.90000000000000036, 0.000000000000000000 ) ) ;
#5095 = VERTEX_POINT ( 'NONE', #3785 ) ;
#5096 = ADVANCED_FACE ( 'NONE', ( #6582 ), #279, .F. ) ;
#5097 = CARTESIAN_POINT ( 'NONE',  ( -4.400000000000002132, 5.100000000000004086, 0.1000000000000000888 ) ) ;
#5098 = VECTOR ( 'NONE', #5113, 1000.000000000000000 ) ;
#5099 = FACE_OUTER_BOUND ( 'NONE', #1948, .T. ) ;
#5100 = DIRECTION ( 'NONE',  ( 1.000000000000000000, 0.000000000000000000, 0.000000000000000000 ) ) ;
#5101 = DIRECTION ( 'NONE',  ( -0.8573532005412072277, 0.000000000000000000, 0.5147285590694853363 ) ) ;
#5102 = VECTOR ( 'NONE', #815, 1000.000000000000000 ) ;
#5103 = CARTESIAN_POINT ( 'NONE',  ( -4.899999999999996803, 2.849484536082480091, -4.900000000000009237 ) ) ;
#5104 = DIRECTION ( 'NONE',  ( -1.000000000000000000, 0.000000000000000000, 0.000000000000000000 ) ) ;
#5105 = ORIENTED_EDGE ( 'NONE', *, *, #6053, .F. ) ;
#5106 = ORIENTED_EDGE ( 'NONE', *, *, #626, .T. ) ;
#5107 = CIRCLE ( 'NONE', #4373, 1.199999999999993072 ) ;
#5108 = DIRECTION ( 'NONE',  ( 0.000000000000000000, 1.000000000000000000, 0.000000000000000000 ) ) ;
#5109 = ORIENTED_EDGE ( 'NONE', *, *, #5732, .T. ) ;
#5110 = DIRECTION ( 'NONE',  ( 0.000000000000000000, -1.000000000000000000, 1.018148511238955784E-16 ) ) ;
#5111 = PLANE ( 'NONE',  #5777 ) ;
#5112 = VERTEX_POINT ( 'NONE', #4517 ) ;
#5113 = DIRECTION ( 'NONE',  ( -0.000000000000000000, -1.000000000000000000, -0.000000000000000000 ) ) ;
#5114 = PRODUCT_DEFINITION_CONTEXT ( 'detailed design', #8893, 'design' ) ;
#5115 = PRESENTATION_STYLE_ASSIGNMENT (( #1602 ) ) ;
#5116 = CIRCLE ( 'NONE', #4235, 3.500000000000000000 ) ;
#5117 = EDGE_CURVE ( 'NONE', #1669, #502, #5947, .T. ) ;
#5118 = ORIENTED_EDGE ( 'NONE', *, *, #2651, .F. ) ;
#5119 = ORIENTED_EDGE ( 'NONE', *, *, #6195, .T. ) ;
#5120 = CARTESIAN_POINT ( 'NONE',  ( 2.500000000000000000, -6.700000000000000178, -1.350000000000000089 ) ) ;
#5121 = DIRECTION ( 'NONE',  ( 1.000000000000000000, 2.551063935260010491E-16, 0.000000000000000000 ) ) ;
#5122 = ADVANCED_FACE ( 'NONE', ( #6678 ), #5254, .T. ) ;
#5123 = EDGE_LOOP ( 'NONE', ( #1297, #5221, #1361, #4256 ) ) ;
#5124 = DIRECTION ( 'NONE',  ( 1.000000000000000000, 1.121588454295349533E-16, 0.000000000000000000 ) ) ;
#5125 = PLANE ( 'NONE',  #4708 ) ;
#5126 = ORIENTED_EDGE ( 'NONE', *, *, #7203, .F. ) ;
#5127 = VERTEX_POINT ( 'NONE', #553 ) ;
#5128 = ORIENTED_EDGE ( 'NONE', *, *, #4124, .T. ) ;
#5129 = CYLINDRICAL_SURFACE ( 'NONE', #3099, 0.4000000000000001887 ) ;
#5130 = PRODUCT_DEFINITION_SHAPE ( 'NONE', 'NONE',  #4047 ) ;
#5131 = ORIENTED_EDGE ( 'NONE', *, *, #8852, .T. ) ;
#5132 = DIRECTION ( 'NONE',  ( -0.000000000000000000, -1.000000000000000000, -0.000000000000000000 ) ) ;
#5133 = EDGE_CURVE ( 'NONE', #358, #6042, #8991, .T. ) ;
#5134 = AXIS2_PLACEMENT_3D ( 'NONE', #3494, #6163, #8985 ) ;
#5135 = DIRECTION ( 'NONE',  ( -1.000000000000000000, -1.794207403895423791E-16, 0.000000000000000000 ) ) ;
#5136 = DIRECTION ( 'NONE',  ( -0.4067366430758010964, 0.000000000000000000, 0.9135454576426004225 ) ) ;
#5137 = DIRECTION ( 'NONE',  ( 0.000000000000000000, 0.000000000000000000, 1.000000000000000000 ) ) ;
#5138 = DIRECTION ( 'NONE',  ( 0.000000000000000000, 0.000000000000000000, -1.000000000000000000 ) ) ;
#5139 = CARTESIAN_POINT ( 'NONE',  ( 0.000000000000000000, -0.5505154639175203757, 0.4000000000000001887 ) ) ;
#5140 = ITEM_DEFINED_TRANSFORMATION ( 'NONE', 'NONE', #5839,  #3347 ) ;
#5141 = ORIENTED_EDGE ( 'NONE', *, *, #4401, .T. ) ;
#5142 = VECTOR ( 'NONE', #399, 1000.000000000000000 ) ;
#5143 = LINE ( 'NONE', #2374, #8130 ) ;
#5144 = EDGE_CURVE ( 'NONE', #3180, #7443, #4010, .T. ) ;
#5145 = CARTESIAN_POINT ( 'NONE',  ( 3.000000000000000000, 3.649484536082479469, 0.000000000000000000 ) ) ;
#5146 = CARTESIAN_POINT ( 'NONE',  ( 4.900000000000000355, 2.449484536082478847, -5.900000000000000355 ) ) ;
#5147 = VECTOR ( 'NONE', #295, 1000.000000000000000 ) ;
#5148 = LINE ( 'NONE', #7311, #550 ) ;
#5149 = DIRECTION ( 'NONE',  ( 1.000000000000000000, 8.850629979473507244E-17, 0.000000000000000000 ) ) ;
#5150 = ORIENTED_EDGE ( 'NONE', *, *, #3530, .F. ) ;
#5151 = AXIS2_PLACEMENT_3D ( 'NONE', #8866, #3154, #2538 ) ;
#5152 = CYLINDRICAL_SURFACE ( 'NONE', #6638, 0.4000000000000001887 ) ;
#5153 = EDGE_LOOP ( 'NONE', ( #3696, #7720, #6793, #3400 ) ) ;
#5154 = CARTESIAN_POINT ( 'NONE',  ( -1.734723475976807094E-15, 0.4500000000000040079, 5.000000000000000000 ) ) ;
#5156 = EDGE_CURVE ( 'NONE', #5436, #5815, #4094, .T. ) ;
#5155 = CYLINDRICAL_SURFACE ( 'NONE', #3973, 0.6750000000000002665 ) ;
#5157 = LINE ( 'NONE', #7965, #8142 ) ;
#5158 = CARTESIAN_POINT ( 'NONE',  ( -2.291287847475519612, 1.200081081850012845E-13, 1.000000000000115907 ) ) ;
#5159 = VECTOR ( 'NONE', #3796, 1000.000000000000000 ) ;
#5160 = AXIS2_PLACEMENT_3D ( 'NONE', #8217, #8918, #2446 ) ;
#5161 = CARTESIAN_POINT ( 'NONE',  ( 1.090871211463568358, 0.9500000000000061728, 0.5000000000000000000 ) ) ;
#5162 = ORIENTED_EDGE ( 'NONE', *, *, #8695, .T. ) ;
#5163 = ORIENTED_EDGE ( 'NONE', *, *, #1556, .T. ) ;
#5164 = EDGE_CURVE ( 'NONE', #7709, #1355, #7586, .T. ) ;
#5165 = ORIENTED_EDGE ( 'NONE', *, *, #4917, .F. ) ;
#5166 = DIRECTION ( 'NONE',  ( -1.000000000000000000, 0.000000000000000000, 0.000000000000000000 ) ) ;
#5167 = CIRCLE ( 'NONE', #7815, 0.4000000000000001887 ) ;
#5168 = CIRCLE ( 'NONE', #1335, 0.6500000000000000222 ) ;
#5169 = ADVANCED_FACE ( 'NONE', ( #6853 ), #8297, .T. ) ;
#5170 = LINE ( 'NONE', #2484, #602 ) ;
#5171 = ORIENTED_EDGE ( 'NONE', *, *, #7188, .F. ) ;
#5172 = FACE_OUTER_BOUND ( 'NONE', #5123, .T. ) ;
#5173 = CIRCLE ( 'NONE', #904, 0.6750000000000002665 ) ;
#5174 = ORIENTED_EDGE ( 'NONE', *, *, #3838, .F. ) ;
#5175 = VECTOR ( 'NONE', #2332, 1000.000000000000000 ) ;
#5176 = EDGE_LOOP ( 'NONE', ( #9046, #1435, #7111, #3689 ) ) ;
#5177 = ADVANCED_FACE ( 'NONE', ( #7632 ), #1874, .T. ) ;
#5178 = EDGE_LOOP ( 'NONE', ( #8482, #6612, #8061, #1745 ) ) ;
#5179 = DIRECTION ( 'NONE',  ( 0.000000000000000000, 1.000000000000000000, 0.000000000000000000 ) ) ;
#5180 = VERTEX_POINT ( 'NONE', #6951 ) ;
#5181 = FACE_OUTER_BOUND ( 'NONE', #1859, .T. ) ;
#5182 = VECTOR ( 'NONE', #409, 1000.000000000000000 ) ;
#5183 = AXIS2_PLACEMENT_3D ( 'NONE', #3712, #6516, #1622 ) ;
#5184 = EDGE_CURVE ( 'NONE', #2751, #446, #509, .T. ) ;
#5185 = PLANE ( 'NONE',  #2330 ) ;
#5186 = CARTESIAN_POINT ( 'NONE',  ( 0.000000000000000000, 8.500000000000000000, -3.000000000000000444 ) ) ;
#5187 = CARTESIAN_POINT ( 'NONE',  ( -5.538016780164189967, -1.550515463917520709, -8.133954347177782651 ) ) ;
#5188 = FACE_OUTER_BOUND ( 'NONE', #4768, .T. ) ;
#5189 = ADVANCED_FACE ( 'NONE', ( #2706 ), #4825, .T. ) ;
#5190 = ORIENTED_EDGE ( 'NONE', *, *, #3900, .F. ) ;
#5191 = CIRCLE ( 'NONE', #624, 0.4000000000000001887 ) ;
#5192 = ORIENTED_EDGE ( 'NONE', *, *, #7037, .T. ) ;
#5193 = DIRECTION ( 'NONE',  ( 0.000000000000000000, 0.000000000000000000, 1.000000000000000000 ) ) ;
#5194 = DIRECTION ( 'NONE',  ( 0.9999994735200916640, 0.000000000000000000, -0.001026138167772244671 ) ) ;
#5195 = CARTESIAN_POINT ( 'NONE',  ( -4.500000000000002665, 1.349484536082479869, 0.4000000000000000222 ) ) ;
#5196 = CARTESIAN_POINT ( 'NONE',  ( -4.500000000000002665, 1.349484536082479869, 0.000000000000000000 ) ) ;
#5197 = DIRECTION ( 'NONE',  ( -1.606225440719265627E-16, -1.000000000000000000, -3.102490474962827050E-31 ) ) ;
#5198 = EDGE_CURVE ( 'NONE', #1474, #8083, #3456, .T. ) ;
#5199 = ORIENTED_EDGE ( 'NONE', *, *, #306, .T. ) ;
#5200 = AXIS2_PLACEMENT_3D ( 'NONE', #7026, #3671, #4354 ) ;
#5201 = DIRECTION ( 'NONE',  ( 0.000000000000000000, -1.000000000000000000, 0.000000000000000000 ) ) ;
#5202 = DIRECTION ( 'NONE',  ( -0.000000000000000000, -0.000000000000000000, -1.000000000000000000 ) ) ;
#5203 = ORIENTED_EDGE ( 'NONE', *, *, #4477, .F. ) ;
#5204 = DIRECTION ( 'NONE',  ( 1.000000000000000000, 0.000000000000000000, 0.000000000000000000 ) ) ;
#5205 = CARTESIAN_POINT ( 'NONE',  ( 0.4999999999999987232, 1.540871211463575419, 0.000000000000000000 ) ) ;
#5206 = LINE ( 'NONE', #6723, #8740 ) ;
#5207 = ORIENTED_EDGE ( 'NONE', *, *, #3023, .T. ) ;
#5208 = DIRECTION ( 'NONE',  ( -0.000000000000000000, -0.000000000000000000, -1.000000000000000000 ) ) ;
#5209 = VECTOR ( 'NONE', #4538, 1000.000000000000000 ) ;
#5210 = PLANE ( 'NONE',  #8950 ) ;
#5211 = ORIENTED_EDGE ( 'NONE', *, *, #5801, .F. ) ;
#5212 = ORIENTED_EDGE ( 'NONE', *, *, #1974, .F. ) ;
#5213 = ORIENTED_EDGE ( 'NONE', *, *, #6715, .F. ) ;
#5214 = EDGE_CURVE ( 'NONE', #4659, #3508, #3407, .T. ) ;
#5215 = FACE_OUTER_BOUND ( 'NONE', #6493, .T. ) ;
#5216 = LINE ( 'NONE', #4479, #3258 ) ;
#5217 = ORIENTED_EDGE ( 'NONE', *, *, #676, .F. ) ;
#5218 = LINE ( 'NONE', #4024, #537 ) ;
#5219 = DIRECTION ( 'NONE',  ( -8.850629979473506011E-17, -1.000000000000000000, 0.000000000000000000 ) ) ;
#5220 = ORIENTED_EDGE ( 'NONE', *, *, #5144, .F. ) ;
#5221 = ORIENTED_EDGE ( 'NONE', *, *, #6221, .T. ) ;
#5222 = VERTEX_POINT ( 'NONE', #6215 ) ;
#5223 = ORIENTED_EDGE ( 'NONE', *, *, #5362, .T. ) ;
#5224 = CARTESIAN_POINT ( 'NONE',  ( -1.734723475976807094E-15, 0.4500000000000040079, 2.100000000000000089 ) ) ;
#5225 = EDGE_LOOP ( 'NONE', ( #197, #8408, #8547, #4465 ) ) ;
#5226 = ORIENTED_EDGE ( 'NONE', *, *, #732, .T. ) ;
#5227 = DIRECTION ( 'NONE',  ( 0.000000000000000000, -1.000000000000000000, 0.000000000000000000 ) ) ;
#5228 = EDGE_CURVE ( 'NONE', #67, #2046, #5518, .T. ) ;
#5229 = DIRECTION ( 'NONE',  ( 1.000000000000000000, 0.000000000000000000, 0.000000000000000000 ) ) ;
#5230 = DIRECTION ( 'NONE',  ( 1.000000000000000000, 8.850629979473506011E-17, 0.000000000000000000 ) ) ;
#5231 = CARTESIAN_POINT ( 'NONE',  ( 1.898540922494819760, 8.900000000000000355, 3.349334615354595979 ) ) ;
#5232 = ORIENTED_EDGE ( 'NONE', *, *, #5944, .T. ) ;
#5233 = ORIENTED_EDGE ( 'NONE', *, *, #644, .T. ) ;
#5234 = ORIENTED_EDGE ( 'NONE', *, *, #7203, .T. ) ;
#5235 = ORIENTED_EDGE ( 'NONE', *, *, #250, .T. ) ;
#5236 = ADVANCED_FACE ( 'NONE', ( #8383 ), #2009, .T. ) ;
#5237 = AXIS2_PLACEMENT_3D ( 'NONE', #8317, #616, #2127 ) ;
#5238 = CARTESIAN_POINT ( 'NONE',  ( 0.000000000000000000, 10.90000000000000036, 0.000000000000000000 ) ) ;
#5239 = EDGE_CURVE ( 'NONE', #2116, #4347, #3429, .T. ) ;
#5240 = DIRECTION ( 'NONE',  ( -1.000000000000000000, 0.000000000000000000, 0.000000000000000000 ) ) ;
#5241 = DIRECTION ( 'NONE',  ( -1.278426997811956241E-48, -3.439160614977206978E-33, 1.000000000000000000 ) ) ;
#5242 = CARTESIAN_POINT ( 'NONE',  ( 4.900000000000000355, 1.349484536082478536, -0.5999999999999907629 ) ) ;
#5243 = DIRECTION ( 'NONE',  ( 0.000000000000000000, 0.000000000000000000, -1.000000000000000000 ) ) ;
#5244 = AXIS2_PLACEMENT_3D ( 'NONE', #2627, #1251, #3376 ) ;
#5245 = ORIENTED_EDGE ( 'NONE', *, *, #2944, .F. ) ;
#5246 = EDGE_CURVE ( 'NONE', #3358, #5112, #1920, .T. ) ;
#5247 = FACE_OUTER_BOUND ( 'NONE', #4620, .T. ) ;
#5248 = CARTESIAN_POINT ( 'NONE',  ( 4.900000000000000355, 4.349484536082479202, -5.800000000000000711 ) ) ;
#5249 = ORIENTED_EDGE ( 'NONE', *, *, #168, .T. ) ;
#5250 = VECTOR ( 'NONE', #2197, 1000.000000000000000 ) ;
#5251 = DIRECTION ( 'NONE',  ( 0.000000000000000000, -1.000000000000000000, 0.000000000000000000 ) ) ;
#5252 = VECTOR ( 'NONE', #5609, 1000.000000000000000 ) ;
#5253 = EDGE_CURVE ( 'NONE', #2687, #7755, #4138, .T. ) ;
#5254 = CYLINDRICAL_SURFACE ( 'NONE', #1654, 0.4000000000000001887 ) ;
#5255 = EDGE_LOOP ( 'NONE', ( #5370, #830, #825, #4850, #3064, #5234 ) ) ;
#5256 = CARTESIAN_POINT ( 'NONE',  ( -4.499999999999990230, -3.550515463917520265, -5.900000000000009237 ) ) ;
#5257 = LINE ( 'NONE', #1876, #2169 ) ;
#5258 = ORIENTED_EDGE ( 'NONE', *, *, #816, .F. ) ;
#5259 = VECTOR ( 'NONE', #6671, 1000.000000000000000 ) ;
#5260 = VERTEX_POINT ( 'NONE', #4742 ) ;
#5261 = AXIS2_PLACEMENT_3D ( 'NONE', #4403, #3902, #7995 ) ;
#5262 = DIRECTION ( 'NONE',  ( 0.000000000000000000, 0.000000000000000000, -1.000000000000000000 ) ) ;
#5263 = LINE ( 'NONE', #8817, #2961 ) ;
#5264 = ORIENTED_EDGE ( 'NONE', *, *, #116, .T. ) ;
#5265 = VECTOR ( 'NONE', #213, 1000.000000000000000 ) ;
#5266 = DIRECTION ( 'NONE',  ( -0.000000000000000000, -0.000000000000000000, -1.000000000000000000 ) ) ;
#5267 = EDGE_CURVE ( 'NONE', #311, #8454, #1239, .T. ) ;
#5268 = FILL_AREA_STYLE_COLOUR ( '', #8841 ) ;
#5269 = VERTEX_POINT ( 'NONE', #9079 ) ;
#5270 = ORIENTED_EDGE ( 'NONE', *, *, #7032, .F. ) ;
#5271 = VECTOR ( 'NONE', #9041, 1000.000000000000000 ) ;
#5272 = CARTESIAN_POINT ( 'NONE',  ( -4.400000000000002132, 0.000000000000000000, 0.000000000000000000 ) ) ;
#5273 = ORIENTED_EDGE ( 'NONE', *, *, #717, .F. ) ;
#5274 = EDGE_LOOP ( 'NONE', ( #8290, #3527, #8927, #8953 ) ) ;
#5275 = CARTESIAN_POINT ( 'NONE',  ( 0.000000000000000000, 0.000000000000000000, 0.5000000000000000000 ) ) ;
#5276 = DIRECTION ( 'NONE',  ( 0.000000000000000000, 1.000000000000000000, 0.000000000000000000 ) ) ;
#5277 = CARTESIAN_POINT ( 'NONE',  ( -2.500000000000000000, -6.500000000000001776, 1.300000000000000266 ) ) ;
#5278 = ORIENTED_EDGE ( 'NONE', *, *, #676, .T. ) ;
#5279 = EDGE_LOOP ( 'NONE', ( #3412, #2812, #4775, #8716 ) ) ;
#5280 = ORIENTED_EDGE ( 'NONE', *, *, #4483, .T. ) ;
#5281 = ORIENTED_EDGE ( 'NONE', *, *, #5750, .F. ) ;
#5282 = PLANE ( 'NONE',  #6928 ) ;
#5283 = ADVANCED_FACE ( 'NONE', ( #2660 ), #2746, .T. ) ;
#5284 = AXIS2_PLACEMENT_3D ( 'NONE', #6295, #1318, #9118 ) ;
#5285 = LINE ( 'NONE', #8794, #1487 ) ;
#5286 = FACE_OUTER_BOUND ( 'NONE', #5042, .T. ) ;
#5287 = DIRECTION ( 'NONE',  ( -1.085300408096357451E-16, -1.000000000000000000, -0.000000000000000000 ) ) ;
#5288 = LINE ( 'NONE', #2377, #2000 ) ;
#5289 = DIRECTION ( 'NONE',  ( 1.000000000000000000, 0.000000000000000000, 0.000000000000000000 ) ) ;
#5290 = ORIENTED_EDGE ( 'NONE', *, *, #6359, .T. ) ;
#5291 = EDGE_CURVE ( 'NONE', #3920, #1288, #7247, .T. ) ;
#5292 = LINE ( 'NONE', #418, #3848 ) ;
#5293 = DIRECTION ( 'NONE',  ( 0.000000000000000000, 0.000000000000000000, 1.000000000000000000 ) ) ;
#5294 = ORIENTED_EDGE ( 'NONE', *, *, #7642, .F. ) ;
#5295 = EDGE_CURVE ( 'NONE', #3797, #3011, #2391, .T. ) ;
#5296 = DIRECTION ( 'NONE',  ( -1.000000000000000000, 0.000000000000000000, 0.000000000000000000 ) ) ;
#5297 = LINE ( 'NONE', #8160, #5630 ) ;
#5298 = ADVANCED_FACE ( 'NONE', ( #6299 ), #2941, .T. ) ;
#5299 = CARTESIAN_POINT ( 'NONE',  ( 4.900000000000000355, 1.949484536082478625, -5.900000000000000355 ) ) ;
#5300 = CARTESIAN_POINT ( 'NONE',  ( 4.500000000000003553, -5.150515463917521686, -5.300000000000009592 ) ) ;
#5301 = ORIENTED_EDGE ( 'NONE', *, *, #1718, .F. ) ;
#5302 =( REPRESENTATION_RELATIONSHIP ('NONE','NONE', #8033, #8092 ) REPRESENTATION_RELATIONSHIP_WITH_TRANSFORMATION ( #5140 )SHAPE_REPRESENTATION_RELATIONSHIP( ) );
#5303 = ORIENTED_EDGE ( 'NONE', *, *, #4512, .T. ) ;
#5304 = ADVANCED_FACE ( 'NONE', ( #5608 ), #2992, .F. ) ;
#5305 = LINE ( 'NONE', #7422, #1811 ) ;
#5306 = CARTESIAN_POINT ( 'NONE',  ( 4.900000000000000355, 0.4494845360824787361, -7.399999999999999467 ) ) ;
#5307 = PLANE ( 'NONE',  #4600 ) ;
#5308 = AXIS2_PLACEMENT_3D ( 'NONE', #2123, #8450, #4842 ) ;
#5309 = ORIENTED_EDGE ( 'NONE', *, *, #5824, .F. ) ;
#5310 = PLANE ( 'NONE',  #1847 ) ;
#5311 = PRESENTATION_STYLE_ASSIGNMENT (( #3980 ) ) ;
#5312 = EDGE_LOOP ( 'NONE', ( #7861, #5621, #2902, #1949 ) ) ;
#5313 = ADVANCED_FACE ( 'NONE', ( #7175 ), #2283, .T. ) ;
#5314 = AXIS2_PLACEMENT_3D ( 'NONE', #3311, #2004, #6118 ) ;
#5315 = CARTESIAN_POINT ( 'NONE',  ( -4.900000000000001243, -1.550515463917520487, -5.800000000000009592 ) ) ;
#5316 = EDGE_CURVE ( 'NONE', #9020, #8665, #8147, .T. ) ;
#5317 = ORIENTED_EDGE ( 'NONE', *, *, #7980, .T. ) ;
#5318 = DIRECTION ( 'NONE',  ( -0.000000000000000000, -1.000000000000000000, -0.000000000000000000 ) ) ;
#5319 = CARTESIAN_POINT ( 'NONE',  ( 4.500000000000002665, -5.450515463917523284, -4.299999999999999822 ) ) ;
#5320 = CIRCLE ( 'NONE', #475, 3.300000000000000266 ) ;
#5321 = FACE_OUTER_BOUND ( 'NONE', #5483, .T. ) ;
#5322 = FACE_OUTER_BOUND ( 'NONE', #5153, .T. ) ;
#5323 = EDGE_LOOP ( 'NONE', ( #8491, #8611 ) ) ;
#5324 = ORIENTED_EDGE ( 'NONE', *, *, #175, .F. ) ;
#5325 = ORIENTED_EDGE ( 'NONE', *, *, #6412, .F. ) ;
#5326 = ORIENTED_EDGE ( 'NONE', *, *, #7096, .F. ) ;
#5327 = CARTESIAN_POINT ( 'NONE',  ( 2.600000000000000533, 4.049484536082480268, -4.900000000000009237 ) ) ;
#5328 = VECTOR ( 'NONE', #3588, 1000.000000000000000 ) ;
#5329 = EDGE_CURVE ( 'NONE', #4590, #11, #6228, .T. ) ;
#5330 = CIRCLE ( 'NONE', #6354, 4.099999999999999645 ) ;
#5331 = CARTESIAN_POINT ( 'NONE',  ( -1.734723475976807094E-15, 0.4500000000000040079, 2.500000000000000000 ) ) ;
#5332 = DIRECTION ( 'NONE',  ( 0.000000000000000000, 0.000000000000000000, 1.000000000000000000 ) ) ;
#5333 = PLANE ( 'NONE',  #3587 ) ;
#5334 = DIRECTION ( 'NONE',  ( 2.491288438666616105E-16, 1.000000000000000000, 3.260780805318072864E-31 ) ) ;
#5335 = ADVANCED_FACE ( 'NONE', ( #1452 ), #3542, .F. ) ;
#5336 = AXIS2_PLACEMENT_3D ( 'NONE', #1397, #2833, #7025 ) ;
#5337 = CARTESIAN_POINT ( 'NONE',  ( -4.499999999999992895, 6.873989284057756956E-16, -4.300000000000008704 ) ) ;
#5338 = ORIENTED_EDGE ( 'NONE', *, *, #4268, .F. ) ;
#5339 = ORIENTED_EDGE ( 'NONE', *, *, #6221, .F. ) ;
#5340 = PLANE ( 'NONE',  #2363 ) ;
#5341 = DIRECTION ( 'NONE',  ( 0.000000000000000000, 0.000000000000000000, -1.000000000000000000 ) ) ;
#5342 = ORIENTED_EDGE ( 'NONE', *, *, #1573, .T. ) ;
#5343 = VECTOR ( 'NONE', #593, 1000.000000000000000 ) ;
#5344 = DIRECTION ( 'NONE',  ( 0.4226182617407076014, 0.000000000000000000, 0.9063077870366461619 ) ) ;
#5345 = CARTESIAN_POINT ( 'NONE',  ( -2.600000000000000533, 2.849484536082480091, -5.300000000000009592 ) ) ;
#5346 = PRESENTATION_STYLE_ASSIGNMENT (( #6770 ) ) ;
#5347 = EDGE_CURVE ( 'NONE', #4816, #1243, #7865, .T. ) ;
#5348 = CARTESIAN_POINT ( 'NONE',  ( 0.8032336497292296151, 10.20000000000000107, 0.000000000000000000 ) ) ;
#5349 = VECTOR ( 'NONE', #7532, 1000.000000000000000 ) ;
#5350 = EDGE_LOOP ( 'NONE', ( #7920, #2407, #3212, #3891 ) ) ;
#5351 = EDGE_CURVE ( 'NONE', #5127, #5557, #4921, .T. ) ;
#5352 = LINE ( 'NONE', #559, #4004 ) ;
#5353 = LINE ( 'NONE', #7331, #5159 ) ;
#5354 = AXIS2_PLACEMENT_3D ( 'NONE', #429, #5166, #8816 ) ;
#5355 = DIRECTION ( 'NONE',  ( -0.000000000000000000, -1.000000000000000000, -0.000000000000000000 ) ) ;
#5356 = ORIENTED_EDGE ( 'NONE', *, *, #5048, .F. ) ;
#5357 = FACE_OUTER_BOUND ( 'NONE', #9023, .T. ) ;
#5358 = ADVANCED_FACE ( 'NONE', ( #4273 ), #1409, .T. ) ;
#5359 = DIRECTION ( 'NONE',  ( -1.000000000000000000, 2.491288438666616105E-16, 0.000000000000000000 ) ) ;
#5360 = ORIENTED_EDGE ( 'NONE', *, *, #7814, .T. ) ;
#5361 = ORIENTED_EDGE ( 'NONE', *, *, #7730, .T. ) ;
#5362 = EDGE_CURVE ( 'NONE', #2224, #725, #773, .T. ) ;
#5363 = CARTESIAN_POINT ( 'NONE',  ( -2.100000000000000089, -6.699999999999999289, -1.349999999999999867 ) ) ;
#5364 = LINE ( 'NONE', #8175, #9014 ) ;
#5365 = ADVANCED_FACE ( 'NONE', ( #720 ), #859, .F. ) ;
#5366 = LINE ( 'NONE', #6544, #2255 ) ;
#5367 = LINE ( 'NONE', #7346, #5884 ) ;
#5368 = CARTESIAN_POINT ( 'NONE',  ( 4.900000000000000355, 1.449484536082478847, -5.800000000000000711 ) ) ;
#5369 = ORIENTED_EDGE ( 'NONE', *, *, #8536, .F. ) ;
#5370 = ORIENTED_EDGE ( 'NONE', *, *, #5, .F. ) ;
#5371 = VERTEX_POINT ( 'NONE', #2846 ) ;
#5372 = CARTESIAN_POINT ( 'NONE',  ( 0.000000000000000000, -0.5505154639175203757, 1.400000000000000577 ) ) ;
#5373 = ORIENTED_EDGE ( 'NONE', *, *, #3113, .F. ) ;
#5374 = LINE ( 'NONE', #8188, #1061 ) ;
#5375 = DIRECTION ( 'NONE',  ( -1.000000000000000000, 0.000000000000000000, 1.618212197739559129E-16 ) ) ;
#5376 = LINE ( 'NONE', #7486, #6729 ) ;
#5377 = EDGE_CURVE ( 'NONE', #2709, #4833, #5655, .T. ) ;
#5378 = DIRECTION ( 'NONE',  ( -1.000000000000000000, -8.850629979473506011E-17, 0.000000000000000000 ) ) ;
#5379 = VERTEX_POINT ( 'NONE', #84 ) ;
#5380 = ORIENTED_EDGE ( 'NONE', *, *, #221, .T. ) ;
#5381 = PLANE ( 'NONE',  #8115 ) ;
#5382 = DIRECTION ( 'NONE',  ( 0.000000000000000000, 1.000000000000000000, 0.000000000000000000 ) ) ;
#5383 = ORIENTED_EDGE ( 'NONE', *, *, #2562, .T. ) ;
#5384 = SURFACE_STYLE_USAGE ( .BOTH. , #1917 ) ;
#5385 = FACE_OUTER_BOUND ( 'NONE', #5078, .T. ) ;
#5386 = DIRECTION ( 'NONE',  ( 0.000000000000000000, 0.000000000000000000, -1.000000000000000000 ) ) ;
#5387 = VECTOR ( 'NONE', #7967, 1000.000000000000000 ) ;
#5388 = CARTESIAN_POINT ( 'NONE',  ( 1.479999999999999982, 11.50000000000000000, 0.6999999999999998446 ) ) ;
#5389 = LINE ( 'NONE', #5348, #112 ) ;
#5390 = ORIENTED_EDGE ( 'NONE', *, *, #8872, .F. ) ;
#5391 = ORIENTED_EDGE ( 'NONE', *, *, #341, .F. ) ;
#5392 =( GEOMETRIC_REPRESENTATION_CONTEXT ( 3 ) GLOBAL_UNCERTAINTY_ASSIGNED_CONTEXT ( ( #8628 ) ) GLOBAL_UNIT_ASSIGNED_CONTEXT ( ( #7275, #3091, #6084 ) ) REPRESENTATION_CONTEXT ( 'NONE', 'WORKASPACE' ) );
#5393 = DIRECTION ( 'NONE',  ( -1.495451272393799049E-16, -1.000000000000000000, 0.000000000000000000 ) ) ;
#5394 = EDGE_CURVE ( 'NONE', #4700, #8425, #2893, .T. ) ;
#5395 = CYLINDRICAL_SURFACE ( 'NONE', #7806, 0.6750000000000002665 ) ;
#5396 = LINE ( 'NONE', #7001, #5922 ) ;
#5397 = ADVANCED_FACE ( 'NONE', ( #5015 ), #1502, .F. ) ;
#5398 = VERTEX_POINT ( 'NONE', #997 ) ;
#5399 = DIRECTION ( 'NONE',  ( 0.000000000000000000, -1.000000000000000000, 0.000000000000000000 ) ) ;
#5400 = ORIENTED_EDGE ( 'NONE', *, *, #8784, .F. ) ;
#5401 = ADVANCED_FACE ( 'NONE', ( #7216 ), #8797, .T. ) ;
#5402 = DIRECTION ( 'NONE',  ( 0.000000000000000000, 0.000000000000000000, -1.000000000000000000 ) ) ;
#5403 = VECTOR ( 'NONE', #6844, 1000.000000000000000 ) ;
#5404 = VERTEX_POINT ( 'NONE', #1685 ) ;
#5405 = DIRECTION ( 'NONE',  ( 1.000000000000000000, 8.850629979473506011E-17, 0.000000000000000000 ) ) ;
#5406 = EDGE_CURVE ( 'NONE', #4438, #765, #1805, .T. ) ;
#5407 = EDGE_LOOP ( 'NONE', ( #3851, #1114, #2057, #5702, #1870 ) ) ;
#5408 = DIRECTION ( 'NONE',  ( -0.000000000000000000, -0.000000000000000000, -1.000000000000000000 ) ) ;
#5409 = VECTOR ( 'NONE', #2084, 1000.000000000000000 ) ;
#5410 = LINE ( 'NONE', #3944, #2403 ) ;
#5411 = EDGE_CURVE ( 'NONE', #3743, #1507, #2327, .T. ) ;
#5412 = CARTESIAN_POINT ( 'NONE',  ( 4.500000000000002665, 2.449484536082478847, -5.900000000000000355 ) ) ;
#5413 = CARTESIAN_POINT ( 'NONE',  ( 4.500000000000002665, -2.550515463917521597, 0.000000000000000000 ) ) ;
#5414 = ORIENTED_EDGE ( 'NONE', *, *, #8914, .T. ) ;
#5415 = ORIENTED_EDGE ( 'NONE', *, *, #361, .T. ) ;
#5416 = VECTOR ( 'NONE', #355, 1000.000000000000000 ) ;
#5417 = ORIENTED_EDGE ( 'NONE', *, *, #7319, .F. ) ;
#5418 = DIRECTION ( 'NONE',  ( 0.000000000000000000, 0.000000000000000000, 1.000000000000000000 ) ) ;
#5419 = EDGE_CURVE ( 'NONE', #753, #5943, #1638, .T. ) ;
#5420 = ORIENTED_EDGE ( 'NONE', *, *, #785, .T. ) ;
#5421 = CARTESIAN_POINT ( 'NONE',  ( 2.999999999999998224, -3.750000000000000000, 5.599999999999999645 ) ) ;
#5422 = DIRECTION ( 'NONE',  ( -2.154044051295704582E-16, -0.000000000000000000, -1.000000000000000000 ) ) ;
#5423 = DIRECTION ( 'NONE',  ( 0.000000000000000000, 0.000000000000000000, 1.000000000000000000 ) ) ;
#5424 =( NAMED_UNIT ( * ) PLANE_ANGLE_UNIT ( ) SI_UNIT ( $, .RADIAN. ) );
#5425 = ORIENTED_EDGE ( 'NONE', *, *, #6972, .F. ) ;
#5426 = EDGE_LOOP ( 'NONE', ( #714, #1722, #4357, #8956 ) ) ;
#5427 = DIRECTION ( 'NONE',  ( 1.232047923278982446E-16, 0.000000000000000000, -1.000000000000000000 ) ) ;
#5428 = LINE ( 'NONE', #8848, #2797 ) ;
#5429 = EDGE_CURVE ( 'NONE', #1815, #5112, #498, .T. ) ;
#5430 = PLANE ( 'NONE',  #1478 ) ;
#5431 = DIRECTION ( 'NONE',  ( 0.000000000000000000, 0.000000000000000000, 1.000000000000000000 ) ) ;
#5432 = DIRECTION ( 'NONE',  ( 0.000000000000000000, 0.000000000000000000, 1.000000000000000000 ) ) ;
#5433 = CIRCLE ( 'NONE', #4840, 1.200000000000011502 ) ;
#5434 = CARTESIAN_POINT ( 'NONE',  ( -4.899999999999989697, 1.949484536082480179, -5.900000000000010125 ) ) ;
#5435 = FACE_OUTER_BOUND ( 'NONE', #5971, .T. ) ;
#5436 = VERTEX_POINT ( 'NONE', #5838 ) ;
#5437 = VERTEX_POINT ( 'NONE', #1592 ) ;
#5438 = ORIENTED_EDGE ( 'NONE', *, *, #3228, .F. ) ;
#5439 = AXIS2_PLACEMENT_3D ( 'NONE', #6658, #3945, #7395 ) ;
#5440 = CARTESIAN_POINT ( 'NONE',  ( 0.000000000000000000, 10.90000000000000036, 0.000000000000000000 ) ) ;
#5441 = EDGE_LOOP ( 'NONE', ( #1926, #1832, #1373, #6093 ) ) ;
#5442 = EDGE_CURVE ( 'NONE', #1960, #8308, #1092, .T. ) ;
#5443 = CARTESIAN_POINT ( 'NONE',  ( 0.000000000000000000, 10.90000000000000036, 0.5999999999999998668 ) ) ;
#5444 = CARTESIAN_POINT ( 'NONE',  ( 4.500000000000002665, -3.540251991789402774E-17, -4.299999999999999822 ) ) ;
#5445 = EDGE_LOOP ( 'NONE', ( #1845, #1393, #7051, #2851, #1173 ) ) ;
#5446 = CARTESIAN_POINT ( 'NONE',  ( 2.291287847475519168, 1.198975551405447879E-13, 1.000000000000116129 ) ) ;
#5447 = VECTOR ( 'NONE', #1211, 1000.000000000000000 ) ;
#5448 = DIRECTION ( 'NONE',  ( 0.000000000000000000, 0.000000000000000000, 1.000000000000000000 ) ) ;
#5449 = EDGE_LOOP ( 'NONE', ( #6026, #6512, #6748, #7294 ) ) ;
#5450 = CARTESIAN_POINT ( 'NONE',  ( 0.000000000000000000, 11.70000000000000462, 0.000000000000000000 ) ) ;
#5451 = VECTOR ( 'NONE', #3526, 1000.000000000000000 ) ;
#5452 = DIRECTION ( 'NONE',  ( 1.000000000000000000, 0.000000000000000000, 0.000000000000000000 ) ) ;
#5453 = DIRECTION ( 'NONE',  ( -1.000000000000000000, 0.000000000000000000, 0.000000000000000000 ) ) ;
#5454 = DIRECTION ( 'NONE',  ( -1.000000000000000000, 0.000000000000000000, 0.000000000000000000 ) ) ;
#5455 = CARTESIAN_POINT ( 'NONE',  ( -1.734723475976807094E-15, 0.4500000000000040079, 2.100000000000000089 ) ) ;
#5456 = EDGE_CURVE ( 'NONE', #752, #5379, #3219, .T. ) ;
#5457 = VECTOR ( 'NONE', #2865, 1000.000000000000000 ) ;
#5458 = CIRCLE ( 'NONE', #8713, 3.300000000000000266 ) ;
#5459 = ORIENTED_EDGE ( 'NONE', *, *, #8809, .T. ) ;
#5460 = VERTEX_POINT ( 'NONE', #5146 ) ;
#5461 = DIRECTION ( 'NONE',  ( -0.000000000000000000, -1.000000000000000000, -0.000000000000000000 ) ) ;
#5462 = ORIENTED_EDGE ( 'NONE', *, *, #387, .T. ) ;
#5463 = ADVANCED_FACE ( 'NONE', ( #4411 ), #5785, .T. ) ;
#5464 = CIRCLE ( 'NONE', #474, 1.199999999999963762 ) ;
#5465 = CIRCLE ( 'NONE', #8122, 3.500000000000000000 ) ;
#5466 = CYLINDRICAL_SURFACE ( 'NONE', #7241, 4.099999999999999645 ) ;
#5467 = CARTESIAN_POINT ( 'NONE',  ( -1.479999999999999982, 11.70000000000000462, 0.8499999999999999778 ) ) ;
#5468 = DIRECTION ( 'NONE',  ( 0.000000000000000000, 0.000000000000000000, 1.000000000000000000 ) ) ;
#5469 = EDGE_CURVE ( 'NONE', #3010, #8139, #348, .T. ) ;
#5470 = VERTEX_POINT ( 'NONE', #7263 ) ;
#5471 = AXIS2_PLACEMENT_3D ( 'NONE', #5238, #1588, #6484 ) ;
#5472 = AXIS2_PLACEMENT_3D ( 'NONE', #3827, #5293, #227 ) ;
#5473 = ORIENTED_EDGE ( 'NONE', *, *, #6362, .F. ) ;
#5474 = CARTESIAN_POINT ( 'NONE',  ( 3.000000000000000000, -4.750515463917523107, 0.4000000000000000222 ) ) ;
#5475 = CARTESIAN_POINT ( 'NONE',  ( 4.900000000000000355, 4.349484536082479202, 0.4000000000000000222 ) ) ;
#5476 = DIRECTION ( 'NONE',  ( -1.000000000000000000, 0.000000000000000000, 0.000000000000000000 ) ) ;
#5477 = CIRCLE ( 'NONE', #2987, 0.6500000000000000222 ) ;
#5478 = DIRECTION ( 'NONE',  ( 0.000000000000000000, -1.000000000000000000, 0.000000000000000000 ) ) ;
#5479 = CARTESIAN_POINT ( 'NONE',  ( 3.206271600917503850, -0.5505154639175213749, -8.171628500994101429 ) ) ;
#5480 = CARTESIAN_POINT ( 'NONE',  ( 4.500000000000002665, 0.4494845360824782921, -7.550000000000000711 ) ) ;
#5481 = EDGE_CURVE ( 'NONE', #889, #1889, #786, .T. ) ;
#5482 = CARTESIAN_POINT ( 'NONE',  ( 0.7500000000000001110, -6.400000000000000355, 1.000000000000000000 ) ) ;
#5483 = EDGE_LOOP ( 'NONE', ( #6716, #1214, #6726, #7768 ) ) ;
#5484 = ORIENTED_EDGE ( 'NONE', *, *, #2704, .T. ) ;
#5485 = VECTOR ( 'NONE', #3832, 1000.000000000000000 ) ;
#5486 = CARTESIAN_POINT ( 'NONE',  ( 3.399999999999998579, 0.000000000000000000, 0.000000000000000000 ) ) ;
#5487 = VERTEX_POINT ( 'NONE', #6569 ) ;
#5488 = PLANE ( 'NONE',  #1913 ) ;
#5489 = DIRECTION ( 'NONE',  ( 0.000000000000000000, 0.000000000000000000, -1.000000000000000000 ) ) ;
#5490 = ORIENTED_EDGE ( 'NONE', *, *, #5144, .T. ) ;
#5491 = CARTESIAN_POINT ( 'NONE',  ( -4.499999999999986677, 2.849484536082480091, -6.800000000000009592 ) ) ;
#5492 = AXIS2_PLACEMENT_3D ( 'NONE', #814, #4548, #2512 ) ;
#5493 = EDGE_CURVE ( 'NONE', #6836, #2552, #7550, .T. ) ;
#5494 = CARTESIAN_POINT ( 'NONE',  ( 0.7499999999999997780, -5.549999999999999822, 1.000000000000000000 ) ) ;
#5495 = EDGE_CURVE ( 'NONE', #5398, #2459, #3293, .T. ) ;
#5496 = ORIENTED_EDGE ( 'NONE', *, *, #8630, .F. ) ;
#5497 = ORIENTED_EDGE ( 'NONE', *, *, #8118, .T. ) ;
#5498 = AXIS2_PLACEMENT_3D ( 'NONE', #6008, #3248, #2498 ) ;
#5499 = DIRECTION ( 'NONE',  ( 0.000000000000000000, 0.000000000000000000, -1.000000000000000000 ) ) ;
#5500 = DIRECTION ( 'NONE',  ( 0.000000000000000000, 1.000000000000000000, 0.000000000000000000 ) ) ;
#5501 = CARTESIAN_POINT ( 'NONE',  ( -0.7500000000000000000, -6.400000000000000355, 1.000000000000000000 ) ) ;
#5502 = LINE ( 'NONE', #8925, #1724 ) ;
#5503 = ORIENTED_EDGE ( 'NONE', *, *, #7730, .F. ) ;
#5504 = ORIENTED_EDGE ( 'NONE', *, *, #4784, .T. ) ;
#5505 = CARTESIAN_POINT ( 'NONE',  ( -3.250000000000001332, -6.699999999999999289, -1.349999999999999867 ) ) ;
#5506 = ADVANCED_FACE ( 'NONE', ( #8100 ), #3869, .T. ) ;
#5507 = LINE ( 'NONE', #4773, #2102 ) ;
#5508 = LINE ( 'NONE', #7533, #8207 ) ;
#5509 = EDGE_CURVE ( 'NONE', #7732, #4404, #5976, .T. ) ;
#5510 =( LENGTH_UNIT ( ) NAMED_UNIT ( * ) SI_UNIT ( .MILLI., .METRE. ) );
#5511 = ORIENTED_EDGE ( 'NONE', *, *, #5295, .F. ) ;
#5512 = VERTEX_POINT ( 'NONE', #6619 ) ;
#5513 = PLANE ( 'NONE',  #5134 ) ;
#5514 = PLANE ( 'NONE',  #9003 ) ;
#5515 = EDGE_CURVE ( 'NONE', #5512, #2177, #318, .T. ) ;
#5516 = CARTESIAN_POINT ( 'NONE',  ( -3.000000000000001776, -3.750000000000000000, 5.599999999999999645 ) ) ;
#5517 = FACE_OUTER_BOUND ( 'NONE', #5033, .T. ) ;
#5518 = LINE ( 'NONE', #3315, #6514 ) ;
#5519 = DIRECTION ( 'NONE',  ( 1.000000000000000000, -2.491288438666616105E-16, 1.931541112668179645E-15 ) ) ;
#5520 = ADVANCED_FACE ( 'NONE', ( #5937 ), #8056, .F. ) ;
#5521 = PLANE ( 'NONE',  #541 ) ;
#5522 = ORIENTED_EDGE ( 'NONE', *, *, #1954, .T. ) ;
#5523 = ORIENTED_EDGE ( 'NONE', *, *, #8872, .T. ) ;
#5524 = CARTESIAN_POINT ( 'NONE',  ( -3.675000000000000266, -4.750515463917523107, 0.000000000000000000 ) ) ;
#5525 = ORIENTED_EDGE ( 'NONE', *, *, #8891, .T. ) ;
#5526 = EDGE_CURVE ( 'NONE', #1619, #4946, #6158, .T. ) ;
#5527 = CARTESIAN_POINT ( 'NONE',  ( 4.500000000000001776, -5.450515463917523284, 0.4000000000000086819 ) ) ;
#5528 = VECTOR ( 'NONE', #1637, 1000.000000000000000 ) ;
#5529 = LINE ( 'NONE', #8350, #9022 ) ;
#5530 = ORIENTED_EDGE ( 'NONE', *, *, #6305, .F. ) ;
#5531 = CARTESIAN_POINT ( 'NONE',  ( -4.488138397514202182, -0.5505154639175205977, -10.01000000000000867 ) ) ;
#5532 = DIRECTION ( 'NONE',  ( 1.971276677246371519E-16, -1.000000000000000000, 0.000000000000000000 ) ) ;
#5533 = VERTEX_POINT ( 'NONE', #453 ) ;
#5534 = VECTOR ( 'NONE', #5710, 1000.000000000000114 ) ;
#5535 = DIRECTION ( 'NONE',  ( -8.850629979473506011E-17, 1.000000000000000000, 0.000000000000000000 ) ) ;
#5536 = DIRECTION ( 'NONE',  ( -0.000000000000000000, -1.000000000000000000, -0.000000000000000000 ) ) ;
#5537 = ADVANCED_FACE ( 'NONE', ( #7485 ), #5333, .F. ) ;
#5538 = VECTOR ( 'NONE', #8993, 1000.000000000000114 ) ;
#5539 = AXIS2_PLACEMENT_3D ( 'NONE', #1324, #8298, #7634 ) ;
#5540 = DIRECTION ( 'NONE',  ( 0.000000000000000000, 1.734723475976806848E-16, -1.000000000000000000 ) ) ;
#5541 = CARTESIAN_POINT ( 'NONE',  ( 0.000000000000000000, 10.90000000000000036, -0.5047000102205828620 ) ) ;
#5542 = DIRECTION ( 'NONE',  ( 0.000000000000000000, 1.000000000000000000, 0.000000000000000000 ) ) ;
#5543 = ORIENTED_EDGE ( 'NONE', *, *, #4907, .T. ) ;
#5544 = ORIENTED_EDGE ( 'NONE', *, *, #3854, .T. ) ;
#5545 = ORIENTED_EDGE ( 'NONE', *, *, #3773, .F. ) ;
#5546 =( GEOMETRIC_REPRESENTATION_CONTEXT ( 3 ) GLOBAL_UNCERTAINTY_ASSIGNED_CONTEXT ( ( #4380 ) ) GLOBAL_UNIT_ASSIGNED_CONTEXT ( ( #2186, #6480, #5648 ) ) REPRESENTATION_CONTEXT ( 'NONE', 'WORKASPACE' ) );
#5547 = AXIS2_PLACEMENT_3D ( 'NONE', #3119, #2413, #6563 ) ;
#5548 = LINE ( 'NONE', #8369, #5598 ) ;
#5549 = ORIENTED_EDGE ( 'NONE', *, *, #7323, .F. ) ;
#5550 = EDGE_CURVE ( 'NONE', #4634, #7283, #4684, .T. ) ;
#5551 = CARTESIAN_POINT ( 'NONE',  ( 0.6700000000000001510, 11.70000000000000462, -0.6000000000000000888 ) ) ;
#5552 = DIRECTION ( 'NONE',  ( -1.000000000000000000, 0.000000000000000000, 0.000000000000000000 ) ) ;
#5553 = AXIS2_PLACEMENT_3D ( 'NONE', #4161, #1526, #4344 ) ;
#5554 = DIRECTION ( 'NONE',  ( -1.000000000000000000, 1.495451272393799049E-16, 0.000000000000000000 ) ) ;
#5555 = EDGE_CURVE ( 'NONE', #5669, #3479, #8933, .T. ) ;
#5556 = VERTEX_POINT ( 'NONE', #1861 ) ;
#5557 = VERTEX_POINT ( 'NONE', #539 ) ;
#5558 = FACE_OUTER_BOUND ( 'NONE', #8949, .T. ) ;
#5559 = DIRECTION ( 'NONE',  ( 0.000000000000000000, 0.000000000000000000, 1.000000000000000000 ) ) ;
#5560 = ADVANCED_FACE ( 'NONE', ( #3261 ), #6891, .T. ) ;
#5561 = DIRECTION ( 'NONE',  ( 0.000000000000000000, 0.000000000000000000, 1.000000000000000000 ) ) ;
#5562 = CARTESIAN_POINT ( 'NONE',  ( -4.500000000000003553, -5.950515463917520620, 0.4000000000000000222 ) ) ;
#5563 = DIRECTION ( 'NONE',  ( -1.000000000000000000, -1.121588454295349533E-16, -0.000000000000000000 ) ) ;
#5564 = DIRECTION ( 'NONE',  ( 0.000000000000000000, -1.000000000000000000, 0.000000000000000000 ) ) ;
#5565 = CARTESIAN_POINT ( 'NONE',  ( -1.342230922150143391, 8.900000000000000355, -3.014700010220582538 ) ) ;
#5566 = FACE_OUTER_BOUND ( 'NONE', #6804, .T. ) ;
#5567 = EDGE_CURVE ( 'NONE', #1656, #2445, #8189, .T. ) ;
#5568 = ORIENTED_EDGE ( 'NONE', *, *, #5824, .T. ) ;
#5569 = ORIENTED_EDGE ( 'NONE', *, *, #7074, .T. ) ;
#5570 = CARTESIAN_POINT ( 'NONE',  ( 4.500000000000003553, -3.950515463917520620, -4.900000000000010125 ) ) ;
#5571 = VERTEX_POINT ( 'NONE', #9026 ) ;
#5572 = VECTOR ( 'NONE', #7813, 1000.000000000000000 ) ;
#5573 = EDGE_CURVE ( 'NONE', #338, #7400, #1230, .T. ) ;
#5574 = CARTESIAN_POINT ( 'NONE',  ( 4.500000000000002665, -7.582039682415637141E-16, 8.691935007006808402E-15 ) ) ;
#5575 = CYLINDRICAL_SURFACE ( 'NONE', #766, 0.3500000000000000333 ) ;
#5576 = ORIENTED_EDGE ( 'NONE', *, *, #5515, .T. ) ;
#5577 = CARTESIAN_POINT ( 'NONE',  ( -4.900000000000001243, -3.550515463917520709, -4.300000000000009592 ) ) ;
#5578 = DIRECTION ( 'NONE',  ( -0.000000000000000000, -1.000000000000000000, -0.000000000000000000 ) ) ;
#5579 = EDGE_CURVE ( 'NONE', #3993, #2313, #2648, .T. ) ;
#5580 = AXIS2_PLACEMENT_3D ( 'NONE', #278, #3089, #2386 ) ;
#5581 = ORIENTED_EDGE ( 'NONE', *, *, #6587, .F. ) ;
#5582 = CARTESIAN_POINT ( 'NONE',  ( -0.6700000000000000400, 10.90000000000000036, 0.6000000000000000888 ) ) ;
#5583 = LINE ( 'NONE', #4113, #6631 ) ;
#5584 = VECTOR ( 'NONE', #5402, 1000.000000000000000 ) ;
#5585 = DIRECTION ( 'NONE',  ( -1.931541112668179251E-15, 0.000000000000000000, 1.000000000000000000 ) ) ;
#5586 = CARTESIAN_POINT ( 'NONE',  ( 4.500000000000002665, 2.449484536082478847, -4.299999999999999822 ) ) ;
#5587 = CARTESIAN_POINT ( 'NONE',  ( 2.100000000000000089, -6.700000000000000178, -5.750000000000000000 ) ) ;
#5588 = ORIENTED_EDGE ( 'NONE', *, *, #3214, .T. ) ;
#5589 = ORIENTED_EDGE ( 'NONE', *, *, #3545, .T. ) ;
#5590 =( GEOMETRIC_REPRESENTATION_CONTEXT ( 3 ) GLOBAL_UNCERTAINTY_ASSIGNED_CONTEXT ( ( #8235 ) ) GLOBAL_UNIT_ASSIGNED_CONTEXT ( ( #4026, #651, #2022 ) ) REPRESENTATION_CONTEXT ( 'NONE', 'WORKASPACE' ) );
#5591 = ORIENTED_EDGE ( 'NONE', *, *, #8229, .T. ) ;
#5592 = DIRECTION ( 'NONE',  ( -1.000000000000000000, 0.000000000000000000, 0.000000000000000000 ) ) ;
#5593 = VERTEX_POINT ( 'NONE', #8233 ) ;
#5594 = LINE ( 'NONE', #4908, #2082 ) ;
#5595 = DIRECTION ( 'NONE',  ( -1.000000000000000000, 0.000000000000000000, 0.000000000000000000 ) ) ;
#5596 = VECTOR ( 'NONE', #8465, 1000.000000000000000 ) ;
#5597 = FACE_BOUND ( 'NONE', #7869, .T. ) ;
#5598 = VECTOR ( 'NONE', #2037, 1000.000000000000000 ) ;
#5599 = DIRECTION ( 'NONE',  ( 0.000000000000000000, 1.734723475976806848E-16, -1.000000000000000000 ) ) ;
#5600 = ORIENTED_EDGE ( 'NONE', *, *, #8028, .T. ) ;
#5601 = ADVANCED_FACE ( 'NONE', ( #9067 ), #8889, .T. ) ;
#5602 = CARTESIAN_POINT ( 'NONE',  ( -4.499999999999986677, -1.550515463917520709, -7.550000000000007816 ) ) ;
#5603 = VECTOR ( 'NONE', #7747, 1000.000000000000000 ) ;
#5604 = VECTOR ( 'NONE', #589, 1000.000000000000000 ) ;
#5605 = LINE ( 'NONE', #3496, #5328 ) ;
#5606 = CARTESIAN_POINT ( 'NONE',  ( 3.649999999999998135, -3.750000000000000000, 5.599999999999999645 ) ) ;
#5607 = DIRECTION ( 'NONE',  ( 1.000000000000000000, -2.491288438666616105E-16, 0.000000000000000000 ) ) ;
#5608 = FACE_OUTER_BOUND ( 'NONE', #5019, .T. ) ;
#5609 = DIRECTION ( 'NONE',  ( -1.000000000000000000, 0.000000000000000000, -1.251002506714043540E-16 ) ) ;
#5610 = AXIS2_PLACEMENT_3D ( 'NONE', #5574, #4021, #8910 ) ;
#5611 = VECTOR ( 'NONE', #8108, 1000.000000000000000 ) ;
#5612 = DIRECTION ( 'NONE',  ( 0.000000000000000000, -1.000000000000000000, 0.000000000000000000 ) ) ;
#5613 = ORIENTED_EDGE ( 'NONE', *, *, #5239, .T. ) ;
#5614 = DIRECTION ( 'NONE',  ( 0.7071067811865441310, 0.7071067811865507924, 0.000000000000000000 ) ) ;
#5615 = ORIENTED_EDGE ( 'NONE', *, *, #3322, .F. ) ;
#5616 = AXIS2_PLACEMENT_3D ( 'NONE', #7817, #7863, #4322 ) ;
#5617 = AXIS2_PLACEMENT_3D ( 'NONE', #7453, #6558, #5685 ) ;
#5618 = LINE ( 'NONE', #187, #9009 ) ;
#5619 = EDGE_CURVE ( 'NONE', #4480, #9085, #5507, .T. ) ;
#5620 = CARTESIAN_POINT ( 'NONE',  ( -2.899999999999999911, -6.700000000000000178, -4.928191693115928797E-17 ) ) ;
#5621 = ORIENTED_EDGE ( 'NONE', *, *, #5634, .T. ) ;
#5622 = DIRECTION ( 'NONE',  ( 0.000000000000000000, 3.469446951953613696E-16, 1.000000000000000000 ) ) ;
#5623 = DIRECTION ( 'NONE',  ( 0.000000000000000000, 0.000000000000000000, 1.000000000000000000 ) ) ;
#5624 = AXIS2_PLACEMENT_3D ( 'NONE', #8511, #2182, #5001 ) ;
#5625 = ADVANCED_FACE ( 'NONE', ( #8149 ), #582, .F. ) ;
#5626 = ORIENTED_EDGE ( 'NONE', *, *, #1803, .F. ) ;
#5627 = DIRECTION ( 'NONE',  ( 0.000000000000000000, -1.000000000000000000, 0.000000000000000000 ) ) ;
#5628 = CYLINDRICAL_SURFACE ( 'NONE', #7659, 0.6000000000000001998 ) ;
#5629 = ADVANCED_FACE ( 'NONE', ( #6801 ), #499, .F. ) ;
#5630 = VECTOR ( 'NONE', #5896, 1000.000000000000000 ) ;
#5631 = CARTESIAN_POINT ( 'NONE',  ( -4.500000000000002665, -1.550515463917520709, -8.691935007006808402E-15 ) ) ;
#5632 = FACE_OUTER_BOUND ( 'NONE', #5178, .T. ) ;
#5633 = CARTESIAN_POINT ( 'NONE',  ( -1.900000000000001910, 0.000000000000000000, 0.000000000000000000 ) ) ;
#5634 = EDGE_CURVE ( 'NONE', #5958, #7283, #6202, .T. ) ;
#5635 = EDGE_LOOP ( 'NONE', ( #3346, #8835, #4485, #1375 ) ) ;
#5636 = ORIENTED_EDGE ( 'NONE', *, *, #2699, .F. ) ;
#5637 = ORIENTED_EDGE ( 'NONE', *, *, #1060, .F. ) ;
#5638 = VECTOR ( 'NONE', #6112, 1000.000000000000000 ) ;
#5639 = ORIENTED_EDGE ( 'NONE', *, *, #59, .F. ) ;
#5640 = CARTESIAN_POINT ( 'NONE',  ( 4.500000000000001776, -5.950515463917520620, 0.4000000000000021871 ) ) ;
#5641 = FACE_OUTER_BOUND ( 'NONE', #6012, .T. ) ;
#5642 = EDGE_CURVE ( 'NONE', #8168, #1667, #7619, .T. ) ;
#5643 = DIRECTION ( 'NONE',  ( 1.000000000000000000, -1.121588454295349533E-16, 0.000000000000000000 ) ) ;
#5644 = VECTOR ( 'NONE', #8422, 1000.000000000000000 ) ;
#5645 = ADVANCED_FACE ( 'NONE', ( #3353 ), #1996, .T. ) ;
#5646 = CARTESIAN_POINT ( 'NONE',  ( 0.000000000000000000, -6.400000000000000355, 0.000000000000000000 ) ) ;
#5647 = DIRECTION ( 'NONE',  ( 0.000000000000000000, 0.000000000000000000, 1.000000000000000000 ) ) ;
#5648 =( NAMED_UNIT ( * ) SI_UNIT ( $, .STERADIAN. ) SOLID_ANGLE_UNIT ( ) );
#5649 = ORIENTED_EDGE ( 'NONE', *, *, #1590, .F. ) ;
#5650 = EDGE_LOOP ( 'NONE', ( #2622, #5845, #1904, #8181 ) ) ;
#5651 = CARTESIAN_POINT ( 'NONE',  ( 4.064678695506496631, 0.4494845360824756830, -10.91811226151246039 ) ) ;
#5652 = PLANE ( 'NONE',  #8427 ) ;
#5653 = ADVANCED_FACE ( 'NONE', ( #1491 ), #1535, .F. ) ;
#5654 = CARTESIAN_POINT ( 'NONE',  ( 3.599999999999999645, -5.949999999999999289, 0.000000000000000000 ) ) ;
#5655 = LINE ( 'NONE', #2149, #6377 ) ;
#5656 = FACE_OUTER_BOUND ( 'NONE', #2886, .T. ) ;
#5657 = LINE ( 'NONE', #1548, #6720 ) ;
#5658 = VERTEX_POINT ( 'NONE', #6981 ) ;
#5659 = LINE ( 'NONE', #7133, #760 ) ;
#5660 = ORIENTED_EDGE ( 'NONE', *, *, #1128, .F. ) ;
#5661 = DIRECTION ( 'NONE',  ( 0.000000000000000000, 0.000000000000000000, 1.000000000000000000 ) ) ;
#5662 = DIRECTION ( 'NONE',  ( -1.000000000000000000, 2.168404344971008079E-15, 0.000000000000000000 ) ) ;
#5663 = EDGE_LOOP ( 'NONE', ( #3492, #5773, #7116, #7288, #69, #5190, #9007, #2516 ) ) ;
#5664 = AXIS2_PLACEMENT_3D ( 'NONE', #3967, #592, #6768 ) ;
#5665 = FACE_OUTER_BOUND ( 'NONE', #3572, .T. ) ;
#5666 = DIRECTION ( 'NONE',  ( -1.000000000000000000, 0.000000000000000000, 0.000000000000000000 ) ) ;
#5667 = VERTEX_POINT ( 'NONE', #2835 ) ;
#5668 = EDGE_CURVE ( 'NONE', #4700, #3200, #9035, .T. ) ;
#5669 = VERTEX_POINT ( 'NONE', #2142 ) ;
#5670 = CARTESIAN_POINT ( 'NONE',  ( 4.500000000000002665, 1.349484536082478980, 0.000000000000000000 ) ) ;
#5671 = VECTOR ( 'NONE', #5816, 1000.000000000000000 ) ;
#5672 = DIRECTION ( 'NONE',  ( 0.000000000000000000, 0.000000000000000000, -1.000000000000000000 ) ) ;
#5673 = ORIENTED_EDGE ( 'NONE', *, *, #451, .T. ) ;
#5674 = CARTESIAN_POINT ( 'NONE',  ( 0.000000000000000000, 13.19999999998344720, 0.000000000000000000 ) ) ;
#5675 = DIRECTION ( 'NONE',  ( 0.000000000000000000, 0.000000000000000000, -1.000000000000000000 ) ) ;
#5676 = CIRCLE ( 'NONE', #6714, 0.3999999999999993006 ) ;
#5677 = CARTESIAN_POINT ( 'NONE',  ( 3.499999999999998224, 0.4500000000000040079, 1.800000000000000488 ) ) ;
#5678 = ORIENTED_EDGE ( 'NONE', *, *, #2343, .F. ) ;
#5679 = ORIENTED_EDGE ( 'NONE', *, *, #2890, .F. ) ;
#5680 = EDGE_LOOP ( 'NONE', ( #1574, #3662, #7849, #3828, #8197 ) ) ;
#5681 = ADVANCED_FACE ( 'NONE', ( #3580 ), #4316, .T. ) ;
#5682 = ORIENTED_EDGE ( 'NONE', *, *, #3818, .F. ) ;
#5683 = LINE ( 'NONE', #1307, #5451 ) ;
#5684 = AXIS2_PLACEMENT_3D ( 'NONE', #3232, #7325, #2478 ) ;
#5685 = DIRECTION ( 'NONE',  ( 0.000000000000000000, -1.355252715606879803E-16, -1.000000000000000000 ) ) ;
#5686 = AXIS2_PLACEMENT_3D ( 'NONE', #2243, #1411, #8476 ) ;
#5687 = FACE_BOUND ( 'NONE', #2300, .T. ) ;
#5688 = DIRECTION ( 'NONE',  ( 0.000000000000000000, -1.000000000000000000, 0.000000000000000000 ) ) ;
#5689 = LINE ( 'NONE', #2185, #2156 ) ;
#5690 = DIRECTION ( 'NONE',  ( 1.000000000000000000, 0.000000000000000000, 0.000000000000000000 ) ) ;
#5691 = VECTOR ( 'NONE', #3080, 1000.000000000000000 ) ;
#5692 = EDGE_CURVE ( 'NONE', #152, #1389, #4313, .T. ) ;
#5693 = ORIENTED_EDGE ( 'NONE', *, *, #6156, .F. ) ;
#5694 = ORIENTED_EDGE ( 'NONE', *, *, #4778, .T. ) ;
#5695 = FACE_BOUND ( 'NONE', #1824, .T. ) ;
#5696 = LINE ( 'NONE', #4229, #3917 ) ;
#5697 = CARTESIAN_POINT ( 'NONE',  ( -2.900000000000000355, -6.700000000000000178, -5.750000000000000000 ) ) ;
#5698 = FACE_BOUND ( 'NONE', #7278, .T. ) ;
#5699 = DIRECTION ( 'NONE',  ( 0.000000000000000000, -0.7071067811865474617, -0.7071067811865474617 ) ) ;
#5700 = EDGE_CURVE ( 'NONE', #8886, #1042, #49, .T. ) ;
#5701 = VERTEX_POINT ( 'NONE', #7807 ) ;
#5702 = ORIENTED_EDGE ( 'NONE', *, *, #3786, .F. ) ;
#5703 = AXIS2_PLACEMENT_3D ( 'NONE', #3221, #6622, #6022 ) ;
#5704 = EDGE_CURVE ( 'NONE', #2552, #513, #7071, .T. ) ;
#5705 = CARTESIAN_POINT ( 'NONE',  ( 4.900000000000001243, -5.450515463917522396, 0.4000000000000000222 ) ) ;
#5706 = EDGE_LOOP ( 'NONE', ( #3271, #1766, #2596, #2872, #360 ) ) ;
#5707 = CARTESIAN_POINT ( 'NONE',  ( 4.911598099521945926, 0.4494845360824792913, -9.101887738487540958 ) ) ;
#5708 = DIRECTION ( 'NONE',  ( -0.000000000000000000, -1.000000000000000000, -0.000000000000000000 ) ) ;
#5709 = VERTEX_POINT ( 'NONE', #4954 ) ;
#5710 = DIRECTION ( 'NONE',  ( 0.8778780114862310135, -2.187047340575287411E-16, 0.4788843252278996432 ) ) ;
#5711 = CARTESIAN_POINT ( 'NONE',  ( 2.600000000000000533, -3.950515463917520620, -4.900000000000010125 ) ) ;
#5712 = ORIENTED_EDGE ( 'NONE', *, *, #1573, .F. ) ;
#5713 = EDGE_CURVE ( 'NONE', #2131, #8154, #4911, .T. ) ;
#5714 = DIRECTION ( 'NONE',  ( 0.000000000000000000, 0.000000000000000000, -1.000000000000000000 ) ) ;
#5715 = CARTESIAN_POINT ( 'NONE',  ( 3.000000000000000000, 3.649484536082479469, 0.4000000000000000222 ) ) ;
#5716 = CARTESIAN_POINT ( 'NONE',  ( -3.000000000000001776, -3.750000000000000000, 5.599999999999999645 ) ) ;
#5717 = EDGE_CURVE ( 'NONE', #5724, #2799, #3624, .T. ) ;
#5718 = VECTOR ( 'NONE', #6431, 1000.000000000000000 ) ;
#5719 =( LENGTH_UNIT ( ) NAMED_UNIT ( * ) SI_UNIT ( .MILLI., .METRE. ) );
#5720 = FACE_OUTER_BOUND ( 'NONE', #1253, .T. ) ;
#5721 = ORIENTED_EDGE ( 'NONE', *, *, #7431, .F. ) ;
#5722 = VERTEX_POINT ( 'NONE', #6336 ) ;
#5723 = ORIENTED_EDGE ( 'NONE', *, *, #5717, .T. ) ;
#5724 = VERTEX_POINT ( 'NONE', #2929 ) ;
#5725 = LINE ( 'NONE', #5046, #8995 ) ;
#5726 = CYLINDRICAL_SURFACE ( 'NONE', #3234, 0.5000000000000004441 ) ;
#5727 = VERTEX_POINT ( 'NONE', #668 ) ;
#5728 = AXIS2_PLACEMENT_3D ( 'NONE', #3296, #5230, #8831 ) ;
#5729 = PLANE ( 'NONE',  #1787 ) ;
#5730 = CARTESIAN_POINT ( 'NONE',  ( -1.565936075841833031, 10.20000000000000107, -3.517150011924013331 ) ) ;
#5731 = CARTESIAN_POINT ( 'NONE',  ( -2.324999999999999734, 3.649484536082479469, 0.000000000000000000 ) ) ;
#5732 = EDGE_CURVE ( 'NONE', #7615, #5371, #2229, .T. ) ;
#5733 = CARTESIAN_POINT ( 'NONE',  ( 1.479999999999999982, 11.50000000000000000, 0.8499999999999999778 ) ) ;
#5734 = LINE ( 'NONE', #7299, #2778 ) ;
#5735 = CARTESIAN_POINT ( 'NONE',  ( 0.4999999999999982792, -2.050000000000000711, 0.5000000000000000000 ) ) ;
#5736 = CIRCLE ( 'NONE', #6914, 3.850000000000000089 ) ;
#5737 = ORIENTED_EDGE ( 'NONE', *, *, #5863, .F. ) ;
#5738 = ORIENTED_EDGE ( 'NONE', *, *, #7096, .T. ) ;
#5739 = EDGE_CURVE ( 'NONE', #5180, #1339, #7412, .T. ) ;
#5740 = CYLINDRICAL_SURFACE ( 'NONE', #6308, 0.6500000000000001332 ) ;
#5741 = AXIS2_PLACEMENT_3D ( 'NONE', #1714, #252, #3806 ) ;
#5742 = DIRECTION ( 'NONE',  ( 8.850629979473506011E-17, 1.000000000000000000, 0.000000000000000000 ) ) ;
#5743 = EDGE_CURVE ( 'NONE', #6469, #2563, #8896, .T. ) ;
#5744 = CARTESIAN_POINT ( 'NONE',  ( -1.000000000000000000, 0.4500000000000040079, 2.500000000000000000 ) ) ;
#5745 = CARTESIAN_POINT ( 'NONE',  ( -4.500000000000002665, 1.349484536082479869, 0.000000000000000000 ) ) ;
#5746 = DIRECTION ( 'NONE',  ( 0.7547095802227721251, -1.880199251759926099E-16, -0.6560590289905071648 ) ) ;
#5747 = DIRECTION ( 'NONE',  ( 1.000000000000000000, 0.000000000000000000, 0.000000000000000000 ) ) ;
#5748 = VECTOR ( 'NONE', #1300, 1000.000000000000000 ) ;
#5749 = AXIS2_PLACEMENT_3D ( 'NONE', #5372, #8838, #6888 ) ;
#5750 = EDGE_CURVE ( 'NONE', #1765, #1042, #28, .T. ) ;
#5751 = ORIENTED_EDGE ( 'NONE', *, *, #3023, .F. ) ;
#5752 = CARTESIAN_POINT ( 'NONE',  ( 3.000000000000000000, -4.750515463917523107, -1.600000000000000089 ) ) ;
#5753 = CARTESIAN_POINT ( 'NONE',  ( -0.7500000000000001110, -6.400000000000000355, -1.349999999999999867 ) ) ;
#5754 = ADVANCED_FACE ( 'NONE', ( #1398 ), #711, .T. ) ;
#5755 = STYLED_ITEM ( 'NONE', ( #7543 ), #4049 ) ;
#5756 = CYLINDRICAL_SURFACE ( 'NONE', #8384, 1.199999999999963762 ) ;
#5757 = CARTESIAN_POINT ( 'NONE',  ( 1.899999999999996358, -2.700000000000000622, 0.1000000000000000056 ) ) ;
#5758 = VECTOR ( 'NONE', #472, 1000.000000000000000 ) ;
#5759 = ORIENTED_EDGE ( 'NONE', *, *, #4522, .F. ) ;
#5760 = DIRECTION ( 'NONE',  ( 1.000000000000000000, 0.000000000000000000, 1.251002506714043540E-16 ) ) ;
#5761 = DIRECTION ( 'NONE',  ( -0.000000000000000000, -1.000000000000000000, -0.000000000000000000 ) ) ;
#5762 = ORIENTED_EDGE ( 'NONE', *, *, #6574, .T. ) ;
#5763 = ORIENTED_EDGE ( 'NONE', *, *, #4176, .F. ) ;
#5764 = VECTOR ( 'NONE', #4780, 1000.000000000000000 ) ;
#5765 = VECTOR ( 'NONE', #2181, 1000.000000000000000 ) ;
#5766 = DIRECTION ( 'NONE',  ( 0.000000000000000000, 0.000000000000000000, -1.000000000000000000 ) ) ;
#5767 = CARTESIAN_POINT ( 'NONE',  ( 4.900000000000000355, 0.4494845360824787361, 0.4000000000000000222 ) ) ;
#5768 = VECTOR ( 'NONE', #6288, 1000.000000000000000 ) ;
#5769 = ADVANCED_FACE ( 'NONE', ( #8558, #7162, #5597, #8512, #2184, #4261 ), #3532, .F. ) ;
#5770 = DIRECTION ( 'NONE',  ( 1.000000000000000000, -2.491288438666616105E-16, 1.931541112668179645E-15 ) ) ;
#5771 = EDGE_LOOP ( 'NONE', ( #2918, #4422, #7022, #3550 ) ) ;
#5772 = ORIENTED_EDGE ( 'NONE', *, *, #1286, .T. ) ;
#5773 = ORIENTED_EDGE ( 'NONE', *, *, #1871, .T. ) ;
#5774 = ORIENTED_EDGE ( 'NONE', *, *, #2024, .F. ) ;
#5775 = ORIENTED_EDGE ( 'NONE', *, *, #7590, .T. ) ;
#5776 = CARTESIAN_POINT ( 'NONE',  ( -4.500000000000002665, 6.873989284057756956E-16, -8.691935007006808402E-15 ) ) ;
#5777 = AXIS2_PLACEMENT_3D ( 'NONE', #8767, #4472, #1650 ) ;
#5778 = VERTEX_POINT ( 'NONE', #4856 ) ;
#5779 = CARTESIAN_POINT ( 'NONE',  ( 2.500000000000000000, -6.400000000000000355, -1.350000000000000089 ) ) ;
#5780 = LINE ( 'NONE', #478, #2235 ) ;
#5781 = CARTESIAN_POINT ( 'NONE',  ( -5.942807819042231770E-16, 10.90000000000000036, -2.645908512313469113E-16 ) ) ;
#5782 = CARTESIAN_POINT ( 'NONE',  ( 4.900000000000001243, -2.450515463917521064, 0.000000000000000000 ) ) ;
#5783 = DIRECTION ( 'NONE',  ( 0.000000000000000000, 0.000000000000000000, 1.000000000000000000 ) ) ;
#5784 = LINE ( 'NONE', #2931, #7603 ) ;
#5785 = TOROIDAL_SURFACE ( 'NONE', #2843, 3.500000000000000000, 0.3999999999999990785 ) ;
#5786 = CARTESIAN_POINT ( 'NONE',  ( 0.000000000000000000, 0.000000000000000000, 0.000000000000000000 ) ) ;
#5787 = ORIENTED_EDGE ( 'NONE', *, *, #2094, .F. ) ;
#5788 = ORIENTED_EDGE ( 'NONE', *, *, #6134, .F. ) ;
#5789 = DIRECTION ( 'NONE',  ( 0.000000000000000000, 0.000000000000000000, -1.000000000000000000 ) ) ;
#5790 = EDGE_CURVE ( 'NONE', #7693, #3226, #7670, .T. ) ;
#5791 = AXIS2_PLACEMENT_3D ( 'NONE', #6743, #2637, #5453 ) ;
#5792 = CARTESIAN_POINT ( 'NONE',  ( 4.500000000000002665, -1.550515463917522041, -7.399999999999999467 ) ) ;
#5793 = PRODUCT ( 'PT01-D_SHELL', 'PT01-D_SHELL', '', ( #4317 ) ) ;
#5794 = FACE_OUTER_BOUND ( 'NONE', #3493, .T. ) ;
#5795 = DIRECTION ( 'NONE',  ( 1.000000000000000000, 0.000000000000000000, 0.000000000000000000 ) ) ;
#5796 = ADVANCED_FACE ( 'NONE', ( #8785 ), #2273, .F. ) ;
#5797 = PLANE ( 'NONE',  #7743 ) ;
#5798 = CARTESIAN_POINT ( 'NONE',  ( -4.598116167910875518, -1.550515463917520709, -7.662869739802289359 ) ) ;
#5799 = ORIENTED_EDGE ( 'NONE', *, *, #5944, .F. ) ;
#5800 = VERTEX_POINT ( 'NONE', #3899 ) ;
#5801 = EDGE_CURVE ( 'NONE', #1470, #924, #3070, .T. ) ;
#5802 = CARTESIAN_POINT ( 'NONE',  ( 4.900000000000001243, 1.349484536082478758, 0.000000000000000000 ) ) ;
#5803 = ORIENTED_EDGE ( 'NONE', *, *, #1240, .F. ) ;
#5804 = DIRECTION ( 'NONE',  ( 0.5142627263715358055, 0.000000000000000000, -0.8576327000907292275 ) ) ;
#5805 = CARTESIAN_POINT ( 'NONE',  ( 7.347880793735781572E-17, 13.00000000009049472, 0.5999999999062310962 ) ) ;
#5806 = DIRECTION ( 'NONE',  ( -0.5147285590694852253, -0.000000000000000000, -0.8573532005412071166 ) ) ;
#5807 = EDGE_CURVE ( 'NONE', #586, #8938, #5925, .T. ) ;
#5808 = CARTESIAN_POINT ( 'NONE',  ( 4.500000000000002665, -2.550515463917521597, -5.800000000000000711 ) ) ;
#5809 = CARTESIAN_POINT ( 'NONE',  ( 0.000000000000000000, 3.600000000000004086, 0.000000000000000000 ) ) ;
#5810 = ORIENTED_EDGE ( 'NONE', *, *, #408, .F. ) ;
#5811 = VERTEX_POINT ( 'NONE', #8089 ) ;
#5812 = EDGE_CURVE ( 'NONE', #3310, #2035, #3812, .T. ) ;
#5813 = PLANE ( 'NONE',  #4172 ) ;
#5814 = CARTESIAN_POINT ( 'NONE',  ( 1.899999999999996358, -4.200000000000000178, 0.1000000000000000056 ) ) ;
#5815 = VERTEX_POINT ( 'NONE', #3718 ) ;
#5816 = DIRECTION ( 'NONE',  ( 0.000000000000000000, 1.000000000000000000, 0.000000000000000000 ) ) ;
#5817 =( NAMED_UNIT ( * ) PLANE_ANGLE_UNIT ( ) SI_UNIT ( $, .RADIAN. ) );
#5818 = ORIENTED_EDGE ( 'NONE', *, *, #5700, .T. ) ;
#5819 = ORIENTED_EDGE ( 'NONE', *, *, #3075, .F. ) ;
#5820 = AXIS2_PLACEMENT_3D ( 'NONE', #5145, #908, #7307 ) ;
#5821 = ORIENTED_EDGE ( 'NONE', *, *, #2301, .F. ) ;
#5822 = ORIENTED_EDGE ( 'NONE', *, *, #2494, .T. ) ;
#5823 = FACE_OUTER_BOUND ( 'NONE', #6847, .T. ) ;
#5824 = EDGE_CURVE ( 'NONE', #1812, #7984, #7206, .T. ) ;
#5825 = VERTEX_POINT ( 'NONE', #5782 ) ;
#5826 = CARTESIAN_POINT ( 'NONE',  ( 2.349999999999998312, 4.650000000000004796, 5.599999999999999645 ) ) ;
#5827 = FACE_OUTER_BOUND ( 'NONE', #3438, .T. ) ;
#5828 = PLANE ( 'NONE',  #8677 ) ;
#5829 = VECTOR ( 'NONE', #690, 1000.000000000000114 ) ;
#5830 = CARTESIAN_POINT ( 'NONE',  ( -2.100000000000000089, -6.400000000000000355, -1.349999999999999867 ) ) ;
#5831 = CARTESIAN_POINT ( 'NONE',  ( 4.500000000000002665, 2.849484536082478758, -4.299999999999999822 ) ) ;
#5832 = LINE ( 'NONE', #1721, #698 ) ;
#5833 = ORIENTED_EDGE ( 'NONE', *, *, #6595, .F. ) ;
#5834 = CIRCLE ( 'NONE', #1842, 0.6500000000000000222 ) ;
#5835 = EDGE_CURVE ( 'NONE', #3504, #3257, #352, .T. ) ;
#5836 = DIRECTION ( 'NONE',  ( 0.000000000000000000, -1.000000000000000000, 0.000000000000000000 ) ) ;
#5837 = DIRECTION ( 'NONE',  ( 0.000000000000000000, 1.000000000000000000, 0.000000000000000000 ) ) ;
#5838 = CARTESIAN_POINT ( 'NONE',  ( 4.500000000000002665, -1.550515463917522041, -7.400446128206079166 ) ) ;
#5839 = AXIS2_PLACEMENT_3D ( 'NONE', #8516, #3674, #852 ) ;
#5840 = VECTOR ( 'NONE', #8113, 1000.000000000000000 ) ;
#5841 = DIRECTION ( 'NONE',  ( 1.606225440719267599E-16, 1.000000000000000000, -1.018148511238954428E-16 ) ) ;
#5842 = EDGE_CURVE ( 'NONE', #1355, #1802, #8746, .T. ) ;
#5843 = CYLINDRICAL_SURFACE ( 'NONE', #3196, 0.4000000000000001887 ) ;
#5844 = EDGE_LOOP ( 'NONE', ( #5023, #8505, #7840, #298 ) ) ;
#5845 = ORIENTED_EDGE ( 'NONE', *, *, #755, .T. ) ;
#5846 = VECTOR ( 'NONE', #9027, 1000.000000000000000 ) ;
#5847 = FACE_OUTER_BOUND ( 'NONE', #3815, .T. ) ;
#5848 = ORIENTED_EDGE ( 'NONE', *, *, #6861, .F. ) ;
#5849 = LINE ( 'NONE', #1739, #2967 ) ;
#5850 = CARTESIAN_POINT ( 'NONE',  ( 4.286263797015737088E-16, 2.949484536082479735, -1.843143693225357538E-16 ) ) ;
#5851 = LINE ( 'NONE', #2337, #340 ) ;
#5852 = LINE ( 'NONE', #8671, #1121 ) ;
#5853 = ADVANCED_FACE ( 'NONE', ( #3856 ), #5092, .F. ) ;
#5854 = CARTESIAN_POINT ( 'NONE',  ( -1.479999999999999982, 11.50000000000000000, 0.8499999999999999778 ) ) ;
#5855 = AXIS2_PLACEMENT_3D ( 'NONE', #6834, #530, #3342 ) ;
#5856 = ORIENTED_EDGE ( 'NONE', *, *, #7251, .F. ) ;
#5857 = EDGE_LOOP ( 'NONE', ( #5878, #7379, #3881, #8548 ) ) ;
#5858 = ORIENTED_EDGE ( 'NONE', *, *, #1657, .T. ) ;
#5859 = ADVANCED_FACE ( 'NONE', ( #1627 ), #8607, .T. ) ;
#5860 = DIRECTION ( 'NONE',  ( 0.000000000000000000, -1.000000000000000000, 0.000000000000000000 ) ) ;
#5861 = ORIENTED_EDGE ( 'NONE', *, *, #6167, .F. ) ;
#5862 = CARTESIAN_POINT ( 'NONE',  ( 4.900000000000000355, 4.349484536082479202, -4.900000000000009237 ) ) ;
#5863 = EDGE_CURVE ( 'NONE', #7699, #6873, #8044, .T. ) ;
#5864 = FACE_OUTER_BOUND ( 'NONE', #6840, .T. ) ;
#5865 = ORIENTED_EDGE ( 'NONE', *, *, #7005, .T. ) ;
#5866 = VECTOR ( 'NONE', #4320, 1000.000000000000000 ) ;
#5867 = ORIENTED_EDGE ( 'NONE', *, *, #2071, .F. ) ;
#5868 = CARTESIAN_POINT ( 'NONE',  ( -1.891663167769254583, 8.500000000000000000, 3.353223890482886826 ) ) ;
#5869 = CYLINDRICAL_SURFACE ( 'NONE', #4569, 0.4000000000000001887 ) ;
#5870 = PRODUCT_DEFINITION_SHAPE ( 'NONE', 'NONE',  #6635 ) ;
#5871 = LINE ( 'NONE', #6424, #4147 ) ;
#5872 = CARTESIAN_POINT ( 'NONE',  ( 0.000000000000000000, -6.700000000000000178, -5.750000000000000000 ) ) ;
#5873 = ADVANCED_FACE ( 'NONE', ( #7345 ), #8651, .T. ) ;
#5874 = DIRECTION ( 'NONE',  ( 0.000000000000000000, 0.000000000000000000, -1.000000000000000000 ) ) ;
#5875 = CARTESIAN_POINT ( 'NONE',  ( -4.499999999999993783, -5.150515463917520798, -4.300000000000008704 ) ) ;
#5876 = CARTESIAN_POINT ( 'NONE',  ( -3.600000000000001865, 5.150000000000003908, 0.000000000000000000 ) ) ;
#5877 = VERTEX_POINT ( 'NONE', #1037 ) ;
#5878 = ORIENTED_EDGE ( 'NONE', *, *, #5214, .F. ) ;
#5879 = VECTOR ( 'NONE', #1169, 1000.000000000000114 ) ;
#5880 = VERTEX_POINT ( 'NONE', #5830 ) ;
#5881 = FACE_OUTER_BOUND ( 'NONE', #2456, .T. ) ;
#5882 = CARTESIAN_POINT ( 'NONE',  ( -4.499999999999992895, 6.873989284057756956E-16, -4.300000000000008704 ) ) ;
#5883 = DIRECTION ( 'NONE',  ( 0.000000000000000000, 0.000000000000000000, 1.000000000000000000 ) ) ;
#5884 = VECTOR ( 'NONE', #1123, 1000.000000000000000 ) ;
#5885 = CARTESIAN_POINT ( 'NONE',  ( -3.400000000000003464, -0.05202383709185157135, 0.5000000000000000000 ) ) ;
#5886 = EDGE_CURVE ( 'NONE', #1087, #3210, #7394, .T. ) ;
#5887 = FACE_OUTER_BOUND ( 'NONE', #1791, .T. ) ;
#5888 = VERTEX_POINT ( 'NONE', #942 ) ;
#5889 = AXIS2_PLACEMENT_3D ( 'NONE', #3845, #1073, #5359 ) ;
#5890 = DIRECTION ( 'NONE',  ( 0.000000000000000000, 0.000000000000000000, -1.000000000000000000 ) ) ;
#5891 = APPLICATION_CONTEXT ( 'automotive_design' ) ;
#5892 = DIRECTION ( 'NONE',  ( 1.000000000000000000, 0.000000000000000000, 1.232047923278982446E-16 ) ) ;
#5893 = EDGE_LOOP ( 'NONE', ( #3014, #945, #1692, #7970, #5738 ) ) ;
#5894 = FACE_OUTER_BOUND ( 'NONE', #4383, .T. ) ;
#5895 = CARTESIAN_POINT ( 'NONE',  ( -4.500000000000003553, -5.450515463917523284, -8.691935007006809980E-15 ) ) ;
#5896 = DIRECTION ( 'NONE',  ( 0.000000000000000000, 1.000000000000000000, 0.000000000000000000 ) ) ;
#5897 = CARTESIAN_POINT ( 'NONE',  ( 2.999999999999998224, 4.650000000000004796, 5.000000000000000000 ) ) ;
#5898 = VECTOR ( 'NONE', #8729, 1000.000000000000000 ) ;
#5899 = AXIS2_PLACEMENT_3D ( 'NONE', #3160, #3243, #5959 ) ;
#5900 = DIRECTION ( 'NONE',  ( 0.000000000000000000, 0.000000000000000000, 1.000000000000000000 ) ) ;
#5901 = ORIENTED_EDGE ( 'NONE', *, *, #3838, .T. ) ;
#5902 = CARTESIAN_POINT ( 'NONE',  ( -4.900000000000000355, 1.349484536082479647, -0.6000000000000000888 ) ) ;
#5903 = ADVANCED_FACE ( 'NONE', ( #2321 ), #5963, .F. ) ;
#5904 = CIRCLE ( 'NONE', #6054, 0.4000000000000001887 ) ;
#5905 = VECTOR ( 'NONE', #6624, 1000.000000000000000 ) ;
#5906 = FACE_OUTER_BOUND ( 'NONE', #6691, .T. ) ;
#5907 = ORIENTED_EDGE ( 'NONE', *, *, #7648, .T. ) ;
#5908 = DIRECTION ( 'NONE',  ( -1.000000000000000000, 0.000000000000000000, 0.000000000000000000 ) ) ;
#5909 = EDGE_CURVE ( 'NONE', #4057, #8425, #3761, .T. ) ;
#5910 = DIRECTION ( 'NONE',  ( -0.000000000000000000, -0.000000000000000000, -1.000000000000000000 ) ) ;
#5911 = VECTOR ( 'NONE', #8054, 1000.000000000000000 ) ;
#5912 = ORIENTED_EDGE ( 'NONE', *, *, #8870, .F. ) ;
#5913 = VECTOR ( 'NONE', #5202, 1000.000000000000000 ) ;
#5914 = ORIENTED_EDGE ( 'NONE', *, *, #4968, .T. ) ;
#5915 = ORIENTED_EDGE ( 'NONE', *, *, #4124, .F. ) ;
#5916 = EDGE_LOOP ( 'NONE', ( #4144, #2540, #5109, #4757 ) ) ;
#5917 = CARTESIAN_POINT ( 'NONE',  ( -4.499999999999992895, -5.150515463917520798, -4.900000000000009237 ) ) ;
#5918 = EDGE_CURVE ( 'NONE', #5669, #273, #258, .T. ) ;
#5919 = ORIENTED_EDGE ( 'NONE', *, *, #9034, .T. ) ;
#5920 = EDGE_LOOP ( 'NONE', ( #421, #1469, #6062, #7289, #8646 ) ) ;
#5921 = CARTESIAN_POINT ( 'NONE',  ( 4.500000000000002665, 0.000000000000000000, 0.4000000000000000222 ) ) ;
#5922 = VECTOR ( 'NONE', #6135, 1000.000000000000000 ) ;
#5923 = VECTOR ( 'NONE', #7938, 1000.000000000000000 ) ;
#5924 = DIRECTION ( 'NONE',  ( -1.000000000000000000, 2.491288438666616105E-16, -1.931541112668179645E-15 ) ) ;
#5925 = LINE ( 'NONE', #307, #2109 ) ;
#5926 = CARTESIAN_POINT ( 'NONE',  ( -2.100000000000000089, -6.700000000000000178, -5.750000000000000000 ) ) ;
#5927 = CARTESIAN_POINT ( 'NONE',  ( 4.900000000000000355, 2.449484536082478847, -4.299999999999999822 ) ) ;
#5928 = ORIENTED_EDGE ( 'NONE', *, *, #6134, .T. ) ;
#5929 = ORIENTED_EDGE ( 'NONE', *, *, #4326, .T. ) ;
#5930 = VECTOR ( 'NONE', #8851, 1000.000000000000000 ) ;
#5931 = ORIENTED_EDGE ( 'NONE', *, *, #425, .F. ) ;
#5932 = EDGE_CURVE ( 'NONE', #8024, #2825, #6383, .T. ) ;
#5933 = ADVANCED_FACE ( 'NONE', ( #4672 ), #573, .T. ) ;
#5934 = CARTESIAN_POINT ( 'NONE',  ( 0.0008203932499369634770, 11.70000000000000462, 4.781147327278692800E-17 ) ) ;
#5935 = AXIS2_PLACEMENT_3D ( 'NONE', #5646, #118, #4173 ) ;
#5936 = DIRECTION ( 'NONE',  ( -0.000000000000000000, -1.000000000000000000, -0.000000000000000000 ) ) ;
#5937 = FACE_OUTER_BOUND ( 'NONE', #1704, .T. ) ;
#5938 = CARTESIAN_POINT ( 'NONE',  ( 3.399999999999998579, -2.050000000000001155, 0.5000000000000000000 ) ) ;
#5939 = DIRECTION ( 'NONE',  ( 8.850629979473506011E-17, 1.000000000000000000, 0.000000000000000000 ) ) ;
#5940 = VECTOR ( 'NONE', #1748, 1000.000000000000000 ) ;
#5941 = CARTESIAN_POINT ( 'NONE',  ( 4.900000000000000355, 1.449484536082478847, -5.900000000000000355 ) ) ;
#5942 = DIRECTION ( 'NONE',  ( -1.000000000000000000, -0.000000000000000000, -0.000000000000000000 ) ) ;
#5943 = VERTEX_POINT ( 'NONE', #8220 ) ;
#5944 = EDGE_CURVE ( 'NONE', #4863, #2113, #7473, .T. ) ;
#5945 = CARTESIAN_POINT ( 'NONE',  ( -4.499999999999986677, 2.849484536082479647, -4.300000000000009592 ) ) ;
#5946 = CARTESIAN_POINT ( 'NONE',  ( 2.600000000000000533, 0.5000000000000022204, 1.500000000000000000 ) ) ;
#5947 = LINE ( 'NONE', #7322, #4157 ) ;
#5948 = DIRECTION ( 'NONE',  ( 0.000000000000000000, 1.734723475976806848E-16, -1.000000000000000000 ) ) ;
#5949 = LINE ( 'NONE', #1065, #1707 ) ;
#5950 = ORIENTED_EDGE ( 'NONE', *, *, #199, .T. ) ;
#5951 = DIRECTION ( 'NONE',  ( 0.000000000000000000, 0.000000000000000000, -1.000000000000000000 ) ) ;
#5952 = DIRECTION ( 'NONE',  ( -1.495451272393799296E-16, -1.000000000000000000, 0.000000000000000000 ) ) ;
#5953 = VERTEX_POINT ( 'NONE', #527 ) ;
#5954 = DIRECTION ( 'NONE',  ( -1.000000000000000000, 2.168404344971008868E-15, 0.000000000000000000 ) ) ;
#5955 = CARTESIAN_POINT ( 'NONE',  ( 3.399999999999998579, -2.050000000000001155, 0.000000000000000000 ) ) ;
#5956 = ADVANCED_FACE ( 'NONE', ( #8177 ), #8270, .F. ) ;
#5957 = ORIENTED_EDGE ( 'NONE', *, *, #9100, .F. ) ;
#5958 = VERTEX_POINT ( 'NONE', #2591 ) ;
#5959 = DIRECTION ( 'NONE',  ( 1.000000000000000000, 0.000000000000000000, 0.000000000000000000 ) ) ;
#5960 = VERTEX_POINT ( 'NONE', #6789 ) ;
#5961 = VERTEX_POINT ( 'NONE', #5319 ) ;
#5962 = LINE ( 'NONE', #1165, #1939 ) ;
#5963 = PLANE ( 'NONE',  #1084 ) ;
#5964 = PLANE ( 'NONE',  #5439 ) ;
#5965 = AXIS2_PLACEMENT_3D ( 'NONE', #813, #2845, #1545 ) ;
#5966 = LINE ( 'NONE', #2323, #2457 ) ;
#5967 = EDGE_CURVE ( 'NONE', #2738, #3905, #5410, .T. ) ;
#5968 = EDGE_LOOP ( 'NONE', ( #153, #4853, #8158, #2222 ) ) ;
#5969 = ORIENTED_EDGE ( 'NONE', *, *, #5704, .F. ) ;
#5970 = ORIENTED_EDGE ( 'NONE', *, *, #7210, .F. ) ;
#5971 = EDGE_LOOP ( 'NONE', ( #6402, #3793, #973, #7181 ) ) ;
#5972 = EDGE_CURVE ( 'NONE', #8009, #2036, #4075, .T. ) ;
#5973 = CIRCLE ( 'NONE', #5820, 0.6750000000000002665 ) ;
#5974 = FACE_OUTER_BOUND ( 'NONE', #7466, .T. ) ;
#5975 = CARTESIAN_POINT ( 'NONE',  ( 4.500000000000002665, -3.540251991789402774E-17, -5.800000000000000711 ) ) ;
#5976 = LINE ( 'NONE', #5195, #4166 ) ;
#5977 = DIRECTION ( 'NONE',  ( 0.000000000000000000, 0.000000000000000000, -1.000000000000000000 ) ) ;
#5978 = EDGE_CURVE ( 'NONE', #5722, #8589, #1895, .T. ) ;
#5979 = LINE ( 'NONE', #7312, #4372 ) ;
#5980 = VECTOR ( 'NONE', #3329, 1000.000000000000000 ) ;
#5981 = ORIENTED_EDGE ( 'NONE', *, *, #6115, .F. ) ;
#5982 = DIRECTION ( 'NONE',  ( 0.000000000000000000, 0.000000000000000000, -1.000000000000000000 ) ) ;
#5983 = FACE_OUTER_BOUND ( 'NONE', #3862, .T. ) ;
#5984 = EDGE_LOOP ( 'NONE', ( #7770, #7438, #2396, #4554, #6564, #2175, #8378, #8502, #7756, #5549, #1284, #4254, #2492, #7960, #6835, #448, #6294, #7762, #5759, #8263, #5848, #3195, #5088, #1878 ) ) ;
#5985 = VECTOR ( 'NONE', #7087, 1000.000000000000000 ) ;
#5986 = DIRECTION ( 'NONE',  ( 7.836629005481910297E-31, -2.832163397568800245E-46, 1.000000000000000000 ) ) ;
#5987 = AXIS2_PLACEMENT_3D ( 'NONE', #2526, #8385, #4095 ) ;
#5988 = DIRECTION ( 'NONE',  ( 1.000000000000000000, 0.000000000000000000, 0.000000000000000000 ) ) ;
#5989 = DIRECTION ( 'NONE',  ( 0.000000000000000000, 1.000000000000000000, 0.000000000000000000 ) ) ;
#5990 = CARTESIAN_POINT ( 'NONE',  ( -3.000000000000000000, -4.750515463917523107, 0.000000000000000000 ) ) ;
#5991 = ORIENTED_EDGE ( 'NONE', *, *, #6703, .F. ) ;
#5992 = AXIS2_PLACEMENT_3D ( 'NONE', #8103, #5378, #8191 ) ;
#5993 = ORIENTED_EDGE ( 'NONE', *, *, #7541, .T. ) ;
#5994 = VECTOR ( 'NONE', #8748, 1000.000000000000000 ) ;
#5995 = CARTESIAN_POINT ( 'NONE',  ( -3.261177379365211237, 10.20000000000000107, -0.5047000102205828620 ) ) ;
#5996 = DIRECTION ( 'NONE',  ( -1.000000000000000000, -0.000000000000000000, -0.000000000000000000 ) ) ;
#5997 = DIRECTION ( 'NONE',  ( -1.000000000000000000, 2.491288438666616105E-16, 0.000000000000000000 ) ) ;
#5998 = ORIENTED_EDGE ( 'NONE', *, *, #6156, .T. ) ;
#5999 = VECTOR ( 'NONE', #619, 1000.000000000000000 ) ;
#6000 = CARTESIAN_POINT ( 'NONE',  ( -4.499999999999989342, 0.4494845360824794023, -5.800000000000008704 ) ) ;
#6001 = DIRECTION ( 'NONE',  ( 0.000000000000000000, -1.000000000000000000, 0.000000000000000000 ) ) ;
#6002 = ADVANCED_FACE ( 'NONE', ( #1219 ), #442, .F. ) ;
#6003 = EDGE_LOOP ( 'NONE', ( #1066, #1665, #6694, #8770, #237 ) ) ;
#6004 = DIRECTION ( 'NONE',  ( -0.9999994735200916640, 0.000000000000000000, 0.001026138167772244671 ) ) ;
#6005 = ORIENTED_EDGE ( 'NONE', *, *, #6893, .F. ) ;
#6006 = DIRECTION ( 'NONE',  ( 0.000000000000000000, 1.000000000000000000, 0.000000000000000000 ) ) ;
#6007 = DIRECTION ( 'NONE',  ( -0.000000000000000000, -0.000000000000000000, -1.000000000000000000 ) ) ;
#6008 = CARTESIAN_POINT ( 'NONE',  ( 0.0008203932499369634770, 11.70000000000000462, 4.781147327278692800E-17 ) ) ;
#6009 = DIRECTION ( 'NONE',  ( -1.000000000000000000, 0.000000000000000000, 0.000000000000000000 ) ) ;
#6010 = PLANE ( 'NONE',  #5547 ) ;
#6011 = ORIENTED_EDGE ( 'NONE', *, *, #9127, .F. ) ;
#6012 = EDGE_LOOP ( 'NONE', ( #7710, #4722, #5569, #2873 ) ) ;
#6013 = ORIENTED_EDGE ( 'NONE', *, *, #2667, .T. ) ;
#6014 = ORIENTED_EDGE ( 'NONE', *, *, #1898, .F. ) ;
#6015 = LINE ( 'NONE', #2507, #1341 ) ;
#6016 = EDGE_CURVE ( 'NONE', #6097, #5825, #8922, .T. ) ;
#6017 = DIRECTION ( 'NONE',  ( 1.000000000000000000, 0.000000000000000000, 0.000000000000000000 ) ) ;
#6018 = CARTESIAN_POINT ( 'NONE',  ( -3.000000000000000000, -4.750515463917523107, 0.000000000000000000 ) ) ;
#6019 = LINE ( 'NONE', #2466, #4805 ) ;
#6020 = VECTOR ( 'NONE', #8747, 1000.000000000000000 ) ;
#6021 = EDGE_CURVE ( 'NONE', #4633, #3657, #398, .T. ) ;
#6022 = DIRECTION ( 'NONE',  ( -1.734723475976805517E-15, 0.000000000000000000, 1.000000000000000000 ) ) ;
#6023 = VERTEX_POINT ( 'NONE', #6148 ) ;
#6024 = CARTESIAN_POINT ( 'NONE',  ( -4.499999999999987566, 6.873989284057756956E-16, -7.400446128206086271 ) ) ;
#6025 = DIRECTION ( 'NONE',  ( -1.000000000000000000, 0.000000000000000000, 0.000000000000000000 ) ) ;
#6026 = ORIENTED_EDGE ( 'NONE', *, *, #1254, .F. ) ;
#6027 = ADVANCED_FACE ( 'N', ( #6697 ), #3205, .T. ) ;
#6028 = VECTOR ( 'NONE', #6413, 1000.000000000000000 ) ;
#6029 = CARTESIAN_POINT ( 'NONE',  ( -4.500000000000002665, 4.349484536082479202, -4.900000000000009237 ) ) ;
#6030 = PLANE ( 'NONE',  #6663 ) ;
#6031 = CARTESIAN_POINT ( 'NONE',  ( 0.4499999999999991229, -3.020950878361716274, 2.500000000000000000 ) ) ;
#6032 = EDGE_CURVE ( 'NONE', #8643, #2116, #1122, .T. ) ;
#6033 = CARTESIAN_POINT ( 'NONE',  ( -1.734723475976807094E-15, 0.4500000000000040079, 2.500000000000000000 ) ) ;
#6034 = ORIENTED_EDGE ( 'NONE', *, *, #1735, .T. ) ;
#6035 = ORIENTED_EDGE ( 'NONE', *, *, #7648, .F. ) ;
#6036 = CARTESIAN_POINT ( 'NONE',  ( 3.250000000000000888, -5.549999999999999822, 1.000000000000000000 ) ) ;
#6037 = EDGE_CURVE ( 'NONE', #6109, #4646, #6233, .T. ) ;
#6038 = LINE ( 'NONE', #6685, #2064 ) ;
#6039 = EDGE_CURVE ( 'NONE', #2687, #3616, #5366, .T. ) ;
#6040 = DIRECTION ( 'NONE',  ( 1.000000000000000000, 0.000000000000000000, 0.000000000000000000 ) ) ;
#6041 = VECTOR ( 'NONE', #2088, 1000.000000000000000 ) ;
#6042 = VERTEX_POINT ( 'NONE', #3149 ) ;
#6043 = PLANE ( 'NONE',  #241 ) ;
#6044 = CARTESIAN_POINT ( 'NONE',  ( 4.900000000000000355, 2.849484536082479202, -6.800000000000000711 ) ) ;
#6045 = ORIENTED_EDGE ( 'NONE', *, *, #1473, .T. ) ;
#6046 = EDGE_LOOP ( 'NONE', ( #2401, #2435, #1757, #516 ) ) ;
#6047 = VECTOR ( 'NONE', #7423, 1000.000000000000000 ) ;
#6048 = VECTOR ( 'NONE', #1383, 1000.000000000000000 ) ;
#6049 = DIRECTION ( 'NONE',  ( -0.000000000000000000, -1.000000000000000000, -0.000000000000000000 ) ) ;
#6050 = ORIENTED_EDGE ( 'NONE', *, *, #52, .F. ) ;
#6051 = ADVANCED_FACE ( 'NONE', ( #5215 ), #3839, .T. ) ;
#6052 = LINE ( 'NONE', #985, #8281 ) ;
#6053 = EDGE_CURVE ( 'NONE', #7400, #8673, #335, .T. ) ;
#6054 = AXIS2_PLACEMENT_3D ( 'NONE', #1598, #2430, #8067 ) ;
#6055 = CARTESIAN_POINT ( 'NONE',  ( 2.500000000000000000, -6.400000000000000355, -5.750000000000000000 ) ) ;
#6056 = CIRCLE ( 'NONE', #5472, 0.6750000000000002665 ) ;
#6057 = LINE ( 'NONE', #6744, #5142 ) ;
#6058 = DIRECTION ( 'NONE',  ( 0.000000000000000000, 1.000000000000000000, 0.000000000000000000 ) ) ;
#6059 = EDGE_LOOP ( 'NONE', ( #1485, #5043, #4570, #6962 ) ) ;
#6060 = ORIENTED_EDGE ( 'NONE', *, *, #742, .T. ) ;
#6061 = EDGE_LOOP ( 'NONE', ( #4082, #2954 ) ) ;
#6062 = ORIENTED_EDGE ( 'NONE', *, *, #6993, .F. ) ;
#6063 = FACE_BOUND ( 'NONE', #7052, .T. ) ;
#6064 = VECTOR ( 'NONE', #590, 1000.000000000000000 ) ;
#6065 = ORIENTED_EDGE ( 'NONE', *, *, #5495, .T. ) ;
#6066 = VECTOR ( 'NONE', #1532, 1000.000000000000000 ) ;
#6067 = DIRECTION ( 'NONE',  ( 1.000000000000000000, 0.000000000000000000, 0.000000000000000000 ) ) ;
#6068 = CARTESIAN_POINT ( 'NONE',  ( 0.5000000000000002220, 11.50000000000000000, 1.500000000000000000 ) ) ;
#6069 = CARTESIAN_POINT ( 'NONE',  ( 4.900000000000001243, -5.450515463917522396, -4.299999999999999822 ) ) ;
#6070 = AXIS2_PLACEMENT_3D ( 'NONE', #6334, #27, #5643 ) ;
#6071 = CARTESIAN_POINT ( 'NONE',  ( 4.500000000000002665, 4.049484536082479380, -4.299999999999999822 ) ) ;
#6072 = ADVANCED_FACE ( 'NONE', ( #7924 ), #2437, .F. ) ;
#6073 = ADVANCED_FACE ( 'NONE', ( #1107 ), #5813, .T. ) ;
#6074 = ORIENTED_EDGE ( 'NONE', *, *, #3334, .F. ) ;
#6075 = ORIENTED_EDGE ( 'NONE', *, *, #4564, .T. ) ;
#6076 = CARTESIAN_POINT ( 'NONE',  ( 2.900000000000000355, -6.700000000000000178, 4.928191693115930646E-17 ) ) ;
#6077 = CARTESIAN_POINT ( 'NONE',  ( 0.000000000000000000, 0.000000000000000000, 0.5000000000000000000 ) ) ;
#6078 = ORIENTED_EDGE ( 'NONE', *, *, #1185, .T. ) ;
#6079 = AXIS2_PLACEMENT_3D ( 'NONE', #7784, #6496, #1464 ) ;
#6080 = EDGE_CURVE ( 'NONE', #4948, #605, #2482, .T. ) ;
#6081 = CYLINDRICAL_SURFACE ( 'NONE', #7963, 0.2000000000000000944 ) ;
#6082 = PLANE ( 'NONE',  #8325 ) ;
#6083 = DIRECTION ( 'NONE',  ( 0.000000000000000000, 1.000000000000000000, 0.000000000000000000 ) ) ;
#6084 =( NAMED_UNIT ( * ) SI_UNIT ( $, .STERADIAN. ) SOLID_ANGLE_UNIT ( ) );
#6085 = DIRECTION ( 'NONE',  ( 0.000000000000000000, 0.000000000000000000, 1.000000000000000000 ) ) ;
#6086 = EDGE_CURVE ( 'NONE', #8479, #2959, #3929, .T. ) ;
#6087 = ORIENTED_EDGE ( 'NONE', *, *, #8604, .T. ) ;
#6088 = ORIENTED_EDGE ( 'NONE', *, *, #2364, .T. ) ;
#6089 = CARTESIAN_POINT ( 'NONE',  ( 4.500000000000002665, 4.349484536082479202, -4.299999999999999822 ) ) ;
#6090 = DIRECTION ( 'NONE',  ( 2.154044051295704582E-16, 0.000000000000000000, -1.000000000000000000 ) ) ;
#6091 = VECTOR ( 'NONE', #3096, 1000.000000000000000 ) ;
#6092 = CARTESIAN_POINT ( 'NONE',  ( 0.4999999999999987232, 0.000000000000000000, 0.000000000000000000 ) ) ;
#6093 = ORIENTED_EDGE ( 'NONE', *, *, #6667, .T. ) ;
#6094 = DIRECTION ( 'NONE',  ( 1.000000000000000000, 0.000000000000000000, 1.931541112668179645E-15 ) ) ;
#6095 = LINE ( 'NONE', #342, #4263 ) ;
#6096 = EDGE_CURVE ( 'NONE', #7189, #4150, #8728, .T. ) ;
#6097 = VERTEX_POINT ( 'NONE', #4428 ) ;
#6098 = CARTESIAN_POINT ( 'NONE',  ( -4.900000000000001243, 4.336808689942018722E-16, 0.000000000000000000 ) ) ;
#6099 = VERTEX_POINT ( 'NONE', #5902 ) ;
#6100 = CARTESIAN_POINT ( 'NONE',  ( -3.250000000000001332, -5.549999999999998934, 1.000000000000000000 ) ) ;
#6101 = CARTESIAN_POINT ( 'NONE',  ( -5.421010862427522170E-16, 0.4500000000000033418, 0.5000000000000000000 ) ) ;
#6102 = DIRECTION ( 'NONE',  ( 2.491288438666617091E-16, 1.000000000000000000, 3.559366888705205925E-31 ) ) ;
#6103 = CARTESIAN_POINT ( 'NONE',  ( 4.500000000000003553, 4.349484536082478314, 0.000000000000000000 ) ) ;
#6104 = ORIENTED_EDGE ( 'NONE', *, *, #2364, .F. ) ;
#6105 = ORIENTED_EDGE ( 'NONE', *, *, #3794, .T. ) ;
#6106 = ORIENTED_EDGE ( 'NONE', *, *, #6742, .T. ) ;
#6107 = EDGE_CURVE ( 'NONE', #1611, #1564, #5305, .T. ) ;
#6108 = LINE ( 'NONE', #8278, #7515 ) ;
#6109 = VERTEX_POINT ( 'NONE', #8120 ) ;
#6110 = LINE ( 'NONE', #3956, #5182 ) ;
#6111 = VECTOR ( 'NONE', #7774, 1000.000000000000000 ) ;
#6112 = DIRECTION ( 'NONE',  ( -1.606225440719265627E-16, -1.000000000000000000, -3.102490474962827050E-31 ) ) ;
#6113 = DIRECTION ( 'NONE',  ( 1.618212197739559129E-16, 0.000000000000000000, 1.000000000000000000 ) ) ;
#6114 = EDGE_LOOP ( 'NONE', ( #5174, #933, #1052, #2887 ) ) ;
#6115 = EDGE_CURVE ( 'NONE', #3010, #1479, #1795, .T. ) ;
#6116 = ORIENTED_EDGE ( 'NONE', *, *, #3141, .T. ) ;
#6117 = AXIS2_PLACEMENT_3D ( 'NONE', #7284, #1571, #3702 ) ;
#6118 = DIRECTION ( 'NONE',  ( 0.000000000000000000, 0.000000000000000000, -1.000000000000000000 ) ) ;
#6119 = DIRECTION ( 'NONE',  ( -1.000000000000000000, 0.000000000000000000, 0.000000000000000000 ) ) ;
#6120 = APPLICATION_CONTEXT ( 'automotive_design' ) ;
#6121 = EDGE_CURVE ( 'NONE', #7061, #1088, #1018, .T. ) ;
#6122 = CARTESIAN_POINT ( 'NONE',  ( -1.900000000000001910, 0.000000000000000000, 0.000000000000000000 ) ) ;
#6123 = CARTESIAN_POINT ( 'NONE',  ( 0.000000000000000000, 6.000000000000000000, 0.000000000000000000 ) ) ;
#6124 = AXIS2_PLACEMENT_3D ( 'NONE', #6868, #6963, #6270 ) ;
#6125 = CARTESIAN_POINT ( 'NONE',  ( 4.900000000000001243, -5.150515463917521686, -6.800000000000000711 ) ) ;
#6126 = DIRECTION ( 'NONE',  ( -1.000000000000000000, 0.000000000000000000, 0.000000000000000000 ) ) ;
#6127 = EDGE_LOOP ( 'NONE', ( #6467, #1026, #143, #2689 ) ) ;
#6128 = ORIENTED_EDGE ( 'NONE', *, *, #8988, .T. ) ;
#6129 = AXIS2_PLACEMENT_3D ( 'NONE', #8300, #4096, #6903 ) ;
#6130 = VECTOR ( 'NONE', #2847, 1000.000000000000000 ) ;
#6131 = CARTESIAN_POINT ( 'NONE',  ( -4.499999999999990230, 6.873989284057756956E-16, -5.800000000000008704 ) ) ;
#6132 = ORIENTED_EDGE ( 'NONE', *, *, #2078, .F. ) ;
#6133 = CARTESIAN_POINT ( 'NONE',  ( -0.5000000000000027756, 0.000000000000000000, 0.000000000000000000 ) ) ;
#6134 = EDGE_CURVE ( 'NONE', #4165, #3255, #935, .T. ) ;
#6135 = DIRECTION ( 'NONE',  ( -0.000000000000000000, -1.000000000000000000, -0.000000000000000000 ) ) ;
#6136 = ORIENTED_EDGE ( 'NONE', *, *, #7434, .T. ) ;
#6137 = PLANE ( 'NONE',  #8485 ) ;
#6138 = UNCERTAINTY_MEASURE_WITH_UNIT (LENGTH_MEASURE( 1.000000000000000082E-05 ), #736, 'distance_accuracy_value', 'NONE');
#6139 = EDGE_CURVE ( 'NONE', #1605, #8035, #7850, .T. ) ;
#6140 = AXIS2_PLACEMENT_3D ( 'NONE', #3489, #8561, #3673 ) ;
#6141 = ADVANCED_FACE ( 'NONE', ( #242 ), #8021, .T. ) ;
#6142 = ORIENTED_EDGE ( 'NONE', *, *, #6708, .T. ) ;
#6143 = VERTEX_POINT ( 'NONE', #6589 ) ;
#6144 = CARTESIAN_POINT ( 'NONE',  ( 4.900000000000001243, -3.950515463917521508, -4.900000000000009237 ) ) ;
#6145 = CARTESIAN_POINT ( 'NONE',  ( 3.499999999999998224, 0.4500000000000040079, 1.800000000000000488 ) ) ;
#6146 = VECTOR ( 'NONE', #797, 1000.000000000000000 ) ;
#6147 = EDGE_CURVE ( 'NONE', #4646, #5778, #8678, .T. ) ;
#6148 = CARTESIAN_POINT ( 'NONE',  ( -0.6500000000000019096, 0.4500000000000040079, 1.800000000000000711 ) ) ;
#6149 = CARTESIAN_POINT ( 'NONE',  ( -0.0008203932499368550568, 10.90000000000000036, 1.279727070297659203E-17 ) ) ;
#6150 = DIRECTION ( 'NONE',  ( 0.000000000000000000, 0.000000000000000000, 1.000000000000000000 ) ) ;
#6151 = ORIENTED_EDGE ( 'NONE', *, *, #8988, .F. ) ;
#6152 = ORIENTED_EDGE ( 'NONE', *, *, #621, .F. ) ;
#6153 = ORIENTED_EDGE ( 'NONE', *, *, #1606, .T. ) ;
#6154 = CARTESIAN_POINT ( 'NONE',  ( 2.999999999999998224, -3.750000000000000000, 5.000000000000000000 ) ) ;
#6155 = ORIENTED_EDGE ( 'NONE', *, *, #8392, .T. ) ;
#6156 = EDGE_CURVE ( 'NONE', #2429, #6282, #289, .T. ) ;
#6157 = CARTESIAN_POINT ( 'NONE',  ( 1.000000000000000000, 0.4499999999999487188, 4.299999999999999822 ) ) ;
#6158 = LINE ( 'NONE', #6246, #6666 ) ;
#6159 = FACE_OUTER_BOUND ( 'NONE', #4511, .T. ) ;
#6160 = VERTEX_POINT ( 'NONE', #2393 ) ;
#6161 = AXIS2_PLACEMENT_3D ( 'NONE', #171, #3678, #8518 ) ;
#6162 = ORIENTED_EDGE ( 'NONE', *, *, #4846, .T. ) ;
#6163 = DIRECTION ( 'NONE',  ( -1.000000000000000000, 0.000000000000000000, 0.000000000000000000 ) ) ;
#6164 = DIRECTION ( 'NONE',  ( 2.491288438666616105E-16, 1.000000000000000000, 3.260780805318072426E-31 ) ) ;
#6165 = EDGE_CURVE ( 'NONE', #8288, #4841, #7330, .T. ) ;
#6166 = CARTESIAN_POINT ( 'NONE',  ( -2.500000000000000000, -6.500000000000001776, 1.100000000000000089 ) ) ;
#6167 = EDGE_CURVE ( 'NONE', #1837, #7233, #6261, .T. ) ;
#6168 = DIRECTION ( 'NONE',  ( -8.850629979473506011E-17, -1.000000000000000000, 0.000000000000000000 ) ) ;
#6169 = CARTESIAN_POINT ( 'NONE',  ( 4.399999999999998579, -5.549999999999998934, 1.300000000000000266 ) ) ;
#6170 = CIRCLE ( 'NONE', #2936, 3.100000000000000977 ) ;
#6171 = PLANE ( 'NONE',  #7013 ) ;
#6172 = CARTESIAN_POINT ( 'NONE',  ( 5.238893727143786094, 0.4494845360824787361, -8.400000000000000355 ) ) ;
#6173 = VERTEX_POINT ( 'NONE', #8296 ) ;
#6174 = ORIENTED_EDGE ( 'NONE', *, *, #9082, .T. ) ;
#6175 = CIRCLE ( 'NONE', #2942, 0.5000000000000004441 ) ;
#6176 = LINE ( 'NONE', #6036, #6199 ) ;
#6177 = ORIENTED_EDGE ( 'NONE', *, *, #4627, .F. ) ;
#6178 = DIRECTION ( 'NONE',  ( 1.931541112668179645E-15, 0.000000000000000000, -1.000000000000000000 ) ) ;
#6179 = DIRECTION ( 'NONE',  ( -1.606225440719265627E-16, -1.000000000000000000, -3.102490474962827050E-31 ) ) ;
#6180 = ORIENTED_EDGE ( 'NONE', *, *, #5886, .F. ) ;
#6181 = DIRECTION ( 'NONE',  ( 0.000000000000000000, 0.000000000000000000, 1.000000000000000000 ) ) ;
#6182 = AXIS2_PLACEMENT_3D ( 'NONE', #7878, #3694, #2163 ) ;
#6183 = ADVANCED_FACE ( 'NONE', ( #8990 ), #6852, .T. ) ;
#6184 = ORIENTED_EDGE ( 'NONE', *, *, #5184, .F. ) ;
#6185 = LINE ( 'NONE', #7651, #886 ) ;
#6186 = AXIS2_PLACEMENT_3D ( 'NONE', #4580, #7389, #6693 ) ;
#6187 = CARTESIAN_POINT ( 'NONE',  ( 1.479999999999999982, 10.90000000000000036, 0.8499999999999999778 ) ) ;
#6188 = ADVANCED_FACE ( 'N', ( #8944 ), #6899, .T. ) ;
#6189 = CARTESIAN_POINT ( 'NONE',  ( 1.479999999999999982, 10.90000000000000036, 1.200000000000000178 ) ) ;
#6190 = DIRECTION ( 'NONE',  ( 1.000000000000000000, -2.491288438666616105E-16, 1.931541112668179645E-15 ) ) ;
#6191 = CARTESIAN_POINT ( 'NONE',  ( 4.500000000000002665, -3.550515463917521153, -5.900000000000000355 ) ) ;
#6192 = VECTOR ( 'NONE', #6775, 1000.000000000000000 ) ;
#6193 = AXIS2_PLACEMENT_3D ( 'NONE', #6946, #8292, #2564 ) ;
#6194 = EDGE_LOOP ( 'NONE', ( #8303, #2739, #8183, #6152, #1436 ) ) ;
#6195 = EDGE_CURVE ( 'NONE', #239, #439, #465, .T. ) ;
#6196 = ORIENTED_EDGE ( 'NONE', *, *, #4007, .T. ) ;
#6197 = DIRECTION ( 'NONE',  ( 1.000000000000000000, 0.000000000000000000, 0.000000000000000000 ) ) ;
#6198 = VERTEX_POINT ( 'NONE', #8901 ) ;
#6199 = VECTOR ( 'NONE', #1833, 1000.000000000000000 ) ;
#6200 = EDGE_CURVE ( 'NONE', #8024, #3157, #8245, .T. ) ;
#6201 = CARTESIAN_POINT ( 'NONE',  ( -3.600000000000001421, -5.150000000000000355, 5.000000000000000000 ) ) ;
#6202 = LINE ( 'NONE', #8326, #5638 ) ;
#6203 = CARTESIAN_POINT ( 'NONE',  ( 3.035766082959412415E-15, 0.4500000000000093925, 0.5000000000000000000 ) ) ;
#6204 = SHAPE_REPRESENTATION_RELATIONSHIP ( 'NONE' , 'NONE' ,  #4667, #3867 ) ;
#6205 = ADVANCED_FACE ( 'NONE', ( #2614 ), #3314, .T. ) ;
#6206 = ORIENTED_EDGE ( 'NONE', *, *, #2192, .F. ) ;
#6207 = AXIS2_PLACEMENT_3D ( 'NONE', #2238, #7724, #1407 ) ;
#6208 = AXIS2_PLACEMENT_3D ( 'NONE', #4030, #8920, #6234 ) ;
#6209 = EDGE_LOOP ( 'NONE', ( #6196, #2087, #6604, #2145, #7437, #5522, #5212, #1550, #8367, #2750 ) ) ;
#6210 = CARTESIAN_POINT ( 'NONE',  ( 0.2999999999999997669, 11.70000000000000462, 0.000000000000000000 ) ) ;
#6211 = LINE ( 'NONE', #1189, #165 ) ;
#6212 = CARTESIAN_POINT ( 'NONE',  ( -4.499999999999991118, 2.449484536082479735, -4.300000000000008704 ) ) ;
#6213 = VECTOR ( 'NONE', #5997, 1000.000000000000000 ) ;
#6214 = CARTESIAN_POINT ( 'NONE',  ( -3.878914831578275990, -0.5505154639175209308, -8.538556816112469861 ) ) ;
#6215 = CARTESIAN_POINT ( 'NONE',  ( -4.488138397514202182, -0.5505154639175205977, -10.01000000000000867 ) ) ;
#6216 = LINE ( 'NONE', #2010, #1565 ) ;
#6217 = PLANE ( 'NONE',  #8791 ) ;
#6218 = ORIENTED_EDGE ( 'NONE', *, *, #8761, .T. ) ;
#6219 = ORIENTED_EDGE ( 'NONE', *, *, #6813, .F. ) ;
#6220 = VECTOR ( 'NONE', #6812, 1000.000000000000000 ) ;
#6221 = EDGE_CURVE ( 'NONE', #533, #2799, #8472, .T. ) ;
#6222 = LINE ( 'NONE', #2016, #7668 ) ;
#6223 = VERTEX_POINT ( 'NONE', #4137 ) ;
#6224 = LINE ( 'NONE', #8209, #5020 ) ;
#6225 = CARTESIAN_POINT ( 'NONE',  ( 0.7500000000000002220, -6.400000000000000355, -1.350000000000000089 ) ) ;
#6226 = ORIENTED_EDGE ( 'NONE', *, *, #1495, .T. ) ;
#6227 = LINE ( 'NONE', #1423, #5829 ) ;
#6228 = CIRCLE ( 'NONE', #7695, 3.850000000000000089 ) ;
#6229 = CARTESIAN_POINT ( 'NONE',  ( 4.399999999999998579, 5.950000000000003730, 5.000000000000000000 ) ) ;
#6230 = ORIENTED_EDGE ( 'NONE', *, *, #8882, .T. ) ;
#6231 = ORIENTED_EDGE ( 'NONE', *, *, #551, .F. ) ;
#6232 = CARTESIAN_POINT ( 'NONE',  ( 1.750000000000000000, -5.549999999999998934, 1.000000000000000000 ) ) ;
#6233 = CIRCLE ( 'NONE', #792, 0.4000000000000001887 ) ;
#6234 = DIRECTION ( 'NONE',  ( 1.000000000000000000, 0.000000000000000000, 1.931541112668179645E-15 ) ) ;
#6235 = DIRECTION ( 'NONE',  ( 1.000000000000000000, 0.000000000000000000, 0.000000000000000000 ) ) ;
#6236 = EDGE_CURVE ( 'NONE', #3067, #2575, #6811, .T. ) ;
#6237 = DIRECTION ( 'NONE',  ( 0.4226182617407018283, 0.000000000000000000, -0.9063077870366488265 ) ) ;
#6238 = CARTESIAN_POINT ( 'NONE',  ( -2.600000000000000533, 2.849484536082479647, -5.300000000000009592 ) ) ;
#6239 = EDGE_LOOP ( 'NONE', ( #8254, #3861, #622, #632 ) ) ;
#6240 = ORIENTED_EDGE ( 'NONE', *, *, #6993, .T. ) ;
#6241 = EDGE_CURVE ( 'NONE', #2459, #1621, #4694, .T. ) ;
#6242 = LINE ( 'NONE', #3483, #7950 ) ;
#6243 = ORIENTED_EDGE ( 'NONE', *, *, #7487, .F. ) ;
#6244 = FACE_OUTER_BOUND ( 'NONE', #8928, .T. ) ;
#6245 = ADVANCED_FACE ( 'NONE', ( #5385 ), #7496, .F. ) ;
#6246 = CARTESIAN_POINT ( 'NONE',  ( -4.899999999999995914, -5.150515463917520798, -4.900000000000009237 ) ) ;
#6247 = CARTESIAN_POINT ( 'NONE',  ( -0.6500000000000019096, 0.4500000000000040079, 5.000000000000000000 ) ) ;
#6248 = LINE ( 'NONE', #2276, #5718 ) ;
#6249 = FACE_OUTER_BOUND ( 'NONE', #6660, .T. ) ;
#6250 = ORIENTED_EDGE ( 'NONE', *, *, #5456, .F. ) ;
#6251 = ORIENTED_EDGE ( 'NONE', *, *, #6021, .F. ) ;
#6252 = DIRECTION ( 'NONE',  ( 0.4226182617407018283, 0.000000000000000000, -0.9063077870366488265 ) ) ;
#6253 = B_SPLINE_CURVE_WITH_KNOTS ( 'NONE', 3,
 ( #3422, #4932, #7645, #5446 ),
 .UNSPECIFIED., .F., .F.,
 ( 4, 4 ),
 ( 1.810598475875195129E-16, 0.0007707912170036852577 ),
 .UNSPECIFIED. ) ;
#6254 = DIRECTION ( 'NONE',  ( -1.000000000000000000, 0.000000000000000000, 0.000000000000000000 ) ) ;
#6255 = DIRECTION ( 'NONE',  ( 1.000000000000000000, 0.000000000000000000, 0.000000000000000000 ) ) ;
#6256 = EDGE_CURVE ( 'NONE', #7200, #5095, #4093, .T. ) ;
#6257 = CARTESIAN_POINT ( 'NONE',  ( -4.900000000000001243, 4.336808689942018722E-16, 0.000000000000000000 ) ) ;
#6258 = CARTESIAN_POINT ( 'NONE',  ( 4.900000000000000355, 4.349484536082479202, -0.5999999999999903189 ) ) ;
#6259 = CARTESIAN_POINT ( 'NONE',  ( 1.749999999999999778, -5.549999999999998934, 1.300000000000000266 ) ) ;
#6260 = PLANE ( 'NONE',  #6586 ) ;
#6261 = CIRCLE ( 'NONE', #5664, 0.4000000000132786226 ) ;
#6262 = VERTEX_POINT ( 'NONE', #7545 ) ;
#6263 = ORIENTED_EDGE ( 'NONE', *, *, #1568, .T. ) ;
#6264 = DIRECTION ( 'NONE',  ( -0.7547095802227765660, 1.880199251759936453E-16, 0.6560590289905020578 ) ) ;
#6265 = ORIENTED_EDGE ( 'NONE', *, *, #7752, .T. ) ;
#6266 = DIRECTION ( 'NONE',  ( 1.000000000000000000, 0.000000000000000000, 0.000000000000000000 ) ) ;
#6267 = ADVANCED_FACE ( 'NONE', ( #2705 ), #8382, .T. ) ;
#6268 = CARTESIAN_POINT ( 'NONE',  ( 0.000000000000000000, -5.950000000000000178, 0.000000000000000000 ) ) ;
#6269 = VERTEX_POINT ( 'NONE', #8336 ) ;
#6270 = DIRECTION ( 'NONE',  ( 0.000000000000000000, 7.228014483236701486E-16, -1.000000000000000000 ) ) ;
#6271 = CARTESIAN_POINT ( 'NONE',  ( 0.5000000000000002220, 11.50000000000000000, 1.500000000000000000 ) ) ;
#6272 = ORIENTED_EDGE ( 'NONE', *, *, #7089, .F. ) ;
#6273 = EDGE_LOOP ( 'NONE', ( #4476, #576, #2001, #8644 ) ) ;
#6274 = DIRECTION ( 'NONE',  ( 1.000000000000000000, 0.000000000000000000, 0.000000000000000000 ) ) ;
#6275 = CARTESIAN_POINT ( 'NONE',  ( -3.500000000000001776, 0.4500000000000044520, 1.800000000000000488 ) ) ;
#6276 = AXIS2_PLACEMENT_3D ( 'NONE', #7622, #1315, #4128 ) ;
#6277 = CIRCLE ( 'NONE', #2303, 3.300000000000000266 ) ;
#6278 = DIRECTION ( 'NONE',  ( 0.000000000000000000, 0.000000000000000000, -1.000000000000000000 ) ) ;
#6279 = ADVANCED_FACE ( 'NONE', ( #5517 ), #6082, .F. ) ;
#6280 = DIRECTION ( 'NONE',  ( -0.000000000000000000, -0.000000000000000000, -1.000000000000000000 ) ) ;
#6281 = CARTESIAN_POINT ( 'NONE',  ( -4.900000000000001243, -2.450515463917521064, -0.5999999999999999778 ) ) ;
#6282 = VERTEX_POINT ( 'NONE', #7631 ) ;
#6283 = ORIENTED_EDGE ( 'NONE', *, *, #5198, .F. ) ;
#6284 = DIRECTION ( 'NONE',  ( -1.000000000000000000, 0.000000000000000000, 0.000000000000000000 ) ) ;
#6285 = EDGE_CURVE ( 'NONE', #3345, #3310, #4824, .T. ) ;
#6286 = EDGE_LOOP ( 'NONE', ( #1514, #936, #3556, #633 ) ) ;
#6287 = CARTESIAN_POINT ( 'NONE',  ( -3.650000000000001688, 4.650000000000003908, 5.599999999999999645 ) ) ;
#6288 = DIRECTION ( 'NONE',  ( -1.000000000000000000, 0.000000000000000000, 0.000000000000000000 ) ) ;
#6289 = DIRECTION ( 'NONE',  ( 0.000000000000000000, 0.000000000000000000, 1.000000000000000000 ) ) ;
#6290 = VECTOR ( 'NONE', #7436, 1000.000000000000000 ) ;
#6291 = CARTESIAN_POINT ( 'NONE',  ( 1.250000000000000222, 8.500000000000000000, 3.150000003002862314 ) ) ;
#6292 = DIRECTION ( 'NONE',  ( -0.000000000000000000, -0.000000000000000000, -1.000000000000000000 ) ) ;
#6293 = ORIENTED_EDGE ( 'NONE', *, *, #6869, .F. ) ;
#6294 = ORIENTED_EDGE ( 'NONE', *, *, #8386, .F. ) ;
#6295 = CARTESIAN_POINT ( 'NONE',  ( -2.500000000000000000, -6.400000000000000355, 0.000000000000000000 ) ) ;
#6296 = ADVANCED_FACE ( 'NONE', ( #1919 ), #1322, .T. ) ;
#6297 = CARTESIAN_POINT ( 'NONE',  ( -3.250000000000001332, -5.549999999999998934, 1.000000000000000000 ) ) ;
#6298 = DIRECTION ( 'NONE',  ( 0.000000000000000000, 0.000000000000000000, 1.000000000000000000 ) ) ;
#6299 = FACE_OUTER_BOUND ( 'NONE', #3152, .T. ) ;
#6300 = EDGE_CURVE ( 'NONE', #7328, #798, #4965, .T. ) ;
#6301 = DIRECTION ( 'NONE',  ( 0.000000000000000000, -3.469446951953610738E-16, -1.000000000000000000 ) ) ;
#6302 = CARTESIAN_POINT ( 'NONE',  ( 1.899999999999998801, 3.600000000000003642, 0.1000000000000000056 ) ) ;
#6303 = ORIENTED_EDGE ( 'NONE', *, *, #7512, .F. ) ;
#6304 = EDGE_LOOP ( 'NONE', ( #4904, #2073, #1482, #7812 ) ) ;
#6305 = EDGE_CURVE ( 'NONE', #8849, #8939, #719, .T. ) ;
#6306 = DIRECTION ( 'NONE',  ( 1.000000000000000000, 0.000000000000000000, 0.000000000000000000 ) ) ;
#6307 = VERTEX_POINT ( 'NONE', #2105 ) ;
#6308 = AXIS2_PLACEMENT_3D ( 'NONE', #2888, #5059, #5010 ) ;
#6309 = DIRECTION ( 'NONE',  ( -0.000000000000000000, -0.000000000000000000, -1.000000000000000000 ) ) ;
#6310 = CARTESIAN_POINT ( 'NONE',  ( -1.479999999999999982, 11.50000000000000000, 0.6999999999999998446 ) ) ;
#6311 = ADVANCED_FACE ( 'NONE', ( #3680 ), #7127, .T. ) ;
#6312 = ORIENTED_EDGE ( 'NONE', *, *, #2301, .T. ) ;
#6313 = LINE ( 'NONE', #521, #5980 ) ;
#6314 = LINE ( 'NONE', #4, #3245 ) ;
#6315 = CIRCLE ( 'NONE', #727, 0.4000000000000001887 ) ;
#6316 = VERTEX_POINT ( 'NONE', #1367 ) ;
#6317 = EDGE_CURVE ( 'NONE', #8665, #1403, #5014, .T. ) ;
#6318 = CARTESIAN_POINT ( 'NONE',  ( -4.900000000000000355, 4.349484536082479202, 0.4000000000000000222 ) ) ;
#6319 = CARTESIAN_POINT ( 'NONE',  ( -2.324999999999999734, -4.750515463917523107, -1.600000000000000089 ) ) ;
#6320 = AXIS2_PLACEMENT_3D ( 'NONE', #7567, #1261, #4117 ) ;
#6321 = EDGE_LOOP ( 'NONE', ( #5383, #2710, #202, #6549 ) ) ;
#6322 = PLANE ( 'NONE',  #3924 ) ;
#6323 = DIRECTION ( 'NONE',  ( -1.000000000000000000, -8.850629979473506011E-17, 0.000000000000000000 ) ) ;
#6324 = DIRECTION ( 'NONE',  ( 1.000000000000000000, 0.000000000000000000, 0.000000000000000000 ) ) ;
#6325 = EDGE_LOOP ( 'NONE', ( #4575, #3808, #1158, #205, #1110 ) ) ;
#6326 = EDGE_LOOP ( 'NONE', ( #4981, #3017, #1098, #6541, #7825, #8735, #6226 ) ) ;
#6327 = ORIENTED_EDGE ( 'NONE', *, *, #2553, .T. ) ;
#6328 = VECTOR ( 'NONE', #2676, 1000.000000000000000 ) ;
#6329 = ORIENTED_EDGE ( 'NONE', *, *, #795, .T. ) ;
#6330 = LINE ( 'NONE', #1992, #8258 ) ;
#6331 = EDGE_CURVE ( 'NONE', #2552, #8442, #37, .T. ) ;
#6332 = ORIENTED_EDGE ( 'NONE', *, *, #6647, .F. ) ;
#6333 = PLANE ( 'NONE',  #2372 ) ;
#6334 = CARTESIAN_POINT ( 'NONE',  ( 0.4999999999999987232, 0.9500000000000040634, 0.5000000000000000000 ) ) ;
#6335 = CIRCLE ( 'NONE', #4278, 3.850000000000000089 ) ;
#6336 = CARTESIAN_POINT ( 'NONE',  ( 0.8032336497292295041, 11.70000000000000462, -1.604700010220583728 ) ) ;
#6337 = VECTOR ( 'NONE', #4814, 1000.000000000000000 ) ;
#6338 = CARTESIAN_POINT ( 'NONE',  ( 3.261177379365211237, 10.20000000000000107, -0.5047000102205828620 ) ) ;
#6339 = DIRECTION ( 'NONE',  ( 0.6427876096865376976, -0.7660444431189794567, 0.000000000000000000 ) ) ;
#6340 = VERTEX_POINT ( 'NONE', #5654 ) ;
#6341 = CARTESIAN_POINT ( 'NONE',  ( 4.500000000000002665, 2.849484536082480979, -5.300000000000009592 ) ) ;
#6342 = AXIS2_PLACEMENT_3D ( 'NONE', #8443, #6999, #686 ) ;
#6343 = CARTESIAN_POINT ( 'NONE',  ( 4.500000000000002665, -1.550515463917522041, -5.800000000000000711 ) ) ;
#6344 = FACE_OUTER_BOUND ( 'NONE', #7735, .T. ) ;
#6345 = DIRECTION ( 'NONE',  ( 1.000000000000000000, -1.085300408096357451E-16, 0.000000000000000000 ) ) ;
#6346 = ADVANCED_FACE ( 'NONE', ( #6344 ), #126, .F. ) ;
#6347 = CARTESIAN_POINT ( 'NONE',  ( -0.7967663502707700296, 10.90000000000000036, -1.604700010220583728 ) ) ;
#6348 = EDGE_CURVE ( 'NONE', #2317, #8857, #1501, .T. ) ;
#6349 = AXIS2_PLACEMENT_3D ( 'NONE', #3136, #1056, #6577 ) ;
#6350 = DIRECTION ( 'NONE',  ( 0.000000000000000000, 1.000000000000000000, 0.000000000000000000 ) ) ;
#6351 = EDGE_LOOP ( 'NONE', ( #5589, #1105, #2755, #6045 ) ) ;
#6352 = PLANE ( 'NONE',  #4294 ) ;
#6353 = EDGE_LOOP ( 'NONE', ( #3050, #4747 ) ) ;
#6354 = AXIS2_PLACEMENT_3D ( 'NONE', #1396, #4169, #1097 ) ;
#6355 = DIRECTION ( 'NONE',  ( -1.000000000000000000, 0.000000000000000000, 0.000000000000000000 ) ) ;
#6356 = PLANE ( 'NONE',  #1072 ) ;
#6357 = ORIENTED_EDGE ( 'NONE', *, *, #2532, .F. ) ;
#6358 = DIRECTION ( 'NONE',  ( 0.000000000000000000, -1.000000000000000000, 0.000000000000000000 ) ) ;
#6359 = EDGE_CURVE ( 'NONE', #2224, #2566, #2282, .T. ) ;
#6360 = DIRECTION ( 'NONE',  ( 0.000000000000000000, 1.000000000000000000, 0.000000000000000000 ) ) ;
#6361 = AXIS2_PLACEMENT_3D ( 'NONE', #8863, #5355, #8167 ) ;
#6362 = EDGE_CURVE ( 'NONE', #8685, #3597, #525, .T. ) ;
#6363 = ORIENTED_EDGE ( 'NONE', *, *, #8519, .F. ) ;
#6364 = ORIENTED_EDGE ( 'NONE', *, *, #5017, .T. ) ;
#6365 = ADVANCED_FACE ( 'NONE', ( #1451 ), #7082, .F. ) ;
#6366 = CARTESIAN_POINT ( 'NONE',  ( -0.7967663502707696965, 10.20000000000000107, 1.716269817073340895E-16 ) ) ;
#6367 = DIRECTION ( 'NONE',  ( -1.000000000000000000, 1.734723475976806848E-16, 0.000000000000000000 ) ) ;
#6368 = VECTOR ( 'NONE', #5432, 1000.000000000000000 ) ;
#6369 = CARTESIAN_POINT ( 'NONE',  ( -2.291287847475519612, 1.200081081850012845E-13, 1.000000000000115907 ) ) ;
#6370 = ADVANCED_FACE ( 'NONE', ( #5794 ), #6485, .T. ) ;
#6371 = FACE_OUTER_BOUND ( 'NONE', #3612, .T. ) ;
#6372 = FACE_OUTER_BOUND ( 'NONE', #7934, .T. ) ;
#6373 = ORIENTED_EDGE ( 'NONE', *, *, #8483, .T. ) ;
#6374 = ORIENTED_EDGE ( 'NONE', *, *, #8404, .F. ) ;
#6375 = ORIENTED_EDGE ( 'NONE', *, *, #1455, .T. ) ;
#6376 = ORIENTED_EDGE ( 'NONE', *, *, #8641, .T. ) ;
#6377 = VECTOR ( 'NONE', #7083, 1000.000000000000000 ) ;
#6378 = ORIENTED_EDGE ( 'NONE', *, *, #6579, .F. ) ;
#6379 = LINE ( 'NONE', #9108, #6337 ) ;
#6380 = ORIENTED_EDGE ( 'NONE', *, *, #4202, .F. ) ;
#6381 = DIRECTION ( 'NONE',  ( 8.850629979473506011E-17, 1.000000000000000000, 3.260780805318072864E-31 ) ) ;
#6382 = CARTESIAN_POINT ( 'NONE',  ( -4.499999999999991118, 2.849484536082479647, -4.300000000000008704 ) ) ;
#6383 = CIRCLE ( 'NONE', #1236, 1.200000000000002176 ) ;
#6384 = DIRECTION ( 'NONE',  ( 0.000000000000000000, 0.000000000000000000, 1.000000000000000000 ) ) ;
#6385 = CYLINDRICAL_SURFACE ( 'NONE', #105, 3.300000000000000266 ) ;
#6386 = SHAPE_DEFINITION_REPRESENTATION ( #5130, #7088 ) ;
#6387 = ORIENTED_EDGE ( 'NONE', *, *, #3164, .T. ) ;
#6388 = ORIENTED_EDGE ( 'NONE', *, *, #4727, .F. ) ;
#6389 = PLANE ( 'NONE',  #4101 ) ;
#6390 = LINE ( 'NONE', #2891, #1785 ) ;
#6391 = CARTESIAN_POINT ( 'NONE',  ( -0.9762697651501761609, 8.500000000000000000, 3.152284464583363199 ) ) ;
#6392 = CARTESIAN_POINT ( 'NONE',  ( 1.250000000000000222, 8.500000000000000000, 3.150000003002861870 ) ) ;
#6393 = FACE_BOUND ( 'NONE', #2350, .T. ) ;
#6394 = EDGE_CURVE ( 'NONE', #8250, #7064, #2874, .T. ) ;
#6395 = CARTESIAN_POINT ( 'NONE',  ( 0.6499999999999984679, 0.4500000000000040634, 0.000000000000000000 ) ) ;
#6396 = VERTEX_POINT ( 'NONE', #2991 ) ;
#6397 = ORIENTED_EDGE ( 'NONE', *, *, #1376, .T. ) ;
#6398 = FACE_OUTER_BOUND ( 'NONE', #6543, .T. ) ;
#6399 = ORIENTED_EDGE ( 'NONE', *, *, #2714, .F. ) ;
#6400 = DIRECTION ( 'NONE',  ( 1.000000000000000000, 0.000000000000000000, 0.000000000000000000 ) ) ;
#6401 = CARTESIAN_POINT ( 'NONE',  ( -4.900000000000001243, -5.450515463917522396, 0.4000000000000000222 ) ) ;
#6402 = ORIENTED_EDGE ( 'NONE', *, *, #6601, .F. ) ;
#6403 = VECTOR ( 'NONE', #6298, 1000.000000000000000 ) ;
#6404 = CARTESIAN_POINT ( 'NONE',  ( -2.399251774991965735, 0.1649176233898168309, 1.164917623389813084 ) ) ;
#6405 = CARTESIAN_POINT ( 'NONE',  ( 1.899999999999999023, 5.100000000000004086, 0.1000000000000000056 ) ) ;
#6406 = VERTEX_POINT ( 'NONE', #176 ) ;
#6407 = ORIENTED_EDGE ( 'NONE', *, *, #8852, .F. ) ;
#6408 = DIRECTION ( 'NONE',  ( 1.000000000000000000, 8.850629979473506011E-17, 0.000000000000000000 ) ) ;
#6409 = EDGE_CURVE ( 'NONE', #6930, #3461, #5696, .T. ) ;
#6410 = CARTESIAN_POINT ( 'NONE',  ( 0.000000000000000000, 8.500000000000000000, 0.000000000000000000 ) ) ;
#6411 = DIRECTION ( 'NONE',  ( 1.121588454295349533E-16, -1.000000000000000000, 0.000000000000000000 ) ) ;
#6412 = EDGE_CURVE ( 'NONE', #4469, #4255, #8522, .T. ) ;
#6413 = DIRECTION ( 'NONE',  ( 0.7071067811865444641, -0.7071067811865505703, 0.000000000000000000 ) ) ;
#6414 = VECTOR ( 'NONE', #2021, 1000.000000000000000 ) ;
#6415 = CARTESIAN_POINT ( 'NONE',  ( -1.090871211463570800, 0.9500000000000040634, 0.5000000000000000000 ) ) ;
#6416 = VERTEX_POINT ( 'NONE', #6990 ) ;
#6417 = ORIENTED_EDGE ( 'NONE', *, *, #7948, .F. ) ;
#6418 = ORIENTED_EDGE ( 'NONE', *, *, #3385, .F. ) ;
#6419 = DIRECTION ( 'NONE',  ( 1.215054158819962036E-16, 1.000000000000000000, 0.000000000000000000 ) ) ;
#6420 = FACE_OUTER_BOUND ( 'NONE', #6127, .T. ) ;
#6421 = ADVANCED_FACE ( 'NONE', ( #3499 ), #9122, .T. ) ;
#6422 = ORIENTED_EDGE ( 'NONE', *, *, #6167, .T. ) ;
#6423 = VECTOR ( 'NONE', #4745, 1000.000000000000000 ) ;
#6424 = CARTESIAN_POINT ( 'NONE',  ( 4.399999999999998579, 0.000000000000000000, 0.1000000000000000056 ) ) ;
#6425 = CIRCLE ( 'NONE', #5987, 0.4000000000000001887 ) ;
#6426 = LINE ( 'NONE', #4854, #487 ) ;
#6427 = CARTESIAN_POINT ( 'NONE',  ( -4.899999999999987921, -1.550515463917520709, -7.400000000000009237 ) ) ;
#6428 = EDGE_CURVE ( 'NONE', #6223, #978, #1408, .T. ) ;
#6429 = PLANE ( 'NONE',  #4406 ) ;
#6430 = CARTESIAN_POINT ( 'NONE',  ( 0.000000000000000000, 10.90000000000000036, 0.000000000000000000 ) ) ;
#6431 = DIRECTION ( 'NONE',  ( -0.000000000000000000, -1.000000000000000000, -0.000000000000000000 ) ) ;
#6432 =( NAMED_UNIT ( * ) PLANE_ANGLE_UNIT ( ) SI_UNIT ( $, .RADIAN. ) );
#6433 = CIRCLE ( 'NONE', #3058, 3.399999999999999911 ) ;
#6434 = VERTEX_POINT ( 'NONE', #3729 ) ;
#6435 = DIRECTION ( 'NONE',  ( -0.000000000000000000, -0.000000000000000000, -1.000000000000000000 ) ) ;
#6436 = DIRECTION ( 'NONE',  ( -0.000000000000000000, -0.000000000000000000, -1.000000000000000000 ) ) ;
#6437 = AXIS2_PLACEMENT_3D ( 'NONE', #4766, #8180, #3946 ) ;
#6438 = DIRECTION ( 'NONE',  ( 0.000000000000000000, -1.000000000000000000, 0.000000000000000000 ) ) ;
#6439 = DIRECTION ( 'NONE',  ( 0.000000000000000000, 0.000000000000000000, 1.000000000000000000 ) ) ;
#6440 = CARTESIAN_POINT ( 'NONE',  ( -4.500000000000002665, -2.450515463917520620, -0.5999999999999996447 ) ) ;
#6441 = LINE ( 'NONE', #2331, #2611 ) ;
#6442 = ORIENTED_EDGE ( 'NONE', *, *, #3854, .F. ) ;
#6443 = ORIENTED_EDGE ( 'NONE', *, *, #4846, .F. ) ;
#6444 = VECTOR ( 'NONE', #6350, 1000.000000000000000 ) ;
#6445 = LINE ( 'NONE', #133, #4141 ) ;
#6446 = ORIENTED_EDGE ( 'NONE', *, *, #5567, .T. ) ;
#6447 = ADVANCED_FACE ( 'NONE', ( #1730 ), #363, .T. ) ;
#6448 = CARTESIAN_POINT ( 'NONE',  ( 2.900000000000000799, -6.700000000000000178, 0.000000000000000000 ) ) ;
#6449 = LINE ( 'NONE', #1695, #579 ) ;
#6450 = DIRECTION ( 'NONE',  ( 2.168404344971008079E-15, 1.000000000000000000, 0.000000000000000000 ) ) ;
#6451 = EDGE_LOOP ( 'NONE', ( #450, #8464, #1661, #4731, #3301, #3137 ) ) ;
#6452 = LINE ( 'NONE', #2955, #9080 ) ;
#6453 = DIRECTION ( 'NONE',  ( 0.000000000000000000, 0.000000000000000000, -1.000000000000000000 ) ) ;
#6454 = PRODUCT ( 'PT01-D_HOUSING', 'PT01-D_HOUSING', '', ( #8563 ) ) ;
#6455 = VERTEX_POINT ( 'NONE', #8839 ) ;
#6456 = ORIENTED_EDGE ( 'NONE', *, *, #2683, .F. ) ;
#6457 = VECTOR ( 'NONE', #7291, 1000.000000000000000 ) ;
#6458 = CARTESIAN_POINT ( 'NONE',  ( 4.466912950640278268E-14, 0.4500000000000501932, 0.5000000000000000000 ) ) ;
#6459 = ORIENTED_EDGE ( 'NONE', *, *, #8171, .F. ) ;
#6460 = CARTESIAN_POINT ( 'NONE',  ( 5.598656062889754814, -1.550515463917522041, -8.565425263470258344 ) ) ;
#6461 = VECTOR ( 'NONE', #3719, 1000.000000000000000 ) ;
#6462 = DIRECTION ( 'NONE',  ( 0.000000000000000000, 0.000000000000000000, -1.000000000000000000 ) ) ;
#6463 = EDGE_CURVE ( 'NONE', #8807, #4499, #8626, .T. ) ;
#6464 = ORIENTED_EDGE ( 'NONE', *, *, #2725, .F. ) ;
#6465 = ORIENTED_EDGE ( 'NONE', *, *, #4654, .F. ) ;
#6466 = ORIENTED_EDGE ( 'NONE', *, *, #5567, .F. ) ;
#6467 = ORIENTED_EDGE ( 'NONE', *, *, #882, .T. ) ;
#6468 = CARTESIAN_POINT ( 'NONE',  ( 4.500000000000002665, -3.550515463917521153, -4.299999999999999822 ) ) ;
#6469 = VERTEX_POINT ( 'NONE', #4503 ) ;
#6470 =( GEOMETRIC_REPRESENTATION_CONTEXT ( 3 ) GLOBAL_UNCERTAINTY_ASSIGNED_CONTEXT ( ( #2607 ) ) GLOBAL_UNIT_ASSIGNED_CONTEXT ( ( #5719, #5817, #8639 ) ) REPRESENTATION_CONTEXT ( 'NONE', 'WORKASPACE' ) );
#6471 = ADVANCED_FACE ( 'NONE', ( #8757 ), #2375, .F. ) ;
#6472 = DIRECTION ( 'NONE',  ( -0.000000000000000000, -0.000000000000000000, -1.000000000000000000 ) ) ;
#6473 = DIRECTION ( 'NONE',  ( -1.000000000000000000, 0.000000000000000000, 0.000000000000000000 ) ) ;
#6474 = CARTESIAN_POINT ( 'NONE',  ( -4.899999999999995914, -3.950515463917521508, -4.900000000000009237 ) ) ;
#6475 = DIRECTION ( 'NONE',  ( 0.000000000000000000, 1.000000000000000000, 0.000000000000000000 ) ) ;
#6476 = DIRECTION ( 'NONE',  ( 1.000000000000000000, 0.000000000000000000, 0.000000000000000000 ) ) ;
#6477 = DIRECTION ( 'NONE',  ( -1.618212197739559129E-16, 0.000000000000000000, -1.000000000000000000 ) ) ;
#6478 = EDGE_CURVE ( 'NONE', #358, #7195, #219, .T. ) ;
#6479 = CIRCLE ( 'NONE', #2495, 0.6750000000000002665 ) ;
#6480 =( NAMED_UNIT ( * ) PLANE_ANGLE_UNIT ( ) SI_UNIT ( $, .RADIAN. ) );
#6481 = ORIENTED_EDGE ( 'NONE', *, *, #8268, .F. ) ;
#6482 = CARTESIAN_POINT ( 'NONE',  ( 0.7500000000000000000, 0.4000000000000000222, 1.000000000000000000 ) ) ;
#6483 = VECTOR ( 'NONE', #5179, 1000.000000000000000 ) ;
#6484 = DIRECTION ( 'NONE',  ( 0.000000000000000000, 0.000000000000000000, 1.000000000000000000 ) ) ;
#6485 = CYLINDRICAL_SURFACE ( 'NONE', #6842, 1.199999999999993072 ) ;
#6486 = DIRECTION ( 'NONE',  ( -0.8778780114862320128, -7.769773446780631681E-17, 0.4788843252278979779 ) ) ;
#6487 = CARTESIAN_POINT ( 'NONE',  ( 0.4999999999999982792, -0.05000000000000062034, 0.5000000000000000000 ) ) ;
#6488 = EDGE_CURVE ( 'NONE', #8047, #5470, #3032, .T. ) ;
#6489 = DIRECTION ( 'NONE',  ( 1.606225440719267599E-16, 1.000000000000000000, -1.018148511238954428E-16 ) ) ;
#6490 = CIRCLE ( 'NONE', #2509, 0.2000000000000000944 ) ;
#6491 = ORIENTED_EDGE ( 'NONE', *, *, #4119, .T. ) ;
#6492 = CARTESIAN_POINT ( 'NONE',  ( 0.9827370646086341921, 10.90000000000000036, 3.150274251846084450 ) ) ;
#6493 = EDGE_LOOP ( 'NONE', ( #5084, #2866, #47, #1540, #2946, #3991, #3304 ) ) ;
#6494 = DIRECTION ( 'NONE',  ( 0.000000000000000000, 8.673617379884041389E-16, 1.000000000000000000 ) ) ;
#6495 = VECTOR ( 'NONE', #3552, 1000.000000000000000 ) ;
#6496 = DIRECTION ( 'NONE',  ( -1.000000000000000000, 0.000000000000000000, 0.000000000000000000 ) ) ;
#6497 = CIRCLE ( 'NONE', #7377, 0.1500000000000000777 ) ;
#6498 = CARTESIAN_POINT ( 'NONE',  ( 2.324999999999999734, -4.750515463917523107, -1.600000000000000089 ) ) ;
#6499 = ORIENTED_EDGE ( 'NONE', *, *, #6086, .F. ) ;
#6500 = ORIENTED_EDGE ( 'NONE', *, *, #6053, .T. ) ;
#6501 = AXIS2_PLACEMENT_3D ( 'NONE', #5792, #6567, #7354 ) ;
#6502 = AXIS2_PLACEMENT_3D ( 'NONE', #939, #2138, #3759 ) ;
#6503 = CARTESIAN_POINT ( 'NONE',  ( -3.250000000000000888, -5.549999999999999822, -6.159999999999998366 ) ) ;
#6504 = VERTEX_POINT ( 'NONE', #410 ) ;
#6505 = DIRECTION ( 'NONE',  ( -8.850629979473508477E-17, 1.000000000000000000, -1.358334161808126433E-32 ) ) ;
#6506 = AXIS2_PLACEMENT_3D ( 'NONE', #5051, #3976, #1533 ) ;
#6507 = SURFACE_STYLE_FILL_AREA ( #2216 ) ;
#6508 = EDGE_CURVE ( 'NONE', #394, #8308, #8796, .T. ) ;
#6509 = ORIENTED_EDGE ( 'NONE', *, *, #2092, .F. ) ;
#6510 = ORIENTED_EDGE ( 'NONE', *, *, #4999, .T. ) ;
#6511 = ORIENTED_EDGE ( 'NONE', *, *, #8399, .F. ) ;
#6512 = ORIENTED_EDGE ( 'NONE', *, *, #7037, .F. ) ;
#6513 = DIRECTION ( 'NONE',  ( -1.000000000000000000, -8.850629979473506011E-17, -1.535339560257681503E-32 ) ) ;
#6514 = VECTOR ( 'NONE', #3275, 1000.000000000000114 ) ;
#6515 = ORIENTED_EDGE ( 'NONE', *, *, #4164, .T. ) ;
#6516 = DIRECTION ( 'NONE',  ( 0.000000000000000000, 0.000000000000000000, 1.000000000000000000 ) ) ;
#6517 = EDGE_CURVE ( 'NONE', #4816, #5877, #5973, .T. ) ;
#6518 = FACE_OUTER_BOUND ( 'NONE', #8579, .T. ) ;
#6519 = DIRECTION ( 'NONE',  ( -4.565061778886336016E-16, -2.123492242164234689E-31, 1.000000000000000000 ) ) ;
#6520 = DIRECTION ( 'NONE',  ( 1.931541112668179251E-15, 0.000000000000000000, -1.000000000000000000 ) ) ;
#6521 = DIRECTION ( 'NONE',  ( 0.000000000000000000, 0.000000000000000000, 1.000000000000000000 ) ) ;
#6522 = CARTESIAN_POINT ( 'NONE',  ( -0.7500000000000000000, -5.549999999999998934, -1.350000000000000089 ) ) ;
#6523 = AXIS2_PLACEMENT_3D ( 'NONE', #3681, #6345, #38 ) ;
#6524 = ORIENTED_EDGE ( 'NONE', *, *, #4553, .T. ) ;
#6525 = CARTESIAN_POINT ( 'NONE',  ( -4.900000000000000355, 4.349484536082479202, -4.300000000000009592 ) ) ;
#6526 = ADVANCED_FACE ( 'NONE', ( #5286 ), #2511, .T. ) ;
#6527 = VECTOR ( 'NONE', #2342, 1000.000000000000000 ) ;
#6528 = DIRECTION ( 'NONE',  ( -0.000000000000000000, -1.000000000000000000, -0.000000000000000000 ) ) ;
#6529 = DIRECTION ( 'NONE',  ( 0.000000000000000000, 1.000000000000000000, 0.000000000000000000 ) ) ;
#6530 = CARTESIAN_POINT ( 'NONE',  ( -4.400000000000002132, -4.200000000000000178, 0.1000000000000000056 ) ) ;
#6531 = PLANE ( 'NONE',  #3635 ) ;
#6532 = DIRECTION ( 'NONE',  ( 1.000000000000000000, 0.000000000000000000, 0.000000000000000000 ) ) ;
#6533 = DIRECTION ( 'NONE',  ( 0.000000000000000000, 0.000000000000000000, -1.000000000000000000 ) ) ;
#6534 = ORIENTED_EDGE ( 'NONE', *, *, #4109, .T. ) ;
#6535 = ADVANCED_FACE ( 'NONE', ( #3218 ), #3868, .F. ) ;
#6536 = DIRECTION ( 'NONE',  ( 0.000000000000000000, 0.000000000000000000, -1.000000000000000000 ) ) ;
#6537 = CARTESIAN_POINT ( 'NONE',  ( 0.01275798393824550958, 10.20000000000000107, 0.008155582768801673127 ) ) ;
#6538 = FACE_OUTER_BOUND ( 'NONE', #6613, .T. ) ;
#6539 = DIRECTION ( 'NONE',  ( 0.000000000000000000, 1.000000000000000000, 0.000000000000000000 ) ) ;
#6540 = CARTESIAN_POINT ( 'NONE',  ( 5.538016780164206843, 0.4494845360824787361, -8.133954347177770217 ) ) ;
#6541 = ORIENTED_EDGE ( 'NONE', *, *, #8171, .T. ) ;
#6542 = ORIENTED_EDGE ( 'NONE', *, *, #3141, .F. ) ;
#6543 = EDGE_LOOP ( 'NONE', ( #301, #3537, #4177, #4631 ) ) ;
#6544 = CARTESIAN_POINT ( 'NONE',  ( 4.500000000000003553, -2.450515463917521508, -0.5999999999999902078 ) ) ;
#6545 = ADVANCED_FACE ( 'NONE', ( #8659 ), #7909, .T. ) ;
#6546 = CARTESIAN_POINT ( 'NONE',  ( 3.250000000000001332, 0.4000000000000000222, 1.300000000000000266 ) ) ;
#6547 = VECTOR ( 'NONE', #2569, 1000.000000000000114 ) ;
#6548 = EDGE_CURVE ( 'NONE', #502, #2277, #4547, .T. ) ;
#6549 = ORIENTED_EDGE ( 'NONE', *, *, #7285, .F. ) ;
#6550 = LINE ( 'NONE', #834, #1697 ) ;
#6551 = FACE_BOUND ( 'NONE', #7748, .T. ) ;
#6552 = ORIENTED_EDGE ( 'NONE', *, *, #544, .F. ) ;
#6553 = ORIENTED_EDGE ( 'NONE', *, *, #8059, .T. ) ;
#6554 = AXIS2_PLACEMENT_3D ( 'NONE', #3128, #7262, #2421 ) ;
#6555 = LINE ( 'NONE', #251, #6457 ) ;
#6556 = DIRECTION ( 'NONE',  ( 1.000000000000000000, 0.000000000000000000, 0.000000000000000000 ) ) ;
#6557 = EDGE_LOOP ( 'NONE', ( #157, #514, #5581, #1174, #6014, #1273, #2090, #4015, #5484, #8313, #3536, #7041, #350, #4797, #1780, #6998, #1427, #3560, #1457, #5417, #8676, #8109, #1291, #89, #7390, #885, #9128, #4304 ) ) ;
#6558 = DIRECTION ( 'NONE',  ( 0.000000000000000000, 1.000000000000000000, -1.018148511238955784E-16 ) ) ;
#6559 = EDGE_CURVE ( 'NONE', #887, #8731, #7406, .T. ) ;
#6560 = AXIS2_PLACEMENT_3D ( 'NONE', #6826, #4065, #606 ) ;
#6561 = DIRECTION ( 'NONE',  ( 0.000000000000000000, 0.000000000000000000, -1.000000000000000000 ) ) ;
#6562 = LINE ( 'NONE', #7858, #2038 ) ;
#6563 = DIRECTION ( 'NONE',  ( 0.000000000000000000, 0.000000000000000000, 1.000000000000000000 ) ) ;
#6564 = ORIENTED_EDGE ( 'NONE', *, *, #2864, .F. ) ;
#6565 = ORIENTED_EDGE ( 'NONE', *, *, #567, .F. ) ;
#6566 = VECTOR ( 'NONE', #8203, 1000.000000000000000 ) ;
#6567 = DIRECTION ( 'NONE',  ( 8.850629979473507244E-17, -1.000000000000000000, 0.000000000000000000 ) ) ;
#6568 = LINE ( 'NONE', #5882, #1115 ) ;
#6569 = CARTESIAN_POINT ( 'NONE',  ( -4.500000000000003553, -2.450515463917520176, 0.4000000000000000777 ) ) ;
#6570 = AXIS2_PLACEMENT_3D ( 'NONE', #2985, #7166, #4264 ) ;
#6571 = CIRCLE ( 'NONE', #8943, 0.4000000000000001887 ) ;
#6572 = LINE ( 'NONE', #270, #5691 ) ;
#6573 = LINE ( 'NONE', #8151, #4072 ) ;
#6574 = EDGE_CURVE ( 'NONE', #3933, #8139, #8004, .T. ) ;
#6575 = CARTESIAN_POINT ( 'NONE',  ( 4.500000000000002665, -3.550515463917521153, -5.900000000000000355 ) ) ;
#6576 = VECTOR ( 'NONE', #4610, 1000.000000000000000 ) ;
#6577 = DIRECTION ( 'NONE',  ( 0.000000000000000000, 0.000000000000000000, -1.000000000000000000 ) ) ;
#6578 = ORIENTED_EDGE ( 'NONE', *, *, #6139, .T. ) ;
#6579 = EDGE_CURVE ( 'NONE', #8252, #4100, #4199, .T. ) ;
#6580 = CARTESIAN_POINT ( 'NONE',  ( 4.900000000000000355, -1.550515463917522041, -7.400446128206079166 ) ) ;
#6581 = CARTESIAN_POINT ( 'NONE',  ( -4.499999999999989342, 4.049484536082480268, -4.300000000000008704 ) ) ;
#6582 = FACE_OUTER_BOUND ( 'NONE', #2486, .T. ) ;
#6583 = ORIENTED_EDGE ( 'NONE', *, *, #8667, .F. ) ;
#6584 = DIRECTION ( 'NONE',  ( -1.000000000000000000, -0.000000000000000000, -0.000000000000000000 ) ) ;
#6585 = DIRECTION ( 'NONE',  ( 0.000000000000000000, 0.000000000000000000, 1.000000000000000000 ) ) ;
#6586 = AXIS2_PLACEMENT_3D ( 'NONE', #4053, #1413, #2108 ) ;
#6587 = EDGE_CURVE ( 'NONE', #4533, #2975, #6568, .T. ) ;
#6588 = ORIENTED_EDGE ( 'NONE', *, *, #5717, .F. ) ;
#6589 = CARTESIAN_POINT ( 'NONE',  ( 4.500000000000002665, 1.449484536082478625, -5.900000000000000355 ) ) ;
#6590 = EDGE_CURVE ( 'NONE', #6916, #4642, #6618, .T. ) ;
#6591 = CYLINDRICAL_SURFACE ( 'NONE', #4718, 0.6750000000000002665 ) ;
#6592 = EDGE_LOOP ( 'NONE', ( #800, #5861 ) ) ;
#6593 = DIRECTION ( 'NONE',  ( -1.000000000000000000, 0.000000000000000000, 0.000000000000000000 ) ) ;
#6594 = CARTESIAN_POINT ( 'NONE',  ( -2.600000000000000533, 4.049484536082480268, -4.900000000000009237 ) ) ;
#6595 = EDGE_CURVE ( 'NONE', #4970, #1530, #1048, .T. ) ;
#6596 = ORIENTED_EDGE ( 'NONE', *, *, #2601, .T. ) ;
#6597 = AXIS2_PLACEMENT_3D ( 'NONE', #903, #7862, #4267 ) ;
#6598 = ORIENTED_EDGE ( 'NONE', *, *, #6788, .F. ) ;
#6599 = ORIENTED_EDGE ( 'NONE', *, *, #6909, .T. ) ;
#6600 = ORIENTED_EDGE ( 'NONE', *, *, #4042, .T. ) ;
#6601 = EDGE_CURVE ( 'NONE', #7399, #3654, #3475, .T. ) ;
#6602 = FACE_OUTER_BOUND ( 'NONE', #6325, .T. ) ;
#6603 = LINE ( 'NONE', #4350, #9 ) ;
#6604 = ORIENTED_EDGE ( 'NONE', *, *, #52, .T. ) ;
#6605 = ORIENTED_EDGE ( 'NONE', *, *, #654, .T. ) ;
#6606 = DIRECTION ( 'NONE',  ( 1.000000000000000000, 8.850629979473506011E-17, 0.000000000000000000 ) ) ;
#6607 = CIRCLE ( 'NONE', #3677, 0.6500000000000000222 ) ;
#6608 = DIRECTION ( 'NONE',  ( 0.000000000000000000, 0.000000000000000000, -1.000000000000000000 ) ) ;
#6609 = DIRECTION ( 'NONE',  ( 0.000000000000000000, 0.000000000000000000, -1.000000000000000000 ) ) ;
#6610 = LINE ( 'NONE', #1492, #7193 ) ;
#6611 = CARTESIAN_POINT ( 'NONE',  ( -4.100000000000001421, 0.4500000000000045075, 2.500000000000000000 ) ) ;
#6612 = ORIENTED_EDGE ( 'NONE', *, *, #3936, .T. ) ;
#6613 = EDGE_LOOP ( 'NONE', ( #7969, #8418, #7287, #5438 ) ) ;
#6614 = ADVANCED_FACE ( 'NONE', ( #8362 ), #7057, .T. ) ;
#6615 = VECTOR ( 'NONE', #3610, 1000.000000000000114 ) ;
#6616 = EDGE_LOOP ( 'NONE', ( #9105, #2968 ) ) ;
#6617 = FACE_OUTER_BOUND ( 'NONE', #5650, .T. ) ;
#6618 = LINE ( 'NONE', #317, #2727 ) ;
#6619 = CARTESIAN_POINT ( 'NONE',  ( 1.899999999999998801, 3.600000000000003197, 0.1000000000000000056 ) ) ;
#6620 = AXIS2_PLACEMENT_3D ( 'NONE', #2118, #8311, #2628 ) ;
#6621 = DIRECTION ( 'NONE',  ( 1.000000000000000000, 1.334402673828313339E-16, 0.000000000000000000 ) ) ;
#6622 = DIRECTION ( 'NONE',  ( -1.000000000000000000, 2.491288438666616105E-16, -1.931541112668179645E-15 ) ) ;
#6623 = VECTOR ( 'NONE', #1163, 1000.000000000000000 ) ;
#6624 = DIRECTION ( 'NONE',  ( -1.000000000000000000, 0.000000000000000000, 0.000000000000000000 ) ) ;
#6625 = CARTESIAN_POINT ( 'NONE',  ( 4.900000000000001243, -2.450515463917521064, -0.5999999999999903189 ) ) ;
#6626 = EDGE_LOOP ( 'NONE', ( #4524, #4679, #3951, #8869 ) ) ;
#6627 = DIRECTION ( 'NONE',  ( 0.000000000000000000, 0.000000000000000000, -1.000000000000000000 ) ) ;
#6628 = CARTESIAN_POINT ( 'NONE',  ( 4.900000000000000355, 2.849484536082478758, -4.900000000000009237 ) ) ;
#6629 = CARTESIAN_POINT ( 'NONE',  ( 2.600000000000000533, 6.000000000000000000, 1.500000000000000000 ) ) ;
#6630 = LINE ( 'NONE', #8903, #1856 ) ;
#6631 = VECTOR ( 'NONE', #2077, 1000.000000000000000 ) ;
#6632 = AXIS2_PLACEMENT_3D ( 'NONE', #8107, #4603, #7413 ) ;
#6633 = CARTESIAN_POINT ( 'NONE',  ( 2.900000000000001243, -6.700000000000000178, -5.750000000000000000 ) ) ;
#6634 = VERTEX_POINT ( 'NONE', #1259 ) ;
#6635 = PRODUCT_DEFINITION ( 'UNKNOWN', '', #7011, #235 ) ;
#6636 = EDGE_LOOP ( 'NONE', ( #3789, #349, #6690, #7153 ) ) ;
#6637 = DIRECTION ( 'NONE',  ( 0.000000000000000000, -1.000000000000000000, 0.000000000000000000 ) ) ;
#6638 = AXIS2_PLACEMENT_3D ( 'NONE', #2471, #5108, #1595 ) ;
#6639 = DIRECTION ( 'NONE',  ( -1.000000000000000000, 0.000000000000000000, 0.000000000000000000 ) ) ;
#6640 = EDGE_CURVE ( 'NONE', #3846, #1153, #4247, .T. ) ;
#6641 = ORIENTED_EDGE ( 'NONE', *, *, #987, .T. ) ;
#6642 = CARTESIAN_POINT ( 'NONE',  ( 1.479999999999999982, 11.50000000000000000, 0.8499999999999999778 ) ) ;
#6643 = LINE ( 'NONE', #2398, #8544 ) ;
#6644 = AXIS2_PLACEMENT_3D ( 'NONE', #5516, #7629, #1544 ) ;
#6645 = ORIENTED_EDGE ( 'NONE', *, *, #4648, .T. ) ;
#6646 = VECTOR ( 'NONE', #803, 1000.000000000000000 ) ;
#6647 = EDGE_CURVE ( 'NONE', #2950, #2313, #7014, .T. ) ;
#6648 = ORIENTED_EDGE ( 'NONE', *, *, #110, .F. ) ;
#6649 = ORIENTED_EDGE ( 'NONE', *, *, #4007, .F. ) ;
#6650 = CARTESIAN_POINT ( 'NONE',  ( -4.500000000000003553, -3.950515463917521508, -5.300000000000009592 ) ) ;
#6651 = ORIENTED_EDGE ( 'NONE', *, *, #6654, .T. ) ;
#6652 = VERTEX_POINT ( 'NONE', #6369 ) ;
#6653 = CYLINDRICAL_SURFACE ( 'NONE', #2379, 0.5000000000000000000 ) ;
#6654 = EDGE_CURVE ( 'NONE', #6634, #4605, #3520, .T. ) ;
#6655 = VECTOR ( 'NONE', #4658, 1000.000000000000000 ) ;
#6656 = CARTESIAN_POINT ( 'NONE',  ( 1.899999999999996358, -4.200000000000000178, 0.1000000000000000056 ) ) ;
#6657 = CARTESIAN_POINT ( 'NONE',  ( 4.500000000000003553, -5.150515463917521686, -4.299999999999999822 ) ) ;
#6658 = CARTESIAN_POINT ( 'NONE',  ( 0.000000000000000000, -0.5505154639175203757, 1.400000000000000577 ) ) ;
#6659 = CARTESIAN_POINT ( 'NONE',  ( -4.500000000000003553, 0.000000000000000000, 0.4000000000000000222 ) ) ;
#6660 = EDGE_LOOP ( 'NONE', ( #3817, #6329, #6704, #5867 ) ) ;
#6661 = VERTEX_POINT ( 'NONE', #4845 ) ;
#6662 = ORIENTED_EDGE ( 'NONE', *, *, #7942, .T. ) ;
#6663 = AXIS2_PLACEMENT_3D ( 'NONE', #6629, #7366, #231 ) ;
#6664 = VERTEX_POINT ( 'NONE', #3565 ) ;
#6665 = DIRECTION ( 'NONE',  ( 0.000000000000000000, 3.260780805318072864E-31, -1.000000000000000000 ) ) ;
#6666 = VECTOR ( 'NONE', #1136, 1000.000000000000000 ) ;
#6667 = EDGE_CURVE ( 'NONE', #2975, #8642, #1431, .T. ) ;
#6668 = DIRECTION ( 'NONE',  ( 0.000000000000000000, 0.000000000000000000, -1.000000000000000000 ) ) ;
#6669 = DIRECTION ( 'NONE',  ( 1.000000000000000000, 0.000000000000000000, 0.000000000000000000 ) ) ;
#6670 = DIRECTION ( 'NONE',  ( -0.000000000000000000, -1.000000000000000000, -0.000000000000000000 ) ) ;
#6671 = DIRECTION ( 'NONE',  ( 0.000000000000000000, 0.000000000000000000, 1.000000000000000000 ) ) ;
#6672 = VECTOR ( 'NONE', #8136, 1000.000000000000000 ) ;
#6673 = LINE ( 'NONE', #1096, #5905 ) ;
#6674 = CARTESIAN_POINT ( 'NONE',  ( -4.899999999999997691, 4.049484536082480268, -4.300000000000008704 ) ) ;
#6675 = VERTEX_POINT ( 'NONE', #6879 ) ;
#6676 = LINE ( 'NONE', #373, #1053 ) ;
#6677 = EDGE_CURVE ( 'NONE', #5487, #586, #12, .T. ) ;
#6678 = FACE_OUTER_BOUND ( 'NONE', #4810, .T. ) ;
#6679 = CARTESIAN_POINT ( 'NONE',  ( 2.600000000000001865, -5.150515463917521686, -5.300000000000009592 ) ) ;
#6680 = CARTESIAN_POINT ( 'NONE',  ( -4.499999999999986677, 0.4494845360824792357, -7.400446128206086271 ) ) ;
#6681 = ORIENTED_EDGE ( 'NONE', *, *, #4176, .T. ) ;
#6682 = ORIENTED_EDGE ( 'NONE', *, *, #6428, .T. ) ;
#6683 = EDGE_CURVE ( 'NONE', #6434, #2679, #572, .T. ) ;
#6684 = DIRECTION ( 'NONE',  ( 0.000000000000000000, 0.000000000000000000, 1.000000000000000000 ) ) ;
#6685 = CARTESIAN_POINT ( 'NONE',  ( -0.4999999999999997780, 11.49999999999999645, 1.500000000000000000 ) ) ;
#6686 = FACE_OUTER_BOUND ( 'NONE', #8689, .T. ) ;
#6687 = ORIENTED_EDGE ( 'NONE', *, *, #9040, .T. ) ;
#6688 = DIRECTION ( 'NONE',  ( -8.850629979473506011E-17, 1.000000000000000000, 0.000000000000000000 ) ) ;
#6689 = SURFACE_SIDE_STYLE ('',( #7469 ) ) ;
#6690 = ORIENTED_EDGE ( 'NONE', *, *, #6096, .F. ) ;
#6691 = EDGE_LOOP ( 'NONE', ( #2399, #6975, #1854, #6817 ) ) ;
#6692 = ADVANCED_FACE ( 'NONE', ( #1944 ), #4762, .T. ) ;
#6693 = DIRECTION ( 'NONE',  ( 1.000000000000000000, 0.000000000000000000, 0.000000000000000000 ) ) ;
#6694 = ORIENTED_EDGE ( 'NONE', *, *, #6919, .F. ) ;
#6695 = CARTESIAN_POINT ( 'NONE',  ( 5.259901047426962073, 0.4494845360824790137, -9.291887738487536907 ) ) ;
#6696 = EDGE_CURVE ( 'NONE', #6795, #9084, #3384, .T. ) ;
#6697 = FACE_OUTER_BOUND ( 'NONE', #4602, .T. ) ;
#6698 = DIRECTION ( 'NONE',  ( 0.000000000000000000, 1.000000000000000000, 0.000000000000000000 ) ) ;
#6699 = AXIS2_PLACEMENT_3D ( 'NONE', #8201, #5431, #2659 ) ;
#6700 = DIRECTION ( 'NONE',  ( -0.000000000000000000, -0.000000000000000000, -1.000000000000000000 ) ) ;
#6701 = VERTEX_POINT ( 'NONE', #6189 ) ;
#6702 = ORIENTED_EDGE ( 'NONE', *, *, #1400, .F. ) ;
#6703 = EDGE_CURVE ( 'NONE', #8577, #3906, #7882, .T. ) ;
#6704 = ORIENTED_EDGE ( 'NONE', *, *, #2522, .T. ) ;
#6705 = ORIENTED_EDGE ( 'NONE', *, *, #4109, .F. ) ;
#6706 = CARTESIAN_POINT ( 'NONE',  ( -0.7500000000000000000, -6.500000000000001776, 1.100000000000000089 ) ) ;
#6707 = VECTOR ( 'NONE', #4460, 999.9999999999998863 ) ;
#6708 = EDGE_CURVE ( 'NONE', #7064, #6434, #3621, .T. ) ;
#6709 = CARTESIAN_POINT ( 'NONE',  ( 3.649999999999998135, -3.750000000000000000, 5.000000000000000000 ) ) ;
#6710 = DIRECTION ( 'NONE',  ( -0.000000000000000000, -0.000000000000000000, -1.000000000000000000 ) ) ;
#6711 = CARTESIAN_POINT ( 'NONE',  ( -0.5000000000000027756, -0.05202383709185192523, 0.5000000000000000000 ) ) ;
#6712 = CARTESIAN_POINT ( 'NONE',  ( -4.900000000000000355, 4.349484536082479202, -4.900000000000009237 ) ) ;
#6713 = CARTESIAN_POINT ( 'NONE',  ( -4.899999999999987033, 0.4494845360824793468, -7.400000000000009237 ) ) ;
#6714 = AXIS2_PLACEMENT_3D ( 'NONE', #7876, #7231, #4334 ) ;
#6715 = EDGE_CURVE ( 'NONE', #1621, #3057, #3769, .T. ) ;
#6716 = ORIENTED_EDGE ( 'NONE', *, *, #952, .T. ) ;
#6717 = CARTESIAN_POINT ( 'NONE',  ( 3.261177379365211237, 10.90000000000000036, -0.5047000102205828620 ) ) ;
#6718 = CARTESIAN_POINT ( 'NONE',  ( -4.900000000000000355, 4.349484536082479202, -4.300000000000009592 ) ) ;
#6719 = EDGE_LOOP ( 'NONE', ( #4565, #3100, #5425, #2312 ) ) ;
#6720 = VECTOR ( 'NONE', #8527, 1000.000000000000000 ) ;
#6721 = CARTESIAN_POINT ( 'NONE',  ( 4.500000000000002665, 1.449484536082478625, 0.000000000000000000 ) ) ;
#6722 = AXIS2_PLACEMENT_3D ( 'NONE', #7084, #7911, #8524 ) ;
#6723 = CARTESIAN_POINT ( 'NONE',  ( 4.500000000000002665, -3.950515463917521508, -4.299999999999999822 ) ) ;
#6724 = CARTESIAN_POINT ( 'NONE',  ( -1.370000000000000329, 8.500000000000000000, 3.352688591713894439 ) ) ;
#6725 = DIRECTION ( 'NONE',  ( 0.000000000000000000, 0.000000000000000000, 1.000000000000000000 ) ) ;
#6726 = ORIENTED_EDGE ( 'NONE', *, *, #6165, .T. ) ;
#6727 =( GEOMETRIC_REPRESENTATION_CONTEXT ( 3 ) GLOBAL_UNCERTAINTY_ASSIGNED_CONTEXT ( ( #8261 ) ) GLOBAL_UNIT_ASSIGNED_CONTEXT ( ( #7672, #5424, #4175 ) ) REPRESENTATION_CONTEXT ( 'NONE', 'WORKASPACE' ) );
#6728 = VERTEX_POINT ( 'NONE', #1385 ) ;
#6729 = VECTOR ( 'NONE', #5554, 1000.000000000000000 ) ;
#6730 = ADVANCED_FACE ( 'NONE', ( #9057 ), #6322, .T. ) ;
#6731 = DIRECTION ( 'NONE',  ( -0.000000000000000000, -0.000000000000000000, -1.000000000000000000 ) ) ;
#6732 = CARTESIAN_POINT ( 'NONE',  ( -3.878914831578275990, -0.5505154639175209308, -8.538556816112469861 ) ) ;
#6733 = LINE ( 'NONE', #431, #7831 ) ;
#6734 = ORIENTED_EDGE ( 'NONE', *, *, #3545, .F. ) ;
#6735 = VECTOR ( 'NONE', #748, 1000.000000000000000 ) ;
#6736 = CARTESIAN_POINT ( 'NONE',  ( -3.400000000000003464, -0.05202383709185157135, 0.5000000000000000000 ) ) ;
#6737 = DIRECTION ( 'NONE',  ( 1.000000000000000000, -2.491288438666616105E-16, 0.000000000000000000 ) ) ;
#6738 = VERTEX_POINT ( 'NONE', #7656 ) ;
#6739 = CARTESIAN_POINT ( 'NONE',  ( -0.2999999999999958811, 11.70000000000000462, 0.000000000000000000 ) ) ;
#6740 = EDGE_LOOP ( 'NONE', ( #783, #2898, #8771, #545, #6162, #3595 ) ) ;
#6741 = DIRECTION ( 'NONE',  ( 0.000000000000000000, -1.000000000000000000, 0.000000000000000000 ) ) ;
#6742 = EDGE_CURVE ( 'NONE', #8972, #1428, #8179, .T. ) ;
#6743 = CARTESIAN_POINT ( 'NONE',  ( 4.500000000000003553, -5.150515463917521686, -4.299999999999999822 ) ) ;
#6744 = CARTESIAN_POINT ( 'NONE',  ( -5.708436666169077967, 0.4494845360824796243, -8.330000000000008953 ) ) ;
#6745 = CARTESIAN_POINT ( 'NONE',  ( 0.000000000000000000, 10.20000000000000107, -0.5047000102205828620 ) ) ;
#6746 = ORIENTED_EDGE ( 'NONE', *, *, #831, .T. ) ;
#6747 = ORIENTED_EDGE ( 'NONE', *, *, #3794, .F. ) ;
#6748 = ORIENTED_EDGE ( 'NONE', *, *, #7841, .F. ) ;
#6749 = EDGE_LOOP ( 'NONE', ( #8224, #8598, #2871, #4939 ) ) ;
#6750 = EDGE_CURVE ( 'NONE', #3226, #4633, #4897, .T. ) ;
#6751 = DIRECTION ( 'NONE',  ( -1.000000000000000000, 0.000000000000000000, 0.000000000000000000 ) ) ;
#6752 = ORIENTED_EDGE ( 'NONE', *, *, #1025, .T. ) ;
#6753 = CLOSED_SHELL ( 'NONE', ( #821, #4918, #4103, #6965, #7596, #3825, #240, #2104, #1019, #7765, #4506, #5298, #4408, #7703, #4678, #9090, #8436, #2311, #7555, #4339, #3823, #4013, #6839, #6296, #2280, #3098, #5903, #5401, #1755, #2815, #970, #1488, #1909, #5520, #1541, #7708, #5859, #5365, #3518, #7146, #1519, #6767, #1176, #2298, #5796, #2773, #4881, #739, #2776, #4501, #6370, #3608, #7714, #2320, #8752, #104, #4385, #8802, #265, #2989, #7853, #5397, #8737, #8554, #6002, #5601, #1257, #4573, #2747, #5096, #1694, #9028, #469, #6761, #1353, #2203, #7745 ) ) ;
#6754 = CARTESIAN_POINT ( 'NONE',  ( -2.500000000000000000, -6.400000000000000355, -1.350000000000000089 ) ) ;
#6755 = EDGE_CURVE ( 'NONE', #6269, #3649, #1612, .T. ) ;
#6756 = CARTESIAN_POINT ( 'NONE',  ( -4.499999999999989342, 1.449484536082479513, -5.900000000000009237 ) ) ;
#6757 = DIRECTION ( 'NONE',  ( 0.000000000000000000, 0.000000000000000000, -1.000000000000000000 ) ) ;
#6758 = VECTOR ( 'NONE', #8698, 1000.000000000000000 ) ;
#6759 = CARTESIAN_POINT ( 'NONE',  ( -0.5000000000000019984, 1.540871211463575863, 0.5000000000000000000 ) ) ;
#6760 = EDGE_LOOP ( 'NONE', ( #6524, #2176, #7528, #8895 ) ) ;
#6761 = ADVANCED_FACE ( 'NONE', ( #7845 ), #974, .F. ) ;
#6762 = CARTESIAN_POINT ( 'NONE',  ( -4.499999999999986677, -1.550515463917520709, -7.400000000000008349 ) ) ;
#6763 = LINE ( 'NONE', #6287, #5596 ) ;
#6764 = EDGE_LOOP ( 'NONE', ( #6977, #5568, #4195, #4960 ) ) ;
#6765 = COLOUR_RGB ( '',0.7921568627450980005, 0.8196078431372548767, 0.9333333333333333481 ) ;
#6766 =( LENGTH_UNIT ( ) NAMED_UNIT ( * ) SI_UNIT ( .MILLI., .METRE. ) );
#6767 = ADVANCED_FACE ( 'NONE', ( #880 ), #5081, .F. ) ;
#6768 = DIRECTION ( 'NONE',  ( 0.000000000000000000, 0.000000000000000000, -1.000000000000000000 ) ) ;
#6769 = CARTESIAN_POINT ( 'NONE',  ( 7.347880794884120229E-17, 13.19999999999999929, 0.6000000000000001998 ) ) ;
#6770 = SURFACE_STYLE_USAGE ( .BOTH. , #3277 ) ;
#6771 = CARTESIAN_POINT ( 'NONE',  ( 4.500000000000002665, -1.550515463917522041, -7.550000000000000711 ) ) ;
#6772 = AXIS2_PLACEMENT_3D ( 'NONE', #607, #5578, #2070 ) ;
#6773 = VERTEX_POINT ( 'NONE', #2965 ) ;
#6774 = FACE_OUTER_BOUND ( 'NONE', #8625, .T. ) ;
#6775 = DIRECTION ( 'NONE',  ( 1.931541112668179251E-15, 0.000000000000000000, -1.000000000000000000 ) ) ;
#6776 = AXIS2_PLACEMENT_3D ( 'NONE', #506, #420, #1190 ) ;
#6777 = CARTESIAN_POINT ( 'NONE',  ( -4.899999999999997691, -3.950515463917520620, -4.900000000000009237 ) ) ;
#6778 = AXIS2_PLACEMENT_3D ( 'NONE', #4307, #7115, #6284 ) ;
#6779 = ORIENTED_EDGE ( 'NONE', *, *, #2878, .T. ) ;
#6780 = CARTESIAN_POINT ( 'NONE',  ( -1.734723475976807094E-15, 0.4500000000000040079, 0.000000000000000000 ) ) ;
#6781 = ORIENTED_EDGE ( 'NONE', *, *, #2903, .F. ) ;
#6782 = VECTOR ( 'NONE', #1248, 1000.000000000000000 ) ;
#6783 = VECTOR ( 'NONE', #5714, 1000.000000000000000 ) ;
#6784 = DIRECTION ( 'NONE',  ( 0.000000000000000000, 1.000000000000000000, 0.000000000000000000 ) ) ;
#6785 = ORIENTED_EDGE ( 'NONE', *, *, #2467, .F. ) ;
#6786 = CARTESIAN_POINT ( 'NONE',  ( -2.350000000000001865, 4.650000000000003908, 5.599999999999999645 ) ) ;
#6787 = MECHANICAL_DESIGN_GEOMETRIC_PRESENTATION_REPRESENTATION (  '', ( #5755 ), #3273 ) ;
#6788 = EDGE_CURVE ( 'NONE', #8077, #7443, #8545, .T. ) ;
#6789 = CARTESIAN_POINT ( 'NONE',  ( -1.479999999999999982, 11.50000000000000000, 0.4999999999999993339 ) ) ;
#6790 = CIRCLE ( 'NONE', #4586, 0.4000000000000001887 ) ;
#6791 = LINE ( 'NONE', #6833, #1604 ) ;
#6792 = FACE_OUTER_BOUND ( 'NONE', #3896, .T. ) ;
#6793 = ORIENTED_EDGE ( 'NONE', *, *, #8026, .F. ) ;
#6794 = ORIENTED_EDGE ( 'NONE', *, *, #1143, .T. ) ;
#6795 = VERTEX_POINT ( 'NONE', #3059 ) ;
#6796 = CARTESIAN_POINT ( 'NONE',  ( 0.000000000000000000, 0.000000000000000000, 0.000000000000000000 ) ) ;
#6797 = CIRCLE ( 'NONE', #7085, 0.4000000000000001887 ) ;
#6798 = ORIENTED_EDGE ( 'NONE', *, *, #4699, .T. ) ;
#6799 = VECTOR ( 'NONE', #7067, 1000.000000000000000 ) ;
#6800 = CARTESIAN_POINT ( 'NONE',  ( -4.500000000000001776, 1.349484536082479647, -0.5999999999999999778 ) ) ;
#6801 = FACE_OUTER_BOUND ( 'NONE', #4543, .T. ) ;
#6802 = DIRECTION ( 'NONE',  ( -1.000000000000000000, 0.000000000000000000, 0.000000000000000000 ) ) ;
#6803 = AXIS2_PLACEMENT_3D ( 'NONE', #1334, #4835, #563 ) ;
#6804 = EDGE_LOOP ( 'NONE', ( #312, #1616, #3949, #121 ) ) ;
#6805 = ORIENTED_EDGE ( 'NONE', *, *, #1871, .F. ) ;
#6806 = EDGE_CURVE ( 'NONE', #148, #1802, #1524, .T. ) ;
#6807 = DIRECTION ( 'NONE',  ( 1.000000000000000000, 0.000000000000000000, 1.232047923278982446E-16 ) ) ;
#6808 = DIRECTION ( 'NONE',  ( 1.000000000000000000, 0.000000000000000000, 0.000000000000000000 ) ) ;
#6809 = AXIS2_PLACEMENT_3D ( 'NONE', #2387, #330, #8015 ) ;
#6810 =( NAMED_UNIT ( * ) SI_UNIT ( $, .STERADIAN. ) SOLID_ANGLE_UNIT ( ) );
#6811 = LINE ( 'NONE', #6257, #1391 ) ;
#6812 = DIRECTION ( 'NONE',  ( -0.000000000000000000, -1.000000000000000000, -0.000000000000000000 ) ) ;
#6813 = EDGE_CURVE ( 'NONE', #1633, #402, #7147, .T. ) ;
#6814 = FACE_OUTER_BOUND ( 'NONE', #2885, .T. ) ;
#6815 = LINE ( 'NONE', #1326, #3805 ) ;
#6816 = AXIS2_PLACEMENT_3D ( 'NONE', #5002, #5053, #7766 ) ;
#6817 = ORIENTED_EDGE ( 'NONE', *, *, #4463, .F. ) ;
#6818 = EDGE_LOOP ( 'NONE', ( #1184, #4442, #3324, #5682 ) ) ;
#6819 = EDGE_CURVE ( 'NONE', #2059, #8154, #2914, .T. ) ;
#6820 = PLANE ( 'NONE',  #8271 ) ;
#6821 = ORIENTED_EDGE ( 'NONE', *, *, #1332, .F. ) ;
#6822 = DIRECTION ( 'NONE',  ( 1.308519863344574291E-16, 1.000000000000000000, 0.000000000000000000 ) ) ;
#6823 = VECTOR ( 'NONE', #6609, 1000.000000000000000 ) ;
#6824 = DIRECTION ( 'NONE',  ( 1.000000000000000000, -0.000000000000000000, 1.224646799147353207E-16 ) ) ;
#6825 = EDGE_LOOP ( 'NONE', ( #8549, #738, #7142, #4210, #5957, #7198, #8274, #5929, #1041, #5694, #1142 ) ) ;
#6826 = CARTESIAN_POINT ( 'NONE',  ( 0.0008203932499369634770, 10.90000000000000036, 4.781147327278692800E-17 ) ) ;
#6827 = DIRECTION ( 'NONE',  ( -1.010091815959001126E-32, -1.141265444721583511E-16, -1.000000000000000000 ) ) ;
#6828 = ORIENTED_EDGE ( 'NONE', *, *, #4342, .F. ) ;
#6829 = ORIENTED_EDGE ( 'NONE', *, *, #2651, .T. ) ;
#6830 = CARTESIAN_POINT ( 'NONE',  ( -1.891663167769253473, 8.900000000000000355, 3.353223890482888159 ) ) ;
#6831 = FACE_OUTER_BOUND ( 'NONE', #7879, .T. ) ;
#6832 = DIRECTION ( 'NONE',  ( -2.491288438666616105E-16, -1.000000000000000000, -3.260780805318072864E-31 ) ) ;
#6833 = CARTESIAN_POINT ( 'NONE',  ( 4.900000000000000355, -3.950515463917521508, -4.299999999999999822 ) ) ;
#6834 = CARTESIAN_POINT ( 'NONE',  ( -1.479999999999999982, 11.50000000000000000, 1.000000000000000000 ) ) ;
#6835 = ORIENTED_EDGE ( 'NONE', *, *, #1298, .F. ) ;
#6836 = VERTEX_POINT ( 'NONE', #7884 ) ;
#6837 = ORIENTED_EDGE ( 'NONE', *, *, #82, .F. ) ;
#6838 = CARTESIAN_POINT ( 'NONE',  ( -1.750000000000000000, -6.400000000000000355, 1.000000000000000000 ) ) ;
#6839 = ADVANCED_FACE ( 'NONE', ( #7240 ), #2261, .T. ) ;
#6840 = EDGE_LOOP ( 'NONE', ( #4986, #5032, #462, #5391, #5856, #1032, #2971 ) ) ;
#6841 = CARTESIAN_POINT ( 'NONE',  ( 0.4000000000000008549, -6.700000000000000178, -5.750000000000000000 ) ) ;
#6842 = AXIS2_PLACEMENT_3D ( 'NONE', #5062, #7174, #4920 ) ;
#6843 = DIRECTION ( 'NONE',  ( 0.000000000000000000, 1.000000000000000000, 0.000000000000000000 ) ) ;
#6844 = DIRECTION ( 'NONE',  ( -1.000000000000000000, -2.168404344971008079E-15, 0.000000000000000000 ) ) ;
#6845 = CARTESIAN_POINT ( 'NONE',  ( 0.000000000000000000, 0.000000000000000000, 0.000000000000000000 ) ) ;
#6846 = ORIENTED_EDGE ( 'NONE', *, *, #3981, .T. ) ;
#6847 = EDGE_LOOP ( 'NONE', ( #1866, #4721, #600, #6583 ) ) ;
#6848 = DIRECTION ( 'NONE',  ( -0.4226182617407091557, 0.000000000000000000, 0.9063077870366453848 ) ) ;
#6849 = AXIS2_PLACEMENT_3D ( 'NONE', #2172, #6411, #5124 ) ;
#6850 = DIRECTION ( 'NONE',  ( 0.000000000000000000, 0.000000000000000000, 1.000000000000000000 ) ) ;
#6851 = LINE ( 'NONE', #6898, #5764 ) ;
#6852 = PLANE ( 'NONE',  #1543 ) ;
#6853 = FACE_OUTER_BOUND ( 'NONE', #1510, .T. ) ;
#6854 = AXIS2_PLACEMENT_3D ( 'NONE', #6780, #5266, #2397 ) ;
#6855 = DIRECTION ( 'NONE',  ( 0.6560590289905036121, 0.000000000000000000, -0.7547095802227752337 ) ) ;
#6856 = ADVANCED_FACE ( 'NONE', ( #5172 ), #8682, .T. ) ;
#6857 = FACE_OUTER_BOUND ( 'NONE', #2906, .T. ) ;
#6858 = ORIENTED_EDGE ( 'NONE', *, *, #4893, .F. ) ;
#6859 = ORIENTED_EDGE ( 'NONE', *, *, #4874, .T. ) ;
#6860 = VECTOR ( 'NONE', #6489, 1000.000000000000000 ) ;
#6861 = EDGE_CURVE ( 'NONE', #6340, #3358, #675, .T. ) ;
#6862 = AXIS2_PLACEMENT_3D ( 'NONE', #2284, #2943, #4275 ) ;
#6863 = DIRECTION ( 'NONE',  ( 1.000000000000000000, -1.495451272393799049E-16, 0.000000000000000000 ) ) ;
#6864 = ORIENTED_EDGE ( 'NONE', *, *, #3921, .F. ) ;
#6865 = FACE_OUTER_BOUND ( 'NONE', #3242, .T. ) ;
#6866 = CARTESIAN_POINT ( 'NONE',  ( -4.499999999999989342, 1.949484536082479957, -5.900000000000009237 ) ) ;
#6867 = ORIENTED_EDGE ( 'NONE', *, *, #987, .F. ) ;
#6868 = CARTESIAN_POINT ( 'NONE',  ( -4.499999999999989342, -2.550515463917520709, -5.800000000000008704 ) ) ;
#6869 = EDGE_CURVE ( 'NONE', #8394, #1607, #6550, .T. ) ;
#6870 = DIRECTION ( 'NONE',  ( 1.000000000000000000, -6.195440985631452852E-17, 0.000000000000000000 ) ) ;
#6871 = CIRCLE ( 'NONE', #693, 1.200000000000061240 ) ;
#6872 = EDGE_CURVE ( 'NONE', #7233, #1837, #2882, .T. ) ;
#6873 = VERTEX_POINT ( 'NONE', #7107 ) ;
#6874 = VERTEX_POINT ( 'NONE', #8638 ) ;
#6875 = EDGE_CURVE ( 'NONE', #7665, #7480, #3655, .T. ) ;
#6876 = LINE ( 'NONE', #6232, #7213 ) ;
#6877 = CARTESIAN_POINT ( 'NONE',  ( 1.899999999999998801, 0.000000000000000000, 0.000000000000000000 ) ) ;
#6878 = VECTOR ( 'NONE', #8769, 1000.000000000000000 ) ;
#6879 = CARTESIAN_POINT ( 'NONE',  ( 0.7499999999999997780, -5.549999999999999822, 1.300000000000000266 ) ) ;
#6880 = EDGE_CURVE ( 'NONE', #3257, #6916, #3015, .T. ) ;
#6881 = DIRECTION ( 'NONE',  ( -8.850629979473506011E-17, 1.000000000000000000, 0.000000000000000000 ) ) ;
#6882 = CARTESIAN_POINT ( 'NONE',  ( -4.499999999999988454, 2.449484536082480624, -5.900000000000009237 ) ) ;
#6883 = DIRECTION ( 'NONE',  ( 0.000000000000000000, 0.000000000000000000, 1.000000000000000000 ) ) ;
#6884 = ORIENTED_EDGE ( 'NONE', *, *, #5442, .T. ) ;
#6885 = VECTOR ( 'NONE', #7218, 1000.000000000000000 ) ;
#6886 = ORIENTED_EDGE ( 'NONE', *, *, #6488, .T. ) ;
#6887 = ORIENTED_EDGE ( 'NONE', *, *, #6241, .F. ) ;
#6888 = DIRECTION ( 'NONE',  ( 1.000000000000000000, 0.000000000000000000, 0.000000000000000000 ) ) ;
#6889 = ORIENTED_EDGE ( 'NONE', *, *, #6016, .T. ) ;
#6890 = FACE_OUTER_BOUND ( 'NONE', #6636, .T. ) ;
#6891 = PLANE ( 'NONE',  #2542 ) ;
#6892 = CARTESIAN_POINT ( 'NONE',  ( 4.466912950640278268E-14, 0.4500000000000501932, 0.000000000000000000 ) ) ;
#6893 = EDGE_CURVE ( 'NONE', #8461, #6109, #198, .T. ) ;
#6894 = EDGE_LOOP ( 'NONE', ( #8528, #5649, #6303, #1317 ) ) ;
#6895 = ORIENTED_EDGE ( 'NONE', *, *, #2855, .T. ) ;
#6896 = CARTESIAN_POINT ( 'NONE',  ( 0.000000000000000000, 10.90000000000000036, -1.604700010220583728 ) ) ;
#6897 = CARTESIAN_POINT ( 'NONE',  ( -4.500000000000002665, -2.450515463917520176, 0.000000000000000000 ) ) ;
#6898 = CARTESIAN_POINT ( 'NONE',  ( -4.500000000000002665, 0.000000000000000000, 0.000000000000000000 ) ) ;
#6899 = CYLINDRICAL_SURFACE ( 'NONE', #4787, 0.9999999999999995559 ) ;
#6900 = DIRECTION ( 'NONE',  ( -0.000000000000000000, -0.000000000000000000, -1.000000000000000000 ) ) ;
#6901 = VECTOR ( 'NONE', #6007, 1000.000000000000000 ) ;
#6902 = LINE ( 'NONE', #8247, #8648 ) ;
#6903 = DIRECTION ( 'NONE',  ( -1.000000000000000000, 0.000000000000000000, 0.000000000000000000 ) ) ;
#6904 = VERTEX_POINT ( 'NONE', #245 ) ;
#6905 = EDGE_LOOP ( 'NONE', ( #4706, #6985, #5751, #345 ) ) ;
#6906 = MECHANICAL_DESIGN_GEOMETRIC_PRESENTATION_REPRESENTATION (  '', ( #8981 ), #6470 ) ;
#6907 = LINE ( 'NONE', #6131, #8722 ) ;
#6908 = EDGE_LOOP ( 'NONE', ( #2392, #5128, #8119, #7179 ) ) ;
#6909 = EDGE_CURVE ( 'NONE', #4439, #4948, #7192, .T. ) ;
#6910 = LINE ( 'NONE', #601, #3855 ) ;
#6911 = LINE ( 'NONE', #8307, #7681 ) ;
#6912 = ORIENTED_EDGE ( 'NONE', *, *, #8914, .F. ) ;
#6913 = FACE_OUTER_BOUND ( 'NONE', #8926, .T. ) ;
#6914 = AXIS2_PLACEMENT_3D ( 'NONE', #7232, #6360, #7837 ) ;
#6915 = CARTESIAN_POINT ( 'NONE',  ( 2.324999999999999734, 3.649484536082479469, 0.4000000000000000222 ) ) ;
#6916 = VERTEX_POINT ( 'NONE', #1662 ) ;
#6917 = VERTEX_POINT ( 'NONE', #2310 ) ;
#6918 = PLANE ( 'NONE',  #3555 ) ;
#6919 = EDGE_CURVE ( 'NONE', #8215, #3933, #7510, .T. ) ;
#6920 = VECTOR ( 'NONE', #888, 1000.000000000000000 ) ;
#6921 = LINE ( 'NONE', #8360, #8854 ) ;
#6922 = DIRECTION ( 'NONE',  ( 0.000000000000000000, 0.000000000000000000, 1.000000000000000000 ) ) ;
#6923 = ADVANCED_FACE ( 'NONE', ( #7380 ), #2293, .T. ) ;
#6924 = DIRECTION ( 'NONE',  ( 0.000000000000000000, -1.000000000000000000, 0.000000000000000000 ) ) ;
#6925 = DIRECTION ( 'NONE',  ( -1.000000000000000000, 8.850629979473510942E-17, 0.000000000000000000 ) ) ;
#6926 = AXIS2_PLACEMENT_3D ( 'NONE', #697, #3700, #8543 ) ;
#6927 = ORIENTED_EDGE ( 'NONE', *, *, #6115, .T. ) ;
#6928 = AXIS2_PLACEMENT_3D ( 'NONE', #8884, #4038, #1226 ) ;
#6929 = ORIENTED_EDGE ( 'NONE', *, *, #1698, .T. ) ;
#6930 = VERTEX_POINT ( 'NONE', #4660 ) ;
#6931 = CARTESIAN_POINT ( 'NONE',  ( 0.003233649729229023419, 8.900000000000000355, 3.151279358214723825 ) ) ;
#6932 = EDGE_CURVE ( 'NONE', #7732, #3461, #3153, .T. ) ;
#6933 = ORIENTED_EDGE ( 'NONE', *, *, #5076, .F. ) ;
#6934 = AXIS2_PLACEMENT_3D ( 'NONE', #7320, #960, #3782 ) ;
#6935 = AXIS2_PLACEMENT_3D ( 'NONE', #449, #3256, #4656 ) ;
#6936 = CARTESIAN_POINT ( 'NONE',  ( 5.236132948075096216, -1.550515463917522041, -8.396377958773973305 ) ) ;
#6937 = DIRECTION ( 'NONE',  ( 1.000000000000000000, 0.000000000000000000, 0.000000000000000000 ) ) ;
#6938 = DIRECTION ( 'NONE',  ( -1.000000000000000000, 0.000000000000000000, 0.000000000000000000 ) ) ;
#6939 = DIRECTION ( 'NONE',  ( -0.9135454576426005335, 0.000000000000000000, 0.4067366430758009854 ) ) ;
#6940 = ORIENTED_EDGE ( 'NONE', *, *, #8028, .F. ) ;
#6941 = AXIS2_PLACEMENT_3D ( 'NONE', #3726, #8613, #2281 ) ;
#6942 = AXIS2_PLACEMENT_3D ( 'NONE', #8218, #5499, #9056 ) ;
#6943 = ORIENTED_EDGE ( 'NONE', *, *, #2259, .T. ) ;
#6944 = CARTESIAN_POINT ( 'NONE',  ( -1.062518129035794345E-14, 0.4500000000000127232, 0.5000000000000000000 ) ) ;
#6945 = EDGE_CURVE ( 'NONE', #8939, #9107, #7297, .T. ) ;
#6946 = CARTESIAN_POINT ( 'NONE',  ( -2.500000000000000000, -6.700000000000000178, -1.350000000000000089 ) ) ;
#6947 = CARTESIAN_POINT ( 'NONE',  ( 0.01275798393824550958, 10.90000000000000036, 0.008155582768801673127 ) ) ;
#6948 = CARTESIAN_POINT ( 'NONE',  ( -4.500000000000002665, 4.849484536082480091, -8.673617379884035472E-15 ) ) ;
#6949 = VECTOR ( 'NONE', #9112, 1000.000000000000000 ) ;
#6950 = DIRECTION ( 'NONE',  ( -8.850629979473508477E-17, 1.000000000000000000, -1.358334161808126433E-32 ) ) ;
#6951 = CARTESIAN_POINT ( 'NONE',  ( -3.250000000000000888, -6.700000000000000178, 1.100000000000000089 ) ) ;
#6952 = DIRECTION ( 'NONE',  ( -1.000000000000000000, 0.000000000000000000, 0.000000000000000000 ) ) ;
#6953 = FACE_OUTER_BOUND ( 'NONE', #3882, .T. ) ;
#6954 = ORIENTED_EDGE ( 'NONE', *, *, #5000, .F. ) ;
#6955 = ORIENTED_EDGE ( 'NONE', *, *, #8917, .T. ) ;
#6956 = AXIS2_PLACEMENT_3D ( 'NONE', #2615, #3968, #8202 ) ;
#6957 = FACE_OUTER_BOUND ( 'NONE', #6451, .T. ) ;
#6958 = ORIENTED_EDGE ( 'NONE', *, *, #2725, .T. ) ;
#6959 = EDGE_CURVE ( 'NONE', #5379, #6223, #5218, .T. ) ;
#6960 = CARTESIAN_POINT ( 'NONE',  ( -4.500000000000003553, -5.150515463917519909, -5.300000000000009592 ) ) ;
#6961 = LINE ( 'NONE', #1558, #36 ) ;
#6962 = ORIENTED_EDGE ( 'NONE', *, *, #7431, .T. ) ;
#6963 = DIRECTION ( 'NONE',  ( -2.491288438666602300E-16, -1.000000000000000000, -7.228014483236701486E-16 ) ) ;
#6964 = VECTOR ( 'NONE', #5287, 1000.000000000000000 ) ;
#6965 = ADVANCED_FACE ( 'NONE', ( #1159 ), #8213, .T. ) ;
#6966 = DIRECTION ( 'NONE',  ( 0.000000000000000000, 0.000000000000000000, 1.000000000000000000 ) ) ;
#6967 = VECTOR ( 'NONE', #6731, 1000.000000000000000 ) ;
#6968 = CARTESIAN_POINT ( 'NONE',  ( 0.4000000000000006328, -6.400000000000000355, -1.349999999999999867 ) ) ;
#6969 = CARTESIAN_POINT ( 'NONE',  ( 0.000000000000000000, -4.050515463917521153, 0.3999999999999986899 ) ) ;
#6970 = CARTESIAN_POINT ( 'NONE',  ( -1.479999999999999982, 11.70000000000000462, 0.4999999999999998890 ) ) ;
#6971 = DIRECTION ( 'NONE',  ( 0.000000000000000000, 0.000000000000000000, 1.000000000000000000 ) ) ;
#6972 = EDGE_CURVE ( 'NONE', #1305, #1564, #8783, .T. ) ;
#6973 = VERTEX_POINT ( 'NONE', #1209 ) ;
#6974 = ORIENTED_EDGE ( 'NONE', *, *, #551, .T. ) ;
#6975 = ORIENTED_EDGE ( 'NONE', *, *, #7374, .T. ) ;
#6976 = CARTESIAN_POINT ( 'NONE',  ( 4.399999999999998579, -5.549999999999998934, 1.000000000000000000 ) ) ;
#6977 = ORIENTED_EDGE ( 'NONE', *, *, #8501, .F. ) ;
#6978 = ADVANCED_FACE ( 'NONE', ( #8732 ), #5310, .T. ) ;
#6979 = CARTESIAN_POINT ( 'NONE',  ( -5.421010862427522170E-16, 0.4500000000000033418, 0.5000000000000000000 ) ) ;
#6980 = DIRECTION ( 'NONE',  ( 1.000000000000000000, 0.000000000000000000, 0.000000000000000000 ) ) ;
#6981 = CARTESIAN_POINT ( 'NONE',  ( 4.500000000000002665, 1.349484536082478758, -0.5999999999999916511 ) ) ;
#6982 = CARTESIAN_POINT ( 'NONE',  ( -2.350000000000001865, -3.750000000000000000, 5.599999999999999645 ) ) ;
#6983 = EDGE_CURVE ( 'NONE', #7888, #6973, #4571, .T. ) ;
#6984 = LINE ( 'NONE', #670, #7309 ) ;
#6985 = ORIENTED_EDGE ( 'NONE', *, *, #6317, .T. ) ;
#6986 = VERTEX_POINT ( 'NONE', #7426 ) ;
#6987 = DIRECTION ( 'NONE',  ( 0.000000000000000000, 0.000000000000000000, 1.000000000000000000 ) ) ;
#6988 = EDGE_CURVE ( 'NONE', #8972, #1607, #2889, .T. ) ;
#6989 = LINE ( 'NONE', #7171, #5034 ) ;
#6990 = CARTESIAN_POINT ( 'NONE',  ( 4.399999999999998579, -4.200000000000000178, 0.000000000000000000 ) ) ;
#6991 = DIRECTION ( 'NONE',  ( 0.000000000000000000, 0.000000000000000000, -1.000000000000000000 ) ) ;
#6992 = LINE ( 'NONE', #2748, #977 ) ;
#6993 = EDGE_CURVE ( 'NONE', #1153, #1087, #4526, .T. ) ;
#6994 = CARTESIAN_POINT ( 'NONE',  ( 4.500000000000002665, 0.4494845360824784586, -5.800000000000000711 ) ) ;
#6995 = AXIS2_PLACEMENT_3D ( 'NONE', #3912, #6710, #5240 ) ;
#6996 = VERTEX_POINT ( 'NONE', #3239 ) ;
#6997 = CARTESIAN_POINT ( 'NONE',  ( 0.000000000000000000, 0.000000000000000000, 0.9999999999999956701 ) ) ;
#6998 = ORIENTED_EDGE ( 'NONE', *, *, #7258, .T. ) ;
#6999 = DIRECTION ( 'NONE',  ( 0.000000000000000000, 0.000000000000000000, 1.000000000000000000 ) ) ;
#7000 = VECTOR ( 'NONE', #4651, 1000.000000000000000 ) ;
#7001 = CARTESIAN_POINT ( 'NONE',  ( -0.6700000000000000400, 11.70000000000000462, -0.5999999999999998668 ) ) ;
#7002 = EDGE_LOOP ( 'NONE', ( #3005, #4486, #5280, #384 ) ) ;
#7003 = CARTESIAN_POINT ( 'NONE',  ( 4.500000000000002665, -3.950515463917521508, -4.299999999999999822 ) ) ;
#7004 = CARTESIAN_POINT ( 'NONE',  ( -2.500000000000000000, 0.4000000000000000222, 1.000000000000000000 ) ) ;
#7005 = EDGE_CURVE ( 'NONE', #4544, #8288, #1022, .T. ) ;
#7006 = ORIENTED_EDGE ( 'NONE', *, *, #6409, .F. ) ;
#7007 = AXIS2_PLACEMENT_3D ( 'NONE', #1593, #7776, #7217 ) ;
#7008 = EDGE_LOOP ( 'NONE', ( #4982, #531, #2154, #2165 ) ) ;
#7009 = FACE_OUTER_BOUND ( 'NONE', #5445, .T. ) ;
#7010 = DIRECTION ( 'NONE',  ( 0.000000000000000000, 0.000000000000000000, -1.000000000000000000 ) ) ;
#7011 = PRODUCT_DEFINITION_FORMATION_WITH_SPECIFIED_SOURCE ( 'ANY', '', #5793, .NOT_KNOWN. ) ;
#7012 = ORIENTED_EDGE ( 'NONE', *, *, #6880, .T. ) ;
#7013 = AXIS2_PLACEMENT_3D ( 'NONE', #1875, #7588, #8946 ) ;
#7014 = LINE ( 'NONE', #9013, #7144 ) ;
#7015 = LINE ( 'NONE', #9058, #8836 ) ;
#7016 = FACE_OUTER_BOUND ( 'NONE', #5844, .T. ) ;
#7017 = EDGE_LOOP ( 'NONE', ( #5009, #6958, #2732, #5544, #3019, #7039 ) ) ;
#7018 = ORIENTED_EDGE ( 'NONE', *, *, #2603, .T. ) ;
#7019 = VERTEX_POINT ( 'NONE', #385 ) ;
#7020 = AXIS2_PLACEMENT_3D ( 'NONE', #4127, #4174, #3262 ) ;
#7021 = DIRECTION ( 'NONE',  ( 1.000000000000000000, -2.491288438666609203E-16, -9.003534458301204471E-32 ) ) ;
#7022 = ORIENTED_EDGE ( 'NONE', *, *, #4553, .F. ) ;
#7023 = CARTESIAN_POINT ( 'NONE',  ( 4.500000000000003553, 4.849484536082480091, 0.4000000000000065170 ) ) ;
#7024 = EDGE_CURVE ( 'NONE', #9085, #8886, #2581, .T. ) ;
#7025 = DIRECTION ( 'NONE',  ( 1.000000000000000000, 0.000000000000000000, 0.000000000000000000 ) ) ;
#7026 = CARTESIAN_POINT ( 'NONE',  ( 0.000000000000000000, 0.4999999999881765689, 0.000000000000000000 ) ) ;
#7027 = AXIS2_PLACEMENT_3D ( 'NONE', #9104, #6971, #6324 ) ;
#7028 = CARTESIAN_POINT ( 'NONE',  ( 1.750000000000000222, -6.700000000000000178, 0.000000000000000000 ) ) ;
#7029 = EDGE_CURVE ( 'NONE', #4255, #8194, #397, .T. ) ;
#7030 = ORIENTED_EDGE ( 'NONE', *, *, #3191, .T. ) ;
#7031 = CARTESIAN_POINT ( 'NONE',  ( -5.238893727143770107, 0.4494845360824792357, -8.400000000000009237 ) ) ;
#7032 = EDGE_CURVE ( 'NONE', #2479, #4490, #8775, .T. ) ;
#7033 = FACE_BOUND ( 'NONE', #5323, .T. ) ;
#7034 = CARTESIAN_POINT ( 'NONE',  ( -3.400000000000003464, -0.05202383709185157135, 0.5000000000000000000 ) ) ;
#7035 = CARTESIAN_POINT ( 'NONE',  ( -3.250000000000001332, -5.549999999999998934, 1.000000000000000000 ) ) ;
#7036 = FACE_OUTER_BOUND ( 'NONE', #3781, .T. ) ;
#7037 = EDGE_CURVE ( 'NONE', #978, #8402, #4621, .T. ) ;
#7038 = LINE ( 'NONE', #1242, #4972 ) ;
#7039 = ORIENTED_EDGE ( 'NONE', *, *, #5493, .T. ) ;
#7040 = DIRECTION ( 'NONE',  ( -7.228014483236699514E-16, 1.000000000000000000, 0.000000000000000000 ) ) ;
#7041 = ORIENTED_EDGE ( 'NONE', *, *, #6409, .T. ) ;
#7042 = ADVANCED_FACE ( 'NONE', ( #5357 ), #6043, .T. ) ;
#7043 = VECTOR ( 'NONE', #1557, 1000.000000000000114 ) ;
#7044 = CARTESIAN_POINT ( 'NONE',  ( 0.4710170047248282144, 8.900000000000000355, 0.2824361629302609145 ) ) ;
#7045 = DIRECTION ( 'NONE',  ( -0.000000000000000000, -0.000000000000000000, -1.000000000000000000 ) ) ;
#7046 = ORIENTED_EDGE ( 'NONE', *, *, #1364, .T. ) ;
#7047 = DIRECTION ( 'NONE',  ( 0.000000000000000000, -7.228014483236699514E-16, 1.000000000000000000 ) ) ;
#7048 = UNCERTAINTY_MEASURE_WITH_UNIT (LENGTH_MEASURE( 1.000000000000000082E-05 ), #4220, 'distance_accuracy_value', 'NONE');
#7049 =( NAMED_UNIT ( * ) PLANE_ANGLE_UNIT ( ) SI_UNIT ( $, .RADIAN. ) );
#7050 = AXIS2_PLACEMENT_3D ( 'NONE', #5586, #3476, #6323 ) ;
#7051 = ORIENTED_EDGE ( 'NONE', *, *, #3668, .T. ) ;
#7052 = EDGE_LOOP ( 'NONE', ( #925, #2119, #2383, #494, #6465 ) ) ;
#7053 = CARTESIAN_POINT ( 'NONE',  ( 6.123233995818075408E-17, 13.19999999998344720, 0.4000000000132786226 ) ) ;
#7054 = DIRECTION ( 'NONE',  ( -0.000000000000000000, -1.000000000000000000, -0.000000000000000000 ) ) ;
#7055 = AXIS2_PLACEMENT_3D ( 'NONE', #4799, #6827, #4066 ) ;
#7056 = ORIENTED_EDGE ( 'NONE', *, *, #7219, .F. ) ;
#7057 = PLANE ( 'NONE',  #529 ) ;
#7058 = CARTESIAN_POINT ( 'NONE',  ( 4.500000000000002665, 4.349484536082479202, -4.299999999999999822 ) ) ;
#7059 = CARTESIAN_POINT ( 'NONE',  ( -1.900000000000001910, -4.200000000000000178, 0.1000000000000000056 ) ) ;
#7060 = ORIENTED_EDGE ( 'NONE', *, *, #4067, .F. ) ;
#7061 = VERTEX_POINT ( 'NONE', #5577 ) ;
#7062 = VERTEX_POINT ( 'NONE', #3 ) ;
#7063 = CIRCLE ( 'NONE', #8101, 0.4000000000000001887 ) ;
#7064 = VERTEX_POINT ( 'NONE', #8260 ) ;
#7065 = LINE ( 'NONE', #2775, #6041 ) ;
#7066 = ORIENTED_EDGE ( 'NONE', *, *, #2370, .T. ) ;
#7067 = DIRECTION ( 'NONE',  ( 0.000000000000000000, 1.000000000000000000, 0.000000000000000000 ) ) ;
#7068 = ADVANCED_FACE ( 'NONE', ( #3467 ), #4887, .T. ) ;
#7069 = FACE_OUTER_BOUND ( 'NONE', #2506, .T. ) ;
#7070 = VECTOR ( 'NONE', #3419, 1000.000000000000000 ) ;
#7071 = LINE ( 'NONE', #7119, #3146 ) ;
#7072 = FACE_OUTER_BOUND ( 'NONE', #108, .T. ) ;
#7073 = ORIENTED_EDGE ( 'NONE', *, *, #8917, .F. ) ;
#7074 = EDGE_CURVE ( 'NONE', #3375, #4129, #679, .T. ) ;
#7075 = EDGE_LOOP ( 'NONE', ( #2692, #6927, #9044, #4044, #1200 ) ) ;
#7076 = ORIENTED_EDGE ( 'NONE', *, *, #5700, .F. ) ;
#7077 = CARTESIAN_POINT ( 'NONE',  ( -3.000000000000001776, 4.650000000000003908, 5.000000000000000000 ) ) ;
#7078 = VECTOR ( 'NONE', #5661, 1000.000000000000000 ) ;
#7079 = AXIS2_PLACEMENT_3D ( 'NONE', #2210, #274, #8714 ) ;
#7080 = PRODUCT_RELATED_PRODUCT_CATEGORY ( 'part', '', ( #1589 ) ) ;
#7081 = DIRECTION ( 'NONE',  ( 0.000000000000000000, 0.000000000000000000, -1.000000000000000000 ) ) ;
#7082 = PLANE ( 'NONE',  #2722 ) ;
#7083 = DIRECTION ( 'NONE',  ( 8.850629979473506011E-17, 1.000000000000000000, 0.000000000000000000 ) ) ;
#7084 = CARTESIAN_POINT ( 'NONE',  ( 2.999999999999998224, 4.650000000000004796, 5.599999999999999645 ) ) ;
#7085 = AXIS2_PLACEMENT_3D ( 'NONE', #3819, #3174, #5193 ) ;
#7086 = AXIS2_PLACEMENT_3D ( 'NONE', #5752, #4281, #5022 ) ;
#7087 = DIRECTION ( 'NONE',  ( 0.000000000000000000, 0.000000000000000000, -1.000000000000000000 ) ) ;
#7088 = SHAPE_REPRESENTATION ( 'CUI_DEVICES_PT01-D115D-B502', ( #1855, #4812, #2597 ), #1569 ) ;
#7089 = EDGE_CURVE ( 'NONE', #1765, #4863, #1701, .T. ) ;
#7090 = ORIENTED_EDGE ( 'NONE', *, *, #1302, .T. ) ;
#7091 = ORIENTED_EDGE ( 'NONE', *, *, #6478, .T. ) ;
#7092 = CARTESIAN_POINT ( 'NONE',  ( -4.900000000000000355, 0.4494845360824792357, -5.800000000000009592 ) ) ;
#7093 = VERTEX_POINT ( 'NONE', #1337 ) ;
#7094 = VECTOR ( 'NONE', #9048, 1000.000000000000000 ) ;
#7095 = AXIS2_PLACEMENT_3D ( 'NONE', #3852, #8873, #4583 ) ;
#7096 = EDGE_CURVE ( 'NONE', #3157, #4086, #1935, .T. ) ;
#7097 = DIRECTION ( 'NONE',  ( 0.000000000000000000, 0.000000000000000000, 1.000000000000000000 ) ) ;
#7098 = DIRECTION ( 'NONE',  ( 0.000000000000000000, 0.000000000000000000, 1.000000000000000000 ) ) ;
#7099 = ORIENTED_EDGE ( 'NONE', *, *, #3773, .T. ) ;
#7100 = CARTESIAN_POINT ( 'NONE',  ( 0.000000000000000000, 13.00000000009049472, 0.000000000000000000 ) ) ;
#7101 = DIRECTION ( 'NONE',  ( 0.000000000000000000, 0.000000000000000000, 1.000000000000000000 ) ) ;
#7102 = ADVANCED_FACE ( 'NONE', ( #4151 ), #4193, .T. ) ;
#7103 = AXIS2_PLACEMENT_3D ( 'NONE', #1, #5708, #8533 ) ;
#7104 = DIRECTION ( 'NONE',  ( 8.850629979473506011E-17, -1.000000000000000000, 0.000000000000000000 ) ) ;
#7105 = CARTESIAN_POINT ( 'NONE',  ( 1.899999999999998801, 3.600000000000003642, 0.1000000000000000056 ) ) ;
#7106 = VECTOR ( 'NONE', #2422, 1000.000000000000000 ) ;
#7107 = CARTESIAN_POINT ( 'NONE',  ( 0.000000000000000000, 0.5000000000000004441, -3.000000000000000444 ) ) ;
#7108 = CARTESIAN_POINT ( 'NONE',  ( 0.2999999999999997113, 11.70000000000000462, 2.299999999999999822 ) ) ;
#7109 = DIRECTION ( 'NONE',  ( 0.000000000000000000, 0.000000000000000000, -1.000000000000000000 ) ) ;
#7110 = EDGE_CURVE ( 'NONE', #1372, #8930, #6227, .T. ) ;
#7111 = ORIENTED_EDGE ( 'NONE', *, *, #5481, .F. ) ;
#7112 = VERTEX_POINT ( 'NONE', #1380 ) ;
#7113 = VECTOR ( 'NONE', #4521, 1000.000000000000000 ) ;
#7114 = VERTEX_POINT ( 'NONE', #3513 ) ;
#7115 = DIRECTION ( 'NONE',  ( 0.000000000000000000, 0.000000000000000000, -1.000000000000000000 ) ) ;
#7116 = ORIENTED_EDGE ( 'NONE', *, *, #2477, .F. ) ;
#7117 = LINE ( 'NONE', #7202, #6066 ) ;
#7118 = DIRECTION ( 'NONE',  ( 0.000000000000000000, 1.000000000000000000, 0.000000000000000000 ) ) ;
#7119 = CARTESIAN_POINT ( 'NONE',  ( -1.000000000000000222, 3.804101966249689326, 1.800000000000000488 ) ) ;
#7120 = DIRECTION ( 'NONE',  ( 1.000000000000000000, 0.000000000000000000, 0.000000000000000000 ) ) ;
#7121 = CARTESIAN_POINT ( 'NONE',  ( 4.500000000000001776, -5.950515463917520620, 6.505213034913026604E-15 ) ) ;
#7122 = EDGE_CURVE ( 'NONE', #1042, #3508, #6313, .T. ) ;
#7123 = VERTEX_POINT ( 'NONE', #650 ) ;
#7124 = EDGE_CURVE ( 'NONE', #1716, #3063, #968, .T. ) ;
#7125 = DIRECTION ( 'NONE',  ( -0.000000000000000000, -1.000000000000000000, -0.000000000000000000 ) ) ;
#7126 = LINE ( 'NONE', #6343, #179 ) ;
#7127 = PLANE ( 'NONE',  #7282 ) ;
#7128 = DIRECTION ( 'NONE',  ( 1.000000000000000000, 0.000000000000000000, 0.000000000000000000 ) ) ;
#7129 = PLANE ( 'NONE',  #1709 ) ;
#7130 = CYLINDRICAL_SURFACE ( 'NONE', #8513, 0.4000000000000001887 ) ;
#7131 = ORIENTED_EDGE ( 'NONE', *, *, #4368, .F. ) ;
#7132 = ORIENTED_EDGE ( 'NONE', *, *, #7487, .T. ) ;
#7133 = CARTESIAN_POINT ( 'NONE',  ( -1.342230922150143391, 10.90000000000000036, -3.014700010220582538 ) ) ;
#7134 = ORIENTED_EDGE ( 'NONE', *, *, #4319, .T. ) ;
#7135 = DIRECTION ( 'NONE',  ( 0.000000000000000000, 0.000000000000000000, 1.000000000000000000 ) ) ;
#7136 = ADVANCED_FACE ( 'NONE', ( #6913 ), #6137, .F. ) ;
#7137 = PLANE ( 'NONE',  #1500 ) ;
#7138 = ORIENTED_EDGE ( 'NONE', *, *, #3303, .F. ) ;
#7139 = FACE_OUTER_BOUND ( 'NONE', #5312, .T. ) ;
#7140 = CARTESIAN_POINT ( 'NONE',  ( 4.500000000000002665, -1.550515463917522041, 0.000000000000000000 ) ) ;
#7141 = ADVANCED_FACE ( 'NONE', ( #8958 ), #4798, .F. ) ;
#7142 = ORIENTED_EDGE ( 'NONE', *, *, #6708, .F. ) ;
#7143 = ORIENTED_EDGE ( 'NONE', *, *, #1964, .T. ) ;
#7144 = VECTOR ( 'NONE', #7610, 1000.000000000000000 ) ;
#7145 = DIRECTION ( 'NONE',  ( 1.000000000000000000, 0.000000000000000000, 0.000000000000000000 ) ) ;
#7146 = ADVANCED_FACE ( 'NONE', ( #7600 ), #9094, .F. ) ;
#7147 = LINE ( 'NONE', #5862, #5091 ) ;
#7148 = CARTESIAN_POINT ( 'NONE',  ( 0.000000000000000000, -6.700000000000000178, 0.000000000000000000 ) ) ;
#7149 = VECTOR ( 'NONE', #8488, 1000.000000000000000 ) ;
#7150 = ORIENTED_EDGE ( 'NONE', *, *, #8268, .T. ) ;
#7151 = EDGE_CURVE ( 'NONE', #8086, #379, #6253, .T. ) ;
#7152 = ORIENTED_EDGE ( 'NONE', *, *, #2794, .F. ) ;
#7153 = ORIENTED_EDGE ( 'NONE', *, *, #1954, .F. ) ;
#7154 = DIRECTION ( 'NONE',  ( 0.000000000000000000, 0.000000000000000000, 1.000000000000000000 ) ) ;
#7155 = ORIENTED_EDGE ( 'NONE', *, *, #3039, .T. ) ;
#7156 = CIRCLE ( 'NONE', #5703, 0.5000000000000004441 ) ;
#7157 = CARTESIAN_POINT ( 'NONE',  ( 1.097644678823669562, 10.20000000000000107, -0.5047000102205828620 ) ) ;
#7158 = AXIS2_PLACEMENT_3D ( 'NONE', #8853, #1788, #3231 ) ;
#7159 = EDGE_CURVE ( 'NONE', #2046, #5222, #203, .T. ) ;
#7160 = LINE ( 'NONE', #6092, #8135 ) ;
#7161 = DIRECTION ( 'NONE',  ( -1.000000000000000000, 0.000000000000000000, 0.000000000000000000 ) ) ;
#7162 = FACE_BOUND ( 'NONE', #685, .T. ) ;
#7163 = CARTESIAN_POINT ( 'NONE',  ( -1.750000000000000222, -5.549999999999999822, -1.350000000000000089 ) ) ;
#7164 = LINE ( 'NONE', #5004, #3792 ) ;
#7165 = AXIS2_PLACEMENT_3D ( 'NONE', #7359, #2468, #7410 ) ;
#7166 = DIRECTION ( 'NONE',  ( 0.000000000000000000, 0.000000000000000000, 1.000000000000000000 ) ) ;
#7167 = ORIENTED_EDGE ( 'NONE', *, *, #1849, .F. ) ;
#7168 = AXIS2_PLACEMENT_3D ( 'NONE', #4729, #629, #5468 ) ;
#7169 = ORIENTED_EDGE ( 'NONE', *, *, #3334, .T. ) ;
#7170 = DIRECTION ( 'NONE',  ( 0.000000000000000000, 1.000000000000000000, 0.000000000000000000 ) ) ;
#7171 = CARTESIAN_POINT ( 'NONE',  ( 3.399999999999998579, 0.9500000000000038414, 0.5000000000000000000 ) ) ;
#7172 = AXIS2_PLACEMENT_3D ( 'NONE', #8223, #1221, #575 ) ;
#7173 = EDGE_CURVE ( 'NONE', #2201, #2970, #1293, .T. ) ;
#7174 = DIRECTION ( 'NONE',  ( 0.000000000000000000, 0.000000000000000000, -1.000000000000000000 ) ) ;
#7175 = FACE_OUTER_BOUND ( 'NONE', #123, .T. ) ;
#7176 = DIRECTION ( 'NONE',  ( 0.000000000000000000, 0.000000000000000000, -1.000000000000000000 ) ) ;
#7177 = CARTESIAN_POINT ( 'NONE',  ( -0.9762697651501760499, 8.900000000000000355, 3.152284464583363199 ) ) ;
#7178 = ORIENTED_EDGE ( 'NONE', *, *, #2838, .T. ) ;
#7179 = ORIENTED_EDGE ( 'NONE', *, *, #7388, .F. ) ;
#7180 = PLANE ( 'NONE',  #4875 ) ;
#7181 = ORIENTED_EDGE ( 'NONE', *, *, #2809, .T. ) ;
#7182 = LINE ( 'NONE', #4376, #7078 ) ;
#7184 = ADVANCED_FACE ( 'NONE', ( #8398 ), #2068, .T. ) ;
#7183 = FACE_OUTER_BOUND ( 'NONE', #8356, .T. ) ;
#7185 = FACE_OUTER_BOUND ( 'NONE', #4902, .T. ) ;
#7186 = CARTESIAN_POINT ( 'NONE',  ( -3.261177379365211237, 10.90000000000000036, -0.5047000102205828620 ) ) ;
#7187 = ORIENTED_EDGE ( 'NONE', *, *, #4164, .F. ) ;
#7188 = EDGE_CURVE ( 'NONE', #7998, #447, #5676, .T. ) ;
#7189 = VERTEX_POINT ( 'NONE', #7186 ) ;
#7190 = DIRECTION ( 'NONE',  ( 0.000000000000000000, 0.000000000000000000, 1.000000000000000000 ) ) ;
#7191 = ORIENTED_EDGE ( 'NONE', *, *, #8176, .F. ) ;
#7192 = LINE ( 'NONE', #2347, #7449 ) ;
#7193 = VECTOR ( 'NONE', #6698, 1000.000000000000000 ) ;
#7194 = CARTESIAN_POINT ( 'NONE',  ( -4.899999999999989697, -3.050515463917520709, -5.900000000000010125 ) ) ;
#7195 = VERTEX_POINT ( 'NONE', #5074 ) ;
#7196 = ORIENTED_EDGE ( 'NONE', *, *, #6165, .F. ) ;
#7197 = EDGE_CURVE ( 'NONE', #5557, #5533, #4379, .T. ) ;
#7198 = ORIENTED_EDGE ( 'NONE', *, *, #7477, .T. ) ;
#7199 = DIRECTION ( 'NONE',  ( -1.000000000000000000, 0.000000000000000000, 0.000000000000000000 ) ) ;
#7200 = VERTEX_POINT ( 'NONE', #1601 ) ;
#7201 = VECTOR ( 'NONE', #2582, 1000.000000000000000 ) ;
#7202 = CARTESIAN_POINT ( 'NONE',  ( 4.500000000000002665, -2.550515463917521597, -5.900000000000000355 ) ) ;
#7203 = EDGE_CURVE ( 'NONE', #6996, #2950, #4978, .T. ) ;
#7204 = FACE_OUTER_BOUND ( 'NONE', #8688, .T. ) ;
#7205 = LINE ( 'NONE', #3898, #6901 ) ;
#7206 = LINE ( 'NONE', #164, #8155 ) ;
#7207 = DIRECTION ( 'NONE',  ( -1.000000000000000000, 0.000000000000000000, 0.000000000000000000 ) ) ;
#7208 = CARTESIAN_POINT ( 'NONE',  ( -4.400000000000002132, -5.950000000000000178, 5.000000000000000000 ) ) ;
#7209 = AXIS2_PLACEMENT_3D ( 'NONE', #8629, #51, #5031 ) ;
#7210 = EDGE_CURVE ( 'NONE', #8020, #8252, #3693, .T. ) ;
#7211 = EDGE_LOOP ( 'NONE', ( #8690, #8469, #1172, #3238 ) ) ;
#7212 = CARTESIAN_POINT ( 'NONE',  ( -1.734723475976807094E-15, 0.4500000000000040079, 1.800000000000000488 ) ) ;
#7213 = VECTOR ( 'NONE', #2863, 1000.000000000000000 ) ;
#7214 = CYLINDRICAL_SURFACE ( 'NONE', #4594, 3.000000000000000444 ) ;
#7215 = DIRECTION ( 'NONE',  ( 1.000000000000000000, 0.000000000000000000, 0.000000000000000000 ) ) ;
#7216 = FACE_OUTER_BOUND ( 'NONE', #5893, .T. ) ;
#7217 = DIRECTION ( 'NONE',  ( -1.000000000000000000, 0.000000000000000000, 0.000000000000000000 ) ) ;
#7218 = DIRECTION ( 'NONE',  ( 0.000000000000000000, 1.000000000000000000, 0.000000000000000000 ) ) ;
#7219 = EDGE_CURVE ( 'NONE', #7123, #1812, #784, .T. ) ;
#7220 = ORIENTED_EDGE ( 'NONE', *, *, #8219, .T. ) ;
#7221 = CIRCLE ( 'NONE', #4866, 0.6750000000000002665 ) ;
#7222 = VECTOR ( 'NONE', #1690, 1000.000000000000000 ) ;
#7223 = EDGE_CURVE ( 'NONE', #7561, #5222, #1466, .T. ) ;
#7224 = LINE ( 'NONE', #1003, #5175 ) ;
#7225 = ORIENTED_EDGE ( 'NONE', *, *, #4368, .T. ) ;
#7226 = CARTESIAN_POINT ( 'NONE',  ( -0.4500000000000001221, 0.4500000000000040079, 2.500000000000000000 ) ) ;
#7227 = VECTOR ( 'NONE', #6309, 1000.000000000000000 ) ;
#7228 = LINE ( 'NONE', #2952, #3528 ) ;
#7229 = DIRECTION ( 'NONE',  ( -8.850629979473506011E-17, 1.000000000000000000, 0.000000000000000000 ) ) ;
#7230 = VECTOR ( 'NONE', #3083, 1000.000000000000000 ) ;
#7231 = DIRECTION ( 'NONE',  ( 1.000000000000000000, -1.224646799147353207E-16, 8.572512939234082624E-49 ) ) ;
#7232 = CARTESIAN_POINT ( 'NONE',  ( 0.000000000000000000, 10.20000000000000107, 0.000000000000000000 ) ) ;
#7233 = VERTEX_POINT ( 'NONE', #234 ) ;
#7234 = ORIENTED_EDGE ( 'NONE', *, *, #6983, .F. ) ;
#7235 = PRESENTATION_LAYER_ASSIGNMENT (  '', '', ( #4882 ) ) ;
#7236 = EDGE_CURVE ( 'NONE', #67, #1327, #191, .T. ) ;
#7237 = DIRECTION ( 'NONE',  ( 0.000000000000000000, 1.000000000000000000, 0.000000000000000000 ) ) ;
#7238 = DIRECTION ( 'NONE',  ( 0.000000000000000000, 1.000000000000000000, 0.000000000000000000 ) ) ;
#7239 = ORIENTED_EDGE ( 'NONE', *, *, #4187, .T. ) ;
#7240 = FACE_OUTER_BOUND ( 'NONE', #3904, .T. ) ;
#7241 = AXIS2_PLACEMENT_3D ( 'NONE', #5331, #452, #6067 ) ;
#7242 = PLANE ( 'NONE',  #3534 ) ;
#7243 = VERTEX_POINT ( 'NONE', #2338 ) ;
#7244 = EDGE_LOOP ( 'NONE', ( #2447, #6357, #6418, #8600 ) ) ;
#7245 = ORIENTED_EDGE ( 'NONE', *, *, #4319, .F. ) ;
#7246 = CARTESIAN_POINT ( 'NONE',  ( -4.400000000000002132, -2.700000000000001066, 0.1000000000000000056 ) ) ;
#7247 = CIRCLE ( 'NONE', #495, 1.200000000000029932 ) ;
#7248 = ORIENTED_EDGE ( 'NONE', *, *, #5978, .F. ) ;
#7249 = LINE ( 'NONE', #4444, #1641 ) ;
#7250 = CARTESIAN_POINT ( 'NONE',  ( -4.499999999999990230, -1.550515463917520709, -5.800000000000009592 ) ) ;
#7251 = EDGE_CURVE ( 'NONE', #7421, #3755, #1560, .T. ) ;
#7252 = CARTESIAN_POINT ( 'NONE',  ( 0.000000000000000000, 13.19999999999999929, 0.000000000000000000 ) ) ;
#7253 = CARTESIAN_POINT ( 'NONE',  ( 4.500000000000002665, 0.000000000000000000, 0.000000000000000000 ) ) ;
#7254 = CARTESIAN_POINT ( 'NONE',  ( -1.900000000000001910, 5.100000000000004086, 0.1000000000000000056 ) ) ;
#7255 = AXIS2_PLACEMENT_3D ( 'NONE', #7953, #950, #4461 ) ;
#7256 = EDGE_LOOP ( 'NONE', ( #1379, #1104, #6649, #7905 ) ) ;
#7257 = ORIENTED_EDGE ( 'NONE', *, *, #4342, .T. ) ;
#7258 = EDGE_CURVE ( 'NONE', #1496, #1619, #3006, .T. ) ;
#7259 = AXIS2_PLACEMENT_3D ( 'NONE', #1168, #6832, #1848 ) ;
#7260 = DIRECTION ( 'NONE',  ( 0.000000000000000000, 1.000000000000000000, 0.000000000000000000 ) ) ;
#7261 = EDGE_CURVE ( 'NONE', #1553, #3375, #2297, .T. ) ;
#7262 = DIRECTION ( 'NONE',  ( 0.000000000000000000, 1.000000000000000000, 0.000000000000000000 ) ) ;
#7263 = CARTESIAN_POINT ( 'NONE',  ( -3.650000000000001688, -3.750000000000000000, 5.599999999999999645 ) ) ;
#7264 = CARTESIAN_POINT ( 'NONE',  ( -3.600000000000001421, 5.950000000000001954, 5.000000000000000000 ) ) ;
#7265 = DIRECTION ( 'NONE',  ( -1.000000000000000000, 0.000000000000000000, 0.000000000000000000 ) ) ;
#7266 = ORIENTED_EDGE ( 'NONE', *, *, #7642, .T. ) ;
#7267 = ADVANCED_FACE ( 'NONE', ( #3557 ), #8339, .T. ) ;
#7268 = CARTESIAN_POINT ( 'NONE',  ( -1.900000000000001910, 3.600000000000003642, 0.1000000000000000056 ) ) ;
#7269 = CARTESIAN_POINT ( 'NONE',  ( 4.500000000000002665, 2.849484536082478758, -4.900000000000009237 ) ) ;
#7270 = ORIENTED_EDGE ( 'NONE', *, *, #581, .T. ) ;
#7271 = LINE ( 'NONE', #8766, #4140 ) ;
#7272 = ADVANCED_FACE ( 'NONE', ( #7139 ), #3602, .F. ) ;
#7273 = CARTESIAN_POINT ( 'NONE',  ( -1.900000000000001910, -4.200000000000000178, 0.1000000000000000056 ) ) ;
#7274 = CARTESIAN_POINT ( 'NONE',  ( 4.399999999999998579, 0.000000000000000000, 0.000000000000000000 ) ) ;
#7275 =( LENGTH_UNIT ( ) NAMED_UNIT ( * ) SI_UNIT ( .MILLI., .METRE. ) );
#7276 = DIRECTION ( 'NONE',  ( -0.000000000000000000, -1.000000000000000000, -0.000000000000000000 ) ) ;
#7277 = CARTESIAN_POINT ( 'NONE',  ( -1.900000000000001910, -4.200000000000000178, 0.1000000000000000056 ) ) ;
#7278 = EDGE_LOOP ( 'NONE', ( #6578, #3076 ) ) ;
#7279 = EDGE_LOOP ( 'NONE', ( #1329, #8508, #5497, #207 ) ) ;
#7280 = DIRECTION ( 'NONE',  ( 0.000000000000000000, 0.000000000000000000, 1.000000000000000000 ) ) ;
#7281 = DIRECTION ( 'NONE',  ( 1.000000000000000000, 0.000000000000000000, 0.000000000000000000 ) ) ;
#7282 = AXIS2_PLACEMENT_3D ( 'NONE', #2193, #7864, #3633 ) ;
#7283 = VERTEX_POINT ( 'NONE', #3048 ) ;
#7284 = CARTESIAN_POINT ( 'NONE',  ( -5.236132948075080229, -1.550515463917520487, -8.396377958773982186 ) ) ;
#7285 = EDGE_CURVE ( 'NONE', #6652, #7420, #7652, .T. ) ;
#7286 = DIRECTION ( 'NONE',  ( 0.000000000000000000, 0.000000000000000000, 1.000000000000000000 ) ) ;
#7287 = ORIENTED_EDGE ( 'NONE', *, *, #7314, .F. ) ;
#7288 = ORIENTED_EDGE ( 'NONE', *, *, #353, .F. ) ;
#7289 = ORIENTED_EDGE ( 'NONE', *, *, #6640, .F. ) ;
#7290 = VECTOR ( 'NONE', #2819, 1000.000000000000000 ) ;
#7291 = DIRECTION ( 'NONE',  ( 2.154044051295704582E-16, 0.000000000000000000, -1.000000000000000000 ) ) ;
#7292 = LINE ( 'NONE', #7890, #2956 ) ;
#7293 = ORIENTED_EDGE ( 'NONE', *, *, #7124, .F. ) ;
#7294 = ORIENTED_EDGE ( 'NONE', *, *, #4158, .T. ) ;
#7295 = DIRECTION ( 'NONE',  ( -2.551063935260010491E-16, 1.000000000000000000, 0.000000000000000000 ) ) ;
#7296 = LINE ( 'NONE', #988, #9124 ) ;
#7297 = CIRCLE ( 'NONE', #6854, 0.6500000000000001332 ) ;
#7298 = DIRECTION ( 'NONE',  ( 1.000000000000000000, 0.000000000000000000, 0.000000000000000000 ) ) ;
#7299 = CARTESIAN_POINT ( 'NONE',  ( -3.250000000000000888, -6.700000000000000178, 0.000000000000000000 ) ) ;
#7300 = DIRECTION ( 'NONE',  ( 0.8778780114862311246, -2.187047340575287658E-16, 0.4788843252278996987 ) ) ;
#7301 = EDGE_LOOP ( 'NONE', ( #4035, #5141, #8907, #844, #6829, #3253, #7676 ) ) ;
#7302 = ORIENTED_EDGE ( 'NONE', *, *, #488, .T. ) ;
#7303 = VECTOR ( 'NONE', #5939, 1000.000000000000000 ) ;
#7304 = VECTOR ( 'NONE', #4473, 1000.000000000000000 ) ;
#7305 = ADVANCED_FACE ( 'NONE', ( #5665 ), #5030, .T. ) ;
#7306 = CARTESIAN_POINT ( 'NONE',  ( -4.899999999999995914, -3.950515463917521508, -5.300000000000009592 ) ) ;
#7307 = DIRECTION ( 'NONE',  ( 1.000000000000000000, 0.000000000000000000, 0.000000000000000000 ) ) ;
#7308 = DIRECTION ( 'NONE',  ( 1.445602896647339163E-16, 1.000000000000000000, 0.000000000000000000 ) ) ;
#7309 = VECTOR ( 'NONE', #1910, 1000.000000000000000 ) ;
#7310 = VECTOR ( 'NONE', #3533, 1000.000000000000000 ) ;
#7311 = CARTESIAN_POINT ( 'NONE',  ( 4.399999999999998579, -5.549999999999998934, 1.000000000000000000 ) ) ;
#7312 = CARTESIAN_POINT ( 'NONE',  ( 1.750000000000000000, -5.549999999999998934, 1.000000000000000000 ) ) ;
#7313 = EDGE_LOOP ( 'NONE', ( #2554, #3213, #2777, #3992, #5799 ) ) ;
#7314 = EDGE_CURVE ( 'NONE', #2122, #4347, #6452, .T. ) ;
#7315 = PLANE ( 'NONE',  #7957 ) ;
#7316 = CIRCLE ( 'NONE', #7172, 0.6750000000000002665 ) ;
#7317 = DIRECTION ( 'NONE',  ( -0.000000000000000000, -1.000000000000000000, -0.000000000000000000 ) ) ;
#7318 = ORIENTED_EDGE ( 'NONE', *, *, #2938, .T. ) ;
#7319 = EDGE_CURVE ( 'NONE', #7337, #5958, #5852, .T. ) ;
#7320 = CARTESIAN_POINT ( 'NONE',  ( 3.035766082959412415E-15, 0.4500000000000093925, 0.000000000000000000 ) ) ;
#7321 = CARTESIAN_POINT ( 'NONE',  ( 2.291287847475519168, 1.198975551405447879E-13, 1.000000000000116129 ) ) ;
#7322 = CARTESIAN_POINT ( 'NONE',  ( -4.500000000000002665, 4.849484536082480979, 0.3999999999999913625 ) ) ;
#7323 = EDGE_CURVE ( 'NONE', #8665, #1001, #2254, .T. ) ;
#7324 = CARTESIAN_POINT ( 'NONE',  ( 4.500000000000003553, -3.950515463917520620, -5.300000000000009592 ) ) ;
#7325 = DIRECTION ( 'NONE',  ( 0.000000000000000000, 0.000000000000000000, 1.000000000000000000 ) ) ;
#7326 = VECTOR ( 'NONE', #8162, 1000.000000000000000 ) ;
#7327 = ORIENTED_EDGE ( 'NONE', *, *, #7990, .T. ) ;
#7328 = VERTEX_POINT ( 'NONE', #1150 ) ;
#7329 = EDGE_CURVE ( 'NONE', #446, #4395, #5834, .T. ) ;
#7330 = LINE ( 'NONE', #1067, #3298 ) ;
#7331 = CARTESIAN_POINT ( 'NONE',  ( 0.000000000000000000, 2.950000000000003730, 0.000000000000000000 ) ) ;
#7332 = ORIENTED_EDGE ( 'NONE', *, *, #501, .F. ) ;
#7333 = CARTESIAN_POINT ( 'NONE',  ( 0.000000000000000000, -2.050000000000001155, 0.000000000000000000 ) ) ;
#7334 = DIRECTION ( 'NONE',  ( -1.000000000000000000, 0.000000000000000000, 0.000000000000000000 ) ) ;
#7335 = ORIENTED_EDGE ( 'NONE', *, *, #3660, .F. ) ;
#7336 = CIRCLE ( 'NONE', #6597, 0.6500000000000001332 ) ;
#7337 = VERTEX_POINT ( 'NONE', #5256 ) ;
#7338 = ORIENTED_EDGE ( 'NONE', *, *, #1140, .T. ) ;
#7339 = FACE_OUTER_BOUND ( 'NONE', #7460, .T. ) ;
#7340 = ORIENTED_EDGE ( 'NONE', *, *, #6893, .T. ) ;
#7341 = ORIENTED_EDGE ( 'NONE', *, *, #5246, .F. ) ;
#7342 = CARTESIAN_POINT ( 'NONE',  ( 0.8032336497292290600, 10.20000000000000107, 1.730200664999783971E-16 ) ) ;
#7343 = CIRCLE ( 'NONE', #1166, 0.4000000000000001887 ) ;
#7344 = PLANE ( 'NONE',  #4689 ) ;
#7345 = FACE_OUTER_BOUND ( 'NONE', #3189, .T. ) ;
#7346 = CARTESIAN_POINT ( 'NONE',  ( -0.7967663502707700296, 11.70000000000000462, -1.604700010220583728 ) ) ;
#7347 = LINE ( 'NONE', #6522, #5265 ) ;
#7348 = VERTEX_POINT ( 'NONE', #1830 ) ;
#7349 = VERTEX_POINT ( 'NONE', #1742 ) ;
#7350 = VERTEX_POINT ( 'NONE', #6679 ) ;
#7351 = AXIS2_PLACEMENT_3D ( 'NONE', #8137, #1809, #2499 ) ;
#7352 = ORIENTED_EDGE ( 'NONE', *, *, #221, .F. ) ;
#7353 = EDGE_CURVE ( 'NONE', #6198, #1227, #7418, .T. ) ;
#7354 = DIRECTION ( 'NONE',  ( 1.000000000000000000, 8.850629979473507244E-17, 0.000000000000000000 ) ) ;
#7355 = CARTESIAN_POINT ( 'NONE',  ( -4.500000000000001776, 4.349484536082480091, -8.673617379884035472E-15 ) ) ;
#7356 = CARTESIAN_POINT ( 'NONE',  ( 0.000000000000000000, 0.000000000000000000, 0.5000000000000000000 ) ) ;
#7357 = AXIS2_PLACEMENT_3D ( 'NONE', #4107, #1252, #5623 ) ;
#7358 = CARTESIAN_POINT ( 'NONE',  ( 0.6700000000000003730, 11.70000000000000462, 0.5999999999999998668 ) ) ;
#7359 = CARTESIAN_POINT ( 'NONE',  ( -1.084202172485504434E-16, 0.4500000000000592970, 2.100000000000000089 ) ) ;
#7360 = ORIENTED_EDGE ( 'NONE', *, *, #4838, .F. ) ;
#7361 = CIRCLE ( 'NONE', #5012, 0.6000000000000001998 ) ;
#7362 = CARTESIAN_POINT ( 'NONE',  ( 2.100000000000000089, -6.700000000000000178, 0.000000000000000000 ) ) ;
#7363 = CARTESIAN_POINT ( 'NONE',  ( -1.750000000000000000, -6.700000000000000178, 1.000000000000000000 ) ) ;
#7364 = ORIENTED_EDGE ( 'NONE', *, *, #7752, .F. ) ;
#7365 = CARTESIAN_POINT ( 'NONE',  ( 0.7500000000000001110, -6.700000000000000178, 1.000000000000000000 ) ) ;
#7366 = DIRECTION ( 'NONE',  ( 1.251002506714043540E-16, 0.000000000000000000, -1.000000000000000000 ) ) ;
#7367 = DIRECTION ( 'NONE',  ( 1.931541112668179251E-15, 0.000000000000000000, -1.000000000000000000 ) ) ;
#7368 = EDGE_CURVE ( 'NONE', #6023, #8849, #683, .T. ) ;
#7369 = VECTOR ( 'NONE', #3428, 1000.000000000000000 ) ;
#7370 = AXIS2_PLACEMENT_3D ( 'NONE', #7678, #5559, #8380 ) ;
#7371 = DIRECTION ( 'NONE',  ( 1.000000000000000000, 0.000000000000000000, 0.000000000000000000 ) ) ;
#7372 = ORIENTED_EDGE ( 'NONE', *, *, #9052, .F. ) ;
#7373 = ORIENTED_EDGE ( 'NONE', *, *, #1880, .T. ) ;
#7374 = EDGE_CURVE ( 'NONE', #8878, #7243, #3833, .T. ) ;
#7375 = CARTESIAN_POINT ( 'NONE',  ( 3.250000000000000888, -6.400000000000000355, 1.000000000000000000 ) ) ;
#7376 = CIRCLE ( 'NONE', #6342, 3.399999999999999911 ) ;
#7377 = AXIS2_PLACEMENT_3D ( 'NONE', #8859, #4703, #1928 ) ;
#7378 = CARTESIAN_POINT ( 'NONE',  ( -4.900000000000001243, -2.550515463917520265, -5.800000000000009592 ) ) ;
#7379 = ORIENTED_EDGE ( 'NONE', *, *, #8410, .T. ) ;
#7380 = FACE_OUTER_BOUND ( 'NONE', #7839, .T. ) ;
#7381 = EDGE_CURVE ( 'NONE', #2223, #7451, #1651, .T. ) ;
#7382 = CARTESIAN_POINT ( 'NONE',  ( -4.400000000000002132, -5.150000000000000355, 5.000000000000000000 ) ) ;
#7383 = VECTOR ( 'NONE', #6255, 1000.000000000000000 ) ;
#7384 = VECTOR ( 'NONE', #8157, 1000.000000000000000 ) ;
#7385 = ORIENTED_EDGE ( 'NONE', *, *, #3910, .F. ) ;
#7386 = ORIENTED_EDGE ( 'NONE', *, *, #3807, .F. ) ;
#7387 = ORIENTED_EDGE ( 'NONE', *, *, #6574, .F. ) ;
#7388 = EDGE_CURVE ( 'NONE', #8685, #6469, #9087, .T. ) ;
#7389 = DIRECTION ( 'NONE',  ( 0.000000000000000000, 0.000000000000000000, 1.000000000000000000 ) ) ;
#7390 = ORIENTED_EDGE ( 'NONE', *, *, #1969, .F. ) ;
#7391 = ORIENTED_EDGE ( 'NONE', *, *, #1206, .T. ) ;
#7392 = CARTESIAN_POINT ( 'NONE',  ( -4.488138397514202182, -0.5505154639175205977, -10.01000000000000867 ) ) ;
#7393 = EDGE_CURVE ( 'NONE', #6406, #694, #6630, .T. ) ;
#7394 = LINE ( 'NONE', #4494, #3444 ) ;
#7395 = DIRECTION ( 'NONE',  ( 1.000000000000000000, 0.000000000000000000, 0.000000000000000000 ) ) ;
#7396 = LINE ( 'NONE', #5277, #3506 ) ;
#7397 = MANIFOLD_SOLID_BREP ( 'Body-Move/Copy1[1]', #7474 ) ;
#7398 = ORIENTED_EDGE ( 'NONE', *, *, #5214, .T. ) ;
#7399 = VERTEX_POINT ( 'NONE', #1102 ) ;
#7400 = VERTEX_POINT ( 'NONE', #7324 ) ;
#7401 = AXIS2_PLACEMENT_3D ( 'NONE', #7546, #6083, #3364 ) ;
#7402 = ORIENTED_EDGE ( 'NONE', *, *, #5579, .T. ) ;
#7403 = DIRECTION ( 'NONE',  ( 0.000000000000000000, 0.000000000000000000, 1.000000000000000000 ) ) ;
#7404 = CARTESIAN_POINT ( 'NONE',  ( 0.000000000000000000, 8.500000000000000000, 0.000000000000000000 ) ) ;
#7405 = VECTOR ( 'NONE', #4504, 1000.000000000000000 ) ;
#7406 = LINE ( 'NONE', #1591, #6707 ) ;
#7407 = DIRECTION ( 'NONE',  ( -0.000000000000000000, -2.168404344971008868E-16, -1.000000000000000000 ) ) ;
#7408 = DIRECTION ( 'NONE',  ( -0.000000000000000000, -1.000000000000000000, -0.000000000000000000 ) ) ;
#7409 = EDGE_CURVE ( 'NONE', #7348, #2653, #3143, .T. ) ;
#7410 = DIRECTION ( 'NONE',  ( 1.000000000000000000, 0.000000000000000000, 0.000000000000000000 ) ) ;
#7411 = ORIENTED_EDGE ( 'NONE', *, *, #2414, .F. ) ;
#7412 = CIRCLE ( 'NONE', #504, 0.2000000000000000944 ) ;
#7413 = DIRECTION ( 'NONE',  ( 1.000000000000000000, 8.850629979473510942E-17, 0.000000000000000000 ) ) ;
#7414 = DIRECTION ( 'NONE',  ( -0.000000000000000000, -1.000000000000000000, -0.000000000000000000 ) ) ;
#7415 = ORIENTED_EDGE ( 'NONE', *, *, #6806, .T. ) ;
#7416 = DIRECTION ( 'NONE',  ( 1.000000000000000000, -2.491288438666616105E-16, 0.000000000000000000 ) ) ;
#7417 = LINE ( 'NONE', #8721, #4308 ) ;
#7418 = LINE ( 'NONE', #8723, #7000 ) ;
#7419 = LINE ( 'NONE', #3188, #6878 ) ;
#7420 = VERTEX_POINT ( 'NONE', #8768 ) ;
#7421 = VERTEX_POINT ( 'NONE', #6724 ) ;
#7422 = CARTESIAN_POINT ( 'NONE',  ( -4.400000000000002132, 5.150000000000003020, 5.000000000000000000 ) ) ;
#7423 = DIRECTION ( 'NONE',  ( -0.000000000000000000, -1.000000000000000000, -0.000000000000000000 ) ) ;
#7424 = LINE ( 'NONE', #4447, #2830 ) ;
#7425 = ORIENTED_EDGE ( 'NONE', *, *, #3490, .F. ) ;
#7426 = CARTESIAN_POINT ( 'NONE',  ( -4.499999999999992006, 4.349484536082480091, -4.300000000000008704 ) ) ;
#7427 = EDGE_CURVE ( 'NONE', #7093, #5593, #2433, .T. ) ;
#7428 = LINE ( 'NONE', #6594, #5147 ) ;
#7429 = ORIENTED_EDGE ( 'NONE', *, *, #8515, .F. ) ;
#7430 = FACE_OUTER_BOUND ( 'NONE', #2135, .T. ) ;
#7431 = EDGE_CURVE ( 'NONE', #5460, #1960, #3338, .T. ) ;
#7432 = CARTESIAN_POINT ( 'NONE',  ( -4.663541149204271541, -1.550515463917520043, -9.633847585124243551 ) ) ;
#7433 = CARTESIAN_POINT ( 'NONE',  ( -4.899999999999995914, -5.150515463917519021, -5.300000000000009592 ) ) ;
#7434 = EDGE_CURVE ( 'NONE', #5487, #3067, #3937, .T. ) ;
#7435 = CARTESIAN_POINT ( 'NONE',  ( -4.400000000000002132, -4.200000000000000178, 0.1000000000000000749 ) ) ;
#7436 = DIRECTION ( 'NONE',  ( 1.000000000000000000, 0.000000000000000000, 0.000000000000000000 ) ) ;
#7437 = ORIENTED_EDGE ( 'NONE', *, *, #6703, .T. ) ;
#7438 = ORIENTED_EDGE ( 'NONE', *, *, #8483, .F. ) ;
#7439 = VERTEX_POINT ( 'NONE', #6031 ) ;
#7440 = ORIENTED_EDGE ( 'NONE', *, *, #1364, .F. ) ;
#7441 = DIRECTION ( 'NONE',  ( 0.000000000000000000, 0.000000000000000000, 1.000000000000000000 ) ) ;
#7442 = EDGE_CURVE ( 'NONE', #5953, #8597, #6425, .T. ) ;
#7443 = VERTEX_POINT ( 'NONE', #6259 ) ;
#7444 = VECTOR ( 'NONE', #5585, 1000.000000000000000 ) ;
#7445 = FILL_AREA_STYLE ('',( #3911 ) ) ;
#7446 = DIRECTION ( 'NONE',  ( 0.000000000000000000, 0.000000000000000000, 1.000000000000000000 ) ) ;
#7447 = DIRECTION ( 'NONE',  ( 0.000000000000000000, 0.000000000000000000, 1.000000000000000000 ) ) ;
#7448 = LINE ( 'NONE', #8892, #2894 ) ;
#7449 = VECTOR ( 'NONE', #7977, 1000.000000000000114 ) ;
#7450 = EDGE_LOOP ( 'NONE', ( #2061, #8741, #428, #7245, #1934, #2448, #646, #8049, #7341, #7551, #132, #7559 ) ) ;
#7451 = VERTEX_POINT ( 'NONE', #4012 ) ;
#7452 = FACE_OUTER_BOUND ( 'NONE', #7075, .T. ) ;
#7453 = CARTESIAN_POINT ( 'NONE',  ( 4.900000000000000355, 0.4494845360824782921, -7.400446128206079166 ) ) ;
#7454 = ORIENTED_EDGE ( 'NONE', *, *, #6428, .F. ) ;
#7455 = EDGE_CURVE ( 'NONE', #3449, #114, #4052, .T. ) ;
#7456 = DIRECTION ( 'NONE',  ( 0.000000000000000000, 1.000000000000000000, 0.000000000000000000 ) ) ;
#7457 = AXIS2_PLACEMENT_3D ( 'NONE', #4231, #85, #7176 ) ;
#7458 = CARTESIAN_POINT ( 'NONE',  ( 4.500000000000002665, 4.349484536082479202, 0.4000000000000000222 ) ) ;
#7459 = DIRECTION ( 'NONE',  ( -0.000000000000000000, -0.000000000000000000, -1.000000000000000000 ) ) ;
#7460 = EDGE_LOOP ( 'NONE', ( #3676, #6794, #1390, #4977 ) ) ;
#7461 = VECTOR ( 'NONE', #9068, 1000.000000000000000 ) ;
#7462 = LINE ( 'NONE', #1330, #5758 ) ;
#7463 = ADVANCED_FACE ( 'NONE', ( #4183 ), #639, .T. ) ;
#7464 = CARTESIAN_POINT ( 'NONE',  ( -0.3999999999999999667, -6.400000000000000355, -5.750000000000000000 ) ) ;
#7465 = CARTESIAN_POINT ( 'NONE',  ( 2.900000000000000799, -6.400000000000000355, -5.750000000000000000 ) ) ;
#7466 = EDGE_LOOP ( 'NONE', ( #2025, #4432, #8193, #4611 ) ) ;
#7467 = VECTOR ( 'NONE', #7846, 1000.000000000000000 ) ;
#7468 = DIRECTION ( 'NONE',  ( -1.000000000000000000, 0.000000000000000000, 0.000000000000000000 ) ) ;
#7469 = SURFACE_STYLE_FILL_AREA ( #4572 ) ;
#7470 = ORIENTED_EDGE ( 'NONE', *, *, #8088, .T. ) ;
#7471 = DIRECTION ( 'NONE',  ( 0.000000000000000000, 1.000000000000000000, 3.260780805318072864E-31 ) ) ;
#7472 = LINE ( 'NONE', #4491, #1063 ) ;
#7473 = LINE ( 'NONE', #3987, #6672 ) ;
#7474 = CLOSED_SHELL ( 'NONE', ( #8707, #3179, #145, #2063, #5189, #4000, #2171, #1245, #3352, #8017, #2636, #8310, #4898 ) ) ;
#7475 = LINE ( 'NONE', #1850, #5879 ) ;
#7476 = CARTESIAN_POINT ( 'NONE',  ( -2.500000000000000000, -6.700000000000000178, -5.750000000000000000 ) ) ;
#7477 = EDGE_CURVE ( 'NONE', #3573, #2479, #1369, .T. ) ;
#7478 = ORIENTED_EDGE ( 'NONE', *, *, #5239, .F. ) ;
#7479 = EDGE_LOOP ( 'NONE', ( #4974, #901, #1989, #1551 ) ) ;
#7480 = VERTEX_POINT ( 'NONE', #4785 ) ;
#7481 = CARTESIAN_POINT ( 'NONE',  ( 1.750000000000000000, -6.500000000000001776, 1.100000000000000089 ) ) ;
#7482 = ORIENTED_EDGE ( 'NONE', *, *, #82, .T. ) ;
#7483 = EDGE_CURVE ( 'NONE', #3479, #8826, #8492, .T. ) ;
#7484 = CYLINDRICAL_SURFACE ( 'NONE', #8279, 1.200000000000029932 ) ;
#7485 = FACE_OUTER_BOUND ( 'NONE', #8631, .T. ) ;
#7486 = CARTESIAN_POINT ( 'NONE',  ( 0.4999999999999982792, -2.050000000000000711, 0.5000000000000000000 ) ) ;
#7487 = EDGE_CURVE ( 'NONE', #2086, #2751, #8346, .T. ) ;
#7488 = CONICAL_SURFACE ( 'NONE', #8683, 0.5999999999062310962, 0.7853981633974482790 ) ;
#7489 = ORIENTED_EDGE ( 'NONE', *, *, #9076, .F. ) ;
#7490 = ORIENTED_EDGE ( 'NONE', *, *, #5812, .T. ) ;
#7491 = DIRECTION ( 'NONE',  ( 0.000000000000000000, 0.000000000000000000, -1.000000000000000000 ) ) ;
#7492 = CARTESIAN_POINT ( 'NONE',  ( -2.599999999999993872, -3.950515463917521508, -4.900000000000008349 ) ) ;
#7493 = EDGE_LOOP ( 'NONE', ( #4632, #6600, #2067, #8034 ) ) ;
#7494 = AXIS2_PLACEMENT_3D ( 'NONE', #7058, #8968, #5454 ) ;
#7495 = DIRECTION ( 'NONE',  ( 0.000000000000000000, 0.000000000000000000, 1.000000000000000000 ) ) ;
#7496 = PLANE ( 'NONE',  #1256 ) ;
#7497 = CARTESIAN_POINT ( 'NONE',  ( 3.649999999999998135, 4.650000000000004796, 5.599999999999999645 ) ) ;
#7498 = DIRECTION ( 'NONE',  ( 0.000000000000000000, 3.469446951953613696E-16, 1.000000000000000000 ) ) ;
#7499 = EDGE_CURVE ( 'NONE', #402, #924, #7685, .T. ) ;
#7500 = DIRECTION ( 'NONE',  ( 0.000000000000000000, 1.000000000000000000, 0.000000000000000000 ) ) ;
#7501 = ORIENTED_EDGE ( 'NONE', *, *, #5842, .F. ) ;
#7502 = CIRCLE ( 'NONE', #6182, 0.9000000000000002442 ) ;
#7503 = ORIENTED_EDGE ( 'NONE', *, *, #7773, .T. ) ;
#7504 = DIRECTION ( 'NONE',  ( -0.000000000000000000, -1.000000000000000000, -0.000000000000000000 ) ) ;
#7505 = LINE ( 'NONE', #1932, #8256 ) ;
#7506 = AXIS2_PLACEMENT_3D ( 'NONE', #927, #1703, #3748 ) ;
#7507 = LINE ( 'NONE', #3327, #7527 ) ;
#7508 = CIRCLE ( 'NONE', #1618, 4.099999999999999645 ) ;
#7509 = EDGE_LOOP ( 'NONE', ( #8534, #4820 ) ) ;
#7510 = LINE ( 'NONE', #2440, #3776 ) ;
#7511 = DIRECTION ( 'NONE',  ( 0.000000000000000000, 1.000000000000000000, 0.000000000000000000 ) ) ;
#7512 = EDGE_CURVE ( 'NONE', #4849, #2763, #1241, .T. ) ;
#7513 = ORIENTED_EDGE ( 'NONE', *, *, #3727, .T. ) ;
#7514 = CIRCLE ( 'NONE', #6934, 1.199999999999993072 ) ;
#7515 = VECTOR ( 'NONE', #8929, 1000.000000000000000 ) ;
#7516 = CARTESIAN_POINT ( 'NONE',  ( -4.499999999999987566, 2.849484536082479647, -4.900000000000009237 ) ) ;
#7517 = LINE ( 'NONE', #7608, #8413 ) ;
#7518 = VECTOR ( 'NONE', #3127, 1000.000000000000000 ) ;
#7519 = CARTESIAN_POINT ( 'NONE',  ( 4.900000000000001243, 4.336808689942018722E-16, 0.000000000000000000 ) ) ;
#7520 = AXIS2_PLACEMENT_3D ( 'NONE', #8393, #8441, #3549 ) ;
#7521 = DIRECTION ( 'NONE',  ( 0.000000000000000000, 0.000000000000000000, -1.000000000000000000 ) ) ;
#7522 = CARTESIAN_POINT ( 'NONE',  ( 0.000000000000000000, -2.700000000000000622, 0.000000000000000000 ) ) ;
#7523 = ORIENTED_EDGE ( 'NONE', *, *, #6677, .T. ) ;
#7524 = ORIENTED_EDGE ( 'NONE', *, *, #7783, .F. ) ;
#7525 = VERTEX_POINT ( 'NONE', #3365 ) ;
#7526 = FACE_OUTER_BOUND ( 'NONE', #1527, .T. ) ;
#7527 = VECTOR ( 'NONE', #2019, 1000.000000000000000 ) ;
#7528 = ORIENTED_EDGE ( 'NONE', *, *, #5692, .F. ) ;
#7529 = VECTOR ( 'NONE', #5227, 1000.000000000000000 ) ;
#7530 = ADVANCED_FACE ( 'NONE', ( #6814 ), #6171, .F. ) ;
#7531 = CARTESIAN_POINT ( 'NONE',  ( 2.349999999999998312, 4.650000000000004796, 5.000000000000000000 ) ) ;
#7532 = DIRECTION ( 'NONE',  ( 1.000000000000000000, 0.000000000000000000, 1.931541112668179645E-15 ) ) ;
#7533 = CARTESIAN_POINT ( 'NONE',  ( 4.399999999999998579, 5.950000000000003730, 5.000000000000000000 ) ) ;
#7534 = VECTOR ( 'NONE', #2673, 1000.000000000000000 ) ;
#7535 = EDGE_CURVE ( 'NONE', #8984, #838, #6992, .T. ) ;
#7536 = ORIENTED_EDGE ( 'NONE', *, *, #2838, .F. ) ;
#7537 = VERTEX_POINT ( 'NONE', #3501 ) ;
#7538 = DIRECTION ( 'NONE',  ( 0.7071067811865476838, 0.7071067811865474617, 0.000000000000000000 ) ) ;
#7539 = DIRECTION ( 'NONE',  ( 0.000000000000000000, 1.000000000000000000, 0.000000000000000000 ) ) ;
#7540 = LINE ( 'NONE', #1356, #8131 ) ;
#7541 = EDGE_CURVE ( 'NONE', #4634, #4591, #9081, .T. ) ;
#7542 = VECTOR ( 'NONE', #1967, 1000.000000000000000 ) ;
#7543 = PRESENTATION_STYLE_ASSIGNMENT (( #5384 ) ) ;
#7544 = CARTESIAN_POINT ( 'NONE',  ( -4.500000000000001776, 4.849484536082480091, -4.336808689942017736E-15 ) ) ;
#7545 = CARTESIAN_POINT ( 'NONE',  ( 0.9999999999999997780, 3.804101966249687994, 4.299999999999999822 ) ) ;
#7546 = CARTESIAN_POINT ( 'NONE',  ( 0.000000000000000000, 10.20000000000000107, 0.000000000000000000 ) ) ;
#7547 = DIRECTION ( 'NONE',  ( 2.491288438666617091E-16, 1.000000000000000000, 3.559366888705205925E-31 ) ) ;
#7548 = EDGE_CURVE ( 'NONE', #5437, #1070, #6902, .T. ) ;
#7549 = DIRECTION ( 'NONE',  ( 1.000000000000000000, 1.334402673828313339E-16, 0.000000000000000000 ) ) ;
#7550 = CIRCLE ( 'NONE', #636, 3.500000000000000000 ) ;
#7551 = ORIENTED_EDGE ( 'NONE', *, *, #4979, .T. ) ;
#7552 = ORIENTED_EDGE ( 'NONE', *, *, #1718, .T. ) ;
#7553 = DIRECTION ( 'NONE',  ( -0.000000000000000000, -0.000000000000000000, -1.000000000000000000 ) ) ;
#7554 = ORIENTED_EDGE ( 'NONE', *, *, #4401, .F. ) ;
#7555 = ADVANCED_FACE ( 'NONE', ( #2055 ), #2616, .F. ) ;
#7556 = FACE_OUTER_BOUND ( 'NONE', #6764, .T. ) ;
#7557 = VECTOR ( 'NONE', #7566, 1000.000000000000000 ) ;
#7558 = LINE ( 'NONE', #6268, #3425 ) ;
#7559 = ORIENTED_EDGE ( 'NONE', *, *, #2932, .F. ) ;
#7560 = CARTESIAN_POINT ( 'NONE',  ( -5.421010862427522170E-16, 0.4500000000000033418, 0.000000000000000000 ) ) ;
#7561 = VERTEX_POINT ( 'NONE', #1921 ) ;
#7562 = VERTEX_POINT ( 'NONE', #5565 ) ;
#7563 = CARTESIAN_POINT ( 'NONE',  ( -1.734723475976807094E-15, 0.4500000000000040079, 2.500000000000000000 ) ) ;
#7564 = LINE ( 'NONE', #9098, #2804 ) ;
#7565 = DIRECTION ( 'NONE',  ( -1.000000000000000000, -8.850629979473507244E-17, 0.000000000000000000 ) ) ;
#7566 = DIRECTION ( 'NONE',  ( -0.000000000000000000, -1.000000000000000000, -0.000000000000000000 ) ) ;
#7567 = CARTESIAN_POINT ( 'NONE',  ( 0.4000000000000000777, -6.700000000000000178, 4.928191693115930646E-17 ) ) ;
#7568 = LINE ( 'NONE', #1124, #841 ) ;
#7569 = ORIENTED_EDGE ( 'NONE', *, *, #3599, .T. ) ;
#7570 = VERTEX_POINT ( 'NONE', #2793 ) ;
#7571 = DIRECTION ( 'NONE',  ( 1.000000000000000000, 0.000000000000000000, 0.000000000000000000 ) ) ;
#7572 = ORIENTED_EDGE ( 'NONE', *, *, #1134, .T. ) ;
#7573 = VECTOR ( 'NONE', #7818, 1000.000000000000000 ) ;
#7574 = DIRECTION ( 'NONE',  ( -0.000000000000000000, -1.000000000000000000, -0.000000000000000000 ) ) ;
#7575 = CARTESIAN_POINT ( 'NONE',  ( 4.500000000000002665, -3.540251991789402774E-17, -0.5999999999999916511 ) ) ;
#7576 =( NAMED_UNIT ( * ) PLANE_ANGLE_UNIT ( ) SI_UNIT ( $, .RADIAN. ) );
#7577 = EDGE_CURVE ( 'NONE', #338, #4244, #2661, .T. ) ;
#7578 = ORIENTED_EDGE ( 'NONE', *, *, #4153, .T. ) ;
#7579 = ORIENTED_EDGE ( 'NONE', *, *, #4042, .F. ) ;
#7580 = CARTESIAN_POINT ( 'NONE',  ( 0.000000000000000000, -2.050000000000001155, 0.000000000000000000 ) ) ;
#7581 = VECTOR ( 'NONE', #5332, 1000.000000000000000 ) ;
#7582 = FACE_OUTER_BOUND ( 'NONE', #5426, .T. ) ;
#7583 = ADVANCED_FACE ( 'NONE', ( #4744 ), #1968, .T. ) ;
#7584 = FACE_OUTER_BOUND ( 'NONE', #5176, .T. ) ;
#7585 = CARTESIAN_POINT ( 'NONE',  ( 5.236132948075096216, -1.550515463917522041, -8.396377958773973305 ) ) ;
#7586 = LINE ( 'NONE', #2570, #2239 ) ;
#7587 = VECTOR ( 'NONE', #3750, 1000.000000000000000 ) ;
#7588 = DIRECTION ( 'NONE',  ( 1.000000000000000000, 0.000000000000000000, 0.000000000000000000 ) ) ;
#7589 = CARTESIAN_POINT ( 'NONE',  ( 2.599999999999999201, 3.338162607258091185E-15, 0.000000000000000000 ) ) ;
#7590 = EDGE_CURVE ( 'NONE', #3200, #1744, #6216, .T. ) ;
#7591 = VERTEX_POINT ( 'NONE', #2707 ) ;
#7592 = ORIENTED_EDGE ( 'NONE', *, *, #1325, .T. ) ;
#7593 = CIRCLE ( 'NONE', #1998, 0.6500000000000000222 ) ;
#7594 = CARTESIAN_POINT ( 'NONE',  ( 3.250000000000000888, -6.400000000000000355, -1.350000000000000089 ) ) ;
#7595 = ORIENTED_EDGE ( 'NONE', *, *, #1171, .T. ) ;
#7596 = ADVANCED_FACE ( 'NONE', ( #128 ), #4967, .T. ) ;
#7597 = LINE ( 'NONE', #4102, #2655 ) ;
#7598 = DIRECTION ( 'NONE',  ( 0.000000000000000000, 0.000000000000000000, -1.000000000000000000 ) ) ;
#7599 = ORIENTED_EDGE ( 'NONE', *, *, #353, .T. ) ;
#7600 = FACE_OUTER_BOUND ( 'NONE', #7872, .T. ) ;
#7601 =( GEOMETRIC_REPRESENTATION_CONTEXT ( 3 ) GLOBAL_UNCERTAINTY_ASSIGNED_CONTEXT ( ( #2069 ) ) GLOBAL_UNIT_ASSIGNED_CONTEXT ( ( #4001, #8936, #8328 ) ) REPRESENTATION_CONTEXT ( 'NONE', 'WORKASPACE' ) );
#7602 = FACE_OUTER_BOUND ( 'NONE', #596, .T. ) ;
#7603 = VECTOR ( 'NONE', #1493, 1000.000000000000000 ) ;
#7604 = EDGE_CURVE ( 'NONE', #8086, #7420, #39, .T. ) ;
#7605 = EDGE_LOOP ( 'NONE', ( #6088, #2504 ) ) ;
#7606 = ORIENTED_EDGE ( 'NONE', *, *, #7698, .F. ) ;
#7607 = CARTESIAN_POINT ( 'NONE',  ( 0.000000000000000000, -0.5505154639175205977, 0.3999999999999986899 ) ) ;
#7608 = CARTESIAN_POINT ( 'NONE',  ( 0.000000000000000000, 5.100000000000004086, 0.000000000000000000 ) ) ;
#7609 = AXIS2_PLACEMENT_3D ( 'NONE', #8787, #4540, #944 ) ;
#7610 = DIRECTION ( 'NONE',  ( -1.000000000000000000, 0.000000000000000000, 0.000000000000000000 ) ) ;
#7611 = CARTESIAN_POINT ( 'NONE',  ( -5.708436666169077967, -1.550515463917520487, -8.330000000000008953 ) ) ;
#7612 = LINE ( 'NONE', #2686, #992 ) ;
#7613 = ORIENTED_EDGE ( 'NONE', *, *, #5362, .F. ) ;
#7614 = VECTOR ( 'NONE', #2380, 1000.000000000000000 ) ;
#7615 = VERTEX_POINT ( 'NONE', #8435 ) ;
#7616 = CARTESIAN_POINT ( 'NONE',  ( -4.499999999999988454, 1.449484536082479957, -5.800000000000009592 ) ) ;
#7617 = ORIENTED_EDGE ( 'NONE', *, *, #1294, .F. ) ;
#7618 = CARTESIAN_POINT ( 'NONE',  ( 0.000000000000000000, -4.200000000000000178, 0.000000000000000000 ) ) ;
#7619 = LINE ( 'NONE', #4818, #7844 ) ;
#7620 = FACE_OUTER_BOUND ( 'NONE', #6740, .T. ) ;
#7621 = DIRECTION ( 'NONE',  ( 0.000000000000000000, 0.000000000000000000, -1.000000000000000000 ) ) ;
#7622 = CARTESIAN_POINT ( 'NONE',  ( 0.000000000000000000, 0.000000000000000000, 0.000000000000000000 ) ) ;
#7623 = ORIENTED_EDGE ( 'NONE', *, *, #5351, .T. ) ;
#7624 = EDGE_CURVE ( 'NONE', #6738, #9049, #860, .T. ) ;
#7625 = VECTOR ( 'NONE', #2701, 1000.000000000000000 ) ;
#7626 = ORIENTED_EDGE ( 'NONE', *, *, #5024, .F. ) ;
#7627 = CARTESIAN_POINT ( 'NONE',  ( 5.238893727143786982, 0.4494845360824784586, -8.400000000000000355 ) ) ;
#7628 = DIRECTION ( 'NONE',  ( -1.000000000000000000, 2.491288438666616105E-16, 0.000000000000000000 ) ) ;
#7629 = DIRECTION ( 'NONE',  ( -0.000000000000000000, -0.000000000000000000, -1.000000000000000000 ) ) ;
#7630 = CARTESIAN_POINT ( 'NONE',  ( 1.479999999999999982, 11.70000000000000462, 0.4999999999999998890 ) ) ;
#7631 = CARTESIAN_POINT ( 'NONE',  ( 3.250000000000000888, -6.400000000000000355, 1.000000000000000000 ) ) ;
#7632 = FACE_OUTER_BOUND ( 'NONE', #2178, .T. ) ;
#7633 = VECTOR ( 'NONE', #2230, 1000.000000000000000 ) ;
#7634 = DIRECTION ( 'NONE',  ( -1.000000000000000000, 0.000000000000000000, 0.000000000000000000 ) ) ;
#7635 = CARTESIAN_POINT ( 'NONE',  ( 4.500000000000002665, 1.949484536082478625, -5.900000000000000355 ) ) ;
#7636 = ORIENTED_EDGE ( 'NONE', *, *, #2285, .T. ) ;
#7637 = EDGE_LOOP ( 'NONE', ( #4252, #2831, #8815, #3441 ) ) ;
#7638 = VECTOR ( 'NONE', #3386, 1000.000000000000000 ) ;
#7639 = DIRECTION ( 'NONE',  ( 1.000000000000000000, 0.000000000000000000, 0.000000000000000000 ) ) ;
#7640 = ORIENTED_EDGE ( 'NONE', *, *, #8338, .T. ) ;
#7641 = LINE ( 'NONE', #5443, #9001 ) ;
#7642 = EDGE_CURVE ( 'NONE', #8403, #6930, #723, .T. ) ;
#7643 = DIRECTION ( 'NONE',  ( -0.000000000000000000, -0.000000000000000000, -1.000000000000000000 ) ) ;
#7644 = ORIENTED_EDGE ( 'NONE', *, *, #4855, .T. ) ;
#7645 = CARTESIAN_POINT ( 'NONE',  ( 2.399251774991946196, 0.1649176233897861887, 1.164917623389783108 ) ) ;
#7646 = VECTOR ( 'NONE', #3575, 1000.000000000000114 ) ;
#7647 = PLANE ( 'NONE',  #3836 ) ;
#7648 = EDGE_CURVE ( 'NONE', #7998, #2358, #2737, .T. ) ;
#7649 = VERTEX_POINT ( 'NONE', #6347 ) ;
#7650 = ORIENTED_EDGE ( 'NONE', *, *, #1134, .F. ) ;
#7651 = CARTESIAN_POINT ( 'NONE',  ( -1.900000000000001910, 5.100000000000004086, 0.1000000000000000056 ) ) ;
#7652 = B_SPLINE_CURVE_WITH_KNOTS ( 'NONE', 3,
 ( #5158, #6404, #8535, #2206 ),
 .UNSPECIFIED., .F., .F.,
 ( 4, 4 ),
 ( 1.874846287083661611E-16, 0.0007707912170038328176 ),
 .UNSPECIFIED. ) ;
#7653 = AXIS2_PLACEMENT_3D ( 'NONE', #5776, #7987, #8645 ) ;
#7654 = PLANE ( 'NONE',  #6208 ) ;
#7655 = EDGE_CURVE ( 'NONE', #1028, #286, #2196, .T. ) ;
#7656 = CARTESIAN_POINT ( 'NONE',  ( 1.090871211463567247, -0.05000000000000069666, 0.5000000000000000000 ) ) ;
#7657 = DIRECTION ( 'NONE',  ( 1.000000000000000000, 0.000000000000000000, 0.000000000000000000 ) ) ;
#7658 = CARTESIAN_POINT ( 'NONE',  ( -1.000000000000000000, 4.426179070414212546, 2.500000000000000000 ) ) ;
#7659 = AXIS2_PLACEMENT_3D ( 'NONE', #2124, #7054, #5672 ) ;
#7660 = VECTOR ( 'NONE', #5461, 1000.000000000000000 ) ;
#7661 = EDGE_CURVE ( 'NONE', #5701, #2964, #7821, .T. ) ;
#7662 = ORIENTED_EDGE ( 'NONE', *, *, #4624, .T. ) ;
#7663 = ORIENTED_EDGE ( 'NONE', *, *, #5967, .F. ) ;
#7664 = LINE ( 'NONE', #1352, #6483 ) ;
#7665 = VERTEX_POINT ( 'NONE', #2107 ) ;
#7666 = EDGE_CURVE ( 'NONE', #2669, #2036, #6277, .T. ) ;
#7667 = VECTOR ( 'NONE', #277, 1000.000000000000000 ) ;
#7668 = VECTOR ( 'NONE', #8253, 1000.000000000000000 ) ;
#7669 = DIRECTION ( 'NONE',  ( -1.000000000000000000, 0.000000000000000000, 0.000000000000000000 ) ) ;
#7670 = LINE ( 'NONE', #3165, #56 ) ;
#7671 = CARTESIAN_POINT ( 'NONE',  ( -4.836441345419223659, -0.5505154639175205977, -10.20000000000000995 ) ) ;
#7672 =( LENGTH_UNIT ( ) NAMED_UNIT ( * ) SI_UNIT ( .MILLI., .METRE. ) );
#7673 = ORIENTED_EDGE ( 'NONE', *, *, #3012, .T. ) ;
#7674 = CIRCLE ( 'NONE', #759, 0.4000000000000001887 ) ;
#7675 = VECTOR ( 'NONE', #8647, 1000.000000000000000 ) ;
#7676 = ORIENTED_EDGE ( 'NONE', *, *, #2192, .T. ) ;
#7677 = FACE_OUTER_BOUND ( 'NONE', #6239, .T. ) ;
#7678 = CARTESIAN_POINT ( 'NONE',  ( -2.500000000000000000, 0.4000000000000000222, 1.300000000000000266 ) ) ;
#7679 = ADVANCED_FACE ( 'NONE', ( #5656 ), #5797, .F. ) ;
#7680 = CARTESIAN_POINT ( 'NONE',  ( -4.400000000000002132, -5.150000000000000355, 5.000000000000000000 ) ) ;
#7681 = VECTOR ( 'NONE', #2579, 1000.000000000000000 ) ;
#7682 = ADVANCED_FACE ( 'NONE', ( #7727 ), #178, .T. ) ;
#7683 = CARTESIAN_POINT ( 'NONE',  ( 4.967022722742118646, -1.550515463917522485, -9.132121988513766553 ) ) ;
#7684 = CARTESIAN_POINT ( 'NONE',  ( 4.500000000000002665, -3.540251991789402774E-17, -7.400446128206079166 ) ) ;
#7685 = LINE ( 'NONE', #6125, #6566 ) ;
#7686 = LINE ( 'NONE', #1370, #3653 ) ;
#7687 = ORIENTED_EDGE ( 'NONE', *, *, #6359, .F. ) ;
#7688 = ORIENTED_EDGE ( 'NONE', *, *, #732, .F. ) ;
#7689 = CARTESIAN_POINT ( 'NONE',  ( -4.499999999999986677, -1.550515463917520931, -7.550000000000007816 ) ) ;
#7690 = ORIENTED_EDGE ( 'NONE', *, *, #7089, .T. ) ;
#7691 = CARTESIAN_POINT ( 'NONE',  ( 1.750000000000000000, -6.400000000000000355, 0.000000000000000000 ) ) ;
#7692 = CARTESIAN_POINT ( 'NONE',  ( 3.399999999999998579, 2.950000000000003286, 0.5000000000000000000 ) ) ;
#7693 = VERTEX_POINT ( 'NONE', #3592 ) ;
#7694 = DIRECTION ( 'NONE',  ( -8.850629979473506011E-17, 1.000000000000000000, -3.469446951953613696E-16 ) ) ;
#7695 = AXIS2_PLACEMENT_3D ( 'NONE', #3591, #8523, #9123 ) ;
#7696 = CARTESIAN_POINT ( 'NONE',  ( 4.900000000000000355, 4.349484536082479202, -4.900000000000009237 ) ) ;
#7697 = VERTEX_POINT ( 'NONE', #3636 ) ;
#7698 = EDGE_CURVE ( 'NONE', #6701, #2716, #2443, .T. ) ;
#7699 = VERTEX_POINT ( 'NONE', #8572 ) ;
#7700 = CARTESIAN_POINT ( 'NONE',  ( 4.900000000000001243, -3.550515463917521153, -4.299999999999999822 ) ) ;
#7701 = VECTOR ( 'NONE', #7280, 1000.000000000000000 ) ;
#7702 = CARTESIAN_POINT ( 'NONE',  ( -0.2999999999999958811, 11.70000000000000462, 0.000000000000000000 ) ) ;
#7703 = ADVANCED_FACE ( 'NONE', ( #8616 ), #4413, .F. ) ;
#7704 = CARTESIAN_POINT ( 'NONE',  ( -0.006290684479731949857, 10.90000000000000036, 0.008155582768842546681 ) ) ;
#7705 = LINE ( 'NONE', #7611, #8236 ) ;
#7706 = CARTESIAN_POINT ( 'NONE',  ( 4.900000000000000355, 2.449484536082478847, 0.4000000000000000222 ) ) ;
#7707 = ORIENTED_EDGE ( 'NONE', *, *, #6463, .T. ) ;
#7708 = ADVANCED_FACE ( 'NONE', ( #774, #6393, #7036, #2896, #5698, #4325 ), #7129, .T. ) ;
#7709 = VERTEX_POINT ( 'NONE', #4367 ) ;
#7710 = ORIENTED_EDGE ( 'NONE', *, *, #5932, .T. ) ;
#7711 = CARTESIAN_POINT ( 'NONE',  ( -4.499999999999990230, 6.873989284057756956E-16, -5.800000000000008704 ) ) ;
#7712 = VERTEX_POINT ( 'NONE', #5103 ) ;
#7713 = DIRECTION ( 'NONE',  ( -1.000000000000000000, 0.000000000000000000, 0.000000000000000000 ) ) ;
#7714 = ADVANCED_FACE ( 'NONE', ( #3731 ), #6531, .F. ) ;
#7715 = FACE_BOUND ( 'NONE', #4097, .T. ) ;
#7716 = CARTESIAN_POINT ( 'NONE',  ( -2.600000000000000533, -2.035644895278906395E-16, 0.000000000000000000 ) ) ;
#7717 = PLANE ( 'NONE',  #4080 ) ;
#7718 = APPLICATION_PROTOCOL_DEFINITION ( 'draft international standard', 'automotive_design', 1998, #3423 ) ;
#7719 = EDGE_CURVE ( 'NONE', #7328, #2666, #1686, .T. ) ;
#7720 = ORIENTED_EDGE ( 'NONE', *, *, #8318, .F. ) ;
#7721 = VERTEX_POINT ( 'NONE', #8661 ) ;
#7722 = LINE ( 'NONE', #6482, #129 ) ;
#7723 = VECTOR ( 'NONE', #4009, 1000.000000000000000 ) ;
#7724 = DIRECTION ( 'NONE',  ( -1.931541112668179645E-15, 1.551245237481413525E-31, 1.000000000000000000 ) ) ;
#7725 = CARTESIAN_POINT ( 'NONE',  ( 0.6499999999999984679, 0.4500000000000040634, 5.000000000000000000 ) ) ;
#7726 = CARTESIAN_POINT ( 'NONE',  ( 0.000000000000000000, 10.20000000000000107, -0.5047000102205828620 ) ) ;
#7727 = FACE_OUTER_BOUND ( 'NONE', #7739, .T. ) ;
#7728 = DIRECTION ( 'NONE',  ( 1.334402673828313339E-16, -1.000000000000000000, 0.000000000000000000 ) ) ;
#7729 = AXIS2_PLACEMENT_3D ( 'NONE', #7704, #5500, #6922 ) ;
#7730 = EDGE_CURVE ( 'NONE', #2563, #6701, #6019, .T. ) ;
#7731 = ORIENTED_EDGE ( 'NONE', *, *, #1298, .T. ) ;
#7732 = VERTEX_POINT ( 'NONE', #8102 ) ;
#7733 = EDGE_CURVE ( 'NONE', #3482, #8312, #5288, .T. ) ;
#7734 = LINE ( 'NONE', #1418, #7230 ) ;
#7735 = EDGE_LOOP ( 'NONE', ( #3952, #8227, #7513, #2469, #457, #3421, #8141 ) ) ;
#7736 = DIRECTION ( 'NONE',  ( -0.000000000000000000, -0.000000000000000000, -1.000000000000000000 ) ) ;
#7737 = VECTOR ( 'NONE', #3888, 1000.000000000000000 ) ;
#7738 = PLANE ( 'NONE',  #2097 ) ;
#7739 = EDGE_LOOP ( 'NONE', ( #1224, #2561, #1710, #8916, #1021, #389, #6397, #2626 ) ) ;
#7740 = DIRECTION ( 'NONE',  ( 0.000000000000000000, 1.000000000000000000, 0.000000000000000000 ) ) ;
#7741 = DIRECTION ( 'NONE',  ( -8.850629979473506011E-17, -1.000000000000000000, -0.000000000000000000 ) ) ;
#7742 = ORIENTED_EDGE ( 'NONE', *, *, #5835, .F. ) ;
#7743 = AXIS2_PLACEMENT_3D ( 'NONE', #3683, #5746, #1454 ) ;
#7744 = ORIENTED_EDGE ( 'NONE', *, *, #226, .T. ) ;
#7745 = ADVANCED_FACE ( 'NONE', ( #1776 ), #4462, .T. ) ;
#7746 = DIRECTION ( 'NONE',  ( 0.000000000000000000, 0.000000000000000000, -1.000000000000000000 ) ) ;
#7747 = DIRECTION ( 'NONE',  ( -0.000000000000000000, -0.000000000000000000, -1.000000000000000000 ) ) ;
#7748 = EDGE_LOOP ( 'NONE', ( #3379, #1283 ) ) ;
#7749 = EDGE_CURVE ( 'NONE', #4746, #4591, #4505, .T. ) ;
#7750 = AXIS2_PLACEMENT_3D ( 'NONE', #2884, #6477, #712 ) ;
#7751 = DIRECTION ( 'NONE',  ( -1.278426997811956393E-48, 0.000000000000000000, 1.000000000000000000 ) ) ;
#7752 = EDGE_CURVE ( 'NONE', #3011, #7732, #8058, .T. ) ;
#7753 = DIRECTION ( 'NONE',  ( -0.000000000000000000, -1.000000000000000000, -0.000000000000000000 ) ) ;
#7754 = FACE_OUTER_BOUND ( 'NONE', #2002, .T. ) ;
#7755 = VERTEX_POINT ( 'NONE', #5242 ) ;
#7756 = ORIENTED_EDGE ( 'NONE', *, *, #8232, .F. ) ;
#7757 = ORIENTED_EDGE ( 'NONE', *, *, #6032, .T. ) ;
#7758 = ORIENTED_EDGE ( 'NONE', *, *, #1505, .F. ) ;
#7759 = PRODUCT_RELATED_PRODUCT_CATEGORY ( 'part', '', ( #8003 ) ) ;
#7760 = AXIS2_PLACEMENT_3D ( 'NONE', #5876, #3814, #2366 ) ;
#7761 = CARTESIAN_POINT ( 'NONE',  ( 3.250000000000001332, 0.4000000000000000222, 1.000000000000000000 ) ) ;
#7762 = ORIENTED_EDGE ( 'NONE', *, *, #3330, .F. ) ;
#7763 = DIRECTION ( 'NONE',  ( 0.000000000000000000, 1.000000000000000000, 0.000000000000000000 ) ) ;
#7764 = LINE ( 'NONE', #2881, #1793 ) ;
#7765 = ADVANCED_FACE ( 'NONE', ( #319 ), #3870, .T. ) ;
#7766 = DIRECTION ( 'NONE',  ( 0.000000000000000000, 0.000000000000000000, 1.000000000000000000 ) ) ;
#7767 = CARTESIAN_POINT ( 'NONE',  ( -4.499999999999992006, -3.950515463917521508, -4.900000000000009237 ) ) ;
#7768 = ORIENTED_EDGE ( 'NONE', *, *, #3488, .T. ) ;
#7769 = ADVANCED_FACE ( 'NONE', ( #365 ), #414, .F. ) ;
#7770 = ORIENTED_EDGE ( 'NONE', *, *, #293, .F. ) ;
#7771 = DIRECTION ( 'NONE',  ( 0.000000000000000000, 0.000000000000000000, -1.000000000000000000 ) ) ;
#7772 = CARTESIAN_POINT ( 'NONE',  ( -3.000000000000000000, -4.750515463917523107, 0.4000000000000000222 ) ) ;
#7773 = EDGE_CURVE ( 'NONE', #3254, #7123, #4599, .T. ) ;
#7774 = DIRECTION ( 'NONE',  ( 1.000000000000000000, 0.000000000000000000, 0.000000000000000000 ) ) ;
#7775 = DIRECTION ( 'NONE',  ( -1.000000000000000000, 0.000000000000000000, 0.000000000000000000 ) ) ;
#7776 = DIRECTION ( 'NONE',  ( 0.000000000000000000, 0.000000000000000000, 1.000000000000000000 ) ) ;
#7777 = CARTESIAN_POINT ( 'NONE',  ( 1.899999999999996358, -2.700000000000000622, 0.1000000000000000056 ) ) ;
#7778 = ORIENTED_EDGE ( 'NONE', *, *, #3909, .T. ) ;
#7779 = DIRECTION ( 'NONE',  ( 0.000000000000000000, 1.000000000000000000, -1.445602896647339706E-15 ) ) ;
#7780 = ORIENTED_EDGE ( 'NONE', *, *, #8088, .F. ) ;
#7781 = VECTOR ( 'NONE', #4495, 1000.000000000000000 ) ;
#7782 = CYLINDRICAL_SURFACE ( 'NONE', #2361, 0.6500000000000000222 ) ;
#7783 = EDGE_CURVE ( 'NONE', #884, #311, #1138, .T. ) ;
#7784 = CARTESIAN_POINT ( 'NONE',  ( 0.000000000000000000, -6.500000000000001776, 1.100000000000000089 ) ) ;
#7785 = ORIENTED_EDGE ( 'NONE', *, *, #1794, .F. ) ;
#7786 = CARTESIAN_POINT ( 'NONE',  ( 0.8032336497292296151, 10.20000000000000107, -2.404700010220583106 ) ) ;
#7787 = PRODUCT_DEFINITION_CONTEXT ( 'detailed design', #5891, 'design' ) ;
#7788 = CARTESIAN_POINT ( 'NONE',  ( -3.600000000000001421, 5.950000000000001954, 5.000000000000000000 ) ) ;
#7789 = CIRCLE ( 'NONE', #1894, 3.500000000000000000 ) ;
#7790 = EDGE_LOOP ( 'NONE', ( #7091, #3559, #5044, #3574 ) ) ;
#7791 = DIRECTION ( 'NONE',  ( -0.000000000000000000, -1.000000000000000000, -0.000000000000000000 ) ) ;
#7792 = PLANE ( 'NONE',  #467 ) ;
#7793 = STYLED_ITEM ( 'NONE', ( #5311 ), #1164 ) ;
#7794 = DIRECTION ( 'NONE',  ( 1.000000000000000000, 0.000000000000000000, 0.000000000000000000 ) ) ;
#7795 = EDGE_CURVE ( 'NONE', #6634, #8960, #6571, .T. ) ;
#7796 = CARTESIAN_POINT ( 'NONE',  ( 5.708436666169093954, -1.550515463917522041, -8.329999999999998295 ) ) ;
#7797 = LINE ( 'NONE', #284, #5409 ) ;
#7798 = ORIENTED_EDGE ( 'NONE', *, *, #3889, .T. ) ;
#7799 = ORIENTED_EDGE ( 'NONE', *, *, #7261, .T. ) ;
#7800 = ORIENTED_EDGE ( 'NONE', *, *, #4617, .T. ) ;
#7801 = VECTOR ( 'NONE', #7154, 1000.000000000000000 ) ;
#7802 = ORIENTED_EDGE ( 'NONE', *, *, #2253, .T. ) ;
#7803 = CARTESIAN_POINT ( 'NONE',  ( -0.2999999999999958811, 11.70000000000000462, 1.500000000000000000 ) ) ;
#7804 = CARTESIAN_POINT ( 'NONE',  ( 2.900000000000000355, -6.699999999999999289, -1.349999999999999867 ) ) ;
#7805 = PLANE ( 'NONE',  #6070 ) ;
#7806 = AXIS2_PLACEMENT_3D ( 'NONE', #518, #4793, #561 ) ;
#7807 = CARTESIAN_POINT ( 'NONE',  ( -4.500000000000002665, 2.849484536082480091, -5.300000000000009592 ) ) ;
#7808 = VECTOR ( 'NONE', #655, 1000.000000000000000 ) ;
#7809 = CARTESIAN_POINT ( 'NONE',  ( 4.900000000000000355, 4.349484536082479202, -4.299999999999999822 ) ) ;
#7810 = CARTESIAN_POINT ( 'NONE',  ( -2.350000000000001865, -3.750000000000000000, 5.000000000000000000 ) ) ;
#7811 = SHAPE_DEFINITION_REPRESENTATION ( #3744, #8033 ) ;
#7812 = ORIENTED_EDGE ( 'NONE', *, *, #8882, .F. ) ;
#7813 = DIRECTION ( 'NONE',  ( -1.000000000000000000, -0.000000000000000000, -0.000000000000000000 ) ) ;
#7814 = EDGE_CURVE ( 'NONE', #981, #7019, #5148, .T. ) ;
#7815 = AXIS2_PLACEMENT_3D ( 'NONE', #8013, #1006, #3830 ) ;
#7816 = AXIS2_PLACEMENT_3D ( 'NONE', #5440, #7504, #3414 ) ;
#7817 = CARTESIAN_POINT ( 'NONE',  ( 1.479999999999999982, 11.50000000000000000, 1.000000000000000000 ) ) ;
#7818 = DIRECTION ( 'NONE',  ( -0.000000000000000000, -0.000000000000000000, -1.000000000000000000 ) ) ;
#7819 = DIRECTION ( 'NONE',  ( 0.000000000000000000, 0.000000000000000000, 1.000000000000000000 ) ) ;
#7820 = EDGE_CURVE ( 'NONE', #1305, #1001, #1639, .T. ) ;
#7821 = LINE ( 'NONE', #222, #4214 ) ;
#7822 = AXIS2_PLACEMENT_3D ( 'NONE', #4502, #7260, #2990 ) ;
#7823 = AXIS2_PLACEMENT_3D ( 'NONE', #255, #6381, #8510 ) ;
#7824 = LINE ( 'NONE', #4327, #5250 ) ;
#7825 = ORIENTED_EDGE ( 'NONE', *, *, #3947, .T. ) ;
#7826 = ORIENTED_EDGE ( 'NONE', *, *, #4962, .F. ) ;
#7827 = EDGE_CURVE ( 'NONE', #871, #8105, #2598, .T. ) ;
#7828 =( REPRESENTATION_RELATIONSHIP ('NONE','NONE', #8033, #4667 ) REPRESENTATION_RELATIONSHIP_WITH_TRANSFORMATION ( #3120 )SHAPE_REPRESENTATION_RELATIONSHIP( ) );
#7829 = FACE_OUTER_BOUND ( 'NONE', #8397, .T. ) ;
#7830 = ORIENTED_EDGE ( 'NONE', *, *, #3158, .F. ) ;
#7831 = VECTOR ( 'NONE', #6179, 1000.000000000000000 ) ;
#7832 = CARTESIAN_POINT ( 'NONE',  ( -1.249999999999999334, 8.500000000000000000, 3.152565349772896486 ) ) ;
#7833 = CARTESIAN_POINT ( 'NONE',  ( -2.350000000000001865, -3.750000000000000000, 5.599999999999999645 ) ) ;
#7834 = EDGE_CURVE ( 'NONE', #5727, #4896, #6572, .T. ) ;
#7835 = ORIENTED_EDGE ( 'NONE', *, *, #473, .T. ) ;
#7836 = CARTESIAN_POINT ( 'NONE',  ( -3.400030506350376847, -0.5505154639175209308, -9.416434827598701318 ) ) ;
#7837 = DIRECTION ( 'NONE',  ( 0.000000000000000000, 0.000000000000000000, -1.000000000000000000 ) ) ;
#7838 = AXIS2_PLACEMENT_3D ( 'NONE', #3600, #7229, #2204 ) ;
#7839 = EDGE_LOOP ( 'NONE', ( #5915, #967, #4750, #2187 ) ) ;
#7840 = ORIENTED_EDGE ( 'NONE', *, *, #7733, .T. ) ;
#7841 = EDGE_CURVE ( 'NONE', #9084, #978, #8006, .T. ) ;
#7842 = EDGE_CURVE ( 'NONE', #1614, #1632, #3130, .T. ) ;
#7843 = FACE_OUTER_BOUND ( 'NONE', #1126, .T. ) ;
#7844 = VECTOR ( 'NONE', #6843, 1000.000000000000000 ) ;
#7845 = FACE_OUTER_BOUND ( 'NONE', #417, .T. ) ;
#7846 = DIRECTION ( 'NONE',  ( 1.000000000000000000, 0.000000000000000000, 0.000000000000000000 ) ) ;
#7847 = VERTEX_POINT ( 'NONE', #8799 ) ;
#7848 = ORIENTED_EDGE ( 'NONE', *, *, #2646, .F. ) ;
#7849 = ORIENTED_EDGE ( 'NONE', *, *, #7188, .T. ) ;
#7850 = CIRCLE ( 'NONE', #204, 0.6500000000000000222 ) ;
#7851 = ORIENTED_EDGE ( 'NONE', *, *, #3509, .F. ) ;
#7852 = CARTESIAN_POINT ( 'NONE',  ( -0.5000000000000015543, 2.950000000000003286, 0.000000000000000000 ) ) ;
#7853 = ADVANCED_FACE ( 'NONE', ( #6159 ), #2650, .F. ) ;
#7854 = CARTESIAN_POINT ( 'NONE',  ( -1.370000000000000329, 8.500000000000000000, 3.352688591713894439 ) ) ;
#7855 = DIRECTION ( 'NONE',  ( -0.000000000000000000, -0.000000000000000000, -1.000000000000000000 ) ) ;
#7856 = DIRECTION ( 'NONE',  ( -1.734723475976805517E-15, 0.000000000000000000, 1.000000000000000000 ) ) ;
#7857 = DIRECTION ( 'NONE',  ( 1.000000000000000000, 8.850629979473506011E-17, 0.000000000000000000 ) ) ;
#7858 = CARTESIAN_POINT ( 'NONE',  ( -3.250000000000001332, -6.400000000000000355, 0.000000000000000000 ) ) ;
#7859 = CARTESIAN_POINT ( 'NONE',  ( -2.599999999999993872, -3.950515463917521508, -4.300000000000008704 ) ) ;
#7860 = APPLICATION_PROTOCOL_DEFINITION ( 'draft international standard', 'automotive_design', 1998, #5891 ) ;
#7861 = ORIENTED_EDGE ( 'NONE', *, *, #2155, .T. ) ;
#7862 = DIRECTION ( 'NONE',  ( -0.000000000000000000, -0.000000000000000000, -1.000000000000000000 ) ) ;
#7863 = DIRECTION ( 'NONE',  ( 1.000000000000000000, 0.000000000000000000, -1.224646799147353207E-16 ) ) ;
#7864 = DIRECTION ( 'NONE',  ( 0.7547095802227707928, 6.679655236515522324E-17, 0.6560590289905086081 ) ) ;
#7865 = LINE ( 'NONE', #2792, #8293 ) ;
#7866 = DIRECTION ( 'NONE',  ( 0.000000000000000000, 0.000000000000000000, 1.000000000000000000 ) ) ;
#7867 = CARTESIAN_POINT ( 'NONE',  ( -4.500000000000002665, 3.982783490763078137E-16, 0.000000000000000000 ) ) ;
#7868 = VERTEX_POINT ( 'NONE', #1997 ) ;
#7869 = EDGE_LOOP ( 'NONE', ( #7046, #5901 ) ) ;
#7870 = EDGE_CURVE ( 'NONE', #1403, #1305, #5508, .T. ) ;
#7871 = CARTESIAN_POINT ( 'NONE',  ( 0.000000000000000000, 0.000000000000000000, 0.000000000000000000 ) ) ;
#7872 = EDGE_LOOP ( 'NONE', ( #2618, #7454, #7688, #2111 ) ) ;
#7873 = LINE ( 'NONE', #7691, #8121 ) ;
#7874 = CARTESIAN_POINT ( 'NONE',  ( 0.003233649729229023419, 8.900000000000000355, 3.151279358214723825 ) ) ;
#7875 = CYLINDRICAL_SURFACE ( 'NONE', #6079, 0.2000000000000000944 ) ;
#7876 = CARTESIAN_POINT ( 'NONE',  ( 4.286263797015736595E-16, 2.949484536082479291, 0.3999999999999986899 ) ) ;
#7877 = EDGE_CURVE ( 'NONE', #5658, #3616, #3446, .T. ) ;
#7878 = CARTESIAN_POINT ( 'NONE',  ( -0.0008203932499368550568, 11.70000000000000462, 1.279727070297659203E-17 ) ) ;
#7879 = EDGE_LOOP ( 'NONE', ( #2339, #4668, #5270, #1993 ) ) ;
#7880 = ORIENTED_EDGE ( 'NONE', *, *, #7820, .F. ) ;
#7881 = EDGE_CURVE ( 'NONE', #379, #6652, #1570, .T. ) ;
#7882 = CIRCLE ( 'NONE', #7729, 1.200000000000029932 ) ;
#7883 = DIRECTION ( 'NONE',  ( -0.000000000000000000, -0.000000000000000000, -1.000000000000000000 ) ) ;
#7884 = CARTESIAN_POINT ( 'NONE',  ( -3.500000000000001776, 0.4500000000000044520, 2.500000000000000000 ) ) ;
#7885 = EDGE_CURVE ( 'NONE', #7525, #3210, #5376, .T. ) ;
#7886 = AXIS2_PLACEMENT_3D ( 'NONE', #1515, #826, #3647 ) ;
#7887 = VERTEX_POINT ( 'NONE', #1958 ) ;
#7888 = VERTEX_POINT ( 'NONE', #4041 ) ;
#7889 = ORIENTED_EDGE ( 'NONE', *, *, #8809, .F. ) ;
#7890 = CARTESIAN_POINT ( 'NONE',  ( 4.500000000000002665, 2.849484536082478758, -4.900000000000009237 ) ) ;
#7891 = ORIENTED_EDGE ( 'NONE', *, *, #8525, .T. ) ;
#7892 = DIRECTION ( 'NONE',  ( 0.000000000000000000, 0.000000000000000000, 1.000000000000000000 ) ) ;
#7893 = LINE ( 'NONE', #4396, #7675 ) ;
#7894 = VECTOR ( 'NONE', #2152, 1000.000000000000000 ) ;
#7895 = DIRECTION ( 'NONE',  ( 1.000000000000000000, 0.000000000000000000, 0.000000000000000000 ) ) ;
#7896 = FACE_OUTER_BOUND ( 'NONE', #4328, .T. ) ;
#7897 = EDGE_CURVE ( 'NONE', #1669, #1596, #3355, .T. ) ;
#7898 = CARTESIAN_POINT ( 'NONE',  ( -0.5000000000000017764, 0.9500000000000040634, 0.5000000000000000000 ) ) ;
#7899 = CARTESIAN_POINT ( 'NONE',  ( 2.999999999999998224, 4.650000000000004796, 5.599999999999999645 ) ) ;
#7900 = DIRECTION ( 'NONE',  ( 0.000000000000000000, 0.000000000000000000, -1.000000000000000000 ) ) ;
#7901 = EDGE_CURVE ( 'NONE', #1355, #4544, #5107, .T. ) ;
#7902 = PRODUCT_DEFINITION_FORMATION_WITH_SPECIFIED_SOURCE ( 'ANY', '', #2922, .NOT_KNOWN. ) ;
#7903 =( NAMED_UNIT ( * ) SI_UNIT ( $, .STERADIAN. ) SOLID_ANGLE_UNIT ( ) );
#7904 = VECTOR ( 'NONE', #5977, 1000.000000000000000 ) ;
#7905 = ORIENTED_EDGE ( 'NONE', *, *, #7173, .T. ) ;
#7906 = LINE ( 'NONE', #4961, #5572 ) ;
#7907 = DIRECTION ( 'NONE',  ( 0.000000000000000000, 1.000000000000000000, 0.000000000000000000 ) ) ;
#7908 = CIRCLE ( 'NONE', #8063, 0.2000000000000000944 ) ;
#7909 = PLANE ( 'NONE',  #2287 ) ;
#7910 = DIRECTION ( 'NONE',  ( 0.000000000000000000, 0.000000000000000000, -1.000000000000000000 ) ) ;
#7911 = DIRECTION ( 'NONE',  ( -0.000000000000000000, -0.000000000000000000, -1.000000000000000000 ) ) ;
#7912 = EDGE_CURVE ( 'NONE', #6160, #9030, #6871, .T. ) ;
#7913 = CARTESIAN_POINT ( 'NONE',  ( 0.9827370646086344141, 8.500000000000000000, 3.150274251846084450 ) ) ;
#7914 = DIRECTION ( 'NONE',  ( 1.232047923278982446E-16, 0.000000000000000000, -1.000000000000000000 ) ) ;
#7915 = ORIENTED_EDGE ( 'NONE', *, *, #3724, .T. ) ;
#7916 = LINE ( 'NONE', #6721, #749 ) ;
#7917 = DIRECTION ( 'NONE',  ( 0.000000000000000000, 0.000000000000000000, -1.000000000000000000 ) ) ;
#7918 = CARTESIAN_POINT ( 'NONE',  ( 3.675000000000000266, 3.649484536082479469, 0.4000000000000000222 ) ) ;
#7919 = DIRECTION ( 'NONE',  ( -1.931541112668179645E-15, 1.551245237481413525E-31, 1.000000000000000000 ) ) ;
#7920 = ORIENTED_EDGE ( 'NONE', *, *, #2938, .F. ) ;
#7921 = ORIENTED_EDGE ( 'NONE', *, *, #1029, .T. ) ;
#7922 = CIRCLE ( 'NONE', #3969, 0.6500000000000000222 ) ;
#7923 = EDGE_CURVE ( 'NONE', #8731, #7561, #261, .T. ) ;
#7924 = FACE_OUTER_BOUND ( 'NONE', #3639, .T. ) ;
#7925 = ADVANCED_FACE ( 'NONE', ( #455 ), #4819, .F. ) ;
#7926 = DIRECTION ( 'NONE',  ( 0.000000000000000000, 0.000000000000000000, -1.000000000000000000 ) ) ;
#7927 = ORIENTED_EDGE ( 'NONE', *, *, #7749, .F. ) ;
#7928 = CARTESIAN_POINT ( 'NONE',  ( 3.599999999999999645, -5.149999999999998579, 0.000000000000000000 ) ) ;
#7929 = VECTOR ( 'NONE', #3140, 1000.000000000000000 ) ;
#7930 = EDGE_CURVE ( 'NONE', #2709, #2417, #8890, .T. ) ;
#7931 = CARTESIAN_POINT ( 'NONE',  ( 2.999999999999998224, -3.750000000000000000, 5.599999999999999645 ) ) ;
#7932 = ORIENTED_EDGE ( 'NONE', *, *, #1495, .F. ) ;
#7933 = ORIENTED_EDGE ( 'NONE', *, *, #3930, .F. ) ;
#7934 = EDGE_LOOP ( 'NONE', ( #3470, #7332, #6466, #9093, #276, #3209 ) ) ;
#7935 = DIRECTION ( 'NONE',  ( 0.000000000000000000, -1.000000000000000000, 1.018148511238955784E-16 ) ) ;
#7936 = ADVANCED_FACE ( 'NONE', ( #7620 ), #3397, .T. ) ;
#7937 = VECTOR ( 'NONE', #747, 1000.000000000000000 ) ;
#7938 = DIRECTION ( 'NONE',  ( 1.000000000000000000, 0.000000000000000000, 0.000000000000000000 ) ) ;
#7939 = CARTESIAN_POINT ( 'NONE',  ( -4.899999999999998579, -3.950515463917520620, -4.300000000000008704 ) ) ;
#7940 = CARTESIAN_POINT ( 'NONE',  ( -4.499999999999990230, 1.449484536082479957, -5.800000000000009592 ) ) ;
#7941 = DIRECTION ( 'NONE',  ( -1.000000000000000000, 0.000000000000000000, 0.000000000000000000 ) ) ;
#7942 = EDGE_CURVE ( 'NONE', #6023, #9107, #1359, .T. ) ;
#7943 = DIRECTION ( 'NONE',  ( -0.000000000000000000, -0.000000000000000000, -1.000000000000000000 ) ) ;
#7944 = CARTESIAN_POINT ( 'NONE',  ( 0.7500000000000000000, -6.500000000000001776, 1.100000000000000089 ) ) ;
#7945 = VECTOR ( 'NONE', #2718, 1000.000000000000000 ) ;
#7946 = ORIENTED_EDGE ( 'NONE', *, *, #1938, .F. ) ;
#7947 = ORIENTED_EDGE ( 'NONE', *, *, #6959, .T. ) ;
#7948 = EDGE_CURVE ( 'NONE', #2439, #3584, #3497, .T. ) ;
#7949 = AXIS2_PLACEMENT_3D ( 'NONE', #6187, #9012, #7010 ) ;
#7950 = VECTOR ( 'NONE', #8417, 1000.000000000000114 ) ;
#7951 = CARTESIAN_POINT ( 'NONE',  ( -4.500000000000002665, 0.4494845360824792357, -8.691935007006808402E-15 ) ) ;
#7952 = CARTESIAN_POINT ( 'NONE',  ( 0.000000000000000000, 11.70000000000000462, 0.000000000000000000 ) ) ;
#7953 = CARTESIAN_POINT ( 'NONE',  ( 4.500000000000002665, 4.349484536082479202, 0.000000000000000000 ) ) ;
#7954 = DIRECTION ( 'NONE',  ( 1.000000000000000000, 1.971276677246371519E-16, 0.000000000000000000 ) ) ;
#7955 = CARTESIAN_POINT ( 'NONE',  ( -2.600000000000000533, 2.849484536082479647, 0.000000000000000000 ) ) ;
#7956 = ORIENTED_EDGE ( 'NONE', *, *, #5812, .F. ) ;
#7957 = AXIS2_PLACEMENT_3D ( 'NONE', #4555, #1055, #8010 ) ;
#7958 = CARTESIAN_POINT ( 'NONE',  ( 4.900000000000000355, 2.849484536082478758, -4.299999999999999822 ) ) ;
#7959 = CARTESIAN_POINT ( 'NONE',  ( -0.7500000000000000000, -6.400000000000000355, 0.000000000000000000 ) ) ;
#7960 = ORIENTED_EDGE ( 'NONE', *, *, #3291, .F. ) ;
#7961 = EDGE_CURVE ( 'NONE', #2458, #5961, #1182, .T. ) ;
#7962 = DIRECTION ( 'NONE',  ( 1.000000000000000000, 0.000000000000000000, 0.000000000000000000 ) ) ;
#7963 = AXIS2_PLACEMENT_3D ( 'NONE', #6166, #5476, #4738 ) ;
#7964 = LINE ( 'NONE', #7273, #135 ) ;
#7965 = CARTESIAN_POINT ( 'NONE',  ( 4.399999999999998579, -5.949999999999998401, 0.000000000000000000 ) ) ;
#7966 = VECTOR ( 'NONE', #4416, 1000.000000000000000 ) ;
#7967 = DIRECTION ( 'NONE',  ( -1.419004388030920332E-16, -1.000000000000000000, 1.233521695418292426E-16 ) ) ;
#7968 = CARTESIAN_POINT ( 'NONE',  ( 3.000000000000000000, -4.750515463917523107, 0.000000000000000000 ) ) ;
#7969 = ORIENTED_EDGE ( 'NONE', *, *, #7604, .F. ) ;
#7970 = ORIENTED_EDGE ( 'NONE', *, *, #6200, .T. ) ;
#7971 = EDGE_LOOP ( 'NONE', ( #921, #3927, #4830, #7364, #5511 ) ) ;
#7972 = VECTOR ( 'NONE', #7907, 1000.000000000000000 ) ;
#7973 = VECTOR ( 'NONE', #2270, 1000.000000000000000 ) ;
#7974 = CARTESIAN_POINT ( 'NONE',  ( 2.900000000000000799, -6.400000000000000355, 0.000000000000000000 ) ) ;
#7975 = DIRECTION ( 'NONE',  ( 1.000000000000000000, 0.000000000000000000, 0.000000000000000000 ) ) ;
#7976 = ORIENTED_EDGE ( 'NONE', *, *, #8129, .F. ) ;
#7977 = DIRECTION ( 'NONE',  ( -0.6560590289905089412, 0.000000000000000000, 0.7547095802227705708 ) ) ;
#7978 = VECTOR ( 'NONE', #3420, 1000.000000000000000 ) ;
#7979 = DIRECTION ( 'NONE',  ( 0.000000000000000000, 0.000000000000000000, 1.000000000000000000 ) ) ;
#7980 = EDGE_CURVE ( 'NONE', #7721, #5571, #6433, .T. ) ;
#7981 = EDGE_CURVE ( 'NONE', #8288, #4811, #2606, .T. ) ;
#7982 = VERTEX_POINT ( 'NONE', #1313 ) ;
#7983 = ORIENTED_EDGE ( 'NONE', *, *, #3280, .F. ) ;
#7984 = VERTEX_POINT ( 'NONE', #2697 ) ;
#7985 = ORIENTED_EDGE ( 'NONE', *, *, #2694, .F. ) ;
#7986 = ORIENTED_EDGE ( 'NONE', *, *, #5198, .T. ) ;
#7987 = DIRECTION ( 'NONE',  ( -1.000000000000000000, 1.606225440719265627E-16, -1.931541112668179251E-15 ) ) ;
#7988 = AXIS2_PLACEMENT_3D ( 'NONE', #5745, #3634, #8615 ) ;
#7989 = EDGE_LOOP ( 'NONE', ( #6283, #3161, #9019, #7429 ) ) ;
#7990 = EDGE_CURVE ( 'NONE', #2110, #239, #2984, .T. ) ;
#7991 = CARTESIAN_POINT ( 'NONE',  ( 0.01275798393824550958, 10.20000000000000107, 0.008155582768801673127 ) ) ;
#7992 = DIRECTION ( 'NONE',  ( -0.9135454576426005335, 0.000000000000000000, -0.4067366430758011520 ) ) ;
#7993 = CARTESIAN_POINT ( 'NONE',  ( -4.500000000000002665, 1.449484536082479957, -8.691935007006808402E-15 ) ) ;
#7994 = CARTESIAN_POINT ( 'NONE',  ( -4.500000000000003553, -5.450515463917523284, 0.4000000000000000222 ) ) ;
#7995 = DIRECTION ( 'NONE',  ( 1.000000000000000000, 0.000000000000000000, 1.931541112668179645E-15 ) ) ;
#7996 = ADVANCED_FACE ( 'NONE', ( #1584 ), #3626, .F. ) ;
#7997 = AXIS2_PLACEMENT_3D ( 'NONE', #1271, #1180, #3395 ) ;
#7998 = VERTEX_POINT ( 'NONE', #3581 ) ;
#7999 = ORIENTED_EDGE ( 'NONE', *, *, #162, .F. ) ;
#8000 = EDGE_CURVE ( 'NONE', #8425, #7887, #413, .T. ) ;
#8001 = VECTOR ( 'NONE', #7298, 1000.000000000000000 ) ;
#8002 = CARTESIAN_POINT ( 'NONE',  ( 4.900000000000000355, 4.049484536082480268, -4.900000000000009237 ) ) ;
#8003 = PRODUCT ( 'PT01_15D_SHAFT', 'PT01_15D_SHAFT', '', ( #713 ) ) ;
#8004 = LINE ( 'NONE', #4410, #5528 ) ;
#8005 = CARTESIAN_POINT ( 'NONE',  ( 1.899999999999998801, 3.600000000000003642, 0.1000000000000000056 ) ) ;
#8006 = LINE ( 'NONE', #5885, #3348 ) ;
#8007 = EDGE_CURVE ( 'NONE', #3711, #7399, #5784, .T. ) ;
#8008 = CARTESIAN_POINT ( 'NONE',  ( 4.399999999999998579, 5.150000000000004796, 0.000000000000000000 ) ) ;
#8009 = VERTEX_POINT ( 'NONE', #6338 ) ;
#8010 = DIRECTION ( 'NONE',  ( -1.000000000000000000, 0.000000000000000000, 0.000000000000000000 ) ) ;
#8011 = DIRECTION ( 'NONE',  ( 0.000000000000000000, 0.000000000000000000, -1.000000000000000000 ) ) ;
#8012 = VERTEX_POINT ( 'NONE', #2836 ) ;
#8013 = CARTESIAN_POINT ( 'NONE',  ( 0.000000000000000000, -6.400000000000000355, -5.750000000000000000 ) ) ;
#8014 = DIRECTION ( 'NONE',  ( 0.000000000000000000, 0.7071067811865464625, 0.7071067811865486830 ) ) ;
#8015 = DIRECTION ( 'NONE',  ( 0.000000000000000000, 0.000000000000000000, -1.000000000000000000 ) ) ;
#8016 = DIRECTION ( 'NONE',  ( -0.000000000000000000, -0.000000000000000000, -1.000000000000000000 ) ) ;
#8017 = ADVANCED_FACE ( 'NONE', ( #75 ), #7717, .T. ) ;
#8018 = CARTESIAN_POINT ( 'NONE',  ( -4.499999999999989342, 2.449484536082479735, -5.900000000000009237 ) ) ;
#8019 = ORIENTED_EDGE ( 'NONE', *, *, #790, .F. ) ;
#8020 = VERTEX_POINT ( 'NONE', #2096 ) ;
#8021 = PLANE ( 'NONE',  #2549 ) ;
#8022 = CARTESIAN_POINT ( 'NONE',  ( -1.000000000000000000, 4.426179070414212546, 4.299999999999999822 ) ) ;
#8023 = AXIS2_PLACEMENT_3D ( 'NONE', #772, #2892, #858 ) ;
#8024 = VERTEX_POINT ( 'NONE', #4315 ) ;
#8025 = DIRECTION ( 'NONE',  ( 1.000000000000000000, 8.850629979473506011E-17, 0.000000000000000000 ) ) ;
#8026 = EDGE_CURVE ( 'NONE', #286, #979, #2782, .T. ) ;
#8027 = CARTESIAN_POINT ( 'NONE',  ( 0.4999999999999982792, -2.050000000000001155, 0.000000000000000000 ) ) ;
#8028 = EDGE_CURVE ( 'NONE', #1470, #7888, #7164, .T. ) ;
#8029 = EDGE_LOOP ( 'NONE', ( #8976, #5361, #7138, #2827 ) ) ;
#8030 = ORIENTED_EDGE ( 'NONE', *, *, #4613, .F. ) ;
#8031 = VERTEX_POINT ( 'NONE', #851 ) ;
#8032 = VECTOR ( 'NONE', #6593, 1000.000000000000000 ) ;
#8033 = SHAPE_REPRESENTATION ( 'PT01-D_HOUSING', ( #6276, #412, #5839 ), #5546 ) ;
#8034 = ORIENTED_EDGE ( 'NONE', *, *, #7393, .T. ) ;
#8035 = VERTEX_POINT ( 'NONE', #7810 ) ;
#8036 = DIRECTION ( 'NONE',  ( 0.000000000000000000, 0.000000000000000000, 1.000000000000000000 ) ) ;
#8037 = ADVANCED_BREP_SHAPE_REPRESENTATION ( '', ( #4362, #3347 ), #7601 ) ;
#8038 = ORIENTED_EDGE ( 'NONE', *, *, #1029, .F. ) ;
#8039 = ORIENTED_EDGE ( 'NONE', *, *, #5253, .F. ) ;
#8040 = LINE ( 'NONE', #5921, #3567 ) ;
#8041 = EDGE_CURVE ( 'NONE', #447, #1428, #2900, .T. ) ;
#8042 = FACE_OUTER_BOUND ( 'NONE', #4123, .T. ) ;
#8043 = AXIS2_PLACEMENT_3D ( 'NONE', #480, #2536, #5954 ) ;
#8044 = LINE ( 'NONE', #5186, #5209 ) ;
#8045 = CARTESIAN_POINT ( 'NONE',  ( 3.599999999999999645, -5.949999999999998401, 5.000000000000000000 ) ) ;
#8046 = CARTESIAN_POINT ( 'NONE',  ( 4.500000000000002665, 4.049484536082481156, -5.300000000000009592 ) ) ;
#8047 = VERTEX_POINT ( 'NONE', #6982 ) ;
#8048 = ORIENTED_EDGE ( 'NONE', *, *, #2601, .F. ) ;
#8049 = ORIENTED_EDGE ( 'NONE', *, *, #8299, .F. ) ;
#8050 = ORIENTED_EDGE ( 'NONE', *, *, #116, .F. ) ;
#8051 = VECTOR ( 'NONE', #5197, 1000.000000000000000 ) ;
#8052 =( REPRESENTATION_RELATIONSHIP ('NONE','NONE', #7088, #2132 ) REPRESENTATION_RELATIONSHIP_WITH_TRANSFORMATION ( #3535 )SHAPE_REPRESENTATION_RELATIONSHIP( ) );
#8053 = EDGE_CURVE ( 'NONE', #9049, #3846, #5689, .T. ) ;
#8054 = DIRECTION ( 'NONE',  ( 0.000000000000000000, 0.000000000000000000, -1.000000000000000000 ) ) ;
#8055 = DIRECTION ( 'NONE',  ( 0.001026138167772244888, 0.000000000000000000, 0.9999994735200917750 ) ) ;
#8056 = PLANE ( 'NONE',  #1229 ) ;
#8057 = VECTOR ( 'NONE', #1537, 1000.000000000000000 ) ;
#8058 = LINE ( 'NONE', #5196, #2744 ) ;
#8059 = EDGE_CURVE ( 'NONE', #1199, #5127, #669, .T. ) ;
#8060 = CARTESIAN_POINT ( 'NONE',  ( -1.750000000000000000, -6.699999999999999289, -1.349999999999999867 ) ) ;
#8061 = ORIENTED_EDGE ( 'NONE', *, *, #672, .T. ) ;
#8062 = FACE_OUTER_BOUND ( 'NONE', #9061, .T. ) ;
#8063 = AXIS2_PLACEMENT_3D ( 'NONE', #7944, #3167, #3207 ) ;
#8064 = DIRECTION ( 'NONE',  ( 0.000000000000000000, 0.000000000000000000, 1.000000000000000000 ) ) ;
#8065 = ORIENTED_EDGE ( 'NONE', *, *, #5038, .F. ) ;
#8066 = EDGE_CURVE ( 'NONE', #3210, #1465, #4912, .T. ) ;
#8067 = DIRECTION ( 'NONE',  ( 1.000000000000000000, 0.000000000000000000, 0.000000000000000000 ) ) ;
#8068 = CARTESIAN_POINT ( 'NONE',  ( 4.500000000000002665, 4.349484536082479202, -4.900000000000009237 ) ) ;
#8069 = ORIENTED_EDGE ( 'NONE', *, *, #8562, .F. ) ;
#8070 = CARTESIAN_POINT ( 'NONE',  ( -0.4499999999999996780, -3.625230054855794304, 2.500000000000000000 ) ) ;
#8071 = DIRECTION ( 'NONE',  ( 1.000000000000000000, 8.850629979473506011E-17, -3.070679120515363007E-32 ) ) ;
#8072 = AXIS2_PLACEMENT_3D ( 'NONE', #6033, #3926, #4518 ) ;
#8073 = EDGE_LOOP ( 'NONE', ( #6446, #4959, #7921, #7595 ) ) ;
#8074 = VERTEX_POINT ( 'NONE', #8514 ) ;
#8075 = CARTESIAN_POINT ( 'NONE',  ( -4.900000000000001243, -3.550515463917521153, 0.4000000000000000222 ) ) ;
#8076 = DIRECTION ( 'NONE',  ( 1.000000000000000000, -1.495451272393799296E-16, 0.000000000000000000 ) ) ;
#8077 = VERTEX_POINT ( 'NONE', #1444 ) ;
#8078 = CARTESIAN_POINT ( 'NONE',  ( 4.500000000000002665, -3.550515463917521153, -6.400000000000000355 ) ) ;
#8079 = LINE ( 'NONE', #4527, #5584 ) ;
#8080 = AXIS2_PLACEMENT_3D ( 'NONE', #2404, #299, #6252 ) ;
#8081 = ORIENTED_EDGE ( 'NONE', *, *, #5790, .F. ) ;
#8082 = ORIENTED_EDGE ( 'NONE', *, *, #7990, .F. ) ;
#8083 = VERTEX_POINT ( 'NONE', #7121 ) ;
#8084 = FACE_OUTER_BOUND ( 'NONE', #9060, .T. ) ;
#8085 = ORIENTED_EDGE ( 'NONE', *, *, #843, .T. ) ;
#8086 = VERTEX_POINT ( 'NONE', #2143 ) ;
#8087 = LINE ( 'NONE', #1119, #4300 ) ;
#8088 = EDGE_CURVE ( 'NONE', #8878, #7451, #1399, .T. ) ;
#8089 = CARTESIAN_POINT ( 'NONE',  ( -1.565936075841833697, 8.900000000000000355, -3.517150011924012887 ) ) ;
#8090 = DIRECTION ( 'NONE',  ( 1.495451272393799296E-16, 1.000000000000000000, 0.000000000000000000 ) ) ;
#8091 = CARTESIAN_POINT ( 'NONE',  ( 4.500000000000002665, 1.349484536082478980, 1.046690729826380689E-31 ) ) ;
#8092 = SHAPE_REPRESENTATION ( 'PT01-D_SHELL', ( #3347 ), #6727 ) ;
#8093 = ORIENTED_EDGE ( 'NONE', *, *, #8295, .T. ) ;
#8094 = ORIENTED_EDGE ( 'NONE', *, *, #5291, .T. ) ;
#8095 = ORIENTED_EDGE ( 'NONE', *, *, #7409, .T. ) ;
#8096 = EDGE_LOOP ( 'NONE', ( #5171, #5907, #2879, #6106, #7391 ) ) ;
#8097 = FACE_OUTER_BOUND ( 'NONE', #3389, .T. ) ;
#8098 = DIRECTION ( 'NONE',  ( 0.000000000000000000, 0.000000000000000000, -1.000000000000000000 ) ) ;
#8099 = DIRECTION ( 'NONE',  ( -3.614007241618346306E-16, -1.000000000000000000, 0.000000000000000000 ) ) ;
#8100 = FACE_OUTER_BOUND ( 'NONE', #4375, .T. ) ;
#8101 = AXIS2_PLACEMENT_3D ( 'NONE', #3102, #5219, #4661 ) ;
#8102 = CARTESIAN_POINT ( 'NONE',  ( -4.500000000000001776, 1.349484536082479869, -6.505213034913026604E-15 ) ) ;
#8103 = CARTESIAN_POINT ( 'NONE',  ( 4.900000000000000355, 4.349484536082479202, 0.4000000000000000222 ) ) ;
#8104 = EDGE_CURVE ( 'NONE', #3905, #1619, #4955, .T. ) ;
#8105 = VERTEX_POINT ( 'NONE', #807 ) ;
#8106 = TOROIDAL_SURFACE ( 'NONE', #3108, 0.1500000000000000777, 0.2000000000000011213 ) ;
#8107 = CARTESIAN_POINT ( 'NONE',  ( 4.500000000000002665, 3.982783490763078137E-16, 0.000000000000000000 ) ) ;
#8108 = DIRECTION ( 'NONE',  ( 0.000000000000000000, -1.000000000000000000, 0.000000000000000000 ) ) ;
#8109 = ORIENTED_EDGE ( 'NONE', *, *, #7393, .F. ) ;
#8110 = ADVANCED_FACE ( 'NONE', ( #7072 ), #6385, .T. ) ;
#8111 = CARTESIAN_POINT ( 'NONE',  ( 4.500000000000001776, 1.349484536082478980, 0.4000000000000000777 ) ) ;
#8112 = DIRECTION ( 'NONE',  ( 0.000000000000000000, 0.000000000000000000, 1.000000000000000000 ) ) ;
#8113 = DIRECTION ( 'NONE',  ( 1.000000000000000000, 0.000000000000000000, 0.000000000000000000 ) ) ;
#8114 = VECTOR ( 'NONE', #6090, 1000.000000000000000 ) ;
#8115 = AXIS2_PLACEMENT_3D ( 'NONE', #5475, #3404, #7491 ) ;
#8116 = LINE ( 'NONE', #426, #3354 ) ;
#8117 = ORIENTED_EDGE ( 'NONE', *, *, #3697, .F. ) ;
#8118 = EDGE_CURVE ( 'NONE', #3226, #2738, #5055, .T. ) ;
#8119 = ORIENTED_EDGE ( 'NONE', *, *, #5743, .F. ) ;
#8120 = CARTESIAN_POINT ( 'NONE',  ( 2.100000000000000089, -6.400000000000000355, -5.750000000000000000 ) ) ;
#8121 = VECTOR ( 'NONE', #92, 1000.000000000000000 ) ;
#8122 = AXIS2_PLACEMENT_3D ( 'NONE', #42, #2853, #728 ) ;
#8123 = ADVANCED_FACE ( 'NONE', ( #1630 ), #1039, .F. ) ;
#8124 = CYLINDRICAL_SURFACE ( 'NONE', #3107, 3.399999999999999911 ) ;
#8125 = CARTESIAN_POINT ( 'NONE',  ( 0.000000000000000000, 8.900000000000000355, 0.000000000000000000 ) ) ;
#8126 = ORIENTED_EDGE ( 'NONE', *, *, #3632, .F. ) ;
#8127 = DIRECTION ( 'NONE',  ( -1.000000000000000000, -8.850629979473506011E-17, -0.000000000000000000 ) ) ;
#8128 = FACE_OUTER_BOUND ( 'NONE', #8504, .T. ) ;
#8129 = EDGE_CURVE ( 'NONE', #5571, #7721, #8798, .T. ) ;
#8130 = VECTOR ( 'NONE', #5836, 1000.000000000000000 ) ;
#8131 = VECTOR ( 'NONE', #1869, 1000.000000000000114 ) ;
#8132 = EDGE_LOOP ( 'NONE', ( #2314, #1951, #3415, #3764 ) ) ;
#8133 = FACE_OUTER_BOUND ( 'NONE', #6114, .T. ) ;
#8134 = DIRECTION ( 'NONE',  ( 0.000000000000000000, 0.000000000000000000, 1.000000000000000000 ) ) ;
#8135 = VECTOR ( 'NONE', #3669, 1000.000000000000000 ) ;
#8136 = DIRECTION ( 'NONE',  ( 1.000000000000000000, 0.000000000000000000, 0.000000000000000000 ) ) ;
#8137 = CARTESIAN_POINT ( 'NONE',  ( -3.000000000000001776, -3.750000000000000000, 5.599999999999999645 ) ) ;
#8138 = DIRECTION ( 'NONE',  ( 1.000000000000000000, 0.000000000000000000, 0.000000000000000000 ) ) ;
#8139 = VERTEX_POINT ( 'NONE', #3859 ) ;
#8140 = ORIENTED_EDGE ( 'NONE', *, *, #9069, .T. ) ;
#8141 = ORIENTED_EDGE ( 'NONE', *, *, #1152, .F. ) ;
#8142 = VECTOR ( 'NONE', #3879, 1000.000000000000000 ) ;
#8143 = EDGE_CURVE ( 'NONE', #7062, #2046, #309, .T. ) ;
#8144 = VERTEX_POINT ( 'NONE', #6611 ) ;
#8145 = FACE_OUTER_BOUND ( 'NONE', #902, .T. ) ;
#8146 = ORIENTED_EDGE ( 'NONE', *, *, #8986, .T. ) ;
#8147 = CIRCLE ( 'NONE', #8447, 0.7999999999999999334 ) ;
#8148 = DIRECTION ( 'NONE',  ( -0.000000000000000000, -1.000000000000000000, -0.000000000000000000 ) ) ;
#8149 = FACE_OUTER_BOUND ( 'NONE', #1208, .T. ) ;
#8150 = DIRECTION ( 'NONE',  ( 1.000000000000000000, 2.168404344971008868E-16, 0.000000000000000000 ) ) ;
#8151 = CARTESIAN_POINT ( 'NONE',  ( -4.899999999999990585, 2.849484536082480091, -6.800000000000009592 ) ) ;
#8152 = ORIENTED_EDGE ( 'NONE', *, *, #6932, .F. ) ;
#8153 = ADVANCED_FACE ( 'NONE', ( #5322 ), #6010, .F. ) ;
#8154 = VERTEX_POINT ( 'NONE', #5927 ) ;
#8155 = VECTOR ( 'NONE', #6520, 1000.000000000000000 ) ;
#8156 = LINE ( 'NONE', #1275, #8855 ) ;
#8157 = DIRECTION ( 'NONE',  ( 8.850629979473506011E-17, 1.000000000000000000, 0.000000000000000000 ) ) ;
#8158 = ORIENTED_EDGE ( 'NONE', *, *, #8104, .T. ) ;
#8159 = EDGE_CURVE ( 'NONE', #1564, #4211, #8653, .T. ) ;
#8160 = CARTESIAN_POINT ( 'NONE',  ( -4.400000000000002132, -5.950000000000000178, 0.1000000000000002554 ) ) ;
#8161 = CARTESIAN_POINT ( 'NONE',  ( 0.000000000000000000, 5.950000000000003730, 0.000000000000000000 ) ) ;
#8162 = DIRECTION ( 'NONE',  ( 0.000000000000000000, 1.000000000000000000, 0.000000000000000000 ) ) ;
#8163 = VERTEX_POINT ( 'NONE', #3072 ) ;
#8164 = DIRECTION ( 'NONE',  ( -1.606225440719265627E-16, -1.000000000000000000, -3.102490474962827050E-31 ) ) ;
#8165 = DIRECTION ( 'NONE',  ( -0.000000000000000000, -0.000000000000000000, -1.000000000000000000 ) ) ;
#8166 = EDGE_CURVE ( 'NONE', #586, #8206, #898, .T. ) ;
#8167 = DIRECTION ( 'NONE',  ( 0.000000000000000000, 0.000000000000000000, -1.000000000000000000 ) ) ;
#8168 = VERTEX_POINT ( 'NONE', #3720 ) ;
#8169 = CARTESIAN_POINT ( 'NONE',  ( 4.500000000000003553, 1.349484536082478758, -0.5999999999999916511 ) ) ;
#8170 = DIRECTION ( 'NONE',  ( 0.000000000000000000, 0.000000000000000000, -1.000000000000000000 ) ) ;
#8171 = EDGE_CURVE ( 'NONE', #343, #798, #7908, .T. ) ;
#8172 = VERTEX_POINT ( 'NONE', #5231 ) ;
#8173 = LINE ( 'NONE', #6098, #2207 ) ;
#8174 = ORIENTED_EDGE ( 'NONE', *, *, #4874, .F. ) ;
#8175 = CARTESIAN_POINT ( 'NONE',  ( 4.500000000000002665, -3.540251991789402774E-17, -4.299999999999999822 ) ) ;
#8176 = EDGE_CURVE ( 'NONE', #1553, #9031, #5966, .T. ) ;
#8177 = FACE_OUTER_BOUND ( 'NONE', #5441, .T. ) ;
#8178 = CARTESIAN_POINT ( 'NONE',  ( 4.500000000000002665, -3.540251991789402774E-17, -4.299999999999999822 ) ) ;
#8179 = CIRCLE ( 'NONE', #8924, 0.3999999999999990785 ) ;
#8180 = DIRECTION ( 'NONE',  ( -8.850629979473506011E-17, -1.000000000000000000, -3.260780805318072864E-31 ) ) ;
#8181 = ORIENTED_EDGE ( 'NONE', *, *, #609, .T. ) ;
#8182 = ORIENTED_EDGE ( 'NONE', *, *, #3938, .F. ) ;
#8183 = ORIENTED_EDGE ( 'NONE', *, *, #6988, .F. ) ;
#8184 = FACE_BOUND ( 'NONE', #5706, .T. ) ;
#8185 = ORIENTED_EDGE ( 'NONE', *, *, #5267, .F. ) ;
#8186 = AXIS2_PLACEMENT_3D ( 'NONE', #1799, #6688, #3286 ) ;
#8187 = EDGE_CURVE ( 'NONE', #3743, #2666, #7347, .T. ) ;
#8188 = CARTESIAN_POINT ( 'NONE',  ( 4.900000000000000355, 4.349484536082479202, -4.299999999999999822 ) ) ;
#8189 = LINE ( 'NONE', #6068, #8888 ) ;
#8190 = DIRECTION ( 'NONE',  ( 1.000000000000000000, 0.000000000000000000, -1.618212197739559129E-16 ) ) ;
#8191 = DIRECTION ( 'NONE',  ( 8.850629979473506011E-17, -1.000000000000000000, 0.000000000000000000 ) ) ;
#8192 = VECTOR ( 'NONE', #4872, 1000.000000000000000 ) ;
#8193 = ORIENTED_EDGE ( 'NONE', *, *, #6021, .T. ) ;
#8194 = VERTEX_POINT ( 'NONE', #8046 ) ;
#8195 = LINE ( 'NONE', #4644, #5021 ) ;
#8196 = LINE ( 'NONE', #1826, #8428 ) ;
#8197 = ORIENTED_EDGE ( 'NONE', *, *, #6742, .F. ) ;
#8198 = PLANE ( 'NONE',  #1634 ) ;
#8199 = AXIS2_PLACEMENT_3D ( 'NONE', #998, #951, #3177 ) ;
#8200 = EDGE_CURVE ( 'NONE', #6904, #4877, #5832, .T. ) ;
#8201 = CARTESIAN_POINT ( 'NONE',  ( -2.600000000000000533, 4.049484536082480268, -4.900000000000009237 ) ) ;
#8202 = DIRECTION ( 'NONE',  ( 0.000000000000000000, 0.000000000000000000, -1.000000000000000000 ) ) ;
#8203 = DIRECTION ( 'NONE',  ( 0.000000000000000000, 0.000000000000000000, 1.000000000000000000 ) ) ;
#8204 = CARTESIAN_POINT ( 'NONE',  ( 3.599999999999999645, 5.950000000000003730, 0.000000000000000000 ) ) ;
#8205 = VERTEX_POINT ( 'NONE', #7254 ) ;
#8206 = VERTEX_POINT ( 'NONE', #8699 ) ;
#8207 = VECTOR ( 'NONE', #8327, 1000.000000000000000 ) ;
#8208 = CARTESIAN_POINT ( 'NONE',  ( -0.7967663502707702516, 11.70000000000000462, -2.404700010220583106 ) ) ;
#8209 = CARTESIAN_POINT ( 'NONE',  ( -0.7967663502707702516, 11.70000000000000462, -1.604700010220583728 ) ) ;
#8210 = CARTESIAN_POINT ( 'NONE',  ( 0.4999999999999987232, 2.950000000000003286, 0.000000000000000000 ) ) ;
#8211 = ORIENTED_EDGE ( 'NONE', *, *, #2183, .F. ) ;
#8212 = AXIS2_PLACEMENT_3D ( 'NONE', #1304, #4118, #6925 ) ;
#8213 = CYLINDRICAL_SURFACE ( 'NONE', #823, 0.6500000000000000222 ) ;
#8214 = PLANE ( 'NONE',  #5889 ) ;
#8215 = VERTEX_POINT ( 'NONE', #8091 ) ;
#8216 = ADVANCED_FACE ( 'NONE', ( #4588 ), #260, .F. ) ;
#8217 = CARTESIAN_POINT ( 'NONE',  ( -1.900000000000001910, 3.600000000000003642, 0.1000000000000000056 ) ) ;
#8218 = CARTESIAN_POINT ( 'NONE',  ( 4.500000000000002665, -1.550515463917522041, -5.800000000000000711 ) ) ;
#8219 = EDGE_CURVE ( 'NONE', #3524, #1700, #8832, .T. ) ;
#8220 = CARTESIAN_POINT ( 'NONE',  ( -4.400000000000002132, -4.200000000000000178, 0.000000000000000000 ) ) ;
#8221 = CIRCLE ( 'NONE', #2476, 0.4000000000000001887 ) ;
#8222 = CARTESIAN_POINT ( 'NONE',  ( -1.734723475976807094E-15, 0.4500000000000040079, 4.299999999999999822 ) ) ;
#8223 = CARTESIAN_POINT ( 'NONE',  ( -3.000000000000000000, 3.649484536082479469, 0.000000000000000000 ) ) ;
#8224 = ORIENTED_EDGE ( 'NONE', *, *, #5668, .F. ) ;
#8225 = EDGE_LOOP ( 'NONE', ( #3393, #4162, #7569, #3332 ) ) ;
#8226 = EDGE_CURVE ( 'NONE', #1339, #889, #7396, .T. ) ;
#8227 = ORIENTED_EDGE ( 'NONE', *, *, #7930, .F. ) ;
#8228 = FACE_BOUND ( 'NONE', #3801, .T. ) ;
#8229 = EDGE_CURVE ( 'NONE', #6930, #4404, #3029, .T. ) ;
#8230 = ORIENTED_EDGE ( 'NONE', *, *, #6755, .T. ) ;
#8231 = VECTOR ( 'NONE', #4740, 1000.000000000000000 ) ;
#8232 = EDGE_CURVE ( 'NONE', #1001, #1611, #1285, .T. ) ;
#8233 = CARTESIAN_POINT ( 'NONE',  ( -0.4499999999999999556, -3.625230054855794304, 2.100000000000000089 ) ) ;
#8234 = DIRECTION ( 'NONE',  ( 8.123545521314933250E-47, 3.260780805318072864E-31, -1.000000000000000000 ) ) ;
#8235 = UNCERTAINTY_MEASURE_WITH_UNIT (LENGTH_MEASURE( 1.000000000000000082E-05 ), #4026, 'distance_accuracy_value', 'NONE');
#8236 = VECTOR ( 'NONE', #6237, 1000.000000000000000 ) ;
#8237 = ADVANCED_FACE ( 'NONE', ( #5188 ), #1677, .T. ) ;
#8238 = EDGE_LOOP ( 'NONE', ( #8389, #7800, #2935, #91 ) ) ;
#8239 = EDGE_LOOP ( 'NONE', ( #5912, #1725, #8302, #1767 ) ) ;
#8240 = EDGE_CURVE ( 'NONE', #4591, #7693, #3065, .T. ) ;
#8241 = DIRECTION ( 'NONE',  ( -0.4067366430758009854, 0.000000000000000000, 0.9135454576426004225 ) ) ;
#8242 = DIRECTION ( 'NONE',  ( 0.000000000000000000, 0.000000000000000000, -1.000000000000000000 ) ) ;
#8243 = VECTOR ( 'NONE', #1708, 1000.000000000000000 ) ;
#8244 = CARTESIAN_POINT ( 'NONE',  ( -4.900000000000001243, -2.550515463917520265, 0.4000000000000000222 ) ) ;
#8245 = LINE ( 'NONE', #9078, #3028 ) ;
#8246 = DIRECTION ( 'NONE',  ( -8.850629979473506011E-17, 1.000000000000000000, 0.000000000000000000 ) ) ;
#8247 = CARTESIAN_POINT ( 'NONE',  ( 1.899999999999996358, -4.200000000000000178, 0.1000000000000000056 ) ) ;
#8248 = LINE ( 'NONE', #6172, #5538 ) ;
#8249 = ORIENTED_EDGE ( 'NONE', *, *, #6945, .T. ) ;
#8250 = VERTEX_POINT ( 'NONE', #8273 ) ;
#8251 = AXIS2_PLACEMENT_3D ( 'NONE', #7563, #4666, #8871 ) ;
#8252 = VERTEX_POINT ( 'NONE', #8877 ) ;
#8253 = DIRECTION ( 'NONE',  ( -0.000000000000000000, -0.000000000000000000, -1.000000000000000000 ) ) ;
#8254 = ORIENTED_EDGE ( 'NONE', *, *, #401, .T. ) ;
#8255 = DIRECTION ( 'NONE',  ( -0.000000000000000000, -1.000000000000000000, -0.000000000000000000 ) ) ;
#8256 = VECTOR ( 'NONE', #1205, 1000.000000000000000 ) ;
#8257 = CARTESIAN_POINT ( 'NONE',  ( -4.499999999999986677, 0.4494845360824791802, -7.550000000000007816 ) ) ;
#8258 = VECTOR ( 'NONE', #663, 1000.000000000000000 ) ;
#8259 = ORIENTED_EDGE ( 'NONE', *, *, #4136, .F. ) ;
#8260 = CARTESIAN_POINT ( 'NONE',  ( -5.636132948075079696, 0.4494845360824797353, -8.396377958773982186 ) ) ;
#8261 = UNCERTAINTY_MEASURE_WITH_UNIT (LENGTH_MEASURE( 1.000000000000000082E-05 ), #7672, 'distance_accuracy_value', 'NONE');
#8262 = CARTESIAN_POINT ( 'NONE',  ( -4.499999999999986677, 4.049484536082480268, -4.300000000000008704 ) ) ;
#8263 = ORIENTED_EDGE ( 'NONE', *, *, #4979, .F. ) ;
#8264 = VECTOR ( 'NONE', #4190, 1000.000000000000114 ) ;
#8265 = CIRCLE ( 'NONE', #4279, 0.4000000000000001887 ) ;
#8266 = CARTESIAN_POINT ( 'NONE',  ( -3.400000000000001688, 2.950000000000003286, 0.000000000000000000 ) ) ;
#8267 = LINE ( 'NONE', #7702, #4132 ) ;
#8268 = EDGE_CURVE ( 'NONE', #8663, #4849, #1851, .T. ) ;
#8269 = VECTOR ( 'NONE', #4048, 1000.000000000000000 ) ;
#8270 = PLANE ( 'NONE',  #7259 ) ;
#8271 = AXIS2_PLACEMENT_3D ( 'NONE', #4749, #515, #1246 ) ;
#8272 = LINE ( 'NONE', #574, #7638 ) ;
#8273 = CARTESIAN_POINT ( 'NONE',  ( -5.538016780164189079, 0.4494845360824795688, -8.133954347177784427 ) ) ;
#8274 = ORIENTED_EDGE ( 'NONE', *, *, #7032, .T. ) ;
#8275 = ORIENTED_EDGE ( 'NONE', *, *, #7577, .T. ) ;
#8276 = ORIENTED_EDGE ( 'NONE', *, *, #5000, .T. ) ;
#8277 = PRODUCT_DEFINITION ( 'UNKNOWN', '', #9086, #50 ) ;
#8278 = CARTESIAN_POINT ( 'NONE',  ( 4.900000000000000355, 4.349484536082479202, -7.399999999999999467 ) ) ;
#8279 = AXIS2_PLACEMENT_3D ( 'NONE', #1178, #8932, #4772 ) ;
#8280 = ORIENTED_EDGE ( 'NONE', *, *, #4687, .T. ) ;
#8281 = VECTOR ( 'NONE', #1807, 1000.000000000000000 ) ;
#8282 = LINE ( 'NONE', #6754, #3124 ) ;
#8283 = EDGE_CURVE ( 'NONE', #889, #4995, #5502, .T. ) ;
#8284 = DIRECTION ( 'NONE',  ( 0.9063077870366497146, 8.021394870576868470E-17, -0.4226182617407001074 ) ) ;
#8285 = DIRECTION ( 'NONE',  ( 0.000000000000000000, 1.000000000000000000, 0.000000000000000000 ) ) ;
#8286 = VECTOR ( 'NONE', #8112, 1000.000000000000000 ) ;
#8287 = CARTESIAN_POINT ( 'NONE',  ( -0.6500000000000019096, 0.4500000000000040079, 0.000000000000000000 ) ) ;
#8288 = VERTEX_POINT ( 'NONE', #444 ) ;
#8289 = EDGE_CURVE ( 'NONE', #8620, #5269, #5116, .T. ) ;
#8290 = ORIENTED_EDGE ( 'NONE', *, *, #4855, .F. ) ;
#8291 = DIRECTION ( 'NONE',  ( -0.9063077870366453848, 2.257874111717921715E-16, -0.4226182617407091557 ) ) ;
#8292 = DIRECTION ( 'NONE',  ( 0.000000000000000000, 0.000000000000000000, 1.000000000000000000 ) ) ;
#8293 = VECTOR ( 'NONE', #5063, 1000.000000000000000 ) ;
#8294 = LINE ( 'NONE', #6212, #6064 ) ;
#8295 = EDGE_CURVE ( 'NONE', #2970, #8009, #3387, .T. ) ;
#8296 = CARTESIAN_POINT ( 'NONE',  ( -4.400000000000002132, 3.600000000000004086, 0.000000000000000000 ) ) ;
#8297 = CYLINDRICAL_SURFACE ( 'NONE', #6956, 0.9000000000000002442 ) ;
#8298 = DIRECTION ( 'NONE',  ( -0.000000000000000000, -0.000000000000000000, -1.000000000000000000 ) ) ;
#8299 = EDGE_CURVE ( 'NONE', #5112, #729, #1170, .T. ) ;
#8300 = CARTESIAN_POINT ( 'NONE',  ( 3.599999999999999645, -5.149999999999998579, 5.000000000000000000 ) ) ;
#8301 = VECTOR ( 'NONE', #6881, 1000.000000000000000 ) ;
#8302 = ORIENTED_EDGE ( 'NONE', *, *, #7236, .F. ) ;
#8303 = ORIENTED_EDGE ( 'NONE', *, *, #3844, .F. ) ;
#8304 = CYLINDRICAL_SURFACE ( 'NONE', #7816, 3.300000000000000266 ) ;
#8305 = VERTEX_POINT ( 'NONE', #6191 ) ;
#8306 = CARTESIAN_POINT ( 'NONE',  ( 4.500000000000002665, -2.450515463917521508, -0.5999999999999906519 ) ) ;
#8307 = CARTESIAN_POINT ( 'NONE',  ( -4.900000000000000355, 4.349484536082479202, -5.800000000000009592 ) ) ;
#8308 = VERTEX_POINT ( 'NONE', #5368 ) ;
#8309 = DIRECTION ( 'NONE',  ( -1.000000000000000000, 4.427158870982468024E-15, 0.000000000000000000 ) ) ;
#8310 = ADVANCED_FACE ( 'NONE', ( #4674 ), #1947, .T. ) ;
#8311 = DIRECTION ( 'NONE',  ( 0.000000000000000000, 1.000000000000000000, 0.000000000000000000 ) ) ;
#8312 = VERTEX_POINT ( 'NONE', #3989 ) ;
#8313 = ORIENTED_EDGE ( 'NONE', *, *, #5509, .T. ) ;
#8314 = DIRECTION ( 'NONE',  ( -1.000000000000000000, 0.000000000000000000, 0.000000000000000000 ) ) ;
#8315 = DIRECTION ( 'NONE',  ( -1.000000000000000000, 0.000000000000000000, 0.000000000000000000 ) ) ;
#8316 = EDGE_CURVE ( 'NONE', #1474, #7123, #7612, .T. ) ;
#8317 = CARTESIAN_POINT ( 'NONE',  ( -5.236132948075079341, 0.4494845360824796243, -8.396377958773982186 ) ) ;
#8318 = EDGE_CURVE ( 'NONE', #979, #367, #7568, .T. ) ;
#8319 = CARTESIAN_POINT ( 'NONE',  ( -3.399999999999999911, -0.5505154639175203757, 4.600000000000000533 ) ) ;
#8320 = DIRECTION ( 'NONE',  ( 0.000000000000000000, 1.000000000000000000, 0.000000000000000000 ) ) ;
#8321 = ORIENTED_EDGE ( 'NONE', *, *, #8316, .F. ) ;
#8322 = ORIENTED_EDGE ( 'NONE', *, *, #7029, .T. ) ;
#8323 = CARTESIAN_POINT ( 'NONE',  ( 3.599999999999999645, 5.950000000000003730, 5.000000000000000000 ) ) ;
#8324 = ORIENTED_EDGE ( 'NONE', *, *, #2834, .T. ) ;
#8325 = AXIS2_PLACEMENT_3D ( 'NONE', #1193, #5478, #1873 ) ;
#8326 = CARTESIAN_POINT ( 'NONE',  ( -4.499999999999992895, 6.873989284057756956E-16, -4.300000000000008704 ) ) ;
#8327 = DIRECTION ( 'NONE',  ( -1.000000000000000000, -1.971276677246371519E-16, -0.000000000000000000 ) ) ;
#8328 =( NAMED_UNIT ( * ) SI_UNIT ( $, .STERADIAN. ) SOLID_ANGLE_UNIT ( ) );
#8329 = ORIENTED_EDGE ( 'NONE', *, *, #3164, .F. ) ;
#8330 = ORIENTED_EDGE ( 'NONE', *, *, #6488, .F. ) ;
#8331 = DIRECTION ( 'NONE',  ( -1.000000000000000000, 0.000000000000000000, 0.000000000000000000 ) ) ;
#8332 = AXIS2_PLACEMENT_3D ( 'NONE', #268, #1091, #1684 ) ;
#8333 = ADVANCED_FACE ( 'NONE', ( #6792 ), #1988, .T. ) ;
#8334 = CARTESIAN_POINT ( 'NONE',  ( -2.598076211353317344, 6.000000000000000000, 1.499999999999999112 ) ) ;
#8335 = CARTESIAN_POINT ( 'NONE',  ( -1.891663167769254361, 8.500000000000000000, 3.353223890482887271 ) ) ;
#8336 = CARTESIAN_POINT ( 'NONE',  ( 4.900000000000000355, 0.4494845360824786806, -5.800000000000000711 ) ) ;
#8337 = DIRECTION ( 'NONE',  ( 0.000000000000000000, 1.000000000000000000, 0.000000000000000000 ) ) ;
#8338 = EDGE_CURVE ( 'NONE', #8031, #1227, #1263, .T. ) ;
#8339 = CONICAL_SURFACE ( 'NONE', #1555, 0.5999999999062310962, 0.7853981633974482790 ) ;
#8340 = DIRECTION ( 'NONE',  ( -1.000000000000000000, -0.000000000000000000, -0.000000000000000000 ) ) ;
#8341 = DIRECTION ( 'NONE',  ( -7.228014483236699514E-16, 1.000000000000000000, 0.000000000000000000 ) ) ;
#8342 = ORIENTED_EDGE ( 'NONE', *, *, #2357, .T. ) ;
#8343 = ORIENTED_EDGE ( 'NONE', *, *, #7285, .T. ) ;
#8344 = EDGE_CURVE ( 'NONE', #6455, #358, #3297, .T. ) ;
#8345 = VECTOR ( 'NONE', #555, 1000.000000000000000 ) ;
#8346 = CIRCLE ( 'NONE', #5539, 0.6500000000000000222 ) ;
#8347 = LINE ( 'NONE', #4236, #3410 ) ;
#8348 = ORIENTED_EDGE ( 'NONE', *, *, #3921, .T. ) ;
#8349 = LINE ( 'NONE', #1420, #2813 ) ;
#8350 = CARTESIAN_POINT ( 'NONE',  ( -4.500000000000002665, 1.349484536082479647, -0.6000000000000000888 ) ) ;
#8351 = EDGE_LOOP ( 'NONE', ( #5106, #155, #3162, #2550, #390, #8948, #5223 ) ) ;
#8352 = CARTESIAN_POINT ( 'NONE',  ( 1.097644678823669562, 10.20000000000000107, -0.5047000102205829730 ) ) ;
#8353 = AXIS2_PLACEMENT_3D ( 'NONE', #386, #4709, #7334 ) ;
#8354 = CARTESIAN_POINT ( 'NONE',  ( 1.250000000000000222, 8.900000000000000355, 3.150000003002861870 ) ) ;
#8355 = VECTOR ( 'NONE', #5599, 1000.000000000000000 ) ;
#8356 = EDGE_LOOP ( 'NONE', ( #4056, #404, #228, #8844 ) ) ;
#8357 = EDGE_LOOP ( 'NONE', ( #1528, #7744 ) ) ;
#8358 = EDGE_CURVE ( 'NONE', #3257, #8009, #3211, .T. ) ;
#8359 = CARTESIAN_POINT ( 'NONE',  ( 0.000000000000000000, 0.000000000000000000, 0.5000000000000000000 ) ) ;
#8360 = CARTESIAN_POINT ( 'NONE',  ( 1.898540922494819982, 8.900000000000000355, 3.349334615354595979 ) ) ;
#8361 = CIRCLE ( 'NONE', #5553, 0.6000000000000001998 ) ;
#8362 = FACE_OUTER_BOUND ( 'NONE', #2044, .T. ) ;
#8363 = FACE_OUTER_BOUND ( 'NONE', #1754, .T. ) ;
#8364 = DIRECTION ( 'NONE',  ( 1.606225440719265627E-16, 1.000000000000000000, 3.102490474962827050E-31 ) ) ;
#8365 = EDGE_LOOP ( 'NONE', ( #5530, #8637, #6662, #5085 ) ) ;
#8366 = EDGE_LOOP ( 'NONE', ( #238, #54, #2580, #6779, #2587, #5928 ) ) ;
#8367 = ORIENTED_EDGE ( 'NONE', *, *, #7666, .T. ) ;
#8368 = VERTEX_POINT ( 'NONE', #6238 ) ;
#8369 = CARTESIAN_POINT ( 'NONE',  ( -4.899999999999995026, -5.150515463917520798, -6.800000000000009592 ) ) ;
#8370 = EDGE_CURVE ( 'NONE', #297, #2652, #7316, .T. ) ;
#8371 = VERTEX_POINT ( 'NONE', #1897 ) ;
#8372 = LINE ( 'NONE', #2227, #2677 ) ;
#8373 = DIRECTION ( 'NONE',  ( 1.000000000000000000, 0.000000000000000000, 0.000000000000000000 ) ) ;
#8374 = DIRECTION ( 'NONE',  ( 0.000000000000000000, -1.000000000000000000, 0.000000000000000000 ) ) ;
#8375 = DIRECTION ( 'NONE',  ( 0.000000000000000000, -1.000000000000000000, 0.000000000000000000 ) ) ;
#8376 = ORIENTED_EDGE ( 'NONE', *, *, #1688, .F. ) ;
#8377 = VECTOR ( 'NONE', #588, 1000.000000000000000 ) ;
#8378 = ORIENTED_EDGE ( 'NONE', *, *, #3214, .F. ) ;
#8379 = LINE ( 'NONE', #4735, #1161 ) ;
#8380 = DIRECTION ( 'NONE',  ( 1.000000000000000000, 0.000000000000000000, 0.000000000000000000 ) ) ;
#8381 = DIRECTION ( 'NONE',  ( 1.000000000000000000, 0.000000000000000000, 0.000000000000000000 ) ) ;
#8382 = PLANE ( 'NONE',  #6699 ) ;
#8383 = FACE_OUTER_BOUND ( 'NONE', #4581, .T. ) ;
#8384 = AXIS2_PLACEMENT_3D ( 'NONE', #6537, #4471, #3784 ) ;
#8385 = DIRECTION ( 'NONE',  ( -1.606225440719267599E-16, -1.000000000000000000, 1.018148511238954428E-16 ) ) ;
#8386 = EDGE_CURVE ( 'NONE', #6904, #2972, #4717, .T. ) ;
#8387 = CYLINDRICAL_SURFACE ( 'NONE', #6129, 0.7999999999999999334 ) ;
#8388 =( BOUNDED_CURVE ( )  B_SPLINE_CURVE ( 3, ( #7392, #8694, #7432, #1079 ),
 .UNSPECIFIED., .F., .T. ) 
 B_SPLINE_CURVE_WITH_KNOTS ( ( 4, 4 ),
 ( 3.141592653589793116, 4.712388980384689674 ),
 .UNSPECIFIED. ) 
 CURVE ( )  GEOMETRIC_REPRESENTATION_ITEM ( )  RATIONAL_B_SPLINE_CURVE ( ( 1.000000000000000000, 0.8047378541243649375, 0.8047378541243649375, 1.000000000000000000 ) ) 
 REPRESENTATION_ITEM ( '' )  );
#8389 = ORIENTED_EDGE ( 'NONE', *, *, #3088, .F. ) ;
#8390 = ORIENTED_EDGE ( 'NONE', *, *, #3434, .F. ) ;
#8391 = VECTOR ( 'NONE', #3206, 1000.000000000000114 ) ;
#8392 = EDGE_CURVE ( 'NONE', #875, #3074, #2315, .T. ) ;
#8393 = CARTESIAN_POINT ( 'NONE',  ( -4.499999999999988454, 1.449484536082480179, -6.400000000000009237 ) ) ;
#8394 = VERTEX_POINT ( 'NONE', #8969 ) ;
#8395 = CARTESIAN_POINT ( 'NONE',  ( 0.000000000000000000, -6.400000000000000355, -1.350000000000000089 ) ) ;
#8396 = CARTESIAN_POINT ( 'NONE',  ( 1.479999999999999982, 11.70000000000000462, 0.8499999999999999778 ) ) ;
#8397 = EDGE_LOOP ( 'NONE', ( #4154, #2308 ) ) ;
#8398 = FACE_OUTER_BOUND ( 'NONE', #2934, .T. ) ;
#8399 = EDGE_CURVE ( 'NONE', #7984, #8215, #2639, .T. ) ;
#8400 = AXIS2_PLACEMENT_3D ( 'NONE', #5494, #3331, #4933 ) ;
#8401 = FACE_OUTER_BOUND ( 'NONE', #1806, .T. ) ;
#8402 = VERTEX_POINT ( 'NONE', #2032 ) ;
#8403 = VERTEX_POINT ( 'NONE', #6281 ) ;
#8404 = EDGE_CURVE ( 'NONE', #8154, #5460, #4251, .T. ) ;
#8405 = LINE ( 'NONE', #4892, #6048 ) ;
#8406 = AXIS2_PLACEMENT_3D ( 'NONE', #7607, #3380, #9011 ) ;
#8407 = CARTESIAN_POINT ( 'NONE',  ( 0.4999999999999982792, -2.050000000000000711, 0.5000000000000000000 ) ) ;
#8408 = ORIENTED_EDGE ( 'NONE', *, *, #1969, .T. ) ;
#8409 = CARTESIAN_POINT ( 'NONE',  ( 4.500000000000002665, 0.4494845360824784586, -5.800000000000000711 ) ) ;
#8410 = EDGE_CURVE ( 'NONE', #4659, #65, #8361, .T. ) ;
#8411 = CARTESIAN_POINT ( 'NONE',  ( 0.5000000000000002220, 11.70000000000000462, 1.500000000000000000 ) ) ;
#8412 = DIRECTION ( 'NONE',  ( 0.000000000000000000, -1.000000000000000000, 0.000000000000000000 ) ) ;
#8413 = VECTOR ( 'NONE', #5452, 1000.000000000000000 ) ;
#8414 = AXIS2_PLACEMENT_3D ( 'NONE', #7481, #577, #3994 ) ;
#8415 = ORIENTED_EDGE ( 'NONE', *, *, #7981, .T. ) ;
#8416 = ORIENTED_EDGE ( 'NONE', *, *, #2994, .F. ) ;
#8417 = DIRECTION ( 'NONE',  ( 0.4226182617407000519, 0.000000000000000000, 0.9063077870366496036 ) ) ;
#8418 = ORIENTED_EDGE ( 'NONE', *, *, #512, .F. ) ;
#8419 = FACE_OUTER_BOUND ( 'NONE', #1362, .T. ) ;
#8420 = VECTOR ( 'NONE', #1099, 1000.000000000000000 ) ;
#8421 = FACE_BOUND ( 'NONE', #756, .T. ) ;
#8422 = DIRECTION ( 'NONE',  ( -0.6560590289905071648, 0.000000000000000000, -0.7547095802227721251 ) ) ;
#8423 = DIRECTION ( 'NONE',  ( 0.000000000000000000, -1.000000000000000000, 0.000000000000000000 ) ) ;
#8424 = EDGE_CURVE ( 'NONE', #2223, #3707, #4990, .T. ) ;
#8425 = VERTEX_POINT ( 'NONE', #8500 ) ;
#8426 = ORIENTED_EDGE ( 'NONE', *, *, #3619, .T. ) ;
#8427 = AXIS2_PLACEMENT_3D ( 'NONE', #9077, #770, #4963 ) ;
#8428 = VECTOR ( 'NONE', #2612, 1000.000000000000000 ) ;
#8429 = EDGE_LOOP ( 'NONE', ( #4688, #8819, #3523, #4931 ) ) ;
#8430 = CARTESIAN_POINT ( 'NONE',  ( -3.250000000000001332, -6.400000000000000355, -1.349999999999999867 ) ) ;
#8431 = CARTESIAN_POINT ( 'NONE',  ( 0.4999999999999987232, 1.540871211463575419, 0.5000000000000000000 ) ) ;
#8432 = LINE ( 'NONE', #7630, #287 ) ;
#8433 = DIRECTION ( 'NONE',  ( -2.551063935260010491E-16, 1.000000000000000000, 0.000000000000000000 ) ) ;
#8434 = DIRECTION ( 'NONE',  ( -0.000000000000000000, -0.000000000000000000, -1.000000000000000000 ) ) ;
#8435 = CARTESIAN_POINT ( 'NONE',  ( 5.238893727143786982, -1.550515463917522263, -8.400000000000000355 ) ) ;
#8436 = ADVANCED_FACE ( 'NONE', ( #7016 ), #2870, .F. ) ;
#8437 = CARTESIAN_POINT ( 'NONE',  ( -0.3999999999999999667, -6.700000000000000178, -4.928191693115928797E-17 ) ) ;
#8438 = ORIENTED_EDGE ( 'NONE', *, *, #1343, .T. ) ;
#8439 = ORIENTED_EDGE ( 'NONE', *, *, #2266, .F. ) ;
#8440 = VECTOR ( 'NONE', #962, 1000.000000000000000 ) ;
#8441 = DIRECTION ( 'NONE',  ( 2.491288438666609203E-16, 1.000000000000000000, 3.614007241618352715E-16 ) ) ;
#8442 = VERTEX_POINT ( 'NONE', #7658 ) ;
#8443 = CARTESIAN_POINT ( 'NONE',  ( 0.000000000000000000, -0.5505154639175203757, 1.400000000000000577 ) ) ;
#8444 = FACE_OUTER_BOUND ( 'NONE', #4028, .T. ) ;
#8445 = ORIENTED_EDGE ( 'NONE', *, *, #8404, .T. ) ;
#8446 = DIRECTION ( 'NONE',  ( 2.491288438666612654E-16, 1.000000000000000000, 1.734723475976810053E-16 ) ) ;
#8447 = AXIS2_PLACEMENT_3D ( 'NONE', #4324, #6439, #7775 ) ;
#8448 = LINE ( 'NONE', #7696, #6328 ) ;
#8449 = ORIENTED_EDGE ( 'NONE', *, *, #1286, .F. ) ;
#8450 = DIRECTION ( 'NONE',  ( 8.850629979473506011E-17, -1.000000000000000000, 0.000000000000000000 ) ) ;
#8451 = EDGE_CURVE ( 'NONE', #3183, #7847, #1433, .T. ) ;
#8452 = VECTOR ( 'NONE', #2781, 1000.000000000000000 ) ;
#8453 = CARTESIAN_POINT ( 'NONE',  ( 4.399999999999998579, -5.149999999999998579, 0.000000000000000000 ) ) ;
#8454 = VERTEX_POINT ( 'NONE', #7059 ) ;
#8455 = CARTESIAN_POINT ( 'NONE',  ( -5.598656062889739715, -1.550515463917520487, -8.565425263470261896 ) ) ;
#8456 = PLANE ( 'NONE',  #7494 ) ;
#8457 = LINE ( 'NONE', #4207, #267 ) ;
#8458 = ORIENTED_EDGE ( 'NONE', *, *, #6595, .T. ) ;
#8459 = ORIENTED_EDGE ( 'NONE', *, *, #8299, .T. ) ;
#8460 = ORIENTED_EDGE ( 'NONE', *, *, #1395, .T. ) ;
#8461 = VERTEX_POINT ( 'NONE', #5587 ) ;
#8462 = PLANE ( 'NONE',  #6778 ) ;
#8463 = EDGE_CURVE ( 'NONE', #4150, #4168, #558, .T. ) ;
#8464 = ORIENTED_EDGE ( 'NONE', *, *, #5835, .T. ) ;
#8465 = DIRECTION ( 'NONE',  ( -0.000000000000000000, -0.000000000000000000, -1.000000000000000000 ) ) ;
#8466 = CYLINDRICAL_SURFACE ( 'NONE', #3131, 0.6500000000000000222 ) ;
#8467 = DIRECTION ( 'NONE',  ( -0.000000000000000000, -1.000000000000000000, -0.000000000000000000 ) ) ;
#8468 = DIRECTION ( 'NONE',  ( 0.000000000000000000, 0.000000000000000000, -1.000000000000000000 ) ) ;
#8469 = ORIENTED_EDGE ( 'NONE', *, *, #4452, .T. ) ;
#8470 = FACE_OUTER_BOUND ( 'NONE', #2986, .T. ) ;
#8471 = ADVANCED_FACE ( 'NONE', ( #7754 ), #2824, .T. ) ;
#8472 = CIRCLE ( 'NONE', #225, 0.4000000000000001887 ) ;
#8473 = DIRECTION ( 'NONE',  ( 1.000000000000000000, 0.000000000000000000, 0.000000000000000000 ) ) ;
#8474 = CARTESIAN_POINT ( 'NONE',  ( 4.900000000000000355, 4.049484536082479380, -4.299999999999999822 ) ) ;
#8475 = DIRECTION ( 'NONE',  ( 0.5147285590694852253, 0.000000000000000000, 0.8573532005412071166 ) ) ;
#8476 = DIRECTION ( 'NONE',  ( 0.9999994735200916640, 0.000000000000000000, -0.001026138167772390822 ) ) ;
#8477 = DIRECTION ( 'NONE',  ( 1.606225440719267599E-16, 1.000000000000000000, -1.018148511238954428E-16 ) ) ;
#8478 = VECTOR ( 'NONE', #8498, 1000.000000000000000 ) ;
#8479 = VERTEX_POINT ( 'NONE', #1350 ) ;
#8480 = ORIENTED_EDGE ( 'NONE', *, *, #8501, .T. ) ;
#8481 = LINE ( 'NONE', #6997, #1480 ) ;
#8482 = ORIENTED_EDGE ( 'NONE', *, *, #3158, .T. ) ;
#8483 = EDGE_CURVE ( 'NONE', #4896, #6504, #3478, .T. ) ;
#8484 = DIRECTION ( 'NONE',  ( 1.000000000000000000, 0.000000000000000000, 1.931541112668179645E-15 ) ) ;
#8485 = AXIS2_PLACEMENT_3D ( 'NONE', #5491, #8446, #2117 ) ;
#8486 = FACE_OUTER_BOUND ( 'NONE', #5771, .T. ) ;
#8487 = EDGE_LOOP ( 'NONE', ( #2858, #5278, #7225, #6565 ) ) ;
#8488 = DIRECTION ( 'NONE',  ( 0.000000000000000000, 0.000000000000000000, 1.000000000000000000 ) ) ;
#8489 = DIRECTION ( 'NONE',  ( 0.000000000000000000, 1.000000000000000000, 0.000000000000000000 ) ) ;
#8490 = AXIS2_PLACEMENT_3D ( 'NONE', #7635, #1970, #4786 ) ;
#8491 = ORIENTED_EDGE ( 'NONE', *, *, #3303, .T. ) ;
#8492 = CIRCLE ( 'NONE', #4515, 0.5000000000000004441 ) ;
#8493 = ORIENTED_EDGE ( 'NONE', *, *, #2800, .T. ) ;
#8494 = DIRECTION ( 'NONE',  ( 1.000000000000000000, 0.000000000000000000, 1.776356839400250465E-15 ) ) ;
#8495 = DIRECTION ( 'NONE',  ( 0.000000000000000000, 0.000000000000000000, -1.000000000000000000 ) ) ;
#8496 = ORIENTED_EDGE ( 'NONE', *, *, #1657, .F. ) ;
#8497 = VECTOR ( 'NONE', #4262, 1000.000000000000000 ) ;
#8498 = DIRECTION ( 'NONE',  ( 8.850629979473506011E-17, -1.000000000000000000, 0.000000000000000000 ) ) ;
#8499 = DIRECTION ( 'NONE',  ( -1.000000000000000000, 0.000000000000000000, 0.000000000000000000 ) ) ;
#8500 = CARTESIAN_POINT ( 'NONE',  ( -2.899999999999999911, -6.400000000000000355, -5.750000000000000000 ) ) ;
#8501 = EDGE_CURVE ( 'NONE', #1812, #3933, #2770, .T. ) ;
#8502 = ORIENTED_EDGE ( 'NONE', *, *, #1698, .F. ) ;
#8503 = ORIENTED_EDGE ( 'NONE', *, *, #5642, .T. ) ;
#8504 = EDGE_LOOP ( 'NONE', ( #5301, #6327, #3233, #6500 ) ) ;
#8505 = ORIENTED_EDGE ( 'NONE', *, *, #910, .F. ) ;
#8506 = AXIS2_PLACEMENT_3D ( 'NONE', #6771, #1012, #3880 ) ;
#8507 = LINE ( 'NONE', #6976, #743 ) ;
#8508 = ORIENTED_EDGE ( 'NONE', *, *, #6750, .F. ) ;
#8509 = ADVANCED_FACE ( 'NONE', ( #6372 ), #965, .F. ) ;
#8510 = DIRECTION ( 'NONE',  ( -1.000000000000000000, 0.000000000000000000, 0.000000000000000000 ) ) ;
#8511 = CARTESIAN_POINT ( 'NONE',  ( 0.000000000000000000, 0.000000000000000000, 0.4000000000000000222 ) ) ;
#8512 = FACE_BOUND ( 'NONE', #7509, .T. ) ;
#8513 = AXIS2_PLACEMENT_3D ( 'NONE', #7867, #4464, #86 ) ;
#8514 = CARTESIAN_POINT ( 'NONE',  ( -2.600000000000000533, 4.049484536082479380, -5.300000000000009592 ) ) ;
#8515 = EDGE_CURVE ( 'NONE', #8083, #6917, #14, .T. ) ;
#8516 = CARTESIAN_POINT ( 'NONE',  ( -1.734723475976807094E-15, 1.000515463917524439, 5.000000000000000000 ) ) ;
#8517 = ORIENTED_EDGE ( 'NONE', *, *, #2758, .F. ) ;
#8518 = DIRECTION ( 'NONE',  ( 0.000000000000000000, 0.000000000000000000, -1.000000000000000000 ) ) ;
#8519 = EDGE_CURVE ( 'NONE', #1596, #3011, #8457, .T. ) ;
#8520 = FACE_OUTER_BOUND ( 'NONE', #2551, .T. ) ;
#8521 = PRODUCT_DEFINITION_SHAPE ( 'NONE', 'NONE',  #9133 ) ;
#8522 = LINE ( 'NONE', #8474, #4054 ) ;
#8523 = DIRECTION ( 'NONE',  ( 0.000000000000000000, 1.000000000000000000, 0.000000000000000000 ) ) ;
#8524 = DIRECTION ( 'NONE',  ( -1.000000000000000000, 0.000000000000000000, 0.000000000000000000 ) ) ;
#8525 = EDGE_CURVE ( 'NONE', #7243, #8479, #7797, .T. ) ;
#8526 = AXIS2_PLACEMENT_3D ( 'NONE', #5474, #6987, #3451 ) ;
#8527 = DIRECTION ( 'NONE',  ( -2.551063935260010491E-16, 1.000000000000000000, 0.000000000000000000 ) ) ;
#8528 = ORIENTED_EDGE ( 'NONE', *, *, #5117, .F. ) ;
#8529 = DIRECTION ( 'NONE',  ( -1.000000000000000000, -2.168404344971008079E-15, 0.000000000000000000 ) ) ;
#8530 = ORIENTED_EDGE ( 'NONE', *, *, #8392, .F. ) ;
#8531 = AXIS2_PLACEMENT_3D ( 'NONE', #8652, #2322, #5138 ) ;
#8532 = DIRECTION ( 'NONE',  ( 1.000000000000000000, 0.000000000000000000, 1.931541112668179645E-15 ) ) ;
#8533 = DIRECTION ( 'NONE',  ( 0.000000000000000000, 0.000000000000000000, -1.000000000000000000 ) ) ;
#8534 = ORIENTED_EDGE ( 'NONE', *, *, #8370, .T. ) ;
#8535 = CARTESIAN_POINT ( 'NONE',  ( -2.500942654745184512, 0.3317597448392849424, 1.331759744839281723 ) ) ;
#8536 = EDGE_CURVE ( 'NONE', #2575, #532, #1477, .T. ) ;
#8537 = CARTESIAN_POINT ( 'NONE',  ( -3.250000000000001332, -6.500000000000001776, 1.300000000000000266 ) ) ;
#8538 = EDGE_CURVE ( 'NONE', #4129, #8024, #3611, .T. ) ;
#8539 = AXIS2_PLACEMENT_3D ( 'NONE', #7931, #4989, #200 ) ;
#8540 = ORIENTED_EDGE ( 'NONE', *, *, #8885, .F. ) ;
#8541 = ORIENTED_EDGE ( 'NONE', *, *, #7381, .F. ) ;
#8542 = PLANE ( 'NONE',  #7079 ) ;
#8543 = DIRECTION ( 'NONE',  ( 0.000000000000000000, 0.000000000000000000, 1.000000000000000000 ) ) ;
#8544 = VECTOR ( 'NONE', #3197, 1000.000000000000000 ) ;
#8545 = LINE ( 'NONE', #106, #5671 ) ;
#8546 = DIRECTION ( 'NONE',  ( 0.000000000000000000, 0.000000000000000000, 1.000000000000000000 ) ) ;
#8547 = ORIENTED_EDGE ( 'NONE', *, *, #7795, .T. ) ;
#8548 = ORIENTED_EDGE ( 'NONE', *, *, #1663, .T. ) ;
#8549 = ORIENTED_EDGE ( 'NONE', *, *, #8143, .F. ) ;
#8550 = VECTOR ( 'NONE', #4936, 1000.000000000000000 ) ;
#8551 = VERTEX_POINT ( 'NONE', #2916 ) ;
#8552 = CARTESIAN_POINT ( 'NONE',  ( 0.6700000000000003730, 11.70000000000000462, 0.5999999999999998668 ) ) ;
#8553 = CARTESIAN_POINT ( 'NONE',  ( 1.899999999999996358, -4.200000000000000178, 0.1000000000000000056 ) ) ;
#8554 = ADVANCED_FACE ( 'NONE', ( #5720 ), #2217, .F. ) ;
#8555 = FACE_OUTER_BOUND ( 'NONE', #8238, .T. ) ;
#8556 = DIRECTION ( 'NONE',  ( 0.000000000000000000, 0.000000000000000000, 1.000000000000000000 ) ) ;
#8557 = VECTOR ( 'NONE', #7238, 1000.000000000000000 ) ;
#8558 = FACE_BOUND ( 'NONE', #4337, .T. ) ;
#8559 = CIRCLE ( 'NONE', #5749, 3.399999999999999911 ) ;
#8560 = DIRECTION ( 'NONE',  ( 0.000000000000000000, 0.000000000000000000, -1.000000000000000000 ) ) ;
#8561 = DIRECTION ( 'NONE',  ( -0.000000000000000000, -9.293161478447175580E-18, -1.000000000000000000 ) ) ;
#8562 = EDGE_CURVE ( 'NONE', #4023, #5800, #8905, .T. ) ;
#8563 = PRODUCT_CONTEXT ( 'NONE', #8762, 'mechanical' ) ;
#8564 = ORIENTED_EDGE ( 'NONE', *, *, #1206, .F. ) ;
#8565 = CARTESIAN_POINT ( 'NONE',  ( 2.100000000000000089, -6.400000000000000355, 0.000000000000000000 ) ) ;
#8566 = AXIS2_PLACEMENT_3D ( 'NONE', #6580, #5110, #6536 ) ;
#8567 = AXIS2_PLACEMENT_3D ( 'NONE', #7689, #6264, #9088 ) ;
#8568 = ADVANCED_FACE ( 'NONE', ( #331 ), #5210, .T. ) ;
#8569 = DIRECTION ( 'NONE',  ( 0.000000000000000000, 0.000000000000000000, 1.000000000000000000 ) ) ;
#8570 = DIRECTION ( 'NONE',  ( 5.782411586589355667E-15, -1.000000000000000000, 0.000000000000000000 ) ) ;
#8571 = CARTESIAN_POINT ( 'NONE',  ( -3.000000000000001776, -3.750000000000000000, 5.599999999999999645 ) ) ;
#8572 = CARTESIAN_POINT ( 'NONE',  ( 0.000000000000000000, 8.500000000000000000, -3.000000000000000444 ) ) ;
#8573 = CIRCLE ( 'NONE', #7822, 3.000000000000000444 ) ;
#8574 = AXIS2_PLACEMENT_3D ( 'NONE', #6979, #709, #6119 ) ;
#8575 = EDGE_CURVE ( 'NONE', #7591, #4100, #8116, .T. ) ;
#8576 = CARTESIAN_POINT ( 'NONE',  ( -2.600000000000000533, 2.849484536082479647, -4.900000000000009237 ) ) ;
#8577 = VERTEX_POINT ( 'NONE', #3971 ) ;
#8578 = CARTESIAN_POINT ( 'NONE',  ( -1.000000000000000000, 3.804101966249689326, 2.500000000000000000 ) ) ;
#8579 = EDGE_LOOP ( 'NONE', ( #53, #3168, #7599, #6442 ) ) ;
#8580 = ADVANCED_FACE ( 'NONE', ( #2434 ), #2572, .T. ) ;
#8581 = VECTOR ( 'NONE', #4149, 1000.000000000000000 ) ;
#8582 = DIRECTION ( 'NONE',  ( 1.000000000000000000, 0.000000000000000000, 0.000000000000000000 ) ) ;
#8583 = DIRECTION ( 'NONE',  ( 0.000000000000000000, 0.000000000000000000, 1.000000000000000000 ) ) ;
#8584 = DIRECTION ( 'NONE',  ( -1.000000000000000000, -0.000000000000000000, -0.000000000000000000 ) ) ;
#8585 = DIRECTION ( 'NONE',  ( -1.931541112668179251E-15, 0.000000000000000000, 1.000000000000000000 ) ) ;
#8586 = LINE ( 'NONE', #1518, #3687 ) ;
#8587 = VECTOR ( 'NONE', #3692, 1000.000000000000000 ) ;
#8588 = VERTEX_POINT ( 'NONE', #2527 ) ;
#8589 = VERTEX_POINT ( 'NONE', #4698 ) ;
#8590 = FACE_OUTER_BOUND ( 'NONE', #7301, .T. ) ;
#8591 = AXIS2_PLACEMENT_3D ( 'NONE', #3772, #1774, #4598 ) ;
#8592 = ADVANCED_FACE ( 'NONE', ( #1151 ), #8724, .F. ) ;
#8593 = CARTESIAN_POINT ( 'NONE',  ( 0.000000000000000000, 0.9500000000000038414, 0.000000000000000000 ) ) ;
#8594 = CARTESIAN_POINT ( 'NONE',  ( -1.734723475976807094E-15, 0.4500000000000040079, 1.800000000000000711 ) ) ;
#8595 = ORIENTED_EDGE ( 'NONE', *, *, #581, .F. ) ;
#8596 = EDGE_LOOP ( 'NONE', ( #6887, #4519, #556, #7239 ) ) ;
#8597 = VERTEX_POINT ( 'NONE', #6680 ) ;
#8598 = ORIENTED_EDGE ( 'NONE', *, *, #5394, .T. ) ;
#8599 = VECTOR ( 'NONE', #895, 1000.000000000000000 ) ;
#8600 = ORIENTED_EDGE ( 'NONE', *, *, #3330, .T. ) ;
#8601 = DIRECTION ( 'NONE',  ( -1.000000000000000000, 0.000000000000000000, 0.000000000000000000 ) ) ;
#8602 = ORIENTED_EDGE ( 'NONE', *, *, #7577, .F. ) ;
#8603 = CARTESIAN_POINT ( 'NONE',  ( -1.479999999999999982, 10.90000000000000036, 0.8499999999999999778 ) ) ;
#8604 = EDGE_CURVE ( 'NONE', #8930, #1028, #7419, .T. ) ;
#8605 = DIRECTION ( 'NONE',  ( -1.000000000000000000, 0.000000000000000000, 0.000000000000000000 ) ) ;
#8606 = CARTESIAN_POINT ( 'NONE',  ( 4.500000000000002665, -2.550515463917521597, -5.800000000000000711 ) ) ;
#8607 = CYLINDRICAL_SURFACE ( 'NONE', #2850, 1.200000000000061240 ) ;
#8608 = DIRECTION ( 'NONE',  ( 1.000000000000000000, 0.000000000000000000, 1.931541112668179645E-15 ) ) ;
#8609 = CARTESIAN_POINT ( 'NONE',  ( -2.500000000000000000, -6.400000000000000355, -5.750000000000000000 ) ) ;
#8610 = DIRECTION ( 'NONE',  ( 0.7660444431189794567, 0.6427876096865376976, 0.000000000000000000 ) ) ;
#8611 = ORIENTED_EDGE ( 'NONE', *, *, #7698, .T. ) ;
#8612 = DIRECTION ( 'NONE',  ( 1.000000000000000000, 0.000000000000000000, 0.000000000000000000 ) ) ;
#8613 = DIRECTION ( 'NONE',  ( -0.8576327000907293385, 0.000000000000000000, -0.5142627263715359165 ) ) ;
#8614 = DIRECTION ( 'NONE',  ( -0.000000000000000000, -0.000000000000000000, -1.000000000000000000 ) ) ;
#8615 = DIRECTION ( 'NONE',  ( -1.000000000000000000, 0.000000000000000000, 0.000000000000000000 ) ) ;
#8616 = FACE_OUTER_BOUND ( 'NONE', #689, .T. ) ;
#8617 = DIRECTION ( 'NONE',  ( 0.9999994735200916640, 0.000000000000000000, -0.001026138167771969935 ) ) ;
#8618 = EDGE_LOOP ( 'NONE', ( #8321, #7986, #5235, #7503 ) ) ;
#8619 = PLANE ( 'NONE',  #26 ) ;
#8620 = VERTEX_POINT ( 'NONE', #3278 ) ;
#8621 = EDGE_CURVE ( 'NONE', #6996, #3199, #5389, .T. ) ;
#8622 = CARTESIAN_POINT ( 'NONE',  ( -5.238893727143770107, -1.550515463917520709, -8.400000000000009237 ) ) ;
#8623 = CARTESIAN_POINT ( 'NONE',  ( 3.000000000000000000, 3.649484536082479469, -1.600000000000000089 ) ) ;
#8624 = CARTESIAN_POINT ( 'NONE',  ( 0.4000000000000009104, -6.700000000000000178, -5.750000000000000000 ) ) ;
#8625 = EDGE_LOOP ( 'NONE', ( #2013, #3614, #3450, #6240 ) ) ;
#8626 = CIRCLE ( 'NONE', #8332, 3.850000000000000089 ) ;
#8627 = CARTESIAN_POINT ( 'NONE',  ( -0.5000000000000015543, 0.000000000000000000, 0.000000000000000000 ) ) ;
#8628 = UNCERTAINTY_MEASURE_WITH_UNIT (LENGTH_MEASURE( 1.000000000000000082E-05 ), #7275, 'distance_accuracy_value', 'NONE');
#8629 = CARTESIAN_POINT ( 'NONE',  ( 4.500000000000002665, -3.050515463917521597, -5.900000000000000355 ) ) ;
#8630 = EDGE_CURVE ( 'NONE', #2459, #5398, #828, .T. ) ;
#8631 = EDGE_LOOP ( 'NONE', ( #6013, #3300, #8541, #3021 ) ) ;
#8632 = ORIENTED_EDGE ( 'NONE', *, *, #6037, .F. ) ;
#8633 = AXIS2_PLACEMENT_3D ( 'NONE', #1985, #3430, #6235 ) ;
#8634 = CARTESIAN_POINT ( 'NONE',  ( 0.000000000000000000, 13.19999999999999929, 0.000000000000000000 ) ) ;
#8635 = ADVANCED_FACE ( 'NONE', ( #1743 ), #1198, .F. ) ;
#8636 = LINE ( 'NONE', #6319, #2353 ) ;
#8637 = ORIENTED_EDGE ( 'NONE', *, *, #7368, .F. ) ;
#8638 = CARTESIAN_POINT ( 'NONE',  ( -0.2999999999999958811, 11.70000000000000462, 2.299999999999999822 ) ) ;
#8639 =( NAMED_UNIT ( * ) SI_UNIT ( $, .STERADIAN. ) SOLID_ANGLE_UNIT ( ) );
#8640 = VECTOR ( 'NONE', #6539, 1000.000000000000000 ) ;
#8641 = EDGE_CURVE ( 'NONE', #8163, #9018, #5949, .T. ) ;
#8642 = VERTEX_POINT ( 'NONE', #8018 ) ;
#8643 = VERTEX_POINT ( 'NONE', #3835 ) ;
#8644 = ORIENTED_EDGE ( 'NONE', *, *, #7159, .T. ) ;
#8645 = DIRECTION ( 'NONE',  ( -1.931541112668179251E-15, 0.000000000000000000, 1.000000000000000000 ) ) ;
#8646 = ORIENTED_EDGE ( 'NONE', *, *, #1887, .F. ) ;
#8647 = DIRECTION ( 'NONE',  ( -1.000000000000000000, 0.000000000000000000, 0.000000000000000000 ) ) ;
#8648 = VECTOR ( 'NONE', #8340, 1000.000000000000000 ) ;
#8649 = PLANE ( 'NONE',  #3566 ) ;
#8650 = DIRECTION ( 'NONE',  ( 1.606225440719265627E-16, 1.000000000000000000, 3.102490474962827488E-31 ) ) ;
#8651 = CYLINDRICAL_SURFACE ( 'NONE', #4034, 0.6000000000000001998 ) ;
#8652 = CARTESIAN_POINT ( 'NONE',  ( 0.000000000000000000, 8.900000000000000355, 0.000000000000000000 ) ) ;
#8653 = LINE ( 'NONE', #7208, #5994 ) ;
#8654 = VECTOR ( 'NONE', #7447, 1000.000000000000000 ) ;
#8655 = ORIENTED_EDGE ( 'NONE', *, *, #3895, .F. ) ;
#8656 = EDGE_CURVE ( 'NONE', #8753, #4646, #1699, .T. ) ;
#8657 = LINE ( 'NONE', #7951, #7518 ) ;
#8658 = AXIS2_PLACEMENT_3D ( 'NONE', #703, #7276, #4943 ) ;
#8659 = FACE_OUTER_BOUND ( 'NONE', #7637, .T. ) ;
#8660 = CARTESIAN_POINT ( 'NONE',  ( 0.000000000000000000, -6.400000000000000355, -1.350000000000000089 ) ) ;
#8661 = CARTESIAN_POINT ( 'NONE',  ( 3.399999999999999911, -0.5505154639175199316, 0.4000000000000001887 ) ) ;
#8662 = DIRECTION ( 'NONE',  ( -0.000000000000000000, -0.000000000000000000, -1.000000000000000000 ) ) ;
#8663 = VERTEX_POINT ( 'NONE', #4014 ) ;
#8664 = CARTESIAN_POINT ( 'NONE',  ( 2.600000000000000533, 4.049484536082481156, -4.900000000000009237 ) ) ;
#8665 = VERTEX_POINT ( 'NONE', #8204 ) ;
#8666 = LINE ( 'NONE', #4514, #3553 ) ;
#8667 = EDGE_CURVE ( 'NONE', #4043, #1130, #5257, .T. ) ;
#8668 = PLANE ( 'NONE',  #4108 ) ;
#8669 = CARTESIAN_POINT ( 'NONE',  ( -1.891663167769254139, 8.900000000000000355, 3.353223890482887271 ) ) ;
#8670 = CIRCLE ( 'NONE', #8526, 0.6750000000000002665 ) ;
#8671 = CARTESIAN_POINT ( 'NONE',  ( -4.500000000000003553, -3.550515463917520265, -8.691935007006809980E-15 ) ) ;
#8672 = DIRECTION ( 'NONE',  ( 1.000000000000000000, 1.971276677246371519E-16, 0.000000000000000000 ) ) ;
#8673 = VERTEX_POINT ( 'NONE', #5300 ) ;
#8674 = EDGE_CURVE ( 'NONE', #4417, #7847, #8813, .T. ) ;
#8675 = ORIENTED_EDGE ( 'NONE', *, *, #1406, .F. ) ;
#8676 = ORIENTED_EDGE ( 'NONE', *, *, #8975, .F. ) ;
#8677 = AXIS2_PLACEMENT_3D ( 'NONE', #210, #8745, #7161 ) ;
#8678 = LINE ( 'NONE', #7974, #7701 ) ;
#8679 = FACE_OUTER_BOUND ( 'NONE', #432, .T. ) ;
#8680 = EDGE_CURVE ( 'NONE', #3920, #3906, #8856, .T. ) ;
#8681 = ORIENTED_EDGE ( 'NONE', *, *, #3551, .T. ) ;
#8682 = CYLINDRICAL_SURFACE ( 'NONE', #6117, 0.4000000000000001887 ) ;
#8683 = AXIS2_PLACEMENT_3D ( 'NONE', #3589, #8375, #7621 ) ;
#8684 = DIRECTION ( 'NONE',  ( -0.000000000000000000, -0.000000000000000000, -1.000000000000000000 ) ) ;
#8685 = VERTEX_POINT ( 'NONE', #1831 ) ;
#8686 = EDGE_CURVE ( 'NONE', #3907, #5557, #6815, .T. ) ;
#8687 = ORIENTED_EDGE ( 'NONE', *, *, #5070, .T. ) ;
#8688 = EDGE_LOOP ( 'NONE', ( #493, #8687, #7150, #4809 ) ) ;
#8689 = EDGE_LOOP ( 'NONE', ( #378, #938, #6596, #2043, #6443, #6364 ) ) ;
#8690 = ORIENTED_EDGE ( 'NONE', *, *, #4838, .T. ) ;
#8691 = DIRECTION ( 'NONE',  ( -1.000000000000000000, 0.000000000000000000, 0.000000000000000000 ) ) ;
#8692 = ORIENTED_EDGE ( 'NONE', *, *, #216, .F. ) ;
#8693 = VECTOR ( 'NONE', #6280, 1000.000000000000000 ) ;
#8694 = CARTESIAN_POINT ( 'NONE',  ( -4.488138397514202182, -1.136301901544425341, -10.01000000000000689 ) ) ;
#8695 = EDGE_CURVE ( 'NONE', #4129, #8168, #3318, .T. ) ;
#8696 = CARTESIAN_POINT ( 'NONE',  ( -1.900000000000001910, -2.700000000000000622, 0.1000000000000000056 ) ) ;
#8697 = CARTESIAN_POINT ( 'NONE',  ( 1.090871211463567247, 0.9500000000000085043, 0.5000000000000000000 ) ) ;
#8698 = DIRECTION ( 'NONE',  ( 1.419004388030903816E-16, 1.000000000000000000, -1.233521695418295137E-16 ) ) ;
#8699 = CARTESIAN_POINT ( 'NONE',  ( -4.500000000000003553, -5.950515463917520620, 0.3999999999999935274 ) ) ;
#8700 = AXIS2_PLACEMENT_3D ( 'NONE', #7277, #966, #1652 ) ;
#8701 = EDGE_LOOP ( 'NONE', ( #2826, #7673 ) ) ;
#8702 = ORIENTED_EDGE ( 'NONE', *, *, #8908, .F. ) ;
#8703 = EDGE_CURVE ( 'NONE', #9049, #7525, #640, .T. ) ;
#8704 = VECTOR ( 'NONE', #6367, 1000.000000000000000 ) ;
#8705 = VECTOR ( 'NONE', #5405, 1000.000000000000000 ) ;
#8706 = CARTESIAN_POINT ( 'NONE',  ( -3.100000000000000977, -0.5505154639175203757, 1.400000000000000577 ) ) ;
#8707 = ADVANCED_FACE ( 'NONE', ( #6953 ), #4923, .F. ) ;
#8708 = DIRECTION ( 'NONE',  ( -1.606225440719265627E-16, -1.000000000000000000, -3.102490474962827050E-31 ) ) ;
#8709 = CARTESIAN_POINT ( 'NONE',  ( 0.000000000000000000, 8.900000000000000355, 0.000000000000000000 ) ) ;
#8710 = DIRECTION ( 'NONE',  ( 0.000000000000000000, 0.000000000000000000, 1.000000000000000000 ) ) ;
#8711 = CARTESIAN_POINT ( 'NONE',  ( -3.400000000000003020, -0.05202383709185157135, 0.000000000000000000 ) ) ;
#8712 = VECTOR ( 'NONE', #8532, 1000.000000000000000 ) ;
#8713 = AXIS2_PLACEMENT_3D ( 'NONE', #369, #7791, #5982 ) ;
#8714 = DIRECTION ( 'NONE',  ( 0.000000000000000000, 0.000000000000000000, 1.000000000000000000 ) ) ;
#8715 = CARTESIAN_POINT ( 'NONE',  ( -5.598656062889739715, -1.550515463917520487, -8.565425263470261896 ) ) ;
#8716 = ORIENTED_EDGE ( 'NONE', *, *, #7661, .T. ) ;
#8717 = LINE ( 'NONE', #4470, #2662 ) ;
#8718 = VECTOR ( 'NONE', #5561, 1000.000000000000000 ) ;
#8720 = ADVANCED_FACE ( 'NONE', ( #5435 ), #6217, .F. ) ;
#8719 = CARTESIAN_POINT ( 'NONE',  ( 4.500000000000001776, 1.349484536082478758, -0.5999999999999916511 ) ) ;
#8721 = CARTESIAN_POINT ( 'NONE',  ( -2.100000000000000089, -6.400000000000000355, 0.000000000000000000 ) ) ;
#8722 = VECTOR ( 'NONE', #8164, 1000.000000000000000 ) ;
#8723 = CARTESIAN_POINT ( 'NONE',  ( 4.399999999999998579, 5.100000000000004086, 0.1000000000000000056 ) ) ;
#8724 = CYLINDRICAL_SURFACE ( 'NONE', #2909, 3.100000000000000977 ) ;
#8725 = ORIENTED_EDGE ( 'NONE', *, *, #691, .T. ) ;
#8726 = VECTOR ( 'NONE', #7118, 1000.000000000000000 ) ;
#8727 = AXIS2_PLACEMENT_3D ( 'NONE', #8603, #5089, #1578 ) ;
#8728 = LINE ( 'NONE', #5995, #3151 ) ;
#8729 = DIRECTION ( 'NONE',  ( 0.000000000000000000, 1.000000000000000000, 0.000000000000000000 ) ) ;
#8730 = APPLICATION_CONTEXT ( 'automotive_design' ) ;
#8731 = VERTEX_POINT ( 'NONE', #3366 ) ;
#8732 = FACE_OUTER_BOUND ( 'NONE', #2415, .T. ) ;
#8733 = LINE ( 'NONE', #2489, #8243 ) ;
#8734 = ORIENTED_EDGE ( 'NONE', *, *, #1106, .F. ) ;
#8735 = ORIENTED_EDGE ( 'NONE', *, *, #3073, .T. ) ;
#8736 = ORIENTED_EDGE ( 'NONE', *, *, #4483, .F. ) ;
#8737 = ADVANCED_FACE ( 'NONE', ( #681 ), #2664, .F. ) ;
#8738 = PLANE ( 'NONE',  #8080 ) ;
#8739 = CARTESIAN_POINT ( 'NONE',  ( 4.900000000000000355, -1.550515463917522041, -7.400446128206079166 ) ) ;
#8740 = VECTOR ( 'NONE', #423, 1000.000000000000000 ) ;
#8741 = ORIENTED_EDGE ( 'NONE', *, *, #2820, .T. ) ;
#8742 = ORIENTED_EDGE ( 'NONE', *, *, #7942, .F. ) ;
#8743 = CARTESIAN_POINT ( 'NONE',  ( -2.324999999999999734, -4.750515463917523107, 0.4000000000000000222 ) ) ;
#8744 = ADVANCED_FACE ( 'NONE', ( #2708 ), #5521, .F. ) ;
#8745 = DIRECTION ( 'NONE',  ( 0.000000000000000000, 0.000000000000000000, -1.000000000000000000 ) ) ;
#8746 = LINE ( 'NONE', #8697, #6823 ) ;
#8747 = DIRECTION ( 'NONE',  ( 8.850629979473506011E-17, -1.000000000000000000, 0.000000000000000000 ) ) ;
#8748 = DIRECTION ( 'NONE',  ( 0.000000000000000000, -1.000000000000000000, 0.000000000000000000 ) ) ;
#8749 = AXIS2_PLACEMENT_3D ( 'NONE', #4230, #4966, #1546 ) ;
#8750 = ORIENTED_EDGE ( 'NONE', *, *, #4699, .F. ) ;
#8751 = ORIENTED_EDGE ( 'NONE', *, *, #2753, .T. ) ;
#8752 = ADVANCED_FACE ( 'NONE', ( #6857 ), #6260, .F. ) ;
#8753 = VERTEX_POINT ( 'NONE', #4232 ) ;
#8754 = ORIENTED_EDGE ( 'NONE', *, *, #1898, .T. ) ;
#8755 = AXIS2_PLACEMENT_3D ( 'NONE', #8830, #3340, #4715 ) ;
#8756 = DIRECTION ( 'NONE',  ( 0.000000000000000000, 0.000000000000000000, -1.000000000000000000 ) ) ;
#8757 = FACE_OUTER_BOUND ( 'NONE', #151, .T. ) ;
#8758 = CARTESIAN_POINT ( 'NONE',  ( -3.000000000000001776, 4.650000000000003908, 5.599999999999999645 ) ) ;
#8759 = CARTESIAN_POINT ( 'NONE',  ( -0.7500000000000000000, -6.700000000000000178, 0.000000000000000000 ) ) ;
#8760 = CARTESIAN_POINT ( 'NONE',  ( 4.500000000000002665, 4.049484536082480268, -4.299999999999999822 ) ) ;
#8761 = EDGE_CURVE ( 'NONE', #1667, #4086, #7038, .T. ) ;
#8762 = APPLICATION_CONTEXT ( 'automotive_design' ) ;
#8763 = CARTESIAN_POINT ( 'NONE',  ( 1.479999999999999982, 11.70000000000000462, 0.8499999999999999778 ) ) ;
#8764 = LINE ( 'NONE', #5248, #7966 ) ;
#8765 = ORIENTED_EDGE ( 'NONE', *, *, #6813, .T. ) ;
#8766 = CARTESIAN_POINT ( 'NONE',  ( -0.7967663502707702516, 10.20000000000000107, -2.404700010220583106 ) ) ;
#8767 = CARTESIAN_POINT ( 'NONE',  ( 1.479999999999999982, 11.70000000000000462, 0.8499999999999999778 ) ) ;
#8768 = CARTESIAN_POINT ( 'NONE',  ( -2.598076211352192910, 0.5000000000003255174, 1.500000000000322631 ) ) ;
#8769 = DIRECTION ( 'NONE',  ( 0.000000000000000000, -1.000000000000000000, 0.000000000000000000 ) ) ;
#8770 = ORIENTED_EDGE ( 'NONE', *, *, #4613, .T. ) ;
#8771 = ORIENTED_EDGE ( 'NONE', *, *, #5329, .T. ) ;
#8772 = DIRECTION ( 'NONE',  ( 0.000000000000000000, 0.000000000000000000, 1.000000000000000000 ) ) ;
#8773 = DIRECTION ( 'NONE',  ( 0.8778780114862311246, -2.187047340575287658E-16, 0.4788843252278996987 ) ) ;
#8774 = VERTEX_POINT ( 'NONE', #6994 ) ;
#8775 = LINE ( 'NONE', #6000, #3333 ) ;
#8776 = CARTESIAN_POINT ( 'NONE',  ( 4.900000000000001243, -3.950515463917521508, -4.299999999999999822 ) ) ;
#8777 = EDGE_LOOP ( 'NONE', ( #5342, #7327, #2072, #7385, #3658, #2219, #8095 ) ) ;
#8778 = VECTOR ( 'NONE', #149, 1000.000000000000000 ) ;
#8779 = PLANE ( 'NONE',  #5160 ) ;
#8780 = ORIENTED_EDGE ( 'NONE', *, *, #3727, .F. ) ;
#8781 = ORIENTED_EDGE ( 'NONE', *, *, #2977, .F. ) ;
#8782 = CARTESIAN_POINT ( 'NONE',  ( -3.399999999999999911, -0.5505154639175203757, 1.400000000000000577 ) ) ;
#8783 = CIRCLE ( 'NONE', #8043, 0.7999999999999999334 ) ;
#8784 = EDGE_CURVE ( 'NONE', #114, #3802, #8248, .T. ) ;
#8785 = FACE_OUTER_BOUND ( 'NONE', #3686, .T. ) ;
#8786 = FACE_OUTER_BOUND ( 'NONE', #5663, .T. ) ;
#8787 = CARTESIAN_POINT ( 'NONE',  ( 2.500000000000000000, 0.4000000000000000222, 1.000000000000000000 ) ) ;
#8788 = ORIENTED_EDGE ( 'NONE', *, *, #1074, .F. ) ;
#8789 = VERTEX_POINT ( 'NONE', #5482 ) ;
#8790 = ORIENTED_EDGE ( 'NONE', *, *, #4552, .F. ) ;
#8791 = AXIS2_PLACEMENT_3D ( 'NONE', #8437, #3459, #3503 ) ;
#8792 = ADVANCED_FACE ( 'NONE', ( #4828 ), #1925, .T. ) ;
#8793 = VECTOR ( 'NONE', #6757, 1000.000000000000000 ) ;
#8794 = CARTESIAN_POINT ( 'NONE',  ( 3.649999999999998135, -3.750000000000000000, 5.599999999999999645 ) ) ;
#8795 = EDGE_CURVE ( 'NONE', #3905, #7283, #9083, .T. ) ;
#8796 = LINE ( 'NONE', #3034, #233 ) ;
#8797 = PLANE ( 'NONE',  #778 ) ;
#8798 = CIRCLE ( 'NONE', #4813, 3.399999999999999911 ) ;
#8799 = CARTESIAN_POINT ( 'NONE',  ( 3.499999999999998224, 0.4500000000000040079, 2.500000000000000000 ) ) ;
#8800 = FACE_OUTER_BOUND ( 'NONE', #7479, .T. ) ;
#8801 = EDGE_LOOP ( 'NONE', ( #4676, #7524, #1852, #4665 ) ) ;
#8802 = ADVANCED_FACE ( 'NONE', ( #5566 ), #8387, .T. ) ;
#8803 = ORIENTED_EDGE ( 'NONE', *, *, #7655, .T. ) ;
#8804 = CARTESIAN_POINT ( 'NONE',  ( 0.9999999999999995559, 3.804101966249688438, 1.800000000000000488 ) ) ;
#8805 = VECTOR ( 'NONE', #991, 1000.000000000000000 ) ;
#8806 = CARTESIAN_POINT ( 'NONE',  ( 2.100000000000000089, -6.700000000000000178, -1.350000000000000089 ) ) ;
#8807 = VERTEX_POINT ( 'NONE', #2056 ) ;
#8808 = DIRECTION ( 'NONE',  ( 0.000000000000000000, 0.000000000000000000, -1.000000000000000000 ) ) ;
#8809 = EDGE_CURVE ( 'NONE', #664, #8305, #595, .T. ) ;
#8810 = DIRECTION ( 'NONE',  ( 1.000000000000000000, 0.000000000000000000, 0.000000000000000000 ) ) ;
#8811 = CARTESIAN_POINT ( 'NONE',  ( 1.750000000000000000, -5.549999999999998934, -1.350000000000000089 ) ) ;
#8812 = DIRECTION ( 'NONE',  ( 0.000000000000000000, 0.000000000000000000, 1.000000000000000000 ) ) ;
#8813 = CIRCLE ( 'NONE', #8072, 3.500000000000000000 ) ;
#8814 = ORIENTED_EDGE ( 'NONE', *, *, #5442, .F. ) ;
#8815 = ORIENTED_EDGE ( 'NONE', *, *, #501, .T. ) ;
#8816 = DIRECTION ( 'NONE',  ( 0.000000000000000000, 0.000000000000000000, 1.000000000000000000 ) ) ;
#8817 = CARTESIAN_POINT ( 'NONE',  ( 0.000000000000000000, -6.400000000000000355, 1.000000000000000000 ) ) ;
#8818 = CARTESIAN_POINT ( 'NONE',  ( 0.000000000000000000, 8.500000000000000000, -3.850000000000000089 ) ) ;
#8819 = ORIENTED_EDGE ( 'NONE', *, *, #2694, .T. ) ;
#8820 = DIRECTION ( 'NONE',  ( 1.000000000000000000, 0.000000000000000000, 1.931541112668179645E-15 ) ) ;
#8821 = CARTESIAN_POINT ( 'NONE',  ( -0.6699999999999999289, 11.70000000000000462, 0.6000000000000001998 ) ) ;
#8822 = CIRCLE ( 'NONE', #4397, 0.6000000000000001998 ) ;
#8823 = ORIENTED_EDGE ( 'NONE', *, *, #7912, .F. ) ;
#8824 = ORIENTED_EDGE ( 'NONE', *, *, #8680, .T. ) ;
#8825 = LINE ( 'NONE', #4625, #2649 ) ;
#8826 = VERTEX_POINT ( 'NONE', #4876 ) ;
#8827 = CARTESIAN_POINT ( 'NONE',  ( -1.479999999999999982, 11.50000000000000000, 0.8499999999999999778 ) ) ;
#8828 = VECTOR ( 'NONE', #5783, 1000.000000000000000 ) ;
#8829 = EDGE_CURVE ( 'NONE', #3797, #6099, #7686, .T. ) ;
#8830 = CARTESIAN_POINT ( 'NONE',  ( 4.399999999999998579, -5.949999999999998401, 5.000000000000000000 ) ) ;
#8831 = DIRECTION ( 'NONE',  ( 0.000000000000000000, 1.000000000000000000, 0.000000000000000000 ) ) ;
#8832 = LINE ( 'NONE', #2500, #2605 ) ;
#8833 = ORIENTED_EDGE ( 'NONE', *, *, #3247, .T. ) ;
#8834 = ORIENTED_EDGE ( 'NONE', *, *, #8904, .T. ) ;
#8835 = ORIENTED_EDGE ( 'NONE', *, *, #8295, .F. ) ;
#8836 = VECTOR ( 'NONE', #2031, 1000.000000000000000 ) ;
#8837 = ORIENTED_EDGE ( 'NONE', *, *, #3717, .F. ) ;
#8838 = DIRECTION ( 'NONE',  ( 0.000000000000000000, 0.000000000000000000, 1.000000000000000000 ) ) ;
#8839 = CARTESIAN_POINT ( 'NONE',  ( 4.500000000000002665, -2.550515463917521597, -5.900000000000000355 ) ) ;
#8840 = DIRECTION ( 'NONE',  ( 1.000000000000000000, 0.000000000000000000, 0.000000000000000000 ) ) ;
#8841 = COLOUR_RGB ( '',0.7921568627450980005, 0.8196078431372548767, 0.9333333333333333481 ) ;
#8842 = CARTESIAN_POINT ( 'NONE',  ( 2.999999999999998224, 4.650000000000004796, 5.599999999999999645 ) ) ;
#8843 = CARTESIAN_POINT ( 'NONE',  ( -0.7500000000000000000, -5.549999999999999822, 1.000000000000000000 ) ) ;
#8844 = ORIENTED_EDGE ( 'NONE', *, *, #4153, .F. ) ;
#8845 = ADVANCED_FACE ( 'NONE', ( #3637 ), #5843, .T. ) ;
#8846 = AXIS2_PLACEMENT_3D ( 'NONE', #2027, #7746, #4070 ) ;
#8847 = FACE_OUTER_BOUND ( 'NONE', #63, .T. ) ;
#8848 = CARTESIAN_POINT ( 'NONE',  ( 4.399999999999998579, 0.000000000000000000, 0.000000000000000000 ) ) ;
#8849 = VERTEX_POINT ( 'NONE', #2996 ) ;
#8850 = FILL_AREA_STYLE ('',( #3966 ) ) ;
#8851 = DIRECTION ( 'NONE',  ( -8.123545521314933250E-47, -3.260780805318072864E-31, 1.000000000000000000 ) ) ;
#8852 = EDGE_CURVE ( 'NONE', #6973, #7350, #7824, .T. ) ;
#8853 = CARTESIAN_POINT ( 'NONE',  ( -4.500000000000002665, -2.450515463917520176, 0.000000000000000000 ) ) ;
#8854 = VECTOR ( 'NONE', #5536, 1000.000000000000000 ) ;
#8855 = VECTOR ( 'NONE', #8987, 1000.000000000000000 ) ;
#8856 = LINE ( 'NONE', #511, #7326 ) ;
#8857 = VERTEX_POINT ( 'NONE', #7177 ) ;
#8858 = ADVANCED_FACE ( 'NONE', ( #2153 ), #7130, .T. ) ;
#8859 = CARTESIAN_POINT ( 'NONE',  ( -1.479999999999999982, 11.70000000000000462, 0.8499999999999999778 ) ) ;
#8860 = VECTOR ( 'NONE', #8255, 1000.000000000000000 ) ;
#8861 = VECTOR ( 'NONE', #2112, 1000.000000000000000 ) ;
#8862 = DIRECTION ( 'NONE',  ( 0.000000000000000000, 0.000000000000000000, 1.000000000000000000 ) ) ;
#8863 = CARTESIAN_POINT ( 'NONE',  ( 0.000000000000000000, 8.500000000000000000, 0.000000000000000000 ) ) ;
#8864 = ORIENTED_EDGE ( 'NONE', *, *, #9040, .F. ) ;
#8865 = CARTESIAN_POINT ( 'NONE',  ( 0.000000000000000000, -0.5505154639175203757, 0.4000000000000001887 ) ) ;
#8866 = CARTESIAN_POINT ( 'NONE',  ( 4.500000000000002665, -2.450515463917521064, 0.000000000000000000 ) ) ;
#8867 = CIRCLE ( 'NONE', #482, 0.6500000000000000222 ) ;
#8868 = CIRCLE ( 'NONE', #5617, 0.4000000000000001887 ) ;
#8869 = ORIENTED_EDGE ( 'NONE', *, *, #7912, .T. ) ;
#8870 = EDGE_CURVE ( 'NONE', #8960, #5953, #2286, .T. ) ;
#8871 = DIRECTION ( 'NONE',  ( 1.000000000000000000, 0.000000000000000000, 0.000000000000000000 ) ) ;
#8872 = EDGE_CURVE ( 'NONE', #21, #1351, #4531, .T. ) ;
#8873 = DIRECTION ( 'NONE',  ( 0.000000000000000000, 0.000000000000000000, 1.000000000000000000 ) ) ;
#8874 = CIRCLE ( 'NONE', #2530, 0.2000000000000011768 ) ;
#8875 = DIRECTION ( 'NONE',  ( 0.000000000000000000, -1.000000000000000000, 0.000000000000000000 ) ) ;
#8876 = CARTESIAN_POINT ( 'NONE',  ( 3.206271600917504738, 0.4494845360824790692, -8.171628500994099653 ) ) ;
#8877 = CARTESIAN_POINT ( 'NONE',  ( 2.324999999999999734, -4.750515463917523107, 0.4000000000000000222 ) ) ;
#8878 = VERTEX_POINT ( 'NONE', #40 ) ;
#8879 = ORIENTED_EDGE ( 'NONE', *, *, #2603, .F. ) ;
#8880 = EDGE_LOOP ( 'NONE', ( #1233, #4277, #1973, #2233 ) ) ;
#8881 = VECTOR ( 'NONE', #8584, 1000.000000000000000 ) ;
#8882 = EDGE_CURVE ( 'NONE', #8479, #2429, #5657, .T. ) ;
#8883 = EDGE_LOOP ( 'NONE', ( #1603, #263, #1911, #1296, #2020 ) ) ;
#8884 = CARTESIAN_POINT ( 'NONE',  ( 0.000000000000000000, 11.70000000000000462, 0.000000000000000000 ) ) ;
#8885 = EDGE_CURVE ( 'NONE', #4877, #7112, #4969, .T. ) ;
#8886 = VERTEX_POINT ( 'NONE', #4414 ) ;
#8887 = FACE_OUTER_BOUND ( 'NONE', #344, .T. ) ;
#8888 = VECTOR ( 'NONE', #4728, 1000.000000000000000 ) ;
#8889 = CYLINDRICAL_SURFACE ( 'NONE', #4760, 0.7999999999999999334 ) ;
#8890 = LINE ( 'NONE', #1272, #4221 ) ;
#8891 = EDGE_CURVE ( 'NONE', #11, #7421, #817, .T. ) ;
#8892 = CARTESIAN_POINT ( 'NONE',  ( 2.599999999999999201, 3.338162607258091185E-15, -4.900000000000010125 ) ) ;
#8893 = APPLICATION_CONTEXT ( 'automotive_design' ) ;
#8894 = ORIENTED_EDGE ( 'NONE', *, *, #5164, .T. ) ;
#8895 = ORIENTED_EDGE ( 'NONE', *, *, #2237, .T. ) ;
#8896 = CIRCLE ( 'NONE', #5060, 0.3500000000000000333 ) ;
#8897 = DIRECTION ( 'NONE',  ( -1.000000000000000000, 0.000000000000000000, 0.000000000000000000 ) ) ;
#8898 = CARTESIAN_POINT ( 'NONE',  ( 0.000000000000000000, 8.900000000000000355, 0.000000000000000000 ) ) ;
#8899 = ORIENTED_EDGE ( 'NONE', *, *, #1000, .F. ) ;
#8900 = LINE ( 'NONE', #8244, #4003 ) ;
#8901 = CARTESIAN_POINT ( 'NONE',  ( 4.399999999999998579, 5.100000000000004086, 0.1000000000000000749 ) ) ;
#8902 = DIRECTION ( 'NONE',  ( -1.000000000000000000, -1.971276677246371519E-16, 0.000000000000000000 ) ) ;
#8903 = CARTESIAN_POINT ( 'NONE',  ( -4.500000000000002665, -2.550515463917520709, -8.691935007006809980E-15 ) ) ;
#8904 = EDGE_CURVE ( 'NONE', #1044, #3159, #1456, .T. ) ;
#8905 = LINE ( 'NONE', #2389, #6576 ) ;
#8906 = ORIENTED_EDGE ( 'NONE', *, *, #1741, .T. ) ;
#8907 = ORIENTED_EDGE ( 'NONE', *, *, #8283, .F. ) ;
#8908 = EDGE_CURVE ( 'NONE', #4925, #7697, #7593, .T. ) ;
#8909 = CARTESIAN_POINT ( 'NONE',  ( -4.899999999999996803, 4.049484536082480268, -4.900000000000009237 ) ) ;
#8910 = DIRECTION ( 'NONE',  ( 1.931541112668179251E-15, 0.000000000000000000, -1.000000000000000000 ) ) ;
#8911 = CARTESIAN_POINT ( 'NONE',  ( 2.999999999999998224, -3.750000000000000000, 5.599999999999999645 ) ) ;
#8912 = ORIENTED_EDGE ( 'NONE', *, *, #2528, .F. ) ;
#8913 = CARTESIAN_POINT ( 'NONE',  ( -4.500000000000002665, -3.540251991789402774E-17, -8.673617379884035472E-15 ) ) ;
#8914 = EDGE_CURVE ( 'NONE', #8774, #6269, #6441, .T. ) ;
#8915 = LINE ( 'NONE', #1113, #7201 ) ;
#8916 = ORIENTED_EDGE ( 'NONE', *, *, #1059, .T. ) ;
#8917 = EDGE_CURVE ( 'NONE', #6316, #8368, #2945, .T. ) ;
#8918 = DIRECTION ( 'NONE',  ( 0.000000000000000000, -1.000000000000000000, 0.000000000000000000 ) ) ;
#8919 = ORIENTED_EDGE ( 'NONE', *, *, #1839, .T. ) ;
#8920 = DIRECTION ( 'NONE',  ( -1.931541112668179645E-15, 1.551245237481413525E-31, 1.000000000000000000 ) ) ;
#8921 = EDGE_CURVE ( 'NONE', #1646, #6316, #3544, .T. ) ;
#8922 = LINE ( 'NONE', #7519, #8301 ) ;
#8923 = CARTESIAN_POINT ( 'NONE',  ( 0.4999999999999987232, 2.950000000000003730, 0.5000000000000000000 ) ) ;
#8924 = AXIS2_PLACEMENT_3D ( 'NONE', #6969, #4203, #7751 ) ;
#8925 = CARTESIAN_POINT ( 'NONE',  ( -1.750000000000000000, 0.4000000000000000222, 1.300000000000000266 ) ) ;
#8926 = EDGE_LOOP ( 'NONE', ( #5639, #8517, #7073, #1539, #1566, #6864, #8864 ) ) ;
#8927 = ORIENTED_EDGE ( 'NONE', *, *, #2155, .F. ) ;
#8928 = EDGE_LOOP ( 'NONE', ( #7501, #653, #7187, #7415 ) ) ;
#8929 = DIRECTION ( 'NONE',  ( 8.850629979473506011E-17, -1.000000000000000000, 0.000000000000000000 ) ) ;
#8930 = VERTEX_POINT ( 'NONE', #3593 ) ;
#8931 = VECTOR ( 'NONE', #1071, 1000.000000000000000 ) ;
#8932 = DIRECTION ( 'NONE',  ( 0.000000000000000000, 1.000000000000000000, 0.000000000000000000 ) ) ;
#8933 = LINE ( 'NONE', #6756, #1365 ) ;
#8934 = DIRECTION ( 'NONE',  ( -1.000000000000000000, 0.000000000000000000, 0.000000000000000000 ) ) ;
#8935 = EDGE_CURVE ( 'NONE', #7570, #2669, #2244, .T. ) ;
#8936 =( NAMED_UNIT ( * ) PLANE_ANGLE_UNIT ( ) SI_UNIT ( $, .RADIAN. ) );
#8937 = VECTOR ( 'NONE', #5948, 1000.000000000000000 ) ;
#8938 = VERTEX_POINT ( 'NONE', #5065 ) ;
#8939 = VERTEX_POINT ( 'NONE', #6395 ) ;
#8940 = PLANE ( 'NONE',  #4579 ) ;
#8941 = PLANE ( 'NONE',  #32 ) ;
#8942 = DIRECTION ( 'NONE',  ( 1.000000000000000000, 0.000000000000000000, 0.000000000000000000 ) ) ;
#8943 = AXIS2_PLACEMENT_3D ( 'NONE', #3774, #5841, #2328 ) ;
#8944 = FACE_OUTER_BOUND ( 'NONE', #6273, .T. ) ;
#8945 = CARTESIAN_POINT ( 'NONE',  ( 4.399999999999998579, -5.149999999999998579, 5.000000000000000000 ) ) ;
#8946 = DIRECTION ( 'NONE',  ( 0.000000000000000000, 0.000000000000000000, -1.000000000000000000 ) ) ;
#8947 = CARTESIAN_POINT ( 'NONE',  ( 3.399999999999998579, -2.050000000000001155, 0.5000000000000000000 ) ) ;
#8948 = ORIENTED_EDGE ( 'NONE', *, *, #4197, .T. ) ;
#8949 = EDGE_LOOP ( 'NONE', ( #357, #3601, #4557, #1900 ) ) ;
#8950 = AXIS2_PLACEMENT_3D ( 'NONE', #1790, #4562, #7371 ) ;
#8951 = EDGE_CURVE ( 'NONE', #7233, #65, #4369, .T. ) ;
#8952 = CARTESIAN_POINT ( 'NONE',  ( 0.000000000000000000, 0.4000000000000000222, 1.000000000000000000 ) ) ;
#8953 = ORIENTED_EDGE ( 'NONE', *, *, #6121, .T. ) ;
#8954 = LINE ( 'NONE', #2756, #6782 ) ;
#8955 = LINE ( 'NONE', #603, #5040 ) ;
#8956 = ORIENTED_EDGE ( 'NONE', *, *, #1120, .F. ) ;
#8957 = AXIS2_PLACEMENT_3D ( 'NONE', #1282, #7728, #7549 ) ;
#8958 = FACE_OUTER_BOUND ( 'NONE', #7493, .T. ) ;
#8959 = PLANE ( 'NONE',  #7357 ) ;
#8960 = VERTEX_POINT ( 'NONE', #5798 ) ;
#8961 = EDGE_LOOP ( 'NONE', ( #1841, #2665, #327, #6250 ) ) ;
#8962 = CARTESIAN_POINT ( 'NONE',  ( -0.4999999999999997780, 11.70000000000000462, 2.299999999999999822 ) ) ;
#8963 = EDGE_CURVE ( 'NONE', #1530, #3159, #3684, .T. ) ;
#8964 = PLANE ( 'NONE',  #2979 ) ;
#8965 = DIRECTION ( 'NONE',  ( 0.000000000000000000, 0.000000000000000000, -1.000000000000000000 ) ) ;
#8966 = CLOSED_SHELL ( 'NONE', ( #507, #5873, #7583, #4815, #7936, #4239, #1267, #4204, #6923, #1746, #4622, #4888, #8237, #5645, #3442, #7267, #5681, #5079, #2589, #972, #2473, #368, #4114, #6526, #5313, #7682, #4287, #9111, #4682, #5506, #253, #8110, #4223, #2329, #5236, #5169, #7925, #4292, #7996, #372, #5335, #4457, #4435, #6471, #8153, #8509, #5304, #1674, #5853, #1844, #3104, #2052, #2215, #101, #1727, #6545, #4971, #3060, #6073, #6027 ) ) ;
#8967 = EDGE_CURVE ( 'NONE', #8312, #4165, #2463, .T. ) ;
#8968 = DIRECTION ( 'NONE',  ( 0.000000000000000000, 0.000000000000000000, -1.000000000000000000 ) ) ;
#8969 = CARTESIAN_POINT ( 'NONE',  ( 3.100000000000000977, -0.5505154639175199316, 1.400000000000000577 ) ) ;
#8970 = EDGE_LOOP ( 'NONE', ( #7132, #3367, #6231, #332 ) ) ;
#8971 = ORIENTED_EDGE ( 'NONE', *, *, #6517, .T. ) ;
#8972 = VERTEX_POINT ( 'NONE', #223 ) ;
#8973 = ORIENTED_EDGE ( 'NONE', *, *, #3955, .T. ) ;
#8974 = CARTESIAN_POINT ( 'NONE',  ( -3.250000000000000888, -5.549999999999999822, 1.000000000000000000 ) ) ;
#8975 = EDGE_CURVE ( 'NONE', #694, #7337, #7156, .T. ) ;
#8976 = ORIENTED_EDGE ( 'NONE', *, *, #5743, .T. ) ;
#8977 = CIRCLE ( 'NONE', #1017, 4.099999999999999645 ) ;
#8978 = CARTESIAN_POINT ( 'NONE',  ( 4.399999999999998579, 3.600000000000004086, 0.000000000000000000 ) ) ;
#8979 = CARTESIAN_POINT ( 'NONE',  ( -4.500000000000002665, -2.450515463917520620, -0.5999999999999996447 ) ) ;
#8980 = CARTESIAN_POINT ( 'NONE',  ( -4.836441345419223659, -1.136301901544424897, -10.20000000000000995 ) ) ;
#8981 = STYLED_ITEM ( 'NONE', ( #4389 ), #1034 ) ;
#8982 = CARTESIAN_POINT ( 'NONE',  ( 0.000000000000000000, 0.000000000000000000, 0.000000000000000000 ) ) ;
#8983 = ORIENTED_EDGE ( 'NONE', *, *, #785, .F. ) ;
#8984 = VERTEX_POINT ( 'NONE', #8843 ) ;
#8985 = DIRECTION ( 'NONE',  ( 0.000000000000000000, 0.000000000000000000, 1.000000000000000000 ) ) ;
#8986 = EDGE_CURVE ( 'NONE', #9018, #4469, #1734, .T. ) ;
#8987 = DIRECTION ( 'NONE',  ( -0.000000000000000000, -0.000000000000000000, -1.000000000000000000 ) ) ;
#8988 = EDGE_CURVE ( 'NONE', #3018, #6996, #456, .T. ) ;
#8989 = DIRECTION ( 'NONE',  ( 8.850629979473506011E-17, 1.000000000000000000, 0.000000000000000000 ) ) ;
#8990 = FACE_OUTER_BOUND ( 'NONE', #4088, .T. ) ;
#8991 = LINE ( 'NONE', #1194, #1225 ) ;
#8992 = CARTESIAN_POINT ( 'NONE',  ( 2.600000000000000533, -3.950515463917521508, -4.299999999999999822 ) ) ;
#8993 = DIRECTION ( 'NONE',  ( -0.4226182617407076014, -0.000000000000000000, -0.9063077870366461619 ) ) ;
#8994 = ORIENTED_EDGE ( 'NONE', *, *, #7624, .F. ) ;
#8995 = VECTOR ( 'NONE', #8691, 1000.000000000000000 ) ;
#8996 = ORIENTED_EDGE ( 'NONE', *, *, #5024, .T. ) ;
#8997 = CARTESIAN_POINT ( 'NONE',  ( -1.734723475976807094E-15, 0.4500000000000040079, 2.500000000000000000 ) ) ;
#8998 = ORIENTED_EDGE ( 'NONE', *, *, #4197, .F. ) ;
#8999 = EDGE_CURVE ( 'NONE', #2417, #2964, #4823, .T. ) ;
#9000 = CARTESIAN_POINT ( 'NONE',  ( 2.100000000000000089, -6.400000000000000355, -1.349999999999999867 ) ) ;
#9001 = VECTOR ( 'NONE', #4148, 1000.000000000000000 ) ;
#9002 = DIRECTION ( 'NONE',  ( -1.000000000000000000, 8.850629979473506011E-17, -1.919174450322102221E-32 ) ) ;
#9003 = AXIS2_PLACEMENT_3D ( 'NONE', #6762, #6164, #7628 ) ;
#9004 = ORIENTED_EDGE ( 'NONE', *, *, #657, .T. ) ;
#9005 = CARTESIAN_POINT ( 'NONE',  ( -1.479999999999999982, 10.90000000000000036, 0.8499999999999999778 ) ) ;
#9006 = DIRECTION ( 'NONE',  ( 8.850629979473506011E-17, -1.000000000000000000, 0.000000000000000000 ) ) ;
#9007 = ORIENTED_EDGE ( 'NONE', *, *, #1643, .F. ) ;
#9008 = VERTEX_POINT ( 'NONE', #1094 ) ;
#9009 = VECTOR ( 'NONE', #1377, 1000.000000000000000 ) ;
#9010 = CIRCLE ( 'NONE', #1931, 0.6750000000000002665 ) ;
#9011 = DIRECTION ( 'NONE',  ( 4.396715779998432485E-81, -1.000000000000000000, -3.439160614977206978E-33 ) ) ;
#9012 = DIRECTION ( 'NONE',  ( -0.000000000000000000, -1.000000000000000000, -0.000000000000000000 ) ) ;
#9013 = CARTESIAN_POINT ( 'NONE',  ( 0.000000000000000000, 11.70000000000000462, -2.404700010220583106 ) ) ;
#9014 = VECTOR ( 'NONE', #4714, 1000.000000000000000 ) ;
#9015 = LINE ( 'NONE', #2638, #874 ) ;
#9016 = CARTESIAN_POINT ( 'NONE',  ( 4.399999999999998579, -5.949999999999998401, 5.000000000000000000 ) ) ;
#9017 = EDGE_CURVE ( 'NONE', #7712, #2417, #3824, .T. ) ;
#9018 = VERTEX_POINT ( 'NONE', #8760 ) ;
#9019 = ORIENTED_EDGE ( 'NONE', *, *, #477, .F. ) ;
#9020 = VERTEX_POINT ( 'NONE', #8008 ) ;
#9021 = DIRECTION ( 'NONE',  ( -5.041199799583462696E-17, 1.000000000000000000, -4.382248128459739893E-17 ) ) ;
#9022 = VECTOR ( 'NONE', #9002, 1000.000000000000000 ) ;
#9023 = EDGE_LOOP ( 'NONE', ( #1679, #2529, #3109, #1723 ) ) ;
#9024 = EDGE_CURVE ( 'NONE', #4244, #6973, #7448, .T. ) ;
#9025 = DIRECTION ( 'NONE',  ( -1.000000000000000000, 0.000000000000000000, 0.000000000000000000 ) ) ;
#9026 = CARTESIAN_POINT ( 'NONE',  ( -3.399999999999999911, -0.5505154639175203757, 0.4000000000000001887 ) ) ;
#9027 = DIRECTION ( 'NONE',  ( 1.000000000000000000, -1.495451272393799296E-16, 0.000000000000000000 ) ) ;
#9028 = ADVANCED_FACE ( 'NONE', ( #953 ), #3960, .F. ) ;
#9029 = AXIS2_PLACEMENT_3D ( 'NONE', #1323, #4871, #2054 ) ;
#9030 = VERTEX_POINT ( 'NONE', #2514 ) ;
#9031 = VERTEX_POINT ( 'NONE', #3775 ) ;
#9032 = CARTESIAN_POINT ( 'NONE',  ( 4.064678695506497519, -1.550515463917522485, -10.91811226151245862 ) ) ;
#9033 = FACE_OUTER_BOUND ( 'NONE', #2774, .T. ) ;
#9034 = EDGE_CURVE ( 'NONE', #6986, #458, #366, .T. ) ;
#9035 = CIRCLE ( 'NONE', #6816, 0.4000000000000001887 ) ;
#9036 = CYLINDRICAL_SURFACE ( 'NONE', #6644, 0.6500000000000000222 ) ;
#9037 = CARTESIAN_POINT ( 'NONE',  ( -4.499999999999991118, 4.349484536082480091, -4.300000000000008704 ) ) ;
#9038 = CARTESIAN_POINT ( 'NONE',  ( 4.500000000000001776, -5.950515463917520620, 0.4000000000000000222 ) ) ;
#9039 = DIRECTION ( 'NONE',  ( 0.000000000000000000, 0.000000000000000000, 1.000000000000000000 ) ) ;
#9040 = EDGE_CURVE ( 'NONE', #7712, #8012, #6573, .T. ) ;
#9041 = DIRECTION ( 'NONE',  ( 0.000000000000000000, 0.000000000000000000, -1.000000000000000000 ) ) ;
#9042 = AXIS2_PLACEMENT_3D ( 'NONE', #1358, #848, #2040 ) ;
#9043 = ORIENTED_EDGE ( 'NONE', *, *, #3734, .T. ) ;
#9044 = ORIENTED_EDGE ( 'NONE', *, *, #3936, .F. ) ;
#9045 = CARTESIAN_POINT ( 'NONE',  ( 0.2999999999999997113, 11.70000000000000462, 1.500000000000000000 ) ) ;
#9046 = ORIENTED_EDGE ( 'NONE', *, *, #5739, .F. ) ;
#9047 = DIRECTION ( 'NONE',  ( 0.000000000000000000, 1.000000000000000000, 0.000000000000000000 ) ) ;
#9048 = DIRECTION ( 'NONE',  ( 0.000000000000000000, 0.000000000000000000, 1.000000000000000000 ) ) ;
#9049 = VERTEX_POINT ( 'NONE', #321 ) ;
#9050 = DIRECTION ( 'NONE',  ( -7.211624427719193402E-17, -1.000000000000000000, 2.168404344971008868E-16 ) ) ;
#9051 = LINE ( 'NONE', #2810, #2788 ) ;
#9052 = EDGE_CURVE ( 'NONE', #2825, #3375, #1822, .T. ) ;
#9053 = ORIENTED_EDGE ( 'NONE', *, *, #7930, .T. ) ;
#9054 = ORIENTED_EDGE ( 'NONE', *, *, #110, .T. ) ;
#9055 = DIRECTION ( 'NONE',  ( -1.000000000000000000, 0.000000000000000000, 2.154044051295704582E-16 ) ) ;
#9056 = DIRECTION ( 'NONE',  ( -1.000000000000000000, 0.000000000000000000, 0.000000000000000000 ) ) ;
#9057 = FACE_OUTER_BOUND ( 'NONE', #8777, .T. ) ;
#9058 = CARTESIAN_POINT ( 'NONE',  ( -2.599999999999994316, -3.950515463917521508, -4.900000000000008349 ) ) ;
#9059 = DIRECTION ( 'NONE',  ( 0.000000000000000000, 0.000000000000000000, -1.000000000000000000 ) ) ;
#9060 = EDGE_LOOP ( 'NONE', ( #4110, #7482, #7352, #682, #8038, #4915 ) ) ;
#9061 = EDGE_LOOP ( 'NONE', ( #801, #5131, #7552, #6858, #9106, #5211, #5600 ) ) ;
#9062 = DIRECTION ( 'NONE',  ( 0.000000000000000000, 0.000000000000000000, 1.000000000000000000 ) ) ;
#9063 = ORIENTED_EDGE ( 'NONE', *, *, #170, .T. ) ;
#9064 = ADVANCED_FACE ( 'NONE', ( #5887 ), #2560, .F. ) ;
#9065 = DIRECTION ( 'NONE',  ( 0.000000000000000000, 0.000000000000000000, 1.000000000000000000 ) ) ;
#9066 = VECTOR ( 'NONE', #5837, 1000.000000000000000 ) ;
#9067 = FACE_OUTER_BOUND ( 'NONE', #6905, .T. ) ;
#9068 = DIRECTION ( 'NONE',  ( -0.000000000000000000, -0.000000000000000000, -1.000000000000000000 ) ) ;
#9069 = EDGE_CURVE ( 'NONE', #4288, #2358, #272, .T. ) ;
#9070 = CARTESIAN_POINT ( 'NONE',  ( 1.980935939680744334E-16, 10.90000000000000036, -8.819695041044892934E-17 ) ) ;
#9071 = ORIENTED_EDGE ( 'NONE', *, *, #835, .F. ) ;
#9072 = VERTEX_POINT ( 'NONE', #8060 ) ;
#9073 = CARTESIAN_POINT ( 'NONE',  ( -4.500000000000002665, 2.849484536082480091, -4.900000000000009237 ) ) ;
#9074 = VECTOR ( 'NONE', #4940, 1000.000000000000000 ) ;
#9075 = CARTESIAN_POINT ( 'NONE',  ( 3.673940397442060361E-16, 6.000000000000000000, 3.000000000000000444 ) ) ;
#9076 = EDGE_CURVE ( 'NONE', #981, #7349, #5979, .T. ) ;
#9077 = CARTESIAN_POINT ( 'NONE',  ( 1.750000000000000000, -5.549999999999998934, 1.000000000000000000 ) ) ;
#9078 = CARTESIAN_POINT ( 'NONE',  ( -0.5000000000000017764, 0.9500000000000040634, 0.5000000000000000000 ) ) ;
#9079 = CARTESIAN_POINT ( 'NONE',  ( -0.4500000000000001776, -3.020950878361716718, 2.100000000000000089 ) ) ;
#9080 = VECTOR ( 'NONE', #5760, 1000.000000000000000 ) ;
#9081 = LINE ( 'NONE', #3316, #2590 ) ;
#9082 = EDGE_CURVE ( 'NONE', #3345, #8205, #3872, .T. ) ;
#9083 = LINE ( 'NONE', #2749, #6423 ) ;
#9084 = VERTEX_POINT ( 'NONE', #8711 ) ;
#9085 = VERTEX_POINT ( 'NONE', #1687 ) ;
#9086 = PRODUCT_DEFINITION_FORMATION_WITH_SPECIFIED_SOURCE ( 'ANY', '', #6454, .NOT_KNOWN. ) ;
#9087 = CIRCLE ( 'NONE', #4073, 0.2000000000000011768 ) ;
#9088 = DIRECTION ( 'NONE',  ( 0.6560590289905020578, 0.000000000000000000, 0.7547095802227765660 ) ) ;
#9089 = ORIENTED_EDGE ( 'NONE', *, *, #2704, .F. ) ;
#9090 = ADVANCED_FACE ( 'NONE', ( #8800 ), #999, .T. ) ;
#9091 = PLANE ( 'NONE',  #5610 ) ;
#9092 = LINE ( 'NONE', #8257, #7534 ) ;
#9093 = ORIENTED_EDGE ( 'NONE', *, *, #866, .T. ) ;
#9094 = PLANE ( 'NONE',  #5244 ) ;
#9095 = PRODUCT_DEFINITION_CONTEXT ( 'detailed design', #3423, 'design' ) ;
#9096 = AXIS2_PLACEMENT_3D ( 'NONE', #8842, #4639, #1733 ) ;
#9097 = CARTESIAN_POINT ( 'NONE',  ( 5.238893727143786094, -1.550515463917522041, -8.400000000000000355 ) ) ;
#9098 = CARTESIAN_POINT ( 'NONE',  ( 4.900000000000000355, 1.349484536082478536, 0.4000000000000000222 ) ) ;
#9099 = VECTOR ( 'NONE', #8546, 1000.000000000000000 ) ;
#9100 = EDGE_CURVE ( 'NONE', #3573, #8250, #3915, .T. ) ;
#9101 = ORIENTED_EDGE ( 'NONE', *, *, #3371, .F. ) ;
#9102 = DIRECTION ( 'NONE',  ( 0.000000000000000000, 1.000000000000000000, 0.000000000000000000 ) ) ;
#9103 = PLANE ( 'NONE',  #7050 ) ;
#9104 = CARTESIAN_POINT ( 'NONE',  ( 0.000000000000000000, 0.4000000000000000222, 1.300000000000000266 ) ) ;
#9105 = ORIENTED_EDGE ( 'NONE', *, *, #254, .T. ) ;
#9106 = ORIENTED_EDGE ( 'NONE', *, *, #7499, .T. ) ;
#9107 = VERTEX_POINT ( 'NONE', #8287 ) ;
#9108 = CARTESIAN_POINT ( 'NONE',  ( -4.499999999999989342, -2.550515463917520709, -5.800000000000008704 ) ) ;
#9109 = EDGE_LOOP ( 'NONE', ( #6174, #3940, #3368, #5588 ) ) ;
#9110 = DIRECTION ( 'NONE',  ( 1.000000000000000000, 0.000000000000000000, 0.000000000000000000 ) ) ;
#9111 = ADVANCED_FACE ( 'NONE', ( #6249 ), #3491, .T. ) ;
#9112 = DIRECTION ( 'NONE',  ( 0.000000000000000000, -1.000000000000000000, 0.000000000000000000 ) ) ;
#9113 = CARTESIAN_POINT ( 'NONE',  ( -0.6699999999999998179, 11.70000000000000462, 0.6000000000000003109 ) ) ;
#9114 = DIRECTION ( 'NONE',  ( -0.000000000000000000, -0.000000000000000000, -1.000000000000000000 ) ) ;
#9115 = ORIENTED_EDGE ( 'NONE', *, *, #1016, .F. ) ;
#9116 = VECTOR ( 'NONE', #8650, 1000.000000000000000 ) ;
#9117 = ORIENTED_EDGE ( 'NONE', *, *, #3599, .F. ) ;
#9118 = DIRECTION ( 'NONE',  ( 0.000000000000000000, 0.000000000000000000, -1.000000000000000000 ) ) ;
#9119 = DIRECTION ( 'NONE',  ( -1.000000000000000000, 0.000000000000000000, 0.000000000000000000 ) ) ;
#9120 = LINE ( 'NONE', #5562, #4249 ) ;
#9121 = LINE ( 'NONE', #4781, #8231 ) ;
#9122 = PLANE ( 'NONE',  #80 ) ;
#9123 = DIRECTION ( 'NONE',  ( 0.000000000000000000, 0.000000000000000000, -1.000000000000000000 ) ) ;
#9124 = VECTOR ( 'NONE', #2410, 1000.000000000000000 ) ;
#9125 = DIRECTION ( 'NONE',  ( 0.000000000000000000, 0.000000000000000000, 1.000000000000000000 ) ) ;
#9126 = DIRECTION ( 'NONE',  ( -1.000000000000000000, 1.445602896647339163E-16, 0.000000000000000000 ) ) ;
#9127 = EDGE_CURVE ( 'NONE', #405, #1530, #6984, .T. ) ;
#9128 = ORIENTED_EDGE ( 'NONE', *, *, #1426, .F. ) ;
#9129 = FACE_OUTER_BOUND ( 'NONE', #2521, .T. ) ;
#9130 = NEXT_ASSEMBLY_USAGE_OCCURRENCE ( 'NAUO1', ' ', ' ', #4047, #395, $ ) ;
#9131 = NEXT_ASSEMBLY_USAGE_OCCURRENCE ( 'NAUO2', ' ', ' ', #4047, #8277, $ ) ;
#9132 = NEXT_ASSEMBLY_USAGE_OCCURRENCE ( 'NAUO3', ' ', ' ', #8277, #3377, $ ) ;
#9133 = NEXT_ASSEMBLY_USAGE_OCCURRENCE ( 'NAUO4', ' ', ' ', #8277, #6635, $ ) ;
ENDSEC;
END-ISO-10303-21;
