ISO-10303-21;
HEADER;
FILE_DESCRIPTION(('STEP AP203'),'1');
FILE_NAME('socket_a_14-lc-tt.stp','2020-03-10T20:50:38',('TraceParts'),('TraceParts S.A.'),'Spatial InterOp 3D',' ',' ');
FILE_SCHEMA(('CONFIG_CONTROL_DESIGN'));
ENDSEC;
DATA;
#1=DESIGN_CONTEXT('',#27,'design');
#2=APPLICATION_PROTOCOL_DEFINITION('INTERNATIONAL STANDARD','config_control_design',1994,#27);
#3=PRODUCT_CATEGORY_RELATIONSHIP('NONE','NONE',#28,#29);
#4=DATE_AND_TIME(#30,#31);
#5=DATE_TIME_ROLE('creation_date');
#6=DATE_TIME_ROLE('classification_date');
#7=PERSON_AND_ORGANIZATION_ROLE('creator');
#8=PERSON_AND_ORGANIZATION_ROLE('design_supplier');
#9=PERSON_AND_ORGANIZATION_ROLE('classification_officer');
#10=PERSON_AND_ORGANIZATION_ROLE('design_owner');
#11=APPROVAL_PERSON_ORGANIZATION(#32,#33,#34);
#12=APPROVAL_DATE_TIME(#4,#33);
#13=CC_DESIGN_APPROVAL(#33,(#35,#36,#37));
#14=CC_DESIGN_DATE_AND_TIME_ASSIGNMENT(#4,#5,(#37));
#15=CC_DESIGN_DATE_AND_TIME_ASSIGNMENT(#4,#6,(#35));
#16=CC_DESIGN_PERSON_AND_ORGANIZATION_ASSIGNMENT(#32,#10,(#38));
#17=CC_DESIGN_PERSON_AND_ORGANIZATION_ASSIGNMENT(#32,#7,(#37));
#18=CC_DESIGN_PERSON_AND_ORGANIZATION_ASSIGNMENT(#32,#7,(#36));
#19=CC_DESIGN_PERSON_AND_ORGANIZATION_ASSIGNMENT(#32,#8,(#36));
#20=CC_DESIGN_SECURITY_CLASSIFICATION(#35,(#36));
#21=CC_DESIGN_PERSON_AND_ORGANIZATION_ASSIGNMENT(#32,#9,(#35));
#22=SHAPE_DEFINITION_REPRESENTATION(#39,#40);
#23= (GEOMETRIC_REPRESENTATION_CONTEXT(3)GLOBAL_UNCERTAINTY_ASSIGNED_CONTEXT((#43))GLOBAL_UNIT_ASSIGNED_CONTEXT((#45,#46,#47))REPRESENTATION_CONTEXT('NONE','WORKSPACE'));
#27=APPLICATION_CONTEXT('CONFIGURATION CONTROLLED 3D DESIGNS OF MECHANICAL PARTS AND ASSEMBLIES');
#28=PRODUCT_CATEGORY('part','NONE');
#29=PRODUCT_RELATED_PRODUCT_CATEGORY('detail',' ',(#38));
#30=CALENDAR_DATE(2020,10,2);
#31=LOCAL_TIME(21,50,38.0,#49);
#32=PERSON_AND_ORGANIZATION(#50,#51);
#33=APPROVAL(#52,'SOLID MODEL');
#34=APPROVAL_ROLE('APPROVED');
#35=SECURITY_CLASSIFICATION('','',#53);
#36=PRODUCT_DEFINITION_FORMATION_WITH_SPECIFIED_SOURCE(' ','NONE',#38,.NOT_KNOWN.);
#37=PRODUCT_DEFINITION('','NONE',#36,#1);
#38=PRODUCT('1','','PART--DESC',(#54));
#39=PRODUCT_DEFINITION_SHAPE('NONE','NONE',#37);
#40=ADVANCED_BREP_SHAPE_REPRESENTATION('1',(#55,#56),#23);
#43=UNCERTAINTY_MEASURE_WITH_UNIT(LENGTH_MEASURE(1.0E-06),#45,'','');
#45= (CONVERSION_BASED_UNIT('MILLIMETRE',#59)LENGTH_UNIT()NAMED_UNIT(#62));
#46= (NAMED_UNIT(#64)PLANE_ANGLE_UNIT()SI_UNIT($,.RADIAN.));
#47= (NAMED_UNIT(#64)SOLID_ANGLE_UNIT()SI_UNIT($,.STERADIAN.));
#49=COORDINATED_UNIVERSAL_TIME_OFFSET(1,0,.AHEAD.);
#50=PERSON('','UNSPECIFIED',$,$,$,$);
#51=ORGANIZATION('UNSPECIFIED','UNSPECIFIED','UNSPECIFIED');
#52=APPROVAL_STATUS('approved');
#53=SECURITY_CLASSIFICATION_LEVEL('unclassified');
#54=MECHANICAL_CONTEXT('',#27,'mechanical');
#55=BREP_WITH_VOIDS('1',#70,(#71,#72,#73,#74,#75,#76,#77,#78,#79,#80,#81,#82,#83,#84));
#56=AXIS2_PLACEMENT_3D('',#85,#86,#87);
#59=LENGTH_MEASURE_WITH_UNIT(LENGTH_MEASURE(1.0),#88);
#62=DIMENSIONAL_EXPONENTS(1.0,0.0,0.0,0.0,0.0,0.0,0.0);
#64=DIMENSIONAL_EXPONENTS(0.0,0.0,0.0,0.0,0.0,0.0,0.0);
#70=CLOSED_SHELL('',(#89,#90,#91,#92,#93,#94,#95,#96,#97,#98,#99,#100,#101,#102,#103,#104,#105,#106,#107,#108,#109,#110,#111,#112,#113,#114,#115,#116,#117,#118,#119,#120,#121,#122,#123,#124,#125,#126,#127,#128,#129,#130,#131,#132,#133,#134,#135,#136,#137,#138,#139,#140,#141,#142,#143,#144,#145,#146,#147,#148,#149,#150,#151,#152,#153,#154,#155,#156,#157,#158,#159,#160,#161,#162,#163,#164,#165,#166,#167,#168,#169,#170,#171,#172,#173,#174,#175,#176,#177,#178,#179,#180,#181,#182,#183,#184,#185,#186,#187,#188,#189,#190,#191,#192,#193,#194,#195,#196,#197,#198,#199,#200,#201,#202,#203,#204,#205,#206,#207,#208,#209,#210,#211,#212,#213,#214,#215,#216,#217,#218,#219,#220,#221,#222,#223,#224,#225,#226,#227,#228,#229,#230,#231,#232,#233,#234,#235,#236,#237,#238,#239,#240,#241,#242,#243,#244,#245,#246,#247,#248,#249,#250,#251,#252,#253,#254,#255,#256,#257,#258,#259,#260,#261,#262,#263,#264,#265,#266,#267,#268,#269,#270,#271,#272,#273,#274,#275,#276,#277,#278,#279,#280,#281,#282,#283,#284,#285,#286,#287,#288,#289,#290,#291,#292,#293,#294,#295,#296,#297,#298,#299,#300,#301,#302,#303,#304,#305,#306,#307,#308,#309,#310,#311,#312,#313,#314,#315,#316,#317,#318,#319,#320,#321,#322,#323,#324,#325,#326,#327,#328,#329,#330,#331,#332,#333,#334,#335,#336,#337,#338,#339,#340,#341,#342,#343,#344,#345,#346,#347,#348,#349,#350,#351,#352,#353,#354,#355,#356,#357,#358,#359,#360,#361,#362,#363,#364,#365,#366,#367,#368,#369,#370,#371,#372,#373,#374,#375,#376,#377,#378,#379,#380,#381,#382,#383,#384,#385,#386,#387,#388,#389,#390,#391,#392,#393,#394,#395,#396,#397,#398,#399,#400,#401,#402,#403,#404,#405,#406,#407,#408,#409,#410,#411,#412,#413,#414,#415,#416,#417,#418,#419,#420,#421,#422,#423,#424,#425,#426,#427,#428,#429,#430,#431,#432,#433,#434,#435,#436,#437,#438,#439,#440,#441,#442,#443,#444,#445,#446,#447,#448,#449,#450,#451,#452,#453,#454,#455,#456,#457,#458,#459,#460,#461,#462,#463,#464,#465,#466,#467,#468,#469));
#71=ORIENTED_CLOSED_SHELL('',*,#470,.T.);
#72=ORIENTED_CLOSED_SHELL('',*,#471,.T.);
#73=ORIENTED_CLOSED_SHELL('',*,#472,.T.);
#74=ORIENTED_CLOSED_SHELL('',*,#473,.T.);
#75=ORIENTED_CLOSED_SHELL('',*,#474,.T.);
#76=ORIENTED_CLOSED_SHELL('',*,#475,.T.);
#77=ORIENTED_CLOSED_SHELL('',*,#476,.T.);
#78=ORIENTED_CLOSED_SHELL('',*,#477,.T.);
#79=ORIENTED_CLOSED_SHELL('',*,#478,.T.);
#80=ORIENTED_CLOSED_SHELL('',*,#479,.T.);
#81=ORIENTED_CLOSED_SHELL('',*,#480,.T.);
#82=ORIENTED_CLOSED_SHELL('',*,#481,.T.);
#83=ORIENTED_CLOSED_SHELL('',*,#482,.T.);
#84=ORIENTED_CLOSED_SHELL('',*,#483,.T.);
#85=CARTESIAN_POINT('',(0.0,0.0,0.0));
#86=DIRECTION('',(0.0,0.0,1.0));
#87=DIRECTION('',(1.0,0.0,0.0));
#88= (NAMED_UNIT(#62)LENGTH_UNIT()SI_UNIT(.MILLI.,.METRE.));
#89=ADVANCED_FACE('',(#485),#486,.T.);
#90=ADVANCED_FACE('',(#487),#488,.T.);
#91=ADVANCED_FACE('',(#489),#490,.T.);
#92=ADVANCED_FACE('',(#491),#492,.T.);
#93=ADVANCED_FACE('',(#493),#494,.T.);
#94=ADVANCED_FACE('',(#495),#496,.T.);
#95=ADVANCED_FACE('',(#497),#498,.T.);
#96=ADVANCED_FACE('',(#499),#500,.T.);
#97=ADVANCED_FACE('',(#501),#502,.T.);
#98=ADVANCED_FACE('',(#503),#504,.T.);
#99=ADVANCED_FACE('',(#505),#506,.T.);
#100=ADVANCED_FACE('',(#507),#508,.T.);
#101=ADVANCED_FACE('',(#509),#510,.T.);
#102=ADVANCED_FACE('',(#511),#512,.T.);
#103=ADVANCED_FACE('',(#513),#514,.T.);
#104=ADVANCED_FACE('',(#515),#516,.T.);
#105=ADVANCED_FACE('',(#517),#518,.T.);
#106=ADVANCED_FACE('',(#519),#520,.T.);
#107=ADVANCED_FACE('',(#521),#522,.T.);
#108=ADVANCED_FACE('',(#523),#524,.T.);
#109=ADVANCED_FACE('',(#525),#526,.T.);
#110=ADVANCED_FACE('',(#527),#528,.T.);
#111=ADVANCED_FACE('',(#529),#530,.T.);
#112=ADVANCED_FACE('',(#531),#532,.T.);
#113=ADVANCED_FACE('',(#533),#534,.T.);
#114=ADVANCED_FACE('',(#535),#536,.T.);
#115=ADVANCED_FACE('',(#537),#538,.T.);
#116=ADVANCED_FACE('',(#539),#540,.T.);
#117=ADVANCED_FACE('',(#541),#542,.T.);
#118=ADVANCED_FACE('',(#543),#544,.T.);
#119=ADVANCED_FACE('',(#545),#546,.T.);
#120=ADVANCED_FACE('',(#547),#548,.T.);
#121=ADVANCED_FACE('',(#549),#550,.T.);
#122=ADVANCED_FACE('',(#551),#552,.T.);
#123=ADVANCED_FACE('',(#553),#554,.T.);
#124=ADVANCED_FACE('',(#555),#556,.T.);
#125=ADVANCED_FACE('',(#557),#558,.T.);
#126=ADVANCED_FACE('',(#559),#560,.T.);
#127=ADVANCED_FACE('',(#561),#562,.T.);
#128=ADVANCED_FACE('',(#563),#564,.T.);
#129=ADVANCED_FACE('',(#565),#566,.T.);
#130=ADVANCED_FACE('',(#567),#568,.T.);
#131=ADVANCED_FACE('',(#569),#570,.T.);
#132=ADVANCED_FACE('',(#571),#572,.T.);
#133=ADVANCED_FACE('',(#573),#574,.T.);
#134=ADVANCED_FACE('',(#575),#576,.T.);
#135=ADVANCED_FACE('',(#577),#578,.T.);
#136=ADVANCED_FACE('',(#579),#580,.T.);
#137=ADVANCED_FACE('',(#581),#582,.T.);
#138=ADVANCED_FACE('',(#583),#584,.T.);
#139=ADVANCED_FACE('',(#585),#586,.T.);
#140=ADVANCED_FACE('',(#587),#588,.T.);
#141=ADVANCED_FACE('',(#589),#590,.T.);
#142=ADVANCED_FACE('',(#591),#592,.T.);
#143=ADVANCED_FACE('',(#593),#594,.T.);
#144=ADVANCED_FACE('',(#595),#596,.T.);
#145=ADVANCED_FACE('',(#597),#598,.T.);
#146=ADVANCED_FACE('',(#599),#600,.T.);
#147=ADVANCED_FACE('',(#601),#602,.T.);
#148=ADVANCED_FACE('',(#603),#604,.T.);
#149=ADVANCED_FACE('',(#605),#606,.T.);
#150=ADVANCED_FACE('',(#607),#608,.T.);
#151=ADVANCED_FACE('',(#609),#610,.T.);
#152=ADVANCED_FACE('',(#611),#612,.T.);
#153=ADVANCED_FACE('',(#613),#614,.T.);
#154=ADVANCED_FACE('',(#615),#616,.T.);
#155=ADVANCED_FACE('',(#617),#618,.T.);
#156=ADVANCED_FACE('',(#619),#620,.T.);
#157=ADVANCED_FACE('',(#621),#622,.T.);
#158=ADVANCED_FACE('',(#623),#624,.T.);
#159=ADVANCED_FACE('',(#625),#626,.T.);
#160=ADVANCED_FACE('',(#627),#628,.T.);
#161=ADVANCED_FACE('',(#629),#630,.T.);
#162=ADVANCED_FACE('',(#631),#632,.T.);
#163=ADVANCED_FACE('',(#633),#634,.T.);
#164=ADVANCED_FACE('',(#635),#636,.T.);
#165=ADVANCED_FACE('',(#637),#638,.T.);
#166=ADVANCED_FACE('',(#639),#640,.T.);
#167=ADVANCED_FACE('',(#641),#642,.T.);
#168=ADVANCED_FACE('',(#643),#644,.T.);
#169=ADVANCED_FACE('',(#645),#646,.T.);
#170=ADVANCED_FACE('',(#647),#648,.T.);
#171=ADVANCED_FACE('',(#649),#650,.T.);
#172=ADVANCED_FACE('',(#651),#652,.T.);
#173=ADVANCED_FACE('',(#653),#654,.T.);
#174=ADVANCED_FACE('',(#655),#656,.T.);
#175=ADVANCED_FACE('',(#657),#658,.T.);
#176=ADVANCED_FACE('',(#659),#660,.T.);
#177=ADVANCED_FACE('',(#661),#662,.T.);
#178=ADVANCED_FACE('',(#663),#664,.T.);
#179=ADVANCED_FACE('',(#665),#666,.T.);
#180=ADVANCED_FACE('',(#667),#668,.T.);
#181=ADVANCED_FACE('',(#669),#670,.T.);
#182=ADVANCED_FACE('',(#671),#672,.T.);
#183=ADVANCED_FACE('',(#673),#674,.T.);
#184=ADVANCED_FACE('',(#675),#676,.T.);
#185=ADVANCED_FACE('',(#677),#678,.T.);
#186=ADVANCED_FACE('',(#679),#680,.T.);
#187=ADVANCED_FACE('',(#681),#682,.T.);
#188=ADVANCED_FACE('',(#683),#684,.T.);
#189=ADVANCED_FACE('',(#685),#686,.T.);
#190=ADVANCED_FACE('',(#687),#688,.T.);
#191=ADVANCED_FACE('',(#689),#690,.T.);
#192=ADVANCED_FACE('',(#691),#692,.T.);
#193=ADVANCED_FACE('',(#693),#694,.T.);
#194=ADVANCED_FACE('',(#695),#696,.T.);
#195=ADVANCED_FACE('',(#697),#698,.T.);
#196=ADVANCED_FACE('',(#699),#700,.T.);
#197=ADVANCED_FACE('',(#701),#702,.T.);
#198=ADVANCED_FACE('',(#703),#704,.T.);
#199=ADVANCED_FACE('',(#705),#706,.T.);
#200=ADVANCED_FACE('',(#707),#708,.T.);
#201=ADVANCED_FACE('',(#709),#710,.T.);
#202=ADVANCED_FACE('',(#711),#712,.T.);
#203=ADVANCED_FACE('',(#713),#714,.T.);
#204=ADVANCED_FACE('',(#715),#716,.T.);
#205=ADVANCED_FACE('',(#717),#718,.T.);
#206=ADVANCED_FACE('',(#719),#720,.T.);
#207=ADVANCED_FACE('',(#721),#722,.T.);
#208=ADVANCED_FACE('',(#723),#724,.T.);
#209=ADVANCED_FACE('',(#725),#726,.T.);
#210=ADVANCED_FACE('',(#727),#728,.T.);
#211=ADVANCED_FACE('',(#729),#730,.T.);
#212=ADVANCED_FACE('',(#731),#732,.T.);
#213=ADVANCED_FACE('',(#733),#734,.T.);
#214=ADVANCED_FACE('',(#735),#736,.T.);
#215=ADVANCED_FACE('',(#737),#738,.T.);
#216=ADVANCED_FACE('',(#739),#740,.T.);
#217=ADVANCED_FACE('',(#741),#742,.T.);
#218=ADVANCED_FACE('',(#743),#744,.T.);
#219=ADVANCED_FACE('',(#745),#746,.T.);
#220=ADVANCED_FACE('',(#747),#748,.T.);
#221=ADVANCED_FACE('',(#749),#750,.T.);
#222=ADVANCED_FACE('',(#751),#752,.T.);
#223=ADVANCED_FACE('',(#753),#754,.T.);
#224=ADVANCED_FACE('',(#755),#756,.T.);
#225=ADVANCED_FACE('',(#757),#758,.T.);
#226=ADVANCED_FACE('',(#759),#760,.T.);
#227=ADVANCED_FACE('',(#761),#762,.T.);
#228=ADVANCED_FACE('',(#763),#764,.T.);
#229=ADVANCED_FACE('',(#765),#766,.T.);
#230=ADVANCED_FACE('',(#767),#768,.T.);
#231=ADVANCED_FACE('',(#769),#770,.T.);
#232=ADVANCED_FACE('',(#771),#772,.T.);
#233=ADVANCED_FACE('',(#773),#774,.T.);
#234=ADVANCED_FACE('',(#775),#776,.T.);
#235=ADVANCED_FACE('',(#777),#778,.T.);
#236=ADVANCED_FACE('',(#779),#780,.T.);
#237=ADVANCED_FACE('',(#781),#782,.T.);
#238=ADVANCED_FACE('',(#783),#784,.T.);
#239=ADVANCED_FACE('',(#785),#786,.T.);
#240=ADVANCED_FACE('',(#787),#788,.T.);
#241=ADVANCED_FACE('',(#789),#790,.T.);
#242=ADVANCED_FACE('',(#791),#792,.T.);
#243=ADVANCED_FACE('',(#793),#794,.T.);
#244=ADVANCED_FACE('',(#795),#796,.T.);
#245=ADVANCED_FACE('',(#797),#798,.T.);
#246=ADVANCED_FACE('',(#799),#800,.T.);
#247=ADVANCED_FACE('',(#801),#802,.T.);
#248=ADVANCED_FACE('',(#803),#804,.T.);
#249=ADVANCED_FACE('',(#805),#806,.T.);
#250=ADVANCED_FACE('',(#807),#808,.T.);
#251=ADVANCED_FACE('',(#809),#810,.T.);
#252=ADVANCED_FACE('',(#811),#812,.T.);
#253=ADVANCED_FACE('',(#813),#814,.T.);
#254=ADVANCED_FACE('',(#815),#816,.T.);
#255=ADVANCED_FACE('',(#817),#818,.T.);
#256=ADVANCED_FACE('',(#819),#820,.T.);
#257=ADVANCED_FACE('',(#821),#822,.T.);
#258=ADVANCED_FACE('',(#823),#824,.T.);
#259=ADVANCED_FACE('',(#825),#826,.T.);
#260=ADVANCED_FACE('',(#827),#828,.T.);
#261=ADVANCED_FACE('',(#829),#830,.T.);
#262=ADVANCED_FACE('',(#831),#832,.T.);
#263=ADVANCED_FACE('',(#833),#834,.T.);
#264=ADVANCED_FACE('',(#835),#836,.T.);
#265=ADVANCED_FACE('',(#837),#838,.T.);
#266=ADVANCED_FACE('',(#839),#840,.T.);
#267=ADVANCED_FACE('',(#841),#842,.T.);
#268=ADVANCED_FACE('',(#843),#844,.T.);
#269=ADVANCED_FACE('',(#845),#846,.T.);
#270=ADVANCED_FACE('',(#847),#848,.T.);
#271=ADVANCED_FACE('',(#849),#850,.T.);
#272=ADVANCED_FACE('',(#851),#852,.T.);
#273=ADVANCED_FACE('',(#853),#854,.T.);
#274=ADVANCED_FACE('',(#855),#856,.T.);
#275=ADVANCED_FACE('',(#857),#858,.T.);
#276=ADVANCED_FACE('',(#859),#860,.T.);
#277=ADVANCED_FACE('',(#861),#862,.T.);
#278=ADVANCED_FACE('',(#863),#864,.T.);
#279=ADVANCED_FACE('',(#865),#866,.T.);
#280=ADVANCED_FACE('',(#867),#868,.T.);
#281=ADVANCED_FACE('',(#869),#870,.T.);
#282=ADVANCED_FACE('',(#871),#872,.T.);
#283=ADVANCED_FACE('',(#873),#874,.T.);
#284=ADVANCED_FACE('',(#875),#876,.T.);
#285=ADVANCED_FACE('',(#877),#878,.T.);
#286=ADVANCED_FACE('',(#879),#880,.T.);
#287=ADVANCED_FACE('',(#881),#882,.T.);
#288=ADVANCED_FACE('',(#883),#884,.T.);
#289=ADVANCED_FACE('',(#885),#886,.T.);
#290=ADVANCED_FACE('',(#887),#888,.T.);
#291=ADVANCED_FACE('',(#889),#890,.T.);
#292=ADVANCED_FACE('',(#891),#892,.T.);
#293=ADVANCED_FACE('',(#893),#894,.T.);
#294=ADVANCED_FACE('',(#895),#896,.T.);
#295=ADVANCED_FACE('',(#897),#898,.T.);
#296=ADVANCED_FACE('',(#899),#900,.T.);
#297=ADVANCED_FACE('',(#901),#902,.T.);
#298=ADVANCED_FACE('',(#903),#904,.T.);
#299=ADVANCED_FACE('',(#905),#906,.T.);
#300=ADVANCED_FACE('',(#907),#908,.T.);
#301=ADVANCED_FACE('',(#909),#910,.T.);
#302=ADVANCED_FACE('',(#911),#912,.T.);
#303=ADVANCED_FACE('',(#913),#914,.T.);
#304=ADVANCED_FACE('',(#915),#916,.T.);
#305=ADVANCED_FACE('',(#917),#918,.T.);
#306=ADVANCED_FACE('',(#919),#920,.T.);
#307=ADVANCED_FACE('',(#921),#922,.T.);
#308=ADVANCED_FACE('',(#923),#924,.T.);
#309=ADVANCED_FACE('',(#925),#926,.T.);
#310=ADVANCED_FACE('',(#927),#928,.T.);
#311=ADVANCED_FACE('',(#929),#930,.T.);
#312=ADVANCED_FACE('',(#931),#932,.T.);
#313=ADVANCED_FACE('',(#933),#934,.T.);
#314=ADVANCED_FACE('',(#935),#936,.T.);
#315=ADVANCED_FACE('',(#937),#938,.T.);
#316=ADVANCED_FACE('',(#939),#940,.T.);
#317=ADVANCED_FACE('',(#941),#942,.T.);
#318=ADVANCED_FACE('',(#943),#944,.T.);
#319=ADVANCED_FACE('',(#945),#946,.T.);
#320=ADVANCED_FACE('',(#947),#948,.T.);
#321=ADVANCED_FACE('',(#949),#950,.T.);
#322=ADVANCED_FACE('',(#951),#952,.T.);
#323=ADVANCED_FACE('',(#953),#954,.T.);
#324=ADVANCED_FACE('',(#955),#956,.T.);
#325=ADVANCED_FACE('',(#957),#958,.T.);
#326=ADVANCED_FACE('',(#959),#960,.T.);
#327=ADVANCED_FACE('',(#961),#962,.T.);
#328=ADVANCED_FACE('',(#963),#964,.T.);
#329=ADVANCED_FACE('',(#965),#966,.T.);
#330=ADVANCED_FACE('',(#967),#968,.T.);
#331=ADVANCED_FACE('',(#969),#970,.T.);
#332=ADVANCED_FACE('',(#971),#972,.T.);
#333=ADVANCED_FACE('',(#973),#974,.T.);
#334=ADVANCED_FACE('',(#975),#976,.T.);
#335=ADVANCED_FACE('',(#977),#978,.T.);
#336=ADVANCED_FACE('',(#979),#980,.T.);
#337=ADVANCED_FACE('',(#981),#982,.T.);
#338=ADVANCED_FACE('',(#983),#984,.T.);
#339=ADVANCED_FACE('',(#985),#986,.T.);
#340=ADVANCED_FACE('',(#987),#988,.T.);
#341=ADVANCED_FACE('',(#989),#990,.T.);
#342=ADVANCED_FACE('',(#991),#992,.T.);
#343=ADVANCED_FACE('',(#993),#994,.T.);
#344=ADVANCED_FACE('',(#995),#996,.T.);
#345=ADVANCED_FACE('',(#997),#998,.T.);
#346=ADVANCED_FACE('',(#999),#1000,.T.);
#347=ADVANCED_FACE('',(#1001),#1002,.T.);
#348=ADVANCED_FACE('',(#1003),#1004,.T.);
#349=ADVANCED_FACE('',(#1005),#1006,.T.);
#350=ADVANCED_FACE('',(#1007),#1008,.T.);
#351=ADVANCED_FACE('',(#1009),#1010,.T.);
#352=ADVANCED_FACE('',(#1011),#1012,.T.);
#353=ADVANCED_FACE('',(#1013),#1014,.T.);
#354=ADVANCED_FACE('',(#1015),#1016,.T.);
#355=ADVANCED_FACE('',(#1017),#1018,.T.);
#356=ADVANCED_FACE('',(#1019),#1020,.T.);
#357=ADVANCED_FACE('',(#1021),#1022,.T.);
#358=ADVANCED_FACE('',(#1023),#1024,.T.);
#359=ADVANCED_FACE('',(#1025),#1026,.T.);
#360=ADVANCED_FACE('',(#1027),#1028,.T.);
#361=ADVANCED_FACE('',(#1029),#1030,.T.);
#362=ADVANCED_FACE('',(#1031),#1032,.T.);
#363=ADVANCED_FACE('',(#1033),#1034,.T.);
#364=ADVANCED_FACE('',(#1035),#1036,.T.);
#365=ADVANCED_FACE('',(#1037),#1038,.T.);
#366=ADVANCED_FACE('',(#1039),#1040,.T.);
#367=ADVANCED_FACE('',(#1041),#1042,.T.);
#368=ADVANCED_FACE('',(#1043),#1044,.T.);
#369=ADVANCED_FACE('',(#1045),#1046,.T.);
#370=ADVANCED_FACE('',(#1047),#1048,.T.);
#371=ADVANCED_FACE('',(#1049),#1050,.T.);
#372=ADVANCED_FACE('',(#1051),#1052,.T.);
#373=ADVANCED_FACE('',(#1053),#1054,.T.);
#374=ADVANCED_FACE('',(#1055),#1056,.T.);
#375=ADVANCED_FACE('',(#1057),#1058,.T.);
#376=ADVANCED_FACE('',(#1059),#1060,.T.);
#377=ADVANCED_FACE('',(#1061),#1062,.T.);
#378=ADVANCED_FACE('',(#1063),#1064,.T.);
#379=ADVANCED_FACE('',(#1065),#1066,.T.);
#380=ADVANCED_FACE('',(#1067),#1068,.T.);
#381=ADVANCED_FACE('',(#1069),#1070,.T.);
#382=ADVANCED_FACE('',(#1071),#1072,.T.);
#383=ADVANCED_FACE('',(#1073),#1074,.T.);
#384=ADVANCED_FACE('',(#1075),#1076,.T.);
#385=ADVANCED_FACE('',(#1077),#1078,.T.);
#386=ADVANCED_FACE('',(#1079),#1080,.T.);
#387=ADVANCED_FACE('',(#1081),#1082,.T.);
#388=ADVANCED_FACE('',(#1083),#1084,.T.);
#389=ADVANCED_FACE('',(#1085),#1086,.T.);
#390=ADVANCED_FACE('',(#1087),#1088,.T.);
#391=ADVANCED_FACE('',(#1089),#1090,.T.);
#392=ADVANCED_FACE('',(#1091),#1092,.T.);
#393=ADVANCED_FACE('',(#1093),#1094,.T.);
#394=ADVANCED_FACE('',(#1095),#1096,.T.);
#395=ADVANCED_FACE('',(#1097),#1098,.T.);
#396=ADVANCED_FACE('',(#1099),#1100,.T.);
#397=ADVANCED_FACE('',(#1101),#1102,.T.);
#398=ADVANCED_FACE('',(#1103),#1104,.T.);
#399=ADVANCED_FACE('',(#1105),#1106,.F.);
#400=ADVANCED_FACE('',(#1107),#1108,.T.);
#401=ADVANCED_FACE('',(#1109),#1110,.T.);
#402=ADVANCED_FACE('',(#1111),#1112,.F.);
#403=ADVANCED_FACE('',(#1113),#1114,.T.);
#404=ADVANCED_FACE('',(#1115),#1116,.T.);
#405=ADVANCED_FACE('',(#1117),#1118,.F.);
#406=ADVANCED_FACE('',(#1119),#1120,.T.);
#407=ADVANCED_FACE('',(#1121),#1122,.T.);
#408=ADVANCED_FACE('',(#1123),#1124,.F.);
#409=ADVANCED_FACE('',(#1125),#1126,.T.);
#410=ADVANCED_FACE('',(#1127),#1128,.T.);
#411=ADVANCED_FACE('',(#1129),#1130,.F.);
#412=ADVANCED_FACE('',(#1131),#1132,.T.);
#413=ADVANCED_FACE('',(#1133),#1134,.T.);
#414=ADVANCED_FACE('',(#1135),#1136,.F.);
#415=ADVANCED_FACE('',(#1137),#1138,.T.);
#416=ADVANCED_FACE('',(#1139),#1140,.T.);
#417=ADVANCED_FACE('',(#1141),#1142,.F.);
#418=ADVANCED_FACE('',(#1143),#1144,.T.);
#419=ADVANCED_FACE('',(#1145),#1146,.T.);
#420=ADVANCED_FACE('',(#1147),#1148,.F.);
#421=ADVANCED_FACE('',(#1149),#1150,.T.);
#422=ADVANCED_FACE('',(#1151),#1152,.T.);
#423=ADVANCED_FACE('',(#1153),#1154,.F.);
#424=ADVANCED_FACE('',(#1155),#1156,.T.);
#425=ADVANCED_FACE('',(#1157),#1158,.T.);
#426=ADVANCED_FACE('',(#1159),#1160,.F.);
#427=ADVANCED_FACE('',(#1161),#1162,.T.);
#428=ADVANCED_FACE('',(#1163),#1164,.T.);
#429=ADVANCED_FACE('',(#1165),#1166,.F.);
#430=ADVANCED_FACE('',(#1167),#1168,.T.);
#431=ADVANCED_FACE('',(#1169),#1170,.T.);
#432=ADVANCED_FACE('',(#1171),#1172,.F.);
#433=ADVANCED_FACE('',(#1173),#1174,.T.);
#434=ADVANCED_FACE('',(#1175),#1176,.T.);
#435=ADVANCED_FACE('',(#1177),#1178,.F.);
#436=ADVANCED_FACE('',(#1179),#1180,.T.);
#437=ADVANCED_FACE('',(#1181),#1182,.T.);
#438=ADVANCED_FACE('',(#1183),#1184,.F.);
#439=ADVANCED_FACE('',(#1185),#1186,.T.);
#440=ADVANCED_FACE('',(#1187),#1188,.T.);
#441=ADVANCED_FACE('',(#1189),#1190,.F.);
#442=ADVANCED_FACE('',(#1191),#1192,.T.);
#443=ADVANCED_FACE('',(#1193),#1194,.T.);
#444=ADVANCED_FACE('',(#1195),#1196,.T.);
#445=ADVANCED_FACE('',(#1197),#1198,.T.);
#446=ADVANCED_FACE('',(#1199),#1200,.T.);
#447=ADVANCED_FACE('',(#1201),#1202,.F.);
#448=ADVANCED_FACE('',(#1203),#1204,.T.);
#449=ADVANCED_FACE('',(#1205),#1206,.T.);
#450=ADVANCED_FACE('',(#1207),#1208,.T.);
#451=ADVANCED_FACE('',(#1209),#1210,.T.);
#452=ADVANCED_FACE('',(#1211),#1212,.T.);
#453=ADVANCED_FACE('',(#1213),#1214,.T.);
#454=ADVANCED_FACE('',(#1215,#1216,#1217,#1218,#1219,#1220,#1221,#1222),#1223,.T.);
#455=ADVANCED_FACE('',(#1224),#1225,.T.);
#456=ADVANCED_FACE('',(#1226),#1227,.T.);
#457=ADVANCED_FACE('',(#1228,#1229),#1230,.T.);
#458=ADVANCED_FACE('',(#1231),#1232,.T.);
#459=ADVANCED_FACE('',(#1233),#1234,.T.);
#460=ADVANCED_FACE('',(#1235,#1236,#1237,#1238,#1239,#1240,#1241,#1242),#1243,.T.);
#461=ADVANCED_FACE('',(#1244),#1245,.T.);
#462=ADVANCED_FACE('',(#1246),#1247,.T.);
#463=ADVANCED_FACE('',(#1248),#1249,.T.);
#464=ADVANCED_FACE('',(#1250),#1251,.T.);
#465=ADVANCED_FACE('',(#1252),#1253,.T.);
#466=ADVANCED_FACE('',(#1254),#1255,.T.);
#467=ADVANCED_FACE('',(#1256),#1257,.T.);
#468=ADVANCED_FACE('',(#1258),#1259,.T.);
#469=ADVANCED_FACE('',(#1260),#1261,.F.);
#470=CLOSED_SHELL('',(#1262,#1263,#1264,#1265,#1266,#1267));
#471=CLOSED_SHELL('',(#1268,#1269,#1270,#1271,#1272,#1273));
#472=CLOSED_SHELL('',(#1274,#1275,#1276,#1277,#1278,#1279));
#473=CLOSED_SHELL('',(#1280,#1281,#1282,#1283,#1284,#1285));
#474=CLOSED_SHELL('',(#1286,#1287,#1288,#1289,#1290,#1291));
#475=CLOSED_SHELL('',(#1292,#1293,#1294,#1295,#1296,#1297));
#476=CLOSED_SHELL('',(#1298,#1299,#1300,#1301,#1302,#1303));
#477=CLOSED_SHELL('',(#1304,#1305,#1306,#1307,#1308,#1309));
#478=CLOSED_SHELL('',(#1310,#1311,#1312,#1313,#1314,#1315));
#479=CLOSED_SHELL('',(#1316,#1317,#1318,#1319,#1320,#1321));
#480=CLOSED_SHELL('',(#1322,#1323,#1324,#1325,#1326,#1327));
#481=CLOSED_SHELL('',(#1328,#1329,#1330,#1331,#1332,#1333));
#482=CLOSED_SHELL('',(#1334,#1335,#1336,#1337,#1338,#1339));
#483=CLOSED_SHELL('',(#1340,#1341,#1342,#1343,#1344,#1345));
#485=FACE_OUTER_BOUND('',#1346,.T.);
#486=PLANE('',#1347);
#487=FACE_OUTER_BOUND('',#1348,.T.);
#488=PLANE('',#1349);
#489=FACE_OUTER_BOUND('',#1350,.T.);
#490=PLANE('',#1351);
#491=FACE_OUTER_BOUND('',#1352,.T.);
#492=PLANE('',#1353);
#493=FACE_OUTER_BOUND('',#1354,.T.);
#494=CYLINDRICAL_SURFACE('',#1355,0.100000000000081);
#495=FACE_OUTER_BOUND('',#1356,.T.);
#496=PLANE('',#1357);
#497=FACE_OUTER_BOUND('',#1358,.T.);
#498=PLANE('',#1359);
#499=FACE_OUTER_BOUND('',#1360,.T.);
#500=PLANE('',#1361);
#501=FACE_OUTER_BOUND('',#1362,.T.);
#502=PLANE('',#1363);
#503=FACE_OUTER_BOUND('',#1364,.T.);
#504=PLANE('',#1365);
#505=FACE_OUTER_BOUND('',#1366,.T.);
#506=PLANE('',#1367);
#507=FACE_OUTER_BOUND('',#1368,.T.);
#508=PLANE('',#1369);
#509=FACE_OUTER_BOUND('',#1370,.T.);
#510=CYLINDRICAL_SURFACE('',#1371,0.100000000000081);
#511=FACE_OUTER_BOUND('',#1372,.T.);
#512=PLANE('',#1373);
#513=FACE_OUTER_BOUND('',#1374,.T.);
#514=PLANE('',#1375);
#515=FACE_OUTER_BOUND('',#1376,.T.);
#516=PLANE('',#1377);
#517=FACE_OUTER_BOUND('',#1378,.T.);
#518=CYLINDRICAL_SURFACE('',#1379,0.27499999999992);
#519=FACE_OUTER_BOUND('',#1380,.T.);
#520=PLANE('',#1381);
#521=FACE_OUTER_BOUND('',#1382,.T.);
#522=CYLINDRICAL_SURFACE('',#1383,0.274819420335292);
#523=FACE_OUTER_BOUND('',#1384,.T.);
#524=PLANE('',#1385);
#525=FACE_OUTER_BOUND('',#1386,.T.);
#526=PLANE('',#1387);
#527=FACE_OUTER_BOUND('',#1388,.T.);
#528=PLANE('',#1389);
#529=FACE_OUTER_BOUND('',#1390,.T.);
#530=PLANE('',#1391);
#531=FACE_OUTER_BOUND('',#1392,.T.);
#532=PLANE('',#1393);
#533=FACE_OUTER_BOUND('',#1394,.T.);
#534=PLANE('',#1395);
#535=FACE_OUTER_BOUND('',#1396,.T.);
#536=PLANE('',#1397);
#537=FACE_OUTER_BOUND('',#1398,.T.);
#538=PLANE('',#1399);
#539=FACE_OUTER_BOUND('',#1400,.T.);
#540=CYLINDRICAL_SURFACE('',#1401,0.100000000000081);
#541=FACE_OUTER_BOUND('',#1402,.T.);
#542=PLANE('',#1403);
#543=FACE_OUTER_BOUND('',#1404,.T.);
#544=PLANE('',#1405);
#545=FACE_OUTER_BOUND('',#1406,.T.);
#546=PLANE('',#1407);
#547=FACE_OUTER_BOUND('',#1408,.T.);
#548=PLANE('',#1409);
#549=FACE_OUTER_BOUND('',#1410,.T.);
#550=PLANE('',#1411);
#551=FACE_OUTER_BOUND('',#1412,.T.);
#552=PLANE('',#1413);
#553=FACE_OUTER_BOUND('',#1414,.T.);
#554=PLANE('',#1415);
#555=FACE_OUTER_BOUND('',#1416,.T.);
#556=CYLINDRICAL_SURFACE('',#1417,0.100000000000081);
#557=FACE_OUTER_BOUND('',#1418,.T.);
#558=PLANE('',#1419);
#559=FACE_OUTER_BOUND('',#1420,.T.);
#560=PLANE('',#1421);
#561=FACE_OUTER_BOUND('',#1422,.T.);
#562=PLANE('',#1423);
#563=FACE_OUTER_BOUND('',#1424,.T.);
#564=CYLINDRICAL_SURFACE('',#1425,0.27499999999992);
#565=FACE_OUTER_BOUND('',#1426,.T.);
#566=PLANE('',#1427);
#567=FACE_OUTER_BOUND('',#1428,.T.);
#568=CYLINDRICAL_SURFACE('',#1429,0.274819420335292);
#569=FACE_OUTER_BOUND('',#1430,.T.);
#570=PLANE('',#1431);
#571=FACE_OUTER_BOUND('',#1432,.T.);
#572=PLANE('',#1433);
#573=FACE_OUTER_BOUND('',#1434,.T.);
#574=PLANE('',#1435);
#575=FACE_OUTER_BOUND('',#1436,.T.);
#576=PLANE('',#1437);
#577=FACE_OUTER_BOUND('',#1438,.T.);
#578=PLANE('',#1439);
#579=FACE_OUTER_BOUND('',#1440,.T.);
#580=PLANE('',#1441);
#581=FACE_OUTER_BOUND('',#1442,.T.);
#582=PLANE('',#1443);
#583=FACE_OUTER_BOUND('',#1444,.T.);
#584=CYLINDRICAL_SURFACE('',#1445,0.100000000000081);
#585=FACE_OUTER_BOUND('',#1446,.T.);
#586=PLANE('',#1447);
#587=FACE_OUTER_BOUND('',#1448,.T.);
#588=PLANE('',#1449);
#589=FACE_OUTER_BOUND('',#1450,.T.);
#590=PLANE('',#1451);
#591=FACE_OUTER_BOUND('',#1452,.T.);
#592=PLANE('',#1453);
#593=FACE_OUTER_BOUND('',#1454,.T.);
#594=PLANE('',#1455);
#595=FACE_OUTER_BOUND('',#1456,.T.);
#596=PLANE('',#1457);
#597=FACE_OUTER_BOUND('',#1458,.T.);
#598=PLANE('',#1459);
#599=FACE_OUTER_BOUND('',#1460,.T.);
#600=CYLINDRICAL_SURFACE('',#1461,0.100000000000081);
#601=FACE_OUTER_BOUND('',#1462,.T.);
#602=PLANE('',#1463);
#603=FACE_OUTER_BOUND('',#1464,.T.);
#604=PLANE('',#1465);
#605=FACE_OUTER_BOUND('',#1466,.T.);
#606=PLANE('',#1467);
#607=FACE_OUTER_BOUND('',#1468,.T.);
#608=CYLINDRICAL_SURFACE('',#1469,0.27499999999992);
#609=FACE_OUTER_BOUND('',#1470,.T.);
#610=PLANE('',#1471);
#611=FACE_OUTER_BOUND('',#1472,.T.);
#612=CYLINDRICAL_SURFACE('',#1473,0.274819420335292);
#613=FACE_OUTER_BOUND('',#1474,.T.);
#614=PLANE('',#1475);
#615=FACE_OUTER_BOUND('',#1476,.T.);
#616=PLANE('',#1477);
#617=FACE_OUTER_BOUND('',#1478,.T.);
#618=PLANE('',#1479);
#619=FACE_OUTER_BOUND('',#1480,.T.);
#620=PLANE('',#1481);
#621=FACE_OUTER_BOUND('',#1482,.T.);
#622=PLANE('',#1483);
#623=FACE_OUTER_BOUND('',#1484,.T.);
#624=PLANE('',#1485);
#625=FACE_OUTER_BOUND('',#1486,.T.);
#626=PLANE('',#1487);
#627=FACE_OUTER_BOUND('',#1488,.T.);
#628=CYLINDRICAL_SURFACE('',#1489,0.100000000000081);
#629=FACE_OUTER_BOUND('',#1490,.T.);
#630=PLANE('',#1491);
#631=FACE_OUTER_BOUND('',#1492,.T.);
#632=PLANE('',#1493);
#633=FACE_OUTER_BOUND('',#1494,.T.);
#634=PLANE('',#1495);
#635=FACE_OUTER_BOUND('',#1496,.T.);
#636=PLANE('',#1497);
#637=FACE_OUTER_BOUND('',#1498,.T.);
#638=PLANE('',#1499);
#639=FACE_OUTER_BOUND('',#1500,.T.);
#640=PLANE('',#1501);
#641=FACE_OUTER_BOUND('',#1502,.T.);
#642=PLANE('',#1503);
#643=FACE_OUTER_BOUND('',#1504,.T.);
#644=CYLINDRICAL_SURFACE('',#1505,0.100000000000081);
#645=FACE_OUTER_BOUND('',#1506,.T.);
#646=PLANE('',#1507);
#647=FACE_OUTER_BOUND('',#1508,.T.);
#648=PLANE('',#1509);
#649=FACE_OUTER_BOUND('',#1510,.T.);
#650=PLANE('',#1511);
#651=FACE_OUTER_BOUND('',#1512,.T.);
#652=CYLINDRICAL_SURFACE('',#1513,0.27499999999992);
#653=FACE_OUTER_BOUND('',#1514,.T.);
#654=PLANE('',#1515);
#655=FACE_OUTER_BOUND('',#1516,.T.);
#656=CYLINDRICAL_SURFACE('',#1517,0.274819420335292);
#657=FACE_OUTER_BOUND('',#1518,.T.);
#658=PLANE('',#1519);
#659=FACE_OUTER_BOUND('',#1520,.T.);
#660=PLANE('',#1521);
#661=FACE_OUTER_BOUND('',#1522,.T.);
#662=PLANE('',#1523);
#663=FACE_OUTER_BOUND('',#1524,.T.);
#664=PLANE('',#1525);
#665=FACE_OUTER_BOUND('',#1526,.T.);
#666=PLANE('',#1527);
#667=FACE_OUTER_BOUND('',#1528,.T.);
#668=PLANE('',#1529);
#669=FACE_OUTER_BOUND('',#1530,.T.);
#670=PLANE('',#1531);
#671=FACE_OUTER_BOUND('',#1532,.T.);
#672=CYLINDRICAL_SURFACE('',#1533,0.100000000000081);
#673=FACE_OUTER_BOUND('',#1534,.T.);
#674=PLANE('',#1535);
#675=FACE_OUTER_BOUND('',#1536,.T.);
#676=PLANE('',#1537);
#677=FACE_OUTER_BOUND('',#1538,.T.);
#678=PLANE('',#1539);
#679=FACE_OUTER_BOUND('',#1540,.T.);
#680=PLANE('',#1541);
#681=FACE_OUTER_BOUND('',#1542,.T.);
#682=PLANE('',#1543);
#683=FACE_OUTER_BOUND('',#1544,.T.);
#684=PLANE('',#1545);
#685=FACE_OUTER_BOUND('',#1546,.T.);
#686=PLANE('',#1547);
#687=FACE_OUTER_BOUND('',#1548,.T.);
#688=CYLINDRICAL_SURFACE('',#1549,0.100000000000081);
#689=FACE_OUTER_BOUND('',#1550,.T.);
#690=PLANE('',#1551);
#691=FACE_OUTER_BOUND('',#1552,.T.);
#692=PLANE('',#1553);
#693=FACE_OUTER_BOUND('',#1554,.T.);
#694=PLANE('',#1555);
#695=FACE_OUTER_BOUND('',#1556,.T.);
#696=CYLINDRICAL_SURFACE('',#1557,0.27499999999992);
#697=FACE_OUTER_BOUND('',#1558,.T.);
#698=PLANE('',#1559);
#699=FACE_OUTER_BOUND('',#1560,.T.);
#700=CYLINDRICAL_SURFACE('',#1561,0.274819420335292);
#701=FACE_OUTER_BOUND('',#1562,.T.);
#702=PLANE('',#1563);
#703=FACE_OUTER_BOUND('',#1564,.T.);
#704=PLANE('',#1565);
#705=FACE_OUTER_BOUND('',#1566,.T.);
#706=PLANE('',#1567);
#707=FACE_OUTER_BOUND('',#1568,.T.);
#708=PLANE('',#1569);
#709=FACE_OUTER_BOUND('',#1570,.T.);
#710=PLANE('',#1571);
#711=FACE_OUTER_BOUND('',#1572,.T.);
#712=PLANE('',#1573);
#713=FACE_OUTER_BOUND('',#1574,.T.);
#714=PLANE('',#1575);
#715=FACE_OUTER_BOUND('',#1576,.T.);
#716=CYLINDRICAL_SURFACE('',#1577,0.100000000000081);
#717=FACE_OUTER_BOUND('',#1578,.T.);
#718=PLANE('',#1579);
#719=FACE_OUTER_BOUND('',#1580,.T.);
#720=PLANE('',#1581);
#721=FACE_OUTER_BOUND('',#1582,.T.);
#722=PLANE('',#1583);
#723=FACE_OUTER_BOUND('',#1584,.T.);
#724=PLANE('',#1585);
#725=FACE_OUTER_BOUND('',#1586,.T.);
#726=PLANE('',#1587);
#727=FACE_OUTER_BOUND('',#1588,.T.);
#728=PLANE('',#1589);
#729=FACE_OUTER_BOUND('',#1590,.T.);
#730=PLANE('',#1591);
#731=FACE_OUTER_BOUND('',#1592,.T.);
#732=CYLINDRICAL_SURFACE('',#1593,0.100000000000081);
#733=FACE_OUTER_BOUND('',#1594,.T.);
#734=PLANE('',#1595);
#735=FACE_OUTER_BOUND('',#1596,.T.);
#736=PLANE('',#1597);
#737=FACE_OUTER_BOUND('',#1598,.T.);
#738=PLANE('',#1599);
#739=FACE_OUTER_BOUND('',#1600,.T.);
#740=CYLINDRICAL_SURFACE('',#1601,0.27499999999992);
#741=FACE_OUTER_BOUND('',#1602,.T.);
#742=PLANE('',#1603);
#743=FACE_OUTER_BOUND('',#1604,.T.);
#744=CYLINDRICAL_SURFACE('',#1605,0.274819420335292);
#745=FACE_OUTER_BOUND('',#1606,.T.);
#746=PLANE('',#1607);
#747=FACE_OUTER_BOUND('',#1608,.T.);
#748=PLANE('',#1609);
#749=FACE_OUTER_BOUND('',#1610,.T.);
#750=PLANE('',#1611);
#751=FACE_OUTER_BOUND('',#1612,.T.);
#752=PLANE('',#1613);
#753=FACE_OUTER_BOUND('',#1614,.T.);
#754=PLANE('',#1615);
#755=FACE_OUTER_BOUND('',#1616,.T.);
#756=PLANE('',#1617);
#757=FACE_OUTER_BOUND('',#1618,.T.);
#758=PLANE('',#1619);
#759=FACE_OUTER_BOUND('',#1620,.T.);
#760=CYLINDRICAL_SURFACE('',#1621,0.100000000000081);
#761=FACE_OUTER_BOUND('',#1622,.T.);
#762=PLANE('',#1623);
#763=FACE_OUTER_BOUND('',#1624,.T.);
#764=PLANE('',#1625);
#765=FACE_OUTER_BOUND('',#1626,.T.);
#766=PLANE('',#1627);
#767=FACE_OUTER_BOUND('',#1628,.T.);
#768=PLANE('',#1629);
#769=FACE_OUTER_BOUND('',#1630,.T.);
#770=PLANE('',#1631);
#771=FACE_OUTER_BOUND('',#1632,.T.);
#772=PLANE('',#1633);
#773=FACE_OUTER_BOUND('',#1634,.T.);
#774=PLANE('',#1635);
#775=FACE_OUTER_BOUND('',#1636,.T.);
#776=CYLINDRICAL_SURFACE('',#1637,0.100000000000081);
#777=FACE_OUTER_BOUND('',#1638,.T.);
#778=PLANE('',#1639);
#779=FACE_OUTER_BOUND('',#1640,.T.);
#780=PLANE('',#1641);
#781=FACE_OUTER_BOUND('',#1642,.T.);
#782=PLANE('',#1643);
#783=FACE_OUTER_BOUND('',#1644,.T.);
#784=CYLINDRICAL_SURFACE('',#1645,0.27499999999992);
#785=FACE_OUTER_BOUND('',#1646,.T.);
#786=PLANE('',#1647);
#787=FACE_OUTER_BOUND('',#1648,.T.);
#788=CYLINDRICAL_SURFACE('',#1649,0.274819420335292);
#789=FACE_OUTER_BOUND('',#1650,.T.);
#790=PLANE('',#1651);
#791=FACE_OUTER_BOUND('',#1652,.T.);
#792=PLANE('',#1653);
#793=FACE_OUTER_BOUND('',#1654,.T.);
#794=PLANE('',#1655);
#795=FACE_OUTER_BOUND('',#1656,.T.);
#796=PLANE('',#1657);
#797=FACE_OUTER_BOUND('',#1658,.T.);
#798=PLANE('',#1659);
#799=FACE_OUTER_BOUND('',#1660,.T.);
#800=PLANE('',#1661);
#801=FACE_OUTER_BOUND('',#1662,.T.);
#802=PLANE('',#1663);
#803=FACE_OUTER_BOUND('',#1664,.T.);
#804=PLANE('',#1665);
#805=FACE_OUTER_BOUND('',#1666,.T.);
#806=CYLINDRICAL_SURFACE('',#1667,0.100000000000081);
#807=FACE_OUTER_BOUND('',#1668,.T.);
#808=PLANE('',#1669);
#809=FACE_OUTER_BOUND('',#1670,.T.);
#810=PLANE('',#1671);
#811=FACE_OUTER_BOUND('',#1672,.T.);
#812=PLANE('',#1673);
#813=FACE_OUTER_BOUND('',#1674,.T.);
#814=PLANE('',#1675);
#815=FACE_OUTER_BOUND('',#1676,.T.);
#816=PLANE('',#1677);
#817=FACE_OUTER_BOUND('',#1678,.T.);
#818=PLANE('',#1679);
#819=FACE_OUTER_BOUND('',#1680,.T.);
#820=CYLINDRICAL_SURFACE('',#1681,0.100000000000081);
#821=FACE_OUTER_BOUND('',#1682,.T.);
#822=PLANE('',#1683);
#823=FACE_OUTER_BOUND('',#1684,.T.);
#824=PLANE('',#1685);
#825=FACE_OUTER_BOUND('',#1686,.T.);
#826=PLANE('',#1687);
#827=FACE_OUTER_BOUND('',#1688,.T.);
#828=CYLINDRICAL_SURFACE('',#1689,0.27499999999992);
#829=FACE_OUTER_BOUND('',#1690,.T.);
#830=PLANE('',#1691);
#831=FACE_OUTER_BOUND('',#1692,.T.);
#832=CYLINDRICAL_SURFACE('',#1693,0.274819420335292);
#833=FACE_OUTER_BOUND('',#1694,.T.);
#834=PLANE('',#1695);
#835=FACE_OUTER_BOUND('',#1696,.T.);
#836=PLANE('',#1697);
#837=FACE_OUTER_BOUND('',#1698,.T.);
#838=PLANE('',#1699);
#839=FACE_OUTER_BOUND('',#1700,.T.);
#840=PLANE('',#1701);
#841=FACE_OUTER_BOUND('',#1702,.T.);
#842=PLANE('',#1703);
#843=FACE_OUTER_BOUND('',#1704,.T.);
#844=PLANE('',#1705);
#845=FACE_OUTER_BOUND('',#1706,.T.);
#846=PLANE('',#1707);
#847=FACE_OUTER_BOUND('',#1708,.T.);
#848=PLANE('',#1709);
#849=FACE_OUTER_BOUND('',#1710,.T.);
#850=PLANE('',#1711);
#851=FACE_OUTER_BOUND('',#1712,.T.);
#852=CYLINDRICAL_SURFACE('',#1713,0.100000000000081);
#853=FACE_OUTER_BOUND('',#1714,.T.);
#854=PLANE('',#1715);
#855=FACE_OUTER_BOUND('',#1716,.T.);
#856=PLANE('',#1717);
#857=FACE_OUTER_BOUND('',#1718,.T.);
#858=PLANE('',#1719);
#859=FACE_OUTER_BOUND('',#1720,.T.);
#860=PLANE('',#1721);
#861=FACE_OUTER_BOUND('',#1722,.T.);
#862=PLANE('',#1723);
#863=FACE_OUTER_BOUND('',#1724,.T.);
#864=PLANE('',#1725);
#865=FACE_OUTER_BOUND('',#1726,.T.);
#866=CYLINDRICAL_SURFACE('',#1727,0.100000000000081);
#867=FACE_OUTER_BOUND('',#1728,.T.);
#868=PLANE('',#1729);
#869=FACE_OUTER_BOUND('',#1730,.T.);
#870=PLANE('',#1731);
#871=FACE_OUTER_BOUND('',#1732,.T.);
#872=PLANE('',#1733);
#873=FACE_OUTER_BOUND('',#1734,.T.);
#874=CYLINDRICAL_SURFACE('',#1735,0.27499999999992);
#875=FACE_OUTER_BOUND('',#1736,.T.);
#876=PLANE('',#1737);
#877=FACE_OUTER_BOUND('',#1738,.T.);
#878=CYLINDRICAL_SURFACE('',#1739,0.274819420335292);
#879=FACE_OUTER_BOUND('',#1740,.T.);
#880=PLANE('',#1741);
#881=FACE_OUTER_BOUND('',#1742,.T.);
#882=PLANE('',#1743);
#883=FACE_OUTER_BOUND('',#1744,.T.);
#884=PLANE('',#1745);
#885=FACE_OUTER_BOUND('',#1746,.T.);
#886=PLANE('',#1747);
#887=FACE_OUTER_BOUND('',#1748,.T.);
#888=PLANE('',#1749);
#889=FACE_OUTER_BOUND('',#1750,.T.);
#890=PLANE('',#1751);
#891=FACE_OUTER_BOUND('',#1752,.T.);
#892=PLANE('',#1753);
#893=FACE_OUTER_BOUND('',#1754,.T.);
#894=PLANE('',#1755);
#895=FACE_OUTER_BOUND('',#1756,.T.);
#896=CYLINDRICAL_SURFACE('',#1757,0.100000000000081);
#897=FACE_OUTER_BOUND('',#1758,.T.);
#898=PLANE('',#1759);
#899=FACE_OUTER_BOUND('',#1760,.T.);
#900=PLANE('',#1761);
#901=FACE_OUTER_BOUND('',#1762,.T.);
#902=PLANE('',#1763);
#903=FACE_OUTER_BOUND('',#1764,.T.);
#904=PLANE('',#1765);
#905=FACE_OUTER_BOUND('',#1766,.T.);
#906=PLANE('',#1767);
#907=FACE_OUTER_BOUND('',#1768,.T.);
#908=PLANE('',#1769);
#909=FACE_OUTER_BOUND('',#1770,.T.);
#910=CYLINDRICAL_SURFACE('',#1771,0.100000000000081);
#911=FACE_OUTER_BOUND('',#1772,.T.);
#912=PLANE('',#1773);
#913=FACE_OUTER_BOUND('',#1774,.T.);
#914=PLANE('',#1775);
#915=FACE_OUTER_BOUND('',#1776,.T.);
#916=PLANE('',#1777);
#917=FACE_OUTER_BOUND('',#1778,.T.);
#918=CYLINDRICAL_SURFACE('',#1779,0.27499999999992);
#919=FACE_OUTER_BOUND('',#1780,.T.);
#920=PLANE('',#1781);
#921=FACE_OUTER_BOUND('',#1782,.T.);
#922=CYLINDRICAL_SURFACE('',#1783,0.274819420335292);
#923=FACE_OUTER_BOUND('',#1784,.T.);
#924=PLANE('',#1785);
#925=FACE_OUTER_BOUND('',#1786,.T.);
#926=PLANE('',#1787);
#927=FACE_OUTER_BOUND('',#1788,.T.);
#928=PLANE('',#1789);
#929=FACE_OUTER_BOUND('',#1790,.T.);
#930=PLANE('',#1791);
#931=FACE_OUTER_BOUND('',#1792,.T.);
#932=PLANE('',#1793);
#933=FACE_OUTER_BOUND('',#1794,.T.);
#934=PLANE('',#1795);
#935=FACE_OUTER_BOUND('',#1796,.T.);
#936=PLANE('',#1797);
#937=FACE_OUTER_BOUND('',#1798,.T.);
#938=PLANE('',#1799);
#939=FACE_OUTER_BOUND('',#1800,.T.);
#940=CYLINDRICAL_SURFACE('',#1801,0.100000000000081);
#941=FACE_OUTER_BOUND('',#1802,.T.);
#942=PLANE('',#1803);
#943=FACE_OUTER_BOUND('',#1804,.T.);
#944=PLANE('',#1805);
#945=FACE_OUTER_BOUND('',#1806,.T.);
#946=PLANE('',#1807);
#947=FACE_OUTER_BOUND('',#1808,.T.);
#948=PLANE('',#1809);
#949=FACE_OUTER_BOUND('',#1810,.T.);
#950=PLANE('',#1811);
#951=FACE_OUTER_BOUND('',#1812,.T.);
#952=PLANE('',#1813);
#953=FACE_OUTER_BOUND('',#1814,.T.);
#954=CYLINDRICAL_SURFACE('',#1815,0.100000000000081);
#955=FACE_OUTER_BOUND('',#1816,.T.);
#956=PLANE('',#1817);
#957=FACE_OUTER_BOUND('',#1818,.T.);
#958=PLANE('',#1819);
#959=FACE_OUTER_BOUND('',#1820,.T.);
#960=PLANE('',#1821);
#961=FACE_OUTER_BOUND('',#1822,.T.);
#962=CYLINDRICAL_SURFACE('',#1823,0.27499999999992);
#963=FACE_OUTER_BOUND('',#1824,.T.);
#964=PLANE('',#1825);
#965=FACE_OUTER_BOUND('',#1826,.T.);
#966=CYLINDRICAL_SURFACE('',#1827,0.274819420335292);
#967=FACE_OUTER_BOUND('',#1828,.T.);
#968=PLANE('',#1829);
#969=FACE_OUTER_BOUND('',#1830,.T.);
#970=PLANE('',#1831);
#971=FACE_OUTER_BOUND('',#1832,.T.);
#972=PLANE('',#1833);
#973=FACE_OUTER_BOUND('',#1834,.T.);
#974=PLANE('',#1835);
#975=FACE_OUTER_BOUND('',#1836,.T.);
#976=PLANE('',#1837);
#977=FACE_OUTER_BOUND('',#1838,.T.);
#978=PLANE('',#1839);
#979=FACE_OUTER_BOUND('',#1840,.T.);
#980=PLANE('',#1841);
#981=FACE_OUTER_BOUND('',#1842,.T.);
#982=PLANE('',#1843);
#983=FACE_OUTER_BOUND('',#1844,.T.);
#984=CYLINDRICAL_SURFACE('',#1845,0.100000000000081);
#985=FACE_OUTER_BOUND('',#1846,.T.);
#986=PLANE('',#1847);
#987=FACE_OUTER_BOUND('',#1848,.T.);
#988=PLANE('',#1849);
#989=FACE_OUTER_BOUND('',#1850,.T.);
#990=PLANE('',#1851);
#991=FACE_OUTER_BOUND('',#1852,.T.);
#992=PLANE('',#1853);
#993=FACE_OUTER_BOUND('',#1854,.T.);
#994=PLANE('',#1855);
#995=FACE_OUTER_BOUND('',#1856,.T.);
#996=PLANE('',#1857);
#997=FACE_OUTER_BOUND('',#1858,.T.);
#998=CYLINDRICAL_SURFACE('',#1859,0.100000000000081);
#999=FACE_OUTER_BOUND('',#1860,.T.);
#1000=PLANE('',#1861);
#1001=FACE_OUTER_BOUND('',#1862,.T.);
#1002=PLANE('',#1863);
#1003=FACE_OUTER_BOUND('',#1864,.T.);
#1004=PLANE('',#1865);
#1005=FACE_OUTER_BOUND('',#1866,.T.);
#1006=CYLINDRICAL_SURFACE('',#1867,0.27499999999992);
#1007=FACE_OUTER_BOUND('',#1868,.T.);
#1008=PLANE('',#1869);
#1009=FACE_OUTER_BOUND('',#1870,.T.);
#1010=CYLINDRICAL_SURFACE('',#1871,0.274819420335292);
#1011=FACE_OUTER_BOUND('',#1872,.T.);
#1012=PLANE('',#1873);
#1013=FACE_OUTER_BOUND('',#1874,.T.);
#1014=PLANE('',#1875);
#1015=FACE_OUTER_BOUND('',#1876,.T.);
#1016=PLANE('',#1877);
#1017=FACE_OUTER_BOUND('',#1878,.T.);
#1018=PLANE('',#1879);
#1019=FACE_OUTER_BOUND('',#1880,.T.);
#1020=PLANE('',#1881);
#1021=FACE_OUTER_BOUND('',#1882,.T.);
#1022=PLANE('',#1883);
#1023=FACE_OUTER_BOUND('',#1884,.T.);
#1024=PLANE('',#1885);
#1025=FACE_OUTER_BOUND('',#1886,.T.);
#1026=PLANE('',#1887);
#1027=FACE_OUTER_BOUND('',#1888,.T.);
#1028=CYLINDRICAL_SURFACE('',#1889,0.100000000000081);
#1029=FACE_OUTER_BOUND('',#1890,.T.);
#1030=PLANE('',#1891);
#1031=FACE_OUTER_BOUND('',#1892,.T.);
#1032=PLANE('',#1893);
#1033=FACE_OUTER_BOUND('',#1894,.T.);
#1034=PLANE('',#1895);
#1035=FACE_OUTER_BOUND('',#1896,.T.);
#1036=PLANE('',#1897);
#1037=FACE_OUTER_BOUND('',#1898,.T.);
#1038=PLANE('',#1899);
#1039=FACE_OUTER_BOUND('',#1900,.T.);
#1040=PLANE('',#1901);
#1041=FACE_OUTER_BOUND('',#1902,.T.);
#1042=CYLINDRICAL_SURFACE('',#1903,0.100000000000081);
#1043=FACE_OUTER_BOUND('',#1904,.T.);
#1044=PLANE('',#1905);
#1045=FACE_OUTER_BOUND('',#1906,.T.);
#1046=PLANE('',#1907);
#1047=FACE_OUTER_BOUND('',#1908,.T.);
#1048=PLANE('',#1909);
#1049=FACE_OUTER_BOUND('',#1910,.T.);
#1050=CYLINDRICAL_SURFACE('',#1911,0.27499999999992);
#1051=FACE_OUTER_BOUND('',#1912,.T.);
#1052=PLANE('',#1913);
#1053=FACE_OUTER_BOUND('',#1914,.T.);
#1054=CYLINDRICAL_SURFACE('',#1915,0.274819420335292);
#1055=FACE_OUTER_BOUND('',#1916,.T.);
#1056=PLANE('',#1917);
#1057=FACE_OUTER_BOUND('',#1918,.T.);
#1058=PLANE('',#1919);
#1059=FACE_OUTER_BOUND('',#1920,.T.);
#1060=PLANE('',#1921);
#1061=FACE_OUTER_BOUND('',#1922,.T.);
#1062=PLANE('',#1923);
#1063=FACE_OUTER_BOUND('',#1924,.T.);
#1064=PLANE('',#1925);
#1065=FACE_OUTER_BOUND('',#1926,.T.);
#1066=PLANE('',#1927);
#1067=FACE_OUTER_BOUND('',#1928,.T.);
#1068=PLANE('',#1929);
#1069=FACE_OUTER_BOUND('',#1930,.T.);
#1070=PLANE('',#1931);
#1071=FACE_OUTER_BOUND('',#1932,.T.);
#1072=CYLINDRICAL_SURFACE('',#1933,0.100000000000081);
#1073=FACE_OUTER_BOUND('',#1934,.T.);
#1074=PLANE('',#1935);
#1075=FACE_OUTER_BOUND('',#1936,.T.);
#1076=PLANE('',#1937);
#1077=FACE_OUTER_BOUND('',#1938,.T.);
#1078=PLANE('',#1939);
#1079=FACE_OUTER_BOUND('',#1940,.T.);
#1080=PLANE('',#1941);
#1081=FACE_OUTER_BOUND('',#1942,.T.);
#1082=PLANE('',#1943);
#1083=FACE_OUTER_BOUND('',#1944,.T.);
#1084=PLANE('',#1945);
#1085=FACE_OUTER_BOUND('',#1946,.T.);
#1086=CYLINDRICAL_SURFACE('',#1947,0.100000000000081);
#1087=FACE_OUTER_BOUND('',#1948,.T.);
#1088=PLANE('',#1949);
#1089=FACE_OUTER_BOUND('',#1950,.T.);
#1090=PLANE('',#1951);
#1091=FACE_OUTER_BOUND('',#1952,.T.);
#1092=PLANE('',#1953);
#1093=FACE_OUTER_BOUND('',#1954,.T.);
#1094=CYLINDRICAL_SURFACE('',#1955,0.27499999999992);
#1095=FACE_OUTER_BOUND('',#1956,.T.);
#1096=PLANE('',#1957);
#1097=FACE_OUTER_BOUND('',#1958,.T.);
#1098=CYLINDRICAL_SURFACE('',#1959,0.274819420335292);
#1099=FACE_OUTER_BOUND('',#1960,.T.);
#1100=PLANE('',#1961);
#1101=FACE_OUTER_BOUND('',#1962,.T.);
#1102=PLANE('',#1963);
#1103=FACE_OUTER_BOUND('',#1964,.T.);
#1104=PLANE('',#1965);
#1105=FACE_OUTER_BOUND('',#1966,.T.);
#1106=PLANE('',#1967);
#1107=FACE_OUTER_BOUND('',#1968,.T.);
#1108=PLANE('',#1969);
#1109=FACE_OUTER_BOUND('',#1970,.T.);
#1110=PLANE('',#1971);
#1111=FACE_OUTER_BOUND('',#1972,.T.);
#1112=PLANE('',#1973);
#1113=FACE_OUTER_BOUND('',#1974,.T.);
#1114=PLANE('',#1975);
#1115=FACE_OUTER_BOUND('',#1976,.T.);
#1116=PLANE('',#1977);
#1117=FACE_OUTER_BOUND('',#1978,.T.);
#1118=PLANE('',#1979);
#1119=FACE_OUTER_BOUND('',#1980,.T.);
#1120=PLANE('',#1981);
#1121=FACE_OUTER_BOUND('',#1982,.T.);
#1122=PLANE('',#1983);
#1123=FACE_OUTER_BOUND('',#1984,.T.);
#1124=PLANE('',#1985);
#1125=FACE_OUTER_BOUND('',#1986,.T.);
#1126=PLANE('',#1987);
#1127=FACE_OUTER_BOUND('',#1988,.T.);
#1128=PLANE('',#1989);
#1129=FACE_OUTER_BOUND('',#1990,.T.);
#1130=PLANE('',#1991);
#1131=FACE_OUTER_BOUND('',#1992,.T.);
#1132=PLANE('',#1993);
#1133=FACE_OUTER_BOUND('',#1994,.T.);
#1134=PLANE('',#1995);
#1135=FACE_OUTER_BOUND('',#1996,.T.);
#1136=PLANE('',#1997);
#1137=FACE_OUTER_BOUND('',#1998,.T.);
#1138=PLANE('',#1999);
#1139=FACE_OUTER_BOUND('',#2000,.T.);
#1140=PLANE('',#2001);
#1141=FACE_OUTER_BOUND('',#2002,.T.);
#1142=PLANE('',#2003);
#1143=FACE_OUTER_BOUND('',#2004,.T.);
#1144=PLANE('',#2005);
#1145=FACE_OUTER_BOUND('',#2006,.T.);
#1146=PLANE('',#2007);
#1147=FACE_OUTER_BOUND('',#2008,.T.);
#1148=PLANE('',#2009);
#1149=FACE_OUTER_BOUND('',#2010,.T.);
#1150=PLANE('',#2011);
#1151=FACE_OUTER_BOUND('',#2012,.T.);
#1152=PLANE('',#2013);
#1153=FACE_OUTER_BOUND('',#2014,.T.);
#1154=PLANE('',#2015);
#1155=FACE_OUTER_BOUND('',#2016,.T.);
#1156=PLANE('',#2017);
#1157=FACE_OUTER_BOUND('',#2018,.T.);
#1158=PLANE('',#2019);
#1159=FACE_OUTER_BOUND('',#2020,.T.);
#1160=PLANE('',#2021);
#1161=FACE_OUTER_BOUND('',#2022,.T.);
#1162=PLANE('',#2023);
#1163=FACE_OUTER_BOUND('',#2024,.T.);
#1164=PLANE('',#2025);
#1165=FACE_OUTER_BOUND('',#2026,.T.);
#1166=PLANE('',#2027);
#1167=FACE_OUTER_BOUND('',#2028,.T.);
#1168=PLANE('',#2029);
#1169=FACE_OUTER_BOUND('',#2030,.T.);
#1170=PLANE('',#2031);
#1171=FACE_OUTER_BOUND('',#2032,.T.);
#1172=PLANE('',#2033);
#1173=FACE_OUTER_BOUND('',#2034,.T.);
#1174=PLANE('',#2035);
#1175=FACE_OUTER_BOUND('',#2036,.T.);
#1176=PLANE('',#2037);
#1177=FACE_OUTER_BOUND('',#2038,.T.);
#1178=PLANE('',#2039);
#1179=FACE_OUTER_BOUND('',#2040,.T.);
#1180=PLANE('',#2041);
#1181=FACE_OUTER_BOUND('',#2042,.T.);
#1182=PLANE('',#2043);
#1183=FACE_OUTER_BOUND('',#2044,.T.);
#1184=PLANE('',#2045);
#1185=FACE_OUTER_BOUND('',#2046,.T.);
#1186=PLANE('',#2047);
#1187=FACE_OUTER_BOUND('',#2048,.T.);
#1188=PLANE('',#2049);
#1189=FACE_OUTER_BOUND('',#2050,.T.);
#1190=CYLINDRICAL_SURFACE('',#2051,1.0);
#1191=FACE_OUTER_BOUND('',#2052,.T.);
#1192=PLANE('',#2053);
#1193=FACE_OUTER_BOUND('',#2054,.T.);
#1194=PLANE('',#2055);
#1195=FACE_OUTER_BOUND('',#2056,.T.);
#1196=PLANE('',#2057);
#1197=FACE_OUTER_BOUND('',#2058,.T.);
#1198=PLANE('',#2059);
#1199=FACE_OUTER_BOUND('',#2060,.T.);
#1200=PLANE('',#2061);
#1201=FACE_OUTER_BOUND('',#2062,.T.);
#1202=PLANE('',#2063);
#1203=FACE_OUTER_BOUND('',#2064,.T.);
#1204=PLANE('',#2065);
#1205=FACE_OUTER_BOUND('',#2066,.T.);
#1206=PLANE('',#2067);
#1207=FACE_OUTER_BOUND('',#2068,.T.);
#1208=PLANE('',#2069);
#1209=FACE_OUTER_BOUND('',#2070,.T.);
#1210=PLANE('',#2071);
#1211=FACE_OUTER_BOUND('',#2072,.T.);
#1212=PLANE('',#2073);
#1213=FACE_OUTER_BOUND('',#2074,.T.);
#1214=PLANE('',#2075);
#1215=FACE_BOUND('',#2076,.T.);
#1216=FACE_BOUND('',#2077,.T.);
#1217=FACE_BOUND('',#2078,.T.);
#1218=FACE_BOUND('',#2079,.T.);
#1219=FACE_BOUND('',#2080,.T.);
#1220=FACE_BOUND('',#2081,.T.);
#1221=FACE_BOUND('',#2082,.T.);
#1222=FACE_OUTER_BOUND('',#2083,.T.);
#1223=PLANE('',#2084);
#1224=FACE_OUTER_BOUND('',#2085,.T.);
#1225=PLANE('',#2086);
#1226=FACE_OUTER_BOUND('',#2087,.T.);
#1227=PLANE('',#2088);
#1228=FACE_OUTER_BOUND('',#2089,.T.);
#1229=FACE_BOUND('',#2090,.T.);
#1230=PLANE('',#2091);
#1231=FACE_OUTER_BOUND('',#2092,.T.);
#1232=PLANE('',#2093);
#1233=FACE_OUTER_BOUND('',#2094,.T.);
#1234=PLANE('',#2095);
#1235=FACE_BOUND('',#2096,.T.);
#1236=FACE_BOUND('',#2097,.T.);
#1237=FACE_BOUND('',#2098,.T.);
#1238=FACE_BOUND('',#2099,.T.);
#1239=FACE_BOUND('',#2100,.T.);
#1240=FACE_BOUND('',#2101,.T.);
#1241=FACE_BOUND('',#2102,.T.);
#1242=FACE_OUTER_BOUND('',#2103,.T.);
#1243=PLANE('',#2104);
#1244=FACE_OUTER_BOUND('',#2105,.T.);
#1245=PLANE('',#2106);
#1246=FACE_OUTER_BOUND('',#2107,.T.);
#1247=PLANE('',#2108);
#1248=FACE_OUTER_BOUND('',#2109,.T.);
#1249=PLANE('',#2110);
#1250=FACE_OUTER_BOUND('',#2111,.T.);
#1251=PLANE('',#2112);
#1252=FACE_OUTER_BOUND('',#2113,.T.);
#1253=PLANE('',#2114);
#1254=FACE_OUTER_BOUND('',#2115,.T.);
#1255=PLANE('',#2116);
#1256=FACE_OUTER_BOUND('',#2117,.T.);
#1257=PLANE('',#2118);
#1258=FACE_OUTER_BOUND('',#2119,.T.);
#1259=PLANE('',#2120);
#1260=FACE_OUTER_BOUND('',#2121,.T.);
#1261=PLANE('',#2122);
#1262=ADVANCED_FACE('',(#2123),#2124,.T.);
#1263=ADVANCED_FACE('',(#2125),#2126,.F.);
#1264=ADVANCED_FACE('',(#2127),#2128,.T.);
#1265=ADVANCED_FACE('',(#2129),#2130,.T.);
#1266=ADVANCED_FACE('',(#2131),#2132,.T.);
#1267=ADVANCED_FACE('',(#2133),#2134,.T.);
#1268=ADVANCED_FACE('',(#2135),#2136,.T.);
#1269=ADVANCED_FACE('',(#2137),#2138,.F.);
#1270=ADVANCED_FACE('',(#2139),#2140,.T.);
#1271=ADVANCED_FACE('',(#2141),#2142,.T.);
#1272=ADVANCED_FACE('',(#2143),#2144,.T.);
#1273=ADVANCED_FACE('',(#2145),#2146,.T.);
#1274=ADVANCED_FACE('',(#2147),#2148,.T.);
#1275=ADVANCED_FACE('',(#2149),#2150,.F.);
#1276=ADVANCED_FACE('',(#2151),#2152,.T.);
#1277=ADVANCED_FACE('',(#2153),#2154,.T.);
#1278=ADVANCED_FACE('',(#2155),#2156,.T.);
#1279=ADVANCED_FACE('',(#2157),#2158,.T.);
#1280=ADVANCED_FACE('',(#2159),#2160,.T.);
#1281=ADVANCED_FACE('',(#2161),#2162,.T.);
#1282=ADVANCED_FACE('',(#2163),#2164,.T.);
#1283=ADVANCED_FACE('',(#2165),#2166,.F.);
#1284=ADVANCED_FACE('',(#2167),#2168,.T.);
#1285=ADVANCED_FACE('',(#2169),#2170,.T.);
#1286=ADVANCED_FACE('',(#2171),#2172,.T.);
#1287=ADVANCED_FACE('',(#2173),#2174,.T.);
#1288=ADVANCED_FACE('',(#2175),#2176,.T.);
#1289=ADVANCED_FACE('',(#2177),#2178,.F.);
#1290=ADVANCED_FACE('',(#2179),#2180,.T.);
#1291=ADVANCED_FACE('',(#2181),#2182,.T.);
#1292=ADVANCED_FACE('',(#2183),#2184,.T.);
#1293=ADVANCED_FACE('',(#2185),#2186,.T.);
#1294=ADVANCED_FACE('',(#2187),#2188,.T.);
#1295=ADVANCED_FACE('',(#2189),#2190,.F.);
#1296=ADVANCED_FACE('',(#2191),#2192,.T.);
#1297=ADVANCED_FACE('',(#2193),#2194,.T.);
#1298=ADVANCED_FACE('',(#2195),#2196,.T.);
#1299=ADVANCED_FACE('',(#2197),#2198,.T.);
#1300=ADVANCED_FACE('',(#2199),#2200,.T.);
#1301=ADVANCED_FACE('',(#2201),#2202,.F.);
#1302=ADVANCED_FACE('',(#2203),#2204,.T.);
#1303=ADVANCED_FACE('',(#2205),#2206,.T.);
#1304=ADVANCED_FACE('',(#2207),#2208,.T.);
#1305=ADVANCED_FACE('',(#2209),#2210,.T.);
#1306=ADVANCED_FACE('',(#2211),#2212,.T.);
#1307=ADVANCED_FACE('',(#2213),#2214,.F.);
#1308=ADVANCED_FACE('',(#2215),#2216,.T.);
#1309=ADVANCED_FACE('',(#2217),#2218,.T.);
#1310=ADVANCED_FACE('',(#2219),#2220,.T.);
#1311=ADVANCED_FACE('',(#2221),#2222,.T.);
#1312=ADVANCED_FACE('',(#2223),#2224,.T.);
#1313=ADVANCED_FACE('',(#2225),#2226,.F.);
#1314=ADVANCED_FACE('',(#2227),#2228,.T.);
#1315=ADVANCED_FACE('',(#2229),#2230,.T.);
#1316=ADVANCED_FACE('',(#2231),#2232,.T.);
#1317=ADVANCED_FACE('',(#2233),#2234,.T.);
#1318=ADVANCED_FACE('',(#2235),#2236,.T.);
#1319=ADVANCED_FACE('',(#2237),#2238,.F.);
#1320=ADVANCED_FACE('',(#2239),#2240,.T.);
#1321=ADVANCED_FACE('',(#2241),#2242,.T.);
#1322=ADVANCED_FACE('',(#2243),#2244,.T.);
#1323=ADVANCED_FACE('',(#2245),#2246,.F.);
#1324=ADVANCED_FACE('',(#2247),#2248,.T.);
#1325=ADVANCED_FACE('',(#2249),#2250,.T.);
#1326=ADVANCED_FACE('',(#2251),#2252,.T.);
#1327=ADVANCED_FACE('',(#2253),#2254,.T.);
#1328=ADVANCED_FACE('',(#2255),#2256,.T.);
#1329=ADVANCED_FACE('',(#2257),#2258,.F.);
#1330=ADVANCED_FACE('',(#2259),#2260,.T.);
#1331=ADVANCED_FACE('',(#2261),#2262,.T.);
#1332=ADVANCED_FACE('',(#2263),#2264,.T.);
#1333=ADVANCED_FACE('',(#2265),#2266,.T.);
#1334=ADVANCED_FACE('',(#2267),#2268,.T.);
#1335=ADVANCED_FACE('',(#2269),#2270,.F.);
#1336=ADVANCED_FACE('',(#2271),#2272,.T.);
#1337=ADVANCED_FACE('',(#2273),#2274,.T.);
#1338=ADVANCED_FACE('',(#2275),#2276,.T.);
#1339=ADVANCED_FACE('',(#2277),#2278,.T.);
#1340=ADVANCED_FACE('',(#2279),#2280,.T.);
#1341=ADVANCED_FACE('',(#2281),#2282,.F.);
#1342=ADVANCED_FACE('',(#2283),#2284,.T.);
#1343=ADVANCED_FACE('',(#2285),#2286,.T.);
#1344=ADVANCED_FACE('',(#2287),#2288,.T.);
#1345=ADVANCED_FACE('',(#2289),#2290,.T.);
#1346=EDGE_LOOP('',(#2291,#2292,#2293,#2294));
#1347=AXIS2_PLACEMENT_3D('',#2295,#2296,#2297);
#1348=EDGE_LOOP('',(#2298,#2299,#2300,#2301));
#1349=AXIS2_PLACEMENT_3D('',#2302,#2303,#2304);
#1350=EDGE_LOOP('',(#2305,#2306,#2307,#2308,#2309,#2310,#2311,#2312));
#1351=AXIS2_PLACEMENT_3D('',#2313,#2314,#2315);
#1352=EDGE_LOOP('',(#2316,#2317,#2318,#2319));
#1353=AXIS2_PLACEMENT_3D('',#2320,#2321,#2322);
#1354=EDGE_LOOP('',(#2323,#2324,#2325,#2326));
#1355=AXIS2_PLACEMENT_3D('',#2327,#2328,#2329);
#1356=EDGE_LOOP('',(#2330,#2331,#2332,#2333));
#1357=AXIS2_PLACEMENT_3D('',#2334,#2335,#2336);
#1358=EDGE_LOOP('',(#2337,#2338,#2339,#2340));
#1359=AXIS2_PLACEMENT_3D('',#2341,#2342,#2343);
#1360=EDGE_LOOP('',(#2344,#2345,#2346,#2347));
#1361=AXIS2_PLACEMENT_3D('',#2348,#2349,#2350);
#1362=EDGE_LOOP('',(#2351,#2352,#2353,#2354,#2355));
#1363=AXIS2_PLACEMENT_3D('',#2356,#2357,#2358);
#1364=EDGE_LOOP('',(#2359,#2360,#2361,#2362));
#1365=AXIS2_PLACEMENT_3D('',#2363,#2364,#2365);
#1366=EDGE_LOOP('',(#2366,#2367,#2368,#2369,#2370));
#1367=AXIS2_PLACEMENT_3D('',#2371,#2372,#2373);
#1368=EDGE_LOOP('',(#2374,#2375,#2376,#2377));
#1369=AXIS2_PLACEMENT_3D('',#2378,#2379,#2380);
#1370=EDGE_LOOP('',(#2381,#2382,#2383,#2384));
#1371=AXIS2_PLACEMENT_3D('',#2385,#2386,#2387);
#1372=EDGE_LOOP('',(#2388,#2389,#2390,#2391));
#1373=AXIS2_PLACEMENT_3D('',#2392,#2393,#2394);
#1374=EDGE_LOOP('',(#2395,#2396,#2397,#2398,#2399,#2400,#2401,#2402));
#1375=AXIS2_PLACEMENT_3D('',#2403,#2404,#2405);
#1376=EDGE_LOOP('',(#2406,#2407,#2408,#2409,#2410,#2411,#2412,#2413));
#1377=AXIS2_PLACEMENT_3D('',#2414,#2415,#2416);
#1378=EDGE_LOOP('',(#2417,#2418,#2419,#2420));
#1379=AXIS2_PLACEMENT_3D('',#2421,#2422,#2423);
#1380=EDGE_LOOP('',(#2424,#2425,#2426,#2427));
#1381=AXIS2_PLACEMENT_3D('',#2428,#2429,#2430);
#1382=EDGE_LOOP('',(#2431,#2432,#2433,#2434));
#1383=AXIS2_PLACEMENT_3D('',#2435,#2436,#2437);
#1384=EDGE_LOOP('',(#2438,#2439,#2440,#2441));
#1385=AXIS2_PLACEMENT_3D('',#2442,#2443,#2444);
#1386=EDGE_LOOP('',(#2445,#2446,#2447,#2448));
#1387=AXIS2_PLACEMENT_3D('',#2449,#2450,#2451);
#1388=EDGE_LOOP('',(#2452,#2453,#2454,#2455,#2456,#2457,#2458,#2459,#2460,#2461,#2462,#2463,#2464,#2465,#2466,#2467,#2468,#2469,#2470,#2471,#2472,#2473,#2474,#2475,#2476,#2477,#2478,#2479,#2480,#2481,#2482,#2483,#2484,#2485,#2486,#2487,#2488,#2489,#2490,#2491,#2492,#2493,#2494,#2495,#2496,#2497));
#1389=AXIS2_PLACEMENT_3D('',#2498,#2499,#2500);
#1390=EDGE_LOOP('',(#2501,#2502,#2503,#2504,#2505,#2506,#2507,#2508,#2509));
#1391=AXIS2_PLACEMENT_3D('',#2510,#2511,#2512);
#1392=EDGE_LOOP('',(#2513,#2514,#2515,#2516));
#1393=AXIS2_PLACEMENT_3D('',#2517,#2518,#2519);
#1394=EDGE_LOOP('',(#2520,#2521,#2522,#2523));
#1395=AXIS2_PLACEMENT_3D('',#2524,#2525,#2526);
#1396=EDGE_LOOP('',(#2527,#2528,#2529,#2530,#2531,#2532,#2533,#2534));
#1397=AXIS2_PLACEMENT_3D('',#2535,#2536,#2537);
#1398=EDGE_LOOP('',(#2538,#2539,#2540,#2541));
#1399=AXIS2_PLACEMENT_3D('',#2542,#2543,#2544);
#1400=EDGE_LOOP('',(#2545,#2546,#2547,#2548));
#1401=AXIS2_PLACEMENT_3D('',#2549,#2550,#2551);
#1402=EDGE_LOOP('',(#2552,#2553,#2554,#2555));
#1403=AXIS2_PLACEMENT_3D('',#2556,#2557,#2558);
#1404=EDGE_LOOP('',(#2559,#2560,#2561,#2562));
#1405=AXIS2_PLACEMENT_3D('',#2563,#2564,#2565);
#1406=EDGE_LOOP('',(#2566,#2567,#2568,#2569));
#1407=AXIS2_PLACEMENT_3D('',#2570,#2571,#2572);
#1408=EDGE_LOOP('',(#2573,#2574,#2575,#2576,#2577));
#1409=AXIS2_PLACEMENT_3D('',#2578,#2579,#2580);
#1410=EDGE_LOOP('',(#2581,#2582,#2583,#2584));
#1411=AXIS2_PLACEMENT_3D('',#2585,#2586,#2587);
#1412=EDGE_LOOP('',(#2588,#2589,#2590,#2591,#2592));
#1413=AXIS2_PLACEMENT_3D('',#2593,#2594,#2595);
#1414=EDGE_LOOP('',(#2596,#2597,#2598,#2599));
#1415=AXIS2_PLACEMENT_3D('',#2600,#2601,#2602);
#1416=EDGE_LOOP('',(#2603,#2604,#2605,#2606));
#1417=AXIS2_PLACEMENT_3D('',#2607,#2608,#2609);
#1418=EDGE_LOOP('',(#2610,#2611,#2612,#2613));
#1419=AXIS2_PLACEMENT_3D('',#2614,#2615,#2616);
#1420=EDGE_LOOP('',(#2617,#2618,#2619,#2620,#2621,#2622,#2623,#2624));
#1421=AXIS2_PLACEMENT_3D('',#2625,#2626,#2627);
#1422=EDGE_LOOP('',(#2628,#2629,#2630,#2631,#2632,#2633,#2634,#2635));
#1423=AXIS2_PLACEMENT_3D('',#2636,#2637,#2638);
#1424=EDGE_LOOP('',(#2639,#2640,#2641,#2642));
#1425=AXIS2_PLACEMENT_3D('',#2643,#2644,#2645);
#1426=EDGE_LOOP('',(#2646,#2647,#2648,#2649));
#1427=AXIS2_PLACEMENT_3D('',#2650,#2651,#2652);
#1428=EDGE_LOOP('',(#2653,#2654,#2655,#2656));
#1429=AXIS2_PLACEMENT_3D('',#2657,#2658,#2659);
#1430=EDGE_LOOP('',(#2660,#2661,#2662,#2663));
#1431=AXIS2_PLACEMENT_3D('',#2664,#2665,#2666);
#1432=EDGE_LOOP('',(#2667,#2668,#2669,#2670));
#1433=AXIS2_PLACEMENT_3D('',#2671,#2672,#2673);
#1434=EDGE_LOOP('',(#2674,#2675,#2676,#2677,#2678,#2679,#2680,#2681,#2682));
#1435=AXIS2_PLACEMENT_3D('',#2683,#2684,#2685);
#1436=EDGE_LOOP('',(#2686,#2687,#2688,#2689));
#1437=AXIS2_PLACEMENT_3D('',#2690,#2691,#2692);
#1438=EDGE_LOOP('',(#2693,#2694,#2695,#2696));
#1439=AXIS2_PLACEMENT_3D('',#2697,#2698,#2699);
#1440=EDGE_LOOP('',(#2700,#2701,#2702,#2703,#2704,#2705,#2706,#2707));
#1441=AXIS2_PLACEMENT_3D('',#2708,#2709,#2710);
#1442=EDGE_LOOP('',(#2711,#2712,#2713,#2714));
#1443=AXIS2_PLACEMENT_3D('',#2715,#2716,#2717);
#1444=EDGE_LOOP('',(#2718,#2719,#2720,#2721));
#1445=AXIS2_PLACEMENT_3D('',#2722,#2723,#2724);
#1446=EDGE_LOOP('',(#2725,#2726,#2727,#2728));
#1447=AXIS2_PLACEMENT_3D('',#2729,#2730,#2731);
#1448=EDGE_LOOP('',(#2732,#2733,#2734,#2735));
#1449=AXIS2_PLACEMENT_3D('',#2736,#2737,#2738);
#1450=EDGE_LOOP('',(#2739,#2740,#2741,#2742));
#1451=AXIS2_PLACEMENT_3D('',#2743,#2744,#2745);
#1452=EDGE_LOOP('',(#2746,#2747,#2748,#2749,#2750));
#1453=AXIS2_PLACEMENT_3D('',#2751,#2752,#2753);
#1454=EDGE_LOOP('',(#2754,#2755,#2756,#2757));
#1455=AXIS2_PLACEMENT_3D('',#2758,#2759,#2760);
#1456=EDGE_LOOP('',(#2761,#2762,#2763,#2764,#2765));
#1457=AXIS2_PLACEMENT_3D('',#2766,#2767,#2768);
#1458=EDGE_LOOP('',(#2769,#2770,#2771,#2772));
#1459=AXIS2_PLACEMENT_3D('',#2773,#2774,#2775);
#1460=EDGE_LOOP('',(#2776,#2777,#2778,#2779));
#1461=AXIS2_PLACEMENT_3D('',#2780,#2781,#2782);
#1462=EDGE_LOOP('',(#2783,#2784,#2785,#2786));
#1463=AXIS2_PLACEMENT_3D('',#2787,#2788,#2789);
#1464=EDGE_LOOP('',(#2790,#2791,#2792,#2793,#2794,#2795,#2796,#2797));
#1465=AXIS2_PLACEMENT_3D('',#2798,#2799,#2800);
#1466=EDGE_LOOP('',(#2801,#2802,#2803,#2804,#2805,#2806,#2807,#2808));
#1467=AXIS2_PLACEMENT_3D('',#2809,#2810,#2811);
#1468=EDGE_LOOP('',(#2812,#2813,#2814,#2815));
#1469=AXIS2_PLACEMENT_3D('',#2816,#2817,#2818);
#1470=EDGE_LOOP('',(#2819,#2820,#2821,#2822));
#1471=AXIS2_PLACEMENT_3D('',#2823,#2824,#2825);
#1472=EDGE_LOOP('',(#2826,#2827,#2828,#2829));
#1473=AXIS2_PLACEMENT_3D('',#2830,#2831,#2832);
#1474=EDGE_LOOP('',(#2833,#2834,#2835,#2836));
#1475=AXIS2_PLACEMENT_3D('',#2837,#2838,#2839);
#1476=EDGE_LOOP('',(#2840,#2841,#2842,#2843));
#1477=AXIS2_PLACEMENT_3D('',#2844,#2845,#2846);
#1478=EDGE_LOOP('',(#2847,#2848,#2849,#2850,#2851,#2852,#2853,#2854,#2855));
#1479=AXIS2_PLACEMENT_3D('',#2856,#2857,#2858);
#1480=EDGE_LOOP('',(#2859,#2860,#2861,#2862));
#1481=AXIS2_PLACEMENT_3D('',#2863,#2864,#2865);
#1482=EDGE_LOOP('',(#2866,#2867,#2868,#2869));
#1483=AXIS2_PLACEMENT_3D('',#2870,#2871,#2872);
#1484=EDGE_LOOP('',(#2873,#2874,#2875,#2876,#2877,#2878,#2879,#2880));
#1485=AXIS2_PLACEMENT_3D('',#2881,#2882,#2883);
#1486=EDGE_LOOP('',(#2884,#2885,#2886,#2887));
#1487=AXIS2_PLACEMENT_3D('',#2888,#2889,#2890);
#1488=EDGE_LOOP('',(#2891,#2892,#2893,#2894));
#1489=AXIS2_PLACEMENT_3D('',#2895,#2896,#2897);
#1490=EDGE_LOOP('',(#2898,#2899,#2900,#2901));
#1491=AXIS2_PLACEMENT_3D('',#2902,#2903,#2904);
#1492=EDGE_LOOP('',(#2905,#2906,#2907,#2908));
#1493=AXIS2_PLACEMENT_3D('',#2909,#2910,#2911);
#1494=EDGE_LOOP('',(#2912,#2913,#2914,#2915));
#1495=AXIS2_PLACEMENT_3D('',#2916,#2917,#2918);
#1496=EDGE_LOOP('',(#2919,#2920,#2921,#2922,#2923));
#1497=AXIS2_PLACEMENT_3D('',#2924,#2925,#2926);
#1498=EDGE_LOOP('',(#2927,#2928,#2929,#2930));
#1499=AXIS2_PLACEMENT_3D('',#2931,#2932,#2933);
#1500=EDGE_LOOP('',(#2934,#2935,#2936,#2937,#2938));
#1501=AXIS2_PLACEMENT_3D('',#2939,#2940,#2941);
#1502=EDGE_LOOP('',(#2942,#2943,#2944,#2945));
#1503=AXIS2_PLACEMENT_3D('',#2946,#2947,#2948);
#1504=EDGE_LOOP('',(#2949,#2950,#2951,#2952));
#1505=AXIS2_PLACEMENT_3D('',#2953,#2954,#2955);
#1506=EDGE_LOOP('',(#2956,#2957,#2958,#2959));
#1507=AXIS2_PLACEMENT_3D('',#2960,#2961,#2962);
#1508=EDGE_LOOP('',(#2963,#2964,#2965,#2966,#2967,#2968,#2969,#2970));
#1509=AXIS2_PLACEMENT_3D('',#2971,#2972,#2973);
#1510=EDGE_LOOP('',(#2974,#2975,#2976,#2977,#2978,#2979,#2980,#2981));
#1511=AXIS2_PLACEMENT_3D('',#2982,#2983,#2984);
#1512=EDGE_LOOP('',(#2985,#2986,#2987,#2988));
#1513=AXIS2_PLACEMENT_3D('',#2989,#2990,#2991);
#1514=EDGE_LOOP('',(#2992,#2993,#2994,#2995));
#1515=AXIS2_PLACEMENT_3D('',#2996,#2997,#2998);
#1516=EDGE_LOOP('',(#2999,#3000,#3001,#3002));
#1517=AXIS2_PLACEMENT_3D('',#3003,#3004,#3005);
#1518=EDGE_LOOP('',(#3006,#3007,#3008,#3009));
#1519=AXIS2_PLACEMENT_3D('',#3010,#3011,#3012);
#1520=EDGE_LOOP('',(#3013,#3014,#3015,#3016));
#1521=AXIS2_PLACEMENT_3D('',#3017,#3018,#3019);
#1522=EDGE_LOOP('',(#3020,#3021,#3022,#3023,#3024,#3025,#3026,#3027,#3028));
#1523=AXIS2_PLACEMENT_3D('',#3029,#3030,#3031);
#1524=EDGE_LOOP('',(#3032,#3033,#3034,#3035));
#1525=AXIS2_PLACEMENT_3D('',#3036,#3037,#3038);
#1526=EDGE_LOOP('',(#3039,#3040,#3041,#3042));
#1527=AXIS2_PLACEMENT_3D('',#3043,#3044,#3045);
#1528=EDGE_LOOP('',(#3046,#3047,#3048,#3049,#3050,#3051,#3052,#3053));
#1529=AXIS2_PLACEMENT_3D('',#3054,#3055,#3056);
#1530=EDGE_LOOP('',(#3057,#3058,#3059,#3060));
#1531=AXIS2_PLACEMENT_3D('',#3061,#3062,#3063);
#1532=EDGE_LOOP('',(#3064,#3065,#3066,#3067));
#1533=AXIS2_PLACEMENT_3D('',#3068,#3069,#3070);
#1534=EDGE_LOOP('',(#3071,#3072,#3073,#3074));
#1535=AXIS2_PLACEMENT_3D('',#3075,#3076,#3077);
#1536=EDGE_LOOP('',(#3078,#3079,#3080,#3081));
#1537=AXIS2_PLACEMENT_3D('',#3082,#3083,#3084);
#1538=EDGE_LOOP('',(#3085,#3086,#3087,#3088));
#1539=AXIS2_PLACEMENT_3D('',#3089,#3090,#3091);
#1540=EDGE_LOOP('',(#3092,#3093,#3094,#3095,#3096));
#1541=AXIS2_PLACEMENT_3D('',#3097,#3098,#3099);
#1542=EDGE_LOOP('',(#3100,#3101,#3102,#3103));
#1543=AXIS2_PLACEMENT_3D('',#3104,#3105,#3106);
#1544=EDGE_LOOP('',(#3107,#3108,#3109,#3110,#3111));
#1545=AXIS2_PLACEMENT_3D('',#3112,#3113,#3114);
#1546=EDGE_LOOP('',(#3115,#3116,#3117,#3118));
#1547=AXIS2_PLACEMENT_3D('',#3119,#3120,#3121);
#1548=EDGE_LOOP('',(#3122,#3123,#3124,#3125));
#1549=AXIS2_PLACEMENT_3D('',#3126,#3127,#3128);
#1550=EDGE_LOOP('',(#3129,#3130,#3131,#3132));
#1551=AXIS2_PLACEMENT_3D('',#3133,#3134,#3135);
#1552=EDGE_LOOP('',(#3136,#3137,#3138,#3139,#3140,#3141,#3142,#3143));
#1553=AXIS2_PLACEMENT_3D('',#3144,#3145,#3146);
#1554=EDGE_LOOP('',(#3147,#3148,#3149,#3150,#3151,#3152,#3153,#3154));
#1555=AXIS2_PLACEMENT_3D('',#3155,#3156,#3157);
#1556=EDGE_LOOP('',(#3158,#3159,#3160,#3161));
#1557=AXIS2_PLACEMENT_3D('',#3162,#3163,#3164);
#1558=EDGE_LOOP('',(#3165,#3166,#3167,#3168));
#1559=AXIS2_PLACEMENT_3D('',#3169,#3170,#3171);
#1560=EDGE_LOOP('',(#3172,#3173,#3174,#3175));
#1561=AXIS2_PLACEMENT_3D('',#3176,#3177,#3178);
#1562=EDGE_LOOP('',(#3179,#3180,#3181,#3182));
#1563=AXIS2_PLACEMENT_3D('',#3183,#3184,#3185);
#1564=EDGE_LOOP('',(#3186,#3187,#3188,#3189));
#1565=AXIS2_PLACEMENT_3D('',#3190,#3191,#3192);
#1566=EDGE_LOOP('',(#3193,#3194,#3195,#3196,#3197,#3198,#3199,#3200,#3201));
#1567=AXIS2_PLACEMENT_3D('',#3202,#3203,#3204);
#1568=EDGE_LOOP('',(#3205,#3206,#3207,#3208));
#1569=AXIS2_PLACEMENT_3D('',#3209,#3210,#3211);
#1570=EDGE_LOOP('',(#3212,#3213,#3214,#3215));
#1571=AXIS2_PLACEMENT_3D('',#3216,#3217,#3218);
#1572=EDGE_LOOP('',(#3219,#3220,#3221,#3222,#3223,#3224,#3225,#3226));
#1573=AXIS2_PLACEMENT_3D('',#3227,#3228,#3229);
#1574=EDGE_LOOP('',(#3230,#3231,#3232,#3233));
#1575=AXIS2_PLACEMENT_3D('',#3234,#3235,#3236);
#1576=EDGE_LOOP('',(#3237,#3238,#3239,#3240));
#1577=AXIS2_PLACEMENT_3D('',#3241,#3242,#3243);
#1578=EDGE_LOOP('',(#3244,#3245,#3246,#3247));
#1579=AXIS2_PLACEMENT_3D('',#3248,#3249,#3250);
#1580=EDGE_LOOP('',(#3251,#3252,#3253,#3254));
#1581=AXIS2_PLACEMENT_3D('',#3255,#3256,#3257);
#1582=EDGE_LOOP('',(#3258,#3259,#3260,#3261));
#1583=AXIS2_PLACEMENT_3D('',#3262,#3263,#3264);
#1584=EDGE_LOOP('',(#3265,#3266,#3267,#3268,#3269));
#1585=AXIS2_PLACEMENT_3D('',#3270,#3271,#3272);
#1586=EDGE_LOOP('',(#3273,#3274,#3275,#3276));
#1587=AXIS2_PLACEMENT_3D('',#3277,#3278,#3279);
#1588=EDGE_LOOP('',(#3280,#3281,#3282,#3283,#3284));
#1589=AXIS2_PLACEMENT_3D('',#3285,#3286,#3287);
#1590=EDGE_LOOP('',(#3288,#3289,#3290,#3291));
#1591=AXIS2_PLACEMENT_3D('',#3292,#3293,#3294);
#1592=EDGE_LOOP('',(#3295,#3296,#3297,#3298));
#1593=AXIS2_PLACEMENT_3D('',#3299,#3300,#3301);
#1594=EDGE_LOOP('',(#3302,#3303,#3304,#3305));
#1595=AXIS2_PLACEMENT_3D('',#3306,#3307,#3308);
#1596=EDGE_LOOP('',(#3309,#3310,#3311,#3312,#3313,#3314,#3315,#3316));
#1597=AXIS2_PLACEMENT_3D('',#3317,#3318,#3319);
#1598=EDGE_LOOP('',(#3320,#3321,#3322,#3323,#3324,#3325,#3326,#3327));
#1599=AXIS2_PLACEMENT_3D('',#3328,#3329,#3330);
#1600=EDGE_LOOP('',(#3331,#3332,#3333,#3334));
#1601=AXIS2_PLACEMENT_3D('',#3335,#3336,#3337);
#1602=EDGE_LOOP('',(#3338,#3339,#3340,#3341));
#1603=AXIS2_PLACEMENT_3D('',#3342,#3343,#3344);
#1604=EDGE_LOOP('',(#3345,#3346,#3347,#3348));
#1605=AXIS2_PLACEMENT_3D('',#3349,#3350,#3351);
#1606=EDGE_LOOP('',(#3352,#3353,#3354,#3355));
#1607=AXIS2_PLACEMENT_3D('',#3356,#3357,#3358);
#1608=EDGE_LOOP('',(#3359,#3360,#3361,#3362));
#1609=AXIS2_PLACEMENT_3D('',#3363,#3364,#3365);
#1610=EDGE_LOOP('',(#3366,#3367,#3368,#3369,#3370,#3371,#3372,#3373,#3374));
#1611=AXIS2_PLACEMENT_3D('',#3375,#3376,#3377);
#1612=EDGE_LOOP('',(#3378,#3379,#3380,#3381));
#1613=AXIS2_PLACEMENT_3D('',#3382,#3383,#3384);
#1614=EDGE_LOOP('',(#3385,#3386,#3387,#3388));
#1615=AXIS2_PLACEMENT_3D('',#3389,#3390,#3391);
#1616=EDGE_LOOP('',(#3392,#3393,#3394,#3395,#3396,#3397,#3398,#3399));
#1617=AXIS2_PLACEMENT_3D('',#3400,#3401,#3402);
#1618=EDGE_LOOP('',(#3403,#3404,#3405,#3406));
#1619=AXIS2_PLACEMENT_3D('',#3407,#3408,#3409);
#1620=EDGE_LOOP('',(#3410,#3411,#3412,#3413));
#1621=AXIS2_PLACEMENT_3D('',#3414,#3415,#3416);
#1622=EDGE_LOOP('',(#3417,#3418,#3419,#3420));
#1623=AXIS2_PLACEMENT_3D('',#3421,#3422,#3423);
#1624=EDGE_LOOP('',(#3424,#3425,#3426,#3427));
#1625=AXIS2_PLACEMENT_3D('',#3428,#3429,#3430);
#1626=EDGE_LOOP('',(#3431,#3432,#3433,#3434));
#1627=AXIS2_PLACEMENT_3D('',#3435,#3436,#3437);
#1628=EDGE_LOOP('',(#3438,#3439,#3440,#3441,#3442));
#1629=AXIS2_PLACEMENT_3D('',#3443,#3444,#3445);
#1630=EDGE_LOOP('',(#3446,#3447,#3448,#3449));
#1631=AXIS2_PLACEMENT_3D('',#3450,#3451,#3452);
#1632=EDGE_LOOP('',(#3453,#3454,#3455,#3456,#3457));
#1633=AXIS2_PLACEMENT_3D('',#3458,#3459,#3460);
#1634=EDGE_LOOP('',(#3461,#3462,#3463,#3464));
#1635=AXIS2_PLACEMENT_3D('',#3465,#3466,#3467);
#1636=EDGE_LOOP('',(#3468,#3469,#3470,#3471));
#1637=AXIS2_PLACEMENT_3D('',#3472,#3473,#3474);
#1638=EDGE_LOOP('',(#3475,#3476,#3477,#3478));
#1639=AXIS2_PLACEMENT_3D('',#3479,#3480,#3481);
#1640=EDGE_LOOP('',(#3482,#3483,#3484,#3485,#3486,#3487,#3488,#3489));
#1641=AXIS2_PLACEMENT_3D('',#3490,#3491,#3492);
#1642=EDGE_LOOP('',(#3493,#3494,#3495,#3496,#3497,#3498,#3499,#3500));
#1643=AXIS2_PLACEMENT_3D('',#3501,#3502,#3503);
#1644=EDGE_LOOP('',(#3504,#3505,#3506,#3507));
#1645=AXIS2_PLACEMENT_3D('',#3508,#3509,#3510);
#1646=EDGE_LOOP('',(#3511,#3512,#3513,#3514));
#1647=AXIS2_PLACEMENT_3D('',#3515,#3516,#3517);
#1648=EDGE_LOOP('',(#3518,#3519,#3520,#3521));
#1649=AXIS2_PLACEMENT_3D('',#3522,#3523,#3524);
#1650=EDGE_LOOP('',(#3525,#3526,#3527,#3528));
#1651=AXIS2_PLACEMENT_3D('',#3529,#3530,#3531);
#1652=EDGE_LOOP('',(#3532,#3533,#3534,#3535));
#1653=AXIS2_PLACEMENT_3D('',#3536,#3537,#3538);
#1654=EDGE_LOOP('',(#3539,#3540,#3541,#3542,#3543,#3544,#3545,#3546,#3547));
#1655=AXIS2_PLACEMENT_3D('',#3548,#3549,#3550);
#1656=EDGE_LOOP('',(#3551,#3552,#3553,#3554,#3555));
#1657=AXIS2_PLACEMENT_3D('',#3556,#3557,#3558);
#1658=EDGE_LOOP('',(#3559,#3560,#3561,#3562));
#1659=AXIS2_PLACEMENT_3D('',#3563,#3564,#3565);
#1660=EDGE_LOOP('',(#3566,#3567,#3568,#3569));
#1661=AXIS2_PLACEMENT_3D('',#3570,#3571,#3572);
#1662=EDGE_LOOP('',(#3573,#3574,#3575,#3576,#3577,#3578,#3579,#3580));
#1663=AXIS2_PLACEMENT_3D('',#3581,#3582,#3583);
#1664=EDGE_LOOP('',(#3584,#3585,#3586,#3587));
#1665=AXIS2_PLACEMENT_3D('',#3588,#3589,#3590);
#1666=EDGE_LOOP('',(#3591,#3592,#3593,#3594));
#1667=AXIS2_PLACEMENT_3D('',#3595,#3596,#3597);
#1668=EDGE_LOOP('',(#3598,#3599,#3600,#3601));
#1669=AXIS2_PLACEMENT_3D('',#3602,#3603,#3604);
#1670=EDGE_LOOP('',(#3605,#3606,#3607,#3608));
#1671=AXIS2_PLACEMENT_3D('',#3609,#3610,#3611);
#1672=EDGE_LOOP('',(#3612,#3613,#3614,#3615));
#1673=AXIS2_PLACEMENT_3D('',#3616,#3617,#3618);
#1674=EDGE_LOOP('',(#3619,#3620,#3621,#3622,#3623));
#1675=AXIS2_PLACEMENT_3D('',#3624,#3625,#3626);
#1676=EDGE_LOOP('',(#3627,#3628,#3629,#3630));
#1677=AXIS2_PLACEMENT_3D('',#3631,#3632,#3633);
#1678=EDGE_LOOP('',(#3634,#3635,#3636,#3637));
#1679=AXIS2_PLACEMENT_3D('',#3638,#3639,#3640);
#1680=EDGE_LOOP('',(#3641,#3642,#3643,#3644));
#1681=AXIS2_PLACEMENT_3D('',#3645,#3646,#3647);
#1682=EDGE_LOOP('',(#3648,#3649,#3650,#3651));
#1683=AXIS2_PLACEMENT_3D('',#3652,#3653,#3654);
#1684=EDGE_LOOP('',(#3655,#3656,#3657,#3658,#3659,#3660,#3661,#3662));
#1685=AXIS2_PLACEMENT_3D('',#3663,#3664,#3665);
#1686=EDGE_LOOP('',(#3666,#3667,#3668,#3669,#3670,#3671,#3672,#3673));
#1687=AXIS2_PLACEMENT_3D('',#3674,#3675,#3676);
#1688=EDGE_LOOP('',(#3677,#3678,#3679,#3680));
#1689=AXIS2_PLACEMENT_3D('',#3681,#3682,#3683);
#1690=EDGE_LOOP('',(#3684,#3685,#3686,#3687));
#1691=AXIS2_PLACEMENT_3D('',#3688,#3689,#3690);
#1692=EDGE_LOOP('',(#3691,#3692,#3693,#3694));
#1693=AXIS2_PLACEMENT_3D('',#3695,#3696,#3697);
#1694=EDGE_LOOP('',(#3698,#3699,#3700,#3701));
#1695=AXIS2_PLACEMENT_3D('',#3702,#3703,#3704);
#1696=EDGE_LOOP('',(#3705,#3706,#3707,#3708));
#1697=AXIS2_PLACEMENT_3D('',#3709,#3710,#3711);
#1698=EDGE_LOOP('',(#3712,#3713,#3714,#3715,#3716,#3717,#3718,#3719,#3720,#3721,#3722,#3723,#3724,#3725,#3726,#3727,#3728,#3729,#3730,#3731,#3732,#3733,#3734,#3735,#3736,#3737,#3738,#3739,#3740,#3741,#3742,#3743,#3744,#3745,#3746,#3747,#3748,#3749,#3750,#3751,#3752,#3753,#3754,#3755,#3756,#3757));
#1699=AXIS2_PLACEMENT_3D('',#3758,#3759,#3760);
#1700=EDGE_LOOP('',(#3761,#3762,#3763,#3764,#3765,#3766,#3767,#3768,#3769));
#1701=AXIS2_PLACEMENT_3D('',#3770,#3771,#3772);
#1702=EDGE_LOOP('',(#3773,#3774,#3775,#3776,#3777));
#1703=AXIS2_PLACEMENT_3D('',#3778,#3779,#3780);
#1704=EDGE_LOOP('',(#3781,#3782,#3783,#3784));
#1705=AXIS2_PLACEMENT_3D('',#3785,#3786,#3787);
#1706=EDGE_LOOP('',(#3788,#3789,#3790,#3791));
#1707=AXIS2_PLACEMENT_3D('',#3792,#3793,#3794);
#1708=EDGE_LOOP('',(#3795,#3796,#3797,#3798,#3799,#3800,#3801,#3802));
#1709=AXIS2_PLACEMENT_3D('',#3803,#3804,#3805);
#1710=EDGE_LOOP('',(#3806,#3807,#3808,#3809));
#1711=AXIS2_PLACEMENT_3D('',#3810,#3811,#3812);
#1712=EDGE_LOOP('',(#3813,#3814,#3815,#3816));
#1713=AXIS2_PLACEMENT_3D('',#3817,#3818,#3819);
#1714=EDGE_LOOP('',(#3820,#3821,#3822,#3823));
#1715=AXIS2_PLACEMENT_3D('',#3824,#3825,#3826);
#1716=EDGE_LOOP('',(#3827,#3828,#3829,#3830));
#1717=AXIS2_PLACEMENT_3D('',#3831,#3832,#3833);
#1718=EDGE_LOOP('',(#3834,#3835,#3836,#3837));
#1719=AXIS2_PLACEMENT_3D('',#3838,#3839,#3840);
#1720=EDGE_LOOP('',(#3841,#3842,#3843,#3844,#3845));
#1721=AXIS2_PLACEMENT_3D('',#3846,#3847,#3848);
#1722=EDGE_LOOP('',(#3849,#3850,#3851,#3852));
#1723=AXIS2_PLACEMENT_3D('',#3853,#3854,#3855);
#1724=EDGE_LOOP('',(#3856,#3857,#3858,#3859));
#1725=AXIS2_PLACEMENT_3D('',#3860,#3861,#3862);
#1726=EDGE_LOOP('',(#3863,#3864,#3865,#3866));
#1727=AXIS2_PLACEMENT_3D('',#3867,#3868,#3869);
#1728=EDGE_LOOP('',(#3870,#3871,#3872,#3873));
#1729=AXIS2_PLACEMENT_3D('',#3874,#3875,#3876);
#1730=EDGE_LOOP('',(#3877,#3878,#3879,#3880,#3881,#3882,#3883,#3884));
#1731=AXIS2_PLACEMENT_3D('',#3885,#3886,#3887);
#1732=EDGE_LOOP('',(#3888,#3889,#3890,#3891,#3892,#3893,#3894,#3895));
#1733=AXIS2_PLACEMENT_3D('',#3896,#3897,#3898);
#1734=EDGE_LOOP('',(#3899,#3900,#3901,#3902));
#1735=AXIS2_PLACEMENT_3D('',#3903,#3904,#3905);
#1736=EDGE_LOOP('',(#3906,#3907,#3908,#3909));
#1737=AXIS2_PLACEMENT_3D('',#3910,#3911,#3912);
#1738=EDGE_LOOP('',(#3913,#3914,#3915,#3916));
#1739=AXIS2_PLACEMENT_3D('',#3917,#3918,#3919);
#1740=EDGE_LOOP('',(#3920,#3921,#3922,#3923));
#1741=AXIS2_PLACEMENT_3D('',#3924,#3925,#3926);
#1742=EDGE_LOOP('',(#3927,#3928,#3929,#3930));
#1743=AXIS2_PLACEMENT_3D('',#3931,#3932,#3933);
#1744=EDGE_LOOP('',(#3934,#3935,#3936,#3937,#3938,#3939,#3940,#3941,#3942));
#1745=AXIS2_PLACEMENT_3D('',#3943,#3944,#3945);
#1746=EDGE_LOOP('',(#3946,#3947,#3948,#3949,#3950));
#1747=AXIS2_PLACEMENT_3D('',#3951,#3952,#3953);
#1748=EDGE_LOOP('',(#3954,#3955,#3956,#3957));
#1749=AXIS2_PLACEMENT_3D('',#3958,#3959,#3960);
#1750=EDGE_LOOP('',(#3961,#3962,#3963,#3964));
#1751=AXIS2_PLACEMENT_3D('',#3965,#3966,#3967);
#1752=EDGE_LOOP('',(#3968,#3969,#3970,#3971,#3972,#3973,#3974,#3975));
#1753=AXIS2_PLACEMENT_3D('',#3976,#3977,#3978);
#1754=EDGE_LOOP('',(#3979,#3980,#3981,#3982));
#1755=AXIS2_PLACEMENT_3D('',#3983,#3984,#3985);
#1756=EDGE_LOOP('',(#3986,#3987,#3988,#3989));
#1757=AXIS2_PLACEMENT_3D('',#3990,#3991,#3992);
#1758=EDGE_LOOP('',(#3993,#3994,#3995,#3996));
#1759=AXIS2_PLACEMENT_3D('',#3997,#3998,#3999);
#1760=EDGE_LOOP('',(#4000,#4001,#4002,#4003));
#1761=AXIS2_PLACEMENT_3D('',#4004,#4005,#4006);
#1762=EDGE_LOOP('',(#4007,#4008,#4009,#4010));
#1763=AXIS2_PLACEMENT_3D('',#4011,#4012,#4013);
#1764=EDGE_LOOP('',(#4014,#4015,#4016,#4017,#4018));
#1765=AXIS2_PLACEMENT_3D('',#4019,#4020,#4021);
#1766=EDGE_LOOP('',(#4022,#4023,#4024,#4025));
#1767=AXIS2_PLACEMENT_3D('',#4026,#4027,#4028);
#1768=EDGE_LOOP('',(#4029,#4030,#4031,#4032));
#1769=AXIS2_PLACEMENT_3D('',#4033,#4034,#4035);
#1770=EDGE_LOOP('',(#4036,#4037,#4038,#4039));
#1771=AXIS2_PLACEMENT_3D('',#4040,#4041,#4042);
#1772=EDGE_LOOP('',(#4043,#4044,#4045,#4046));
#1773=AXIS2_PLACEMENT_3D('',#4047,#4048,#4049);
#1774=EDGE_LOOP('',(#4050,#4051,#4052,#4053,#4054,#4055,#4056,#4057));
#1775=AXIS2_PLACEMENT_3D('',#4058,#4059,#4060);
#1776=EDGE_LOOP('',(#4061,#4062,#4063,#4064,#4065,#4066,#4067,#4068));
#1777=AXIS2_PLACEMENT_3D('',#4069,#4070,#4071);
#1778=EDGE_LOOP('',(#4072,#4073,#4074,#4075));
#1779=AXIS2_PLACEMENT_3D('',#4076,#4077,#4078);
#1780=EDGE_LOOP('',(#4079,#4080,#4081,#4082));
#1781=AXIS2_PLACEMENT_3D('',#4083,#4084,#4085);
#1782=EDGE_LOOP('',(#4086,#4087,#4088,#4089));
#1783=AXIS2_PLACEMENT_3D('',#4090,#4091,#4092);
#1784=EDGE_LOOP('',(#4093,#4094,#4095,#4096));
#1785=AXIS2_PLACEMENT_3D('',#4097,#4098,#4099);
#1786=EDGE_LOOP('',(#4100,#4101,#4102,#4103));
#1787=AXIS2_PLACEMENT_3D('',#4104,#4105,#4106);
#1788=EDGE_LOOP('',(#4107,#4108,#4109,#4110,#4111,#4112,#4113,#4114,#4115));
#1789=AXIS2_PLACEMENT_3D('',#4116,#4117,#4118);
#1790=EDGE_LOOP('',(#4119,#4120,#4121,#4122,#4123));
#1791=AXIS2_PLACEMENT_3D('',#4124,#4125,#4126);
#1792=EDGE_LOOP('',(#4127,#4128,#4129,#4130));
#1793=AXIS2_PLACEMENT_3D('',#4131,#4132,#4133);
#1794=EDGE_LOOP('',(#4134,#4135,#4136,#4137));
#1795=AXIS2_PLACEMENT_3D('',#4138,#4139,#4140);
#1796=EDGE_LOOP('',(#4141,#4142,#4143,#4144,#4145,#4146,#4147,#4148));
#1797=AXIS2_PLACEMENT_3D('',#4149,#4150,#4151);
#1798=EDGE_LOOP('',(#4152,#4153,#4154,#4155));
#1799=AXIS2_PLACEMENT_3D('',#4156,#4157,#4158);
#1800=EDGE_LOOP('',(#4159,#4160,#4161,#4162));
#1801=AXIS2_PLACEMENT_3D('',#4163,#4164,#4165);
#1802=EDGE_LOOP('',(#4166,#4167,#4168,#4169));
#1803=AXIS2_PLACEMENT_3D('',#4170,#4171,#4172);
#1804=EDGE_LOOP('',(#4173,#4174,#4175,#4176));
#1805=AXIS2_PLACEMENT_3D('',#4177,#4178,#4179);
#1806=EDGE_LOOP('',(#4180,#4181,#4182,#4183));
#1807=AXIS2_PLACEMENT_3D('',#4184,#4185,#4186);
#1808=EDGE_LOOP('',(#4187,#4188,#4189,#4190,#4191));
#1809=AXIS2_PLACEMENT_3D('',#4192,#4193,#4194);
#1810=EDGE_LOOP('',(#4195,#4196,#4197,#4198));
#1811=AXIS2_PLACEMENT_3D('',#4199,#4200,#4201);
#1812=EDGE_LOOP('',(#4202,#4203,#4204,#4205));
#1813=AXIS2_PLACEMENT_3D('',#4206,#4207,#4208);
#1814=EDGE_LOOP('',(#4209,#4210,#4211,#4212));
#1815=AXIS2_PLACEMENT_3D('',#4213,#4214,#4215);
#1816=EDGE_LOOP('',(#4216,#4217,#4218,#4219));
#1817=AXIS2_PLACEMENT_3D('',#4220,#4221,#4222);
#1818=EDGE_LOOP('',(#4223,#4224,#4225,#4226,#4227,#4228,#4229,#4230));
#1819=AXIS2_PLACEMENT_3D('',#4231,#4232,#4233);
#1820=EDGE_LOOP('',(#4234,#4235,#4236,#4237,#4238,#4239,#4240,#4241));
#1821=AXIS2_PLACEMENT_3D('',#4242,#4243,#4244);
#1822=EDGE_LOOP('',(#4245,#4246,#4247,#4248));
#1823=AXIS2_PLACEMENT_3D('',#4249,#4250,#4251);
#1824=EDGE_LOOP('',(#4252,#4253,#4254,#4255));
#1825=AXIS2_PLACEMENT_3D('',#4256,#4257,#4258);
#1826=EDGE_LOOP('',(#4259,#4260,#4261,#4262));
#1827=AXIS2_PLACEMENT_3D('',#4263,#4264,#4265);
#1828=EDGE_LOOP('',(#4266,#4267,#4268,#4269));
#1829=AXIS2_PLACEMENT_3D('',#4270,#4271,#4272);
#1830=EDGE_LOOP('',(#4273,#4274,#4275,#4276));
#1831=AXIS2_PLACEMENT_3D('',#4277,#4278,#4279);
#1832=EDGE_LOOP('',(#4280,#4281,#4282,#4283,#4284,#4285,#4286,#4287,#4288));
#1833=AXIS2_PLACEMENT_3D('',#4289,#4290,#4291);
#1834=EDGE_LOOP('',(#4292,#4293,#4294,#4295,#4296));
#1835=AXIS2_PLACEMENT_3D('',#4297,#4298,#4299);
#1836=EDGE_LOOP('',(#4300,#4301,#4302,#4303));
#1837=AXIS2_PLACEMENT_3D('',#4304,#4305,#4306);
#1838=EDGE_LOOP('',(#4307,#4308,#4309,#4310));
#1839=AXIS2_PLACEMENT_3D('',#4311,#4312,#4313);
#1840=EDGE_LOOP('',(#4314,#4315,#4316,#4317,#4318,#4319,#4320,#4321));
#1841=AXIS2_PLACEMENT_3D('',#4322,#4323,#4324);
#1842=EDGE_LOOP('',(#4325,#4326,#4327,#4328));
#1843=AXIS2_PLACEMENT_3D('',#4329,#4330,#4331);
#1844=EDGE_LOOP('',(#4332,#4333,#4334,#4335));
#1845=AXIS2_PLACEMENT_3D('',#4336,#4337,#4338);
#1846=EDGE_LOOP('',(#4339,#4340,#4341,#4342));
#1847=AXIS2_PLACEMENT_3D('',#4343,#4344,#4345);
#1848=EDGE_LOOP('',(#4346,#4347,#4348,#4349));
#1849=AXIS2_PLACEMENT_3D('',#4350,#4351,#4352);
#1850=EDGE_LOOP('',(#4353,#4354,#4355,#4356));
#1851=AXIS2_PLACEMENT_3D('',#4357,#4358,#4359);
#1852=EDGE_LOOP('',(#4360,#4361,#4362,#4363,#4364));
#1853=AXIS2_PLACEMENT_3D('',#4365,#4366,#4367);
#1854=EDGE_LOOP('',(#4368,#4369,#4370,#4371));
#1855=AXIS2_PLACEMENT_3D('',#4372,#4373,#4374);
#1856=EDGE_LOOP('',(#4375,#4376,#4377,#4378));
#1857=AXIS2_PLACEMENT_3D('',#4379,#4380,#4381);
#1858=EDGE_LOOP('',(#4382,#4383,#4384,#4385));
#1859=AXIS2_PLACEMENT_3D('',#4386,#4387,#4388);
#1860=EDGE_LOOP('',(#4389,#4390,#4391,#4392));
#1861=AXIS2_PLACEMENT_3D('',#4393,#4394,#4395);
#1862=EDGE_LOOP('',(#4396,#4397,#4398,#4399,#4400,#4401,#4402,#4403));
#1863=AXIS2_PLACEMENT_3D('',#4404,#4405,#4406);
#1864=EDGE_LOOP('',(#4407,#4408,#4409,#4410,#4411,#4412,#4413,#4414));
#1865=AXIS2_PLACEMENT_3D('',#4415,#4416,#4417);
#1866=EDGE_LOOP('',(#4418,#4419,#4420,#4421));
#1867=AXIS2_PLACEMENT_3D('',#4422,#4423,#4424);
#1868=EDGE_LOOP('',(#4425,#4426,#4427,#4428));
#1869=AXIS2_PLACEMENT_3D('',#4429,#4430,#4431);
#1870=EDGE_LOOP('',(#4432,#4433,#4434,#4435));
#1871=AXIS2_PLACEMENT_3D('',#4436,#4437,#4438);
#1872=EDGE_LOOP('',(#4439,#4440,#4441,#4442));
#1873=AXIS2_PLACEMENT_3D('',#4443,#4444,#4445);
#1874=EDGE_LOOP('',(#4446,#4447,#4448,#4449));
#1875=AXIS2_PLACEMENT_3D('',#4450,#4451,#4452);
#1876=EDGE_LOOP('',(#4453,#4454,#4455,#4456,#4457,#4458,#4459,#4460,#4461));
#1877=AXIS2_PLACEMENT_3D('',#4462,#4463,#4464);
#1878=EDGE_LOOP('',(#4465,#4466,#4467,#4468,#4469));
#1879=AXIS2_PLACEMENT_3D('',#4470,#4471,#4472);
#1880=EDGE_LOOP('',(#4473,#4474,#4475,#4476));
#1881=AXIS2_PLACEMENT_3D('',#4477,#4478,#4479);
#1882=EDGE_LOOP('',(#4480,#4481,#4482,#4483));
#1883=AXIS2_PLACEMENT_3D('',#4484,#4485,#4486);
#1884=EDGE_LOOP('',(#4487,#4488,#4489,#4490,#4491,#4492,#4493,#4494));
#1885=AXIS2_PLACEMENT_3D('',#4495,#4496,#4497);
#1886=EDGE_LOOP('',(#4498,#4499,#4500,#4501));
#1887=AXIS2_PLACEMENT_3D('',#4502,#4503,#4504);
#1888=EDGE_LOOP('',(#4505,#4506,#4507,#4508));
#1889=AXIS2_PLACEMENT_3D('',#4509,#4510,#4511);
#1890=EDGE_LOOP('',(#4512,#4513,#4514,#4515));
#1891=AXIS2_PLACEMENT_3D('',#4516,#4517,#4518);
#1892=EDGE_LOOP('',(#4519,#4520,#4521,#4522));
#1893=AXIS2_PLACEMENT_3D('',#4523,#4524,#4525);
#1894=EDGE_LOOP('',(#4526,#4527,#4528,#4529));
#1895=AXIS2_PLACEMENT_3D('',#4530,#4531,#4532);
#1896=EDGE_LOOP('',(#4533,#4534,#4535,#4536,#4537));
#1897=AXIS2_PLACEMENT_3D('',#4538,#4539,#4540);
#1898=EDGE_LOOP('',(#4541,#4542,#4543,#4544));
#1899=AXIS2_PLACEMENT_3D('',#4545,#4546,#4547);
#1900=EDGE_LOOP('',(#4548,#4549,#4550,#4551));
#1901=AXIS2_PLACEMENT_3D('',#4552,#4553,#4554);
#1902=EDGE_LOOP('',(#4555,#4556,#4557,#4558));
#1903=AXIS2_PLACEMENT_3D('',#4559,#4560,#4561);
#1904=EDGE_LOOP('',(#4562,#4563,#4564,#4565));
#1905=AXIS2_PLACEMENT_3D('',#4566,#4567,#4568);
#1906=EDGE_LOOP('',(#4569,#4570,#4571,#4572,#4573,#4574,#4575,#4576));
#1907=AXIS2_PLACEMENT_3D('',#4577,#4578,#4579);
#1908=EDGE_LOOP('',(#4580,#4581,#4582,#4583,#4584,#4585,#4586,#4587));
#1909=AXIS2_PLACEMENT_3D('',#4588,#4589,#4590);
#1910=EDGE_LOOP('',(#4591,#4592,#4593,#4594));
#1911=AXIS2_PLACEMENT_3D('',#4595,#4596,#4597);
#1912=EDGE_LOOP('',(#4598,#4599,#4600,#4601));
#1913=AXIS2_PLACEMENT_3D('',#4602,#4603,#4604);
#1914=EDGE_LOOP('',(#4605,#4606,#4607,#4608));
#1915=AXIS2_PLACEMENT_3D('',#4609,#4610,#4611);
#1916=EDGE_LOOP('',(#4612,#4613,#4614,#4615));
#1917=AXIS2_PLACEMENT_3D('',#4616,#4617,#4618);
#1918=EDGE_LOOP('',(#4619,#4620,#4621,#4622));
#1919=AXIS2_PLACEMENT_3D('',#4623,#4624,#4625);
#1920=EDGE_LOOP('',(#4626,#4627,#4628,#4629,#4630,#4631,#4632,#4633,#4634));
#1921=AXIS2_PLACEMENT_3D('',#4635,#4636,#4637);
#1922=EDGE_LOOP('',(#4638,#4639,#4640,#4641,#4642));
#1923=AXIS2_PLACEMENT_3D('',#4643,#4644,#4645);
#1924=EDGE_LOOP('',(#4646,#4647,#4648,#4649));
#1925=AXIS2_PLACEMENT_3D('',#4650,#4651,#4652);
#1926=EDGE_LOOP('',(#4653,#4654,#4655,#4656));
#1927=AXIS2_PLACEMENT_3D('',#4657,#4658,#4659);
#1928=EDGE_LOOP('',(#4660,#4661,#4662,#4663,#4664,#4665,#4666,#4667));
#1929=AXIS2_PLACEMENT_3D('',#4668,#4669,#4670);
#1930=EDGE_LOOP('',(#4671,#4672,#4673,#4674));
#1931=AXIS2_PLACEMENT_3D('',#4675,#4676,#4677);
#1932=EDGE_LOOP('',(#4678,#4679,#4680,#4681));
#1933=AXIS2_PLACEMENT_3D('',#4682,#4683,#4684);
#1934=EDGE_LOOP('',(#4685,#4686,#4687,#4688));
#1935=AXIS2_PLACEMENT_3D('',#4689,#4690,#4691);
#1936=EDGE_LOOP('',(#4692,#4693,#4694,#4695));
#1937=AXIS2_PLACEMENT_3D('',#4696,#4697,#4698);
#1938=EDGE_LOOP('',(#4699,#4700,#4701,#4702));
#1939=AXIS2_PLACEMENT_3D('',#4703,#4704,#4705);
#1940=EDGE_LOOP('',(#4706,#4707,#4708,#4709,#4710));
#1941=AXIS2_PLACEMENT_3D('',#4711,#4712,#4713);
#1942=EDGE_LOOP('',(#4714,#4715,#4716,#4717));
#1943=AXIS2_PLACEMENT_3D('',#4718,#4719,#4720);
#1944=EDGE_LOOP('',(#4721,#4722,#4723,#4724));
#1945=AXIS2_PLACEMENT_3D('',#4725,#4726,#4727);
#1946=EDGE_LOOP('',(#4728,#4729,#4730,#4731));
#1947=AXIS2_PLACEMENT_3D('',#4732,#4733,#4734);
#1948=EDGE_LOOP('',(#4735,#4736,#4737,#4738));
#1949=AXIS2_PLACEMENT_3D('',#4739,#4740,#4741);
#1950=EDGE_LOOP('',(#4742,#4743,#4744,#4745,#4746,#4747,#4748,#4749));
#1951=AXIS2_PLACEMENT_3D('',#4750,#4751,#4752);
#1952=EDGE_LOOP('',(#4753,#4754,#4755,#4756,#4757,#4758,#4759,#4760));
#1953=AXIS2_PLACEMENT_3D('',#4761,#4762,#4763);
#1954=EDGE_LOOP('',(#4764,#4765,#4766,#4767));
#1955=AXIS2_PLACEMENT_3D('',#4768,#4769,#4770);
#1956=EDGE_LOOP('',(#4771,#4772,#4773,#4774));
#1957=AXIS2_PLACEMENT_3D('',#4775,#4776,#4777);
#1958=EDGE_LOOP('',(#4778,#4779,#4780,#4781));
#1959=AXIS2_PLACEMENT_3D('',#4782,#4783,#4784);
#1960=EDGE_LOOP('',(#4785,#4786,#4787,#4788));
#1961=AXIS2_PLACEMENT_3D('',#4789,#4790,#4791);
#1962=EDGE_LOOP('',(#4792,#4793,#4794,#4795));
#1963=AXIS2_PLACEMENT_3D('',#4796,#4797,#4798);
#1964=EDGE_LOOP('',(#4799,#4800,#4801,#4802,#4803,#4804,#4805,#4806,#4807));
#1965=AXIS2_PLACEMENT_3D('',#4808,#4809,#4810);
#1966=EDGE_LOOP('',(#4811,#4812,#4813,#4814,#4815,#4816,#4817,#4818,#4819));
#1967=AXIS2_PLACEMENT_3D('',#4820,#4821,#4822);
#1968=EDGE_LOOP('',(#4823,#4824,#4825,#4826));
#1969=AXIS2_PLACEMENT_3D('',#4827,#4828,#4829);
#1970=EDGE_LOOP('',(#4830,#4831,#4832,#4833));
#1971=AXIS2_PLACEMENT_3D('',#4834,#4835,#4836);
#1972=EDGE_LOOP('',(#4837,#4838,#4839,#4840,#4841,#4842,#4843,#4844,#4845));
#1973=AXIS2_PLACEMENT_3D('',#4846,#4847,#4848);
#1974=EDGE_LOOP('',(#4849,#4850,#4851,#4852));
#1975=AXIS2_PLACEMENT_3D('',#4853,#4854,#4855);
#1976=EDGE_LOOP('',(#4856,#4857,#4858,#4859));
#1977=AXIS2_PLACEMENT_3D('',#4860,#4861,#4862);
#1978=EDGE_LOOP('',(#4863,#4864,#4865,#4866,#4867,#4868,#4869,#4870,#4871));
#1979=AXIS2_PLACEMENT_3D('',#4872,#4873,#4874);
#1980=EDGE_LOOP('',(#4875,#4876,#4877,#4878));
#1981=AXIS2_PLACEMENT_3D('',#4879,#4880,#4881);
#1982=EDGE_LOOP('',(#4882,#4883,#4884,#4885));
#1983=AXIS2_PLACEMENT_3D('',#4886,#4887,#4888);
#1984=EDGE_LOOP('',(#4889,#4890,#4891,#4892,#4893,#4894,#4895,#4896,#4897));
#1985=AXIS2_PLACEMENT_3D('',#4898,#4899,#4900);
#1986=EDGE_LOOP('',(#4901,#4902,#4903,#4904));
#1987=AXIS2_PLACEMENT_3D('',#4905,#4906,#4907);
#1988=EDGE_LOOP('',(#4908,#4909,#4910,#4911));
#1989=AXIS2_PLACEMENT_3D('',#4912,#4913,#4914);
#1990=EDGE_LOOP('',(#4915,#4916,#4917,#4918,#4919,#4920,#4921,#4922,#4923));
#1991=AXIS2_PLACEMENT_3D('',#4924,#4925,#4926);
#1992=EDGE_LOOP('',(#4927,#4928,#4929,#4930));
#1993=AXIS2_PLACEMENT_3D('',#4931,#4932,#4933);
#1994=EDGE_LOOP('',(#4934,#4935,#4936,#4937));
#1995=AXIS2_PLACEMENT_3D('',#4938,#4939,#4940);
#1996=EDGE_LOOP('',(#4941,#4942,#4943,#4944,#4945,#4946,#4947,#4948,#4949));
#1997=AXIS2_PLACEMENT_3D('',#4950,#4951,#4952);
#1998=EDGE_LOOP('',(#4953,#4954,#4955,#4956));
#1999=AXIS2_PLACEMENT_3D('',#4957,#4958,#4959);
#2000=EDGE_LOOP('',(#4960,#4961,#4962,#4963));
#2001=AXIS2_PLACEMENT_3D('',#4964,#4965,#4966);
#2002=EDGE_LOOP('',(#4967,#4968,#4969,#4970,#4971,#4972,#4973,#4974,#4975));
#2003=AXIS2_PLACEMENT_3D('',#4976,#4977,#4978);
#2004=EDGE_LOOP('',(#4979,#4980,#4981,#4982));
#2005=AXIS2_PLACEMENT_3D('',#4983,#4984,#4985);
#2006=EDGE_LOOP('',(#4986,#4987,#4988,#4989));
#2007=AXIS2_PLACEMENT_3D('',#4990,#4991,#4992);
#2008=EDGE_LOOP('',(#4993,#4994,#4995,#4996,#4997,#4998,#4999,#5000,#5001));
#2009=AXIS2_PLACEMENT_3D('',#5002,#5003,#5004);
#2010=EDGE_LOOP('',(#5005,#5006,#5007,#5008));
#2011=AXIS2_PLACEMENT_3D('',#5009,#5010,#5011);
#2012=EDGE_LOOP('',(#5012,#5013,#5014,#5015));
#2013=AXIS2_PLACEMENT_3D('',#5016,#5017,#5018);
#2014=EDGE_LOOP('',(#5019,#5020,#5021,#5022,#5023,#5024,#5025,#5026,#5027));
#2015=AXIS2_PLACEMENT_3D('',#5028,#5029,#5030);
#2016=EDGE_LOOP('',(#5031,#5032,#5033,#5034));
#2017=AXIS2_PLACEMENT_3D('',#5035,#5036,#5037);
#2018=EDGE_LOOP('',(#5038,#5039,#5040,#5041));
#2019=AXIS2_PLACEMENT_3D('',#5042,#5043,#5044);
#2020=EDGE_LOOP('',(#5045,#5046,#5047,#5048,#5049,#5050,#5051,#5052,#5053));
#2021=AXIS2_PLACEMENT_3D('',#5054,#5055,#5056);
#2022=EDGE_LOOP('',(#5057,#5058,#5059,#5060));
#2023=AXIS2_PLACEMENT_3D('',#5061,#5062,#5063);
#2024=EDGE_LOOP('',(#5064,#5065,#5066,#5067));
#2025=AXIS2_PLACEMENT_3D('',#5068,#5069,#5070);
#2026=EDGE_LOOP('',(#5071,#5072,#5073,#5074,#5075,#5076,#5077,#5078,#5079));
#2027=AXIS2_PLACEMENT_3D('',#5080,#5081,#5082);
#2028=EDGE_LOOP('',(#5083,#5084,#5085,#5086));
#2029=AXIS2_PLACEMENT_3D('',#5087,#5088,#5089);
#2030=EDGE_LOOP('',(#5090,#5091,#5092,#5093));
#2031=AXIS2_PLACEMENT_3D('',#5094,#5095,#5096);
#2032=EDGE_LOOP('',(#5097,#5098,#5099,#5100,#5101,#5102,#5103,#5104,#5105));
#2033=AXIS2_PLACEMENT_3D('',#5106,#5107,#5108);
#2034=EDGE_LOOP('',(#5109,#5110,#5111,#5112));
#2035=AXIS2_PLACEMENT_3D('',#5113,#5114,#5115);
#2036=EDGE_LOOP('',(#5116,#5117,#5118,#5119));
#2037=AXIS2_PLACEMENT_3D('',#5120,#5121,#5122);
#2038=EDGE_LOOP('',(#5123,#5124,#5125,#5126,#5127,#5128,#5129,#5130,#5131));
#2039=AXIS2_PLACEMENT_3D('',#5132,#5133,#5134);
#2040=EDGE_LOOP('',(#5135,#5136,#5137,#5138));
#2041=AXIS2_PLACEMENT_3D('',#5139,#5140,#5141);
#2042=EDGE_LOOP('',(#5142,#5143,#5144,#5145));
#2043=AXIS2_PLACEMENT_3D('',#5146,#5147,#5148);
#2044=EDGE_LOOP('',(#5149,#5150,#5151,#5152,#5153,#5154,#5155,#5156,#5157));
#2045=AXIS2_PLACEMENT_3D('',#5158,#5159,#5160);
#2046=EDGE_LOOP('',(#5161,#5162,#5163,#5164));
#2047=AXIS2_PLACEMENT_3D('',#5165,#5166,#5167);
#2048=EDGE_LOOP('',(#5168,#5169,#5170,#5171));
#2049=AXIS2_PLACEMENT_3D('',#5172,#5173,#5174);
#2050=EDGE_LOOP('',(#5175,#5176,#5177,#5178,#5179,#5180,#5181,#5182,#5183,#5184));
#2051=AXIS2_PLACEMENT_3D('',#5185,#5186,#5187);
#2052=EDGE_LOOP('',(#5188,#5189,#5190,#5191));
#2053=AXIS2_PLACEMENT_3D('',#5192,#5193,#5194);
#2054=EDGE_LOOP('',(#5195,#5196,#5197,#5198));
#2055=AXIS2_PLACEMENT_3D('',#5199,#5200,#5201);
#2056=EDGE_LOOP('',(#5202,#5203,#5204,#5205,#5206,#5207,#5208,#5209));
#2057=AXIS2_PLACEMENT_3D('',#5210,#5211,#5212);
#2058=EDGE_LOOP('',(#5213,#5214,#5215,#5216,#5217));
#2059=AXIS2_PLACEMENT_3D('',#5218,#5219,#5220);
#2060=EDGE_LOOP('',(#5221,#5222,#5223,#5224,#5225,#5226,#5227,#5228,#5229,#5230));
#2061=AXIS2_PLACEMENT_3D('',#5231,#5232,#5233);
#2062=EDGE_LOOP('',(#5234,#5235,#5236,#5237,#5238,#5239));
#2063=AXIS2_PLACEMENT_3D('',#5240,#5241,#5242);
#2064=EDGE_LOOP('',(#5243,#5244,#5245,#5246,#5247,#5248));
#2065=AXIS2_PLACEMENT_3D('',#5249,#5250,#5251);
#2066=EDGE_LOOP('',(#5252,#5253,#5254,#5255));
#2067=AXIS2_PLACEMENT_3D('',#5256,#5257,#5258);
#2068=EDGE_LOOP('',(#5259,#5260,#5261,#5262));
#2069=AXIS2_PLACEMENT_3D('',#5263,#5264,#5265);
#2070=EDGE_LOOP('',(#5266,#5267,#5268,#5269));
#2071=AXIS2_PLACEMENT_3D('',#5270,#5271,#5272);
#2072=EDGE_LOOP('',(#5273,#5274,#5275,#5276));
#2073=AXIS2_PLACEMENT_3D('',#5277,#5278,#5279);
#2074=EDGE_LOOP('',(#5280,#5281,#5282,#5283,#5284,#5285,#5286,#5287));
#2075=AXIS2_PLACEMENT_3D('',#5288,#5289,#5290);
#2076=EDGE_LOOP('',(#5291,#5292,#5293,#5294));
#2077=EDGE_LOOP('',(#5295,#5296,#5297,#5298));
#2078=EDGE_LOOP('',(#5299,#5300,#5301,#5302));
#2079=EDGE_LOOP('',(#5303,#5304,#5305,#5306));
#2080=EDGE_LOOP('',(#5307,#5308,#5309,#5310));
#2081=EDGE_LOOP('',(#5311,#5312,#5313,#5314));
#2082=EDGE_LOOP('',(#5315,#5316,#5317,#5318));
#2083=EDGE_LOOP('',(#5319,#5320,#5321,#5322));
#2084=AXIS2_PLACEMENT_3D('',#5323,#5324,#5325);
#2085=EDGE_LOOP('',(#5326,#5327,#5328,#5329));
#2086=AXIS2_PLACEMENT_3D('',#5330,#5331,#5332);
#2087=EDGE_LOOP('',(#5333,#5334,#5335,#5336));
#2088=AXIS2_PLACEMENT_3D('',#5337,#5338,#5339);
#2089=EDGE_LOOP('',(#5340,#5341,#5342,#5343,#5344,#5345,#5346,#5347,#5348,#5349,#5350,#5351,#5352,#5353,#5354,#5355,#5356,#5357,#5358,#5359,#5360,#5361,#5362,#5363,#5364,#5365,#5366,#5367,#5368,#5369,#5370,#5371,#5372,#5373,#5374,#5375,#5376,#5377,#5378,#5379,#5380,#5381,#5382,#5383,#5384,#5385,#5386,#5387,#5388,#5389,#5390,#5391,#5392,#5393,#5394,#5395,#5396,#5397,#5398,#5399,#5400,#5401,#5402,#5403,#5404,#5405,#5406,#5407,#5408,#5409,#5410,#5411,#5412,#5413,#5414,#5415,#5416,#5417,#5418,#5419,#5420,#5421,#5422,#5423,#5424,#5425,#5426,#5427,#5428,#5429));
#2090=EDGE_LOOP('',(#5430,#5431,#5432,#5433));
#2091=AXIS2_PLACEMENT_3D('',#5434,#5435,#5436);
#2092=EDGE_LOOP('',(#5437,#5438,#5439,#5440));
#2093=AXIS2_PLACEMENT_3D('',#5441,#5442,#5443);
#2094=EDGE_LOOP('',(#5444,#5445,#5446,#5447));
#2095=AXIS2_PLACEMENT_3D('',#5448,#5449,#5450);
#2096=EDGE_LOOP('',(#5451,#5452,#5453,#5454));
#2097=EDGE_LOOP('',(#5455,#5456,#5457,#5458));
#2098=EDGE_LOOP('',(#5459,#5460,#5461,#5462));
#2099=EDGE_LOOP('',(#5463,#5464,#5465,#5466));
#2100=EDGE_LOOP('',(#5467,#5468,#5469,#5470));
#2101=EDGE_LOOP('',(#5471,#5472,#5473,#5474));
#2102=EDGE_LOOP('',(#5475,#5476,#5477,#5478));
#2103=EDGE_LOOP('',(#5479,#5480,#5481,#5482));
#2104=AXIS2_PLACEMENT_3D('',#5483,#5484,#5485);
#2105=EDGE_LOOP('',(#5486,#5487,#5488,#5489));
#2106=AXIS2_PLACEMENT_3D('',#5490,#5491,#5492);
#2107=EDGE_LOOP('',(#5493,#5494,#5495,#5496));
#2108=AXIS2_PLACEMENT_3D('',#5497,#5498,#5499);
#2109=EDGE_LOOP('',(#5500,#5501,#5502,#5503));
#2110=AXIS2_PLACEMENT_3D('',#5504,#5505,#5506);
#2111=EDGE_LOOP('',(#5507,#5508,#5509,#5510,#5511));
#2112=AXIS2_PLACEMENT_3D('',#5512,#5513,#5514);
#2113=EDGE_LOOP('',(#5515,#5516,#5517,#5518));
#2114=AXIS2_PLACEMENT_3D('',#5519,#5520,#5521);
#2115=EDGE_LOOP('',(#5522,#5523,#5524,#5525));
#2116=AXIS2_PLACEMENT_3D('',#5526,#5527,#5528);
#2117=EDGE_LOOP('',(#5529,#5530,#5531,#5532));
#2118=AXIS2_PLACEMENT_3D('',#5533,#5534,#5535);
#2119=EDGE_LOOP('',(#5536,#5537,#5538,#5539,#5540,#5541,#5542,#5543,#5544,#5545));
#2120=AXIS2_PLACEMENT_3D('',#5546,#5547,#5548);
#2121=EDGE_LOOP('',(#5549,#5550,#5551,#5552,#5553,#5554,#5555,#5556,#5557,#5558,#5559,#5560,#5561,#5562,#5563,#5564,#5565,#5566,#5567,#5568,#5569,#5570));
#2122=AXIS2_PLACEMENT_3D('',#5571,#5572,#5573);
#2123=FACE_OUTER_BOUND('',#5574,.T.);
#2124=PLANE('',#5575);
#2125=FACE_OUTER_BOUND('',#5576,.T.);
#2126=PLANE('',#5577);
#2127=FACE_OUTER_BOUND('',#5578,.T.);
#2128=PLANE('',#5579);
#2129=FACE_OUTER_BOUND('',#5580,.T.);
#2130=PLANE('',#5581);
#2131=FACE_OUTER_BOUND('',#5582,.T.);
#2132=PLANE('',#5583);
#2133=FACE_OUTER_BOUND('',#5584,.T.);
#2134=PLANE('',#5585);
#2135=FACE_OUTER_BOUND('',#5586,.T.);
#2136=PLANE('',#5587);
#2137=FACE_OUTER_BOUND('',#5588,.T.);
#2138=PLANE('',#5589);
#2139=FACE_OUTER_BOUND('',#5590,.T.);
#2140=PLANE('',#5591);
#2141=FACE_OUTER_BOUND('',#5592,.T.);
#2142=PLANE('',#5593);
#2143=FACE_OUTER_BOUND('',#5594,.T.);
#2144=PLANE('',#5595);
#2145=FACE_OUTER_BOUND('',#5596,.T.);
#2146=PLANE('',#5597);
#2147=FACE_OUTER_BOUND('',#5598,.T.);
#2148=PLANE('',#5599);
#2149=FACE_OUTER_BOUND('',#5600,.T.);
#2150=PLANE('',#5601);
#2151=FACE_OUTER_BOUND('',#5602,.T.);
#2152=PLANE('',#5603);
#2153=FACE_OUTER_BOUND('',#5604,.T.);
#2154=PLANE('',#5605);
#2155=FACE_OUTER_BOUND('',#5606,.T.);
#2156=PLANE('',#5607);
#2157=FACE_OUTER_BOUND('',#5608,.T.);
#2158=PLANE('',#5609);
#2159=FACE_OUTER_BOUND('',#5610,.T.);
#2160=PLANE('',#5611);
#2161=FACE_OUTER_BOUND('',#5612,.T.);
#2162=PLANE('',#5613);
#2163=FACE_OUTER_BOUND('',#5614,.T.);
#2164=PLANE('',#5615);
#2165=FACE_OUTER_BOUND('',#5616,.T.);
#2166=PLANE('',#5617);
#2167=FACE_OUTER_BOUND('',#5618,.T.);
#2168=PLANE('',#5619);
#2169=FACE_OUTER_BOUND('',#5620,.T.);
#2170=PLANE('',#5621);
#2171=FACE_OUTER_BOUND('',#5622,.T.);
#2172=PLANE('',#5623);
#2173=FACE_OUTER_BOUND('',#5624,.T.);
#2174=PLANE('',#5625);
#2175=FACE_OUTER_BOUND('',#5626,.T.);
#2176=PLANE('',#5627);
#2177=FACE_OUTER_BOUND('',#5628,.T.);
#2178=PLANE('',#5629);
#2179=FACE_OUTER_BOUND('',#5630,.T.);
#2180=PLANE('',#5631);
#2181=FACE_OUTER_BOUND('',#5632,.T.);
#2182=PLANE('',#5633);
#2183=FACE_OUTER_BOUND('',#5634,.T.);
#2184=PLANE('',#5635);
#2185=FACE_OUTER_BOUND('',#5636,.T.);
#2186=PLANE('',#5637);
#2187=FACE_OUTER_BOUND('',#5638,.T.);
#2188=PLANE('',#5639);
#2189=FACE_OUTER_BOUND('',#5640,.T.);
#2190=PLANE('',#5641);
#2191=FACE_OUTER_BOUND('',#5642,.T.);
#2192=PLANE('',#5643);
#2193=FACE_OUTER_BOUND('',#5644,.T.);
#2194=PLANE('',#5645);
#2195=FACE_OUTER_BOUND('',#5646,.T.);
#2196=PLANE('',#5647);
#2197=FACE_OUTER_BOUND('',#5648,.T.);
#2198=PLANE('',#5649);
#2199=FACE_OUTER_BOUND('',#5650,.T.);
#2200=PLANE('',#5651);
#2201=FACE_OUTER_BOUND('',#5652,.T.);
#2202=PLANE('',#5653);
#2203=FACE_OUTER_BOUND('',#5654,.T.);
#2204=PLANE('',#5655);
#2205=FACE_OUTER_BOUND('',#5656,.T.);
#2206=PLANE('',#5657);
#2207=FACE_OUTER_BOUND('',#5658,.T.);
#2208=PLANE('',#5659);
#2209=FACE_OUTER_BOUND('',#5660,.T.);
#2210=PLANE('',#5661);
#2211=FACE_OUTER_BOUND('',#5662,.T.);
#2212=PLANE('',#5663);
#2213=FACE_OUTER_BOUND('',#5664,.T.);
#2214=PLANE('',#5665);
#2215=FACE_OUTER_BOUND('',#5666,.T.);
#2216=PLANE('',#5667);
#2217=FACE_OUTER_BOUND('',#5668,.T.);
#2218=PLANE('',#5669);
#2219=FACE_OUTER_BOUND('',#5670,.T.);
#2220=PLANE('',#5671);
#2221=FACE_OUTER_BOUND('',#5672,.T.);
#2222=PLANE('',#5673);
#2223=FACE_OUTER_BOUND('',#5674,.T.);
#2224=PLANE('',#5675);
#2225=FACE_OUTER_BOUND('',#5676,.T.);
#2226=PLANE('',#5677);
#2227=FACE_OUTER_BOUND('',#5678,.T.);
#2228=PLANE('',#5679);
#2229=FACE_OUTER_BOUND('',#5680,.T.);
#2230=PLANE('',#5681);
#2231=FACE_OUTER_BOUND('',#5682,.T.);
#2232=PLANE('',#5683);
#2233=FACE_OUTER_BOUND('',#5684,.T.);
#2234=PLANE('',#5685);
#2235=FACE_OUTER_BOUND('',#5686,.T.);
#2236=PLANE('',#5687);
#2237=FACE_OUTER_BOUND('',#5688,.T.);
#2238=PLANE('',#5689);
#2239=FACE_OUTER_BOUND('',#5690,.T.);
#2240=PLANE('',#5691);
#2241=FACE_OUTER_BOUND('',#5692,.T.);
#2242=PLANE('',#5693);
#2243=FACE_OUTER_BOUND('',#5694,.T.);
#2244=PLANE('',#5695);
#2245=FACE_OUTER_BOUND('',#5696,.T.);
#2246=PLANE('',#5697);
#2247=FACE_OUTER_BOUND('',#5698,.T.);
#2248=PLANE('',#5699);
#2249=FACE_OUTER_BOUND('',#5700,.T.);
#2250=PLANE('',#5701);
#2251=FACE_OUTER_BOUND('',#5702,.T.);
#2252=PLANE('',#5703);
#2253=FACE_OUTER_BOUND('',#5704,.T.);
#2254=PLANE('',#5705);
#2255=FACE_OUTER_BOUND('',#5706,.T.);
#2256=PLANE('',#5707);
#2257=FACE_OUTER_BOUND('',#5708,.T.);
#2258=PLANE('',#5709);
#2259=FACE_OUTER_BOUND('',#5710,.T.);
#2260=PLANE('',#5711);
#2261=FACE_OUTER_BOUND('',#5712,.T.);
#2262=PLANE('',#5713);
#2263=FACE_OUTER_BOUND('',#5714,.T.);
#2264=PLANE('',#5715);
#2265=FACE_OUTER_BOUND('',#5716,.T.);
#2266=PLANE('',#5717);
#2267=FACE_OUTER_BOUND('',#5718,.T.);
#2268=PLANE('',#5719);
#2269=FACE_OUTER_BOUND('',#5720,.T.);
#2270=PLANE('',#5721);
#2271=FACE_OUTER_BOUND('',#5722,.T.);
#2272=PLANE('',#5723);
#2273=FACE_OUTER_BOUND('',#5724,.T.);
#2274=PLANE('',#5725);
#2275=FACE_OUTER_BOUND('',#5726,.T.);
#2276=PLANE('',#5727);
#2277=FACE_OUTER_BOUND('',#5728,.T.);
#2278=PLANE('',#5729);
#2279=FACE_OUTER_BOUND('',#5730,.T.);
#2280=PLANE('',#5731);
#2281=FACE_OUTER_BOUND('',#5732,.T.);
#2282=PLANE('',#5733);
#2283=FACE_OUTER_BOUND('',#5734,.T.);
#2284=PLANE('',#5735);
#2285=FACE_OUTER_BOUND('',#5736,.T.);
#2286=PLANE('',#5737);
#2287=FACE_OUTER_BOUND('',#5738,.T.);
#2288=PLANE('',#5739);
#2289=FACE_OUTER_BOUND('',#5740,.T.);
#2290=PLANE('',#5741);
#2291=ORIENTED_EDGE('',*,*,#5742,.F.);
#2292=ORIENTED_EDGE('',*,*,#5743,.T.);
#2293=ORIENTED_EDGE('',*,*,#5744,.T.);
#2294=ORIENTED_EDGE('',*,*,#5745,.F.);
#2295=CARTESIAN_POINT('',(-7.05499999999972,3.6507320032797E-05,10.26));
#2296=DIRECTION('',(2.27373675443439E-12,1.0,2.78443247639982E-28));
#2297=DIRECTION('',(1.0,-2.27373675443439E-12,1.22460635382238E-16));
#2298=ORIENTED_EDGE('',*,*,#5746,.F.);
#2299=ORIENTED_EDGE('',*,*,#5747,.F.);
#2300=ORIENTED_EDGE('',*,*,#5748,.T.);
#2301=ORIENTED_EDGE('',*,*,#5749,.F.);
#2302=CARTESIAN_POINT('',(-8.62,-1.76250000000001,2.18510589693829));
#2303=DIRECTION('',(6.12303176911189E-17,-5.45944533210187E-15,-1.0));
#2304=DIRECTION('',(3.34283572101893E-31,1.0,-5.45944533210187E-15));
#2305=ORIENTED_EDGE('',*,*,#5750,.F.);
#2306=ORIENTED_EDGE('',*,*,#5751,.F.);
#2307=ORIENTED_EDGE('',*,*,#5752,.F.);
#2308=ORIENTED_EDGE('',*,*,#5753,.F.);
#2309=ORIENTED_EDGE('',*,*,#5754,.T.);
#2310=ORIENTED_EDGE('',*,*,#5755,.F.);
#2311=ORIENTED_EDGE('',*,*,#5756,.F.);
#2312=ORIENTED_EDGE('',*,*,#5757,.F.);
#2313=CARTESIAN_POINT('',(-8.62,-5.325,3.88499999985226));
#2314=DIRECTION('',(-6.12303176911189E-17,1.73021770071453E-16,1.0));
#2315=DIRECTION('',(-1.05941779489548E-32,-1.0,1.73021770071453E-16));
#2316=ORIENTED_EDGE('',*,*,#5758,.F.);
#2317=ORIENTED_EDGE('',*,*,#5759,.T.);
#2318=ORIENTED_EDGE('',*,*,#5760,.F.);
#2319=ORIENTED_EDGE('',*,*,#5751,.T.);
#2320=CARTESIAN_POINT('',(-7.91000000000054,-4.9088592904623,10.26));
#2321=DIRECTION('',(-1.0,-3.6811327862151E-13,-1.22460635382238E-16));
#2322=DIRECTION('',(-3.6811327862151E-13,1.0,-4.50793859926288E-29));
#2323=ORIENTED_EDGE('',*,*,#5755,.T.);
#2324=ORIENTED_EDGE('',*,*,#5761,.T.);
#2325=ORIENTED_EDGE('',*,*,#5762,.T.);
#2326=ORIENTED_EDGE('',*,*,#5763,.F.);
#2327=CARTESIAN_POINT('',(-7.62000000000002,-7.15099999999992,10.26));
#2328=DIRECTION('',(1.22460635382238E-16,0.0,-1.0));
#2329=DIRECTION('',(-1.0,0.0,-1.22460635382238E-16));
#2330=ORIENTED_EDGE('',*,*,#5756,.T.);
#2331=ORIENTED_EDGE('',*,*,#5763,.T.);
#2332=ORIENTED_EDGE('',*,*,#5764,.T.);
#2333=ORIENTED_EDGE('',*,*,#5765,.F.);
#2334=CARTESIAN_POINT('',(-7.42670370868601,-6.79731849637934,10.26));
#2335=DIRECTION('',(0.969043706236115,-0.246889237116917,1.18669707978833E-16));
#2336=DIRECTION('',(-0.246889237116917,-0.969043706236115,-3.02342128463736E-17));
#2337=ORIENTED_EDGE('',*,*,#5766,.F.);
#2338=ORIENTED_EDGE('',*,*,#5757,.T.);
#2339=ORIENTED_EDGE('',*,*,#5765,.T.);
#2340=ORIENTED_EDGE('',*,*,#5767,.T.);
#2341=CARTESIAN_POINT('',(-7.33000000000108,-4.90885929046412,10.26));
#2342=DIRECTION('',(1.0,6.6735707317471E-14,1.22460635382238E-16));
#2343=DIRECTION('',(6.6735707317471E-14,-1.0,8.17249712078054E-30));
#2344=ORIENTED_EDGE('',*,*,#5768,.F.);
#2345=ORIENTED_EDGE('',*,*,#5769,.T.);
#2346=ORIENTED_EDGE('',*,*,#5770,.T.);
#2347=ORIENTED_EDGE('',*,*,#5771,.F.);
#2348=CARTESIAN_POINT('',(-8.18500000000028,3.65073201464838E-05,10.26));
#2349=DIRECTION('',(-4.54747350886878E-12,1.0,-5.56886495279965E-28));
#2350=DIRECTION('',(1.0,4.54747350886878E-12,1.22460635382238E-16));
#2351=ORIENTED_EDGE('',*,*,#5772,.F.);
#2352=ORIENTED_EDGE('',*,*,#5773,.T.);
#2353=ORIENTED_EDGE('',*,*,#5774,.T.);
#2354=ORIENTED_EDGE('',*,*,#5775,.T.);
#2355=ORIENTED_EDGE('',*,*,#5769,.F.);
#2356=CARTESIAN_POINT('',(-8.13500000000033,0.343268253660199,10.26));
#2357=DIRECTION('',(-1.0,0.0,-1.22460635382238E-16));
#2358=DIRECTION('',(0.0,1.0,0.0));
#2359=ORIENTED_EDGE('',*,*,#5776,.T.);
#2360=ORIENTED_EDGE('',*,*,#5777,.T.);
#2361=ORIENTED_EDGE('',*,*,#5778,.T.);
#2362=ORIENTED_EDGE('',*,*,#5774,.F.);
#2363=CARTESIAN_POINT('',(-7.62,0.686500000000024,10.26));
#2364=DIRECTION('',(-0.0,1.0,0.0));
#2365=DIRECTION('',(1.0,0.0,1.22460635382238E-16));
#2366=ORIENTED_EDGE('',*,*,#5779,.F.);
#2367=ORIENTED_EDGE('',*,*,#5745,.T.);
#2368=ORIENTED_EDGE('',*,*,#5780,.T.);
#2369=ORIENTED_EDGE('',*,*,#5777,.F.);
#2370=ORIENTED_EDGE('',*,*,#5781,.T.);
#2371=CARTESIAN_POINT('',(-7.10499999999967,0.343268253660085,10.26));
#2372=DIRECTION('',(1.0,0.0,1.22460635382238E-16));
#2373=DIRECTION('',(0.0,-1.0,0.0));
#2374=ORIENTED_EDGE('',*,*,#5752,.T.);
#2375=ORIENTED_EDGE('',*,*,#5760,.T.);
#2376=ORIENTED_EDGE('',*,*,#5782,.T.);
#2377=ORIENTED_EDGE('',*,*,#5783,.F.);
#2378=CARTESIAN_POINT('',(-7.81329629131439,-6.79731849637755,10.26));
#2379=DIRECTION('',(-0.969043706236058,-0.246889237117142,-1.18669707978826E-16));
#2380=DIRECTION('',(-0.246889237117142,0.969043706236058,-3.02342128464012E-17));
#2381=ORIENTED_EDGE('',*,*,#5753,.T.);
#2382=ORIENTED_EDGE('',*,*,#5783,.T.);
#2383=ORIENTED_EDGE('',*,*,#5784,.T.);
#2384=ORIENTED_EDGE('',*,*,#5785,.T.);
#2385=CARTESIAN_POINT('',(-7.62000000000002,-7.15099999999992,10.26));
#2386=DIRECTION('',(1.22460635382238E-16,0.0,-1.0));
#2387=DIRECTION('',(-1.0,0.0,-1.22460635382238E-16));
#2388=ORIENTED_EDGE('',*,*,#5785,.F.);
#2389=ORIENTED_EDGE('',*,*,#5786,.T.);
#2390=ORIENTED_EDGE('',*,*,#5761,.F.);
#2391=ORIENTED_EDGE('',*,*,#5754,.F.);
#2392=CARTESIAN_POINT('',(-8.62,-7.25,3.80999999985226));
#2393=DIRECTION('',(0.0,-1.0,0.0));
#2394=DIRECTION('',(6.12303176911189E-17,0.0,-1.0));
#2395=ORIENTED_EDGE('',*,*,#5787,.F.);
#2396=ORIENTED_EDGE('',*,*,#5767,.F.);
#2397=ORIENTED_EDGE('',*,*,#5764,.F.);
#2398=ORIENTED_EDGE('',*,*,#5762,.F.);
#2399=ORIENTED_EDGE('',*,*,#5786,.F.);
#2400=ORIENTED_EDGE('',*,*,#5784,.F.);
#2401=ORIENTED_EDGE('',*,*,#5782,.F.);
#2402=ORIENTED_EDGE('',*,*,#5759,.F.);
#2403=CARTESIAN_POINT('',(-8.62,-5.325,3.73499999985226));
#2404=DIRECTION('',(6.12303176911189E-17,-1.73021770071453E-16,-1.0));
#2405=DIRECTION('',(1.05941779489548E-32,1.0,-1.73021770071453E-16));
#2406=ORIENTED_EDGE('',*,*,#5770,.F.);
#2407=ORIENTED_EDGE('',*,*,#5775,.F.);
#2408=ORIENTED_EDGE('',*,*,#5778,.F.);
#2409=ORIENTED_EDGE('',*,*,#5780,.F.);
#2410=ORIENTED_EDGE('',*,*,#5744,.F.);
#2411=ORIENTED_EDGE('',*,*,#5788,.F.);
#2412=ORIENTED_EDGE('',*,*,#5789,.F.);
#2413=ORIENTED_EDGE('',*,*,#5790,.F.);
#2414=CARTESIAN_POINT('',(-8.62,-0.141167119295589,4.33273034841762));
#2415=DIRECTION('',(6.03000915816148E-17,0.173648177666898,-0.984807753012214));
#2416=DIRECTION('',(-1.0632533085028E-17,0.984807753012214,0.173648177666898));
#2417=ORIENTED_EDGE('',*,*,#5791,.F.);
#2418=ORIENTED_EDGE('',*,*,#5792,.T.);
#2419=ORIENTED_EDGE('',*,*,#5793,.F.);
#2420=ORIENTED_EDGE('',*,*,#5748,.F.);
#2421=CARTESIAN_POINT('',(-8.62,-0.400000000000057,2.46010589693821));
#2422=DIRECTION('',(1.0,0.0,6.12303176911189E-17));
#2423=DIRECTION('',(6.12303176911189E-17,0.0,-1.0));
#2424=ORIENTED_EDGE('',*,*,#5794,.F.);
#2425=ORIENTED_EDGE('',*,*,#5795,.T.);
#2426=ORIENTED_EDGE('',*,*,#5796,.F.);
#2427=ORIENTED_EDGE('',*,*,#5792,.F.);
#2428=CARTESIAN_POINT('',(-8.62,-0.616548863858165,3.33031818198868));
#2429=DIRECTION('',(-3.22864391928112E-17,0.849682295447765,0.527294980824413));
#2430=DIRECTION('',(-5.20263168867858E-17,-0.527294980824413,0.849682295447765));
#2431=ORIENTED_EDGE('',*,*,#5797,.F.);
#2432=ORIENTED_EDGE('',*,*,#5798,.T.);
#2433=ORIENTED_EDGE('',*,*,#5799,.F.);
#2434=ORIENTED_EDGE('',*,*,#5795,.F.);
#2435=CARTESIAN_POINT('',(-8.62,-1.3081119489868,3.92365915036066));
#2436=DIRECTION('',(1.0,0.0,6.12303176911189E-17));
#2437=DIRECTION('',(6.12303176911189E-17,0.0,-1.0));
#2438=ORIENTED_EDGE('',*,*,#5800,.F.);
#2439=ORIENTED_EDGE('',*,*,#5789,.T.);
#2440=ORIENTED_EDGE('',*,*,#5801,.F.);
#2441=ORIENTED_EDGE('',*,*,#5798,.F.);
#2442=CARTESIAN_POINT('',(-8.62,-1.09947770528177,4.18624531546225));
#2443=DIRECTION('',(6.12303176911189E-17,0.0,-1.0));
#2444=DIRECTION('',(0.0,1.0,0.0));
#2445=ORIENTED_EDGE('',*,*,#5802,.F.);
#2446=ORIENTED_EDGE('',*,*,#5781,.F.);
#2447=ORIENTED_EDGE('',*,*,#5776,.F.);
#2448=ORIENTED_EDGE('',*,*,#5773,.F.);
#2449=CARTESIAN_POINT('',(-8.62,0.676765029575738,4.55195385465245));
#2450=DIRECTION('',(-1.06325330850154E-17,0.98480775301225,0.173648177666693));
#2451=DIRECTION('',(-6.0300091581617E-17,-0.173648177666693,0.98480775301225));
#2452=ORIENTED_EDGE('',*,*,#5742,.T.);
#2453=ORIENTED_EDGE('',*,*,#5779,.T.);
#2454=ORIENTED_EDGE('',*,*,#5802,.T.);
#2455=ORIENTED_EDGE('',*,*,#5772,.T.);
#2456=ORIENTED_EDGE('',*,*,#5768,.T.);
#2457=ORIENTED_EDGE('',*,*,#5803,.T.);
#2458=ORIENTED_EDGE('',*,*,#5804,.T.);
#2459=ORIENTED_EDGE('',*,*,#5805,.F.);
#2460=ORIENTED_EDGE('',*,*,#5806,.T.);
#2461=ORIENTED_EDGE('',*,*,#5807,.T.);
#2462=ORIENTED_EDGE('',*,*,#5808,.T.);
#2463=ORIENTED_EDGE('',*,*,#5809,.T.);
#2464=ORIENTED_EDGE('',*,*,#5810,.T.);
#2465=ORIENTED_EDGE('',*,*,#5811,.T.);
#2466=ORIENTED_EDGE('',*,*,#5812,.T.);
#2467=ORIENTED_EDGE('',*,*,#5813,.T.);
#2468=ORIENTED_EDGE('',*,*,#5814,.T.);
#2469=ORIENTED_EDGE('',*,*,#5815,.T.);
#2470=ORIENTED_EDGE('',*,*,#5816,.T.);
#2471=ORIENTED_EDGE('',*,*,#5817,.T.);
#2472=ORIENTED_EDGE('',*,*,#5818,.T.);
#2473=ORIENTED_EDGE('',*,*,#5819,.T.);
#2474=ORIENTED_EDGE('',*,*,#5820,.T.);
#2475=ORIENTED_EDGE('',*,*,#5821,.T.);
#2476=ORIENTED_EDGE('',*,*,#5822,.T.);
#2477=ORIENTED_EDGE('',*,*,#5823,.T.);
#2478=ORIENTED_EDGE('',*,*,#5824,.T.);
#2479=ORIENTED_EDGE('',*,*,#5825,.T.);
#2480=ORIENTED_EDGE('',*,*,#5826,.T.);
#2481=ORIENTED_EDGE('',*,*,#5827,.T.);
#2482=ORIENTED_EDGE('',*,*,#5828,.T.);
#2483=ORIENTED_EDGE('',*,*,#5829,.T.);
#2484=ORIENTED_EDGE('',*,*,#5830,.T.);
#2485=ORIENTED_EDGE('',*,*,#5831,.T.);
#2486=ORIENTED_EDGE('',*,*,#5832,.T.);
#2487=ORIENTED_EDGE('',*,*,#5833,.T.);
#2488=ORIENTED_EDGE('',*,*,#5834,.T.);
#2489=ORIENTED_EDGE('',*,*,#5835,.T.);
#2490=ORIENTED_EDGE('',*,*,#5836,.T.);
#2491=ORIENTED_EDGE('',*,*,#5837,.T.);
#2492=ORIENTED_EDGE('',*,*,#5838,.T.);
#2493=ORIENTED_EDGE('',*,*,#5839,.T.);
#2494=ORIENTED_EDGE('',*,*,#5840,.T.);
#2495=ORIENTED_EDGE('',*,*,#5841,.T.);
#2496=ORIENTED_EDGE('',*,*,#5842,.T.);
#2497=ORIENTED_EDGE('',*,*,#5843,.T.);
#2498=CARTESIAN_POINT('',(8.89,0.499999999999999,4.59183650964576));
#2499=DIRECTION('',(-6.03000915816153E-17,0.173648177666851,-0.984807753012222));
#2500=DIRECTION('',(-1.06325330850251E-17,-0.984807753012222,-0.173648177666851));
#2501=ORIENTED_EDGE('',*,*,#5749,.T.);
#2502=ORIENTED_EDGE('',*,*,#5793,.T.);
#2503=ORIENTED_EDGE('',*,*,#5796,.T.);
#2504=ORIENTED_EDGE('',*,*,#5799,.T.);
#2505=ORIENTED_EDGE('',*,*,#5801,.T.);
#2506=ORIENTED_EDGE('',*,*,#5788,.T.);
#2507=ORIENTED_EDGE('',*,*,#5844,.F.);
#2508=ORIENTED_EDGE('',*,*,#5845,.F.);
#2509=ORIENTED_EDGE('',*,*,#5846,.F.);
#2510=CARTESIAN_POINT('',(-7.005,-0.68,3.335));
#2511=DIRECTION('',(-1.0,0.0,6.12303176911189E-17));
#2512=DIRECTION('',(6.12303176911189E-17,0.0,1.0));
#2513=ORIENTED_EDGE('',*,*,#5838,.F.);
#2514=ORIENTED_EDGE('',*,*,#5847,.T.);
#2515=ORIENTED_EDGE('',*,*,#5848,.T.);
#2516=ORIENTED_EDGE('',*,*,#5849,.F.);
#2517=CARTESIAN_POINT('',(-4.51499999999972,3.6507320032797E-05,10.26));
#2518=DIRECTION('',(2.27373675443439E-12,1.0,2.78443247639982E-28));
#2519=DIRECTION('',(1.0,-2.27373675443439E-12,1.22460635382238E-16));
#2520=ORIENTED_EDGE('',*,*,#5850,.F.);
#2521=ORIENTED_EDGE('',*,*,#5851,.F.);
#2522=ORIENTED_EDGE('',*,*,#5852,.T.);
#2523=ORIENTED_EDGE('',*,*,#5853,.F.);
#2524=CARTESIAN_POINT('',(-6.08,-1.76250000000001,2.18510589693829));
#2525=DIRECTION('',(6.12303176911189E-17,-5.45944533210187E-15,-1.0));
#2526=DIRECTION('',(3.34283572101893E-31,1.0,-5.45944533210187E-15));
#2527=ORIENTED_EDGE('',*,*,#5854,.F.);
#2528=ORIENTED_EDGE('',*,*,#5855,.F.);
#2529=ORIENTED_EDGE('',*,*,#5856,.F.);
#2530=ORIENTED_EDGE('',*,*,#5857,.F.);
#2531=ORIENTED_EDGE('',*,*,#5858,.T.);
#2532=ORIENTED_EDGE('',*,*,#5859,.F.);
#2533=ORIENTED_EDGE('',*,*,#5860,.F.);
#2534=ORIENTED_EDGE('',*,*,#5861,.F.);
#2535=CARTESIAN_POINT('',(-6.08,-5.325,3.88499999985226));
#2536=DIRECTION('',(-6.12303176911189E-17,1.73021770071453E-16,1.0));
#2537=DIRECTION('',(-1.05941779489548E-32,-1.0,1.73021770071453E-16));
#2538=ORIENTED_EDGE('',*,*,#5862,.F.);
#2539=ORIENTED_EDGE('',*,*,#5863,.T.);
#2540=ORIENTED_EDGE('',*,*,#5864,.F.);
#2541=ORIENTED_EDGE('',*,*,#5855,.T.);
#2542=CARTESIAN_POINT('',(-5.37000000000053,-4.9088592904623,10.26));
#2543=DIRECTION('',(-1.0,-3.6811327862151E-13,-1.22460635382238E-16));
#2544=DIRECTION('',(-3.6811327862151E-13,1.0,-4.50793859926288E-29));
#2545=ORIENTED_EDGE('',*,*,#5859,.T.);
#2546=ORIENTED_EDGE('',*,*,#5865,.T.);
#2547=ORIENTED_EDGE('',*,*,#5866,.T.);
#2548=ORIENTED_EDGE('',*,*,#5867,.F.);
#2549=CARTESIAN_POINT('',(-5.08000000000003,-7.15099999999992,10.26));
#2550=DIRECTION('',(1.22460635382238E-16,0.0,-1.0));
#2551=DIRECTION('',(-1.0,0.0,-1.22460635382238E-16));
#2552=ORIENTED_EDGE('',*,*,#5860,.T.);
#2553=ORIENTED_EDGE('',*,*,#5867,.T.);
#2554=ORIENTED_EDGE('',*,*,#5868,.T.);
#2555=ORIENTED_EDGE('',*,*,#5869,.F.);
#2556=CARTESIAN_POINT('',(-4.88670370868601,-6.79731849637934,10.26));
#2557=DIRECTION('',(0.969043706236115,-0.246889237116917,1.18669707978833E-16));
#2558=DIRECTION('',(-0.246889237116917,-0.969043706236115,-3.02342128463736E-17));
#2559=ORIENTED_EDGE('',*,*,#5870,.F.);
#2560=ORIENTED_EDGE('',*,*,#5861,.T.);
#2561=ORIENTED_EDGE('',*,*,#5869,.T.);
#2562=ORIENTED_EDGE('',*,*,#5871,.T.);
#2563=CARTESIAN_POINT('',(-4.79000000000108,-4.90885929046412,10.26));
#2564=DIRECTION('',(1.0,6.6735707317471E-14,1.22460635382238E-16));
#2565=DIRECTION('',(6.6735707317471E-14,-1.0,8.17249712078054E-30));
#2566=ORIENTED_EDGE('',*,*,#5842,.F.);
#2567=ORIENTED_EDGE('',*,*,#5872,.T.);
#2568=ORIENTED_EDGE('',*,*,#5873,.T.);
#2569=ORIENTED_EDGE('',*,*,#5874,.F.);
#2570=CARTESIAN_POINT('',(-5.64500000000028,3.65073201464838E-05,10.26));
#2571=DIRECTION('',(-4.54747350886878E-12,1.0,-5.56886495279965E-28));
#2572=DIRECTION('',(1.0,4.54747350886878E-12,1.22460635382238E-16));
#2573=ORIENTED_EDGE('',*,*,#5841,.F.);
#2574=ORIENTED_EDGE('',*,*,#5875,.T.);
#2575=ORIENTED_EDGE('',*,*,#5876,.T.);
#2576=ORIENTED_EDGE('',*,*,#5877,.T.);
#2577=ORIENTED_EDGE('',*,*,#5872,.F.);
#2578=CARTESIAN_POINT('',(-5.59500000000033,0.343268253660199,10.26));
#2579=DIRECTION('',(-1.0,0.0,-1.22460635382238E-16));
#2580=DIRECTION('',(0.0,1.0,0.0));
#2581=ORIENTED_EDGE('',*,*,#5878,.T.);
#2582=ORIENTED_EDGE('',*,*,#5879,.T.);
#2583=ORIENTED_EDGE('',*,*,#5880,.T.);
#2584=ORIENTED_EDGE('',*,*,#5876,.F.);
#2585=CARTESIAN_POINT('',(-5.08,0.686500000000024,10.26));
#2586=DIRECTION('',(-0.0,1.0,0.0));
#2587=DIRECTION('',(1.0,0.0,1.22460635382238E-16));
#2588=ORIENTED_EDGE('',*,*,#5839,.F.);
#2589=ORIENTED_EDGE('',*,*,#5849,.T.);
#2590=ORIENTED_EDGE('',*,*,#5881,.T.);
#2591=ORIENTED_EDGE('',*,*,#5879,.F.);
#2592=ORIENTED_EDGE('',*,*,#5882,.T.);
#2593=CARTESIAN_POINT('',(-4.56499999999967,0.343268253660085,10.26));
#2594=DIRECTION('',(1.0,0.0,1.22460635382238E-16));
#2595=DIRECTION('',(0.0,-1.0,0.0));
#2596=ORIENTED_EDGE('',*,*,#5856,.T.);
#2597=ORIENTED_EDGE('',*,*,#5864,.T.);
#2598=ORIENTED_EDGE('',*,*,#5883,.T.);
#2599=ORIENTED_EDGE('',*,*,#5884,.F.);
#2600=CARTESIAN_POINT('',(-5.27329629131439,-6.79731849637755,10.26));
#2601=DIRECTION('',(-0.969043706236058,-0.246889237117142,-1.18669707978826E-16));
#2602=DIRECTION('',(-0.246889237117142,0.969043706236058,-3.02342128464012E-17));
#2603=ORIENTED_EDGE('',*,*,#5857,.T.);
#2604=ORIENTED_EDGE('',*,*,#5884,.T.);
#2605=ORIENTED_EDGE('',*,*,#5885,.T.);
#2606=ORIENTED_EDGE('',*,*,#5886,.T.);
#2607=CARTESIAN_POINT('',(-5.08000000000003,-7.15099999999992,10.26));
#2608=DIRECTION('',(1.22460635382238E-16,0.0,-1.0));
#2609=DIRECTION('',(-1.0,0.0,-1.22460635382238E-16));
#2610=ORIENTED_EDGE('',*,*,#5886,.F.);
#2611=ORIENTED_EDGE('',*,*,#5887,.T.);
#2612=ORIENTED_EDGE('',*,*,#5865,.F.);
#2613=ORIENTED_EDGE('',*,*,#5858,.F.);
#2614=CARTESIAN_POINT('',(-6.08,-7.25,3.80999999985226));
#2615=DIRECTION('',(0.0,-1.0,0.0));
#2616=DIRECTION('',(6.12303176911189E-17,0.0,-1.0));
#2617=ORIENTED_EDGE('',*,*,#5888,.F.);
#2618=ORIENTED_EDGE('',*,*,#5871,.F.);
#2619=ORIENTED_EDGE('',*,*,#5868,.F.);
#2620=ORIENTED_EDGE('',*,*,#5866,.F.);
#2621=ORIENTED_EDGE('',*,*,#5887,.F.);
#2622=ORIENTED_EDGE('',*,*,#5885,.F.);
#2623=ORIENTED_EDGE('',*,*,#5883,.F.);
#2624=ORIENTED_EDGE('',*,*,#5863,.F.);
#2625=CARTESIAN_POINT('',(-6.08,-5.325,3.73499999985226));
#2626=DIRECTION('',(6.12303176911189E-17,-1.73021770071453E-16,-1.0));
#2627=DIRECTION('',(1.05941779489548E-32,1.0,-1.73021770071453E-16));
#2628=ORIENTED_EDGE('',*,*,#5873,.F.);
#2629=ORIENTED_EDGE('',*,*,#5877,.F.);
#2630=ORIENTED_EDGE('',*,*,#5880,.F.);
#2631=ORIENTED_EDGE('',*,*,#5881,.F.);
#2632=ORIENTED_EDGE('',*,*,#5848,.F.);
#2633=ORIENTED_EDGE('',*,*,#5889,.F.);
#2634=ORIENTED_EDGE('',*,*,#5890,.F.);
#2635=ORIENTED_EDGE('',*,*,#5891,.F.);
#2636=CARTESIAN_POINT('',(-6.08,-0.141167119295589,4.33273034841762));
#2637=DIRECTION('',(6.03000915816148E-17,0.173648177666898,-0.984807753012214));
#2638=DIRECTION('',(-1.0632533085028E-17,0.984807753012214,0.173648177666898));
#2639=ORIENTED_EDGE('',*,*,#5892,.F.);
#2640=ORIENTED_EDGE('',*,*,#5893,.T.);
#2641=ORIENTED_EDGE('',*,*,#5894,.F.);
#2642=ORIENTED_EDGE('',*,*,#5852,.F.);
#2643=CARTESIAN_POINT('',(-6.08,-0.400000000000057,2.46010589693821));
#2644=DIRECTION('',(1.0,0.0,6.12303176911189E-17));
#2645=DIRECTION('',(6.12303176911189E-17,0.0,-1.0));
#2646=ORIENTED_EDGE('',*,*,#5895,.F.);
#2647=ORIENTED_EDGE('',*,*,#5896,.T.);
#2648=ORIENTED_EDGE('',*,*,#5897,.F.);
#2649=ORIENTED_EDGE('',*,*,#5893,.F.);
#2650=CARTESIAN_POINT('',(-6.08,-0.616548863858165,3.33031818198868));
#2651=DIRECTION('',(-3.22864391928112E-17,0.849682295447765,0.527294980824413));
#2652=DIRECTION('',(-5.20263168867858E-17,-0.527294980824413,0.849682295447765));
#2653=ORIENTED_EDGE('',*,*,#5898,.F.);
#2654=ORIENTED_EDGE('',*,*,#5899,.T.);
#2655=ORIENTED_EDGE('',*,*,#5900,.F.);
#2656=ORIENTED_EDGE('',*,*,#5896,.F.);
#2657=CARTESIAN_POINT('',(-6.08,-1.3081119489868,3.92365915036066));
#2658=DIRECTION('',(1.0,0.0,6.12303176911189E-17));
#2659=DIRECTION('',(6.12303176911189E-17,0.0,-1.0));
#2660=ORIENTED_EDGE('',*,*,#5901,.F.);
#2661=ORIENTED_EDGE('',*,*,#5890,.T.);
#2662=ORIENTED_EDGE('',*,*,#5902,.F.);
#2663=ORIENTED_EDGE('',*,*,#5899,.F.);
#2664=CARTESIAN_POINT('',(-6.08,-1.09947770528177,4.18624531546225));
#2665=DIRECTION('',(6.12303176911189E-17,0.0,-1.0));
#2666=DIRECTION('',(0.0,1.0,0.0));
#2667=ORIENTED_EDGE('',*,*,#5840,.F.);
#2668=ORIENTED_EDGE('',*,*,#5882,.F.);
#2669=ORIENTED_EDGE('',*,*,#5878,.F.);
#2670=ORIENTED_EDGE('',*,*,#5875,.F.);
#2671=CARTESIAN_POINT('',(-6.08,0.676765029575738,4.55195385465245));
#2672=DIRECTION('',(-1.06325330850154E-17,0.98480775301225,0.173648177666693));
#2673=DIRECTION('',(-6.0300091581617E-17,-0.173648177666693,0.98480775301225));
#2674=ORIENTED_EDGE('',*,*,#5853,.T.);
#2675=ORIENTED_EDGE('',*,*,#5894,.T.);
#2676=ORIENTED_EDGE('',*,*,#5897,.T.);
#2677=ORIENTED_EDGE('',*,*,#5900,.T.);
#2678=ORIENTED_EDGE('',*,*,#5902,.T.);
#2679=ORIENTED_EDGE('',*,*,#5889,.T.);
#2680=ORIENTED_EDGE('',*,*,#5903,.F.);
#2681=ORIENTED_EDGE('',*,*,#5904,.F.);
#2682=ORIENTED_EDGE('',*,*,#5905,.F.);
#2683=CARTESIAN_POINT('',(-4.465,-0.68,3.335));
#2684=DIRECTION('',(-1.0,0.0,6.12303176911189E-17));
#2685=DIRECTION('',(6.12303176911189E-17,0.0,1.0));
#2686=ORIENTED_EDGE('',*,*,#5832,.F.);
#2687=ORIENTED_EDGE('',*,*,#5906,.T.);
#2688=ORIENTED_EDGE('',*,*,#5907,.T.);
#2689=ORIENTED_EDGE('',*,*,#5908,.F.);
#2690=CARTESIAN_POINT('',(-1.97499999999972,3.6507320032797E-05,10.26));
#2691=DIRECTION('',(2.27373675443439E-12,1.0,2.78443247639982E-28));
#2692=DIRECTION('',(1.0,-2.27373675443439E-12,1.22460635382238E-16));
#2693=ORIENTED_EDGE('',*,*,#5909,.F.);
#2694=ORIENTED_EDGE('',*,*,#5910,.F.);
#2695=ORIENTED_EDGE('',*,*,#5911,.T.);
#2696=ORIENTED_EDGE('',*,*,#5912,.F.);
#2697=CARTESIAN_POINT('',(-3.54,-1.76250000000001,2.18510589693828));
#2698=DIRECTION('',(6.12303176911189E-17,-5.45944533210187E-15,-1.0));
#2699=DIRECTION('',(3.34283572101893E-31,1.0,-5.45944533210187E-15));
#2700=ORIENTED_EDGE('',*,*,#5913,.F.);
#2701=ORIENTED_EDGE('',*,*,#5914,.F.);
#2702=ORIENTED_EDGE('',*,*,#5915,.F.);
#2703=ORIENTED_EDGE('',*,*,#5916,.F.);
#2704=ORIENTED_EDGE('',*,*,#5917,.T.);
#2705=ORIENTED_EDGE('',*,*,#5918,.F.);
#2706=ORIENTED_EDGE('',*,*,#5919,.F.);
#2707=ORIENTED_EDGE('',*,*,#5920,.F.);
#2708=CARTESIAN_POINT('',(-3.54,-5.325,3.88499999985226));
#2709=DIRECTION('',(-6.12303176911189E-17,1.73021770071453E-16,1.0));
#2710=DIRECTION('',(-1.05941779489548E-32,-1.0,1.73021770071453E-16));
#2711=ORIENTED_EDGE('',*,*,#5921,.F.);
#2712=ORIENTED_EDGE('',*,*,#5922,.T.);
#2713=ORIENTED_EDGE('',*,*,#5923,.F.);
#2714=ORIENTED_EDGE('',*,*,#5914,.T.);
#2715=CARTESIAN_POINT('',(-2.83000000000054,-4.9088592904623,10.26));
#2716=DIRECTION('',(-1.0,-3.6811327862151E-13,-1.22460635382238E-16));
#2717=DIRECTION('',(-3.6811327862151E-13,1.0,-4.50793859926288E-29));
#2718=ORIENTED_EDGE('',*,*,#5918,.T.);
#2719=ORIENTED_EDGE('',*,*,#5924,.T.);
#2720=ORIENTED_EDGE('',*,*,#5925,.T.);
#2721=ORIENTED_EDGE('',*,*,#5926,.F.);
#2722=CARTESIAN_POINT('',(-2.54000000000003,-7.15099999999992,10.26));
#2723=DIRECTION('',(1.22460635382238E-16,0.0,-1.0));
#2724=DIRECTION('',(-1.0,0.0,-1.22460635382238E-16));
#2725=ORIENTED_EDGE('',*,*,#5919,.T.);
#2726=ORIENTED_EDGE('',*,*,#5926,.T.);
#2727=ORIENTED_EDGE('',*,*,#5927,.T.);
#2728=ORIENTED_EDGE('',*,*,#5928,.F.);
#2729=CARTESIAN_POINT('',(-2.34670370868601,-6.79731849637934,10.26));
#2730=DIRECTION('',(0.969043706236115,-0.246889237116917,1.18669707978833E-16));
#2731=DIRECTION('',(-0.246889237116917,-0.969043706236115,-3.02342128463736E-17));
#2732=ORIENTED_EDGE('',*,*,#5929,.F.);
#2733=ORIENTED_EDGE('',*,*,#5920,.T.);
#2734=ORIENTED_EDGE('',*,*,#5928,.T.);
#2735=ORIENTED_EDGE('',*,*,#5930,.T.);
#2736=CARTESIAN_POINT('',(-2.25000000000108,-4.90885929046412,10.26));
#2737=DIRECTION('',(1.0,6.6735707317471E-14,1.22460635382238E-16));
#2738=DIRECTION('',(6.6735707317471E-14,-1.0,8.17249712078054E-30));
#2739=ORIENTED_EDGE('',*,*,#5836,.F.);
#2740=ORIENTED_EDGE('',*,*,#5931,.T.);
#2741=ORIENTED_EDGE('',*,*,#5932,.T.);
#2742=ORIENTED_EDGE('',*,*,#5933,.F.);
#2743=CARTESIAN_POINT('',(-3.10500000000028,3.65073201464838E-05,10.26));
#2744=DIRECTION('',(-4.54747350886878E-12,1.0,-5.56886495279965E-28));
#2745=DIRECTION('',(1.0,4.54747350886878E-12,1.22460635382238E-16));
#2746=ORIENTED_EDGE('',*,*,#5835,.F.);
#2747=ORIENTED_EDGE('',*,*,#5934,.T.);
#2748=ORIENTED_EDGE('',*,*,#5935,.T.);
#2749=ORIENTED_EDGE('',*,*,#5936,.T.);
#2750=ORIENTED_EDGE('',*,*,#5931,.F.);
#2751=CARTESIAN_POINT('',(-3.05500000000033,0.343268253660199,10.26));
#2752=DIRECTION('',(-1.0,0.0,-1.22460635382238E-16));
#2753=DIRECTION('',(0.0,1.0,0.0));
#2754=ORIENTED_EDGE('',*,*,#5937,.T.);
#2755=ORIENTED_EDGE('',*,*,#5938,.T.);
#2756=ORIENTED_EDGE('',*,*,#5939,.T.);
#2757=ORIENTED_EDGE('',*,*,#5935,.F.);
#2758=CARTESIAN_POINT('',(-2.54,0.686500000000024,10.26));
#2759=DIRECTION('',(-0.0,1.0,0.0));
#2760=DIRECTION('',(1.0,0.0,1.22460635382238E-16));
#2761=ORIENTED_EDGE('',*,*,#5833,.F.);
#2762=ORIENTED_EDGE('',*,*,#5908,.T.);
#2763=ORIENTED_EDGE('',*,*,#5940,.T.);
#2764=ORIENTED_EDGE('',*,*,#5938,.F.);
#2765=ORIENTED_EDGE('',*,*,#5941,.T.);
#2766=CARTESIAN_POINT('',(-2.02499999999967,0.343268253660085,10.26));
#2767=DIRECTION('',(1.0,0.0,1.22460635382238E-16));
#2768=DIRECTION('',(0.0,-1.0,0.0));
#2769=ORIENTED_EDGE('',*,*,#5915,.T.);
#2770=ORIENTED_EDGE('',*,*,#5923,.T.);
#2771=ORIENTED_EDGE('',*,*,#5942,.T.);
#2772=ORIENTED_EDGE('',*,*,#5943,.F.);
#2773=CARTESIAN_POINT('',(-2.73329629131439,-6.79731849637755,10.26));
#2774=DIRECTION('',(-0.969043706236058,-0.246889237117142,-1.18669707978826E-16));
#2775=DIRECTION('',(-0.246889237117142,0.969043706236058,-3.02342128464012E-17));
#2776=ORIENTED_EDGE('',*,*,#5916,.T.);
#2777=ORIENTED_EDGE('',*,*,#5943,.T.);
#2778=ORIENTED_EDGE('',*,*,#5944,.T.);
#2779=ORIENTED_EDGE('',*,*,#5945,.T.);
#2780=CARTESIAN_POINT('',(-2.54000000000003,-7.15099999999992,10.26));
#2781=DIRECTION('',(1.22460635382238E-16,0.0,-1.0));
#2782=DIRECTION('',(-1.0,0.0,-1.22460635382238E-16));
#2783=ORIENTED_EDGE('',*,*,#5945,.F.);
#2784=ORIENTED_EDGE('',*,*,#5946,.T.);
#2785=ORIENTED_EDGE('',*,*,#5924,.F.);
#2786=ORIENTED_EDGE('',*,*,#5917,.F.);
#2787=CARTESIAN_POINT('',(-3.54,-7.25,3.80999999985226));
#2788=DIRECTION('',(0.0,-1.0,0.0));
#2789=DIRECTION('',(6.12303176911189E-17,0.0,-1.0));
#2790=ORIENTED_EDGE('',*,*,#5947,.F.);
#2791=ORIENTED_EDGE('',*,*,#5930,.F.);
#2792=ORIENTED_EDGE('',*,*,#5927,.F.);
#2793=ORIENTED_EDGE('',*,*,#5925,.F.);
#2794=ORIENTED_EDGE('',*,*,#5946,.F.);
#2795=ORIENTED_EDGE('',*,*,#5944,.F.);
#2796=ORIENTED_EDGE('',*,*,#5942,.F.);
#2797=ORIENTED_EDGE('',*,*,#5922,.F.);
#2798=CARTESIAN_POINT('',(-3.54,-5.325,3.73499999985226));
#2799=DIRECTION('',(6.12303176911189E-17,-1.73021770071453E-16,-1.0));
#2800=DIRECTION('',(1.05941779489548E-32,1.0,-1.73021770071453E-16));
#2801=ORIENTED_EDGE('',*,*,#5932,.F.);
#2802=ORIENTED_EDGE('',*,*,#5936,.F.);
#2803=ORIENTED_EDGE('',*,*,#5939,.F.);
#2804=ORIENTED_EDGE('',*,*,#5940,.F.);
#2805=ORIENTED_EDGE('',*,*,#5907,.F.);
#2806=ORIENTED_EDGE('',*,*,#5948,.F.);
#2807=ORIENTED_EDGE('',*,*,#5949,.F.);
#2808=ORIENTED_EDGE('',*,*,#5950,.F.);
#2809=CARTESIAN_POINT('',(-3.54,-0.141167119295589,4.33273034841762));
#2810=DIRECTION('',(6.03000915816148E-17,0.173648177666898,-0.984807753012214));
#2811=DIRECTION('',(-1.0632533085028E-17,0.984807753012214,0.173648177666898));
#2812=ORIENTED_EDGE('',*,*,#5951,.F.);
#2813=ORIENTED_EDGE('',*,*,#5952,.T.);
#2814=ORIENTED_EDGE('',*,*,#5953,.F.);
#2815=ORIENTED_EDGE('',*,*,#5911,.F.);
#2816=CARTESIAN_POINT('',(-3.54,-0.400000000000057,2.46010589693821));
#2817=DIRECTION('',(1.0,0.0,6.12303176911189E-17));
#2818=DIRECTION('',(6.12303176911189E-17,0.0,-1.0));
#2819=ORIENTED_EDGE('',*,*,#5954,.F.);
#2820=ORIENTED_EDGE('',*,*,#5955,.T.);
#2821=ORIENTED_EDGE('',*,*,#5956,.F.);
#2822=ORIENTED_EDGE('',*,*,#5952,.F.);
#2823=CARTESIAN_POINT('',(-3.54,-0.616548863858165,3.33031818198868));
#2824=DIRECTION('',(-3.22864391928112E-17,0.849682295447765,0.527294980824413));
#2825=DIRECTION('',(-5.20263168867858E-17,-0.527294980824413,0.849682295447765));
#2826=ORIENTED_EDGE('',*,*,#5957,.F.);
#2827=ORIENTED_EDGE('',*,*,#5958,.T.);
#2828=ORIENTED_EDGE('',*,*,#5959,.F.);
#2829=ORIENTED_EDGE('',*,*,#5955,.F.);
#2830=CARTESIAN_POINT('',(-3.54,-1.3081119489868,3.92365915036066));
#2831=DIRECTION('',(1.0,0.0,6.12303176911189E-17));
#2832=DIRECTION('',(6.12303176911189E-17,0.0,-1.0));
#2833=ORIENTED_EDGE('',*,*,#5960,.F.);
#2834=ORIENTED_EDGE('',*,*,#5949,.T.);
#2835=ORIENTED_EDGE('',*,*,#5961,.F.);
#2836=ORIENTED_EDGE('',*,*,#5958,.F.);
#2837=CARTESIAN_POINT('',(-3.54,-1.09947770528177,4.18624531546225));
#2838=DIRECTION('',(6.12303176911189E-17,0.0,-1.0));
#2839=DIRECTION('',(0.0,1.0,0.0));
#2840=ORIENTED_EDGE('',*,*,#5834,.F.);
#2841=ORIENTED_EDGE('',*,*,#5941,.F.);
#2842=ORIENTED_EDGE('',*,*,#5937,.F.);
#2843=ORIENTED_EDGE('',*,*,#5934,.F.);
#2844=CARTESIAN_POINT('',(-3.54,0.676765029575738,4.55195385465245));
#2845=DIRECTION('',(-1.06325330850154E-17,0.98480775301225,0.173648177666693));
#2846=DIRECTION('',(-6.0300091581617E-17,-0.173648177666693,0.98480775301225));
#2847=ORIENTED_EDGE('',*,*,#5912,.T.);
#2848=ORIENTED_EDGE('',*,*,#5953,.T.);
#2849=ORIENTED_EDGE('',*,*,#5956,.T.);
#2850=ORIENTED_EDGE('',*,*,#5959,.T.);
#2851=ORIENTED_EDGE('',*,*,#5961,.T.);
#2852=ORIENTED_EDGE('',*,*,#5948,.T.);
#2853=ORIENTED_EDGE('',*,*,#5962,.F.);
#2854=ORIENTED_EDGE('',*,*,#5963,.F.);
#2855=ORIENTED_EDGE('',*,*,#5964,.F.);
#2856=CARTESIAN_POINT('',(-1.925,-0.68,3.335));
#2857=DIRECTION('',(-1.0,0.0,6.12303176911189E-17));
#2858=DIRECTION('',(6.12303176911189E-17,0.0,1.0));
#2859=ORIENTED_EDGE('',*,*,#5826,.F.);
#2860=ORIENTED_EDGE('',*,*,#5965,.T.);
#2861=ORIENTED_EDGE('',*,*,#5966,.T.);
#2862=ORIENTED_EDGE('',*,*,#5967,.F.);
#2863=CARTESIAN_POINT('',(0.565000000000281,3.6507320032797E-05,10.26));
#2864=DIRECTION('',(2.27373675443439E-12,1.0,2.78443247639982E-28));
#2865=DIRECTION('',(1.0,-2.27373675443439E-12,1.22460635382238E-16));
#2866=ORIENTED_EDGE('',*,*,#5968,.F.);
#2867=ORIENTED_EDGE('',*,*,#5969,.F.);
#2868=ORIENTED_EDGE('',*,*,#5970,.T.);
#2869=ORIENTED_EDGE('',*,*,#5971,.F.);
#2870=CARTESIAN_POINT('',(-1.0,-1.76250000000001,2.18510589693828));
#2871=DIRECTION('',(6.12303176911189E-17,-5.45944533210187E-15,-1.0));
#2872=DIRECTION('',(3.34283572101893E-31,1.0,-5.45944533210187E-15));
#2873=ORIENTED_EDGE('',*,*,#5972,.F.);
#2874=ORIENTED_EDGE('',*,*,#5973,.F.);
#2875=ORIENTED_EDGE('',*,*,#5974,.F.);
#2876=ORIENTED_EDGE('',*,*,#5975,.F.);
#2877=ORIENTED_EDGE('',*,*,#5976,.T.);
#2878=ORIENTED_EDGE('',*,*,#5977,.F.);
#2879=ORIENTED_EDGE('',*,*,#5978,.F.);
#2880=ORIENTED_EDGE('',*,*,#5979,.F.);
#2881=CARTESIAN_POINT('',(-1.0,-5.325,3.88499999985226));
#2882=DIRECTION('',(-6.12303176911189E-17,1.73021770071453E-16,1.0));
#2883=DIRECTION('',(-1.05941779489548E-32,-1.0,1.73021770071453E-16));
#2884=ORIENTED_EDGE('',*,*,#5980,.F.);
#2885=ORIENTED_EDGE('',*,*,#5981,.T.);
#2886=ORIENTED_EDGE('',*,*,#5982,.F.);
#2887=ORIENTED_EDGE('',*,*,#5973,.T.);
#2888=CARTESIAN_POINT('',(-0.290000000000537,-4.9088592904623,10.26));
#2889=DIRECTION('',(-1.0,-3.6811327862151E-13,-1.22460635382238E-16));
#2890=DIRECTION('',(-3.6811327862151E-13,1.0,-4.50793859926288E-29));
#2891=ORIENTED_EDGE('',*,*,#5977,.T.);
#2892=ORIENTED_EDGE('',*,*,#5983,.T.);
#2893=ORIENTED_EDGE('',*,*,#5984,.T.);
#2894=ORIENTED_EDGE('',*,*,#5985,.F.);
#2895=CARTESIAN_POINT('',(-2.60171295314929E-14,-7.15099999999992,10.26));
#2896=DIRECTION('',(1.22460635382238E-16,0.0,-1.0));
#2897=DIRECTION('',(-1.0,0.0,-1.22460635382238E-16));
#2898=ORIENTED_EDGE('',*,*,#5978,.T.);
#2899=ORIENTED_EDGE('',*,*,#5985,.T.);
#2900=ORIENTED_EDGE('',*,*,#5986,.T.);
#2901=ORIENTED_EDGE('',*,*,#5987,.F.);
#2902=CARTESIAN_POINT('',(0.193296291313992,-6.79731849637934,10.26));
#2903=DIRECTION('',(0.969043706236115,-0.246889237116917,1.18669707978833E-16));
#2904=DIRECTION('',(-0.246889237116917,-0.969043706236115,-3.02342128463736E-17));
#2905=ORIENTED_EDGE('',*,*,#5988,.F.);
#2906=ORIENTED_EDGE('',*,*,#5979,.T.);
#2907=ORIENTED_EDGE('',*,*,#5987,.T.);
#2908=ORIENTED_EDGE('',*,*,#5989,.T.);
#2909=CARTESIAN_POINT('',(0.289999999998918,-4.90885929046412,10.26));
#2910=DIRECTION('',(1.0,6.6735707317471E-14,1.22460635382238E-16));
#2911=DIRECTION('',(6.6735707317471E-14,-1.0,8.17249712078054E-30));
#2912=ORIENTED_EDGE('',*,*,#5830,.F.);
#2913=ORIENTED_EDGE('',*,*,#5990,.T.);
#2914=ORIENTED_EDGE('',*,*,#5991,.T.);
#2915=ORIENTED_EDGE('',*,*,#5992,.F.);
#2916=CARTESIAN_POINT('',(-0.565000000000281,3.65073201464838E-05,10.26));
#2917=DIRECTION('',(-4.54747350886878E-12,1.0,-5.56886495279965E-28));
#2918=DIRECTION('',(1.0,4.54747350886878E-12,1.22460635382238E-16));
#2919=ORIENTED_EDGE('',*,*,#5829,.F.);
#2920=ORIENTED_EDGE('',*,*,#5993,.T.);
#2921=ORIENTED_EDGE('',*,*,#5994,.T.);
#2922=ORIENTED_EDGE('',*,*,#5995,.T.);
#2923=ORIENTED_EDGE('',*,*,#5990,.F.);
#2924=CARTESIAN_POINT('',(-0.515000000000327,0.343268253660199,10.26));
#2925=DIRECTION('',(-1.0,0.0,-1.22460635382238E-16));
#2926=DIRECTION('',(0.0,1.0,0.0));
#2927=ORIENTED_EDGE('',*,*,#5996,.T.);
#2928=ORIENTED_EDGE('',*,*,#5997,.T.);
#2929=ORIENTED_EDGE('',*,*,#5998,.T.);
#2930=ORIENTED_EDGE('',*,*,#5994,.F.);
#2931=CARTESIAN_POINT('',(-1.14813377988937E-15,0.686500000000024,10.26));
#2932=DIRECTION('',(-0.0,1.0,0.0));
#2933=DIRECTION('',(1.0,0.0,1.22460635382238E-16));
#2934=ORIENTED_EDGE('',*,*,#5827,.F.);
#2935=ORIENTED_EDGE('',*,*,#5967,.T.);
#2936=ORIENTED_EDGE('',*,*,#5999,.T.);
#2937=ORIENTED_EDGE('',*,*,#5997,.F.);
#2938=ORIENTED_EDGE('',*,*,#6000,.T.);
#2939=CARTESIAN_POINT('',(0.515000000000326,0.343268253660085,10.26));
#2940=DIRECTION('',(1.0,0.0,1.22460635382238E-16));
#2941=DIRECTION('',(0.0,-1.0,0.0));
#2942=ORIENTED_EDGE('',*,*,#5974,.T.);
#2943=ORIENTED_EDGE('',*,*,#5982,.T.);
#2944=ORIENTED_EDGE('',*,*,#6001,.T.);
#2945=ORIENTED_EDGE('',*,*,#6002,.F.);
#2946=CARTESIAN_POINT('',(-0.193296291314391,-6.79731849637755,10.26));
#2947=DIRECTION('',(-0.969043706236058,-0.246889237117142,-1.18669707978826E-16));
#2948=DIRECTION('',(-0.246889237117142,0.969043706236058,-3.02342128464012E-17));
#2949=ORIENTED_EDGE('',*,*,#5975,.T.);
#2950=ORIENTED_EDGE('',*,*,#6002,.T.);
#2951=ORIENTED_EDGE('',*,*,#6003,.T.);
#2952=ORIENTED_EDGE('',*,*,#6004,.T.);
#2953=CARTESIAN_POINT('',(-2.60171295314929E-14,-7.15099999999992,10.26));
#2954=DIRECTION('',(1.22460635382238E-16,0.0,-1.0));
#2955=DIRECTION('',(-1.0,0.0,-1.22460635382238E-16));
#2956=ORIENTED_EDGE('',*,*,#6004,.F.);
#2957=ORIENTED_EDGE('',*,*,#6005,.T.);
#2958=ORIENTED_EDGE('',*,*,#5983,.F.);
#2959=ORIENTED_EDGE('',*,*,#5976,.F.);
#2960=CARTESIAN_POINT('',(-1.0,-7.25,3.80999999985226));
#2961=DIRECTION('',(0.0,-1.0,0.0));
#2962=DIRECTION('',(6.12303176911189E-17,0.0,-1.0));
#2963=ORIENTED_EDGE('',*,*,#6006,.F.);
#2964=ORIENTED_EDGE('',*,*,#5989,.F.);
#2965=ORIENTED_EDGE('',*,*,#5986,.F.);
#2966=ORIENTED_EDGE('',*,*,#5984,.F.);
#2967=ORIENTED_EDGE('',*,*,#6005,.F.);
#2968=ORIENTED_EDGE('',*,*,#6003,.F.);
#2969=ORIENTED_EDGE('',*,*,#6001,.F.);
#2970=ORIENTED_EDGE('',*,*,#5981,.F.);
#2971=CARTESIAN_POINT('',(-1.0,-5.325,3.73499999985226));
#2972=DIRECTION('',(6.12303176911189E-17,-1.73021770071453E-16,-1.0));
#2973=DIRECTION('',(1.05941779489548E-32,1.0,-1.73021770071453E-16));
#2974=ORIENTED_EDGE('',*,*,#5991,.F.);
#2975=ORIENTED_EDGE('',*,*,#5995,.F.);
#2976=ORIENTED_EDGE('',*,*,#5998,.F.);
#2977=ORIENTED_EDGE('',*,*,#5999,.F.);
#2978=ORIENTED_EDGE('',*,*,#5966,.F.);
#2979=ORIENTED_EDGE('',*,*,#6007,.F.);
#2980=ORIENTED_EDGE('',*,*,#6008,.F.);
#2981=ORIENTED_EDGE('',*,*,#6009,.F.);
#2982=CARTESIAN_POINT('',(-1.0,-0.141167119295589,4.33273034841762));
#2983=DIRECTION('',(6.03000915816148E-17,0.173648177666898,-0.984807753012214));
#2984=DIRECTION('',(-1.0632533085028E-17,0.984807753012214,0.173648177666898));
#2985=ORIENTED_EDGE('',*,*,#6010,.F.);
#2986=ORIENTED_EDGE('',*,*,#6011,.T.);
#2987=ORIENTED_EDGE('',*,*,#6012,.F.);
#2988=ORIENTED_EDGE('',*,*,#5970,.F.);
#2989=CARTESIAN_POINT('',(-1.0,-0.400000000000057,2.46010589693821));
#2990=DIRECTION('',(1.0,0.0,6.12303176911189E-17));
#2991=DIRECTION('',(6.12303176911189E-17,0.0,-1.0));
#2992=ORIENTED_EDGE('',*,*,#6013,.F.);
#2993=ORIENTED_EDGE('',*,*,#6014,.T.);
#2994=ORIENTED_EDGE('',*,*,#6015,.F.);
#2995=ORIENTED_EDGE('',*,*,#6011,.F.);
#2996=CARTESIAN_POINT('',(-1.0,-0.616548863858165,3.33031818198868));
#2997=DIRECTION('',(-3.22864391928112E-17,0.849682295447765,0.527294980824413));
#2998=DIRECTION('',(-5.20263168867858E-17,-0.527294980824413,0.849682295447765));
#2999=ORIENTED_EDGE('',*,*,#6016,.F.);
#3000=ORIENTED_EDGE('',*,*,#6017,.T.);
#3001=ORIENTED_EDGE('',*,*,#6018,.F.);
#3002=ORIENTED_EDGE('',*,*,#6014,.F.);
#3003=CARTESIAN_POINT('',(-1.0,-1.3081119489868,3.92365915036066));
#3004=DIRECTION('',(1.0,0.0,6.12303176911189E-17));
#3005=DIRECTION('',(6.12303176911189E-17,0.0,-1.0));
#3006=ORIENTED_EDGE('',*,*,#6019,.F.);
#3007=ORIENTED_EDGE('',*,*,#6008,.T.);
#3008=ORIENTED_EDGE('',*,*,#6020,.F.);
#3009=ORIENTED_EDGE('',*,*,#6017,.F.);
#3010=CARTESIAN_POINT('',(-1.0,-1.09947770528177,4.18624531546225));
#3011=DIRECTION('',(6.12303176911189E-17,0.0,-1.0));
#3012=DIRECTION('',(0.0,1.0,0.0));
#3013=ORIENTED_EDGE('',*,*,#5828,.F.);
#3014=ORIENTED_EDGE('',*,*,#6000,.F.);
#3015=ORIENTED_EDGE('',*,*,#5996,.F.);
#3016=ORIENTED_EDGE('',*,*,#5993,.F.);
#3017=CARTESIAN_POINT('',(-1.0,0.676765029575738,4.55195385465245));
#3018=DIRECTION('',(-1.06325330850154E-17,0.98480775301225,0.173648177666693));
#3019=DIRECTION('',(-6.0300091581617E-17,-0.173648177666693,0.98480775301225));
#3020=ORIENTED_EDGE('',*,*,#5971,.T.);
#3021=ORIENTED_EDGE('',*,*,#6012,.T.);
#3022=ORIENTED_EDGE('',*,*,#6015,.T.);
#3023=ORIENTED_EDGE('',*,*,#6018,.T.);
#3024=ORIENTED_EDGE('',*,*,#6020,.T.);
#3025=ORIENTED_EDGE('',*,*,#6007,.T.);
#3026=ORIENTED_EDGE('',*,*,#6021,.F.);
#3027=ORIENTED_EDGE('',*,*,#6022,.F.);
#3028=ORIENTED_EDGE('',*,*,#6023,.F.);
#3029=CARTESIAN_POINT('',(0.615,-0.68,3.335));
#3030=DIRECTION('',(-1.0,0.0,6.12303176911189E-17));
#3031=DIRECTION('',(6.12303176911189E-17,0.0,1.0));
#3032=ORIENTED_EDGE('',*,*,#5820,.F.);
#3033=ORIENTED_EDGE('',*,*,#6024,.T.);
#3034=ORIENTED_EDGE('',*,*,#6025,.T.);
#3035=ORIENTED_EDGE('',*,*,#6026,.F.);
#3036=CARTESIAN_POINT('',(3.10500000000028,3.6507320032797E-05,10.26));
#3037=DIRECTION('',(2.27373675443439E-12,1.0,2.78443247639982E-28));
#3038=DIRECTION('',(1.0,-2.27373675443439E-12,1.22460635382238E-16));
#3039=ORIENTED_EDGE('',*,*,#6027,.F.);
#3040=ORIENTED_EDGE('',*,*,#6028,.F.);
#3041=ORIENTED_EDGE('',*,*,#6029,.T.);
#3042=ORIENTED_EDGE('',*,*,#6030,.F.);
#3043=CARTESIAN_POINT('',(1.54,-1.76250000000001,2.18510589693828));
#3044=DIRECTION('',(6.12303176911189E-17,-5.45944533210187E-15,-1.0));
#3045=DIRECTION('',(3.34283572101893E-31,1.0,-5.45944533210187E-15));
#3046=ORIENTED_EDGE('',*,*,#6031,.F.);
#3047=ORIENTED_EDGE('',*,*,#6032,.F.);
#3048=ORIENTED_EDGE('',*,*,#6033,.F.);
#3049=ORIENTED_EDGE('',*,*,#6034,.F.);
#3050=ORIENTED_EDGE('',*,*,#6035,.T.);
#3051=ORIENTED_EDGE('',*,*,#6036,.F.);
#3052=ORIENTED_EDGE('',*,*,#6037,.F.);
#3053=ORIENTED_EDGE('',*,*,#6038,.F.);
#3054=CARTESIAN_POINT('',(1.54,-5.325,3.88499999985226));
#3055=DIRECTION('',(-6.12303176911189E-17,1.73021770071453E-16,1.0));
#3056=DIRECTION('',(-1.05941779489548E-32,-1.0,1.73021770071453E-16));
#3057=ORIENTED_EDGE('',*,*,#6039,.F.);
#3058=ORIENTED_EDGE('',*,*,#6040,.T.);
#3059=ORIENTED_EDGE('',*,*,#6041,.F.);
#3060=ORIENTED_EDGE('',*,*,#6032,.T.);
#3061=CARTESIAN_POINT('',(2.24999999999946,-4.9088592904623,10.26));
#3062=DIRECTION('',(-1.0,-3.6811327862151E-13,-1.22460635382238E-16));
#3063=DIRECTION('',(-3.6811327862151E-13,1.0,-4.50793859926288E-29));
#3064=ORIENTED_EDGE('',*,*,#6036,.T.);
#3065=ORIENTED_EDGE('',*,*,#6042,.T.);
#3066=ORIENTED_EDGE('',*,*,#6043,.T.);
#3067=ORIENTED_EDGE('',*,*,#6044,.F.);
#3068=CARTESIAN_POINT('',(2.53999999999997,-7.15099999999992,10.26));
#3069=DIRECTION('',(1.22460635382238E-16,0.0,-1.0));
#3070=DIRECTION('',(-1.0,0.0,-1.22460635382238E-16));
#3071=ORIENTED_EDGE('',*,*,#6037,.T.);
#3072=ORIENTED_EDGE('',*,*,#6044,.T.);
#3073=ORIENTED_EDGE('',*,*,#6045,.T.);
#3074=ORIENTED_EDGE('',*,*,#6046,.F.);
#3075=CARTESIAN_POINT('',(2.73329629131399,-6.79731849637934,10.26));
#3076=DIRECTION('',(0.969043706236115,-0.246889237116917,1.18669707978833E-16));
#3077=DIRECTION('',(-0.246889237116917,-0.969043706236115,-3.02342128463736E-17));
#3078=ORIENTED_EDGE('',*,*,#6047,.F.);
#3079=ORIENTED_EDGE('',*,*,#6038,.T.);
#3080=ORIENTED_EDGE('',*,*,#6046,.T.);
#3081=ORIENTED_EDGE('',*,*,#6048,.T.);
#3082=CARTESIAN_POINT('',(2.82999999999892,-4.90885929046412,10.26));
#3083=DIRECTION('',(1.0,6.6735707317471E-14,1.22460635382238E-16));
#3084=DIRECTION('',(6.6735707317471E-14,-1.0,8.17249712078054E-30));
#3085=ORIENTED_EDGE('',*,*,#5824,.F.);
#3086=ORIENTED_EDGE('',*,*,#6049,.T.);
#3087=ORIENTED_EDGE('',*,*,#6050,.T.);
#3088=ORIENTED_EDGE('',*,*,#6051,.F.);
#3089=CARTESIAN_POINT('',(1.97499999999972,3.65073201464838E-05,10.26));
#3090=DIRECTION('',(-4.54747350886878E-12,1.0,-5.56886495279965E-28));
#3091=DIRECTION('',(1.0,4.54747350886878E-12,1.22460635382238E-16));
#3092=ORIENTED_EDGE('',*,*,#5823,.F.);
#3093=ORIENTED_EDGE('',*,*,#6052,.T.);
#3094=ORIENTED_EDGE('',*,*,#6053,.T.);
#3095=ORIENTED_EDGE('',*,*,#6054,.T.);
#3096=ORIENTED_EDGE('',*,*,#6049,.F.);
#3097=CARTESIAN_POINT('',(2.02499999999967,0.343268253660199,10.26));
#3098=DIRECTION('',(-1.0,0.0,-1.22460635382238E-16));
#3099=DIRECTION('',(0.0,1.0,0.0));
#3100=ORIENTED_EDGE('',*,*,#6055,.T.);
#3101=ORIENTED_EDGE('',*,*,#6056,.T.);
#3102=ORIENTED_EDGE('',*,*,#6057,.T.);
#3103=ORIENTED_EDGE('',*,*,#6053,.F.);
#3104=CARTESIAN_POINT('',(2.54,0.686500000000024,10.26));
#3105=DIRECTION('',(-0.0,1.0,0.0));
#3106=DIRECTION('',(1.0,0.0,1.22460635382238E-16));
#3107=ORIENTED_EDGE('',*,*,#5821,.F.);
#3108=ORIENTED_EDGE('',*,*,#6026,.T.);
#3109=ORIENTED_EDGE('',*,*,#6058,.T.);
#3110=ORIENTED_EDGE('',*,*,#6056,.F.);
#3111=ORIENTED_EDGE('',*,*,#6059,.T.);
#3112=CARTESIAN_POINT('',(3.05500000000033,0.343268253660085,10.26));
#3113=DIRECTION('',(1.0,0.0,1.22460635382238E-16));
#3114=DIRECTION('',(0.0,-1.0,0.0));
#3115=ORIENTED_EDGE('',*,*,#6033,.T.);
#3116=ORIENTED_EDGE('',*,*,#6041,.T.);
#3117=ORIENTED_EDGE('',*,*,#6060,.T.);
#3118=ORIENTED_EDGE('',*,*,#6061,.F.);
#3119=CARTESIAN_POINT('',(2.34670370868561,-6.79731849637755,10.26));
#3120=DIRECTION('',(-0.969043706236058,-0.246889237117142,-1.18669707978826E-16));
#3121=DIRECTION('',(-0.246889237117142,0.969043706236058,-3.02342128464012E-17));
#3122=ORIENTED_EDGE('',*,*,#6034,.T.);
#3123=ORIENTED_EDGE('',*,*,#6061,.T.);
#3124=ORIENTED_EDGE('',*,*,#6062,.T.);
#3125=ORIENTED_EDGE('',*,*,#6063,.T.);
#3126=CARTESIAN_POINT('',(2.53999999999997,-7.15099999999992,10.26));
#3127=DIRECTION('',(1.22460635382238E-16,0.0,-1.0));
#3128=DIRECTION('',(-1.0,0.0,-1.22460635382238E-16));
#3129=ORIENTED_EDGE('',*,*,#6063,.F.);
#3130=ORIENTED_EDGE('',*,*,#6064,.T.);
#3131=ORIENTED_EDGE('',*,*,#6042,.F.);
#3132=ORIENTED_EDGE('',*,*,#6035,.F.);
#3133=CARTESIAN_POINT('',(1.54,-7.25,3.80999999985226));
#3134=DIRECTION('',(0.0,-1.0,0.0));
#3135=DIRECTION('',(6.12303176911189E-17,0.0,-1.0));
#3136=ORIENTED_EDGE('',*,*,#6065,.F.);
#3137=ORIENTED_EDGE('',*,*,#6048,.F.);
#3138=ORIENTED_EDGE('',*,*,#6045,.F.);
#3139=ORIENTED_EDGE('',*,*,#6043,.F.);
#3140=ORIENTED_EDGE('',*,*,#6064,.F.);
#3141=ORIENTED_EDGE('',*,*,#6062,.F.);
#3142=ORIENTED_EDGE('',*,*,#6060,.F.);
#3143=ORIENTED_EDGE('',*,*,#6040,.F.);
#3144=CARTESIAN_POINT('',(1.54,-5.325,3.73499999985226));
#3145=DIRECTION('',(6.12303176911189E-17,-1.73021770071453E-16,-1.0));
#3146=DIRECTION('',(1.05941779489548E-32,1.0,-1.73021770071453E-16));
#3147=ORIENTED_EDGE('',*,*,#6050,.F.);
#3148=ORIENTED_EDGE('',*,*,#6054,.F.);
#3149=ORIENTED_EDGE('',*,*,#6057,.F.);
#3150=ORIENTED_EDGE('',*,*,#6058,.F.);
#3151=ORIENTED_EDGE('',*,*,#6025,.F.);
#3152=ORIENTED_EDGE('',*,*,#6066,.F.);
#3153=ORIENTED_EDGE('',*,*,#6067,.F.);
#3154=ORIENTED_EDGE('',*,*,#6068,.F.);
#3155=CARTESIAN_POINT('',(1.54,-0.141167119295589,4.33273034841762));
#3156=DIRECTION('',(6.03000915816148E-17,0.173648177666898,-0.984807753012214));
#3157=DIRECTION('',(-1.0632533085028E-17,0.984807753012214,0.173648177666898));
#3158=ORIENTED_EDGE('',*,*,#6069,.F.);
#3159=ORIENTED_EDGE('',*,*,#6070,.T.);
#3160=ORIENTED_EDGE('',*,*,#6071,.F.);
#3161=ORIENTED_EDGE('',*,*,#6029,.F.);
#3162=CARTESIAN_POINT('',(1.54,-0.400000000000057,2.46010589693821));
#3163=DIRECTION('',(1.0,0.0,6.12303176911189E-17));
#3164=DIRECTION('',(6.12303176911189E-17,0.0,-1.0));
#3165=ORIENTED_EDGE('',*,*,#6072,.F.);
#3166=ORIENTED_EDGE('',*,*,#6073,.T.);
#3167=ORIENTED_EDGE('',*,*,#6074,.F.);
#3168=ORIENTED_EDGE('',*,*,#6070,.F.);
#3169=CARTESIAN_POINT('',(1.54,-0.616548863858165,3.33031818198868));
#3170=DIRECTION('',(-3.22864391928112E-17,0.849682295447765,0.527294980824413));
#3171=DIRECTION('',(-5.20263168867858E-17,-0.527294980824413,0.849682295447765));
#3172=ORIENTED_EDGE('',*,*,#6075,.F.);
#3173=ORIENTED_EDGE('',*,*,#6076,.T.);
#3174=ORIENTED_EDGE('',*,*,#6077,.F.);
#3175=ORIENTED_EDGE('',*,*,#6073,.F.);
#3176=CARTESIAN_POINT('',(1.54,-1.3081119489868,3.92365915036066));
#3177=DIRECTION('',(1.0,0.0,6.12303176911189E-17));
#3178=DIRECTION('',(6.12303176911189E-17,0.0,-1.0));
#3179=ORIENTED_EDGE('',*,*,#6078,.F.);
#3180=ORIENTED_EDGE('',*,*,#6067,.T.);
#3181=ORIENTED_EDGE('',*,*,#6079,.F.);
#3182=ORIENTED_EDGE('',*,*,#6076,.F.);
#3183=CARTESIAN_POINT('',(1.54,-1.09947770528177,4.18624531546225));
#3184=DIRECTION('',(6.12303176911189E-17,0.0,-1.0));
#3185=DIRECTION('',(0.0,1.0,0.0));
#3186=ORIENTED_EDGE('',*,*,#5822,.F.);
#3187=ORIENTED_EDGE('',*,*,#6059,.F.);
#3188=ORIENTED_EDGE('',*,*,#6055,.F.);
#3189=ORIENTED_EDGE('',*,*,#6052,.F.);
#3190=CARTESIAN_POINT('',(1.54,0.676765029575738,4.55195385465245));
#3191=DIRECTION('',(-1.06325330850154E-17,0.98480775301225,0.173648177666693));
#3192=DIRECTION('',(-6.0300091581617E-17,-0.173648177666693,0.98480775301225));
#3193=ORIENTED_EDGE('',*,*,#6030,.T.);
#3194=ORIENTED_EDGE('',*,*,#6071,.T.);
#3195=ORIENTED_EDGE('',*,*,#6074,.T.);
#3196=ORIENTED_EDGE('',*,*,#6077,.T.);
#3197=ORIENTED_EDGE('',*,*,#6079,.T.);
#3198=ORIENTED_EDGE('',*,*,#6066,.T.);
#3199=ORIENTED_EDGE('',*,*,#6080,.F.);
#3200=ORIENTED_EDGE('',*,*,#6081,.F.);
#3201=ORIENTED_EDGE('',*,*,#6082,.F.);
#3202=CARTESIAN_POINT('',(3.155,-0.68,3.335));
#3203=DIRECTION('',(-1.0,0.0,6.12303176911189E-17));
#3204=DIRECTION('',(6.12303176911189E-17,0.0,1.0));
#3205=ORIENTED_EDGE('',*,*,#5814,.F.);
#3206=ORIENTED_EDGE('',*,*,#6083,.T.);
#3207=ORIENTED_EDGE('',*,*,#6084,.T.);
#3208=ORIENTED_EDGE('',*,*,#6085,.F.);
#3209=CARTESIAN_POINT('',(5.64500000000028,3.6507320032797E-05,10.26));
#3210=DIRECTION('',(2.27373675443439E-12,1.0,2.78443247639982E-28));
#3211=DIRECTION('',(1.0,-2.27373675443439E-12,1.22460635382238E-16));
#3212=ORIENTED_EDGE('',*,*,#6086,.F.);
#3213=ORIENTED_EDGE('',*,*,#6087,.F.);
#3214=ORIENTED_EDGE('',*,*,#6088,.T.);
#3215=ORIENTED_EDGE('',*,*,#6089,.F.);
#3216=CARTESIAN_POINT('',(4.08,-1.76250000000001,2.18510589693828));
#3217=DIRECTION('',(6.12303176911189E-17,-5.45944533210187E-15,-1.0));
#3218=DIRECTION('',(3.34283572101893E-31,1.0,-5.45944533210187E-15));
#3219=ORIENTED_EDGE('',*,*,#6090,.F.);
#3220=ORIENTED_EDGE('',*,*,#6091,.F.);
#3221=ORIENTED_EDGE('',*,*,#6092,.F.);
#3222=ORIENTED_EDGE('',*,*,#6093,.F.);
#3223=ORIENTED_EDGE('',*,*,#6094,.T.);
#3224=ORIENTED_EDGE('',*,*,#6095,.F.);
#3225=ORIENTED_EDGE('',*,*,#6096,.F.);
#3226=ORIENTED_EDGE('',*,*,#6097,.F.);
#3227=CARTESIAN_POINT('',(4.08,-5.325,3.88499999985226));
#3228=DIRECTION('',(-6.12303176911189E-17,1.73021770071453E-16,1.0));
#3229=DIRECTION('',(-1.05941779489548E-32,-1.0,1.73021770071453E-16));
#3230=ORIENTED_EDGE('',*,*,#6098,.F.);
#3231=ORIENTED_EDGE('',*,*,#6099,.T.);
#3232=ORIENTED_EDGE('',*,*,#6100,.F.);
#3233=ORIENTED_EDGE('',*,*,#6091,.T.);
#3234=CARTESIAN_POINT('',(4.78999999999946,-4.9088592904623,10.26));
#3235=DIRECTION('',(-1.0,-3.6811327862151E-13,-1.22460635382238E-16));
#3236=DIRECTION('',(-3.6811327862151E-13,1.0,-4.50793859926288E-29));
#3237=ORIENTED_EDGE('',*,*,#6095,.T.);
#3238=ORIENTED_EDGE('',*,*,#6101,.T.);
#3239=ORIENTED_EDGE('',*,*,#6102,.T.);
#3240=ORIENTED_EDGE('',*,*,#6103,.F.);
#3241=CARTESIAN_POINT('',(5.07999999999997,-7.15099999999992,10.26));
#3242=DIRECTION('',(1.22460635382238E-16,0.0,-1.0));
#3243=DIRECTION('',(-1.0,0.0,-1.22460635382238E-16));
#3244=ORIENTED_EDGE('',*,*,#6096,.T.);
#3245=ORIENTED_EDGE('',*,*,#6103,.T.);
#3246=ORIENTED_EDGE('',*,*,#6104,.T.);
#3247=ORIENTED_EDGE('',*,*,#6105,.F.);
#3248=CARTESIAN_POINT('',(5.27329629131399,-6.79731849637934,10.26));
#3249=DIRECTION('',(0.969043706236115,-0.246889237116917,1.18669707978833E-16));
#3250=DIRECTION('',(-0.246889237116917,-0.969043706236115,-3.02342128463736E-17));
#3251=ORIENTED_EDGE('',*,*,#6106,.F.);
#3252=ORIENTED_EDGE('',*,*,#6097,.T.);
#3253=ORIENTED_EDGE('',*,*,#6105,.T.);
#3254=ORIENTED_EDGE('',*,*,#6107,.T.);
#3255=CARTESIAN_POINT('',(5.36999999999892,-4.90885929046412,10.26));
#3256=DIRECTION('',(1.0,6.6735707317471E-14,1.22460635382238E-16));
#3257=DIRECTION('',(6.6735707317471E-14,-1.0,8.17249712078054E-30));
#3258=ORIENTED_EDGE('',*,*,#5818,.F.);
#3259=ORIENTED_EDGE('',*,*,#6108,.T.);
#3260=ORIENTED_EDGE('',*,*,#6109,.T.);
#3261=ORIENTED_EDGE('',*,*,#6110,.F.);
#3262=CARTESIAN_POINT('',(4.51499999999972,3.65073201464838E-05,10.26));
#3263=DIRECTION('',(-4.54747350886878E-12,1.0,-5.56886495279965E-28));
#3264=DIRECTION('',(1.0,4.54747350886878E-12,1.22460635382238E-16));
#3265=ORIENTED_EDGE('',*,*,#5817,.F.);
#3266=ORIENTED_EDGE('',*,*,#6111,.T.);
#3267=ORIENTED_EDGE('',*,*,#6112,.T.);
#3268=ORIENTED_EDGE('',*,*,#6113,.T.);
#3269=ORIENTED_EDGE('',*,*,#6108,.F.);
#3270=CARTESIAN_POINT('',(4.56499999999967,0.343268253660199,10.26));
#3271=DIRECTION('',(-1.0,0.0,-1.22460635382238E-16));
#3272=DIRECTION('',(0.0,1.0,0.0));
#3273=ORIENTED_EDGE('',*,*,#6114,.T.);
#3274=ORIENTED_EDGE('',*,*,#6115,.T.);
#3275=ORIENTED_EDGE('',*,*,#6116,.T.);
#3276=ORIENTED_EDGE('',*,*,#6112,.F.);
#3277=CARTESIAN_POINT('',(5.08,0.686500000000024,10.26));
#3278=DIRECTION('',(-0.0,1.0,0.0));
#3279=DIRECTION('',(1.0,0.0,1.22460635382238E-16));
#3280=ORIENTED_EDGE('',*,*,#5815,.F.);
#3281=ORIENTED_EDGE('',*,*,#6085,.T.);
#3282=ORIENTED_EDGE('',*,*,#6117,.T.);
#3283=ORIENTED_EDGE('',*,*,#6115,.F.);
#3284=ORIENTED_EDGE('',*,*,#6118,.T.);
#3285=CARTESIAN_POINT('',(5.59500000000033,0.343268253660085,10.26));
#3286=DIRECTION('',(1.0,0.0,1.22460635382238E-16));
#3287=DIRECTION('',(0.0,-1.0,0.0));
#3288=ORIENTED_EDGE('',*,*,#6092,.T.);
#3289=ORIENTED_EDGE('',*,*,#6100,.T.);
#3290=ORIENTED_EDGE('',*,*,#6119,.T.);
#3291=ORIENTED_EDGE('',*,*,#6120,.F.);
#3292=CARTESIAN_POINT('',(4.88670370868561,-6.79731849637755,10.26));
#3293=DIRECTION('',(-0.969043706236058,-0.246889237117142,-1.18669707978826E-16));
#3294=DIRECTION('',(-0.246889237117142,0.969043706236058,-3.02342128464012E-17));
#3295=ORIENTED_EDGE('',*,*,#6093,.T.);
#3296=ORIENTED_EDGE('',*,*,#6120,.T.);
#3297=ORIENTED_EDGE('',*,*,#6121,.T.);
#3298=ORIENTED_EDGE('',*,*,#6122,.T.);
#3299=CARTESIAN_POINT('',(5.07999999999997,-7.15099999999992,10.26));
#3300=DIRECTION('',(1.22460635382238E-16,0.0,-1.0));
#3301=DIRECTION('',(-1.0,0.0,-1.22460635382238E-16));
#3302=ORIENTED_EDGE('',*,*,#6122,.F.);
#3303=ORIENTED_EDGE('',*,*,#6123,.T.);
#3304=ORIENTED_EDGE('',*,*,#6101,.F.);
#3305=ORIENTED_EDGE('',*,*,#6094,.F.);
#3306=CARTESIAN_POINT('',(4.08,-7.25,3.80999999985226));
#3307=DIRECTION('',(0.0,-1.0,0.0));
#3308=DIRECTION('',(6.12303176911189E-17,0.0,-1.0));
#3309=ORIENTED_EDGE('',*,*,#6124,.F.);
#3310=ORIENTED_EDGE('',*,*,#6107,.F.);
#3311=ORIENTED_EDGE('',*,*,#6104,.F.);
#3312=ORIENTED_EDGE('',*,*,#6102,.F.);
#3313=ORIENTED_EDGE('',*,*,#6123,.F.);
#3314=ORIENTED_EDGE('',*,*,#6121,.F.);
#3315=ORIENTED_EDGE('',*,*,#6119,.F.);
#3316=ORIENTED_EDGE('',*,*,#6099,.F.);
#3317=CARTESIAN_POINT('',(4.08,-5.325,3.73499999985226));
#3318=DIRECTION('',(6.12303176911189E-17,-1.73021770071453E-16,-1.0));
#3319=DIRECTION('',(1.05941779489548E-32,1.0,-1.73021770071453E-16));
#3320=ORIENTED_EDGE('',*,*,#6109,.F.);
#3321=ORIENTED_EDGE('',*,*,#6113,.F.);
#3322=ORIENTED_EDGE('',*,*,#6116,.F.);
#3323=ORIENTED_EDGE('',*,*,#6117,.F.);
#3324=ORIENTED_EDGE('',*,*,#6084,.F.);
#3325=ORIENTED_EDGE('',*,*,#6125,.F.);
#3326=ORIENTED_EDGE('',*,*,#6126,.F.);
#3327=ORIENTED_EDGE('',*,*,#6127,.F.);
#3328=CARTESIAN_POINT('',(4.08,-0.141167119295589,4.33273034841762));
#3329=DIRECTION('',(6.03000915816148E-17,0.173648177666898,-0.984807753012214));
#3330=DIRECTION('',(-1.0632533085028E-17,0.984807753012214,0.173648177666898));
#3331=ORIENTED_EDGE('',*,*,#6128,.F.);
#3332=ORIENTED_EDGE('',*,*,#6129,.T.);
#3333=ORIENTED_EDGE('',*,*,#6130,.F.);
#3334=ORIENTED_EDGE('',*,*,#6088,.F.);
#3335=CARTESIAN_POINT('',(4.08,-0.400000000000057,2.46010589693821));
#3336=DIRECTION('',(1.0,0.0,6.12303176911189E-17));
#3337=DIRECTION('',(6.12303176911189E-17,0.0,-1.0));
#3338=ORIENTED_EDGE('',*,*,#6131,.F.);
#3339=ORIENTED_EDGE('',*,*,#6132,.T.);
#3340=ORIENTED_EDGE('',*,*,#6133,.F.);
#3341=ORIENTED_EDGE('',*,*,#6129,.F.);
#3342=CARTESIAN_POINT('',(4.08,-0.616548863858165,3.33031818198867));
#3343=DIRECTION('',(-3.22864391928112E-17,0.849682295447765,0.527294980824413));
#3344=DIRECTION('',(-5.20263168867858E-17,-0.527294980824413,0.849682295447765));
#3345=ORIENTED_EDGE('',*,*,#6134,.F.);
#3346=ORIENTED_EDGE('',*,*,#6135,.T.);
#3347=ORIENTED_EDGE('',*,*,#6136,.F.);
#3348=ORIENTED_EDGE('',*,*,#6132,.F.);
#3349=CARTESIAN_POINT('',(4.08,-1.3081119489868,3.92365915036066));
#3350=DIRECTION('',(1.0,0.0,6.12303176911189E-17));
#3351=DIRECTION('',(6.12303176911189E-17,0.0,-1.0));
#3352=ORIENTED_EDGE('',*,*,#6137,.F.);
#3353=ORIENTED_EDGE('',*,*,#6126,.T.);
#3354=ORIENTED_EDGE('',*,*,#6138,.F.);
#3355=ORIENTED_EDGE('',*,*,#6135,.F.);
#3356=CARTESIAN_POINT('',(4.08,-1.09947770528177,4.18624531546225));
#3357=DIRECTION('',(6.12303176911189E-17,0.0,-1.0));
#3358=DIRECTION('',(0.0,1.0,0.0));
#3359=ORIENTED_EDGE('',*,*,#5816,.F.);
#3360=ORIENTED_EDGE('',*,*,#6118,.F.);
#3361=ORIENTED_EDGE('',*,*,#6114,.F.);
#3362=ORIENTED_EDGE('',*,*,#6111,.F.);
#3363=CARTESIAN_POINT('',(4.08,0.676765029575738,4.55195385465245));
#3364=DIRECTION('',(-1.06325330850154E-17,0.98480775301225,0.173648177666693));
#3365=DIRECTION('',(-6.0300091581617E-17,-0.173648177666693,0.98480775301225));
#3366=ORIENTED_EDGE('',*,*,#6089,.T.);
#3367=ORIENTED_EDGE('',*,*,#6130,.T.);
#3368=ORIENTED_EDGE('',*,*,#6133,.T.);
#3369=ORIENTED_EDGE('',*,*,#6136,.T.);
#3370=ORIENTED_EDGE('',*,*,#6138,.T.);
#3371=ORIENTED_EDGE('',*,*,#6125,.T.);
#3372=ORIENTED_EDGE('',*,*,#6139,.F.);
#3373=ORIENTED_EDGE('',*,*,#6140,.F.);
#3374=ORIENTED_EDGE('',*,*,#6141,.F.);
#3375=CARTESIAN_POINT('',(5.695,-0.68,3.335));
#3376=DIRECTION('',(-1.0,0.0,6.12303176911189E-17));
#3377=DIRECTION('',(6.12303176911189E-17,0.0,1.0));
#3378=ORIENTED_EDGE('',*,*,#5808,.F.);
#3379=ORIENTED_EDGE('',*,*,#6142,.T.);
#3380=ORIENTED_EDGE('',*,*,#6143,.T.);
#3381=ORIENTED_EDGE('',*,*,#6144,.F.);
#3382=CARTESIAN_POINT('',(8.18500000000028,3.6507320032797E-05,10.26));
#3383=DIRECTION('',(2.27373675443439E-12,1.0,2.78443247639982E-28));
#3384=DIRECTION('',(1.0,-2.27373675443439E-12,1.22460635382238E-16));
#3385=ORIENTED_EDGE('',*,*,#6145,.F.);
#3386=ORIENTED_EDGE('',*,*,#6146,.F.);
#3387=ORIENTED_EDGE('',*,*,#6147,.T.);
#3388=ORIENTED_EDGE('',*,*,#6148,.F.);
#3389=CARTESIAN_POINT('',(6.62,-1.76250000000001,2.18510589693828));
#3390=DIRECTION('',(6.12303176911189E-17,-5.45944533210187E-15,-1.0));
#3391=DIRECTION('',(3.34283572101893E-31,1.0,-5.45944533210187E-15));
#3392=ORIENTED_EDGE('',*,*,#6149,.F.);
#3393=ORIENTED_EDGE('',*,*,#6150,.F.);
#3394=ORIENTED_EDGE('',*,*,#6151,.F.);
#3395=ORIENTED_EDGE('',*,*,#6152,.F.);
#3396=ORIENTED_EDGE('',*,*,#6153,.T.);
#3397=ORIENTED_EDGE('',*,*,#6154,.F.);
#3398=ORIENTED_EDGE('',*,*,#6155,.F.);
#3399=ORIENTED_EDGE('',*,*,#6156,.F.);
#3400=CARTESIAN_POINT('',(6.62,-5.325,3.88499999985226));
#3401=DIRECTION('',(-6.12303176911189E-17,1.73021770071453E-16,1.0));
#3402=DIRECTION('',(-1.05941779489548E-32,-1.0,1.73021770071453E-16));
#3403=ORIENTED_EDGE('',*,*,#6157,.F.);
#3404=ORIENTED_EDGE('',*,*,#6158,.T.);
#3405=ORIENTED_EDGE('',*,*,#6159,.F.);
#3406=ORIENTED_EDGE('',*,*,#6150,.T.);
#3407=CARTESIAN_POINT('',(7.32999999999946,-4.9088592904623,10.26));
#3408=DIRECTION('',(-1.0,-3.6811327862151E-13,-1.22460635382238E-16));
#3409=DIRECTION('',(-3.6811327862151E-13,1.0,-4.50793859926288E-29));
#3410=ORIENTED_EDGE('',*,*,#6154,.T.);
#3411=ORIENTED_EDGE('',*,*,#6160,.T.);
#3412=ORIENTED_EDGE('',*,*,#6161,.T.);
#3413=ORIENTED_EDGE('',*,*,#6162,.F.);
#3414=CARTESIAN_POINT('',(7.61999999999997,-7.15099999999992,10.26));
#3415=DIRECTION('',(1.22460635382238E-16,0.0,-1.0));
#3416=DIRECTION('',(-1.0,0.0,-1.22460635382238E-16));
#3417=ORIENTED_EDGE('',*,*,#6155,.T.);
#3418=ORIENTED_EDGE('',*,*,#6162,.T.);
#3419=ORIENTED_EDGE('',*,*,#6163,.T.);
#3420=ORIENTED_EDGE('',*,*,#6164,.F.);
#3421=CARTESIAN_POINT('',(7.81329629131399,-6.79731849637934,10.26));
#3422=DIRECTION('',(0.969043706236115,-0.246889237116917,1.18669707978833E-16));
#3423=DIRECTION('',(-0.246889237116917,-0.969043706236115,-3.02342128463736E-17));
#3424=ORIENTED_EDGE('',*,*,#6165,.F.);
#3425=ORIENTED_EDGE('',*,*,#6156,.T.);
#3426=ORIENTED_EDGE('',*,*,#6164,.T.);
#3427=ORIENTED_EDGE('',*,*,#6166,.T.);
#3428=CARTESIAN_POINT('',(7.90999999999892,-4.90885929046412,10.26));
#3429=DIRECTION('',(1.0,6.6735707317471E-14,1.22460635382238E-16));
#3430=DIRECTION('',(6.6735707317471E-14,-1.0,8.17249712078054E-30));
#3431=ORIENTED_EDGE('',*,*,#5812,.F.);
#3432=ORIENTED_EDGE('',*,*,#6167,.T.);
#3433=ORIENTED_EDGE('',*,*,#6168,.T.);
#3434=ORIENTED_EDGE('',*,*,#6169,.F.);
#3435=CARTESIAN_POINT('',(7.05499999999972,3.65073201464838E-05,10.26));
#3436=DIRECTION('',(-4.54747350886878E-12,1.0,-5.56886495279965E-28));
#3437=DIRECTION('',(1.0,4.54747350886878E-12,1.22460635382238E-16));
#3438=ORIENTED_EDGE('',*,*,#5811,.F.);
#3439=ORIENTED_EDGE('',*,*,#6170,.T.);
#3440=ORIENTED_EDGE('',*,*,#6171,.T.);
#3441=ORIENTED_EDGE('',*,*,#6172,.T.);
#3442=ORIENTED_EDGE('',*,*,#6167,.F.);
#3443=CARTESIAN_POINT('',(7.10499999999967,0.343268253660199,10.26));
#3444=DIRECTION('',(-1.0,0.0,-1.22460635382238E-16));
#3445=DIRECTION('',(0.0,1.0,0.0));
#3446=ORIENTED_EDGE('',*,*,#6173,.T.);
#3447=ORIENTED_EDGE('',*,*,#6174,.T.);
#3448=ORIENTED_EDGE('',*,*,#6175,.T.);
#3449=ORIENTED_EDGE('',*,*,#6171,.F.);
#3450=CARTESIAN_POINT('',(7.62,0.686500000000024,10.26));
#3451=DIRECTION('',(-0.0,1.0,0.0));
#3452=DIRECTION('',(1.0,0.0,1.22460635382238E-16));
#3453=ORIENTED_EDGE('',*,*,#5809,.F.);
#3454=ORIENTED_EDGE('',*,*,#6144,.T.);
#3455=ORIENTED_EDGE('',*,*,#6176,.T.);
#3456=ORIENTED_EDGE('',*,*,#6174,.F.);
#3457=ORIENTED_EDGE('',*,*,#6177,.T.);
#3458=CARTESIAN_POINT('',(8.13500000000033,0.343268253660085,10.26));
#3459=DIRECTION('',(1.0,0.0,1.22460635382238E-16));
#3460=DIRECTION('',(0.0,-1.0,0.0));
#3461=ORIENTED_EDGE('',*,*,#6151,.T.);
#3462=ORIENTED_EDGE('',*,*,#6159,.T.);
#3463=ORIENTED_EDGE('',*,*,#6178,.T.);
#3464=ORIENTED_EDGE('',*,*,#6179,.F.);
#3465=CARTESIAN_POINT('',(7.42670370868561,-6.79731849637755,10.26));
#3466=DIRECTION('',(-0.969043706236058,-0.246889237117142,-1.18669707978826E-16));
#3467=DIRECTION('',(-0.246889237117142,0.969043706236058,-3.02342128464012E-17));
#3468=ORIENTED_EDGE('',*,*,#6152,.T.);
#3469=ORIENTED_EDGE('',*,*,#6179,.T.);
#3470=ORIENTED_EDGE('',*,*,#6180,.T.);
#3471=ORIENTED_EDGE('',*,*,#6181,.T.);
#3472=CARTESIAN_POINT('',(7.61999999999997,-7.15099999999992,10.26));
#3473=DIRECTION('',(1.22460635382238E-16,0.0,-1.0));
#3474=DIRECTION('',(-1.0,0.0,-1.22460635382238E-16));
#3475=ORIENTED_EDGE('',*,*,#6181,.F.);
#3476=ORIENTED_EDGE('',*,*,#6182,.T.);
#3477=ORIENTED_EDGE('',*,*,#6160,.F.);
#3478=ORIENTED_EDGE('',*,*,#6153,.F.);
#3479=CARTESIAN_POINT('',(6.62,-7.25,3.80999999985226));
#3480=DIRECTION('',(0.0,-1.0,0.0));
#3481=DIRECTION('',(6.12303176911189E-17,0.0,-1.0));
#3482=ORIENTED_EDGE('',*,*,#6183,.F.);
#3483=ORIENTED_EDGE('',*,*,#6166,.F.);
#3484=ORIENTED_EDGE('',*,*,#6163,.F.);
#3485=ORIENTED_EDGE('',*,*,#6161,.F.);
#3486=ORIENTED_EDGE('',*,*,#6182,.F.);
#3487=ORIENTED_EDGE('',*,*,#6180,.F.);
#3488=ORIENTED_EDGE('',*,*,#6178,.F.);
#3489=ORIENTED_EDGE('',*,*,#6158,.F.);
#3490=CARTESIAN_POINT('',(6.62,-5.325,3.73499999985226));
#3491=DIRECTION('',(6.12303176911189E-17,-1.73021770071453E-16,-1.0));
#3492=DIRECTION('',(1.05941779489548E-32,1.0,-1.73021770071453E-16));
#3493=ORIENTED_EDGE('',*,*,#6168,.F.);
#3494=ORIENTED_EDGE('',*,*,#6172,.F.);
#3495=ORIENTED_EDGE('',*,*,#6175,.F.);
#3496=ORIENTED_EDGE('',*,*,#6176,.F.);
#3497=ORIENTED_EDGE('',*,*,#6143,.F.);
#3498=ORIENTED_EDGE('',*,*,#6184,.F.);
#3499=ORIENTED_EDGE('',*,*,#6185,.F.);
#3500=ORIENTED_EDGE('',*,*,#6186,.F.);
#3501=CARTESIAN_POINT('',(6.62,-0.141167119295589,4.33273034841762));
#3502=DIRECTION('',(6.03000915816148E-17,0.173648177666898,-0.984807753012214));
#3503=DIRECTION('',(-1.0632533085028E-17,0.984807753012214,0.173648177666898));
#3504=ORIENTED_EDGE('',*,*,#6187,.F.);
#3505=ORIENTED_EDGE('',*,*,#6188,.T.);
#3506=ORIENTED_EDGE('',*,*,#6189,.F.);
#3507=ORIENTED_EDGE('',*,*,#6147,.F.);
#3508=CARTESIAN_POINT('',(6.62,-0.400000000000057,2.46010589693821));
#3509=DIRECTION('',(1.0,0.0,6.12303176911189E-17));
#3510=DIRECTION('',(6.12303176911189E-17,0.0,-1.0));
#3511=ORIENTED_EDGE('',*,*,#6190,.F.);
#3512=ORIENTED_EDGE('',*,*,#6191,.T.);
#3513=ORIENTED_EDGE('',*,*,#6192,.F.);
#3514=ORIENTED_EDGE('',*,*,#6188,.F.);
#3515=CARTESIAN_POINT('',(6.62,-0.616548863858165,3.33031818198867));
#3516=DIRECTION('',(-3.22864391928112E-17,0.849682295447765,0.527294980824413));
#3517=DIRECTION('',(-5.20263168867858E-17,-0.527294980824413,0.849682295447765));
#3518=ORIENTED_EDGE('',*,*,#6193,.F.);
#3519=ORIENTED_EDGE('',*,*,#6194,.T.);
#3520=ORIENTED_EDGE('',*,*,#6195,.F.);
#3521=ORIENTED_EDGE('',*,*,#6191,.F.);
#3522=CARTESIAN_POINT('',(6.62,-1.3081119489868,3.92365915036066));
#3523=DIRECTION('',(1.0,0.0,6.12303176911189E-17));
#3524=DIRECTION('',(6.12303176911189E-17,0.0,-1.0));
#3525=ORIENTED_EDGE('',*,*,#6196,.F.);
#3526=ORIENTED_EDGE('',*,*,#6185,.T.);
#3527=ORIENTED_EDGE('',*,*,#6197,.F.);
#3528=ORIENTED_EDGE('',*,*,#6194,.F.);
#3529=CARTESIAN_POINT('',(6.62,-1.09947770528177,4.18624531546225));
#3530=DIRECTION('',(6.12303176911189E-17,0.0,-1.0));
#3531=DIRECTION('',(0.0,1.0,0.0));
#3532=ORIENTED_EDGE('',*,*,#5810,.F.);
#3533=ORIENTED_EDGE('',*,*,#6177,.F.);
#3534=ORIENTED_EDGE('',*,*,#6173,.F.);
#3535=ORIENTED_EDGE('',*,*,#6170,.F.);
#3536=CARTESIAN_POINT('',(6.62,0.676765029575738,4.55195385465245));
#3537=DIRECTION('',(-1.06325330850154E-17,0.98480775301225,0.173648177666693));
#3538=DIRECTION('',(-6.0300091581617E-17,-0.173648177666693,0.98480775301225));
#3539=ORIENTED_EDGE('',*,*,#6148,.T.);
#3540=ORIENTED_EDGE('',*,*,#6189,.T.);
#3541=ORIENTED_EDGE('',*,*,#6192,.T.);
#3542=ORIENTED_EDGE('',*,*,#6195,.T.);
#3543=ORIENTED_EDGE('',*,*,#6197,.T.);
#3544=ORIENTED_EDGE('',*,*,#6184,.T.);
#3545=ORIENTED_EDGE('',*,*,#6198,.F.);
#3546=ORIENTED_EDGE('',*,*,#6199,.F.);
#3547=ORIENTED_EDGE('',*,*,#6200,.F.);
#3548=CARTESIAN_POINT('',(8.235,-0.68,3.335));
#3549=DIRECTION('',(-1.0,0.0,6.12303176911189E-17));
#3550=DIRECTION('',(6.12303176911189E-17,0.0,1.0));
#3551=ORIENTED_EDGE('',*,*,#6201,.F.);
#3552=ORIENTED_EDGE('',*,*,#6202,.T.);
#3553=ORIENTED_EDGE('',*,*,#6203,.T.);
#3554=ORIENTED_EDGE('',*,*,#6204,.F.);
#3555=ORIENTED_EDGE('',*,*,#6205,.T.);
#3556=CARTESIAN_POINT('',(-8.13500000000033,0.343268253660085,-10.26));
#3557=DIRECTION('',(-1.0,0.0,0.0));
#3558=DIRECTION('',(0.0,-1.0,0.0));
#3559=ORIENTED_EDGE('',*,*,#6206,.F.);
#3560=ORIENTED_EDGE('',*,*,#6207,.T.);
#3561=ORIENTED_EDGE('',*,*,#6208,.T.);
#3562=ORIENTED_EDGE('',*,*,#6202,.F.);
#3563=CARTESIAN_POINT('',(-8.18500000000028,3.6507320032797E-05,-10.26));
#3564=DIRECTION('',(-2.27373675443439E-12,1.0,0.0));
#3565=DIRECTION('',(-1.0,-2.27373675443439E-12,0.0));
#3566=ORIENTED_EDGE('',*,*,#6209,.F.);
#3567=ORIENTED_EDGE('',*,*,#6210,.F.);
#3568=ORIENTED_EDGE('',*,*,#6211,.T.);
#3569=ORIENTED_EDGE('',*,*,#6212,.F.);
#3570=CARTESIAN_POINT('',(-6.62,-1.76250000000001,-2.18510589693828));
#3571=DIRECTION('',(6.12303176911189E-17,-5.45944533210187E-15,1.0));
#3572=DIRECTION('',(3.34283572101893E-31,1.0,5.45944533210187E-15));
#3573=ORIENTED_EDGE('',*,*,#6213,.F.);
#3574=ORIENTED_EDGE('',*,*,#6214,.F.);
#3575=ORIENTED_EDGE('',*,*,#6215,.F.);
#3576=ORIENTED_EDGE('',*,*,#6216,.F.);
#3577=ORIENTED_EDGE('',*,*,#6217,.T.);
#3578=ORIENTED_EDGE('',*,*,#6218,.F.);
#3579=ORIENTED_EDGE('',*,*,#6219,.F.);
#3580=ORIENTED_EDGE('',*,*,#6220,.F.);
#3581=CARTESIAN_POINT('',(-6.62,-5.325,-3.88499999985226));
#3582=DIRECTION('',(-6.12303176911189E-17,1.73021770071453E-16,-1.0));
#3583=DIRECTION('',(-1.05941779489548E-32,-1.0,-1.73021770071453E-16));
#3584=ORIENTED_EDGE('',*,*,#6221,.F.);
#3585=ORIENTED_EDGE('',*,*,#6222,.T.);
#3586=ORIENTED_EDGE('',*,*,#6223,.F.);
#3587=ORIENTED_EDGE('',*,*,#6214,.T.);
#3588=CARTESIAN_POINT('',(-7.32999999999946,-4.9088592904623,-10.26));
#3589=DIRECTION('',(1.0,-3.6811327862151E-13,0.0));
#3590=DIRECTION('',(3.6811327862151E-13,1.0,0.0));
#3591=ORIENTED_EDGE('',*,*,#6218,.T.);
#3592=ORIENTED_EDGE('',*,*,#6224,.T.);
#3593=ORIENTED_EDGE('',*,*,#6225,.T.);
#3594=ORIENTED_EDGE('',*,*,#6226,.F.);
#3595=CARTESIAN_POINT('',(-7.61999999999997,-7.15099999999992,-10.26));
#3596=DIRECTION('',(0.0,0.0,1.0));
#3597=DIRECTION('',(1.0,0.0,0.0));
#3598=ORIENTED_EDGE('',*,*,#6219,.T.);
#3599=ORIENTED_EDGE('',*,*,#6226,.T.);
#3600=ORIENTED_EDGE('',*,*,#6227,.T.);
#3601=ORIENTED_EDGE('',*,*,#6228,.F.);
#3602=CARTESIAN_POINT('',(-7.81329629131399,-6.79731849637934,-10.26));
#3603=DIRECTION('',(-0.969043706236115,-0.246889237116917,0.0));
#3604=DIRECTION('',(0.246889237116917,-0.969043706236115,0.0));
#3605=ORIENTED_EDGE('',*,*,#6229,.F.);
#3606=ORIENTED_EDGE('',*,*,#6220,.T.);
#3607=ORIENTED_EDGE('',*,*,#6228,.T.);
#3608=ORIENTED_EDGE('',*,*,#6230,.T.);
#3609=CARTESIAN_POINT('',(-7.90999999999892,-4.90885929046412,-10.26));
#3610=DIRECTION('',(-1.0,6.6735707317471E-14,0.0));
#3611=DIRECTION('',(-6.6735707317471E-14,-1.0,0.0));
#3612=ORIENTED_EDGE('',*,*,#6231,.F.);
#3613=ORIENTED_EDGE('',*,*,#6232,.T.);
#3614=ORIENTED_EDGE('',*,*,#6233,.T.);
#3615=ORIENTED_EDGE('',*,*,#6234,.F.);
#3616=CARTESIAN_POINT('',(-7.05499999999972,3.65073201464838E-05,-10.26));
#3617=DIRECTION('',(4.54747350886878E-12,1.0,0.0));
#3618=DIRECTION('',(-1.0,4.54747350886878E-12,0.0));
#3619=ORIENTED_EDGE('',*,*,#6235,.F.);
#3620=ORIENTED_EDGE('',*,*,#6236,.T.);
#3621=ORIENTED_EDGE('',*,*,#6237,.T.);
#3622=ORIENTED_EDGE('',*,*,#6238,.T.);
#3623=ORIENTED_EDGE('',*,*,#6232,.F.);
#3624=CARTESIAN_POINT('',(-7.10499999999967,0.343268253660199,-10.26));
#3625=DIRECTION('',(1.0,0.0,0.0));
#3626=DIRECTION('',(0.0,1.0,0.0));
#3627=ORIENTED_EDGE('',*,*,#6239,.T.);
#3628=ORIENTED_EDGE('',*,*,#6204,.T.);
#3629=ORIENTED_EDGE('',*,*,#6240,.T.);
#3630=ORIENTED_EDGE('',*,*,#6237,.F.);
#3631=CARTESIAN_POINT('',(-7.62,0.686500000000024,-10.26));
#3632=DIRECTION('',(0.0,1.0,0.0));
#3633=DIRECTION('',(-1.0,0.0,0.0));
#3634=ORIENTED_EDGE('',*,*,#6215,.T.);
#3635=ORIENTED_EDGE('',*,*,#6223,.T.);
#3636=ORIENTED_EDGE('',*,*,#6241,.T.);
#3637=ORIENTED_EDGE('',*,*,#6242,.F.);
#3638=CARTESIAN_POINT('',(-7.42670370868561,-6.79731849637755,-10.26));
#3639=DIRECTION('',(0.969043706236058,-0.246889237117142,0.0));
#3640=DIRECTION('',(0.246889237117142,0.969043706236058,0.0));
#3641=ORIENTED_EDGE('',*,*,#6216,.T.);
#3642=ORIENTED_EDGE('',*,*,#6242,.T.);
#3643=ORIENTED_EDGE('',*,*,#6243,.T.);
#3644=ORIENTED_EDGE('',*,*,#6244,.T.);
#3645=CARTESIAN_POINT('',(-7.61999999999997,-7.15099999999992,-10.26));
#3646=DIRECTION('',(0.0,0.0,1.0));
#3647=DIRECTION('',(1.0,0.0,0.0));
#3648=ORIENTED_EDGE('',*,*,#6244,.F.);
#3649=ORIENTED_EDGE('',*,*,#6245,.T.);
#3650=ORIENTED_EDGE('',*,*,#6224,.F.);
#3651=ORIENTED_EDGE('',*,*,#6217,.F.);
#3652=CARTESIAN_POINT('',(-6.62,-7.25,-3.80999999985226));
#3653=DIRECTION('',(0.0,-1.0,0.0));
#3654=DIRECTION('',(6.12303176911189E-17,0.0,1.0));
#3655=ORIENTED_EDGE('',*,*,#6246,.F.);
#3656=ORIENTED_EDGE('',*,*,#6230,.F.);
#3657=ORIENTED_EDGE('',*,*,#6227,.F.);
#3658=ORIENTED_EDGE('',*,*,#6225,.F.);
#3659=ORIENTED_EDGE('',*,*,#6245,.F.);
#3660=ORIENTED_EDGE('',*,*,#6243,.F.);
#3661=ORIENTED_EDGE('',*,*,#6241,.F.);
#3662=ORIENTED_EDGE('',*,*,#6222,.F.);
#3663=CARTESIAN_POINT('',(-6.62,-5.325,-3.73499999985226));
#3664=DIRECTION('',(6.12303176911189E-17,-1.73021770071453E-16,1.0));
#3665=DIRECTION('',(1.05941779489548E-32,1.0,1.73021770071453E-16));
#3666=ORIENTED_EDGE('',*,*,#6233,.F.);
#3667=ORIENTED_EDGE('',*,*,#6238,.F.);
#3668=ORIENTED_EDGE('',*,*,#6240,.F.);
#3669=ORIENTED_EDGE('',*,*,#6203,.F.);
#3670=ORIENTED_EDGE('',*,*,#6208,.F.);
#3671=ORIENTED_EDGE('',*,*,#6247,.F.);
#3672=ORIENTED_EDGE('',*,*,#6248,.F.);
#3673=ORIENTED_EDGE('',*,*,#6249,.F.);
#3674=CARTESIAN_POINT('',(-6.62,-0.141167119295589,-4.33273034841762));
#3675=DIRECTION('',(6.03000915816148E-17,0.173648177666898,0.984807753012214));
#3676=DIRECTION('',(-1.0632533085028E-17,0.984807753012214,-0.173648177666898));
#3677=ORIENTED_EDGE('',*,*,#6250,.F.);
#3678=ORIENTED_EDGE('',*,*,#6251,.T.);
#3679=ORIENTED_EDGE('',*,*,#6252,.F.);
#3680=ORIENTED_EDGE('',*,*,#6211,.F.);
#3681=CARTESIAN_POINT('',(-6.62,-0.400000000000057,-2.46010589693821));
#3682=DIRECTION('',(-1.0,0.0,6.12303176911189E-17));
#3683=DIRECTION('',(6.12303176911189E-17,0.0,1.0));
#3684=ORIENTED_EDGE('',*,*,#6253,.F.);
#3685=ORIENTED_EDGE('',*,*,#6254,.T.);
#3686=ORIENTED_EDGE('',*,*,#6255,.F.);
#3687=ORIENTED_EDGE('',*,*,#6251,.F.);
#3688=CARTESIAN_POINT('',(-6.62,-0.616548863858165,-3.33031818198867));
#3689=DIRECTION('',(-3.22864391928112E-17,0.849682295447765,-0.527294980824413));
#3690=DIRECTION('',(-5.20263168867858E-17,-0.527294980824413,-0.849682295447765));
#3691=ORIENTED_EDGE('',*,*,#6256,.F.);
#3692=ORIENTED_EDGE('',*,*,#6257,.T.);
#3693=ORIENTED_EDGE('',*,*,#6258,.F.);
#3694=ORIENTED_EDGE('',*,*,#6254,.F.);
#3695=CARTESIAN_POINT('',(-6.62,-1.3081119489868,-3.92365915036066));
#3696=DIRECTION('',(-1.0,0.0,6.12303176911189E-17));
#3697=DIRECTION('',(6.12303176911189E-17,0.0,1.0));
#3698=ORIENTED_EDGE('',*,*,#6259,.F.);
#3699=ORIENTED_EDGE('',*,*,#6248,.T.);
#3700=ORIENTED_EDGE('',*,*,#6260,.F.);
#3701=ORIENTED_EDGE('',*,*,#6257,.F.);
#3702=CARTESIAN_POINT('',(-6.62,-1.09947770528177,-4.18624531546225));
#3703=DIRECTION('',(6.12303176911189E-17,-0.0,1.0));
#3704=DIRECTION('',(0.0,1.0,0.0));
#3705=ORIENTED_EDGE('',*,*,#6261,.F.);
#3706=ORIENTED_EDGE('',*,*,#6205,.F.);
#3707=ORIENTED_EDGE('',*,*,#6239,.F.);
#3708=ORIENTED_EDGE('',*,*,#6236,.F.);
#3709=CARTESIAN_POINT('',(-6.62,0.676765029575738,-4.55195385465245));
#3710=DIRECTION('',(-1.06325330850154E-17,0.98480775301225,-0.173648177666693));
#3711=DIRECTION('',(-6.0300091581617E-17,-0.173648177666693,-0.98480775301225));
#3712=ORIENTED_EDGE('',*,*,#6206,.T.);
#3713=ORIENTED_EDGE('',*,*,#6201,.T.);
#3714=ORIENTED_EDGE('',*,*,#6261,.T.);
#3715=ORIENTED_EDGE('',*,*,#6235,.T.);
#3716=ORIENTED_EDGE('',*,*,#6231,.T.);
#3717=ORIENTED_EDGE('',*,*,#6262,.F.);
#3718=ORIENTED_EDGE('',*,*,#6263,.T.);
#3719=ORIENTED_EDGE('',*,*,#6264,.T.);
#3720=ORIENTED_EDGE('',*,*,#6265,.T.);
#3721=ORIENTED_EDGE('',*,*,#6266,.T.);
#3722=ORIENTED_EDGE('',*,*,#6267,.T.);
#3723=ORIENTED_EDGE('',*,*,#6268,.F.);
#3724=ORIENTED_EDGE('',*,*,#6269,.T.);
#3725=ORIENTED_EDGE('',*,*,#6270,.T.);
#3726=ORIENTED_EDGE('',*,*,#6271,.T.);
#3727=ORIENTED_EDGE('',*,*,#6272,.T.);
#3728=ORIENTED_EDGE('',*,*,#6273,.T.);
#3729=ORIENTED_EDGE('',*,*,#6274,.F.);
#3730=ORIENTED_EDGE('',*,*,#6275,.T.);
#3731=ORIENTED_EDGE('',*,*,#6276,.T.);
#3732=ORIENTED_EDGE('',*,*,#6277,.T.);
#3733=ORIENTED_EDGE('',*,*,#6278,.T.);
#3734=ORIENTED_EDGE('',*,*,#6279,.T.);
#3735=ORIENTED_EDGE('',*,*,#6280,.F.);
#3736=ORIENTED_EDGE('',*,*,#6281,.T.);
#3737=ORIENTED_EDGE('',*,*,#6282,.T.);
#3738=ORIENTED_EDGE('',*,*,#6283,.T.);
#3739=ORIENTED_EDGE('',*,*,#6284,.T.);
#3740=ORIENTED_EDGE('',*,*,#6285,.T.);
#3741=ORIENTED_EDGE('',*,*,#6286,.F.);
#3742=ORIENTED_EDGE('',*,*,#6287,.T.);
#3743=ORIENTED_EDGE('',*,*,#6288,.T.);
#3744=ORIENTED_EDGE('',*,*,#6289,.T.);
#3745=ORIENTED_EDGE('',*,*,#6290,.T.);
#3746=ORIENTED_EDGE('',*,*,#6291,.T.);
#3747=ORIENTED_EDGE('',*,*,#6292,.F.);
#3748=ORIENTED_EDGE('',*,*,#6293,.T.);
#3749=ORIENTED_EDGE('',*,*,#6294,.T.);
#3750=ORIENTED_EDGE('',*,*,#6295,.T.);
#3751=ORIENTED_EDGE('',*,*,#6296,.T.);
#3752=ORIENTED_EDGE('',*,*,#6297,.T.);
#3753=ORIENTED_EDGE('',*,*,#6298,.F.);
#3754=ORIENTED_EDGE('',*,*,#6299,.T.);
#3755=ORIENTED_EDGE('',*,*,#6300,.T.);
#3756=ORIENTED_EDGE('',*,*,#6301,.T.);
#3757=ORIENTED_EDGE('',*,*,#6302,.F.);
#3758=CARTESIAN_POINT('',(8.89,0.500000000000001,-4.59183650964587));
#3759=DIRECTION('',(6.03000915816129E-17,0.173648177667068,0.984807753012184));
#3760=DIRECTION('',(-1.06325330850384E-17,0.984807753012184,-0.173648177667068));
#3761=ORIENTED_EDGE('',*,*,#6249,.T.);
#3762=ORIENTED_EDGE('',*,*,#6259,.T.);
#3763=ORIENTED_EDGE('',*,*,#6256,.T.);
#3764=ORIENTED_EDGE('',*,*,#6253,.T.);
#3765=ORIENTED_EDGE('',*,*,#6250,.T.);
#3766=ORIENTED_EDGE('',*,*,#6210,.T.);
#3767=ORIENTED_EDGE('',*,*,#6303,.F.);
#3768=ORIENTED_EDGE('',*,*,#6304,.F.);
#3769=ORIENTED_EDGE('',*,*,#6305,.F.);
#3770=CARTESIAN_POINT('',(-7.005,-0.68,-3.335));
#3771=DIRECTION('',(-1.0,0.0,6.12303176911189E-17));
#3772=DIRECTION('',(6.12303176911189E-17,0.0,1.0));
#3773=ORIENTED_EDGE('',*,*,#6264,.F.);
#3774=ORIENTED_EDGE('',*,*,#6306,.T.);
#3775=ORIENTED_EDGE('',*,*,#6307,.T.);
#3776=ORIENTED_EDGE('',*,*,#6308,.F.);
#3777=ORIENTED_EDGE('',*,*,#6309,.T.);
#3778=CARTESIAN_POINT('',(-5.59500000000033,0.343268253660085,-10.26));
#3779=DIRECTION('',(-1.0,0.0,0.0));
#3780=DIRECTION('',(0.0,-1.0,0.0));
#3781=ORIENTED_EDGE('',*,*,#6263,.F.);
#3782=ORIENTED_EDGE('',*,*,#6310,.T.);
#3783=ORIENTED_EDGE('',*,*,#6311,.T.);
#3784=ORIENTED_EDGE('',*,*,#6306,.F.);
#3785=CARTESIAN_POINT('',(-5.64500000000028,3.6507320032797E-05,-10.26));
#3786=DIRECTION('',(-2.27373675443439E-12,1.0,0.0));
#3787=DIRECTION('',(-1.0,-2.27373675443439E-12,0.0));
#3788=ORIENTED_EDGE('',*,*,#6312,.F.);
#3789=ORIENTED_EDGE('',*,*,#6313,.F.);
#3790=ORIENTED_EDGE('',*,*,#6314,.T.);
#3791=ORIENTED_EDGE('',*,*,#6315,.F.);
#3792=CARTESIAN_POINT('',(-4.08,-1.76250000000001,-2.18510589693828));
#3793=DIRECTION('',(6.12303176911189E-17,-5.45944533210187E-15,1.0));
#3794=DIRECTION('',(3.34283572101893E-31,1.0,5.45944533210187E-15));
#3795=ORIENTED_EDGE('',*,*,#6316,.F.);
#3796=ORIENTED_EDGE('',*,*,#6317,.F.);
#3797=ORIENTED_EDGE('',*,*,#6318,.F.);
#3798=ORIENTED_EDGE('',*,*,#6319,.F.);
#3799=ORIENTED_EDGE('',*,*,#6320,.T.);
#3800=ORIENTED_EDGE('',*,*,#6321,.F.);
#3801=ORIENTED_EDGE('',*,*,#6322,.F.);
#3802=ORIENTED_EDGE('',*,*,#6323,.F.);
#3803=CARTESIAN_POINT('',(-4.08,-5.325,-3.88499999985226));
#3804=DIRECTION('',(-6.12303176911189E-17,1.73021770071453E-16,-1.0));
#3805=DIRECTION('',(-1.05941779489548E-32,-1.0,-1.73021770071453E-16));
#3806=ORIENTED_EDGE('',*,*,#6324,.F.);
#3807=ORIENTED_EDGE('',*,*,#6325,.T.);
#3808=ORIENTED_EDGE('',*,*,#6326,.F.);
#3809=ORIENTED_EDGE('',*,*,#6317,.T.);
#3810=CARTESIAN_POINT('',(-4.78999999999946,-4.9088592904623,-10.26));
#3811=DIRECTION('',(1.0,-3.6811327862151E-13,0.0));
#3812=DIRECTION('',(3.6811327862151E-13,1.0,0.0));
#3813=ORIENTED_EDGE('',*,*,#6321,.T.);
#3814=ORIENTED_EDGE('',*,*,#6327,.T.);
#3815=ORIENTED_EDGE('',*,*,#6328,.T.);
#3816=ORIENTED_EDGE('',*,*,#6329,.F.);
#3817=CARTESIAN_POINT('',(-5.07999999999997,-7.15099999999992,-10.26));
#3818=DIRECTION('',(0.0,0.0,1.0));
#3819=DIRECTION('',(1.0,0.0,0.0));
#3820=ORIENTED_EDGE('',*,*,#6322,.T.);
#3821=ORIENTED_EDGE('',*,*,#6329,.T.);
#3822=ORIENTED_EDGE('',*,*,#6330,.T.);
#3823=ORIENTED_EDGE('',*,*,#6331,.F.);
#3824=CARTESIAN_POINT('',(-5.27329629131399,-6.79731849637934,-10.26));
#3825=DIRECTION('',(-0.969043706236115,-0.246889237116917,0.0));
#3826=DIRECTION('',(0.246889237116917,-0.969043706236115,0.0));
#3827=ORIENTED_EDGE('',*,*,#6332,.F.);
#3828=ORIENTED_EDGE('',*,*,#6323,.T.);
#3829=ORIENTED_EDGE('',*,*,#6331,.T.);
#3830=ORIENTED_EDGE('',*,*,#6333,.T.);
#3831=CARTESIAN_POINT('',(-5.36999999999892,-4.90885929046412,-10.26));
#3832=DIRECTION('',(-1.0,6.6735707317471E-14,0.0));
#3833=DIRECTION('',(-6.6735707317471E-14,-1.0,0.0));
#3834=ORIENTED_EDGE('',*,*,#6267,.F.);
#3835=ORIENTED_EDGE('',*,*,#6334,.T.);
#3836=ORIENTED_EDGE('',*,*,#6335,.T.);
#3837=ORIENTED_EDGE('',*,*,#6336,.F.);
#3838=CARTESIAN_POINT('',(-4.51499999999972,3.65073201464838E-05,-10.26));
#3839=DIRECTION('',(4.54747350886878E-12,1.0,0.0));
#3840=DIRECTION('',(-1.0,4.54747350886878E-12,0.0));
#3841=ORIENTED_EDGE('',*,*,#6266,.F.);
#3842=ORIENTED_EDGE('',*,*,#6337,.T.);
#3843=ORIENTED_EDGE('',*,*,#6338,.T.);
#3844=ORIENTED_EDGE('',*,*,#6339,.T.);
#3845=ORIENTED_EDGE('',*,*,#6334,.F.);
#3846=CARTESIAN_POINT('',(-4.56499999999967,0.343268253660199,-10.26));
#3847=DIRECTION('',(1.0,0.0,0.0));
#3848=DIRECTION('',(0.0,1.0,0.0));
#3849=ORIENTED_EDGE('',*,*,#6340,.T.);
#3850=ORIENTED_EDGE('',*,*,#6308,.T.);
#3851=ORIENTED_EDGE('',*,*,#6341,.T.);
#3852=ORIENTED_EDGE('',*,*,#6338,.F.);
#3853=CARTESIAN_POINT('',(-5.08,0.686500000000024,-10.26));
#3854=DIRECTION('',(0.0,1.0,0.0));
#3855=DIRECTION('',(-1.0,0.0,0.0));
#3856=ORIENTED_EDGE('',*,*,#6318,.T.);
#3857=ORIENTED_EDGE('',*,*,#6326,.T.);
#3858=ORIENTED_EDGE('',*,*,#6342,.T.);
#3859=ORIENTED_EDGE('',*,*,#6343,.F.);
#3860=CARTESIAN_POINT('',(-4.88670370868561,-6.79731849637755,-10.26));
#3861=DIRECTION('',(0.969043706236058,-0.246889237117142,0.0));
#3862=DIRECTION('',(0.246889237117142,0.969043706236058,0.0));
#3863=ORIENTED_EDGE('',*,*,#6319,.T.);
#3864=ORIENTED_EDGE('',*,*,#6343,.T.);
#3865=ORIENTED_EDGE('',*,*,#6344,.T.);
#3866=ORIENTED_EDGE('',*,*,#6345,.T.);
#3867=CARTESIAN_POINT('',(-5.07999999999997,-7.15099999999992,-10.26));
#3868=DIRECTION('',(0.0,0.0,1.0));
#3869=DIRECTION('',(1.0,0.0,0.0));
#3870=ORIENTED_EDGE('',*,*,#6345,.F.);
#3871=ORIENTED_EDGE('',*,*,#6346,.T.);
#3872=ORIENTED_EDGE('',*,*,#6327,.F.);
#3873=ORIENTED_EDGE('',*,*,#6320,.F.);
#3874=CARTESIAN_POINT('',(-4.08,-7.25,-3.80999999985226));
#3875=DIRECTION('',(0.0,-1.0,0.0));
#3876=DIRECTION('',(6.12303176911189E-17,0.0,1.0));
#3877=ORIENTED_EDGE('',*,*,#6347,.F.);
#3878=ORIENTED_EDGE('',*,*,#6333,.F.);
#3879=ORIENTED_EDGE('',*,*,#6330,.F.);
#3880=ORIENTED_EDGE('',*,*,#6328,.F.);
#3881=ORIENTED_EDGE('',*,*,#6346,.F.);
#3882=ORIENTED_EDGE('',*,*,#6344,.F.);
#3883=ORIENTED_EDGE('',*,*,#6342,.F.);
#3884=ORIENTED_EDGE('',*,*,#6325,.F.);
#3885=CARTESIAN_POINT('',(-4.08,-5.325,-3.73499999985226));
#3886=DIRECTION('',(6.12303176911189E-17,-1.73021770071453E-16,1.0));
#3887=DIRECTION('',(1.05941779489548E-32,1.0,1.73021770071453E-16));
#3888=ORIENTED_EDGE('',*,*,#6335,.F.);
#3889=ORIENTED_EDGE('',*,*,#6339,.F.);
#3890=ORIENTED_EDGE('',*,*,#6341,.F.);
#3891=ORIENTED_EDGE('',*,*,#6307,.F.);
#3892=ORIENTED_EDGE('',*,*,#6311,.F.);
#3893=ORIENTED_EDGE('',*,*,#6348,.F.);
#3894=ORIENTED_EDGE('',*,*,#6349,.F.);
#3895=ORIENTED_EDGE('',*,*,#6350,.F.);
#3896=CARTESIAN_POINT('',(-4.08,-0.141167119295589,-4.33273034841762));
#3897=DIRECTION('',(6.03000915816148E-17,0.173648177666898,0.984807753012214));
#3898=DIRECTION('',(-1.0632533085028E-17,0.984807753012214,-0.173648177666898));
#3899=ORIENTED_EDGE('',*,*,#6351,.F.);
#3900=ORIENTED_EDGE('',*,*,#6352,.T.);
#3901=ORIENTED_EDGE('',*,*,#6353,.F.);
#3902=ORIENTED_EDGE('',*,*,#6314,.F.);
#3903=CARTESIAN_POINT('',(-4.08,-0.400000000000057,-2.46010589693821));
#3904=DIRECTION('',(-1.0,0.0,6.12303176911189E-17));
#3905=DIRECTION('',(6.12303176911189E-17,0.0,1.0));
#3906=ORIENTED_EDGE('',*,*,#6354,.F.);
#3907=ORIENTED_EDGE('',*,*,#6355,.T.);
#3908=ORIENTED_EDGE('',*,*,#6356,.F.);
#3909=ORIENTED_EDGE('',*,*,#6352,.F.);
#3910=CARTESIAN_POINT('',(-4.08,-0.616548863858165,-3.33031818198867));
#3911=DIRECTION('',(-3.22864391928112E-17,0.849682295447765,-0.527294980824413));
#3912=DIRECTION('',(-5.20263168867858E-17,-0.527294980824413,-0.849682295447765));
#3913=ORIENTED_EDGE('',*,*,#6357,.F.);
#3914=ORIENTED_EDGE('',*,*,#6358,.T.);
#3915=ORIENTED_EDGE('',*,*,#6359,.F.);
#3916=ORIENTED_EDGE('',*,*,#6355,.F.);
#3917=CARTESIAN_POINT('',(-4.08,-1.3081119489868,-3.92365915036066));
#3918=DIRECTION('',(-1.0,0.0,6.12303176911189E-17));
#3919=DIRECTION('',(6.12303176911189E-17,0.0,1.0));
#3920=ORIENTED_EDGE('',*,*,#6360,.F.);
#3921=ORIENTED_EDGE('',*,*,#6349,.T.);
#3922=ORIENTED_EDGE('',*,*,#6361,.F.);
#3923=ORIENTED_EDGE('',*,*,#6358,.F.);
#3924=CARTESIAN_POINT('',(-4.08,-1.09947770528177,-4.18624531546225));
#3925=DIRECTION('',(6.12303176911189E-17,-0.0,1.0));
#3926=DIRECTION('',(0.0,1.0,0.0));
#3927=ORIENTED_EDGE('',*,*,#6265,.F.);
#3928=ORIENTED_EDGE('',*,*,#6309,.F.);
#3929=ORIENTED_EDGE('',*,*,#6340,.F.);
#3930=ORIENTED_EDGE('',*,*,#6337,.F.);
#3931=CARTESIAN_POINT('',(-4.08,0.676765029575738,-4.55195385465245));
#3932=DIRECTION('',(-1.06325330850154E-17,0.98480775301225,-0.173648177666693));
#3933=DIRECTION('',(-6.0300091581617E-17,-0.173648177666693,-0.98480775301225));
#3934=ORIENTED_EDGE('',*,*,#6350,.T.);
#3935=ORIENTED_EDGE('',*,*,#6360,.T.);
#3936=ORIENTED_EDGE('',*,*,#6357,.T.);
#3937=ORIENTED_EDGE('',*,*,#6354,.T.);
#3938=ORIENTED_EDGE('',*,*,#6351,.T.);
#3939=ORIENTED_EDGE('',*,*,#6313,.T.);
#3940=ORIENTED_EDGE('',*,*,#6362,.F.);
#3941=ORIENTED_EDGE('',*,*,#6363,.F.);
#3942=ORIENTED_EDGE('',*,*,#6364,.F.);
#3943=CARTESIAN_POINT('',(-4.465,-0.68,-3.335));
#3944=DIRECTION('',(-1.0,0.0,6.12303176911189E-17));
#3945=DIRECTION('',(6.12303176911189E-17,0.0,1.0));
#3946=ORIENTED_EDGE('',*,*,#6270,.F.);
#3947=ORIENTED_EDGE('',*,*,#6365,.T.);
#3948=ORIENTED_EDGE('',*,*,#6366,.T.);
#3949=ORIENTED_EDGE('',*,*,#6367,.F.);
#3950=ORIENTED_EDGE('',*,*,#6368,.T.);
#3951=CARTESIAN_POINT('',(-3.05500000000033,0.343268253660085,-10.26));
#3952=DIRECTION('',(-1.0,0.0,0.0));
#3953=DIRECTION('',(0.0,-1.0,0.0));
#3954=ORIENTED_EDGE('',*,*,#6269,.F.);
#3955=ORIENTED_EDGE('',*,*,#6369,.T.);
#3956=ORIENTED_EDGE('',*,*,#6370,.T.);
#3957=ORIENTED_EDGE('',*,*,#6365,.F.);
#3958=CARTESIAN_POINT('',(-3.10500000000028,3.6507320032797E-05,-10.26));
#3959=DIRECTION('',(-2.27373675443439E-12,1.0,0.0));
#3960=DIRECTION('',(-1.0,-2.27373675443439E-12,0.0));
#3961=ORIENTED_EDGE('',*,*,#6371,.F.);
#3962=ORIENTED_EDGE('',*,*,#6372,.F.);
#3963=ORIENTED_EDGE('',*,*,#6373,.T.);
#3964=ORIENTED_EDGE('',*,*,#6374,.F.);
#3965=CARTESIAN_POINT('',(-1.54,-1.76250000000001,-2.18510589693828));
#3966=DIRECTION('',(6.12303176911189E-17,-5.45944533210187E-15,1.0));
#3967=DIRECTION('',(3.34283572101893E-31,1.0,5.45944533210187E-15));
#3968=ORIENTED_EDGE('',*,*,#6375,.F.);
#3969=ORIENTED_EDGE('',*,*,#6376,.F.);
#3970=ORIENTED_EDGE('',*,*,#6377,.F.);
#3971=ORIENTED_EDGE('',*,*,#6378,.F.);
#3972=ORIENTED_EDGE('',*,*,#6379,.T.);
#3973=ORIENTED_EDGE('',*,*,#6380,.F.);
#3974=ORIENTED_EDGE('',*,*,#6381,.F.);
#3975=ORIENTED_EDGE('',*,*,#6382,.F.);
#3976=CARTESIAN_POINT('',(-1.54,-5.325,-3.88499999985226));
#3977=DIRECTION('',(-6.12303176911189E-17,1.73021770071453E-16,-1.0));
#3978=DIRECTION('',(-1.05941779489548E-32,-1.0,-1.73021770071453E-16));
#3979=ORIENTED_EDGE('',*,*,#6383,.F.);
#3980=ORIENTED_EDGE('',*,*,#6384,.T.);
#3981=ORIENTED_EDGE('',*,*,#6385,.F.);
#3982=ORIENTED_EDGE('',*,*,#6376,.T.);
#3983=CARTESIAN_POINT('',(-2.24999999999946,-4.9088592904623,-10.26));
#3984=DIRECTION('',(1.0,-3.6811327862151E-13,0.0));
#3985=DIRECTION('',(3.6811327862151E-13,1.0,0.0));
#3986=ORIENTED_EDGE('',*,*,#6380,.T.);
#3987=ORIENTED_EDGE('',*,*,#6386,.T.);
#3988=ORIENTED_EDGE('',*,*,#6387,.T.);
#3989=ORIENTED_EDGE('',*,*,#6388,.F.);
#3990=CARTESIAN_POINT('',(-2.53999999999997,-7.15099999999992,-10.26));
#3991=DIRECTION('',(0.0,0.0,1.0));
#3992=DIRECTION('',(1.0,0.0,0.0));
#3993=ORIENTED_EDGE('',*,*,#6381,.T.);
#3994=ORIENTED_EDGE('',*,*,#6388,.T.);
#3995=ORIENTED_EDGE('',*,*,#6389,.T.);
#3996=ORIENTED_EDGE('',*,*,#6390,.F.);
#3997=CARTESIAN_POINT('',(-2.73329629131399,-6.79731849637934,-10.26));
#3998=DIRECTION('',(-0.969043706236115,-0.246889237116917,0.0));
#3999=DIRECTION('',(0.246889237116917,-0.969043706236115,0.0));
#4000=ORIENTED_EDGE('',*,*,#6391,.F.);
#4001=ORIENTED_EDGE('',*,*,#6382,.T.);
#4002=ORIENTED_EDGE('',*,*,#6390,.T.);
#4003=ORIENTED_EDGE('',*,*,#6392,.T.);
#4004=CARTESIAN_POINT('',(-2.82999999999892,-4.90885929046412,-10.26));
#4005=DIRECTION('',(-1.0,6.6735707317471E-14,0.0));
#4006=DIRECTION('',(-6.6735707317471E-14,-1.0,0.0));
#4007=ORIENTED_EDGE('',*,*,#6273,.F.);
#4008=ORIENTED_EDGE('',*,*,#6393,.T.);
#4009=ORIENTED_EDGE('',*,*,#6394,.T.);
#4010=ORIENTED_EDGE('',*,*,#6395,.F.);
#4011=CARTESIAN_POINT('',(-1.97499999999972,3.65073201464838E-05,-10.26));
#4012=DIRECTION('',(4.54747350886878E-12,1.0,0.0));
#4013=DIRECTION('',(-1.0,4.54747350886878E-12,0.0));
#4014=ORIENTED_EDGE('',*,*,#6272,.F.);
#4015=ORIENTED_EDGE('',*,*,#6396,.T.);
#4016=ORIENTED_EDGE('',*,*,#6397,.T.);
#4017=ORIENTED_EDGE('',*,*,#6398,.T.);
#4018=ORIENTED_EDGE('',*,*,#6393,.F.);
#4019=CARTESIAN_POINT('',(-2.02499999999967,0.343268253660199,-10.26));
#4020=DIRECTION('',(1.0,0.0,0.0));
#4021=DIRECTION('',(0.0,1.0,0.0));
#4022=ORIENTED_EDGE('',*,*,#6399,.T.);
#4023=ORIENTED_EDGE('',*,*,#6367,.T.);
#4024=ORIENTED_EDGE('',*,*,#6400,.T.);
#4025=ORIENTED_EDGE('',*,*,#6397,.F.);
#4026=CARTESIAN_POINT('',(-2.54,0.686500000000024,-10.26));
#4027=DIRECTION('',(0.0,1.0,0.0));
#4028=DIRECTION('',(-1.0,0.0,0.0));
#4029=ORIENTED_EDGE('',*,*,#6377,.T.);
#4030=ORIENTED_EDGE('',*,*,#6385,.T.);
#4031=ORIENTED_EDGE('',*,*,#6401,.T.);
#4032=ORIENTED_EDGE('',*,*,#6402,.F.);
#4033=CARTESIAN_POINT('',(-2.34670370868561,-6.79731849637755,-10.26));
#4034=DIRECTION('',(0.969043706236058,-0.246889237117142,0.0));
#4035=DIRECTION('',(0.246889237117142,0.969043706236058,0.0));
#4036=ORIENTED_EDGE('',*,*,#6378,.T.);
#4037=ORIENTED_EDGE('',*,*,#6402,.T.);
#4038=ORIENTED_EDGE('',*,*,#6403,.T.);
#4039=ORIENTED_EDGE('',*,*,#6404,.T.);
#4040=CARTESIAN_POINT('',(-2.53999999999997,-7.15099999999992,-10.26));
#4041=DIRECTION('',(0.0,0.0,1.0));
#4042=DIRECTION('',(1.0,0.0,0.0));
#4043=ORIENTED_EDGE('',*,*,#6404,.F.);
#4044=ORIENTED_EDGE('',*,*,#6405,.T.);
#4045=ORIENTED_EDGE('',*,*,#6386,.F.);
#4046=ORIENTED_EDGE('',*,*,#6379,.F.);
#4047=CARTESIAN_POINT('',(-1.54,-7.25,-3.80999999985226));
#4048=DIRECTION('',(0.0,-1.0,0.0));
#4049=DIRECTION('',(6.12303176911189E-17,0.0,1.0));
#4050=ORIENTED_EDGE('',*,*,#6406,.F.);
#4051=ORIENTED_EDGE('',*,*,#6392,.F.);
#4052=ORIENTED_EDGE('',*,*,#6389,.F.);
#4053=ORIENTED_EDGE('',*,*,#6387,.F.);
#4054=ORIENTED_EDGE('',*,*,#6405,.F.);
#4055=ORIENTED_EDGE('',*,*,#6403,.F.);
#4056=ORIENTED_EDGE('',*,*,#6401,.F.);
#4057=ORIENTED_EDGE('',*,*,#6384,.F.);
#4058=CARTESIAN_POINT('',(-1.54,-5.325,-3.73499999985226));
#4059=DIRECTION('',(6.12303176911189E-17,-1.73021770071453E-16,1.0));
#4060=DIRECTION('',(1.05941779489548E-32,1.0,1.73021770071453E-16));
#4061=ORIENTED_EDGE('',*,*,#6394,.F.);
#4062=ORIENTED_EDGE('',*,*,#6398,.F.);
#4063=ORIENTED_EDGE('',*,*,#6400,.F.);
#4064=ORIENTED_EDGE('',*,*,#6366,.F.);
#4065=ORIENTED_EDGE('',*,*,#6370,.F.);
#4066=ORIENTED_EDGE('',*,*,#6407,.F.);
#4067=ORIENTED_EDGE('',*,*,#6408,.F.);
#4068=ORIENTED_EDGE('',*,*,#6409,.F.);
#4069=CARTESIAN_POINT('',(-1.54,-0.141167119295589,-4.33273034841762));
#4070=DIRECTION('',(6.03000915816148E-17,0.173648177666898,0.984807753012214));
#4071=DIRECTION('',(-1.0632533085028E-17,0.984807753012214,-0.173648177666898));
#4072=ORIENTED_EDGE('',*,*,#6410,.F.);
#4073=ORIENTED_EDGE('',*,*,#6411,.T.);
#4074=ORIENTED_EDGE('',*,*,#6412,.F.);
#4075=ORIENTED_EDGE('',*,*,#6373,.F.);
#4076=CARTESIAN_POINT('',(-1.54,-0.400000000000057,-2.46010589693821));
#4077=DIRECTION('',(-1.0,0.0,6.12303176911189E-17));
#4078=DIRECTION('',(6.12303176911189E-17,0.0,1.0));
#4079=ORIENTED_EDGE('',*,*,#6413,.F.);
#4080=ORIENTED_EDGE('',*,*,#6414,.T.);
#4081=ORIENTED_EDGE('',*,*,#6415,.F.);
#4082=ORIENTED_EDGE('',*,*,#6411,.F.);
#4083=CARTESIAN_POINT('',(-1.54,-0.616548863858165,-3.33031818198868));
#4084=DIRECTION('',(-3.22864391928112E-17,0.849682295447765,-0.527294980824413));
#4085=DIRECTION('',(-5.20263168867858E-17,-0.527294980824413,-0.849682295447765));
#4086=ORIENTED_EDGE('',*,*,#6416,.F.);
#4087=ORIENTED_EDGE('',*,*,#6417,.T.);
#4088=ORIENTED_EDGE('',*,*,#6418,.F.);
#4089=ORIENTED_EDGE('',*,*,#6414,.F.);
#4090=CARTESIAN_POINT('',(-1.54,-1.3081119489868,-3.92365915036066));
#4091=DIRECTION('',(-1.0,0.0,6.12303176911189E-17));
#4092=DIRECTION('',(6.12303176911189E-17,0.0,1.0));
#4093=ORIENTED_EDGE('',*,*,#6419,.F.);
#4094=ORIENTED_EDGE('',*,*,#6408,.T.);
#4095=ORIENTED_EDGE('',*,*,#6420,.F.);
#4096=ORIENTED_EDGE('',*,*,#6417,.F.);
#4097=CARTESIAN_POINT('',(-1.54,-1.09947770528177,-4.18624531546225));
#4098=DIRECTION('',(6.12303176911189E-17,-0.0,1.0));
#4099=DIRECTION('',(0.0,1.0,0.0));
#4100=ORIENTED_EDGE('',*,*,#6271,.F.);
#4101=ORIENTED_EDGE('',*,*,#6368,.F.);
#4102=ORIENTED_EDGE('',*,*,#6399,.F.);
#4103=ORIENTED_EDGE('',*,*,#6396,.F.);
#4104=CARTESIAN_POINT('',(-1.54,0.676765029575738,-4.55195385465245));
#4105=DIRECTION('',(-1.06325330850154E-17,0.98480775301225,-0.173648177666693));
#4106=DIRECTION('',(-6.0300091581617E-17,-0.173648177666693,-0.98480775301225));
#4107=ORIENTED_EDGE('',*,*,#6409,.T.);
#4108=ORIENTED_EDGE('',*,*,#6419,.T.);
#4109=ORIENTED_EDGE('',*,*,#6416,.T.);
#4110=ORIENTED_EDGE('',*,*,#6413,.T.);
#4111=ORIENTED_EDGE('',*,*,#6410,.T.);
#4112=ORIENTED_EDGE('',*,*,#6372,.T.);
#4113=ORIENTED_EDGE('',*,*,#6421,.F.);
#4114=ORIENTED_EDGE('',*,*,#6422,.F.);
#4115=ORIENTED_EDGE('',*,*,#6423,.F.);
#4116=CARTESIAN_POINT('',(-1.925,-0.68,-3.335));
#4117=DIRECTION('',(-1.0,0.0,6.12303176911189E-17));
#4118=DIRECTION('',(6.12303176911189E-17,0.0,1.0));
#4119=ORIENTED_EDGE('',*,*,#6276,.F.);
#4120=ORIENTED_EDGE('',*,*,#6424,.T.);
#4121=ORIENTED_EDGE('',*,*,#6425,.T.);
#4122=ORIENTED_EDGE('',*,*,#6426,.F.);
#4123=ORIENTED_EDGE('',*,*,#6427,.T.);
#4124=CARTESIAN_POINT('',(-0.515000000000328,0.343268253660085,-10.26));
#4125=DIRECTION('',(-1.0,0.0,0.0));
#4126=DIRECTION('',(0.0,-1.0,0.0));
#4127=ORIENTED_EDGE('',*,*,#6275,.F.);
#4128=ORIENTED_EDGE('',*,*,#6428,.T.);
#4129=ORIENTED_EDGE('',*,*,#6429,.T.);
#4130=ORIENTED_EDGE('',*,*,#6424,.F.);
#4131=CARTESIAN_POINT('',(-0.565000000000283,3.6507320032797E-05,-10.26));
#4132=DIRECTION('',(-2.27373675443439E-12,1.0,0.0));
#4133=DIRECTION('',(-1.0,-2.27373675443439E-12,0.0));
#4134=ORIENTED_EDGE('',*,*,#6430,.F.);
#4135=ORIENTED_EDGE('',*,*,#6431,.F.);
#4136=ORIENTED_EDGE('',*,*,#6432,.T.);
#4137=ORIENTED_EDGE('',*,*,#6433,.F.);
#4138=CARTESIAN_POINT('',(1.0,-1.76250000000001,-2.18510589693828));
#4139=DIRECTION('',(6.12303176911189E-17,-5.45944533210187E-15,1.0));
#4140=DIRECTION('',(3.34283572101893E-31,1.0,5.45944533210187E-15));
#4141=ORIENTED_EDGE('',*,*,#6434,.F.);
#4142=ORIENTED_EDGE('',*,*,#6435,.F.);
#4143=ORIENTED_EDGE('',*,*,#6436,.F.);
#4144=ORIENTED_EDGE('',*,*,#6437,.F.);
#4145=ORIENTED_EDGE('',*,*,#6438,.T.);
#4146=ORIENTED_EDGE('',*,*,#6439,.F.);
#4147=ORIENTED_EDGE('',*,*,#6440,.F.);
#4148=ORIENTED_EDGE('',*,*,#6441,.F.);
#4149=CARTESIAN_POINT('',(1.0,-5.325,-3.88499999985226));
#4150=DIRECTION('',(-6.12303176911189E-17,1.73021770071453E-16,-1.0));
#4151=DIRECTION('',(-1.05941779489548E-32,-1.0,-1.73021770071453E-16));
#4152=ORIENTED_EDGE('',*,*,#6442,.F.);
#4153=ORIENTED_EDGE('',*,*,#6443,.T.);
#4154=ORIENTED_EDGE('',*,*,#6444,.F.);
#4155=ORIENTED_EDGE('',*,*,#6435,.T.);
#4156=CARTESIAN_POINT('',(0.290000000000537,-4.9088592904623,-10.26));
#4157=DIRECTION('',(1.0,-3.6811327862151E-13,0.0));
#4158=DIRECTION('',(3.6811327862151E-13,1.0,0.0));
#4159=ORIENTED_EDGE('',*,*,#6439,.T.);
#4160=ORIENTED_EDGE('',*,*,#6445,.T.);
#4161=ORIENTED_EDGE('',*,*,#6446,.T.);
#4162=ORIENTED_EDGE('',*,*,#6447,.F.);
#4163=CARTESIAN_POINT('',(2.60171295314929E-14,-7.15099999999992,-10.26));
#4164=DIRECTION('',(0.0,0.0,1.0));
#4165=DIRECTION('',(1.0,0.0,0.0));
#4166=ORIENTED_EDGE('',*,*,#6440,.T.);
#4167=ORIENTED_EDGE('',*,*,#6447,.T.);
#4168=ORIENTED_EDGE('',*,*,#6448,.T.);
#4169=ORIENTED_EDGE('',*,*,#6449,.F.);
#4170=CARTESIAN_POINT('',(-0.193296291313992,-6.79731849637934,-10.26));
#4171=DIRECTION('',(-0.969043706236115,-0.246889237116917,0.0));
#4172=DIRECTION('',(0.246889237116917,-0.969043706236115,0.0));
#4173=ORIENTED_EDGE('',*,*,#6450,.F.);
#4174=ORIENTED_EDGE('',*,*,#6441,.T.);
#4175=ORIENTED_EDGE('',*,*,#6449,.T.);
#4176=ORIENTED_EDGE('',*,*,#6451,.T.);
#4177=CARTESIAN_POINT('',(-0.289999999998918,-4.90885929046412,-10.26));
#4178=DIRECTION('',(-1.0,6.6735707317471E-14,0.0));
#4179=DIRECTION('',(-6.6735707317471E-14,-1.0,0.0));
#4180=ORIENTED_EDGE('',*,*,#6279,.F.);
#4181=ORIENTED_EDGE('',*,*,#6452,.T.);
#4182=ORIENTED_EDGE('',*,*,#6453,.T.);
#4183=ORIENTED_EDGE('',*,*,#6454,.F.);
#4184=CARTESIAN_POINT('',(0.565000000000281,3.65073201464838E-05,-10.26));
#4185=DIRECTION('',(4.54747350886878E-12,1.0,0.0));
#4186=DIRECTION('',(-1.0,4.54747350886878E-12,0.0));
#4187=ORIENTED_EDGE('',*,*,#6278,.F.);
#4188=ORIENTED_EDGE('',*,*,#6455,.T.);
#4189=ORIENTED_EDGE('',*,*,#6456,.T.);
#4190=ORIENTED_EDGE('',*,*,#6457,.T.);
#4191=ORIENTED_EDGE('',*,*,#6452,.F.);
#4192=CARTESIAN_POINT('',(0.515000000000327,0.343268253660199,-10.26));
#4193=DIRECTION('',(1.0,0.0,0.0));
#4194=DIRECTION('',(0.0,1.0,0.0));
#4195=ORIENTED_EDGE('',*,*,#6458,.T.);
#4196=ORIENTED_EDGE('',*,*,#6426,.T.);
#4197=ORIENTED_EDGE('',*,*,#6459,.T.);
#4198=ORIENTED_EDGE('',*,*,#6456,.F.);
#4199=CARTESIAN_POINT('',(-6.2822305951088E-16,0.686500000000024,-10.26));
#4200=DIRECTION('',(0.0,1.0,0.0));
#4201=DIRECTION('',(-1.0,0.0,0.0));
#4202=ORIENTED_EDGE('',*,*,#6436,.T.);
#4203=ORIENTED_EDGE('',*,*,#6444,.T.);
#4204=ORIENTED_EDGE('',*,*,#6460,.T.);
#4205=ORIENTED_EDGE('',*,*,#6461,.F.);
#4206=CARTESIAN_POINT('',(0.193296291314389,-6.79731849637755,-10.26));
#4207=DIRECTION('',(0.969043706236058,-0.246889237117142,0.0));
#4208=DIRECTION('',(0.246889237117142,0.969043706236058,0.0));
#4209=ORIENTED_EDGE('',*,*,#6437,.T.);
#4210=ORIENTED_EDGE('',*,*,#6461,.T.);
#4211=ORIENTED_EDGE('',*,*,#6462,.T.);
#4212=ORIENTED_EDGE('',*,*,#6463,.T.);
#4213=CARTESIAN_POINT('',(2.60171295314929E-14,-7.15099999999992,-10.26));
#4214=DIRECTION('',(0.0,0.0,1.0));
#4215=DIRECTION('',(1.0,0.0,0.0));
#4216=ORIENTED_EDGE('',*,*,#6463,.F.);
#4217=ORIENTED_EDGE('',*,*,#6464,.T.);
#4218=ORIENTED_EDGE('',*,*,#6445,.F.);
#4219=ORIENTED_EDGE('',*,*,#6438,.F.);
#4220=CARTESIAN_POINT('',(1.0,-7.25,-3.80999999985226));
#4221=DIRECTION('',(0.0,-1.0,0.0));
#4222=DIRECTION('',(6.12303176911189E-17,0.0,1.0));
#4223=ORIENTED_EDGE('',*,*,#6465,.F.);
#4224=ORIENTED_EDGE('',*,*,#6451,.F.);
#4225=ORIENTED_EDGE('',*,*,#6448,.F.);
#4226=ORIENTED_EDGE('',*,*,#6446,.F.);
#4227=ORIENTED_EDGE('',*,*,#6464,.F.);
#4228=ORIENTED_EDGE('',*,*,#6462,.F.);
#4229=ORIENTED_EDGE('',*,*,#6460,.F.);
#4230=ORIENTED_EDGE('',*,*,#6443,.F.);
#4231=CARTESIAN_POINT('',(1.0,-5.325,-3.73499999985226));
#4232=DIRECTION('',(6.12303176911189E-17,-1.73021770071453E-16,1.0));
#4233=DIRECTION('',(1.05941779489548E-32,1.0,1.73021770071453E-16));
#4234=ORIENTED_EDGE('',*,*,#6453,.F.);
#4235=ORIENTED_EDGE('',*,*,#6457,.F.);
#4236=ORIENTED_EDGE('',*,*,#6459,.F.);
#4237=ORIENTED_EDGE('',*,*,#6425,.F.);
#4238=ORIENTED_EDGE('',*,*,#6429,.F.);
#4239=ORIENTED_EDGE('',*,*,#6466,.F.);
#4240=ORIENTED_EDGE('',*,*,#6467,.F.);
#4241=ORIENTED_EDGE('',*,*,#6468,.F.);
#4242=CARTESIAN_POINT('',(1.0,-0.141167119295589,-4.33273034841762));
#4243=DIRECTION('',(6.03000915816148E-17,0.173648177666898,0.984807753012214));
#4244=DIRECTION('',(-1.0632533085028E-17,0.984807753012214,-0.173648177666898));
#4245=ORIENTED_EDGE('',*,*,#6469,.F.);
#4246=ORIENTED_EDGE('',*,*,#6470,.T.);
#4247=ORIENTED_EDGE('',*,*,#6471,.F.);
#4248=ORIENTED_EDGE('',*,*,#6432,.F.);
#4249=CARTESIAN_POINT('',(1.0,-0.400000000000057,-2.46010589693821));
#4250=DIRECTION('',(-1.0,0.0,6.12303176911189E-17));
#4251=DIRECTION('',(6.12303176911189E-17,0.0,1.0));
#4252=ORIENTED_EDGE('',*,*,#6472,.F.);
#4253=ORIENTED_EDGE('',*,*,#6473,.T.);
#4254=ORIENTED_EDGE('',*,*,#6474,.F.);
#4255=ORIENTED_EDGE('',*,*,#6470,.F.);
#4256=CARTESIAN_POINT('',(1.0,-0.616548863858165,-3.33031818198868));
#4257=DIRECTION('',(-3.22864391928112E-17,0.849682295447765,-0.527294980824413));
#4258=DIRECTION('',(-5.20263168867858E-17,-0.527294980824413,-0.849682295447765));
#4259=ORIENTED_EDGE('',*,*,#6475,.F.);
#4260=ORIENTED_EDGE('',*,*,#6476,.T.);
#4261=ORIENTED_EDGE('',*,*,#6477,.F.);
#4262=ORIENTED_EDGE('',*,*,#6473,.F.);
#4263=CARTESIAN_POINT('',(1.0,-1.3081119489868,-3.92365915036066));
#4264=DIRECTION('',(-1.0,0.0,6.12303176911189E-17));
#4265=DIRECTION('',(6.12303176911189E-17,0.0,1.0));
#4266=ORIENTED_EDGE('',*,*,#6478,.F.);
#4267=ORIENTED_EDGE('',*,*,#6467,.T.);
#4268=ORIENTED_EDGE('',*,*,#6479,.F.);
#4269=ORIENTED_EDGE('',*,*,#6476,.F.);
#4270=CARTESIAN_POINT('',(1.0,-1.09947770528177,-4.18624531546225));
#4271=DIRECTION('',(6.12303176911189E-17,-0.0,1.0));
#4272=DIRECTION('',(0.0,1.0,0.0));
#4273=ORIENTED_EDGE('',*,*,#6277,.F.);
#4274=ORIENTED_EDGE('',*,*,#6427,.F.);
#4275=ORIENTED_EDGE('',*,*,#6458,.F.);
#4276=ORIENTED_EDGE('',*,*,#6455,.F.);
#4277=CARTESIAN_POINT('',(1.0,0.676765029575738,-4.55195385465245));
#4278=DIRECTION('',(-1.06325330850154E-17,0.98480775301225,-0.173648177666693));
#4279=DIRECTION('',(-6.0300091581617E-17,-0.173648177666693,-0.98480775301225));
#4280=ORIENTED_EDGE('',*,*,#6468,.T.);
#4281=ORIENTED_EDGE('',*,*,#6478,.T.);
#4282=ORIENTED_EDGE('',*,*,#6475,.T.);
#4283=ORIENTED_EDGE('',*,*,#6472,.T.);
#4284=ORIENTED_EDGE('',*,*,#6469,.T.);
#4285=ORIENTED_EDGE('',*,*,#6431,.T.);
#4286=ORIENTED_EDGE('',*,*,#6480,.F.);
#4287=ORIENTED_EDGE('',*,*,#6481,.F.);
#4288=ORIENTED_EDGE('',*,*,#6482,.F.);
#4289=CARTESIAN_POINT('',(0.615,-0.68,-3.335));
#4290=DIRECTION('',(-1.0,0.0,6.12303176911189E-17));
#4291=DIRECTION('',(6.12303176911189E-17,0.0,1.0));
#4292=ORIENTED_EDGE('',*,*,#6282,.F.);
#4293=ORIENTED_EDGE('',*,*,#6483,.T.);
#4294=ORIENTED_EDGE('',*,*,#6484,.T.);
#4295=ORIENTED_EDGE('',*,*,#6485,.F.);
#4296=ORIENTED_EDGE('',*,*,#6486,.T.);
#4297=CARTESIAN_POINT('',(2.02499999999967,0.343268253660085,-10.26));
#4298=DIRECTION('',(-1.0,0.0,0.0));
#4299=DIRECTION('',(0.0,-1.0,0.0));
#4300=ORIENTED_EDGE('',*,*,#6281,.F.);
#4301=ORIENTED_EDGE('',*,*,#6487,.T.);
#4302=ORIENTED_EDGE('',*,*,#6488,.T.);
#4303=ORIENTED_EDGE('',*,*,#6483,.F.);
#4304=CARTESIAN_POINT('',(1.97499999999972,3.6507320032797E-05,-10.26));
#4305=DIRECTION('',(-2.27373675443439E-12,1.0,0.0));
#4306=DIRECTION('',(-1.0,-2.27373675443439E-12,0.0));
#4307=ORIENTED_EDGE('',*,*,#6489,.F.);
#4308=ORIENTED_EDGE('',*,*,#6490,.F.);
#4309=ORIENTED_EDGE('',*,*,#6491,.T.);
#4310=ORIENTED_EDGE('',*,*,#6492,.F.);
#4311=CARTESIAN_POINT('',(3.54,-1.76250000000001,-2.18510589693828));
#4312=DIRECTION('',(6.12303176911189E-17,-5.45944533210187E-15,1.0));
#4313=DIRECTION('',(3.34283572101893E-31,1.0,5.45944533210187E-15));
#4314=ORIENTED_EDGE('',*,*,#6493,.F.);
#4315=ORIENTED_EDGE('',*,*,#6494,.F.);
#4316=ORIENTED_EDGE('',*,*,#6495,.F.);
#4317=ORIENTED_EDGE('',*,*,#6496,.F.);
#4318=ORIENTED_EDGE('',*,*,#6497,.T.);
#4319=ORIENTED_EDGE('',*,*,#6498,.F.);
#4320=ORIENTED_EDGE('',*,*,#6499,.F.);
#4321=ORIENTED_EDGE('',*,*,#6500,.F.);
#4322=CARTESIAN_POINT('',(3.54,-5.325,-3.88499999985226));
#4323=DIRECTION('',(-6.12303176911189E-17,1.73021770071453E-16,-1.0));
#4324=DIRECTION('',(-1.05941779489548E-32,-1.0,-1.73021770071453E-16));
#4325=ORIENTED_EDGE('',*,*,#6501,.F.);
#4326=ORIENTED_EDGE('',*,*,#6502,.T.);
#4327=ORIENTED_EDGE('',*,*,#6503,.F.);
#4328=ORIENTED_EDGE('',*,*,#6494,.T.);
#4329=CARTESIAN_POINT('',(2.83000000000054,-4.9088592904623,-10.26));
#4330=DIRECTION('',(1.0,-3.6811327862151E-13,0.0));
#4331=DIRECTION('',(3.6811327862151E-13,1.0,0.0));
#4332=ORIENTED_EDGE('',*,*,#6498,.T.);
#4333=ORIENTED_EDGE('',*,*,#6504,.T.);
#4334=ORIENTED_EDGE('',*,*,#6505,.T.);
#4335=ORIENTED_EDGE('',*,*,#6506,.F.);
#4336=CARTESIAN_POINT('',(2.54000000000003,-7.15099999999992,-10.26));
#4337=DIRECTION('',(0.0,0.0,1.0));
#4338=DIRECTION('',(1.0,0.0,0.0));
#4339=ORIENTED_EDGE('',*,*,#6499,.T.);
#4340=ORIENTED_EDGE('',*,*,#6506,.T.);
#4341=ORIENTED_EDGE('',*,*,#6507,.T.);
#4342=ORIENTED_EDGE('',*,*,#6508,.F.);
#4343=CARTESIAN_POINT('',(2.34670370868601,-6.79731849637934,-10.26));
#4344=DIRECTION('',(-0.969043706236115,-0.246889237116917,0.0));
#4345=DIRECTION('',(0.246889237116917,-0.969043706236115,0.0));
#4346=ORIENTED_EDGE('',*,*,#6509,.F.);
#4347=ORIENTED_EDGE('',*,*,#6500,.T.);
#4348=ORIENTED_EDGE('',*,*,#6508,.T.);
#4349=ORIENTED_EDGE('',*,*,#6510,.T.);
#4350=CARTESIAN_POINT('',(2.25000000000108,-4.90885929046412,-10.26));
#4351=DIRECTION('',(-1.0,6.6735707317471E-14,0.0));
#4352=DIRECTION('',(-6.6735707317471E-14,-1.0,0.0));
#4353=ORIENTED_EDGE('',*,*,#6285,.F.);
#4354=ORIENTED_EDGE('',*,*,#6511,.T.);
#4355=ORIENTED_EDGE('',*,*,#6512,.T.);
#4356=ORIENTED_EDGE('',*,*,#6513,.F.);
#4357=CARTESIAN_POINT('',(3.10500000000028,3.65073201464838E-05,-10.26));
#4358=DIRECTION('',(4.54747350886878E-12,1.0,0.0));
#4359=DIRECTION('',(-1.0,4.54747350886878E-12,0.0));
#4360=ORIENTED_EDGE('',*,*,#6284,.F.);
#4361=ORIENTED_EDGE('',*,*,#6514,.T.);
#4362=ORIENTED_EDGE('',*,*,#6515,.T.);
#4363=ORIENTED_EDGE('',*,*,#6516,.T.);
#4364=ORIENTED_EDGE('',*,*,#6511,.F.);
#4365=CARTESIAN_POINT('',(3.05500000000033,0.343268253660199,-10.26));
#4366=DIRECTION('',(1.0,0.0,0.0));
#4367=DIRECTION('',(0.0,1.0,0.0));
#4368=ORIENTED_EDGE('',*,*,#6517,.T.);
#4369=ORIENTED_EDGE('',*,*,#6485,.T.);
#4370=ORIENTED_EDGE('',*,*,#6518,.T.);
#4371=ORIENTED_EDGE('',*,*,#6515,.F.);
#4372=CARTESIAN_POINT('',(2.54,0.686500000000024,-10.26));
#4373=DIRECTION('',(0.0,1.0,0.0));
#4374=DIRECTION('',(-1.0,0.0,0.0));
#4375=ORIENTED_EDGE('',*,*,#6495,.T.);
#4376=ORIENTED_EDGE('',*,*,#6503,.T.);
#4377=ORIENTED_EDGE('',*,*,#6519,.T.);
#4378=ORIENTED_EDGE('',*,*,#6520,.F.);
#4379=CARTESIAN_POINT('',(2.73329629131439,-6.79731849637755,-10.26));
#4380=DIRECTION('',(0.969043706236058,-0.246889237117142,0.0));
#4381=DIRECTION('',(0.246889237117142,0.969043706236058,0.0));
#4382=ORIENTED_EDGE('',*,*,#6496,.T.);
#4383=ORIENTED_EDGE('',*,*,#6520,.T.);
#4384=ORIENTED_EDGE('',*,*,#6521,.T.);
#4385=ORIENTED_EDGE('',*,*,#6522,.T.);
#4386=CARTESIAN_POINT('',(2.54000000000003,-7.15099999999992,-10.26));
#4387=DIRECTION('',(0.0,0.0,1.0));
#4388=DIRECTION('',(1.0,0.0,0.0));
#4389=ORIENTED_EDGE('',*,*,#6522,.F.);
#4390=ORIENTED_EDGE('',*,*,#6523,.T.);
#4391=ORIENTED_EDGE('',*,*,#6504,.F.);
#4392=ORIENTED_EDGE('',*,*,#6497,.F.);
#4393=CARTESIAN_POINT('',(3.54,-7.25,-3.80999999985226));
#4394=DIRECTION('',(0.0,-1.0,0.0));
#4395=DIRECTION('',(6.12303176911189E-17,0.0,1.0));
#4396=ORIENTED_EDGE('',*,*,#6524,.F.);
#4397=ORIENTED_EDGE('',*,*,#6510,.F.);
#4398=ORIENTED_EDGE('',*,*,#6507,.F.);
#4399=ORIENTED_EDGE('',*,*,#6505,.F.);
#4400=ORIENTED_EDGE('',*,*,#6523,.F.);
#4401=ORIENTED_EDGE('',*,*,#6521,.F.);
#4402=ORIENTED_EDGE('',*,*,#6519,.F.);
#4403=ORIENTED_EDGE('',*,*,#6502,.F.);
#4404=CARTESIAN_POINT('',(3.54,-5.325,-3.73499999985226));
#4405=DIRECTION('',(6.12303176911189E-17,-1.73021770071453E-16,1.0));
#4406=DIRECTION('',(1.05941779489548E-32,1.0,1.73021770071453E-16));
#4407=ORIENTED_EDGE('',*,*,#6512,.F.);
#4408=ORIENTED_EDGE('',*,*,#6516,.F.);
#4409=ORIENTED_EDGE('',*,*,#6518,.F.);
#4410=ORIENTED_EDGE('',*,*,#6484,.F.);
#4411=ORIENTED_EDGE('',*,*,#6488,.F.);
#4412=ORIENTED_EDGE('',*,*,#6525,.F.);
#4413=ORIENTED_EDGE('',*,*,#6526,.F.);
#4414=ORIENTED_EDGE('',*,*,#6527,.F.);
#4415=CARTESIAN_POINT('',(3.54,-0.141167119295589,-4.33273034841762));
#4416=DIRECTION('',(6.03000915816148E-17,0.173648177666898,0.984807753012214));
#4417=DIRECTION('',(-1.0632533085028E-17,0.984807753012214,-0.173648177666898));
#4418=ORIENTED_EDGE('',*,*,#6528,.F.);
#4419=ORIENTED_EDGE('',*,*,#6529,.T.);
#4420=ORIENTED_EDGE('',*,*,#6530,.F.);
#4421=ORIENTED_EDGE('',*,*,#6491,.F.);
#4422=CARTESIAN_POINT('',(3.54,-0.400000000000057,-2.46010589693821));
#4423=DIRECTION('',(-1.0,0.0,6.12303176911189E-17));
#4424=DIRECTION('',(6.12303176911189E-17,0.0,1.0));
#4425=ORIENTED_EDGE('',*,*,#6531,.F.);
#4426=ORIENTED_EDGE('',*,*,#6532,.T.);
#4427=ORIENTED_EDGE('',*,*,#6533,.F.);
#4428=ORIENTED_EDGE('',*,*,#6529,.F.);
#4429=CARTESIAN_POINT('',(3.54,-0.616548863858165,-3.33031818198868));
#4430=DIRECTION('',(-3.22864391928112E-17,0.849682295447765,-0.527294980824413));
#4431=DIRECTION('',(-5.20263168867858E-17,-0.527294980824413,-0.849682295447765));
#4432=ORIENTED_EDGE('',*,*,#6534,.F.);
#4433=ORIENTED_EDGE('',*,*,#6535,.T.);
#4434=ORIENTED_EDGE('',*,*,#6536,.F.);
#4435=ORIENTED_EDGE('',*,*,#6532,.F.);
#4436=CARTESIAN_POINT('',(3.54,-1.3081119489868,-3.92365915036066));
#4437=DIRECTION('',(-1.0,0.0,6.12303176911189E-17));
#4438=DIRECTION('',(6.12303176911189E-17,0.0,1.0));
#4439=ORIENTED_EDGE('',*,*,#6537,.F.);
#4440=ORIENTED_EDGE('',*,*,#6526,.T.);
#4441=ORIENTED_EDGE('',*,*,#6538,.F.);
#4442=ORIENTED_EDGE('',*,*,#6535,.F.);
#4443=CARTESIAN_POINT('',(3.54,-1.09947770528177,-4.18624531546225));
#4444=DIRECTION('',(6.12303176911189E-17,-0.0,1.0));
#4445=DIRECTION('',(0.0,1.0,0.0));
#4446=ORIENTED_EDGE('',*,*,#6283,.F.);
#4447=ORIENTED_EDGE('',*,*,#6486,.F.);
#4448=ORIENTED_EDGE('',*,*,#6517,.F.);
#4449=ORIENTED_EDGE('',*,*,#6514,.F.);
#4450=CARTESIAN_POINT('',(3.54,0.676765029575738,-4.55195385465245));
#4451=DIRECTION('',(-1.06325330850154E-17,0.98480775301225,-0.173648177666693));
#4452=DIRECTION('',(-6.0300091581617E-17,-0.173648177666693,-0.98480775301225));
#4453=ORIENTED_EDGE('',*,*,#6527,.T.);
#4454=ORIENTED_EDGE('',*,*,#6537,.T.);
#4455=ORIENTED_EDGE('',*,*,#6534,.T.);
#4456=ORIENTED_EDGE('',*,*,#6531,.T.);
#4457=ORIENTED_EDGE('',*,*,#6528,.T.);
#4458=ORIENTED_EDGE('',*,*,#6490,.T.);
#4459=ORIENTED_EDGE('',*,*,#6539,.F.);
#4460=ORIENTED_EDGE('',*,*,#6540,.F.);
#4461=ORIENTED_EDGE('',*,*,#6541,.F.);
#4462=CARTESIAN_POINT('',(3.155,-0.68,-3.335));
#4463=DIRECTION('',(-1.0,0.0,6.12303176911189E-17));
#4464=DIRECTION('',(6.12303176911189E-17,0.0,1.0));
#4465=ORIENTED_EDGE('',*,*,#6288,.F.);
#4466=ORIENTED_EDGE('',*,*,#6542,.T.);
#4467=ORIENTED_EDGE('',*,*,#6543,.T.);
#4468=ORIENTED_EDGE('',*,*,#6544,.F.);
#4469=ORIENTED_EDGE('',*,*,#6545,.T.);
#4470=CARTESIAN_POINT('',(4.56499999999967,0.343268253660085,-10.26));
#4471=DIRECTION('',(-1.0,0.0,0.0));
#4472=DIRECTION('',(0.0,-1.0,0.0));
#4473=ORIENTED_EDGE('',*,*,#6287,.F.);
#4474=ORIENTED_EDGE('',*,*,#6546,.T.);
#4475=ORIENTED_EDGE('',*,*,#6547,.T.);
#4476=ORIENTED_EDGE('',*,*,#6542,.F.);
#4477=CARTESIAN_POINT('',(4.51499999999972,3.6507320032797E-05,-10.26));
#4478=DIRECTION('',(-2.27373675443439E-12,1.0,0.0));
#4479=DIRECTION('',(-1.0,-2.27373675443439E-12,0.0));
#4480=ORIENTED_EDGE('',*,*,#6548,.F.);
#4481=ORIENTED_EDGE('',*,*,#6549,.F.);
#4482=ORIENTED_EDGE('',*,*,#6550,.T.);
#4483=ORIENTED_EDGE('',*,*,#6551,.F.);
#4484=CARTESIAN_POINT('',(6.08,-1.76250000000001,-2.18510589693829));
#4485=DIRECTION('',(6.12303176911189E-17,-5.45944533210187E-15,1.0));
#4486=DIRECTION('',(3.34283572101893E-31,1.0,5.45944533210187E-15));
#4487=ORIENTED_EDGE('',*,*,#6552,.F.);
#4488=ORIENTED_EDGE('',*,*,#6553,.F.);
#4489=ORIENTED_EDGE('',*,*,#6554,.F.);
#4490=ORIENTED_EDGE('',*,*,#6555,.F.);
#4491=ORIENTED_EDGE('',*,*,#6556,.T.);
#4492=ORIENTED_EDGE('',*,*,#6557,.F.);
#4493=ORIENTED_EDGE('',*,*,#6558,.F.);
#4494=ORIENTED_EDGE('',*,*,#6559,.F.);
#4495=CARTESIAN_POINT('',(6.08,-5.325,-3.88499999985226));
#4496=DIRECTION('',(-6.12303176911189E-17,1.73021770071453E-16,-1.0));
#4497=DIRECTION('',(-1.05941779489548E-32,-1.0,-1.73021770071453E-16));
#4498=ORIENTED_EDGE('',*,*,#6560,.F.);
#4499=ORIENTED_EDGE('',*,*,#6561,.T.);
#4500=ORIENTED_EDGE('',*,*,#6562,.F.);
#4501=ORIENTED_EDGE('',*,*,#6553,.T.);
#4502=CARTESIAN_POINT('',(5.37000000000054,-4.9088592904623,-10.26));
#4503=DIRECTION('',(1.0,-3.6811327862151E-13,0.0));
#4504=DIRECTION('',(3.6811327862151E-13,1.0,0.0));
#4505=ORIENTED_EDGE('',*,*,#6557,.T.);
#4506=ORIENTED_EDGE('',*,*,#6563,.T.);
#4507=ORIENTED_EDGE('',*,*,#6564,.T.);
#4508=ORIENTED_EDGE('',*,*,#6565,.F.);
#4509=CARTESIAN_POINT('',(5.08000000000003,-7.15099999999992,-10.26));
#4510=DIRECTION('',(0.0,0.0,1.0));
#4511=DIRECTION('',(1.0,0.0,0.0));
#4512=ORIENTED_EDGE('',*,*,#6558,.T.);
#4513=ORIENTED_EDGE('',*,*,#6565,.T.);
#4514=ORIENTED_EDGE('',*,*,#6566,.T.);
#4515=ORIENTED_EDGE('',*,*,#6567,.F.);
#4516=CARTESIAN_POINT('',(4.88670370868601,-6.79731849637934,-10.26));
#4517=DIRECTION('',(-0.969043706236115,-0.246889237116917,0.0));
#4518=DIRECTION('',(0.246889237116917,-0.969043706236115,0.0));
#4519=ORIENTED_EDGE('',*,*,#6568,.F.);
#4520=ORIENTED_EDGE('',*,*,#6559,.T.);
#4521=ORIENTED_EDGE('',*,*,#6567,.T.);
#4522=ORIENTED_EDGE('',*,*,#6569,.T.);
#4523=CARTESIAN_POINT('',(4.79000000000108,-4.90885929046412,-10.26));
#4524=DIRECTION('',(-1.0,6.6735707317471E-14,0.0));
#4525=DIRECTION('',(-6.6735707317471E-14,-1.0,0.0));
#4526=ORIENTED_EDGE('',*,*,#6291,.F.);
#4527=ORIENTED_EDGE('',*,*,#6570,.T.);
#4528=ORIENTED_EDGE('',*,*,#6571,.T.);
#4529=ORIENTED_EDGE('',*,*,#6572,.F.);
#4530=CARTESIAN_POINT('',(5.64500000000028,3.65073201464838E-05,-10.26));
#4531=DIRECTION('',(4.54747350886878E-12,1.0,0.0));
#4532=DIRECTION('',(-1.0,4.54747350886878E-12,0.0));
#4533=ORIENTED_EDGE('',*,*,#6290,.F.);
#4534=ORIENTED_EDGE('',*,*,#6573,.T.);
#4535=ORIENTED_EDGE('',*,*,#6574,.T.);
#4536=ORIENTED_EDGE('',*,*,#6575,.T.);
#4537=ORIENTED_EDGE('',*,*,#6570,.F.);
#4538=CARTESIAN_POINT('',(5.59500000000033,0.343268253660199,-10.26));
#4539=DIRECTION('',(1.0,0.0,0.0));
#4540=DIRECTION('',(0.0,1.0,0.0));
#4541=ORIENTED_EDGE('',*,*,#6576,.T.);
#4542=ORIENTED_EDGE('',*,*,#6544,.T.);
#4543=ORIENTED_EDGE('',*,*,#6577,.T.);
#4544=ORIENTED_EDGE('',*,*,#6574,.F.);
#4545=CARTESIAN_POINT('',(5.08,0.686500000000024,-10.26));
#4546=DIRECTION('',(0.0,1.0,0.0));
#4547=DIRECTION('',(-1.0,0.0,0.0));
#4548=ORIENTED_EDGE('',*,*,#6554,.T.);
#4549=ORIENTED_EDGE('',*,*,#6562,.T.);
#4550=ORIENTED_EDGE('',*,*,#6578,.T.);
#4551=ORIENTED_EDGE('',*,*,#6579,.F.);
#4552=CARTESIAN_POINT('',(5.27329629131439,-6.79731849637755,-10.26));
#4553=DIRECTION('',(0.969043706236058,-0.246889237117142,0.0));
#4554=DIRECTION('',(0.246889237117142,0.969043706236058,0.0));
#4555=ORIENTED_EDGE('',*,*,#6555,.T.);
#4556=ORIENTED_EDGE('',*,*,#6579,.T.);
#4557=ORIENTED_EDGE('',*,*,#6580,.T.);
#4558=ORIENTED_EDGE('',*,*,#6581,.T.);
#4559=CARTESIAN_POINT('',(5.08000000000003,-7.15099999999992,-10.26));
#4560=DIRECTION('',(0.0,0.0,1.0));
#4561=DIRECTION('',(1.0,0.0,0.0));
#4562=ORIENTED_EDGE('',*,*,#6581,.F.);
#4563=ORIENTED_EDGE('',*,*,#6582,.T.);
#4564=ORIENTED_EDGE('',*,*,#6563,.F.);
#4565=ORIENTED_EDGE('',*,*,#6556,.F.);
#4566=CARTESIAN_POINT('',(6.08,-7.25,-3.80999999985226));
#4567=DIRECTION('',(0.0,-1.0,0.0));
#4568=DIRECTION('',(6.12303176911189E-17,0.0,1.0));
#4569=ORIENTED_EDGE('',*,*,#6583,.F.);
#4570=ORIENTED_EDGE('',*,*,#6569,.F.);
#4571=ORIENTED_EDGE('',*,*,#6566,.F.);
#4572=ORIENTED_EDGE('',*,*,#6564,.F.);
#4573=ORIENTED_EDGE('',*,*,#6582,.F.);
#4574=ORIENTED_EDGE('',*,*,#6580,.F.);
#4575=ORIENTED_EDGE('',*,*,#6578,.F.);
#4576=ORIENTED_EDGE('',*,*,#6561,.F.);
#4577=CARTESIAN_POINT('',(6.08,-5.325,-3.73499999985226));
#4578=DIRECTION('',(6.12303176911189E-17,-1.73021770071453E-16,1.0));
#4579=DIRECTION('',(1.05941779489548E-32,1.0,1.73021770071453E-16));
#4580=ORIENTED_EDGE('',*,*,#6571,.F.);
#4581=ORIENTED_EDGE('',*,*,#6575,.F.);
#4582=ORIENTED_EDGE('',*,*,#6577,.F.);
#4583=ORIENTED_EDGE('',*,*,#6543,.F.);
#4584=ORIENTED_EDGE('',*,*,#6547,.F.);
#4585=ORIENTED_EDGE('',*,*,#6584,.F.);
#4586=ORIENTED_EDGE('',*,*,#6585,.F.);
#4587=ORIENTED_EDGE('',*,*,#6586,.F.);
#4588=CARTESIAN_POINT('',(6.08,-0.141167119295589,-4.33273034841762));
#4589=DIRECTION('',(6.03000915816148E-17,0.173648177666898,0.984807753012214));
#4590=DIRECTION('',(-1.0632533085028E-17,0.984807753012214,-0.173648177666898));
#4591=ORIENTED_EDGE('',*,*,#6587,.F.);
#4592=ORIENTED_EDGE('',*,*,#6588,.T.);
#4593=ORIENTED_EDGE('',*,*,#6589,.F.);
#4594=ORIENTED_EDGE('',*,*,#6550,.F.);
#4595=CARTESIAN_POINT('',(6.08,-0.400000000000057,-2.46010589693821));
#4596=DIRECTION('',(-1.0,0.0,6.12303176911189E-17));
#4597=DIRECTION('',(6.12303176911189E-17,0.0,1.0));
#4598=ORIENTED_EDGE('',*,*,#6590,.F.);
#4599=ORIENTED_EDGE('',*,*,#6591,.T.);
#4600=ORIENTED_EDGE('',*,*,#6592,.F.);
#4601=ORIENTED_EDGE('',*,*,#6588,.F.);
#4602=CARTESIAN_POINT('',(6.08,-0.616548863858165,-3.33031818198868));
#4603=DIRECTION('',(-3.22864391928112E-17,0.849682295447765,-0.527294980824413));
#4604=DIRECTION('',(-5.20263168867858E-17,-0.527294980824413,-0.849682295447765));
#4605=ORIENTED_EDGE('',*,*,#6593,.F.);
#4606=ORIENTED_EDGE('',*,*,#6594,.T.);
#4607=ORIENTED_EDGE('',*,*,#6595,.F.);
#4608=ORIENTED_EDGE('',*,*,#6591,.F.);
#4609=CARTESIAN_POINT('',(6.08,-1.3081119489868,-3.92365915036066));
#4610=DIRECTION('',(-1.0,0.0,6.12303176911189E-17));
#4611=DIRECTION('',(6.12303176911189E-17,0.0,1.0));
#4612=ORIENTED_EDGE('',*,*,#6596,.F.);
#4613=ORIENTED_EDGE('',*,*,#6585,.T.);
#4614=ORIENTED_EDGE('',*,*,#6597,.F.);
#4615=ORIENTED_EDGE('',*,*,#6594,.F.);
#4616=CARTESIAN_POINT('',(6.08,-1.09947770528177,-4.18624531546225));
#4617=DIRECTION('',(6.12303176911189E-17,-0.0,1.0));
#4618=DIRECTION('',(0.0,1.0,0.0));
#4619=ORIENTED_EDGE('',*,*,#6289,.F.);
#4620=ORIENTED_EDGE('',*,*,#6545,.F.);
#4621=ORIENTED_EDGE('',*,*,#6576,.F.);
#4622=ORIENTED_EDGE('',*,*,#6573,.F.);
#4623=CARTESIAN_POINT('',(6.08,0.676765029575738,-4.55195385465245));
#4624=DIRECTION('',(-1.06325330850154E-17,0.98480775301225,-0.173648177666693));
#4625=DIRECTION('',(-6.0300091581617E-17,-0.173648177666693,-0.98480775301225));
#4626=ORIENTED_EDGE('',*,*,#6586,.T.);
#4627=ORIENTED_EDGE('',*,*,#6596,.T.);
#4628=ORIENTED_EDGE('',*,*,#6593,.T.);
#4629=ORIENTED_EDGE('',*,*,#6590,.T.);
#4630=ORIENTED_EDGE('',*,*,#6587,.T.);
#4631=ORIENTED_EDGE('',*,*,#6549,.T.);
#4632=ORIENTED_EDGE('',*,*,#6598,.F.);
#4633=ORIENTED_EDGE('',*,*,#6599,.F.);
#4634=ORIENTED_EDGE('',*,*,#6600,.F.);
#4635=CARTESIAN_POINT('',(5.695,-0.68,-3.335));
#4636=DIRECTION('',(-1.0,0.0,6.12303176911189E-17));
#4637=DIRECTION('',(6.12303176911189E-17,0.0,1.0));
#4638=ORIENTED_EDGE('',*,*,#6294,.F.);
#4639=ORIENTED_EDGE('',*,*,#6601,.T.);
#4640=ORIENTED_EDGE('',*,*,#6602,.T.);
#4641=ORIENTED_EDGE('',*,*,#6603,.F.);
#4642=ORIENTED_EDGE('',*,*,#6604,.T.);
#4643=CARTESIAN_POINT('',(7.10499999999967,0.343268253660085,-10.26));
#4644=DIRECTION('',(-1.0,0.0,0.0));
#4645=DIRECTION('',(0.0,-1.0,0.0));
#4646=ORIENTED_EDGE('',*,*,#6293,.F.);
#4647=ORIENTED_EDGE('',*,*,#6605,.T.);
#4648=ORIENTED_EDGE('',*,*,#6606,.T.);
#4649=ORIENTED_EDGE('',*,*,#6601,.F.);
#4650=CARTESIAN_POINT('',(7.05499999999972,3.6507320032797E-05,-10.26));
#4651=DIRECTION('',(-2.27373675443439E-12,1.0,0.0));
#4652=DIRECTION('',(-1.0,-2.27373675443439E-12,0.0));
#4653=ORIENTED_EDGE('',*,*,#6607,.F.);
#4654=ORIENTED_EDGE('',*,*,#6608,.F.);
#4655=ORIENTED_EDGE('',*,*,#6609,.T.);
#4656=ORIENTED_EDGE('',*,*,#6610,.F.);
#4657=CARTESIAN_POINT('',(8.62,-1.76250000000001,-2.18510589693829));
#4658=DIRECTION('',(6.12303176911189E-17,-5.45944533210187E-15,1.0));
#4659=DIRECTION('',(3.34283572101893E-31,1.0,5.45944533210187E-15));
#4660=ORIENTED_EDGE('',*,*,#6611,.F.);
#4661=ORIENTED_EDGE('',*,*,#6612,.F.);
#4662=ORIENTED_EDGE('',*,*,#6613,.F.);
#4663=ORIENTED_EDGE('',*,*,#6614,.F.);
#4664=ORIENTED_EDGE('',*,*,#6615,.T.);
#4665=ORIENTED_EDGE('',*,*,#6616,.F.);
#4666=ORIENTED_EDGE('',*,*,#6617,.F.);
#4667=ORIENTED_EDGE('',*,*,#6618,.F.);
#4668=CARTESIAN_POINT('',(8.62,-5.325,-3.88499999985226));
#4669=DIRECTION('',(-6.12303176911189E-17,1.73021770071453E-16,-1.0));
#4670=DIRECTION('',(-1.05941779489548E-32,-1.0,-1.73021770071453E-16));
#4671=ORIENTED_EDGE('',*,*,#6619,.F.);
#4672=ORIENTED_EDGE('',*,*,#6620,.T.);
#4673=ORIENTED_EDGE('',*,*,#6621,.F.);
#4674=ORIENTED_EDGE('',*,*,#6612,.T.);
#4675=CARTESIAN_POINT('',(7.91000000000054,-4.9088592904623,-10.26));
#4676=DIRECTION('',(1.0,-3.6811327862151E-13,0.0));
#4677=DIRECTION('',(3.6811327862151E-13,1.0,0.0));
#4678=ORIENTED_EDGE('',*,*,#6616,.T.);
#4679=ORIENTED_EDGE('',*,*,#6622,.T.);
#4680=ORIENTED_EDGE('',*,*,#6623,.T.);
#4681=ORIENTED_EDGE('',*,*,#6624,.F.);
#4682=CARTESIAN_POINT('',(7.62000000000003,-7.15099999999992,-10.26));
#4683=DIRECTION('',(0.0,0.0,1.0));
#4684=DIRECTION('',(1.0,0.0,0.0));
#4685=ORIENTED_EDGE('',*,*,#6617,.T.);
#4686=ORIENTED_EDGE('',*,*,#6624,.T.);
#4687=ORIENTED_EDGE('',*,*,#6625,.T.);
#4688=ORIENTED_EDGE('',*,*,#6626,.F.);
#4689=CARTESIAN_POINT('',(7.42670370868601,-6.79731849637934,-10.26));
#4690=DIRECTION('',(-0.969043706236115,-0.246889237116917,0.0));
#4691=DIRECTION('',(0.246889237116917,-0.969043706236115,0.0));
#4692=ORIENTED_EDGE('',*,*,#6627,.F.);
#4693=ORIENTED_EDGE('',*,*,#6618,.T.);
#4694=ORIENTED_EDGE('',*,*,#6626,.T.);
#4695=ORIENTED_EDGE('',*,*,#6628,.T.);
#4696=CARTESIAN_POINT('',(7.33000000000108,-4.90885929046412,-10.26));
#4697=DIRECTION('',(-1.0,6.6735707317471E-14,0.0));
#4698=DIRECTION('',(-6.6735707317471E-14,-1.0,0.0));
#4699=ORIENTED_EDGE('',*,*,#6297,.F.);
#4700=ORIENTED_EDGE('',*,*,#6629,.T.);
#4701=ORIENTED_EDGE('',*,*,#6630,.T.);
#4702=ORIENTED_EDGE('',*,*,#6631,.F.);
#4703=CARTESIAN_POINT('',(8.18500000000028,3.65073201464838E-05,-10.26));
#4704=DIRECTION('',(4.54747350886878E-12,1.0,0.0));
#4705=DIRECTION('',(-1.0,4.54747350886878E-12,0.0));
#4706=ORIENTED_EDGE('',*,*,#6296,.F.);
#4707=ORIENTED_EDGE('',*,*,#6632,.T.);
#4708=ORIENTED_EDGE('',*,*,#6633,.T.);
#4709=ORIENTED_EDGE('',*,*,#6634,.T.);
#4710=ORIENTED_EDGE('',*,*,#6629,.F.);
#4711=CARTESIAN_POINT('',(8.13500000000033,0.343268253660199,-10.26));
#4712=DIRECTION('',(1.0,0.0,0.0));
#4713=DIRECTION('',(0.0,1.0,0.0));
#4714=ORIENTED_EDGE('',*,*,#6635,.T.);
#4715=ORIENTED_EDGE('',*,*,#6603,.T.);
#4716=ORIENTED_EDGE('',*,*,#6636,.T.);
#4717=ORIENTED_EDGE('',*,*,#6633,.F.);
#4718=CARTESIAN_POINT('',(7.62,0.686500000000024,-10.26));
#4719=DIRECTION('',(0.0,1.0,0.0));
#4720=DIRECTION('',(-1.0,0.0,0.0));
#4721=ORIENTED_EDGE('',*,*,#6613,.T.);
#4722=ORIENTED_EDGE('',*,*,#6621,.T.);
#4723=ORIENTED_EDGE('',*,*,#6637,.T.);
#4724=ORIENTED_EDGE('',*,*,#6638,.F.);
#4725=CARTESIAN_POINT('',(7.81329629131439,-6.79731849637755,-10.26));
#4726=DIRECTION('',(0.969043706236058,-0.246889237117142,0.0));
#4727=DIRECTION('',(0.246889237117142,0.969043706236058,0.0));
#4728=ORIENTED_EDGE('',*,*,#6614,.T.);
#4729=ORIENTED_EDGE('',*,*,#6638,.T.);
#4730=ORIENTED_EDGE('',*,*,#6639,.T.);
#4731=ORIENTED_EDGE('',*,*,#6640,.T.);
#4732=CARTESIAN_POINT('',(7.62000000000003,-7.15099999999992,-10.26));
#4733=DIRECTION('',(0.0,0.0,1.0));
#4734=DIRECTION('',(1.0,0.0,0.0));
#4735=ORIENTED_EDGE('',*,*,#6640,.F.);
#4736=ORIENTED_EDGE('',*,*,#6641,.T.);
#4737=ORIENTED_EDGE('',*,*,#6622,.F.);
#4738=ORIENTED_EDGE('',*,*,#6615,.F.);
#4739=CARTESIAN_POINT('',(8.62,-7.25,-3.80999999985226));
#4740=DIRECTION('',(0.0,-1.0,0.0));
#4741=DIRECTION('',(6.12303176911189E-17,0.0,1.0));
#4742=ORIENTED_EDGE('',*,*,#6642,.F.);
#4743=ORIENTED_EDGE('',*,*,#6628,.F.);
#4744=ORIENTED_EDGE('',*,*,#6625,.F.);
#4745=ORIENTED_EDGE('',*,*,#6623,.F.);
#4746=ORIENTED_EDGE('',*,*,#6641,.F.);
#4747=ORIENTED_EDGE('',*,*,#6639,.F.);
#4748=ORIENTED_EDGE('',*,*,#6637,.F.);
#4749=ORIENTED_EDGE('',*,*,#6620,.F.);
#4750=CARTESIAN_POINT('',(8.62,-5.325,-3.73499999985226));
#4751=DIRECTION('',(6.12303176911189E-17,-1.73021770071453E-16,1.0));
#4752=DIRECTION('',(1.05941779489548E-32,1.0,1.73021770071453E-16));
#4753=ORIENTED_EDGE('',*,*,#6630,.F.);
#4754=ORIENTED_EDGE('',*,*,#6634,.F.);
#4755=ORIENTED_EDGE('',*,*,#6636,.F.);
#4756=ORIENTED_EDGE('',*,*,#6602,.F.);
#4757=ORIENTED_EDGE('',*,*,#6606,.F.);
#4758=ORIENTED_EDGE('',*,*,#6643,.F.);
#4759=ORIENTED_EDGE('',*,*,#6644,.F.);
#4760=ORIENTED_EDGE('',*,*,#6645,.F.);
#4761=CARTESIAN_POINT('',(8.62,-0.141167119295589,-4.33273034841762));
#4762=DIRECTION('',(6.03000915816148E-17,0.173648177666898,0.984807753012214));
#4763=DIRECTION('',(-1.0632533085028E-17,0.984807753012214,-0.173648177666898));
#4764=ORIENTED_EDGE('',*,*,#6646,.F.);
#4765=ORIENTED_EDGE('',*,*,#6647,.T.);
#4766=ORIENTED_EDGE('',*,*,#6648,.F.);
#4767=ORIENTED_EDGE('',*,*,#6609,.F.);
#4768=CARTESIAN_POINT('',(8.62,-0.400000000000057,-2.46010589693821));
#4769=DIRECTION('',(-1.0,0.0,6.12303176911189E-17));
#4770=DIRECTION('',(6.12303176911189E-17,0.0,1.0));
#4771=ORIENTED_EDGE('',*,*,#6649,.F.);
#4772=ORIENTED_EDGE('',*,*,#6650,.T.);
#4773=ORIENTED_EDGE('',*,*,#6651,.F.);
#4774=ORIENTED_EDGE('',*,*,#6647,.F.);
#4775=CARTESIAN_POINT('',(8.62,-0.616548863858165,-3.33031818198868));
#4776=DIRECTION('',(-3.22864391928112E-17,0.849682295447765,-0.527294980824413));
#4777=DIRECTION('',(-5.20263168867858E-17,-0.527294980824413,-0.849682295447765));
#4778=ORIENTED_EDGE('',*,*,#6652,.F.);
#4779=ORIENTED_EDGE('',*,*,#6653,.T.);
#4780=ORIENTED_EDGE('',*,*,#6654,.F.);
#4781=ORIENTED_EDGE('',*,*,#6650,.F.);
#4782=CARTESIAN_POINT('',(8.62,-1.3081119489868,-3.92365915036066));
#4783=DIRECTION('',(-1.0,0.0,6.12303176911189E-17));
#4784=DIRECTION('',(6.12303176911189E-17,0.0,1.0));
#4785=ORIENTED_EDGE('',*,*,#6655,.F.);
#4786=ORIENTED_EDGE('',*,*,#6644,.T.);
#4787=ORIENTED_EDGE('',*,*,#6656,.F.);
#4788=ORIENTED_EDGE('',*,*,#6653,.F.);
#4789=CARTESIAN_POINT('',(8.62,-1.09947770528177,-4.18624531546225));
#4790=DIRECTION('',(6.12303176911189E-17,-0.0,1.0));
#4791=DIRECTION('',(0.0,1.0,0.0));
#4792=ORIENTED_EDGE('',*,*,#6295,.F.);
#4793=ORIENTED_EDGE('',*,*,#6604,.F.);
#4794=ORIENTED_EDGE('',*,*,#6635,.F.);
#4795=ORIENTED_EDGE('',*,*,#6632,.F.);
#4796=CARTESIAN_POINT('',(8.62,0.676765029575738,-4.55195385465245));
#4797=DIRECTION('',(-1.06325330850154E-17,0.98480775301225,-0.173648177666693));
#4798=DIRECTION('',(-6.0300091581617E-17,-0.173648177666693,-0.98480775301225));
#4799=ORIENTED_EDGE('',*,*,#6645,.T.);
#4800=ORIENTED_EDGE('',*,*,#6655,.T.);
#4801=ORIENTED_EDGE('',*,*,#6652,.T.);
#4802=ORIENTED_EDGE('',*,*,#6649,.T.);
#4803=ORIENTED_EDGE('',*,*,#6646,.T.);
#4804=ORIENTED_EDGE('',*,*,#6608,.T.);
#4805=ORIENTED_EDGE('',*,*,#6657,.F.);
#4806=ORIENTED_EDGE('',*,*,#6658,.F.);
#4807=ORIENTED_EDGE('',*,*,#6659,.F.);
#4808=CARTESIAN_POINT('',(8.235,-0.68,-3.335));
#4809=DIRECTION('',(-1.0,0.0,6.12303176911189E-17));
#4810=DIRECTION('',(6.12303176911189E-17,0.0,1.0));
#4811=ORIENTED_EDGE('',*,*,#5747,.T.);
#4812=ORIENTED_EDGE('',*,*,#6660,.F.);
#4813=ORIENTED_EDGE('',*,*,#6661,.F.);
#4814=ORIENTED_EDGE('',*,*,#6662,.F.);
#4815=ORIENTED_EDGE('',*,*,#5790,.T.);
#4816=ORIENTED_EDGE('',*,*,#5800,.T.);
#4817=ORIENTED_EDGE('',*,*,#5797,.T.);
#4818=ORIENTED_EDGE('',*,*,#5794,.T.);
#4819=ORIENTED_EDGE('',*,*,#5791,.T.);
#4820=CARTESIAN_POINT('',(-8.235,-0.68,3.335));
#4821=DIRECTION('',(-1.0,0.0,6.12303176911189E-17));
#4822=DIRECTION('',(6.12303176911189E-17,0.0,1.0));
#4823=ORIENTED_EDGE('',*,*,#6663,.F.);
#4824=ORIENTED_EDGE('',*,*,#6661,.T.);
#4825=ORIENTED_EDGE('',*,*,#6664,.T.);
#4826=ORIENTED_EDGE('',*,*,#5845,.T.);
#4827=CARTESIAN_POINT('',(-7.62,-0.68,2.17));
#4828=DIRECTION('',(6.12303176911189E-17,0.0,1.0));
#4829=DIRECTION('',(1.0,0.0,-6.12303176911189E-17));
#4830=ORIENTED_EDGE('',*,*,#5746,.T.);
#4831=ORIENTED_EDGE('',*,*,#5846,.T.);
#4832=ORIENTED_EDGE('',*,*,#6664,.F.);
#4833=ORIENTED_EDGE('',*,*,#6660,.T.);
#4834=CARTESIAN_POINT('',(-7.62,-2.18,3.335));
#4835=DIRECTION('',(0.0,1.0,0.0));
#4836=DIRECTION('',(-1.0,0.0,6.12303176911189E-17));
#4837=ORIENTED_EDGE('',*,*,#5851,.T.);
#4838=ORIENTED_EDGE('',*,*,#6665,.F.);
#4839=ORIENTED_EDGE('',*,*,#6666,.F.);
#4840=ORIENTED_EDGE('',*,*,#6667,.F.);
#4841=ORIENTED_EDGE('',*,*,#5891,.T.);
#4842=ORIENTED_EDGE('',*,*,#5901,.T.);
#4843=ORIENTED_EDGE('',*,*,#5898,.T.);
#4844=ORIENTED_EDGE('',*,*,#5895,.T.);
#4845=ORIENTED_EDGE('',*,*,#5892,.T.);
#4846=CARTESIAN_POINT('',(-5.695,-0.68,3.335));
#4847=DIRECTION('',(-1.0,0.0,6.12303176911189E-17));
#4848=DIRECTION('',(6.12303176911189E-17,0.0,1.0));
#4849=ORIENTED_EDGE('',*,*,#6668,.F.);
#4850=ORIENTED_EDGE('',*,*,#6666,.T.);
#4851=ORIENTED_EDGE('',*,*,#6669,.T.);
#4852=ORIENTED_EDGE('',*,*,#5904,.T.);
#4853=CARTESIAN_POINT('',(-5.08,-0.68,2.17));
#4854=DIRECTION('',(6.12303176911189E-17,0.0,1.0));
#4855=DIRECTION('',(1.0,0.0,-6.12303176911189E-17));
#4856=ORIENTED_EDGE('',*,*,#5850,.T.);
#4857=ORIENTED_EDGE('',*,*,#5905,.T.);
#4858=ORIENTED_EDGE('',*,*,#6669,.F.);
#4859=ORIENTED_EDGE('',*,*,#6665,.T.);
#4860=CARTESIAN_POINT('',(-5.08,-2.18,3.335));
#4861=DIRECTION('',(0.0,1.0,0.0));
#4862=DIRECTION('',(-1.0,0.0,6.12303176911189E-17));
#4863=ORIENTED_EDGE('',*,*,#5910,.T.);
#4864=ORIENTED_EDGE('',*,*,#6670,.F.);
#4865=ORIENTED_EDGE('',*,*,#6671,.F.);
#4866=ORIENTED_EDGE('',*,*,#6672,.F.);
#4867=ORIENTED_EDGE('',*,*,#5950,.T.);
#4868=ORIENTED_EDGE('',*,*,#5960,.T.);
#4869=ORIENTED_EDGE('',*,*,#5957,.T.);
#4870=ORIENTED_EDGE('',*,*,#5954,.T.);
#4871=ORIENTED_EDGE('',*,*,#5951,.T.);
#4872=CARTESIAN_POINT('',(-3.155,-0.68,3.335));
#4873=DIRECTION('',(-1.0,0.0,6.12303176911189E-17));
#4874=DIRECTION('',(6.12303176911189E-17,0.0,1.0));
#4875=ORIENTED_EDGE('',*,*,#6673,.F.);
#4876=ORIENTED_EDGE('',*,*,#6671,.T.);
#4877=ORIENTED_EDGE('',*,*,#6674,.T.);
#4878=ORIENTED_EDGE('',*,*,#5963,.T.);
#4879=CARTESIAN_POINT('',(-2.54,-0.68,2.17));
#4880=DIRECTION('',(6.12303176911189E-17,0.0,1.0));
#4881=DIRECTION('',(1.0,0.0,-6.12303176911189E-17));
#4882=ORIENTED_EDGE('',*,*,#5909,.T.);
#4883=ORIENTED_EDGE('',*,*,#5964,.T.);
#4884=ORIENTED_EDGE('',*,*,#6674,.F.);
#4885=ORIENTED_EDGE('',*,*,#6670,.T.);
#4886=CARTESIAN_POINT('',(-2.54,-2.18,3.335));
#4887=DIRECTION('',(0.0,1.0,0.0));
#4888=DIRECTION('',(-1.0,0.0,6.12303176911189E-17));
#4889=ORIENTED_EDGE('',*,*,#5969,.T.);
#4890=ORIENTED_EDGE('',*,*,#6675,.F.);
#4891=ORIENTED_EDGE('',*,*,#6676,.F.);
#4892=ORIENTED_EDGE('',*,*,#6677,.F.);
#4893=ORIENTED_EDGE('',*,*,#6009,.T.);
#4894=ORIENTED_EDGE('',*,*,#6019,.T.);
#4895=ORIENTED_EDGE('',*,*,#6016,.T.);
#4896=ORIENTED_EDGE('',*,*,#6013,.T.);
#4897=ORIENTED_EDGE('',*,*,#6010,.T.);
#4898=CARTESIAN_POINT('',(-0.615,-0.68,3.335));
#4899=DIRECTION('',(-1.0,0.0,6.12303176911189E-17));
#4900=DIRECTION('',(6.12303176911189E-17,0.0,1.0));
#4901=ORIENTED_EDGE('',*,*,#6678,.F.);
#4902=ORIENTED_EDGE('',*,*,#6676,.T.);
#4903=ORIENTED_EDGE('',*,*,#6679,.T.);
#4904=ORIENTED_EDGE('',*,*,#6022,.T.);
#4905=CARTESIAN_POINT('',(1.32869789389728E-16,-0.68,2.17));
#4906=DIRECTION('',(6.12303176911189E-17,0.0,1.0));
#4907=DIRECTION('',(1.0,0.0,-6.12303176911189E-17));
#4908=ORIENTED_EDGE('',*,*,#5968,.T.);
#4909=ORIENTED_EDGE('',*,*,#6023,.T.);
#4910=ORIENTED_EDGE('',*,*,#6679,.F.);
#4911=ORIENTED_EDGE('',*,*,#6675,.T.);
#4912=CARTESIAN_POINT('',(2.04203109499881E-16,-2.18,3.335));
#4913=DIRECTION('',(0.0,1.0,0.0));
#4914=DIRECTION('',(-1.0,0.0,6.12303176911189E-17));
#4915=ORIENTED_EDGE('',*,*,#6028,.T.);
#4916=ORIENTED_EDGE('',*,*,#6680,.F.);
#4917=ORIENTED_EDGE('',*,*,#6681,.F.);
#4918=ORIENTED_EDGE('',*,*,#6682,.F.);
#4919=ORIENTED_EDGE('',*,*,#6068,.T.);
#4920=ORIENTED_EDGE('',*,*,#6078,.T.);
#4921=ORIENTED_EDGE('',*,*,#6075,.T.);
#4922=ORIENTED_EDGE('',*,*,#6072,.T.);
#4923=ORIENTED_EDGE('',*,*,#6069,.T.);
#4924=CARTESIAN_POINT('',(1.925,-0.68,3.335));
#4925=DIRECTION('',(-1.0,0.0,6.12303176911189E-17));
#4926=DIRECTION('',(6.12303176911189E-17,0.0,1.0));
#4927=ORIENTED_EDGE('',*,*,#6683,.F.);
#4928=ORIENTED_EDGE('',*,*,#6681,.T.);
#4929=ORIENTED_EDGE('',*,*,#6684,.T.);
#4930=ORIENTED_EDGE('',*,*,#6081,.T.);
#4931=CARTESIAN_POINT('',(2.54,-0.68,2.17));
#4932=DIRECTION('',(6.12303176911189E-17,0.0,1.0));
#4933=DIRECTION('',(1.0,0.0,-6.12303176911189E-17));
#4934=ORIENTED_EDGE('',*,*,#6027,.T.);
#4935=ORIENTED_EDGE('',*,*,#6082,.T.);
#4936=ORIENTED_EDGE('',*,*,#6684,.F.);
#4937=ORIENTED_EDGE('',*,*,#6680,.T.);
#4938=CARTESIAN_POINT('',(2.54,-2.18,3.335));
#4939=DIRECTION('',(0.0,1.0,0.0));
#4940=DIRECTION('',(-1.0,0.0,6.12303176911189E-17));
#4941=ORIENTED_EDGE('',*,*,#6087,.T.);
#4942=ORIENTED_EDGE('',*,*,#6685,.F.);
#4943=ORIENTED_EDGE('',*,*,#6686,.F.);
#4944=ORIENTED_EDGE('',*,*,#6687,.F.);
#4945=ORIENTED_EDGE('',*,*,#6127,.T.);
#4946=ORIENTED_EDGE('',*,*,#6137,.T.);
#4947=ORIENTED_EDGE('',*,*,#6134,.T.);
#4948=ORIENTED_EDGE('',*,*,#6131,.T.);
#4949=ORIENTED_EDGE('',*,*,#6128,.T.);
#4950=CARTESIAN_POINT('',(4.465,-0.68,3.335));
#4951=DIRECTION('',(-1.0,0.0,6.12303176911189E-17));
#4952=DIRECTION('',(6.12303176911189E-17,0.0,1.0));
#4953=ORIENTED_EDGE('',*,*,#6688,.F.);
#4954=ORIENTED_EDGE('',*,*,#6686,.T.);
#4955=ORIENTED_EDGE('',*,*,#6689,.T.);
#4956=ORIENTED_EDGE('',*,*,#6140,.T.);
#4957=CARTESIAN_POINT('',(5.08,-0.68,2.17));
#4958=DIRECTION('',(6.12303176911189E-17,0.0,1.0));
#4959=DIRECTION('',(1.0,0.0,-6.12303176911189E-17));
#4960=ORIENTED_EDGE('',*,*,#6086,.T.);
#4961=ORIENTED_EDGE('',*,*,#6141,.T.);
#4962=ORIENTED_EDGE('',*,*,#6689,.F.);
#4963=ORIENTED_EDGE('',*,*,#6685,.T.);
#4964=CARTESIAN_POINT('',(5.08,-2.18,3.335));
#4965=DIRECTION('',(0.0,1.0,0.0));
#4966=DIRECTION('',(-1.0,0.0,6.12303176911189E-17));
#4967=ORIENTED_EDGE('',*,*,#6146,.T.);
#4968=ORIENTED_EDGE('',*,*,#6690,.F.);
#4969=ORIENTED_EDGE('',*,*,#6691,.F.);
#4970=ORIENTED_EDGE('',*,*,#6692,.F.);
#4971=ORIENTED_EDGE('',*,*,#6186,.T.);
#4972=ORIENTED_EDGE('',*,*,#6196,.T.);
#4973=ORIENTED_EDGE('',*,*,#6193,.T.);
#4974=ORIENTED_EDGE('',*,*,#6190,.T.);
#4975=ORIENTED_EDGE('',*,*,#6187,.T.);
#4976=CARTESIAN_POINT('',(7.005,-0.68,3.335));
#4977=DIRECTION('',(-1.0,0.0,6.12303176911189E-17));
#4978=DIRECTION('',(6.12303176911189E-17,0.0,1.0));
#4979=ORIENTED_EDGE('',*,*,#6693,.F.);
#4980=ORIENTED_EDGE('',*,*,#6691,.T.);
#4981=ORIENTED_EDGE('',*,*,#6694,.T.);
#4982=ORIENTED_EDGE('',*,*,#6199,.T.);
#4983=CARTESIAN_POINT('',(7.62,-0.68,2.17));
#4984=DIRECTION('',(6.12303176911189E-17,0.0,1.0));
#4985=DIRECTION('',(1.0,0.0,-6.12303176911189E-17));
#4986=ORIENTED_EDGE('',*,*,#6145,.T.);
#4987=ORIENTED_EDGE('',*,*,#6200,.T.);
#4988=ORIENTED_EDGE('',*,*,#6694,.F.);
#4989=ORIENTED_EDGE('',*,*,#6690,.T.);
#4990=CARTESIAN_POINT('',(7.62,-2.18,3.335));
#4991=DIRECTION('',(0.0,1.0,0.0));
#4992=DIRECTION('',(-1.0,0.0,6.12303176911189E-17));
#4993=ORIENTED_EDGE('',*,*,#6247,.T.);
#4994=ORIENTED_EDGE('',*,*,#6695,.F.);
#4995=ORIENTED_EDGE('',*,*,#6696,.F.);
#4996=ORIENTED_EDGE('',*,*,#6697,.F.);
#4997=ORIENTED_EDGE('',*,*,#6212,.T.);
#4998=ORIENTED_EDGE('',*,*,#6252,.T.);
#4999=ORIENTED_EDGE('',*,*,#6255,.T.);
#5000=ORIENTED_EDGE('',*,*,#6258,.T.);
#5001=ORIENTED_EDGE('',*,*,#6260,.T.);
#5002=CARTESIAN_POINT('',(-8.235,-0.68,-3.335));
#5003=DIRECTION('',(-1.0,0.0,6.12303176911189E-17));
#5004=DIRECTION('',(6.12303176911189E-17,0.0,1.0));
#5005=ORIENTED_EDGE('',*,*,#6209,.T.);
#5006=ORIENTED_EDGE('',*,*,#6697,.T.);
#5007=ORIENTED_EDGE('',*,*,#6698,.T.);
#5008=ORIENTED_EDGE('',*,*,#6303,.T.);
#5009=CARTESIAN_POINT('',(-7.62,-2.18,-3.335));
#5010=DIRECTION('',(0.0,1.0,0.0));
#5011=DIRECTION('',(-1.0,0.0,6.12303176911189E-17));
#5012=ORIENTED_EDGE('',*,*,#6699,.F.);
#5013=ORIENTED_EDGE('',*,*,#6304,.T.);
#5014=ORIENTED_EDGE('',*,*,#6698,.F.);
#5015=ORIENTED_EDGE('',*,*,#6696,.T.);
#5016=CARTESIAN_POINT('',(-7.62,-0.68,-2.17));
#5017=DIRECTION('',(-6.12303176911189E-17,0.0,-1.0));
#5018=DIRECTION('',(-1.0,0.0,6.12303176911189E-17));
#5019=ORIENTED_EDGE('',*,*,#6348,.T.);
#5020=ORIENTED_EDGE('',*,*,#6700,.F.);
#5021=ORIENTED_EDGE('',*,*,#6701,.F.);
#5022=ORIENTED_EDGE('',*,*,#6702,.F.);
#5023=ORIENTED_EDGE('',*,*,#6315,.T.);
#5024=ORIENTED_EDGE('',*,*,#6353,.T.);
#5025=ORIENTED_EDGE('',*,*,#6356,.T.);
#5026=ORIENTED_EDGE('',*,*,#6359,.T.);
#5027=ORIENTED_EDGE('',*,*,#6361,.T.);
#5028=CARTESIAN_POINT('',(-5.695,-0.68,-3.335));
#5029=DIRECTION('',(-1.0,0.0,6.12303176911189E-17));
#5030=DIRECTION('',(6.12303176911189E-17,0.0,1.0));
#5031=ORIENTED_EDGE('',*,*,#6312,.T.);
#5032=ORIENTED_EDGE('',*,*,#6702,.T.);
#5033=ORIENTED_EDGE('',*,*,#6703,.T.);
#5034=ORIENTED_EDGE('',*,*,#6362,.T.);
#5035=CARTESIAN_POINT('',(-5.08,-2.18,-3.335));
#5036=DIRECTION('',(0.0,1.0,0.0));
#5037=DIRECTION('',(-1.0,0.0,6.12303176911189E-17));
#5038=ORIENTED_EDGE('',*,*,#6704,.F.);
#5039=ORIENTED_EDGE('',*,*,#6363,.T.);
#5040=ORIENTED_EDGE('',*,*,#6703,.F.);
#5041=ORIENTED_EDGE('',*,*,#6701,.T.);
#5042=CARTESIAN_POINT('',(-5.08,-0.68,-2.17));
#5043=DIRECTION('',(-6.12303176911189E-17,0.0,-1.0));
#5044=DIRECTION('',(-1.0,0.0,6.12303176911189E-17));
#5045=ORIENTED_EDGE('',*,*,#6407,.T.);
#5046=ORIENTED_EDGE('',*,*,#6705,.F.);
#5047=ORIENTED_EDGE('',*,*,#6706,.F.);
#5048=ORIENTED_EDGE('',*,*,#6707,.F.);
#5049=ORIENTED_EDGE('',*,*,#6374,.T.);
#5050=ORIENTED_EDGE('',*,*,#6412,.T.);
#5051=ORIENTED_EDGE('',*,*,#6415,.T.);
#5052=ORIENTED_EDGE('',*,*,#6418,.T.);
#5053=ORIENTED_EDGE('',*,*,#6420,.T.);
#5054=CARTESIAN_POINT('',(-3.155,-0.68,-3.335));
#5055=DIRECTION('',(-1.0,0.0,6.12303176911189E-17));
#5056=DIRECTION('',(6.12303176911189E-17,0.0,1.0));
#5057=ORIENTED_EDGE('',*,*,#6371,.T.);
#5058=ORIENTED_EDGE('',*,*,#6707,.T.);
#5059=ORIENTED_EDGE('',*,*,#6708,.T.);
#5060=ORIENTED_EDGE('',*,*,#6421,.T.);
#5061=CARTESIAN_POINT('',(-2.54,-2.18,-3.335));
#5062=DIRECTION('',(0.0,1.0,0.0));
#5063=DIRECTION('',(-1.0,0.0,6.12303176911189E-17));
#5064=ORIENTED_EDGE('',*,*,#6709,.F.);
#5065=ORIENTED_EDGE('',*,*,#6422,.T.);
#5066=ORIENTED_EDGE('',*,*,#6708,.F.);
#5067=ORIENTED_EDGE('',*,*,#6706,.T.);
#5068=CARTESIAN_POINT('',(-2.54,-0.68,-2.17));
#5069=DIRECTION('',(-6.12303176911189E-17,0.0,-1.0));
#5070=DIRECTION('',(-1.0,0.0,6.12303176911189E-17));
#5071=ORIENTED_EDGE('',*,*,#6466,.T.);
#5072=ORIENTED_EDGE('',*,*,#6710,.F.);
#5073=ORIENTED_EDGE('',*,*,#6711,.F.);
#5074=ORIENTED_EDGE('',*,*,#6712,.F.);
#5075=ORIENTED_EDGE('',*,*,#6433,.T.);
#5076=ORIENTED_EDGE('',*,*,#6471,.T.);
#5077=ORIENTED_EDGE('',*,*,#6474,.T.);
#5078=ORIENTED_EDGE('',*,*,#6477,.T.);
#5079=ORIENTED_EDGE('',*,*,#6479,.T.);
#5080=CARTESIAN_POINT('',(-0.615,-0.68,-3.335));
#5081=DIRECTION('',(-1.0,0.0,6.12303176911189E-17));
#5082=DIRECTION('',(6.12303176911189E-17,0.0,1.0));
#5083=ORIENTED_EDGE('',*,*,#6430,.T.);
#5084=ORIENTED_EDGE('',*,*,#6712,.T.);
#5085=ORIENTED_EDGE('',*,*,#6713,.T.);
#5086=ORIENTED_EDGE('',*,*,#6480,.T.);
#5087=CARTESIAN_POINT('',(-2.04203109499881E-16,-2.18,-3.335));
#5088=DIRECTION('',(0.0,1.0,0.0));
#5089=DIRECTION('',(-1.0,0.0,6.12303176911189E-17));
#5090=ORIENTED_EDGE('',*,*,#6714,.F.);
#5091=ORIENTED_EDGE('',*,*,#6481,.T.);
#5092=ORIENTED_EDGE('',*,*,#6713,.F.);
#5093=ORIENTED_EDGE('',*,*,#6711,.T.);
#5094=CARTESIAN_POINT('',(-1.32869789389728E-16,-0.68,-2.17));
#5095=DIRECTION('',(-6.12303176911189E-17,0.0,-1.0));
#5096=DIRECTION('',(-1.0,0.0,6.12303176911189E-17));
#5097=ORIENTED_EDGE('',*,*,#6525,.T.);
#5098=ORIENTED_EDGE('',*,*,#6715,.F.);
#5099=ORIENTED_EDGE('',*,*,#6716,.F.);
#5100=ORIENTED_EDGE('',*,*,#6717,.F.);
#5101=ORIENTED_EDGE('',*,*,#6492,.T.);
#5102=ORIENTED_EDGE('',*,*,#6530,.T.);
#5103=ORIENTED_EDGE('',*,*,#6533,.T.);
#5104=ORIENTED_EDGE('',*,*,#6536,.T.);
#5105=ORIENTED_EDGE('',*,*,#6538,.T.);
#5106=CARTESIAN_POINT('',(1.925,-0.68,-3.335));
#5107=DIRECTION('',(-1.0,0.0,6.12303176911189E-17));
#5108=DIRECTION('',(6.12303176911189E-17,0.0,1.0));
#5109=ORIENTED_EDGE('',*,*,#6489,.T.);
#5110=ORIENTED_EDGE('',*,*,#6717,.T.);
#5111=ORIENTED_EDGE('',*,*,#6718,.T.);
#5112=ORIENTED_EDGE('',*,*,#6539,.T.);
#5113=CARTESIAN_POINT('',(2.54,-2.18,-3.335));
#5114=DIRECTION('',(0.0,1.0,0.0));
#5115=DIRECTION('',(-1.0,0.0,6.12303176911189E-17));
#5116=ORIENTED_EDGE('',*,*,#6719,.F.);
#5117=ORIENTED_EDGE('',*,*,#6540,.T.);
#5118=ORIENTED_EDGE('',*,*,#6718,.F.);
#5119=ORIENTED_EDGE('',*,*,#6716,.T.);
#5120=CARTESIAN_POINT('',(2.54,-0.68,-2.17));
#5121=DIRECTION('',(-6.12303176911189E-17,0.0,-1.0));
#5122=DIRECTION('',(-1.0,0.0,6.12303176911189E-17));
#5123=ORIENTED_EDGE('',*,*,#6584,.T.);
#5124=ORIENTED_EDGE('',*,*,#6720,.F.);
#5125=ORIENTED_EDGE('',*,*,#6721,.F.);
#5126=ORIENTED_EDGE('',*,*,#6722,.F.);
#5127=ORIENTED_EDGE('',*,*,#6551,.T.);
#5128=ORIENTED_EDGE('',*,*,#6589,.T.);
#5129=ORIENTED_EDGE('',*,*,#6592,.T.);
#5130=ORIENTED_EDGE('',*,*,#6595,.T.);
#5131=ORIENTED_EDGE('',*,*,#6597,.T.);
#5132=CARTESIAN_POINT('',(4.465,-0.68,-3.335));
#5133=DIRECTION('',(-1.0,0.0,6.12303176911189E-17));
#5134=DIRECTION('',(6.12303176911189E-17,0.0,1.0));
#5135=ORIENTED_EDGE('',*,*,#6548,.T.);
#5136=ORIENTED_EDGE('',*,*,#6722,.T.);
#5137=ORIENTED_EDGE('',*,*,#6723,.T.);
#5138=ORIENTED_EDGE('',*,*,#6598,.T.);
#5139=CARTESIAN_POINT('',(5.08,-2.18,-3.335));
#5140=DIRECTION('',(0.0,1.0,0.0));
#5141=DIRECTION('',(-1.0,0.0,6.12303176911189E-17));
#5142=ORIENTED_EDGE('',*,*,#6724,.F.);
#5143=ORIENTED_EDGE('',*,*,#6599,.T.);
#5144=ORIENTED_EDGE('',*,*,#6723,.F.);
#5145=ORIENTED_EDGE('',*,*,#6721,.T.);
#5146=CARTESIAN_POINT('',(5.08,-0.68,-2.17));
#5147=DIRECTION('',(-6.12303176911189E-17,0.0,-1.0));
#5148=DIRECTION('',(-1.0,0.0,6.12303176911189E-17));
#5149=ORIENTED_EDGE('',*,*,#6643,.T.);
#5150=ORIENTED_EDGE('',*,*,#6725,.F.);
#5151=ORIENTED_EDGE('',*,*,#6726,.F.);
#5152=ORIENTED_EDGE('',*,*,#6727,.F.);
#5153=ORIENTED_EDGE('',*,*,#6610,.T.);
#5154=ORIENTED_EDGE('',*,*,#6648,.T.);
#5155=ORIENTED_EDGE('',*,*,#6651,.T.);
#5156=ORIENTED_EDGE('',*,*,#6654,.T.);
#5157=ORIENTED_EDGE('',*,*,#6656,.T.);
#5158=CARTESIAN_POINT('',(7.005,-0.68,-3.335));
#5159=DIRECTION('',(-1.0,0.0,6.12303176911189E-17));
#5160=DIRECTION('',(6.12303176911189E-17,0.0,1.0));
#5161=ORIENTED_EDGE('',*,*,#6607,.T.);
#5162=ORIENTED_EDGE('',*,*,#6727,.T.);
#5163=ORIENTED_EDGE('',*,*,#6728,.T.);
#5164=ORIENTED_EDGE('',*,*,#6657,.T.);
#5165=CARTESIAN_POINT('',(7.62,-2.18,-3.335));
#5166=DIRECTION('',(0.0,1.0,0.0));
#5167=DIRECTION('',(-1.0,0.0,6.12303176911189E-17));
#5168=ORIENTED_EDGE('',*,*,#6729,.F.);
#5169=ORIENTED_EDGE('',*,*,#6658,.T.);
#5170=ORIENTED_EDGE('',*,*,#6728,.F.);
#5171=ORIENTED_EDGE('',*,*,#6726,.T.);
#5172=CARTESIAN_POINT('',(7.62,-0.68,-2.17));
#5173=DIRECTION('',(-6.12303176911189E-17,0.0,-1.0));
#5174=DIRECTION('',(-1.0,0.0,6.12303176911189E-17));
#5175=ORIENTED_EDGE('',*,*,#6730,.F.);
#5176=ORIENTED_EDGE('',*,*,#6731,.F.);
#5177=ORIENTED_EDGE('',*,*,#6732,.F.);
#5178=ORIENTED_EDGE('',*,*,#6733,.F.);
#5179=ORIENTED_EDGE('',*,*,#6734,.F.);
#5180=ORIENTED_EDGE('',*,*,#6735,.F.);
#5181=ORIENTED_EDGE('',*,*,#6736,.F.);
#5182=ORIENTED_EDGE('',*,*,#6737,.F.);
#5183=ORIENTED_EDGE('',*,*,#6738,.F.);
#5184=ORIENTED_EDGE('',*,*,#6739,.F.);
#5185=CARTESIAN_POINT('',(-8.89,-2.0,5.44337524274047E-16));
#5186=DIRECTION('',(-0.0,1.0,0.0));
#5187=DIRECTION('',(6.12303176911189E-17,0.0,1.0));
#5188=ORIENTED_EDGE('',*,*,#6735,.T.);
#5189=ORIENTED_EDGE('',*,*,#6740,.F.);
#5190=ORIENTED_EDGE('',*,*,#6741,.T.);
#5191=ORIENTED_EDGE('',*,*,#6742,.T.);
#5192=CARTESIAN_POINT('',(8.89,-3.04999999999973,0.539999999999849));
#5193=DIRECTION('',(6.12303176911189E-17,-3.17206578464825E-16,1.0));
#5194=DIRECTION('',(1.94226595731141E-32,1.0,3.17206578464825E-16));
#5195=ORIENTED_EDGE('',*,*,#6734,.T.);
#5196=ORIENTED_EDGE('',*,*,#6743,.F.);
#5197=ORIENTED_EDGE('',*,*,#6744,.T.);
#5198=ORIENTED_EDGE('',*,*,#6740,.T.);
#5199=CARTESIAN_POINT('',(8.89,-3.39999999999941,-0.190000000000056));
#5200=DIRECTION('',(1.90714553177922E-29,-1.0,3.11470788278441E-13));
#5201=DIRECTION('',(6.12303176911189E-17,3.11470788278441E-13,1.0));
#5202=ORIENTED_EDGE('',*,*,#6733,.T.);
#5203=ORIENTED_EDGE('',*,*,#6745,.F.);
#5204=ORIENTED_EDGE('',*,*,#6746,.T.);
#5205=ORIENTED_EDGE('',*,*,#6747,.T.);
#5206=ORIENTED_EDGE('',*,*,#6748,.T.);
#5207=ORIENTED_EDGE('',*,*,#6749,.F.);
#5208=ORIENTED_EDGE('',*,*,#6750,.T.);
#5209=ORIENTED_EDGE('',*,*,#6743,.T.);
#5210=CARTESIAN_POINT('',(8.89,-3.57499999999982,-0.920000000000074));
#5211=DIRECTION('',(6.12303176911189E-17,-6.49639072694274E-13,1.0));
#5212=DIRECTION('',(3.97776068056342E-29,1.0,6.49639072694274E-13));
#5213=ORIENTED_EDGE('',*,*,#6732,.T.);
#5214=ORIENTED_EDGE('',*,*,#6751,.T.);
#5215=ORIENTED_EDGE('',*,*,#6752,.F.);
#5216=ORIENTED_EDGE('',*,*,#6753,.T.);
#5217=ORIENTED_EDGE('',*,*,#6745,.T.);
#5218=CARTESIAN_POINT('',(8.89,-3.75,-1.62500000000023));
#5219=DIRECTION('',(-1.92849102144083E-32,-1.0,-3.14956886418466E-16));
#5220=DIRECTION('',(6.12303176911189E-17,-3.14956886418466E-16,1.0));
#5221=ORIENTED_EDGE('',*,*,#6731,.T.);
#5222=ORIENTED_EDGE('',*,*,#6754,.F.);
#5223=ORIENTED_EDGE('',*,*,#6301,.F.);
#5224=ORIENTED_EDGE('',*,*,#6755,.F.);
#5225=ORIENTED_EDGE('',*,*,#6756,.F.);
#5226=ORIENTED_EDGE('',*,*,#6757,.F.);
#5227=ORIENTED_EDGE('',*,*,#6758,.F.);
#5228=ORIENTED_EDGE('',*,*,#6759,.F.);
#5229=ORIENTED_EDGE('',*,*,#6760,.F.);
#5230=ORIENTED_EDGE('',*,*,#6751,.F.);
#5231=CARTESIAN_POINT('',(-8.89,-1.75450665126535,0.0292015024068215));
#5232=DIRECTION('',(-1.0,0.0,6.12303176911189E-17));
#5233=DIRECTION('',(6.12303176911189E-17,0.0,1.0));
#5234=ORIENTED_EDGE('',*,*,#6761,.F.);
#5235=ORIENTED_EDGE('',*,*,#6762,.F.);
#5236=ORIENTED_EDGE('',*,*,#6763,.F.);
#5237=ORIENTED_EDGE('',*,*,#6741,.F.);
#5238=ORIENTED_EDGE('',*,*,#6744,.F.);
#5239=ORIENTED_EDGE('',*,*,#6750,.F.);
#5240=CARTESIAN_POINT('',(-6.4008,-2.5,3.91923017477314E-16));
#5241=DIRECTION('',(-1.0,0.0,6.12303176911189E-17));
#5242=DIRECTION('',(6.12303176911189E-17,0.0,1.0));
#5243=ORIENTED_EDGE('',*,*,#6764,.F.);
#5244=ORIENTED_EDGE('',*,*,#6748,.F.);
#5245=ORIENTED_EDGE('',*,*,#6765,.F.);
#5246=ORIENTED_EDGE('',*,*,#6766,.F.);
#5247=ORIENTED_EDGE('',*,*,#6767,.F.);
#5248=ORIENTED_EDGE('',*,*,#6768,.F.);
#5249=CARTESIAN_POINT('',(6.4008,-2.5,-3.91923017477314E-16));
#5250=DIRECTION('',(-1.0,0.0,6.12303176911189E-17));
#5251=DIRECTION('',(6.12303176911189E-17,0.0,1.0));
#5252=ORIENTED_EDGE('',*,*,#6765,.T.);
#5253=ORIENTED_EDGE('',*,*,#6747,.F.);
#5254=ORIENTED_EDGE('',*,*,#6769,.T.);
#5255=ORIENTED_EDGE('',*,*,#6770,.T.);
#5256=CARTESIAN_POINT('',(8.89,-3.39999999999941,-0.190000000000056));
#5257=DIRECTION('',(1.90714553177922E-29,-1.0,3.11470788278441E-13));
#5258=DIRECTION('',(6.12303176911189E-17,3.11470788278441E-13,1.0));
#5259=ORIENTED_EDGE('',*,*,#6766,.T.);
#5260=ORIENTED_EDGE('',*,*,#6770,.F.);
#5261=ORIENTED_EDGE('',*,*,#6771,.T.);
#5262=ORIENTED_EDGE('',*,*,#6772,.T.);
#5263=CARTESIAN_POINT('',(8.89,-3.04999999999973,0.539999999999849));
#5264=DIRECTION('',(6.12303176911189E-17,-3.17206578464825E-16,1.0));
#5265=DIRECTION('',(1.94226595731141E-32,1.0,3.17206578464825E-16));
#5266=ORIENTED_EDGE('',*,*,#6767,.T.);
#5267=ORIENTED_EDGE('',*,*,#6772,.F.);
#5268=ORIENTED_EDGE('',*,*,#6773,.T.);
#5269=ORIENTED_EDGE('',*,*,#6774,.T.);
#5270=CARTESIAN_POINT('',(8.89,-2.7000000000005,0.72999999999979));
#5271=DIRECTION('',(-7.32745388525831E-29,-1.0,-1.19670355496475E-12));
#5272=DIRECTION('',(6.12303176911189E-17,-1.19670355496475E-12,1.0));
#5273=ORIENTED_EDGE('',*,*,#6736,.T.);
#5274=ORIENTED_EDGE('',*,*,#6742,.F.);
#5275=ORIENTED_EDGE('',*,*,#6763,.T.);
#5276=ORIENTED_EDGE('',*,*,#6775,.T.);
#5277=CARTESIAN_POINT('',(8.89,-2.7000000000005,0.72999999999979));
#5278=DIRECTION('',(-7.32745388525831E-29,-1.0,-1.19670355496475E-12));
#5279=DIRECTION('',(6.12303176911189E-17,-1.19670355496475E-12,1.0));
#5280=ORIENTED_EDGE('',*,*,#6737,.T.);
#5281=ORIENTED_EDGE('',*,*,#6775,.F.);
#5282=ORIENTED_EDGE('',*,*,#6762,.T.);
#5283=ORIENTED_EDGE('',*,*,#6776,.F.);
#5284=ORIENTED_EDGE('',*,*,#6768,.T.);
#5285=ORIENTED_EDGE('',*,*,#6774,.F.);
#5286=ORIENTED_EDGE('',*,*,#6777,.T.);
#5287=ORIENTED_EDGE('',*,*,#6778,.T.);
#5288=CARTESIAN_POINT('',(8.89,-3.22500000000036,0.919999999999958));
#5289=DIRECTION('',(-6.12303176911189E-17,-4.32881244077956E-13,-1.0));
#5290=DIRECTION('',(2.650545609742E-29,-1.0,4.32881244077956E-13));
#5291=ORIENTED_EDGE('',*,*,#6221,.T.);
#5292=ORIENTED_EDGE('',*,*,#6213,.T.);
#5293=ORIENTED_EDGE('',*,*,#6229,.T.);
#5294=ORIENTED_EDGE('',*,*,#6246,.T.);
#5295=ORIENTED_EDGE('',*,*,#6324,.T.);
#5296=ORIENTED_EDGE('',*,*,#6316,.T.);
#5297=ORIENTED_EDGE('',*,*,#6332,.T.);
#5298=ORIENTED_EDGE('',*,*,#6347,.T.);
#5299=ORIENTED_EDGE('',*,*,#6383,.T.);
#5300=ORIENTED_EDGE('',*,*,#6375,.T.);
#5301=ORIENTED_EDGE('',*,*,#6391,.T.);
#5302=ORIENTED_EDGE('',*,*,#6406,.T.);
#5303=ORIENTED_EDGE('',*,*,#6442,.T.);
#5304=ORIENTED_EDGE('',*,*,#6434,.T.);
#5305=ORIENTED_EDGE('',*,*,#6450,.T.);
#5306=ORIENTED_EDGE('',*,*,#6465,.T.);
#5307=ORIENTED_EDGE('',*,*,#6501,.T.);
#5308=ORIENTED_EDGE('',*,*,#6493,.T.);
#5309=ORIENTED_EDGE('',*,*,#6509,.T.);
#5310=ORIENTED_EDGE('',*,*,#6524,.T.);
#5311=ORIENTED_EDGE('',*,*,#6560,.T.);
#5312=ORIENTED_EDGE('',*,*,#6552,.T.);
#5313=ORIENTED_EDGE('',*,*,#6568,.T.);
#5314=ORIENTED_EDGE('',*,*,#6583,.T.);
#5315=ORIENTED_EDGE('',*,*,#6619,.T.);
#5316=ORIENTED_EDGE('',*,*,#6611,.T.);
#5317=ORIENTED_EDGE('',*,*,#6627,.T.);
#5318=ORIENTED_EDGE('',*,*,#6642,.T.);
#5319=ORIENTED_EDGE('',*,*,#6757,.T.);
#5320=ORIENTED_EDGE('',*,*,#6779,.F.);
#5321=ORIENTED_EDGE('',*,*,#6780,.T.);
#5322=ORIENTED_EDGE('',*,*,#6781,.T.);
#5323=CARTESIAN_POINT('',(8.89,-3.75000000000023,-4.20499999999891));
#5324=DIRECTION('',(1.58955045945911E-29,-1.0,2.59601863814871E-13));
#5325=DIRECTION('',(6.12303176911189E-17,2.59601863814871E-13,1.0));
#5326=ORIENTED_EDGE('',*,*,#6756,.T.);
#5327=ORIENTED_EDGE('',*,*,#6782,.F.);
#5328=ORIENTED_EDGE('',*,*,#6783,.T.);
#5329=ORIENTED_EDGE('',*,*,#6779,.T.);
#5330=CARTESIAN_POINT('',(8.89,-1.37500000000023,-5.08000000000004));
#5331=DIRECTION('',(-6.12303176911189E-17,1.86984930463166E-16,-1.0));
#5332=DIRECTION('',(-1.14491466957114E-32,-1.0,-1.86984930463166E-16));
#5333=ORIENTED_EDGE('',*,*,#6755,.T.);
#5334=ORIENTED_EDGE('',*,*,#6300,.F.);
#5335=ORIENTED_EDGE('',*,*,#6784,.T.);
#5336=ORIENTED_EDGE('',*,*,#6782,.T.);
#5337=CARTESIAN_POINT('',(8.89,1.0,-4.88000000000011));
#5338=DIRECTION('',(0.0,1.0,0.0));
#5339=DIRECTION('',(-6.12303176911189E-17,0.0,-1.0));
#5340=ORIENTED_EDGE('',*,*,#5743,.F.);
#5341=ORIENTED_EDGE('',*,*,#5843,.F.);
#5342=ORIENTED_EDGE('',*,*,#5874,.T.);
#5343=ORIENTED_EDGE('',*,*,#6667,.T.);
#5344=ORIENTED_EDGE('',*,*,#6668,.T.);
#5345=ORIENTED_EDGE('',*,*,#5903,.T.);
#5346=ORIENTED_EDGE('',*,*,#5847,.F.);
#5347=ORIENTED_EDGE('',*,*,#5837,.F.);
#5348=ORIENTED_EDGE('',*,*,#5933,.T.);
#5349=ORIENTED_EDGE('',*,*,#6672,.T.);
#5350=ORIENTED_EDGE('',*,*,#6673,.T.);
#5351=ORIENTED_EDGE('',*,*,#5962,.T.);
#5352=ORIENTED_EDGE('',*,*,#5906,.F.);
#5353=ORIENTED_EDGE('',*,*,#5831,.F.);
#5354=ORIENTED_EDGE('',*,*,#5992,.T.);
#5355=ORIENTED_EDGE('',*,*,#6677,.T.);
#5356=ORIENTED_EDGE('',*,*,#6678,.T.);
#5357=ORIENTED_EDGE('',*,*,#6021,.T.);
#5358=ORIENTED_EDGE('',*,*,#5965,.F.);
#5359=ORIENTED_EDGE('',*,*,#5825,.F.);
#5360=ORIENTED_EDGE('',*,*,#6051,.T.);
#5361=ORIENTED_EDGE('',*,*,#6682,.T.);
#5362=ORIENTED_EDGE('',*,*,#6683,.T.);
#5363=ORIENTED_EDGE('',*,*,#6080,.T.);
#5364=ORIENTED_EDGE('',*,*,#6024,.F.);
#5365=ORIENTED_EDGE('',*,*,#5819,.F.);
#5366=ORIENTED_EDGE('',*,*,#6110,.T.);
#5367=ORIENTED_EDGE('',*,*,#6687,.T.);
#5368=ORIENTED_EDGE('',*,*,#6688,.T.);
#5369=ORIENTED_EDGE('',*,*,#6139,.T.);
#5370=ORIENTED_EDGE('',*,*,#6083,.F.);
#5371=ORIENTED_EDGE('',*,*,#5813,.F.);
#5372=ORIENTED_EDGE('',*,*,#6169,.T.);
#5373=ORIENTED_EDGE('',*,*,#6692,.T.);
#5374=ORIENTED_EDGE('',*,*,#6693,.T.);
#5375=ORIENTED_EDGE('',*,*,#6198,.T.);
#5376=ORIENTED_EDGE('',*,*,#6142,.F.);
#5377=ORIENTED_EDGE('',*,*,#5807,.F.);
#5378=ORIENTED_EDGE('',*,*,#6785,.T.);
#5379=ORIENTED_EDGE('',*,*,#6298,.T.);
#5380=ORIENTED_EDGE('',*,*,#6631,.T.);
#5381=ORIENTED_EDGE('',*,*,#6659,.T.);
#5382=ORIENTED_EDGE('',*,*,#6729,.T.);
#5383=ORIENTED_EDGE('',*,*,#6725,.T.);
#5384=ORIENTED_EDGE('',*,*,#6605,.F.);
#5385=ORIENTED_EDGE('',*,*,#6292,.T.);
#5386=ORIENTED_EDGE('',*,*,#6572,.T.);
#5387=ORIENTED_EDGE('',*,*,#6600,.T.);
#5388=ORIENTED_EDGE('',*,*,#6724,.T.);
#5389=ORIENTED_EDGE('',*,*,#6720,.T.);
#5390=ORIENTED_EDGE('',*,*,#6546,.F.);
#5391=ORIENTED_EDGE('',*,*,#6286,.T.);
#5392=ORIENTED_EDGE('',*,*,#6513,.T.);
#5393=ORIENTED_EDGE('',*,*,#6541,.T.);
#5394=ORIENTED_EDGE('',*,*,#6719,.T.);
#5395=ORIENTED_EDGE('',*,*,#6715,.T.);
#5396=ORIENTED_EDGE('',*,*,#6487,.F.);
#5397=ORIENTED_EDGE('',*,*,#6280,.T.);
#5398=ORIENTED_EDGE('',*,*,#6454,.T.);
#5399=ORIENTED_EDGE('',*,*,#6482,.T.);
#5400=ORIENTED_EDGE('',*,*,#6714,.T.);
#5401=ORIENTED_EDGE('',*,*,#6710,.T.);
#5402=ORIENTED_EDGE('',*,*,#6428,.F.);
#5403=ORIENTED_EDGE('',*,*,#6274,.T.);
#5404=ORIENTED_EDGE('',*,*,#6395,.T.);
#5405=ORIENTED_EDGE('',*,*,#6423,.T.);
#5406=ORIENTED_EDGE('',*,*,#6709,.T.);
#5407=ORIENTED_EDGE('',*,*,#6705,.T.);
#5408=ORIENTED_EDGE('',*,*,#6369,.F.);
#5409=ORIENTED_EDGE('',*,*,#6268,.T.);
#5410=ORIENTED_EDGE('',*,*,#6336,.T.);
#5411=ORIENTED_EDGE('',*,*,#6364,.T.);
#5412=ORIENTED_EDGE('',*,*,#6704,.T.);
#5413=ORIENTED_EDGE('',*,*,#6700,.T.);
#5414=ORIENTED_EDGE('',*,*,#6310,.F.);
#5415=ORIENTED_EDGE('',*,*,#6262,.T.);
#5416=ORIENTED_EDGE('',*,*,#6234,.T.);
#5417=ORIENTED_EDGE('',*,*,#6305,.T.);
#5418=ORIENTED_EDGE('',*,*,#6699,.T.);
#5419=ORIENTED_EDGE('',*,*,#6695,.T.);
#5420=ORIENTED_EDGE('',*,*,#6207,.F.);
#5421=ORIENTED_EDGE('',*,*,#6302,.T.);
#5422=ORIENTED_EDGE('',*,*,#6754,.T.);
#5423=ORIENTED_EDGE('',*,*,#6730,.T.);
#5424=ORIENTED_EDGE('',*,*,#6786,.T.);
#5425=ORIENTED_EDGE('',*,*,#5803,.F.);
#5426=ORIENTED_EDGE('',*,*,#5771,.T.);
#5427=ORIENTED_EDGE('',*,*,#6662,.T.);
#5428=ORIENTED_EDGE('',*,*,#6663,.T.);
#5429=ORIENTED_EDGE('',*,*,#5844,.T.);
#5430=ORIENTED_EDGE('',*,*,#6764,.T.);
#5431=ORIENTED_EDGE('',*,*,#6776,.T.);
#5432=ORIENTED_EDGE('',*,*,#6761,.T.);
#5433=ORIENTED_EDGE('',*,*,#6749,.T.);
#5434=CARTESIAN_POINT('',(8.89,0.0,-5.44337524274047E-16));
#5435=DIRECTION('',(1.1247455413666E-32,1.0,1.83690953073357E-16));
#5436=DIRECTION('',(-6.12303176911189E-17,1.83690953073357E-16,-1.0));
#5437=ORIENTED_EDGE('',*,*,#6787,.T.);
#5438=ORIENTED_EDGE('',*,*,#6788,.F.);
#5439=ORIENTED_EDGE('',*,*,#6789,.T.);
#5440=ORIENTED_EDGE('',*,*,#5805,.T.);
#5441=CARTESIAN_POINT('',(8.89,0.999999999999999,4.87999999999988));
#5442=DIRECTION('',(0.0,1.0,0.0));
#5443=DIRECTION('',(-6.12303176911189E-17,0.0,-1.0));
#5444=ORIENTED_EDGE('',*,*,#6790,.T.);
#5445=ORIENTED_EDGE('',*,*,#6791,.F.);
#5446=ORIENTED_EDGE('',*,*,#6792,.T.);
#5447=ORIENTED_EDGE('',*,*,#6788,.T.);
#5448=CARTESIAN_POINT('',(8.89,-1.37500000000023,5.07999999999981));
#5449=DIRECTION('',(6.12303176911189E-17,-1.86984930463166E-16,1.0));
#5450=DIRECTION('',(1.14491466957114E-32,1.0,1.86984930463166E-16));
#5451=ORIENTED_EDGE('',*,*,#5758,.T.);
#5452=ORIENTED_EDGE('',*,*,#5750,.T.);
#5453=ORIENTED_EDGE('',*,*,#5766,.T.);
#5454=ORIENTED_EDGE('',*,*,#5787,.T.);
#5455=ORIENTED_EDGE('',*,*,#5862,.T.);
#5456=ORIENTED_EDGE('',*,*,#5854,.T.);
#5457=ORIENTED_EDGE('',*,*,#5870,.T.);
#5458=ORIENTED_EDGE('',*,*,#5888,.T.);
#5459=ORIENTED_EDGE('',*,*,#5921,.T.);
#5460=ORIENTED_EDGE('',*,*,#5913,.T.);
#5461=ORIENTED_EDGE('',*,*,#5929,.T.);
#5462=ORIENTED_EDGE('',*,*,#5947,.T.);
#5463=ORIENTED_EDGE('',*,*,#5980,.T.);
#5464=ORIENTED_EDGE('',*,*,#5972,.T.);
#5465=ORIENTED_EDGE('',*,*,#5988,.T.);
#5466=ORIENTED_EDGE('',*,*,#6006,.T.);
#5467=ORIENTED_EDGE('',*,*,#6039,.T.);
#5468=ORIENTED_EDGE('',*,*,#6031,.T.);
#5469=ORIENTED_EDGE('',*,*,#6047,.T.);
#5470=ORIENTED_EDGE('',*,*,#6065,.T.);
#5471=ORIENTED_EDGE('',*,*,#6098,.T.);
#5472=ORIENTED_EDGE('',*,*,#6090,.T.);
#5473=ORIENTED_EDGE('',*,*,#6106,.T.);
#5474=ORIENTED_EDGE('',*,*,#6124,.T.);
#5475=ORIENTED_EDGE('',*,*,#6157,.T.);
#5476=ORIENTED_EDGE('',*,*,#6149,.T.);
#5477=ORIENTED_EDGE('',*,*,#6165,.T.);
#5478=ORIENTED_EDGE('',*,*,#6183,.T.);
#5479=ORIENTED_EDGE('',*,*,#6793,.T.);
#5480=ORIENTED_EDGE('',*,*,#6794,.F.);
#5481=ORIENTED_EDGE('',*,*,#6795,.T.);
#5482=ORIENTED_EDGE('',*,*,#6791,.T.);
#5483=CARTESIAN_POINT('',(8.89,-3.75000000000023,4.20499999999867));
#5484=DIRECTION('',(-1.5926580849908E-29,-1.0,-2.60109394340413E-13));
#5485=DIRECTION('',(6.12303176911189E-17,-2.60109394340413E-13,1.0));
#5486=ORIENTED_EDGE('',*,*,#6796,.T.);
#5487=ORIENTED_EDGE('',*,*,#6797,.F.);
#5488=ORIENTED_EDGE('',*,*,#6798,.T.);
#5489=ORIENTED_EDGE('',*,*,#6794,.T.);
#5490=CARTESIAN_POINT('',(8.89,-3.92499999999996,3.32999999999765));
#5491=DIRECTION('',(6.12303176911189E-17,6.49639072695117E-13,1.0));
#5492=DIRECTION('',(-3.97776068056859E-29,1.0,-6.49639072695117E-13));
#5493=ORIENTED_EDGE('',*,*,#6799,.T.);
#5494=ORIENTED_EDGE('',*,*,#6800,.F.);
#5495=ORIENTED_EDGE('',*,*,#6801,.T.);
#5496=ORIENTED_EDGE('',*,*,#6797,.T.);
#5497=CARTESIAN_POINT('',(8.89,-4.0999999999998,2.8299999999989));
#5498=DIRECTION('',(-1.39765458288229E-29,-1.0,-2.28261853863451E-13));
#5499=DIRECTION('',(6.12303176911189E-17,-2.28261853863451E-13,1.0));
#5500=ORIENTED_EDGE('',*,*,#6802,.T.);
#5501=ORIENTED_EDGE('',*,*,#6803,.F.);
#5502=ORIENTED_EDGE('',*,*,#6804,.T.);
#5503=ORIENTED_EDGE('',*,*,#6800,.T.);
#5504=CARTESIAN_POINT('',(8.89,-3.92499999999995,2.33000000000004));
#5505=DIRECTION('',(-6.12303176911189E-17,-0.0,-1.0));
#5506=DIRECTION('',(0.0,-1.0,0.0));
#5507=ORIENTED_EDGE('',*,*,#6738,.T.);
#5508=ORIENTED_EDGE('',*,*,#6778,.F.);
#5509=ORIENTED_EDGE('',*,*,#6805,.T.);
#5510=ORIENTED_EDGE('',*,*,#6803,.T.);
#5511=ORIENTED_EDGE('',*,*,#6806,.T.);
#5512=CARTESIAN_POINT('',(8.89,-3.75000000000011,1.62500000000011));
#5513=DIRECTION('',(-9.89315893999306E-30,-1.0,-1.61572882732699E-13));
#5514=DIRECTION('',(6.12303176911189E-17,-1.61572882732699E-13,1.0));
#5515=ORIENTED_EDGE('',*,*,#6760,.T.);
#5516=ORIENTED_EDGE('',*,*,#6807,.F.);
#5517=ORIENTED_EDGE('',*,*,#6808,.T.);
#5518=ORIENTED_EDGE('',*,*,#6752,.T.);
#5519=CARTESIAN_POINT('',(8.89,-3.92499999999984,-2.33000000000027));
#5520=DIRECTION('',(6.12303176911189E-17,-0.0,1.0));
#5521=DIRECTION('',(0.0,1.0,0.0));
#5522=ORIENTED_EDGE('',*,*,#6759,.T.);
#5523=ORIENTED_EDGE('',*,*,#6809,.F.);
#5524=ORIENTED_EDGE('',*,*,#6810,.T.);
#5525=ORIENTED_EDGE('',*,*,#6807,.T.);
#5526=CARTESIAN_POINT('',(8.89,-4.10000000000002,-2.82999999999902));
#5527=DIRECTION('',(4.1712103699259E-29,-1.0,6.812328479117E-13));
#5528=DIRECTION('',(6.12303176911189E-17,6.812328479117E-13,1.0));
#5529=ORIENTED_EDGE('',*,*,#6758,.T.);
#5530=ORIENTED_EDGE('',*,*,#6781,.F.);
#5531=ORIENTED_EDGE('',*,*,#6811,.T.);
#5532=ORIENTED_EDGE('',*,*,#6809,.T.);
#5533=CARTESIAN_POINT('',(8.89,-3.92500000000018,-3.32999999999777));
#5534=DIRECTION('',(-6.12303176911189E-17,-0.0,-1.0));
#5535=DIRECTION('',(0.0,-1.0,0.0));
#5536=ORIENTED_EDGE('',*,*,#6739,.T.);
#5537=ORIENTED_EDGE('',*,*,#6806,.F.);
#5538=ORIENTED_EDGE('',*,*,#6802,.F.);
#5539=ORIENTED_EDGE('',*,*,#6799,.F.);
#5540=ORIENTED_EDGE('',*,*,#6796,.F.);
#5541=ORIENTED_EDGE('',*,*,#6793,.F.);
#5542=ORIENTED_EDGE('',*,*,#6790,.F.);
#5543=ORIENTED_EDGE('',*,*,#6787,.F.);
#5544=ORIENTED_EDGE('',*,*,#5804,.F.);
#5545=ORIENTED_EDGE('',*,*,#6786,.F.);
#5546=CARTESIAN_POINT('',(-8.89,-1.75450665126535,0.0292015024068215));
#5547=DIRECTION('',(-1.0,0.0,6.12303176911189E-17));
#5548=DIRECTION('',(6.12303176911189E-17,0.0,1.0));
#5549=ORIENTED_EDGE('',*,*,#6811,.F.);
#5550=ORIENTED_EDGE('',*,*,#6780,.F.);
#5551=ORIENTED_EDGE('',*,*,#6783,.F.);
#5552=ORIENTED_EDGE('',*,*,#6784,.F.);
#5553=ORIENTED_EDGE('',*,*,#6299,.F.);
#5554=ORIENTED_EDGE('',*,*,#6785,.F.);
#5555=ORIENTED_EDGE('',*,*,#5806,.F.);
#5556=ORIENTED_EDGE('',*,*,#6789,.F.);
#5557=ORIENTED_EDGE('',*,*,#6792,.F.);
#5558=ORIENTED_EDGE('',*,*,#6795,.F.);
#5559=ORIENTED_EDGE('',*,*,#6798,.F.);
#5560=ORIENTED_EDGE('',*,*,#6801,.F.);
#5561=ORIENTED_EDGE('',*,*,#6804,.F.);
#5562=ORIENTED_EDGE('',*,*,#6805,.F.);
#5563=ORIENTED_EDGE('',*,*,#6777,.F.);
#5564=ORIENTED_EDGE('',*,*,#6773,.F.);
#5565=ORIENTED_EDGE('',*,*,#6771,.F.);
#5566=ORIENTED_EDGE('',*,*,#6769,.F.);
#5567=ORIENTED_EDGE('',*,*,#6746,.F.);
#5568=ORIENTED_EDGE('',*,*,#6753,.F.);
#5569=ORIENTED_EDGE('',*,*,#6808,.F.);
#5570=ORIENTED_EDGE('',*,*,#6810,.F.);
#5571=CARTESIAN_POINT('',(8.89,-1.75450665126535,0.0292015024068204));
#5572=DIRECTION('',(-1.0,0.0,6.12303176911189E-17));
#5573=DIRECTION('',(6.12303176911189E-17,0.0,1.0));
#5574=EDGE_LOOP('',(#6812,#6813,#6814,#6815));
#5575=AXIS2_PLACEMENT_3D('',#6816,#6817,#6818);
#5576=EDGE_LOOP('',(#6819,#6820,#6821,#6822));
#5577=AXIS2_PLACEMENT_3D('',#6823,#6824,#6825);
#5578=EDGE_LOOP('',(#6826,#6827,#6828,#6829));
#5579=AXIS2_PLACEMENT_3D('',#6830,#6831,#6832);
#5580=EDGE_LOOP('',(#6833,#6834,#6835,#6836));
#5581=AXIS2_PLACEMENT_3D('',#6837,#6838,#6839);
#5582=EDGE_LOOP('',(#6840,#6841,#6842,#6843));
#5583=AXIS2_PLACEMENT_3D('',#6844,#6845,#6846);
#5584=EDGE_LOOP('',(#6847,#6848,#6849,#6850));
#5585=AXIS2_PLACEMENT_3D('',#6851,#6852,#6853);
#5586=EDGE_LOOP('',(#6854,#6855,#6856,#6857));
#5587=AXIS2_PLACEMENT_3D('',#6858,#6859,#6860);
#5588=EDGE_LOOP('',(#6861,#6862,#6863,#6864));
#5589=AXIS2_PLACEMENT_3D('',#6865,#6866,#6867);
#5590=EDGE_LOOP('',(#6868,#6869,#6870,#6871));
#5591=AXIS2_PLACEMENT_3D('',#6872,#6873,#6874);
#5592=EDGE_LOOP('',(#6875,#6876,#6877,#6878));
#5593=AXIS2_PLACEMENT_3D('',#6879,#6880,#6881);
#5594=EDGE_LOOP('',(#6882,#6883,#6884,#6885));
#5595=AXIS2_PLACEMENT_3D('',#6886,#6887,#6888);
#5596=EDGE_LOOP('',(#6889,#6890,#6891,#6892));
#5597=AXIS2_PLACEMENT_3D('',#6893,#6894,#6895);
#5598=EDGE_LOOP('',(#6896,#6897,#6898,#6899));
#5599=AXIS2_PLACEMENT_3D('',#6900,#6901,#6902);
#5600=EDGE_LOOP('',(#6903,#6904,#6905,#6906));
#5601=AXIS2_PLACEMENT_3D('',#6907,#6908,#6909);
#5602=EDGE_LOOP('',(#6910,#6911,#6912,#6913));
#5603=AXIS2_PLACEMENT_3D('',#6914,#6915,#6916);
#5604=EDGE_LOOP('',(#6917,#6918,#6919,#6920));
#5605=AXIS2_PLACEMENT_3D('',#6921,#6922,#6923);
#5606=EDGE_LOOP('',(#6924,#6925,#6926,#6927));
#5607=AXIS2_PLACEMENT_3D('',#6928,#6929,#6930);
#5608=EDGE_LOOP('',(#6931,#6932,#6933,#6934));
#5609=AXIS2_PLACEMENT_3D('',#6935,#6936,#6937);
#5610=EDGE_LOOP('',(#6938,#6939,#6940,#6941));
#5611=AXIS2_PLACEMENT_3D('',#6942,#6943,#6944);
#5612=EDGE_LOOP('',(#6945,#6946,#6947,#6948));
#5613=AXIS2_PLACEMENT_3D('',#6949,#6950,#6951);
#5614=EDGE_LOOP('',(#6952,#6953,#6954,#6955));
#5615=AXIS2_PLACEMENT_3D('',#6956,#6957,#6958);
#5616=EDGE_LOOP('',(#6959,#6960,#6961,#6962));
#5617=AXIS2_PLACEMENT_3D('',#6963,#6964,#6965);
#5618=EDGE_LOOP('',(#6966,#6967,#6968,#6969));
#5619=AXIS2_PLACEMENT_3D('',#6970,#6971,#6972);
#5620=EDGE_LOOP('',(#6973,#6974,#6975,#6976));
#5621=AXIS2_PLACEMENT_3D('',#6977,#6978,#6979);
#5622=EDGE_LOOP('',(#6980,#6981,#6982,#6983));
#5623=AXIS2_PLACEMENT_3D('',#6984,#6985,#6986);
#5624=EDGE_LOOP('',(#6987,#6988,#6989,#6990));
#5625=AXIS2_PLACEMENT_3D('',#6991,#6992,#6993);
#5626=EDGE_LOOP('',(#6994,#6995,#6996,#6997));
#5627=AXIS2_PLACEMENT_3D('',#6998,#6999,#7000);
#5628=EDGE_LOOP('',(#7001,#7002,#7003,#7004));
#5629=AXIS2_PLACEMENT_3D('',#7005,#7006,#7007);
#5630=EDGE_LOOP('',(#7008,#7009,#7010,#7011));
#5631=AXIS2_PLACEMENT_3D('',#7012,#7013,#7014);
#5632=EDGE_LOOP('',(#7015,#7016,#7017,#7018));
#5633=AXIS2_PLACEMENT_3D('',#7019,#7020,#7021);
#5634=EDGE_LOOP('',(#7022,#7023,#7024,#7025));
#5635=AXIS2_PLACEMENT_3D('',#7026,#7027,#7028);
#5636=EDGE_LOOP('',(#7029,#7030,#7031,#7032));
#5637=AXIS2_PLACEMENT_3D('',#7033,#7034,#7035);
#5638=EDGE_LOOP('',(#7036,#7037,#7038,#7039));
#5639=AXIS2_PLACEMENT_3D('',#7040,#7041,#7042);
#5640=EDGE_LOOP('',(#7043,#7044,#7045,#7046));
#5641=AXIS2_PLACEMENT_3D('',#7047,#7048,#7049);
#5642=EDGE_LOOP('',(#7050,#7051,#7052,#7053));
#5643=AXIS2_PLACEMENT_3D('',#7054,#7055,#7056);
#5644=EDGE_LOOP('',(#7057,#7058,#7059,#7060));
#5645=AXIS2_PLACEMENT_3D('',#7061,#7062,#7063);
#5646=EDGE_LOOP('',(#7064,#7065,#7066,#7067));
#5647=AXIS2_PLACEMENT_3D('',#7068,#7069,#7070);
#5648=EDGE_LOOP('',(#7071,#7072,#7073,#7074));
#5649=AXIS2_PLACEMENT_3D('',#7075,#7076,#7077);
#5650=EDGE_LOOP('',(#7078,#7079,#7080,#7081));
#5651=AXIS2_PLACEMENT_3D('',#7082,#7083,#7084);
#5652=EDGE_LOOP('',(#7085,#7086,#7087,#7088));
#5653=AXIS2_PLACEMENT_3D('',#7089,#7090,#7091);
#5654=EDGE_LOOP('',(#7092,#7093,#7094,#7095));
#5655=AXIS2_PLACEMENT_3D('',#7096,#7097,#7098);
#5656=EDGE_LOOP('',(#7099,#7100,#7101,#7102));
#5657=AXIS2_PLACEMENT_3D('',#7103,#7104,#7105);
#5658=EDGE_LOOP('',(#7106,#7107,#7108,#7109));
#5659=AXIS2_PLACEMENT_3D('',#7110,#7111,#7112);
#5660=EDGE_LOOP('',(#7113,#7114,#7115,#7116));
#5661=AXIS2_PLACEMENT_3D('',#7117,#7118,#7119);
#5662=EDGE_LOOP('',(#7120,#7121,#7122,#7123));
#5663=AXIS2_PLACEMENT_3D('',#7124,#7125,#7126);
#5664=EDGE_LOOP('',(#7127,#7128,#7129,#7130));
#5665=AXIS2_PLACEMENT_3D('',#7131,#7132,#7133);
#5666=EDGE_LOOP('',(#7134,#7135,#7136,#7137));
#5667=AXIS2_PLACEMENT_3D('',#7138,#7139,#7140);
#5668=EDGE_LOOP('',(#7141,#7142,#7143,#7144));
#5669=AXIS2_PLACEMENT_3D('',#7145,#7146,#7147);
#5670=EDGE_LOOP('',(#7148,#7149,#7150,#7151));
#5671=AXIS2_PLACEMENT_3D('',#7152,#7153,#7154);
#5672=EDGE_LOOP('',(#7155,#7156,#7157,#7158));
#5673=AXIS2_PLACEMENT_3D('',#7159,#7160,#7161);
#5674=EDGE_LOOP('',(#7162,#7163,#7164,#7165));
#5675=AXIS2_PLACEMENT_3D('',#7166,#7167,#7168);
#5676=EDGE_LOOP('',(#7169,#7170,#7171,#7172));
#5677=AXIS2_PLACEMENT_3D('',#7173,#7174,#7175);
#5678=EDGE_LOOP('',(#7176,#7177,#7178,#7179));
#5679=AXIS2_PLACEMENT_3D('',#7180,#7181,#7182);
#5680=EDGE_LOOP('',(#7183,#7184,#7185,#7186));
#5681=AXIS2_PLACEMENT_3D('',#7187,#7188,#7189);
#5682=EDGE_LOOP('',(#7190,#7191,#7192,#7193));
#5683=AXIS2_PLACEMENT_3D('',#7194,#7195,#7196);
#5684=EDGE_LOOP('',(#7197,#7198,#7199,#7200));
#5685=AXIS2_PLACEMENT_3D('',#7201,#7202,#7203);
#5686=EDGE_LOOP('',(#7204,#7205,#7206,#7207));
#5687=AXIS2_PLACEMENT_3D('',#7208,#7209,#7210);
#5688=EDGE_LOOP('',(#7211,#7212,#7213,#7214));
#5689=AXIS2_PLACEMENT_3D('',#7215,#7216,#7217);
#5690=EDGE_LOOP('',(#7218,#7219,#7220,#7221));
#5691=AXIS2_PLACEMENT_3D('',#7222,#7223,#7224);
#5692=EDGE_LOOP('',(#7225,#7226,#7227,#7228));
#5693=AXIS2_PLACEMENT_3D('',#7229,#7230,#7231);
#5694=EDGE_LOOP('',(#7232,#7233,#7234,#7235));
#5695=AXIS2_PLACEMENT_3D('',#7236,#7237,#7238);
#5696=EDGE_LOOP('',(#7239,#7240,#7241,#7242));
#5697=AXIS2_PLACEMENT_3D('',#7243,#7244,#7245);
#5698=EDGE_LOOP('',(#7246,#7247,#7248,#7249));
#5699=AXIS2_PLACEMENT_3D('',#7250,#7251,#7252);
#5700=EDGE_LOOP('',(#7253,#7254,#7255,#7256));
#5701=AXIS2_PLACEMENT_3D('',#7257,#7258,#7259);
#5702=EDGE_LOOP('',(#7260,#7261,#7262,#7263));
#5703=AXIS2_PLACEMENT_3D('',#7264,#7265,#7266);
#5704=EDGE_LOOP('',(#7267,#7268,#7269,#7270));
#5705=AXIS2_PLACEMENT_3D('',#7271,#7272,#7273);
#5706=EDGE_LOOP('',(#7274,#7275,#7276,#7277));
#5707=AXIS2_PLACEMENT_3D('',#7278,#7279,#7280);
#5708=EDGE_LOOP('',(#7281,#7282,#7283,#7284));
#5709=AXIS2_PLACEMENT_3D('',#7285,#7286,#7287);
#5710=EDGE_LOOP('',(#7288,#7289,#7290,#7291));
#5711=AXIS2_PLACEMENT_3D('',#7292,#7293,#7294);
#5712=EDGE_LOOP('',(#7295,#7296,#7297,#7298));
#5713=AXIS2_PLACEMENT_3D('',#7299,#7300,#7301);
#5714=EDGE_LOOP('',(#7302,#7303,#7304,#7305));
#5715=AXIS2_PLACEMENT_3D('',#7306,#7307,#7308);
#5716=EDGE_LOOP('',(#7309,#7310,#7311,#7312));
#5717=AXIS2_PLACEMENT_3D('',#7313,#7314,#7315);
#5718=EDGE_LOOP('',(#7316,#7317,#7318,#7319));
#5719=AXIS2_PLACEMENT_3D('',#7320,#7321,#7322);
#5720=EDGE_LOOP('',(#7323,#7324,#7325,#7326));
#5721=AXIS2_PLACEMENT_3D('',#7327,#7328,#7329);
#5722=EDGE_LOOP('',(#7330,#7331,#7332,#7333));
#5723=AXIS2_PLACEMENT_3D('',#7334,#7335,#7336);
#5724=EDGE_LOOP('',(#7337,#7338,#7339,#7340));
#5725=AXIS2_PLACEMENT_3D('',#7341,#7342,#7343);
#5726=EDGE_LOOP('',(#7344,#7345,#7346,#7347));
#5727=AXIS2_PLACEMENT_3D('',#7348,#7349,#7350);
#5728=EDGE_LOOP('',(#7351,#7352,#7353,#7354));
#5729=AXIS2_PLACEMENT_3D('',#7355,#7356,#7357);
#5730=EDGE_LOOP('',(#7358,#7359,#7360,#7361));
#5731=AXIS2_PLACEMENT_3D('',#7362,#7363,#7364);
#5732=EDGE_LOOP('',(#7365,#7366,#7367,#7368));
#5733=AXIS2_PLACEMENT_3D('',#7369,#7370,#7371);
#5734=EDGE_LOOP('',(#7372,#7373,#7374,#7375));
#5735=AXIS2_PLACEMENT_3D('',#7376,#7377,#7378);
#5736=EDGE_LOOP('',(#7379,#7380,#7381,#7382));
#5737=AXIS2_PLACEMENT_3D('',#7383,#7384,#7385);
#5738=EDGE_LOOP('',(#7386,#7387,#7388,#7389));
#5739=AXIS2_PLACEMENT_3D('',#7390,#7391,#7392);
#5740=EDGE_LOOP('',(#7393,#7394,#7395,#7396));
#5741=AXIS2_PLACEMENT_3D('',#7397,#7398,#7399);
#5742=EDGE_CURVE('',#7400,#7401,#7402,.T.);
#5743=EDGE_CURVE('',#7400,#7403,#7404,.T.);
#5744=EDGE_CURVE('',#7403,#7405,#7406,.T.);
#5745=EDGE_CURVE('',#7401,#7405,#7407,.T.);
#5746=EDGE_CURVE('',#7408,#7409,#7410,.T.);
#5747=EDGE_CURVE('',#7411,#7408,#7412,.T.);
#5748=EDGE_CURVE('',#7411,#7413,#7414,.T.);
#5749=EDGE_CURVE('',#7409,#7413,#7415,.T.);
#5750=EDGE_CURVE('',#7416,#7417,#7418,.T.);
#5751=EDGE_CURVE('',#7419,#7416,#7420,.T.);
#5752=EDGE_CURVE('',#7421,#7419,#7422,.T.);
#5753=EDGE_CURVE('',#7423,#7421,#7424,.T.);
#5754=EDGE_CURVE('',#7423,#7425,#7426,.T.);
#5755=EDGE_CURVE('',#7427,#7425,#7428,.T.);
#5756=EDGE_CURVE('',#7429,#7427,#7430,.T.);
#5757=EDGE_CURVE('',#7417,#7429,#7431,.T.);
#5758=EDGE_CURVE('',#7432,#7416,#7433,.T.);
#5759=EDGE_CURVE('',#7432,#7434,#7435,.T.);
#5760=EDGE_CURVE('',#7419,#7434,#7436,.T.);
#5761=EDGE_CURVE('',#7425,#7437,#7438,.T.);
#5762=EDGE_CURVE('',#7437,#7439,#7440,.T.);
#5763=EDGE_CURVE('',#7427,#7439,#7441,.T.);
#5764=EDGE_CURVE('',#7439,#7442,#7443,.T.);
#5765=EDGE_CURVE('',#7429,#7442,#7444,.T.);
#5766=EDGE_CURVE('',#7417,#7445,#7446,.T.);
#5767=EDGE_CURVE('',#7442,#7445,#7447,.T.);
#5768=EDGE_CURVE('',#7448,#7449,#7450,.T.);
#5769=EDGE_CURVE('',#7448,#7451,#7452,.T.);
#5770=EDGE_CURVE('',#7451,#7453,#7454,.T.);
#5771=EDGE_CURVE('',#7449,#7453,#7455,.T.);
#5772=EDGE_CURVE('',#7456,#7448,#7457,.T.);
#5773=EDGE_CURVE('',#7456,#7458,#7459,.T.);
#5774=EDGE_CURVE('',#7458,#7460,#7461,.T.);
#5775=EDGE_CURVE('',#7460,#7451,#7462,.T.);
#5776=EDGE_CURVE('',#7458,#7463,#7464,.T.);
#5777=EDGE_CURVE('',#7463,#7465,#7466,.T.);
#5778=EDGE_CURVE('',#7465,#7460,#7467,.T.);
#5779=EDGE_CURVE('',#7401,#7468,#7469,.T.);
#5780=EDGE_CURVE('',#7405,#7465,#7470,.T.);
#5781=EDGE_CURVE('',#7463,#7468,#7471,.T.);
#5782=EDGE_CURVE('',#7434,#7472,#7473,.T.);
#5783=EDGE_CURVE('',#7421,#7472,#7474,.T.);
#5784=EDGE_CURVE('',#7472,#7475,#7476,.T.);
#5785=EDGE_CURVE('',#7475,#7423,#7477,.T.);
#5786=EDGE_CURVE('',#7475,#7437,#7478,.T.);
#5787=EDGE_CURVE('',#7445,#7432,#7479,.T.);
#5788=EDGE_CURVE('',#7480,#7403,#7481,.T.);
#5789=EDGE_CURVE('',#7482,#7480,#7483,.T.);
#5790=EDGE_CURVE('',#7453,#7482,#7484,.T.);
#5791=EDGE_CURVE('',#7485,#7411,#7486,.T.);
#5792=EDGE_CURVE('',#7485,#7487,#7488,.T.);
#5793=EDGE_CURVE('',#7413,#7487,#7489,.T.);
#5794=EDGE_CURVE('',#7490,#7485,#7491,.T.);
#5795=EDGE_CURVE('',#7490,#7492,#7493,.T.);
#5796=EDGE_CURVE('',#7487,#7492,#7494,.T.);
#5797=EDGE_CURVE('',#7495,#7490,#7496,.T.);
#5798=EDGE_CURVE('',#7495,#7497,#7498,.T.);
#5799=EDGE_CURVE('',#7492,#7497,#7499,.T.);
#5800=EDGE_CURVE('',#7482,#7495,#7500,.T.);
#5801=EDGE_CURVE('',#7497,#7480,#7501,.T.);
#5802=EDGE_CURVE('',#7468,#7456,#7502,.T.);
#5803=EDGE_CURVE('',#7449,#7503,#7504,.T.);
#5804=EDGE_CURVE('',#7503,#7505,#7506,.T.);
#5805=EDGE_CURVE('',#7507,#7505,#7508,.T.);
#5806=EDGE_CURVE('',#7507,#7509,#7510,.T.);
#5807=EDGE_CURVE('',#7509,#7511,#7512,.T.);
#5808=EDGE_CURVE('',#7511,#7513,#7514,.T.);
#5809=EDGE_CURVE('',#7513,#7515,#7516,.T.);
#5810=EDGE_CURVE('',#7515,#7517,#7518,.T.);
#5811=EDGE_CURVE('',#7517,#7519,#7520,.T.);
#5812=EDGE_CURVE('',#7519,#7521,#7522,.T.);
#5813=EDGE_CURVE('',#7521,#7523,#7524,.T.);
#5814=EDGE_CURVE('',#7523,#7525,#7526,.T.);
#5815=EDGE_CURVE('',#7525,#7527,#7528,.T.);
#5816=EDGE_CURVE('',#7527,#7529,#7530,.T.);
#5817=EDGE_CURVE('',#7529,#7531,#7532,.T.);
#5818=EDGE_CURVE('',#7531,#7533,#7534,.T.);
#5819=EDGE_CURVE('',#7533,#7535,#7536,.T.);
#5820=EDGE_CURVE('',#7535,#7537,#7538,.T.);
#5821=EDGE_CURVE('',#7537,#7539,#7540,.T.);
#5822=EDGE_CURVE('',#7539,#7541,#7542,.T.);
#5823=EDGE_CURVE('',#7541,#7543,#7544,.T.);
#5824=EDGE_CURVE('',#7543,#7545,#7546,.T.);
#5825=EDGE_CURVE('',#7545,#7547,#7548,.T.);
#5826=EDGE_CURVE('',#7547,#7549,#7550,.T.);
#5827=EDGE_CURVE('',#7549,#7551,#7552,.T.);
#5828=EDGE_CURVE('',#7551,#7553,#7554,.T.);
#5829=EDGE_CURVE('',#7553,#7555,#7556,.T.);
#5830=EDGE_CURVE('',#7555,#7557,#7558,.T.);
#5831=EDGE_CURVE('',#7557,#7559,#7560,.T.);
#5832=EDGE_CURVE('',#7559,#7561,#7562,.T.);
#5833=EDGE_CURVE('',#7561,#7563,#7564,.T.);
#5834=EDGE_CURVE('',#7563,#7565,#7566,.T.);
#5835=EDGE_CURVE('',#7565,#7567,#7568,.T.);
#5836=EDGE_CURVE('',#7567,#7569,#7570,.T.);
#5837=EDGE_CURVE('',#7569,#7571,#7572,.T.);
#5838=EDGE_CURVE('',#7571,#7573,#7574,.T.);
#5839=EDGE_CURVE('',#7573,#7575,#7576,.T.);
#5840=EDGE_CURVE('',#7575,#7577,#7578,.T.);
#5841=EDGE_CURVE('',#7577,#7579,#7580,.T.);
#5842=EDGE_CURVE('',#7579,#7581,#7582,.T.);
#5843=EDGE_CURVE('',#7581,#7400,#7583,.T.);
#5844=EDGE_CURVE('',#7584,#7403,#7585,.T.);
#5845=EDGE_CURVE('',#7586,#7584,#7587,.T.);
#5846=EDGE_CURVE('',#7409,#7586,#7588,.T.);
#5847=EDGE_CURVE('',#7571,#7589,#7590,.T.);
#5848=EDGE_CURVE('',#7589,#7591,#7592,.T.);
#5849=EDGE_CURVE('',#7573,#7591,#7593,.T.);
#5850=EDGE_CURVE('',#7594,#7595,#7596,.T.);
#5851=EDGE_CURVE('',#7597,#7594,#7598,.T.);
#5852=EDGE_CURVE('',#7597,#7599,#7600,.T.);
#5853=EDGE_CURVE('',#7595,#7599,#7601,.T.);
#5854=EDGE_CURVE('',#7602,#7603,#7604,.T.);
#5855=EDGE_CURVE('',#7605,#7602,#7606,.T.);
#5856=EDGE_CURVE('',#7607,#7605,#7608,.T.);
#5857=EDGE_CURVE('',#7609,#7607,#7610,.T.);
#5858=EDGE_CURVE('',#7609,#7611,#7612,.T.);
#5859=EDGE_CURVE('',#7613,#7611,#7614,.T.);
#5860=EDGE_CURVE('',#7615,#7613,#7616,.T.);
#5861=EDGE_CURVE('',#7603,#7615,#7617,.T.);
#5862=EDGE_CURVE('',#7618,#7602,#7619,.T.);
#5863=EDGE_CURVE('',#7618,#7620,#7621,.T.);
#5864=EDGE_CURVE('',#7605,#7620,#7622,.T.);
#5865=EDGE_CURVE('',#7611,#7623,#7624,.T.);
#5866=EDGE_CURVE('',#7623,#7625,#7626,.T.);
#5867=EDGE_CURVE('',#7613,#7625,#7627,.T.);
#5868=EDGE_CURVE('',#7625,#7628,#7629,.T.);
#5869=EDGE_CURVE('',#7615,#7628,#7630,.T.);
#5870=EDGE_CURVE('',#7603,#7631,#7632,.T.);
#5871=EDGE_CURVE('',#7628,#7631,#7633,.T.);
#5872=EDGE_CURVE('',#7579,#7634,#7635,.T.);
#5873=EDGE_CURVE('',#7634,#7636,#7637,.T.);
#5874=EDGE_CURVE('',#7581,#7636,#7638,.T.);
#5875=EDGE_CURVE('',#7577,#7639,#7640,.T.);
#5876=EDGE_CURVE('',#7639,#7641,#7642,.T.);
#5877=EDGE_CURVE('',#7641,#7634,#7643,.T.);
#5878=EDGE_CURVE('',#7639,#7644,#7645,.T.);
#5879=EDGE_CURVE('',#7644,#7646,#7647,.T.);
#5880=EDGE_CURVE('',#7646,#7641,#7648,.T.);
#5881=EDGE_CURVE('',#7591,#7646,#7649,.T.);
#5882=EDGE_CURVE('',#7644,#7575,#7650,.T.);
#5883=EDGE_CURVE('',#7620,#7651,#7652,.T.);
#5884=EDGE_CURVE('',#7607,#7651,#7653,.T.);
#5885=EDGE_CURVE('',#7651,#7654,#7655,.T.);
#5886=EDGE_CURVE('',#7654,#7609,#7656,.T.);
#5887=EDGE_CURVE('',#7654,#7623,#7657,.T.);
#5888=EDGE_CURVE('',#7631,#7618,#7658,.T.);
#5889=EDGE_CURVE('',#7659,#7589,#7660,.T.);
#5890=EDGE_CURVE('',#7661,#7659,#7662,.T.);
#5891=EDGE_CURVE('',#7636,#7661,#7663,.T.);
#5892=EDGE_CURVE('',#7664,#7597,#7665,.T.);
#5893=EDGE_CURVE('',#7664,#7666,#7667,.T.);
#5894=EDGE_CURVE('',#7599,#7666,#7668,.T.);
#5895=EDGE_CURVE('',#7669,#7664,#7670,.T.);
#5896=EDGE_CURVE('',#7669,#7671,#7672,.T.);
#5897=EDGE_CURVE('',#7666,#7671,#7673,.T.);
#5898=EDGE_CURVE('',#7674,#7669,#7675,.T.);
#5899=EDGE_CURVE('',#7674,#7676,#7677,.T.);
#5900=EDGE_CURVE('',#7671,#7676,#7678,.T.);
#5901=EDGE_CURVE('',#7661,#7674,#7679,.T.);
#5902=EDGE_CURVE('',#7676,#7659,#7680,.T.);
#5903=EDGE_CURVE('',#7681,#7589,#7682,.T.);
#5904=EDGE_CURVE('',#7683,#7681,#7684,.T.);
#5905=EDGE_CURVE('',#7595,#7683,#7685,.T.);
#5906=EDGE_CURVE('',#7559,#7686,#7687,.T.);
#5907=EDGE_CURVE('',#7686,#7688,#7689,.T.);
#5908=EDGE_CURVE('',#7561,#7688,#7690,.T.);
#5909=EDGE_CURVE('',#7691,#7692,#7693,.T.);
#5910=EDGE_CURVE('',#7694,#7691,#7695,.T.);
#5911=EDGE_CURVE('',#7694,#7696,#7697,.T.);
#5912=EDGE_CURVE('',#7692,#7696,#7698,.T.);
#5913=EDGE_CURVE('',#7699,#7700,#7701,.T.);
#5914=EDGE_CURVE('',#7702,#7699,#7703,.T.);
#5915=EDGE_CURVE('',#7704,#7702,#7705,.T.);
#5916=EDGE_CURVE('',#7706,#7704,#7707,.T.);
#5917=EDGE_CURVE('',#7706,#7708,#7709,.T.);
#5918=EDGE_CURVE('',#7710,#7708,#7711,.T.);
#5919=EDGE_CURVE('',#7712,#7710,#7713,.T.);
#5920=EDGE_CURVE('',#7700,#7712,#7714,.T.);
#5921=EDGE_CURVE('',#7715,#7699,#7716,.T.);
#5922=EDGE_CURVE('',#7715,#7717,#7718,.T.);
#5923=EDGE_CURVE('',#7702,#7717,#7719,.T.);
#5924=EDGE_CURVE('',#7708,#7720,#7721,.T.);
#5925=EDGE_CURVE('',#7720,#7722,#7723,.T.);
#5926=EDGE_CURVE('',#7710,#7722,#7724,.T.);
#5927=EDGE_CURVE('',#7722,#7725,#7726,.T.);
#5928=EDGE_CURVE('',#7712,#7725,#7727,.T.);
#5929=EDGE_CURVE('',#7700,#7728,#7729,.T.);
#5930=EDGE_CURVE('',#7725,#7728,#7730,.T.);
#5931=EDGE_CURVE('',#7567,#7731,#7732,.T.);
#5932=EDGE_CURVE('',#7731,#7733,#7734,.T.);
#5933=EDGE_CURVE('',#7569,#7733,#7735,.T.);
#5934=EDGE_CURVE('',#7565,#7736,#7737,.T.);
#5935=EDGE_CURVE('',#7736,#7738,#7739,.T.);
#5936=EDGE_CURVE('',#7738,#7731,#7740,.T.);
#5937=EDGE_CURVE('',#7736,#7741,#7742,.T.);
#5938=EDGE_CURVE('',#7741,#7743,#7744,.T.);
#5939=EDGE_CURVE('',#7743,#7738,#7745,.T.);
#5940=EDGE_CURVE('',#7688,#7743,#7746,.T.);
#5941=EDGE_CURVE('',#7741,#7563,#7747,.T.);
#5942=EDGE_CURVE('',#7717,#7748,#7749,.T.);
#5943=EDGE_CURVE('',#7704,#7748,#7750,.T.);
#5944=EDGE_CURVE('',#7748,#7751,#7752,.T.);
#5945=EDGE_CURVE('',#7751,#7706,#7753,.T.);
#5946=EDGE_CURVE('',#7751,#7720,#7754,.T.);
#5947=EDGE_CURVE('',#7728,#7715,#7755,.T.);
#5948=EDGE_CURVE('',#7756,#7686,#7757,.T.);
#5949=EDGE_CURVE('',#7758,#7756,#7759,.T.);
#5950=EDGE_CURVE('',#7733,#7758,#7760,.T.);
#5951=EDGE_CURVE('',#7761,#7694,#7762,.T.);
#5952=EDGE_CURVE('',#7761,#7763,#7764,.T.);
#5953=EDGE_CURVE('',#7696,#7763,#7765,.T.);
#5954=EDGE_CURVE('',#7766,#7761,#7767,.T.);
#5955=EDGE_CURVE('',#7766,#7768,#7769,.T.);
#5956=EDGE_CURVE('',#7763,#7768,#7770,.T.);
#5957=EDGE_CURVE('',#7771,#7766,#7772,.T.);
#5958=EDGE_CURVE('',#7771,#7773,#7774,.T.);
#5959=EDGE_CURVE('',#7768,#7773,#7775,.T.);
#5960=EDGE_CURVE('',#7758,#7771,#7776,.T.);
#5961=EDGE_CURVE('',#7773,#7756,#7777,.T.);
#5962=EDGE_CURVE('',#7778,#7686,#7779,.T.);
#5963=EDGE_CURVE('',#7780,#7778,#7781,.T.);
#5964=EDGE_CURVE('',#7692,#7780,#7782,.T.);
#5965=EDGE_CURVE('',#7547,#7783,#7784,.T.);
#5966=EDGE_CURVE('',#7783,#7785,#7786,.T.);
#5967=EDGE_CURVE('',#7549,#7785,#7787,.T.);
#5968=EDGE_CURVE('',#7788,#7789,#7790,.T.);
#5969=EDGE_CURVE('',#7791,#7788,#7792,.T.);
#5970=EDGE_CURVE('',#7791,#7793,#7794,.T.);
#5971=EDGE_CURVE('',#7789,#7793,#7795,.T.);
#5972=EDGE_CURVE('',#7796,#7797,#7798,.T.);
#5973=EDGE_CURVE('',#7799,#7796,#7800,.T.);
#5974=EDGE_CURVE('',#7801,#7799,#7802,.T.);
#5975=EDGE_CURVE('',#7803,#7801,#7804,.T.);
#5976=EDGE_CURVE('',#7803,#7805,#7806,.T.);
#5977=EDGE_CURVE('',#7807,#7805,#7808,.T.);
#5978=EDGE_CURVE('',#7809,#7807,#7810,.T.);
#5979=EDGE_CURVE('',#7797,#7809,#7811,.T.);
#5980=EDGE_CURVE('',#7812,#7796,#7813,.T.);
#5981=EDGE_CURVE('',#7812,#7814,#7815,.T.);
#5982=EDGE_CURVE('',#7799,#7814,#7816,.T.);
#5983=EDGE_CURVE('',#7805,#7817,#7818,.T.);
#5984=EDGE_CURVE('',#7817,#7819,#7820,.T.);
#5985=EDGE_CURVE('',#7807,#7819,#7821,.T.);
#5986=EDGE_CURVE('',#7819,#7822,#7823,.T.);
#5987=EDGE_CURVE('',#7809,#7822,#7824,.T.);
#5988=EDGE_CURVE('',#7797,#7825,#7826,.T.);
#5989=EDGE_CURVE('',#7822,#7825,#7827,.T.);
#5990=EDGE_CURVE('',#7555,#7828,#7829,.T.);
#5991=EDGE_CURVE('',#7828,#7830,#7831,.T.);
#5992=EDGE_CURVE('',#7557,#7830,#7832,.T.);
#5993=EDGE_CURVE('',#7553,#7833,#7834,.T.);
#5994=EDGE_CURVE('',#7833,#7835,#7836,.T.);
#5995=EDGE_CURVE('',#7835,#7828,#7837,.T.);
#5996=EDGE_CURVE('',#7833,#7838,#7839,.T.);
#5997=EDGE_CURVE('',#7838,#7840,#7841,.T.);
#5998=EDGE_CURVE('',#7840,#7835,#7842,.T.);
#5999=EDGE_CURVE('',#7785,#7840,#7843,.T.);
#6000=EDGE_CURVE('',#7838,#7551,#7844,.T.);
#6001=EDGE_CURVE('',#7814,#7845,#7846,.T.);
#6002=EDGE_CURVE('',#7801,#7845,#7847,.T.);
#6003=EDGE_CURVE('',#7845,#7848,#7849,.T.);
#6004=EDGE_CURVE('',#7848,#7803,#7850,.T.);
#6005=EDGE_CURVE('',#7848,#7817,#7851,.T.);
#6006=EDGE_CURVE('',#7825,#7812,#7852,.T.);
#6007=EDGE_CURVE('',#7853,#7783,#7854,.T.);
#6008=EDGE_CURVE('',#7855,#7853,#7856,.T.);
#6009=EDGE_CURVE('',#7830,#7855,#7857,.T.);
#6010=EDGE_CURVE('',#7858,#7791,#7859,.T.);
#6011=EDGE_CURVE('',#7858,#7860,#7861,.T.);
#6012=EDGE_CURVE('',#7793,#7860,#7862,.T.);
#6013=EDGE_CURVE('',#7863,#7858,#7864,.T.);
#6014=EDGE_CURVE('',#7863,#7865,#7866,.T.);
#6015=EDGE_CURVE('',#7860,#7865,#7867,.T.);
#6016=EDGE_CURVE('',#7868,#7863,#7869,.T.);
#6017=EDGE_CURVE('',#7868,#7870,#7871,.T.);
#6018=EDGE_CURVE('',#7865,#7870,#7872,.T.);
#6019=EDGE_CURVE('',#7855,#7868,#7873,.T.);
#6020=EDGE_CURVE('',#7870,#7853,#7874,.T.);
#6021=EDGE_CURVE('',#7875,#7783,#7876,.T.);
#6022=EDGE_CURVE('',#7877,#7875,#7878,.T.);
#6023=EDGE_CURVE('',#7789,#7877,#7879,.T.);
#6024=EDGE_CURVE('',#7535,#7880,#7881,.T.);
#6025=EDGE_CURVE('',#7880,#7882,#7883,.T.);
#6026=EDGE_CURVE('',#7537,#7882,#7884,.T.);
#6027=EDGE_CURVE('',#7885,#7886,#7887,.T.);
#6028=EDGE_CURVE('',#7888,#7885,#7889,.T.);
#6029=EDGE_CURVE('',#7888,#7890,#7891,.T.);
#6030=EDGE_CURVE('',#7886,#7890,#7892,.T.);
#6031=EDGE_CURVE('',#7893,#7894,#7895,.T.);
#6032=EDGE_CURVE('',#7896,#7893,#7897,.T.);
#6033=EDGE_CURVE('',#7898,#7896,#7899,.T.);
#6034=EDGE_CURVE('',#7900,#7898,#7901,.T.);
#6035=EDGE_CURVE('',#7900,#7902,#7903,.T.);
#6036=EDGE_CURVE('',#7904,#7902,#7905,.T.);
#6037=EDGE_CURVE('',#7906,#7904,#7907,.T.);
#6038=EDGE_CURVE('',#7894,#7906,#7908,.T.);
#6039=EDGE_CURVE('',#7909,#7893,#7910,.T.);
#6040=EDGE_CURVE('',#7909,#7911,#7912,.T.);
#6041=EDGE_CURVE('',#7896,#7911,#7913,.T.);
#6042=EDGE_CURVE('',#7902,#7914,#7915,.T.);
#6043=EDGE_CURVE('',#7914,#7916,#7917,.T.);
#6044=EDGE_CURVE('',#7904,#7916,#7918,.T.);
#6045=EDGE_CURVE('',#7916,#7919,#7920,.T.);
#6046=EDGE_CURVE('',#7906,#7919,#7921,.T.);
#6047=EDGE_CURVE('',#7894,#7922,#7923,.T.);
#6048=EDGE_CURVE('',#7919,#7922,#7924,.T.);
#6049=EDGE_CURVE('',#7543,#7925,#7926,.T.);
#6050=EDGE_CURVE('',#7925,#7927,#7928,.T.);
#6051=EDGE_CURVE('',#7545,#7927,#7929,.T.);
#6052=EDGE_CURVE('',#7541,#7930,#7931,.T.);
#6053=EDGE_CURVE('',#7930,#7932,#7933,.T.);
#6054=EDGE_CURVE('',#7932,#7925,#7934,.T.);
#6055=EDGE_CURVE('',#7930,#7935,#7936,.T.);
#6056=EDGE_CURVE('',#7935,#7937,#7938,.T.);
#6057=EDGE_CURVE('',#7937,#7932,#7939,.T.);
#6058=EDGE_CURVE('',#7882,#7937,#7940,.T.);
#6059=EDGE_CURVE('',#7935,#7539,#7941,.T.);
#6060=EDGE_CURVE('',#7911,#7942,#7943,.T.);
#6061=EDGE_CURVE('',#7898,#7942,#7944,.T.);
#6062=EDGE_CURVE('',#7942,#7945,#7946,.T.);
#6063=EDGE_CURVE('',#7945,#7900,#7947,.T.);
#6064=EDGE_CURVE('',#7945,#7914,#7948,.T.);
#6065=EDGE_CURVE('',#7922,#7909,#7949,.T.);
#6066=EDGE_CURVE('',#7950,#7880,#7951,.T.);
#6067=EDGE_CURVE('',#7952,#7950,#7953,.T.);
#6068=EDGE_CURVE('',#7927,#7952,#7954,.T.);
#6069=EDGE_CURVE('',#7955,#7888,#7956,.T.);
#6070=EDGE_CURVE('',#7955,#7957,#7958,.T.);
#6071=EDGE_CURVE('',#7890,#7957,#7959,.T.);
#6072=EDGE_CURVE('',#7960,#7955,#7961,.T.);
#6073=EDGE_CURVE('',#7960,#7962,#7963,.T.);
#6074=EDGE_CURVE('',#7957,#7962,#7964,.T.);
#6075=EDGE_CURVE('',#7965,#7960,#7966,.T.);
#6076=EDGE_CURVE('',#7965,#7967,#7968,.T.);
#6077=EDGE_CURVE('',#7962,#7967,#7969,.T.);
#6078=EDGE_CURVE('',#7952,#7965,#7970,.T.);
#6079=EDGE_CURVE('',#7967,#7950,#7971,.T.);
#6080=EDGE_CURVE('',#7972,#7880,#7973,.T.);
#6081=EDGE_CURVE('',#7974,#7972,#7975,.T.);
#6082=EDGE_CURVE('',#7886,#7974,#7976,.T.);
#6083=EDGE_CURVE('',#7523,#7977,#7978,.T.);
#6084=EDGE_CURVE('',#7977,#7979,#7980,.T.);
#6085=EDGE_CURVE('',#7525,#7979,#7981,.T.);
#6086=EDGE_CURVE('',#7982,#7983,#7984,.T.);
#6087=EDGE_CURVE('',#7985,#7982,#7986,.T.);
#6088=EDGE_CURVE('',#7985,#7987,#7988,.T.);
#6089=EDGE_CURVE('',#7983,#7987,#7989,.T.);
#6090=EDGE_CURVE('',#7990,#7991,#7992,.T.);
#6091=EDGE_CURVE('',#7993,#7990,#7994,.T.);
#6092=EDGE_CURVE('',#7995,#7993,#7996,.T.);
#6093=EDGE_CURVE('',#7997,#7995,#7998,.T.);
#6094=EDGE_CURVE('',#7997,#7999,#8000,.T.);
#6095=EDGE_CURVE('',#8001,#7999,#8002,.T.);
#6096=EDGE_CURVE('',#8003,#8001,#8004,.T.);
#6097=EDGE_CURVE('',#7991,#8003,#8005,.T.);
#6098=EDGE_CURVE('',#8006,#7990,#8007,.T.);
#6099=EDGE_CURVE('',#8006,#8008,#8009,.T.);
#6100=EDGE_CURVE('',#7993,#8008,#8010,.T.);
#6101=EDGE_CURVE('',#7999,#8011,#8012,.T.);
#6102=EDGE_CURVE('',#8011,#8013,#8014,.T.);
#6103=EDGE_CURVE('',#8001,#8013,#8015,.T.);
#6104=EDGE_CURVE('',#8013,#8016,#8017,.T.);
#6105=EDGE_CURVE('',#8003,#8016,#8018,.T.);
#6106=EDGE_CURVE('',#7991,#8019,#8020,.T.);
#6107=EDGE_CURVE('',#8016,#8019,#8021,.T.);
#6108=EDGE_CURVE('',#7531,#8022,#8023,.T.);
#6109=EDGE_CURVE('',#8022,#8024,#8025,.T.);
#6110=EDGE_CURVE('',#7533,#8024,#8026,.T.);
#6111=EDGE_CURVE('',#7529,#8027,#8028,.T.);
#6112=EDGE_CURVE('',#8027,#8029,#8030,.T.);
#6113=EDGE_CURVE('',#8029,#8022,#8031,.T.);
#6114=EDGE_CURVE('',#8027,#8032,#8033,.T.);
#6115=EDGE_CURVE('',#8032,#8034,#8035,.T.);
#6116=EDGE_CURVE('',#8034,#8029,#8036,.T.);
#6117=EDGE_CURVE('',#7979,#8034,#8037,.T.);
#6118=EDGE_CURVE('',#8032,#7527,#8038,.T.);
#6119=EDGE_CURVE('',#8008,#8039,#8040,.T.);
#6120=EDGE_CURVE('',#7995,#8039,#8041,.T.);
#6121=EDGE_CURVE('',#8039,#8042,#8043,.T.);
#6122=EDGE_CURVE('',#8042,#7997,#8044,.T.);
#6123=EDGE_CURVE('',#8042,#8011,#8045,.T.);
#6124=EDGE_CURVE('',#8019,#8006,#8046,.T.);
#6125=EDGE_CURVE('',#8047,#7977,#8048,.T.);
#6126=EDGE_CURVE('',#8049,#8047,#8050,.T.);
#6127=EDGE_CURVE('',#8024,#8049,#8051,.T.);
#6128=EDGE_CURVE('',#8052,#7985,#8053,.T.);
#6129=EDGE_CURVE('',#8052,#8054,#8055,.T.);
#6130=EDGE_CURVE('',#7987,#8054,#8056,.T.);
#6131=EDGE_CURVE('',#8057,#8052,#8058,.T.);
#6132=EDGE_CURVE('',#8057,#8059,#8060,.T.);
#6133=EDGE_CURVE('',#8054,#8059,#8061,.T.);
#6134=EDGE_CURVE('',#8062,#8057,#8063,.T.);
#6135=EDGE_CURVE('',#8062,#8064,#8065,.T.);
#6136=EDGE_CURVE('',#8059,#8064,#8066,.T.);
#6137=EDGE_CURVE('',#8049,#8062,#8067,.T.);
#6138=EDGE_CURVE('',#8064,#8047,#8068,.T.);
#6139=EDGE_CURVE('',#8069,#7977,#8070,.T.);
#6140=EDGE_CURVE('',#8071,#8069,#8072,.T.);
#6141=EDGE_CURVE('',#7983,#8071,#8073,.T.);
#6142=EDGE_CURVE('',#7511,#8074,#8075,.T.);
#6143=EDGE_CURVE('',#8074,#8076,#8077,.T.);
#6144=EDGE_CURVE('',#7513,#8076,#8078,.T.);
#6145=EDGE_CURVE('',#8079,#8080,#8081,.T.);
#6146=EDGE_CURVE('',#8082,#8079,#8083,.T.);
#6147=EDGE_CURVE('',#8082,#8084,#8085,.T.);
#6148=EDGE_CURVE('',#8080,#8084,#8086,.T.);
#6149=EDGE_CURVE('',#8087,#8088,#8089,.T.);
#6150=EDGE_CURVE('',#8090,#8087,#8091,.T.);
#6151=EDGE_CURVE('',#8092,#8090,#8093,.T.);
#6152=EDGE_CURVE('',#8094,#8092,#8095,.T.);
#6153=EDGE_CURVE('',#8094,#8096,#8097,.T.);
#6154=EDGE_CURVE('',#8098,#8096,#8099,.T.);
#6155=EDGE_CURVE('',#8100,#8098,#8101,.T.);
#6156=EDGE_CURVE('',#8088,#8100,#8102,.T.);
#6157=EDGE_CURVE('',#8103,#8087,#8104,.T.);
#6158=EDGE_CURVE('',#8103,#8105,#8106,.T.);
#6159=EDGE_CURVE('',#8090,#8105,#8107,.T.);
#6160=EDGE_CURVE('',#8096,#8108,#8109,.T.);
#6161=EDGE_CURVE('',#8108,#8110,#8111,.T.);
#6162=EDGE_CURVE('',#8098,#8110,#8112,.T.);
#6163=EDGE_CURVE('',#8110,#8113,#8114,.T.);
#6164=EDGE_CURVE('',#8100,#8113,#8115,.T.);
#6165=EDGE_CURVE('',#8088,#8116,#8117,.T.);
#6166=EDGE_CURVE('',#8113,#8116,#8118,.T.);
#6167=EDGE_CURVE('',#7519,#8119,#8120,.T.);
#6168=EDGE_CURVE('',#8119,#8121,#8122,.T.);
#6169=EDGE_CURVE('',#7521,#8121,#8123,.T.);
#6170=EDGE_CURVE('',#7517,#8124,#8125,.T.);
#6171=EDGE_CURVE('',#8124,#8126,#8127,.T.);
#6172=EDGE_CURVE('',#8126,#8119,#8128,.T.);
#6173=EDGE_CURVE('',#8124,#8129,#8130,.T.);
#6174=EDGE_CURVE('',#8129,#8131,#8132,.T.);
#6175=EDGE_CURVE('',#8131,#8126,#8133,.T.);
#6176=EDGE_CURVE('',#8076,#8131,#8134,.T.);
#6177=EDGE_CURVE('',#8129,#7515,#8135,.T.);
#6178=EDGE_CURVE('',#8105,#8136,#8137,.T.);
#6179=EDGE_CURVE('',#8092,#8136,#8138,.T.);
#6180=EDGE_CURVE('',#8136,#8139,#8140,.T.);
#6181=EDGE_CURVE('',#8139,#8094,#8141,.T.);
#6182=EDGE_CURVE('',#8139,#8108,#8142,.T.);
#6183=EDGE_CURVE('',#8116,#8103,#8143,.T.);
#6184=EDGE_CURVE('',#8144,#8074,#8145,.T.);
#6185=EDGE_CURVE('',#8146,#8144,#8147,.T.);
#6186=EDGE_CURVE('',#8121,#8146,#8148,.T.);
#6187=EDGE_CURVE('',#8149,#8082,#8150,.T.);
#6188=EDGE_CURVE('',#8149,#8151,#8152,.T.);
#6189=EDGE_CURVE('',#8084,#8151,#8153,.T.);
#6190=EDGE_CURVE('',#8154,#8149,#8155,.T.);
#6191=EDGE_CURVE('',#8154,#8156,#8157,.T.);
#6192=EDGE_CURVE('',#8151,#8156,#8158,.T.);
#6193=EDGE_CURVE('',#8159,#8154,#8160,.T.);
#6194=EDGE_CURVE('',#8159,#8161,#8162,.T.);
#6195=EDGE_CURVE('',#8156,#8161,#8163,.T.);
#6196=EDGE_CURVE('',#8146,#8159,#8164,.T.);
#6197=EDGE_CURVE('',#8161,#8144,#8165,.T.);
#6198=EDGE_CURVE('',#8166,#8074,#8167,.T.);
#6199=EDGE_CURVE('',#8168,#8166,#8169,.T.);
#6200=EDGE_CURVE('',#8080,#8168,#8170,.T.);
#6201=EDGE_CURVE('',#8171,#8172,#8173,.T.);
#6202=EDGE_CURVE('',#8171,#8174,#8175,.T.);
#6203=EDGE_CURVE('',#8174,#8176,#8177,.T.);
#6204=EDGE_CURVE('',#8178,#8176,#8179,.T.);
#6205=EDGE_CURVE('',#8178,#8172,#8180,.T.);
#6206=EDGE_CURVE('',#8181,#8171,#8182,.T.);
#6207=EDGE_CURVE('',#8181,#8183,#8184,.T.);
#6208=EDGE_CURVE('',#8183,#8174,#8185,.T.);
#6209=EDGE_CURVE('',#8186,#8187,#8188,.T.);
#6210=EDGE_CURVE('',#8189,#8186,#8190,.T.);
#6211=EDGE_CURVE('',#8189,#8191,#8192,.T.);
#6212=EDGE_CURVE('',#8187,#8191,#8193,.T.);
#6213=EDGE_CURVE('',#8194,#8195,#8196,.T.);
#6214=EDGE_CURVE('',#8197,#8194,#8198,.T.);
#6215=EDGE_CURVE('',#8199,#8197,#8200,.T.);
#6216=EDGE_CURVE('',#8201,#8199,#8202,.T.);
#6217=EDGE_CURVE('',#8201,#8203,#8204,.T.);
#6218=EDGE_CURVE('',#8205,#8203,#8206,.T.);
#6219=EDGE_CURVE('',#8207,#8205,#8208,.T.);
#6220=EDGE_CURVE('',#8195,#8207,#8209,.T.);
#6221=EDGE_CURVE('',#8210,#8194,#8211,.T.);
#6222=EDGE_CURVE('',#8210,#8212,#8213,.T.);
#6223=EDGE_CURVE('',#8197,#8212,#8214,.T.);
#6224=EDGE_CURVE('',#8203,#8215,#8216,.T.);
#6225=EDGE_CURVE('',#8215,#8217,#8218,.T.);
#6226=EDGE_CURVE('',#8205,#8217,#8219,.T.);
#6227=EDGE_CURVE('',#8217,#8220,#8221,.T.);
#6228=EDGE_CURVE('',#8207,#8220,#8222,.T.);
#6229=EDGE_CURVE('',#8195,#8223,#8224,.T.);
#6230=EDGE_CURVE('',#8220,#8223,#8225,.T.);
#6231=EDGE_CURVE('',#8226,#8227,#8228,.T.);
#6232=EDGE_CURVE('',#8226,#8229,#8230,.T.);
#6233=EDGE_CURVE('',#8229,#8231,#8232,.T.);
#6234=EDGE_CURVE('',#8227,#8231,#8233,.T.);
#6235=EDGE_CURVE('',#8234,#8226,#8235,.T.);
#6236=EDGE_CURVE('',#8234,#8236,#8237,.T.);
#6237=EDGE_CURVE('',#8236,#8238,#8239,.T.);
#6238=EDGE_CURVE('',#8238,#8229,#8240,.T.);
#6239=EDGE_CURVE('',#8236,#8178,#8241,.T.);
#6240=EDGE_CURVE('',#8176,#8238,#8242,.T.);
#6241=EDGE_CURVE('',#8212,#8243,#8244,.T.);
#6242=EDGE_CURVE('',#8199,#8243,#8245,.T.);
#6243=EDGE_CURVE('',#8243,#8246,#8247,.T.);
#6244=EDGE_CURVE('',#8246,#8201,#8248,.T.);
#6245=EDGE_CURVE('',#8246,#8215,#8249,.T.);
#6246=EDGE_CURVE('',#8223,#8210,#8250,.T.);
#6247=EDGE_CURVE('',#8251,#8183,#8252,.T.);
#6248=EDGE_CURVE('',#8253,#8251,#8254,.T.);
#6249=EDGE_CURVE('',#8231,#8253,#8255,.T.);
#6250=EDGE_CURVE('',#8256,#8189,#8257,.T.);
#6251=EDGE_CURVE('',#8256,#8258,#8259,.T.);
#6252=EDGE_CURVE('',#8191,#8258,#8260,.T.);
#6253=EDGE_CURVE('',#8261,#8256,#8262,.T.);
#6254=EDGE_CURVE('',#8261,#8263,#8264,.T.);
#6255=EDGE_CURVE('',#8258,#8263,#8265,.T.);
#6256=EDGE_CURVE('',#8266,#8261,#8267,.T.);
#6257=EDGE_CURVE('',#8266,#8268,#8269,.T.);
#6258=EDGE_CURVE('',#8263,#8268,#8270,.T.);
#6259=EDGE_CURVE('',#8253,#8266,#8271,.T.);
#6260=EDGE_CURVE('',#8268,#8251,#8272,.T.);
#6261=EDGE_CURVE('',#8172,#8234,#8273,.T.);
#6262=EDGE_CURVE('',#8274,#8227,#8275,.T.);
#6263=EDGE_CURVE('',#8274,#8276,#8277,.T.);
#6264=EDGE_CURVE('',#8276,#8278,#8279,.T.);
#6265=EDGE_CURVE('',#8278,#8280,#8281,.T.);
#6266=EDGE_CURVE('',#8280,#8282,#8283,.T.);
#6267=EDGE_CURVE('',#8282,#8284,#8285,.T.);
#6268=EDGE_CURVE('',#8286,#8284,#8287,.T.);
#6269=EDGE_CURVE('',#8286,#8288,#8289,.T.);
#6270=EDGE_CURVE('',#8288,#8290,#8291,.T.);
#6271=EDGE_CURVE('',#8290,#8292,#8293,.T.);
#6272=EDGE_CURVE('',#8292,#8294,#8295,.T.);
#6273=EDGE_CURVE('',#8294,#8296,#8297,.T.);
#6274=EDGE_CURVE('',#8298,#8296,#8299,.T.);
#6275=EDGE_CURVE('',#8298,#8300,#8301,.T.);
#6276=EDGE_CURVE('',#8300,#8302,#8303,.T.);
#6277=EDGE_CURVE('',#8302,#8304,#8305,.T.);
#6278=EDGE_CURVE('',#8304,#8306,#8307,.T.);
#6279=EDGE_CURVE('',#8306,#8308,#8309,.T.);
#6280=EDGE_CURVE('',#8310,#8308,#8311,.T.);
#6281=EDGE_CURVE('',#8310,#8312,#8313,.T.);
#6282=EDGE_CURVE('',#8312,#8314,#8315,.T.);
#6283=EDGE_CURVE('',#8314,#8316,#8317,.T.);
#6284=EDGE_CURVE('',#8316,#8318,#8319,.T.);
#6285=EDGE_CURVE('',#8318,#8320,#8321,.T.);
#6286=EDGE_CURVE('',#8322,#8320,#8323,.T.);
#6287=EDGE_CURVE('',#8322,#8324,#8325,.T.);
#6288=EDGE_CURVE('',#8324,#8326,#8327,.T.);
#6289=EDGE_CURVE('',#8326,#8328,#8329,.T.);
#6290=EDGE_CURVE('',#8328,#8330,#8331,.T.);
#6291=EDGE_CURVE('',#8330,#8332,#8333,.T.);
#6292=EDGE_CURVE('',#8334,#8332,#8335,.T.);
#6293=EDGE_CURVE('',#8334,#8336,#8337,.T.);
#6294=EDGE_CURVE('',#8336,#8338,#8339,.T.);
#6295=EDGE_CURVE('',#8338,#8340,#8341,.T.);
#6296=EDGE_CURVE('',#8340,#8342,#8343,.T.);
#6297=EDGE_CURVE('',#8342,#8344,#8345,.T.);
#6298=EDGE_CURVE('',#8346,#8344,#8347,.T.);
#6299=EDGE_CURVE('',#8346,#8348,#8349,.T.);
#6300=EDGE_CURVE('',#8348,#8350,#8351,.T.);
#6301=EDGE_CURVE('',#8350,#8352,#8353,.T.);
#6302=EDGE_CURVE('',#8181,#8352,#8354,.T.);
#6303=EDGE_CURVE('',#8355,#8186,#8356,.T.);
#6304=EDGE_CURVE('',#8357,#8355,#8358,.T.);
#6305=EDGE_CURVE('',#8231,#8357,#8359,.T.);
#6306=EDGE_CURVE('',#8276,#8360,#8361,.T.);
#6307=EDGE_CURVE('',#8360,#8362,#8363,.T.);
#6308=EDGE_CURVE('',#8364,#8362,#8365,.T.);
#6309=EDGE_CURVE('',#8364,#8278,#8366,.T.);
#6310=EDGE_CURVE('',#8274,#8367,#8368,.T.);
#6311=EDGE_CURVE('',#8367,#8360,#8369,.T.);
#6312=EDGE_CURVE('',#8370,#8371,#8372,.T.);
#6313=EDGE_CURVE('',#8373,#8370,#8374,.T.);
#6314=EDGE_CURVE('',#8373,#8375,#8376,.T.);
#6315=EDGE_CURVE('',#8371,#8375,#8377,.T.);
#6316=EDGE_CURVE('',#8378,#8379,#8380,.T.);
#6317=EDGE_CURVE('',#8381,#8378,#8382,.T.);
#6318=EDGE_CURVE('',#8383,#8381,#8384,.T.);
#6319=EDGE_CURVE('',#8385,#8383,#8386,.T.);
#6320=EDGE_CURVE('',#8385,#8387,#8388,.T.);
#6321=EDGE_CURVE('',#8389,#8387,#8390,.T.);
#6322=EDGE_CURVE('',#8391,#8389,#8392,.T.);
#6323=EDGE_CURVE('',#8379,#8391,#8393,.T.);
#6324=EDGE_CURVE('',#8394,#8378,#8395,.T.);
#6325=EDGE_CURVE('',#8394,#8396,#8397,.T.);
#6326=EDGE_CURVE('',#8381,#8396,#8398,.T.);
#6327=EDGE_CURVE('',#8387,#8399,#8400,.T.);
#6328=EDGE_CURVE('',#8399,#8401,#8402,.T.);
#6329=EDGE_CURVE('',#8389,#8401,#8403,.T.);
#6330=EDGE_CURVE('',#8401,#8404,#8405,.T.);
#6331=EDGE_CURVE('',#8391,#8404,#8406,.T.);
#6332=EDGE_CURVE('',#8379,#8407,#8408,.T.);
#6333=EDGE_CURVE('',#8404,#8407,#8409,.T.);
#6334=EDGE_CURVE('',#8282,#8410,#8411,.T.);
#6335=EDGE_CURVE('',#8410,#8412,#8413,.T.);
#6336=EDGE_CURVE('',#8284,#8412,#8414,.T.);
#6337=EDGE_CURVE('',#8280,#8415,#8416,.T.);
#6338=EDGE_CURVE('',#8415,#8417,#8418,.T.);
#6339=EDGE_CURVE('',#8417,#8410,#8419,.T.);
#6340=EDGE_CURVE('',#8415,#8364,#8420,.T.);
#6341=EDGE_CURVE('',#8362,#8417,#8421,.T.);
#6342=EDGE_CURVE('',#8396,#8422,#8423,.T.);
#6343=EDGE_CURVE('',#8383,#8422,#8424,.T.);
#6344=EDGE_CURVE('',#8422,#8425,#8426,.T.);
#6345=EDGE_CURVE('',#8425,#8385,#8427,.T.);
#6346=EDGE_CURVE('',#8425,#8399,#8428,.T.);
#6347=EDGE_CURVE('',#8407,#8394,#8429,.T.);
#6348=EDGE_CURVE('',#8430,#8367,#8431,.T.);
#6349=EDGE_CURVE('',#8432,#8430,#8433,.T.);
#6350=EDGE_CURVE('',#8412,#8432,#8434,.T.);
#6351=EDGE_CURVE('',#8435,#8373,#8436,.T.);
#6352=EDGE_CURVE('',#8435,#8437,#8438,.T.);
#6353=EDGE_CURVE('',#8375,#8437,#8439,.T.);
#6354=EDGE_CURVE('',#8440,#8435,#8441,.T.);
#6355=EDGE_CURVE('',#8440,#8442,#8443,.T.);
#6356=EDGE_CURVE('',#8437,#8442,#8444,.T.);
#6357=EDGE_CURVE('',#8445,#8440,#8446,.T.);
#6358=EDGE_CURVE('',#8445,#8447,#8448,.T.);
#6359=EDGE_CURVE('',#8442,#8447,#8449,.T.);
#6360=EDGE_CURVE('',#8432,#8445,#8450,.T.);
#6361=EDGE_CURVE('',#8447,#8430,#8451,.T.);
#6362=EDGE_CURVE('',#8452,#8370,#8453,.T.);
#6363=EDGE_CURVE('',#8454,#8452,#8455,.T.);
#6364=EDGE_CURVE('',#8412,#8454,#8456,.T.);
#6365=EDGE_CURVE('',#8288,#8457,#8458,.T.);
#6366=EDGE_CURVE('',#8457,#8459,#8460,.T.);
#6367=EDGE_CURVE('',#8461,#8459,#8462,.T.);
#6368=EDGE_CURVE('',#8461,#8290,#8463,.T.);
#6369=EDGE_CURVE('',#8286,#8464,#8465,.T.);
#6370=EDGE_CURVE('',#8464,#8457,#8466,.T.);
#6371=EDGE_CURVE('',#8467,#8468,#8469,.T.);
#6372=EDGE_CURVE('',#8470,#8467,#8471,.T.);
#6373=EDGE_CURVE('',#8470,#8472,#8473,.T.);
#6374=EDGE_CURVE('',#8468,#8472,#8474,.T.);
#6375=EDGE_CURVE('',#8475,#8476,#8477,.T.);
#6376=EDGE_CURVE('',#8478,#8475,#8479,.T.);
#6377=EDGE_CURVE('',#8480,#8478,#8481,.T.);
#6378=EDGE_CURVE('',#8482,#8480,#8483,.T.);
#6379=EDGE_CURVE('',#8482,#8484,#8485,.T.);
#6380=EDGE_CURVE('',#8486,#8484,#8487,.T.);
#6381=EDGE_CURVE('',#8488,#8486,#8489,.T.);
#6382=EDGE_CURVE('',#8476,#8488,#8490,.T.);
#6383=EDGE_CURVE('',#8491,#8475,#8492,.T.);
#6384=EDGE_CURVE('',#8491,#8493,#8494,.T.);
#6385=EDGE_CURVE('',#8478,#8493,#8495,.T.);
#6386=EDGE_CURVE('',#8484,#8496,#8497,.T.);
#6387=EDGE_CURVE('',#8496,#8498,#8499,.T.);
#6388=EDGE_CURVE('',#8486,#8498,#8500,.T.);
#6389=EDGE_CURVE('',#8498,#8501,#8502,.T.);
#6390=EDGE_CURVE('',#8488,#8501,#8503,.T.);
#6391=EDGE_CURVE('',#8476,#8504,#8505,.T.);
#6392=EDGE_CURVE('',#8501,#8504,#8506,.T.);
#6393=EDGE_CURVE('',#8294,#8507,#8508,.T.);
#6394=EDGE_CURVE('',#8507,#8509,#8510,.T.);
#6395=EDGE_CURVE('',#8296,#8509,#8511,.T.);
#6396=EDGE_CURVE('',#8292,#8512,#8513,.T.);
#6397=EDGE_CURVE('',#8512,#8514,#8515,.T.);
#6398=EDGE_CURVE('',#8514,#8507,#8516,.T.);
#6399=EDGE_CURVE('',#8512,#8461,#8517,.T.);
#6400=EDGE_CURVE('',#8459,#8514,#8518,.T.);
#6401=EDGE_CURVE('',#8493,#8519,#8520,.T.);
#6402=EDGE_CURVE('',#8480,#8519,#8521,.T.);
#6403=EDGE_CURVE('',#8519,#8522,#8523,.T.);
#6404=EDGE_CURVE('',#8522,#8482,#8524,.T.);
#6405=EDGE_CURVE('',#8522,#8496,#8525,.T.);
#6406=EDGE_CURVE('',#8504,#8491,#8526,.T.);
#6407=EDGE_CURVE('',#8527,#8464,#8528,.T.);
#6408=EDGE_CURVE('',#8529,#8527,#8530,.T.);
#6409=EDGE_CURVE('',#8509,#8529,#8531,.T.);
#6410=EDGE_CURVE('',#8532,#8470,#8533,.T.);
#6411=EDGE_CURVE('',#8532,#8534,#8535,.T.);
#6412=EDGE_CURVE('',#8472,#8534,#8536,.T.);
#6413=EDGE_CURVE('',#8537,#8532,#8538,.T.);
#6414=EDGE_CURVE('',#8537,#8539,#8540,.T.);
#6415=EDGE_CURVE('',#8534,#8539,#8541,.T.);
#6416=EDGE_CURVE('',#8542,#8537,#8543,.T.);
#6417=EDGE_CURVE('',#8542,#8544,#8545,.T.);
#6418=EDGE_CURVE('',#8539,#8544,#8546,.T.);
#6419=EDGE_CURVE('',#8529,#8542,#8547,.T.);
#6420=EDGE_CURVE('',#8544,#8527,#8548,.T.);
#6421=EDGE_CURVE('',#8549,#8467,#8550,.T.);
#6422=EDGE_CURVE('',#8551,#8549,#8552,.T.);
#6423=EDGE_CURVE('',#8509,#8551,#8553,.T.);
#6424=EDGE_CURVE('',#8300,#8554,#8555,.T.);
#6425=EDGE_CURVE('',#8554,#8556,#8557,.T.);
#6426=EDGE_CURVE('',#8558,#8556,#8559,.T.);
#6427=EDGE_CURVE('',#8558,#8302,#8560,.T.);
#6428=EDGE_CURVE('',#8298,#8561,#8562,.T.);
#6429=EDGE_CURVE('',#8561,#8554,#8563,.T.);
#6430=EDGE_CURVE('',#8564,#8565,#8566,.T.);
#6431=EDGE_CURVE('',#8567,#8564,#8568,.T.);
#6432=EDGE_CURVE('',#8567,#8569,#8570,.T.);
#6433=EDGE_CURVE('',#8565,#8569,#8571,.T.);
#6434=EDGE_CURVE('',#8572,#8573,#8574,.T.);
#6435=EDGE_CURVE('',#8575,#8572,#8576,.T.);
#6436=EDGE_CURVE('',#8577,#8575,#8578,.T.);
#6437=EDGE_CURVE('',#8579,#8577,#8580,.T.);
#6438=EDGE_CURVE('',#8579,#8581,#8582,.T.);
#6439=EDGE_CURVE('',#8583,#8581,#8584,.T.);
#6440=EDGE_CURVE('',#8585,#8583,#8586,.T.);
#6441=EDGE_CURVE('',#8573,#8585,#8587,.T.);
#6442=EDGE_CURVE('',#8588,#8572,#8589,.T.);
#6443=EDGE_CURVE('',#8588,#8590,#8591,.T.);
#6444=EDGE_CURVE('',#8575,#8590,#8592,.T.);
#6445=EDGE_CURVE('',#8581,#8593,#8594,.T.);
#6446=EDGE_CURVE('',#8593,#8595,#8596,.T.);
#6447=EDGE_CURVE('',#8583,#8595,#8597,.T.);
#6448=EDGE_CURVE('',#8595,#8598,#8599,.T.);
#6449=EDGE_CURVE('',#8585,#8598,#8600,.T.);
#6450=EDGE_CURVE('',#8573,#8601,#8602,.T.);
#6451=EDGE_CURVE('',#8598,#8601,#8603,.T.);
#6452=EDGE_CURVE('',#8306,#8604,#8605,.T.);
#6453=EDGE_CURVE('',#8604,#8606,#8607,.T.);
#6454=EDGE_CURVE('',#8308,#8606,#8608,.T.);
#6455=EDGE_CURVE('',#8304,#8609,#8610,.T.);
#6456=EDGE_CURVE('',#8609,#8611,#8612,.T.);
#6457=EDGE_CURVE('',#8611,#8604,#8613,.T.);
#6458=EDGE_CURVE('',#8609,#8558,#8614,.T.);
#6459=EDGE_CURVE('',#8556,#8611,#8615,.T.);
#6460=EDGE_CURVE('',#8590,#8616,#8617,.T.);
#6461=EDGE_CURVE('',#8577,#8616,#8618,.T.);
#6462=EDGE_CURVE('',#8616,#8619,#8620,.T.);
#6463=EDGE_CURVE('',#8619,#8579,#8621,.T.);
#6464=EDGE_CURVE('',#8619,#8593,#8622,.T.);
#6465=EDGE_CURVE('',#8601,#8588,#8623,.T.);
#6466=EDGE_CURVE('',#8624,#8561,#8625,.T.);
#6467=EDGE_CURVE('',#8626,#8624,#8627,.T.);
#6468=EDGE_CURVE('',#8606,#8626,#8628,.T.);
#6469=EDGE_CURVE('',#8629,#8567,#8630,.T.);
#6470=EDGE_CURVE('',#8629,#8631,#8632,.T.);
#6471=EDGE_CURVE('',#8569,#8631,#8633,.T.);
#6472=EDGE_CURVE('',#8634,#8629,#8635,.T.);
#6473=EDGE_CURVE('',#8634,#8636,#8637,.T.);
#6474=EDGE_CURVE('',#8631,#8636,#8638,.T.);
#6475=EDGE_CURVE('',#8639,#8634,#8640,.T.);
#6476=EDGE_CURVE('',#8639,#8641,#8642,.T.);
#6477=EDGE_CURVE('',#8636,#8641,#8643,.T.);
#6478=EDGE_CURVE('',#8626,#8639,#8644,.T.);
#6479=EDGE_CURVE('',#8641,#8624,#8645,.T.);
#6480=EDGE_CURVE('',#8646,#8564,#8647,.T.);
#6481=EDGE_CURVE('',#8648,#8646,#8649,.T.);
#6482=EDGE_CURVE('',#8606,#8648,#8650,.T.);
#6483=EDGE_CURVE('',#8312,#8651,#8652,.T.);
#6484=EDGE_CURVE('',#8651,#8653,#8654,.T.);
#6485=EDGE_CURVE('',#8655,#8653,#8656,.T.);
#6486=EDGE_CURVE('',#8655,#8314,#8657,.T.);
#6487=EDGE_CURVE('',#8310,#8658,#8659,.T.);
#6488=EDGE_CURVE('',#8658,#8651,#8660,.T.);
#6489=EDGE_CURVE('',#8661,#8662,#8663,.T.);
#6490=EDGE_CURVE('',#8664,#8661,#8665,.T.);
#6491=EDGE_CURVE('',#8664,#8666,#8667,.T.);
#6492=EDGE_CURVE('',#8662,#8666,#8668,.T.);
#6493=EDGE_CURVE('',#8669,#8670,#8671,.T.);
#6494=EDGE_CURVE('',#8672,#8669,#8673,.T.);
#6495=EDGE_CURVE('',#8674,#8672,#8675,.T.);
#6496=EDGE_CURVE('',#8676,#8674,#8677,.T.);
#6497=EDGE_CURVE('',#8676,#8678,#8679,.T.);
#6498=EDGE_CURVE('',#8680,#8678,#8681,.T.);
#6499=EDGE_CURVE('',#8682,#8680,#8683,.T.);
#6500=EDGE_CURVE('',#8670,#8682,#8684,.T.);
#6501=EDGE_CURVE('',#8685,#8669,#8686,.T.);
#6502=EDGE_CURVE('',#8685,#8687,#8688,.T.);
#6503=EDGE_CURVE('',#8672,#8687,#8689,.T.);
#6504=EDGE_CURVE('',#8678,#8690,#8691,.T.);
#6505=EDGE_CURVE('',#8690,#8692,#8693,.T.);
#6506=EDGE_CURVE('',#8680,#8692,#8694,.T.);
#6507=EDGE_CURVE('',#8692,#8695,#8696,.T.);
#6508=EDGE_CURVE('',#8682,#8695,#8697,.T.);
#6509=EDGE_CURVE('',#8670,#8698,#8699,.T.);
#6510=EDGE_CURVE('',#8695,#8698,#8700,.T.);
#6511=EDGE_CURVE('',#8318,#8701,#8702,.T.);
#6512=EDGE_CURVE('',#8701,#8703,#8704,.T.);
#6513=EDGE_CURVE('',#8320,#8703,#8705,.T.);
#6514=EDGE_CURVE('',#8316,#8706,#8707,.T.);
#6515=EDGE_CURVE('',#8706,#8708,#8709,.T.);
#6516=EDGE_CURVE('',#8708,#8701,#8710,.T.);
#6517=EDGE_CURVE('',#8706,#8655,#8711,.T.);
#6518=EDGE_CURVE('',#8653,#8708,#8712,.T.);
#6519=EDGE_CURVE('',#8687,#8713,#8714,.T.);
#6520=EDGE_CURVE('',#8674,#8713,#8715,.T.);
#6521=EDGE_CURVE('',#8713,#8716,#8717,.T.);
#6522=EDGE_CURVE('',#8716,#8676,#8718,.T.);
#6523=EDGE_CURVE('',#8716,#8690,#8719,.T.);
#6524=EDGE_CURVE('',#8698,#8685,#8720,.T.);
#6525=EDGE_CURVE('',#8721,#8658,#8722,.T.);
#6526=EDGE_CURVE('',#8723,#8721,#8724,.T.);
#6527=EDGE_CURVE('',#8703,#8723,#8725,.T.);
#6528=EDGE_CURVE('',#8726,#8664,#8727,.T.);
#6529=EDGE_CURVE('',#8726,#8728,#8729,.T.);
#6530=EDGE_CURVE('',#8666,#8728,#8730,.T.);
#6531=EDGE_CURVE('',#8731,#8726,#8732,.T.);
#6532=EDGE_CURVE('',#8731,#8733,#8734,.T.);
#6533=EDGE_CURVE('',#8728,#8733,#8735,.T.);
#6534=EDGE_CURVE('',#8736,#8731,#8737,.T.);
#6535=EDGE_CURVE('',#8736,#8738,#8739,.T.);
#6536=EDGE_CURVE('',#8733,#8738,#8740,.T.);
#6537=EDGE_CURVE('',#8723,#8736,#8741,.T.);
#6538=EDGE_CURVE('',#8738,#8721,#8742,.T.);
#6539=EDGE_CURVE('',#8743,#8661,#8744,.T.);
#6540=EDGE_CURVE('',#8745,#8743,#8746,.T.);
#6541=EDGE_CURVE('',#8703,#8745,#8747,.T.);
#6542=EDGE_CURVE('',#8324,#8748,#8749,.T.);
#6543=EDGE_CURVE('',#8748,#8750,#8751,.T.);
#6544=EDGE_CURVE('',#8752,#8750,#8753,.T.);
#6545=EDGE_CURVE('',#8752,#8326,#8754,.T.);
#6546=EDGE_CURVE('',#8322,#8755,#8756,.T.);
#6547=EDGE_CURVE('',#8755,#8748,#8757,.T.);
#6548=EDGE_CURVE('',#8758,#8759,#8760,.T.);
#6549=EDGE_CURVE('',#8761,#8758,#8762,.T.);
#6550=EDGE_CURVE('',#8761,#8763,#8764,.T.);
#6551=EDGE_CURVE('',#8759,#8763,#8765,.T.);
#6552=EDGE_CURVE('',#8766,#8767,#8768,.T.);
#6553=EDGE_CURVE('',#8769,#8766,#8770,.T.);
#6554=EDGE_CURVE('',#8771,#8769,#8772,.T.);
#6555=EDGE_CURVE('',#8773,#8771,#8774,.T.);
#6556=EDGE_CURVE('',#8773,#8775,#8776,.T.);
#6557=EDGE_CURVE('',#8777,#8775,#8778,.T.);
#6558=EDGE_CURVE('',#8779,#8777,#8780,.T.);
#6559=EDGE_CURVE('',#8767,#8779,#8781,.T.);
#6560=EDGE_CURVE('',#8782,#8766,#8783,.T.);
#6561=EDGE_CURVE('',#8782,#8784,#8785,.T.);
#6562=EDGE_CURVE('',#8769,#8784,#8786,.T.);
#6563=EDGE_CURVE('',#8775,#8787,#8788,.T.);
#6564=EDGE_CURVE('',#8787,#8789,#8790,.T.);
#6565=EDGE_CURVE('',#8777,#8789,#8791,.T.);
#6566=EDGE_CURVE('',#8789,#8792,#8793,.T.);
#6567=EDGE_CURVE('',#8779,#8792,#8794,.T.);
#6568=EDGE_CURVE('',#8767,#8795,#8796,.T.);
#6569=EDGE_CURVE('',#8792,#8795,#8797,.T.);
#6570=EDGE_CURVE('',#8330,#8798,#8799,.T.);
#6571=EDGE_CURVE('',#8798,#8800,#8801,.T.);
#6572=EDGE_CURVE('',#8332,#8800,#8802,.T.);
#6573=EDGE_CURVE('',#8328,#8803,#8804,.T.);
#6574=EDGE_CURVE('',#8803,#8805,#8806,.T.);
#6575=EDGE_CURVE('',#8805,#8798,#8807,.T.);
#6576=EDGE_CURVE('',#8803,#8752,#8808,.T.);
#6577=EDGE_CURVE('',#8750,#8805,#8809,.T.);
#6578=EDGE_CURVE('',#8784,#8810,#8811,.T.);
#6579=EDGE_CURVE('',#8771,#8810,#8812,.T.);
#6580=EDGE_CURVE('',#8810,#8813,#8814,.T.);
#6581=EDGE_CURVE('',#8813,#8773,#8815,.T.);
#6582=EDGE_CURVE('',#8813,#8787,#8816,.T.);
#6583=EDGE_CURVE('',#8795,#8782,#8817,.T.);
#6584=EDGE_CURVE('',#8818,#8755,#8819,.T.);
#6585=EDGE_CURVE('',#8820,#8818,#8821,.T.);
#6586=EDGE_CURVE('',#8800,#8820,#8822,.T.);
#6587=EDGE_CURVE('',#8823,#8761,#8824,.T.);
#6588=EDGE_CURVE('',#8823,#8825,#8826,.T.);
#6589=EDGE_CURVE('',#8763,#8825,#8827,.T.);
#6590=EDGE_CURVE('',#8828,#8823,#8829,.T.);
#6591=EDGE_CURVE('',#8828,#8830,#8831,.T.);
#6592=EDGE_CURVE('',#8825,#8830,#8832,.T.);
#6593=EDGE_CURVE('',#8833,#8828,#8834,.T.);
#6594=EDGE_CURVE('',#8833,#8835,#8836,.T.);
#6595=EDGE_CURVE('',#8830,#8835,#8837,.T.);
#6596=EDGE_CURVE('',#8820,#8833,#8838,.T.);
#6597=EDGE_CURVE('',#8835,#8818,#8839,.T.);
#6598=EDGE_CURVE('',#8840,#8758,#8841,.T.);
#6599=EDGE_CURVE('',#8842,#8840,#8843,.T.);
#6600=EDGE_CURVE('',#8800,#8842,#8844,.T.);
#6601=EDGE_CURVE('',#8336,#8845,#8846,.T.);
#6602=EDGE_CURVE('',#8845,#8847,#8848,.T.);
#6603=EDGE_CURVE('',#8849,#8847,#8850,.T.);
#6604=EDGE_CURVE('',#8849,#8338,#8851,.T.);
#6605=EDGE_CURVE('',#8334,#8852,#8853,.T.);
#6606=EDGE_CURVE('',#8852,#8845,#8854,.T.);
#6607=EDGE_CURVE('',#8855,#8856,#8857,.T.);
#6608=EDGE_CURVE('',#8858,#8855,#8859,.T.);
#6609=EDGE_CURVE('',#8858,#8860,#8861,.T.);
#6610=EDGE_CURVE('',#8856,#8860,#8862,.T.);
#6611=EDGE_CURVE('',#8863,#8864,#8865,.T.);
#6612=EDGE_CURVE('',#8866,#8863,#8867,.T.);
#6613=EDGE_CURVE('',#8868,#8866,#8869,.T.);
#6614=EDGE_CURVE('',#8870,#8868,#8871,.T.);
#6615=EDGE_CURVE('',#8870,#8872,#8873,.T.);
#6616=EDGE_CURVE('',#8874,#8872,#8875,.T.);
#6617=EDGE_CURVE('',#8876,#8874,#8877,.T.);
#6618=EDGE_CURVE('',#8864,#8876,#8878,.T.);
#6619=EDGE_CURVE('',#8879,#8863,#8880,.T.);
#6620=EDGE_CURVE('',#8879,#8881,#8882,.T.);
#6621=EDGE_CURVE('',#8866,#8881,#8883,.T.);
#6622=EDGE_CURVE('',#8872,#8884,#8885,.T.);
#6623=EDGE_CURVE('',#8884,#8886,#8887,.T.);
#6624=EDGE_CURVE('',#8874,#8886,#8888,.T.);
#6625=EDGE_CURVE('',#8886,#8889,#8890,.T.);
#6626=EDGE_CURVE('',#8876,#8889,#8891,.T.);
#6627=EDGE_CURVE('',#8864,#8892,#8893,.T.);
#6628=EDGE_CURVE('',#8889,#8892,#8894,.T.);
#6629=EDGE_CURVE('',#8342,#8895,#8896,.T.);
#6630=EDGE_CURVE('',#8895,#8897,#8898,.T.);
#6631=EDGE_CURVE('',#8344,#8897,#8899,.T.);
#6632=EDGE_CURVE('',#8340,#8900,#8901,.T.);
#6633=EDGE_CURVE('',#8900,#8902,#8903,.T.);
#6634=EDGE_CURVE('',#8902,#8895,#8904,.T.);
#6635=EDGE_CURVE('',#8900,#8849,#8905,.T.);
#6636=EDGE_CURVE('',#8847,#8902,#8906,.T.);
#6637=EDGE_CURVE('',#8881,#8907,#8908,.T.);
#6638=EDGE_CURVE('',#8868,#8907,#8909,.T.);
#6639=EDGE_CURVE('',#8907,#8910,#8911,.T.);
#6640=EDGE_CURVE('',#8910,#8870,#8912,.T.);
#6641=EDGE_CURVE('',#8910,#8884,#8913,.T.);
#6642=EDGE_CURVE('',#8892,#8879,#8914,.T.);
#6643=EDGE_CURVE('',#8915,#8852,#8916,.T.);
#6644=EDGE_CURVE('',#8917,#8915,#8918,.T.);
#6645=EDGE_CURVE('',#8897,#8917,#8919,.T.);
#6646=EDGE_CURVE('',#8920,#8858,#8921,.T.);
#6647=EDGE_CURVE('',#8920,#8922,#8923,.T.);
#6648=EDGE_CURVE('',#8860,#8922,#8924,.T.);
#6649=EDGE_CURVE('',#8925,#8920,#8926,.T.);
#6650=EDGE_CURVE('',#8925,#8927,#8928,.T.);
#6651=EDGE_CURVE('',#8922,#8927,#8929,.T.);
#6652=EDGE_CURVE('',#8930,#8925,#8931,.T.);
#6653=EDGE_CURVE('',#8930,#8932,#8933,.T.);
#6654=EDGE_CURVE('',#8927,#8932,#8934,.T.);
#6655=EDGE_CURVE('',#8917,#8930,#8935,.T.);
#6656=EDGE_CURVE('',#8932,#8915,#8936,.T.);
#6657=EDGE_CURVE('',#8937,#8855,#8938,.T.);
#6658=EDGE_CURVE('',#8939,#8937,#8940,.T.);
#6659=EDGE_CURVE('',#8897,#8939,#8941,.T.);
#6660=EDGE_CURVE('',#8942,#7408,#8943,.T.);
#6661=EDGE_CURVE('',#8944,#8942,#8945,.T.);
#6662=EDGE_CURVE('',#7453,#8944,#8946,.T.);
#6663=EDGE_CURVE('',#8944,#7584,#8947,.T.);
#6664=EDGE_CURVE('',#8942,#7586,#8948,.T.);
#6665=EDGE_CURVE('',#8949,#7594,#8950,.T.);
#6666=EDGE_CURVE('',#8951,#8949,#8952,.T.);
#6667=EDGE_CURVE('',#7636,#8951,#8953,.T.);
#6668=EDGE_CURVE('',#8951,#7681,#8954,.T.);
#6669=EDGE_CURVE('',#8949,#7683,#8955,.T.);
#6670=EDGE_CURVE('',#8956,#7691,#8957,.T.);
#6671=EDGE_CURVE('',#8958,#8956,#8959,.T.);
#6672=EDGE_CURVE('',#7733,#8958,#8960,.T.);
#6673=EDGE_CURVE('',#8958,#7778,#8961,.T.);
#6674=EDGE_CURVE('',#8956,#7780,#8962,.T.);
#6675=EDGE_CURVE('',#8963,#7788,#8964,.T.);
#6676=EDGE_CURVE('',#8965,#8963,#8966,.T.);
#6677=EDGE_CURVE('',#7830,#8965,#8967,.T.);
#6678=EDGE_CURVE('',#8965,#7875,#8968,.T.);
#6679=EDGE_CURVE('',#8963,#7877,#8969,.T.);
#6680=EDGE_CURVE('',#8970,#7885,#8971,.T.);
#6681=EDGE_CURVE('',#8972,#8970,#8973,.T.);
#6682=EDGE_CURVE('',#7927,#8972,#8974,.T.);
#6683=EDGE_CURVE('',#8972,#7972,#8975,.T.);
#6684=EDGE_CURVE('',#8970,#7974,#8976,.T.);
#6685=EDGE_CURVE('',#8977,#7982,#8978,.T.);
#6686=EDGE_CURVE('',#8979,#8977,#8980,.T.);
#6687=EDGE_CURVE('',#8024,#8979,#8981,.T.);
#6688=EDGE_CURVE('',#8979,#8069,#8982,.T.);
#6689=EDGE_CURVE('',#8977,#8071,#8983,.T.);
#6690=EDGE_CURVE('',#8984,#8079,#8985,.T.);
#6691=EDGE_CURVE('',#8986,#8984,#8987,.T.);
#6692=EDGE_CURVE('',#8121,#8986,#8988,.T.);
#6693=EDGE_CURVE('',#8986,#8166,#8989,.T.);
#6694=EDGE_CURVE('',#8984,#8168,#8990,.T.);
#6695=EDGE_CURVE('',#8991,#8183,#8992,.T.);
#6696=EDGE_CURVE('',#8993,#8991,#8994,.T.);
#6697=EDGE_CURVE('',#8187,#8993,#8995,.T.);
#6698=EDGE_CURVE('',#8993,#8355,#8996,.T.);
#6699=EDGE_CURVE('',#8357,#8991,#8997,.T.);
#6700=EDGE_CURVE('',#8998,#8367,#8999,.T.);
#6701=EDGE_CURVE('',#9000,#8998,#9001,.T.);
#6702=EDGE_CURVE('',#8371,#9000,#9002,.T.);
#6703=EDGE_CURVE('',#9000,#8452,#9003,.T.);
#6704=EDGE_CURVE('',#8454,#8998,#9004,.T.);
#6705=EDGE_CURVE('',#9005,#8464,#9006,.T.);
#6706=EDGE_CURVE('',#9007,#9005,#9008,.T.);
#6707=EDGE_CURVE('',#8468,#9007,#9009,.T.);
#6708=EDGE_CURVE('',#9007,#8549,#9010,.T.);
#6709=EDGE_CURVE('',#8551,#9005,#9011,.T.);
#6710=EDGE_CURVE('',#9012,#8561,#9013,.T.);
#6711=EDGE_CURVE('',#9014,#9012,#9015,.T.);
#6712=EDGE_CURVE('',#8565,#9014,#9016,.T.);
#6713=EDGE_CURVE('',#9014,#8646,#9017,.T.);
#6714=EDGE_CURVE('',#8648,#9012,#9018,.T.);
#6715=EDGE_CURVE('',#9019,#8658,#9020,.T.);
#6716=EDGE_CURVE('',#9021,#9019,#9022,.T.);
#6717=EDGE_CURVE('',#8662,#9021,#9023,.T.);
#6718=EDGE_CURVE('',#9021,#8743,#9024,.T.);
#6719=EDGE_CURVE('',#8745,#9019,#9025,.T.);
#6720=EDGE_CURVE('',#9026,#8755,#9027,.T.);
#6721=EDGE_CURVE('',#9028,#9026,#9029,.T.);
#6722=EDGE_CURVE('',#8759,#9028,#9030,.T.);
#6723=EDGE_CURVE('',#9028,#8840,#9031,.T.);
#6724=EDGE_CURVE('',#8842,#9026,#9032,.T.);
#6725=EDGE_CURVE('',#9033,#8852,#9034,.T.);
#6726=EDGE_CURVE('',#9035,#9033,#9036,.T.);
#6727=EDGE_CURVE('',#8856,#9035,#9037,.T.);
#6728=EDGE_CURVE('',#9035,#8937,#9038,.T.);
#6729=EDGE_CURVE('',#8939,#9033,#9039,.T.);
#6730=EDGE_CURVE('',#9040,#9041,#9042,.T.);
#6731=EDGE_CURVE('',#9043,#9040,#9044,.T.);
#6732=EDGE_CURVE('',#9045,#9043,#9046,.T.);
#6733=EDGE_CURVE('',#9047,#9045,#9048,.T.);
#6734=EDGE_CURVE('',#9049,#9047,#9050,.T.);
#6735=EDGE_CURVE('',#9051,#9049,#9052,.T.);
#6736=EDGE_CURVE('',#9053,#9051,#9054,.T.);
#6737=EDGE_CURVE('',#9055,#9053,#9056,.T.);
#6738=EDGE_CURVE('',#9057,#9055,#9058,.T.);
#6739=EDGE_CURVE('',#9041,#9057,#9059,.T.);
#6740=EDGE_CURVE('',#9060,#9049,#9061,.T.);
#6741=EDGE_CURVE('',#9060,#9062,#9063,.T.);
#6742=EDGE_CURVE('',#9062,#9051,#9064,.T.);
#6743=EDGE_CURVE('',#9065,#9047,#9066,.T.);
#6744=EDGE_CURVE('',#9065,#9060,#9067,.T.);
#6745=EDGE_CURVE('',#9068,#9045,#9069,.T.);
#6746=EDGE_CURVE('',#9068,#9070,#9071,.T.);
#6747=EDGE_CURVE('',#9070,#9072,#9073,.T.);
#6748=EDGE_CURVE('',#9072,#9074,#9075,.T.);
#6749=EDGE_CURVE('',#9076,#9074,#9077,.T.);
#6750=EDGE_CURVE('',#9076,#9065,#9078,.T.);
#6751=EDGE_CURVE('',#9043,#9079,#9080,.T.);
#6752=EDGE_CURVE('',#9081,#9079,#9082,.T.);
#6753=EDGE_CURVE('',#9081,#9068,#9083,.T.);
#6754=EDGE_CURVE('',#8352,#9040,#9084,.T.);
#6755=EDGE_CURVE('',#9085,#8350,#9086,.T.);
#6756=EDGE_CURVE('',#9087,#9085,#9088,.T.);
#6757=EDGE_CURVE('',#9089,#9087,#9090,.T.);
#6758=EDGE_CURVE('',#9091,#9089,#9092,.T.);
#6759=EDGE_CURVE('',#9093,#9091,#9094,.T.);
#6760=EDGE_CURVE('',#9079,#9093,#9095,.T.);
#6761=EDGE_CURVE('',#9096,#9076,#9097,.T.);
#6762=EDGE_CURVE('',#9098,#9096,#9099,.T.);
#6763=EDGE_CURVE('',#9062,#9098,#9100,.T.);
#6764=EDGE_CURVE('',#9074,#9101,#9102,.T.);
#6765=EDGE_CURVE('',#9103,#9072,#9104,.T.);
#6766=EDGE_CURVE('',#9105,#9103,#9106,.T.);
#6767=EDGE_CURVE('',#9107,#9105,#9108,.T.);
#6768=EDGE_CURVE('',#9101,#9107,#9109,.T.);
#6769=EDGE_CURVE('',#9070,#9110,#9111,.T.);
#6770=EDGE_CURVE('',#9110,#9103,#9112,.T.);
#6771=EDGE_CURVE('',#9110,#9113,#9114,.T.);
#6772=EDGE_CURVE('',#9113,#9105,#9115,.T.);
#6773=EDGE_CURVE('',#9113,#9116,#9117,.T.);
#6774=EDGE_CURVE('',#9116,#9107,#9118,.T.);
#6775=EDGE_CURVE('',#9098,#9053,#9119,.T.);
#6776=EDGE_CURVE('',#9101,#9096,#9120,.T.);
#6777=EDGE_CURVE('',#9116,#9121,#9122,.T.);
#6778=EDGE_CURVE('',#9121,#9055,#9123,.T.);
#6779=EDGE_CURVE('',#9124,#9087,#9125,.T.);
#6780=EDGE_CURVE('',#9124,#9126,#9127,.T.);
#6781=EDGE_CURVE('',#9126,#9089,#9128,.T.);
#6782=EDGE_CURVE('',#9129,#9085,#9130,.T.);
#6783=EDGE_CURVE('',#9129,#9124,#9131,.T.);
#6784=EDGE_CURVE('',#8348,#9129,#9132,.T.);
#6785=EDGE_CURVE('',#7509,#8346,#9133,.T.);
#6786=EDGE_CURVE('',#9041,#7503,#9134,.T.);
#6787=EDGE_CURVE('',#7505,#9135,#9136,.T.);
#6788=EDGE_CURVE('',#9137,#9135,#9138,.T.);
#6789=EDGE_CURVE('',#9137,#7507,#9139,.T.);
#6790=EDGE_CURVE('',#9135,#9140,#9141,.T.);
#6791=EDGE_CURVE('',#9142,#9140,#9143,.T.);
#6792=EDGE_CURVE('',#9142,#9137,#9144,.T.);
#6793=EDGE_CURVE('',#9140,#9145,#9146,.T.);
#6794=EDGE_CURVE('',#9147,#9145,#9148,.T.);
#6795=EDGE_CURVE('',#9147,#9142,#9149,.T.);
#6796=EDGE_CURVE('',#9145,#9150,#9151,.T.);
#6797=EDGE_CURVE('',#9152,#9150,#9153,.T.);
#6798=EDGE_CURVE('',#9152,#9147,#9154,.T.);
#6799=EDGE_CURVE('',#9150,#9155,#9156,.T.);
#6800=EDGE_CURVE('',#9157,#9155,#9158,.T.);
#6801=EDGE_CURVE('',#9157,#9152,#9159,.T.);
#6802=EDGE_CURVE('',#9155,#9160,#9161,.T.);
#6803=EDGE_CURVE('',#9162,#9160,#9163,.T.);
#6804=EDGE_CURVE('',#9162,#9157,#9164,.T.);
#6805=EDGE_CURVE('',#9121,#9162,#9165,.T.);
#6806=EDGE_CURVE('',#9160,#9057,#9166,.T.);
#6807=EDGE_CURVE('',#9167,#9093,#9168,.T.);
#6808=EDGE_CURVE('',#9167,#9081,#9169,.T.);
#6809=EDGE_CURVE('',#9170,#9091,#9171,.T.);
#6810=EDGE_CURVE('',#9170,#9167,#9172,.T.);
#6811=EDGE_CURVE('',#9126,#9170,#9173,.T.);
#6812=ORIENTED_EDGE('',*,*,#9174,.T.);
#6813=ORIENTED_EDGE('',*,*,#9175,.T.);
#6814=ORIENTED_EDGE('',*,*,#9176,.F.);
#6815=ORIENTED_EDGE('',*,*,#9177,.T.);
#6816=CARTESIAN_POINT('',(-5.08,-0.68,4.5));
#6817=DIRECTION('',(-6.12303176911189E-17,0.0,-1.0));
#6818=DIRECTION('',(-1.0,0.0,6.12303176911189E-17));
#6819=ORIENTED_EDGE('',*,*,#9178,.T.);
#6820=ORIENTED_EDGE('',*,*,#9179,.T.);
#6821=ORIENTED_EDGE('',*,*,#9177,.F.);
#6822=ORIENTED_EDGE('',*,*,#9180,.F.);
#6823=CARTESIAN_POINT('',(-5.695,-0.68,3.335));
#6824=DIRECTION('',(-1.0,0.0,6.12303176911189E-17));
#6825=DIRECTION('',(6.12303176911189E-17,0.0,1.0));
#6826=ORIENTED_EDGE('',*,*,#9181,.T.);
#6827=ORIENTED_EDGE('',*,*,#9180,.T.);
#6828=ORIENTED_EDGE('',*,*,#9176,.T.);
#6829=ORIENTED_EDGE('',*,*,#9182,.T.);
#6830=CARTESIAN_POINT('',(-5.08,-2.18,3.335));
#6831=DIRECTION('',(0.0,1.0,0.0));
#6832=DIRECTION('',(-1.0,0.0,6.12303176911189E-17));
#6833=ORIENTED_EDGE('',*,*,#9183,.T.);
#6834=ORIENTED_EDGE('',*,*,#9182,.F.);
#6835=ORIENTED_EDGE('',*,*,#9175,.F.);
#6836=ORIENTED_EDGE('',*,*,#9184,.T.);
#6837=CARTESIAN_POINT('',(-4.465,-0.68,3.335));
#6838=DIRECTION('',(-1.0,0.0,6.12303176911189E-17));
#6839=DIRECTION('',(6.12303176911189E-17,0.0,1.0));
#6840=ORIENTED_EDGE('',*,*,#9181,.F.);
#6841=ORIENTED_EDGE('',*,*,#9183,.F.);
#6842=ORIENTED_EDGE('',*,*,#9185,.F.);
#6843=ORIENTED_EDGE('',*,*,#9178,.F.);
#6844=CARTESIAN_POINT('',(-6.08,-2.04846251177079,4.33567560620025));
#6845=DIRECTION('',(-6.12303091170953E-17,-0.000529205149318344,0.999999859970945));
#6846=DIRECTION('',(3.24033994165382E-20,-0.999999859970945,-0.000529205149318344));
#6847=ORIENTED_EDGE('',*,*,#9174,.F.);
#6848=ORIENTED_EDGE('',*,*,#9179,.F.);
#6849=ORIENTED_EDGE('',*,*,#9185,.T.);
#6850=ORIENTED_EDGE('',*,*,#9184,.F.);
#6851=CARTESIAN_POINT('',(-6.08,-0.153992874670282,4.48046882169707));
#6852=DIRECTION('',(-6.03000915816147E-17,-0.173648177666902,0.984807753012213));
#6853=DIRECTION('',(1.06325330850283E-17,-0.984807753012213,-0.173648177666902));
#6854=ORIENTED_EDGE('',*,*,#9186,.T.);
#6855=ORIENTED_EDGE('',*,*,#9187,.T.);
#6856=ORIENTED_EDGE('',*,*,#9188,.F.);
#6857=ORIENTED_EDGE('',*,*,#9189,.T.);
#6858=CARTESIAN_POINT('',(2.75536429610035E-16,-0.68,4.5));
#6859=DIRECTION('',(-6.12303176911189E-17,0.0,-1.0));
#6860=DIRECTION('',(-1.0,0.0,6.12303176911189E-17));
#6861=ORIENTED_EDGE('',*,*,#9190,.T.);
#6862=ORIENTED_EDGE('',*,*,#9191,.T.);
#6863=ORIENTED_EDGE('',*,*,#9189,.F.);
#6864=ORIENTED_EDGE('',*,*,#9192,.F.);
#6865=CARTESIAN_POINT('',(-0.615,-0.68,3.335));
#6866=DIRECTION('',(-1.0,0.0,6.12303176911189E-17));
#6867=DIRECTION('',(6.12303176911189E-17,0.0,1.0));
#6868=ORIENTED_EDGE('',*,*,#9193,.T.);
#6869=ORIENTED_EDGE('',*,*,#9192,.T.);
#6870=ORIENTED_EDGE('',*,*,#9188,.T.);
#6871=ORIENTED_EDGE('',*,*,#9194,.T.);
#6872=CARTESIAN_POINT('',(2.04203109499881E-16,-2.18,3.335));
#6873=DIRECTION('',(0.0,1.0,0.0));
#6874=DIRECTION('',(-1.0,0.0,6.12303176911189E-17));
#6875=ORIENTED_EDGE('',*,*,#9195,.T.);
#6876=ORIENTED_EDGE('',*,*,#9194,.F.);
#6877=ORIENTED_EDGE('',*,*,#9187,.F.);
#6878=ORIENTED_EDGE('',*,*,#9196,.T.);
#6879=CARTESIAN_POINT('',(0.615,-0.68,3.335));
#6880=DIRECTION('',(-1.0,0.0,6.12303176911189E-17));
#6881=DIRECTION('',(6.12303176911189E-17,0.0,1.0));
#6882=ORIENTED_EDGE('',*,*,#9193,.F.);
#6883=ORIENTED_EDGE('',*,*,#9195,.F.);
#6884=ORIENTED_EDGE('',*,*,#9197,.F.);
#6885=ORIENTED_EDGE('',*,*,#9190,.F.);
#6886=CARTESIAN_POINT('',(-1.0,-2.04846251177079,4.33567560620025));
#6887=DIRECTION('',(-6.12303091170953E-17,-0.000529205149318344,0.999999859970945));
#6888=DIRECTION('',(3.24033994165382E-20,-0.999999859970945,-0.000529205149318344));
#6889=ORIENTED_EDGE('',*,*,#9186,.F.);
#6890=ORIENTED_EDGE('',*,*,#9191,.F.);
#6891=ORIENTED_EDGE('',*,*,#9197,.T.);
#6892=ORIENTED_EDGE('',*,*,#9196,.F.);
#6893=CARTESIAN_POINT('',(-1.0,-0.153992874670282,4.48046882169707));
#6894=DIRECTION('',(-6.03000915816147E-17,-0.173648177666902,0.984807753012213));
#6895=DIRECTION('',(1.06325330850283E-17,-0.984807753012213,-0.173648177666902));
#6896=ORIENTED_EDGE('',*,*,#9198,.T.);
#6897=ORIENTED_EDGE('',*,*,#9199,.T.);
#6898=ORIENTED_EDGE('',*,*,#9200,.F.);
#6899=ORIENTED_EDGE('',*,*,#9201,.T.);
#6900=CARTESIAN_POINT('',(5.08,-0.68,4.5));
#6901=DIRECTION('',(-6.12303176911189E-17,0.0,-1.0));
#6902=DIRECTION('',(-1.0,0.0,6.12303176911189E-17));
#6903=ORIENTED_EDGE('',*,*,#9202,.T.);
#6904=ORIENTED_EDGE('',*,*,#9203,.T.);
#6905=ORIENTED_EDGE('',*,*,#9201,.F.);
#6906=ORIENTED_EDGE('',*,*,#9204,.F.);
#6907=CARTESIAN_POINT('',(4.465,-0.68,3.335));
#6908=DIRECTION('',(-1.0,0.0,6.12303176911189E-17));
#6909=DIRECTION('',(6.12303176911189E-17,0.0,1.0));
#6910=ORIENTED_EDGE('',*,*,#9205,.T.);
#6911=ORIENTED_EDGE('',*,*,#9204,.T.);
#6912=ORIENTED_EDGE('',*,*,#9200,.T.);
#6913=ORIENTED_EDGE('',*,*,#9206,.T.);
#6914=CARTESIAN_POINT('',(5.08,-2.18,3.335));
#6915=DIRECTION('',(0.0,1.0,0.0));
#6916=DIRECTION('',(-1.0,0.0,6.12303176911189E-17));
#6917=ORIENTED_EDGE('',*,*,#9207,.T.);
#6918=ORIENTED_EDGE('',*,*,#9206,.F.);
#6919=ORIENTED_EDGE('',*,*,#9199,.F.);
#6920=ORIENTED_EDGE('',*,*,#9208,.T.);
#6921=CARTESIAN_POINT('',(5.695,-0.68,3.335));
#6922=DIRECTION('',(-1.0,0.0,6.12303176911189E-17));
#6923=DIRECTION('',(6.12303176911189E-17,0.0,1.0));
#6924=ORIENTED_EDGE('',*,*,#9205,.F.);
#6925=ORIENTED_EDGE('',*,*,#9207,.F.);
#6926=ORIENTED_EDGE('',*,*,#9209,.F.);
#6927=ORIENTED_EDGE('',*,*,#9202,.F.);
#6928=CARTESIAN_POINT('',(4.08,-2.04846251177079,4.33567560620025));
#6929=DIRECTION('',(-6.12303091170953E-17,-0.000529205149318344,0.999999859970945));
#6930=DIRECTION('',(3.24033994165382E-20,-0.999999859970945,-0.000529205149318344));
#6931=ORIENTED_EDGE('',*,*,#9198,.F.);
#6932=ORIENTED_EDGE('',*,*,#9203,.F.);
#6933=ORIENTED_EDGE('',*,*,#9209,.T.);
#6934=ORIENTED_EDGE('',*,*,#9208,.F.);
#6935=CARTESIAN_POINT('',(4.08,-0.153992874670282,4.48046882169707));
#6936=DIRECTION('',(-6.03000915816147E-17,-0.173648177666902,0.984807753012213));
#6937=DIRECTION('',(1.06325330850283E-17,-0.984807753012213,-0.173648177666902));
#6938=ORIENTED_EDGE('',*,*,#9210,.T.);
#6939=ORIENTED_EDGE('',*,*,#9211,.T.);
#6940=ORIENTED_EDGE('',*,*,#9212,.T.);
#6941=ORIENTED_EDGE('',*,*,#9213,.T.);
#6942=CARTESIAN_POINT('',(-7.62,-0.68,-4.5));
#6943=DIRECTION('',(6.12303176911189E-17,0.0,1.0));
#6944=DIRECTION('',(1.0,0.0,-6.12303176911189E-17));
#6945=ORIENTED_EDGE('',*,*,#9214,.T.);
#6946=ORIENTED_EDGE('',*,*,#9215,.T.);
#6947=ORIENTED_EDGE('',*,*,#9212,.F.);
#6948=ORIENTED_EDGE('',*,*,#9216,.T.);
#6949=CARTESIAN_POINT('',(-7.62,-2.18,-3.335));
#6950=DIRECTION('',(0.0,1.0,0.0));
#6951=DIRECTION('',(-1.0,0.0,6.12303176911189E-17));
#6952=ORIENTED_EDGE('',*,*,#9217,.T.);
#6953=ORIENTED_EDGE('',*,*,#9213,.F.);
#6954=ORIENTED_EDGE('',*,*,#9215,.F.);
#6955=ORIENTED_EDGE('',*,*,#9218,.T.);
#6956=CARTESIAN_POINT('',(-7.005,-0.68,-3.335));
#6957=DIRECTION('',(-1.0,0.0,6.12303176911189E-17));
#6958=DIRECTION('',(6.12303176911189E-17,0.0,1.0));
#6959=ORIENTED_EDGE('',*,*,#9219,.T.);
#6960=ORIENTED_EDGE('',*,*,#9220,.T.);
#6961=ORIENTED_EDGE('',*,*,#9216,.F.);
#6962=ORIENTED_EDGE('',*,*,#9211,.F.);
#6963=CARTESIAN_POINT('',(-8.235,-0.68,-3.335));
#6964=DIRECTION('',(-1.0,0.0,6.12303176911189E-17));
#6965=DIRECTION('',(6.12303176911189E-17,0.0,1.0));
#6966=ORIENTED_EDGE('',*,*,#9214,.F.);
#6967=ORIENTED_EDGE('',*,*,#9220,.F.);
#6968=ORIENTED_EDGE('',*,*,#9221,.F.);
#6969=ORIENTED_EDGE('',*,*,#9218,.F.);
#6970=CARTESIAN_POINT('',(-6.62,-2.04846251177079,-4.33567560620025));
#6971=DIRECTION('',(-6.12303091170953E-17,-0.000529205149318344,-0.999999859970945));
#6972=DIRECTION('',(3.24033994165382E-20,-0.999999859970945,0.000529205149318344));
#6973=ORIENTED_EDGE('',*,*,#9210,.F.);
#6974=ORIENTED_EDGE('',*,*,#9217,.F.);
#6975=ORIENTED_EDGE('',*,*,#9221,.T.);
#6976=ORIENTED_EDGE('',*,*,#9219,.F.);
#6977=CARTESIAN_POINT('',(-6.62,-0.153992874670282,-4.48046882169707));
#6978=DIRECTION('',(-6.03000915816147E-17,-0.173648177666902,-0.984807753012213));
#6979=DIRECTION('',(1.06325330850283E-17,-0.984807753012213,0.173648177666902));
#6980=ORIENTED_EDGE('',*,*,#9222,.T.);
#6981=ORIENTED_EDGE('',*,*,#9223,.T.);
#6982=ORIENTED_EDGE('',*,*,#9224,.T.);
#6983=ORIENTED_EDGE('',*,*,#9225,.T.);
#6984=CARTESIAN_POINT('',(-2.54,-0.68,-4.5));
#6985=DIRECTION('',(6.12303176911189E-17,0.0,1.0));
#6986=DIRECTION('',(1.0,0.0,-6.12303176911189E-17));
#6987=ORIENTED_EDGE('',*,*,#9226,.T.);
#6988=ORIENTED_EDGE('',*,*,#9227,.T.);
#6989=ORIENTED_EDGE('',*,*,#9224,.F.);
#6990=ORIENTED_EDGE('',*,*,#9228,.T.);
#6991=CARTESIAN_POINT('',(-2.54,-2.18,-3.335));
#6992=DIRECTION('',(0.0,1.0,0.0));
#6993=DIRECTION('',(-1.0,0.0,6.12303176911189E-17));
#6994=ORIENTED_EDGE('',*,*,#9229,.T.);
#6995=ORIENTED_EDGE('',*,*,#9225,.F.);
#6996=ORIENTED_EDGE('',*,*,#9227,.F.);
#6997=ORIENTED_EDGE('',*,*,#9230,.T.);
#6998=CARTESIAN_POINT('',(-1.925,-0.68,-3.335));
#6999=DIRECTION('',(-1.0,0.0,6.12303176911189E-17));
#7000=DIRECTION('',(6.12303176911189E-17,0.0,1.0));
#7001=ORIENTED_EDGE('',*,*,#9231,.T.);
#7002=ORIENTED_EDGE('',*,*,#9232,.T.);
#7003=ORIENTED_EDGE('',*,*,#9228,.F.);
#7004=ORIENTED_EDGE('',*,*,#9223,.F.);
#7005=CARTESIAN_POINT('',(-3.155,-0.68,-3.335));
#7006=DIRECTION('',(-1.0,0.0,6.12303176911189E-17));
#7007=DIRECTION('',(6.12303176911189E-17,0.0,1.0));
#7008=ORIENTED_EDGE('',*,*,#9226,.F.);
#7009=ORIENTED_EDGE('',*,*,#9232,.F.);
#7010=ORIENTED_EDGE('',*,*,#9233,.F.);
#7011=ORIENTED_EDGE('',*,*,#9230,.F.);
#7012=CARTESIAN_POINT('',(-1.54,-2.04846251177079,-4.33567560620025));
#7013=DIRECTION('',(-6.12303091170953E-17,-0.000529205149318344,-0.999999859970945));
#7014=DIRECTION('',(3.24033994165382E-20,-0.999999859970945,0.000529205149318344));
#7015=ORIENTED_EDGE('',*,*,#9222,.F.);
#7016=ORIENTED_EDGE('',*,*,#9229,.F.);
#7017=ORIENTED_EDGE('',*,*,#9233,.T.);
#7018=ORIENTED_EDGE('',*,*,#9231,.F.);
#7019=CARTESIAN_POINT('',(-1.54,-0.153992874670282,-4.48046882169707));
#7020=DIRECTION('',(-6.03000915816147E-17,-0.173648177666902,-0.984807753012213));
#7021=DIRECTION('',(1.06325330850283E-17,-0.984807753012213,0.173648177666902));
#7022=ORIENTED_EDGE('',*,*,#9234,.T.);
#7023=ORIENTED_EDGE('',*,*,#9235,.T.);
#7024=ORIENTED_EDGE('',*,*,#9236,.T.);
#7025=ORIENTED_EDGE('',*,*,#9237,.T.);
#7026=CARTESIAN_POINT('',(2.54,-0.68,-4.5));
#7027=DIRECTION('',(6.12303176911189E-17,0.0,1.0));
#7028=DIRECTION('',(1.0,0.0,-6.12303176911189E-17));
#7029=ORIENTED_EDGE('',*,*,#9238,.T.);
#7030=ORIENTED_EDGE('',*,*,#9239,.T.);
#7031=ORIENTED_EDGE('',*,*,#9236,.F.);
#7032=ORIENTED_EDGE('',*,*,#9240,.T.);
#7033=CARTESIAN_POINT('',(2.54,-2.18,-3.335));
#7034=DIRECTION('',(0.0,1.0,0.0));
#7035=DIRECTION('',(-1.0,0.0,6.12303176911189E-17));
#7036=ORIENTED_EDGE('',*,*,#9241,.T.);
#7037=ORIENTED_EDGE('',*,*,#9237,.F.);
#7038=ORIENTED_EDGE('',*,*,#9239,.F.);
#7039=ORIENTED_EDGE('',*,*,#9242,.T.);
#7040=CARTESIAN_POINT('',(3.155,-0.68,-3.335));
#7041=DIRECTION('',(-1.0,0.0,6.12303176911189E-17));
#7042=DIRECTION('',(6.12303176911189E-17,0.0,1.0));
#7043=ORIENTED_EDGE('',*,*,#9243,.T.);
#7044=ORIENTED_EDGE('',*,*,#9244,.T.);
#7045=ORIENTED_EDGE('',*,*,#9240,.F.);
#7046=ORIENTED_EDGE('',*,*,#9235,.F.);
#7047=CARTESIAN_POINT('',(1.925,-0.68,-3.335));
#7048=DIRECTION('',(-1.0,0.0,6.12303176911189E-17));
#7049=DIRECTION('',(6.12303176911189E-17,0.0,1.0));
#7050=ORIENTED_EDGE('',*,*,#9238,.F.);
#7051=ORIENTED_EDGE('',*,*,#9244,.F.);
#7052=ORIENTED_EDGE('',*,*,#9245,.F.);
#7053=ORIENTED_EDGE('',*,*,#9242,.F.);
#7054=CARTESIAN_POINT('',(3.54,-2.04846251177079,-4.33567560620025));
#7055=DIRECTION('',(-6.12303091170953E-17,-0.000529205149318344,-0.999999859970945));
#7056=DIRECTION('',(3.24033994165382E-20,-0.999999859970945,0.000529205149318344));
#7057=ORIENTED_EDGE('',*,*,#9234,.F.);
#7058=ORIENTED_EDGE('',*,*,#9241,.F.);
#7059=ORIENTED_EDGE('',*,*,#9245,.T.);
#7060=ORIENTED_EDGE('',*,*,#9243,.F.);
#7061=CARTESIAN_POINT('',(3.54,-0.153992874670282,-4.48046882169707));
#7062=DIRECTION('',(-6.03000915816147E-17,-0.173648177666902,-0.984807753012213));
#7063=DIRECTION('',(1.06325330850283E-17,-0.984807753012213,0.173648177666902));
#7064=ORIENTED_EDGE('',*,*,#9246,.T.);
#7065=ORIENTED_EDGE('',*,*,#9247,.T.);
#7066=ORIENTED_EDGE('',*,*,#9248,.T.);
#7067=ORIENTED_EDGE('',*,*,#9249,.T.);
#7068=CARTESIAN_POINT('',(7.62,-0.68,-4.5));
#7069=DIRECTION('',(6.12303176911189E-17,0.0,1.0));
#7070=DIRECTION('',(1.0,0.0,-6.12303176911189E-17));
#7071=ORIENTED_EDGE('',*,*,#9250,.T.);
#7072=ORIENTED_EDGE('',*,*,#9251,.T.);
#7073=ORIENTED_EDGE('',*,*,#9248,.F.);
#7074=ORIENTED_EDGE('',*,*,#9252,.T.);
#7075=CARTESIAN_POINT('',(7.62,-2.18,-3.335));
#7076=DIRECTION('',(0.0,1.0,0.0));
#7077=DIRECTION('',(-1.0,0.0,6.12303176911189E-17));
#7078=ORIENTED_EDGE('',*,*,#9253,.T.);
#7079=ORIENTED_EDGE('',*,*,#9249,.F.);
#7080=ORIENTED_EDGE('',*,*,#9251,.F.);
#7081=ORIENTED_EDGE('',*,*,#9254,.T.);
#7082=CARTESIAN_POINT('',(8.235,-0.68,-3.335));
#7083=DIRECTION('',(-1.0,0.0,6.12303176911189E-17));
#7084=DIRECTION('',(6.12303176911189E-17,0.0,1.0));
#7085=ORIENTED_EDGE('',*,*,#9255,.T.);
#7086=ORIENTED_EDGE('',*,*,#9256,.T.);
#7087=ORIENTED_EDGE('',*,*,#9252,.F.);
#7088=ORIENTED_EDGE('',*,*,#9247,.F.);
#7089=CARTESIAN_POINT('',(7.005,-0.68,-3.335));
#7090=DIRECTION('',(-1.0,0.0,6.12303176911189E-17));
#7091=DIRECTION('',(6.12303176911189E-17,0.0,1.0));
#7092=ORIENTED_EDGE('',*,*,#9250,.F.);
#7093=ORIENTED_EDGE('',*,*,#9256,.F.);
#7094=ORIENTED_EDGE('',*,*,#9257,.F.);
#7095=ORIENTED_EDGE('',*,*,#9254,.F.);
#7096=CARTESIAN_POINT('',(8.62,-2.04846251177079,-4.33567560620025));
#7097=DIRECTION('',(-6.12303091170953E-17,-0.000529205149318344,-0.999999859970945));
#7098=DIRECTION('',(3.24033994165382E-20,-0.999999859970945,0.000529205149318344));
#7099=ORIENTED_EDGE('',*,*,#9246,.F.);
#7100=ORIENTED_EDGE('',*,*,#9253,.F.);
#7101=ORIENTED_EDGE('',*,*,#9257,.T.);
#7102=ORIENTED_EDGE('',*,*,#9255,.F.);
#7103=CARTESIAN_POINT('',(8.62,-0.153992874670282,-4.48046882169708));
#7104=DIRECTION('',(-6.03000915816147E-17,-0.173648177666902,-0.984807753012213));
#7105=DIRECTION('',(1.06325330850283E-17,-0.984807753012213,0.173648177666902));
#7106=ORIENTED_EDGE('',*,*,#9258,.T.);
#7107=ORIENTED_EDGE('',*,*,#9259,.T.);
#7108=ORIENTED_EDGE('',*,*,#9260,.T.);
#7109=ORIENTED_EDGE('',*,*,#9261,.T.);
#7110=CARTESIAN_POINT('',(5.08,-0.68,-4.5));
#7111=DIRECTION('',(6.12303176911189E-17,0.0,1.0));
#7112=DIRECTION('',(1.0,0.0,-6.12303176911189E-17));
#7113=ORIENTED_EDGE('',*,*,#9262,.T.);
#7114=ORIENTED_EDGE('',*,*,#9263,.T.);
#7115=ORIENTED_EDGE('',*,*,#9260,.F.);
#7116=ORIENTED_EDGE('',*,*,#9264,.T.);
#7117=CARTESIAN_POINT('',(5.08,-2.18,-3.335));
#7118=DIRECTION('',(0.0,1.0,0.0));
#7119=DIRECTION('',(-1.0,0.0,6.12303176911189E-17));
#7120=ORIENTED_EDGE('',*,*,#9265,.T.);
#7121=ORIENTED_EDGE('',*,*,#9261,.F.);
#7122=ORIENTED_EDGE('',*,*,#9263,.F.);
#7123=ORIENTED_EDGE('',*,*,#9266,.T.);
#7124=CARTESIAN_POINT('',(5.695,-0.68,-3.335));
#7125=DIRECTION('',(-1.0,0.0,6.12303176911189E-17));
#7126=DIRECTION('',(6.12303176911189E-17,0.0,1.0));
#7127=ORIENTED_EDGE('',*,*,#9267,.T.);
#7128=ORIENTED_EDGE('',*,*,#9268,.T.);
#7129=ORIENTED_EDGE('',*,*,#9264,.F.);
#7130=ORIENTED_EDGE('',*,*,#9259,.F.);
#7131=CARTESIAN_POINT('',(4.465,-0.68,-3.335));
#7132=DIRECTION('',(-1.0,0.0,6.12303176911189E-17));
#7133=DIRECTION('',(6.12303176911189E-17,0.0,1.0));
#7134=ORIENTED_EDGE('',*,*,#9262,.F.);
#7135=ORIENTED_EDGE('',*,*,#9268,.F.);
#7136=ORIENTED_EDGE('',*,*,#9269,.F.);
#7137=ORIENTED_EDGE('',*,*,#9266,.F.);
#7138=CARTESIAN_POINT('',(6.08,-2.04846251177079,-4.33567560620025));
#7139=DIRECTION('',(-6.12303091170953E-17,-0.000529205149318344,-0.999999859970945));
#7140=DIRECTION('',(3.24033994165382E-20,-0.999999859970945,0.000529205149318344));
#7141=ORIENTED_EDGE('',*,*,#9258,.F.);
#7142=ORIENTED_EDGE('',*,*,#9265,.F.);
#7143=ORIENTED_EDGE('',*,*,#9269,.T.);
#7144=ORIENTED_EDGE('',*,*,#9267,.F.);
#7145=CARTESIAN_POINT('',(6.08,-0.153992874670282,-4.48046882169707));
#7146=DIRECTION('',(-6.03000915816147E-17,-0.173648177666902,-0.984807753012213));
#7147=DIRECTION('',(1.06325330850283E-17,-0.984807753012213,0.173648177666902));
#7148=ORIENTED_EDGE('',*,*,#9270,.T.);
#7149=ORIENTED_EDGE('',*,*,#9271,.T.);
#7150=ORIENTED_EDGE('',*,*,#9272,.T.);
#7151=ORIENTED_EDGE('',*,*,#9273,.T.);
#7152=CARTESIAN_POINT('',(-2.75536429610035E-16,-0.68,-4.5));
#7153=DIRECTION('',(6.12303176911189E-17,0.0,1.0));
#7154=DIRECTION('',(1.0,0.0,-6.12303176911189E-17));
#7155=ORIENTED_EDGE('',*,*,#9274,.T.);
#7156=ORIENTED_EDGE('',*,*,#9275,.T.);
#7157=ORIENTED_EDGE('',*,*,#9272,.F.);
#7158=ORIENTED_EDGE('',*,*,#9276,.T.);
#7159=CARTESIAN_POINT('',(-2.04203109499881E-16,-2.18,-3.335));
#7160=DIRECTION('',(0.0,1.0,0.0));
#7161=DIRECTION('',(-1.0,0.0,6.12303176911189E-17));
#7162=ORIENTED_EDGE('',*,*,#9277,.T.);
#7163=ORIENTED_EDGE('',*,*,#9273,.F.);
#7164=ORIENTED_EDGE('',*,*,#9275,.F.);
#7165=ORIENTED_EDGE('',*,*,#9278,.T.);
#7166=CARTESIAN_POINT('',(0.615,-0.68,-3.335));
#7167=DIRECTION('',(-1.0,0.0,6.12303176911189E-17));
#7168=DIRECTION('',(6.12303176911189E-17,0.0,1.0));
#7169=ORIENTED_EDGE('',*,*,#9279,.T.);
#7170=ORIENTED_EDGE('',*,*,#9280,.T.);
#7171=ORIENTED_EDGE('',*,*,#9276,.F.);
#7172=ORIENTED_EDGE('',*,*,#9271,.F.);
#7173=CARTESIAN_POINT('',(-0.615,-0.68,-3.335));
#7174=DIRECTION('',(-1.0,0.0,6.12303176911189E-17));
#7175=DIRECTION('',(6.12303176911189E-17,0.0,1.0));
#7176=ORIENTED_EDGE('',*,*,#9274,.F.);
#7177=ORIENTED_EDGE('',*,*,#9280,.F.);
#7178=ORIENTED_EDGE('',*,*,#9281,.F.);
#7179=ORIENTED_EDGE('',*,*,#9278,.F.);
#7180=CARTESIAN_POINT('',(1.0,-2.04846251177079,-4.33567560620025));
#7181=DIRECTION('',(-6.12303091170953E-17,-0.000529205149318344,-0.999999859970945));
#7182=DIRECTION('',(3.24033994165382E-20,-0.999999859970945,0.000529205149318344));
#7183=ORIENTED_EDGE('',*,*,#9270,.F.);
#7184=ORIENTED_EDGE('',*,*,#9277,.F.);
#7185=ORIENTED_EDGE('',*,*,#9281,.T.);
#7186=ORIENTED_EDGE('',*,*,#9279,.F.);
#7187=CARTESIAN_POINT('',(1.0,-0.153992874670282,-4.48046882169707));
#7188=DIRECTION('',(-6.03000915816147E-17,-0.173648177666902,-0.984807753012213));
#7189=DIRECTION('',(1.06325330850283E-17,-0.984807753012213,0.173648177666902));
#7190=ORIENTED_EDGE('',*,*,#9282,.T.);
#7191=ORIENTED_EDGE('',*,*,#9283,.T.);
#7192=ORIENTED_EDGE('',*,*,#9284,.T.);
#7193=ORIENTED_EDGE('',*,*,#9285,.T.);
#7194=CARTESIAN_POINT('',(-5.08,-0.68,-4.5));
#7195=DIRECTION('',(6.12303176911189E-17,0.0,1.0));
#7196=DIRECTION('',(1.0,0.0,-6.12303176911189E-17));
#7197=ORIENTED_EDGE('',*,*,#9286,.T.);
#7198=ORIENTED_EDGE('',*,*,#9287,.T.);
#7199=ORIENTED_EDGE('',*,*,#9284,.F.);
#7200=ORIENTED_EDGE('',*,*,#9288,.T.);
#7201=CARTESIAN_POINT('',(-5.08,-2.18,-3.335));
#7202=DIRECTION('',(0.0,1.0,0.0));
#7203=DIRECTION('',(-1.0,0.0,6.12303176911189E-17));
#7204=ORIENTED_EDGE('',*,*,#9289,.T.);
#7205=ORIENTED_EDGE('',*,*,#9285,.F.);
#7206=ORIENTED_EDGE('',*,*,#9287,.F.);
#7207=ORIENTED_EDGE('',*,*,#9290,.T.);
#7208=CARTESIAN_POINT('',(-4.465,-0.68,-3.335));
#7209=DIRECTION('',(-1.0,0.0,6.12303176911189E-17));
#7210=DIRECTION('',(6.12303176911189E-17,0.0,1.0));
#7211=ORIENTED_EDGE('',*,*,#9291,.T.);
#7212=ORIENTED_EDGE('',*,*,#9292,.T.);
#7213=ORIENTED_EDGE('',*,*,#9288,.F.);
#7214=ORIENTED_EDGE('',*,*,#9283,.F.);
#7215=CARTESIAN_POINT('',(-5.695,-0.68,-3.335));
#7216=DIRECTION('',(-1.0,0.0,6.12303176911189E-17));
#7217=DIRECTION('',(6.12303176911189E-17,0.0,1.0));
#7218=ORIENTED_EDGE('',*,*,#9286,.F.);
#7219=ORIENTED_EDGE('',*,*,#9292,.F.);
#7220=ORIENTED_EDGE('',*,*,#9293,.F.);
#7221=ORIENTED_EDGE('',*,*,#9290,.F.);
#7222=CARTESIAN_POINT('',(-4.08,-2.04846251177079,-4.33567560620025));
#7223=DIRECTION('',(-6.12303091170953E-17,-0.000529205149318344,-0.999999859970945));
#7224=DIRECTION('',(3.24033994165382E-20,-0.999999859970945,0.000529205149318344));
#7225=ORIENTED_EDGE('',*,*,#9282,.F.);
#7226=ORIENTED_EDGE('',*,*,#9289,.F.);
#7227=ORIENTED_EDGE('',*,*,#9293,.T.);
#7228=ORIENTED_EDGE('',*,*,#9291,.F.);
#7229=CARTESIAN_POINT('',(-4.08,-0.153992874670282,-4.48046882169707));
#7230=DIRECTION('',(-6.03000915816147E-17,-0.173648177666902,-0.984807753012213));
#7231=DIRECTION('',(1.06325330850283E-17,-0.984807753012213,0.173648177666902));
#7232=ORIENTED_EDGE('',*,*,#9294,.T.);
#7233=ORIENTED_EDGE('',*,*,#9295,.T.);
#7234=ORIENTED_EDGE('',*,*,#9296,.F.);
#7235=ORIENTED_EDGE('',*,*,#9297,.T.);
#7236=CARTESIAN_POINT('',(7.62,-0.68,4.5));
#7237=DIRECTION('',(-6.12303176911189E-17,0.0,-1.0));
#7238=DIRECTION('',(-1.0,0.0,6.12303176911189E-17));
#7239=ORIENTED_EDGE('',*,*,#9298,.T.);
#7240=ORIENTED_EDGE('',*,*,#9299,.T.);
#7241=ORIENTED_EDGE('',*,*,#9297,.F.);
#7242=ORIENTED_EDGE('',*,*,#9300,.F.);
#7243=CARTESIAN_POINT('',(7.005,-0.68,3.335));
#7244=DIRECTION('',(-1.0,0.0,6.12303176911189E-17));
#7245=DIRECTION('',(6.12303176911189E-17,0.0,1.0));
#7246=ORIENTED_EDGE('',*,*,#9301,.T.);
#7247=ORIENTED_EDGE('',*,*,#9300,.T.);
#7248=ORIENTED_EDGE('',*,*,#9296,.T.);
#7249=ORIENTED_EDGE('',*,*,#9302,.T.);
#7250=CARTESIAN_POINT('',(7.62,-2.18,3.335));
#7251=DIRECTION('',(0.0,1.0,0.0));
#7252=DIRECTION('',(-1.0,0.0,6.12303176911189E-17));
#7253=ORIENTED_EDGE('',*,*,#9303,.T.);
#7254=ORIENTED_EDGE('',*,*,#9302,.F.);
#7255=ORIENTED_EDGE('',*,*,#9295,.F.);
#7256=ORIENTED_EDGE('',*,*,#9304,.T.);
#7257=CARTESIAN_POINT('',(8.235,-0.68,3.335));
#7258=DIRECTION('',(-1.0,0.0,6.12303176911189E-17));
#7259=DIRECTION('',(6.12303176911189E-17,0.0,1.0));
#7260=ORIENTED_EDGE('',*,*,#9301,.F.);
#7261=ORIENTED_EDGE('',*,*,#9303,.F.);
#7262=ORIENTED_EDGE('',*,*,#9305,.F.);
#7263=ORIENTED_EDGE('',*,*,#9298,.F.);
#7264=CARTESIAN_POINT('',(6.62,-2.04846251177079,4.33567560620025));
#7265=DIRECTION('',(-6.12303091170953E-17,-0.000529205149318344,0.999999859970945));
#7266=DIRECTION('',(3.24033994165382E-20,-0.999999859970945,-0.000529205149318344));
#7267=ORIENTED_EDGE('',*,*,#9294,.F.);
#7268=ORIENTED_EDGE('',*,*,#9299,.F.);
#7269=ORIENTED_EDGE('',*,*,#9305,.T.);
#7270=ORIENTED_EDGE('',*,*,#9304,.F.);
#7271=CARTESIAN_POINT('',(6.62,-0.153992874670282,4.48046882169707));
#7272=DIRECTION('',(-6.03000915816147E-17,-0.173648177666902,0.984807753012213));
#7273=DIRECTION('',(1.06325330850283E-17,-0.984807753012213,-0.173648177666902));
#7274=ORIENTED_EDGE('',*,*,#9306,.T.);
#7275=ORIENTED_EDGE('',*,*,#9307,.T.);
#7276=ORIENTED_EDGE('',*,*,#9308,.F.);
#7277=ORIENTED_EDGE('',*,*,#9309,.T.);
#7278=CARTESIAN_POINT('',(2.54,-0.68,4.5));
#7279=DIRECTION('',(-6.12303176911189E-17,0.0,-1.0));
#7280=DIRECTION('',(-1.0,0.0,6.12303176911189E-17));
#7281=ORIENTED_EDGE('',*,*,#9310,.T.);
#7282=ORIENTED_EDGE('',*,*,#9311,.T.);
#7283=ORIENTED_EDGE('',*,*,#9309,.F.);
#7284=ORIENTED_EDGE('',*,*,#9312,.F.);
#7285=CARTESIAN_POINT('',(1.925,-0.68,3.335));
#7286=DIRECTION('',(-1.0,0.0,6.12303176911189E-17));
#7287=DIRECTION('',(6.12303176911189E-17,0.0,1.0));
#7288=ORIENTED_EDGE('',*,*,#9313,.T.);
#7289=ORIENTED_EDGE('',*,*,#9312,.T.);
#7290=ORIENTED_EDGE('',*,*,#9308,.T.);
#7291=ORIENTED_EDGE('',*,*,#9314,.T.);
#7292=CARTESIAN_POINT('',(2.54,-2.18,3.335));
#7293=DIRECTION('',(0.0,1.0,0.0));
#7294=DIRECTION('',(-1.0,0.0,6.12303176911189E-17));
#7295=ORIENTED_EDGE('',*,*,#9315,.T.);
#7296=ORIENTED_EDGE('',*,*,#9314,.F.);
#7297=ORIENTED_EDGE('',*,*,#9307,.F.);
#7298=ORIENTED_EDGE('',*,*,#9316,.T.);
#7299=CARTESIAN_POINT('',(3.155,-0.68,3.335));
#7300=DIRECTION('',(-1.0,0.0,6.12303176911189E-17));
#7301=DIRECTION('',(6.12303176911189E-17,0.0,1.0));
#7302=ORIENTED_EDGE('',*,*,#9313,.F.);
#7303=ORIENTED_EDGE('',*,*,#9315,.F.);
#7304=ORIENTED_EDGE('',*,*,#9317,.F.);
#7305=ORIENTED_EDGE('',*,*,#9310,.F.);
#7306=CARTESIAN_POINT('',(1.54,-2.04846251177079,4.33567560620025));
#7307=DIRECTION('',(-6.12303091170953E-17,-0.000529205149318344,0.999999859970945));
#7308=DIRECTION('',(3.24033994165382E-20,-0.999999859970945,-0.000529205149318344));
#7309=ORIENTED_EDGE('',*,*,#9306,.F.);
#7310=ORIENTED_EDGE('',*,*,#9311,.F.);
#7311=ORIENTED_EDGE('',*,*,#9317,.T.);
#7312=ORIENTED_EDGE('',*,*,#9316,.F.);
#7313=CARTESIAN_POINT('',(1.54,-0.153992874670282,4.48046882169707));
#7314=DIRECTION('',(-6.03000915816147E-17,-0.173648177666902,0.984807753012213));
#7315=DIRECTION('',(1.06325330850283E-17,-0.984807753012213,-0.173648177666902));
#7316=ORIENTED_EDGE('',*,*,#9318,.T.);
#7317=ORIENTED_EDGE('',*,*,#9319,.T.);
#7318=ORIENTED_EDGE('',*,*,#9320,.F.);
#7319=ORIENTED_EDGE('',*,*,#9321,.T.);
#7320=CARTESIAN_POINT('',(-2.54,-0.68,4.5));
#7321=DIRECTION('',(-6.12303176911189E-17,0.0,-1.0));
#7322=DIRECTION('',(-1.0,0.0,6.12303176911189E-17));
#7323=ORIENTED_EDGE('',*,*,#9322,.T.);
#7324=ORIENTED_EDGE('',*,*,#9323,.T.);
#7325=ORIENTED_EDGE('',*,*,#9321,.F.);
#7326=ORIENTED_EDGE('',*,*,#9324,.F.);
#7327=CARTESIAN_POINT('',(-3.155,-0.68,3.335));
#7328=DIRECTION('',(-1.0,0.0,6.12303176911189E-17));
#7329=DIRECTION('',(6.12303176911189E-17,0.0,1.0));
#7330=ORIENTED_EDGE('',*,*,#9325,.T.);
#7331=ORIENTED_EDGE('',*,*,#9324,.T.);
#7332=ORIENTED_EDGE('',*,*,#9320,.T.);
#7333=ORIENTED_EDGE('',*,*,#9326,.T.);
#7334=CARTESIAN_POINT('',(-2.54,-2.18,3.335));
#7335=DIRECTION('',(0.0,1.0,0.0));
#7336=DIRECTION('',(-1.0,0.0,6.12303176911189E-17));
#7337=ORIENTED_EDGE('',*,*,#9327,.T.);
#7338=ORIENTED_EDGE('',*,*,#9326,.F.);
#7339=ORIENTED_EDGE('',*,*,#9319,.F.);
#7340=ORIENTED_EDGE('',*,*,#9328,.T.);
#7341=CARTESIAN_POINT('',(-1.925,-0.68,3.335));
#7342=DIRECTION('',(-1.0,0.0,6.12303176911189E-17));
#7343=DIRECTION('',(6.12303176911189E-17,0.0,1.0));
#7344=ORIENTED_EDGE('',*,*,#9325,.F.);
#7345=ORIENTED_EDGE('',*,*,#9327,.F.);
#7346=ORIENTED_EDGE('',*,*,#9329,.F.);
#7347=ORIENTED_EDGE('',*,*,#9322,.F.);
#7348=CARTESIAN_POINT('',(-3.54,-2.04846251177079,4.33567560620025));
#7349=DIRECTION('',(-6.12303091170953E-17,-0.000529205149318344,0.999999859970945));
#7350=DIRECTION('',(3.24033994165382E-20,-0.999999859970945,-0.000529205149318344));
#7351=ORIENTED_EDGE('',*,*,#9318,.F.);
#7352=ORIENTED_EDGE('',*,*,#9323,.F.);
#7353=ORIENTED_EDGE('',*,*,#9329,.T.);
#7354=ORIENTED_EDGE('',*,*,#9328,.F.);
#7355=CARTESIAN_POINT('',(-3.54,-0.153992874670282,4.48046882169707));
#7356=DIRECTION('',(-6.03000915816147E-17,-0.173648177666902,0.984807753012213));
#7357=DIRECTION('',(1.06325330850283E-17,-0.984807753012213,-0.173648177666902));
#7358=ORIENTED_EDGE('',*,*,#9330,.T.);
#7359=ORIENTED_EDGE('',*,*,#9331,.T.);
#7360=ORIENTED_EDGE('',*,*,#9332,.F.);
#7361=ORIENTED_EDGE('',*,*,#9333,.T.);
#7362=CARTESIAN_POINT('',(-7.62,-0.68,4.5));
#7363=DIRECTION('',(-6.12303176911189E-17,0.0,-1.0));
#7364=DIRECTION('',(-1.0,0.0,6.12303176911189E-17));
#7365=ORIENTED_EDGE('',*,*,#9334,.T.);
#7366=ORIENTED_EDGE('',*,*,#9335,.T.);
#7367=ORIENTED_EDGE('',*,*,#9333,.F.);
#7368=ORIENTED_EDGE('',*,*,#9336,.F.);
#7369=CARTESIAN_POINT('',(-8.235,-0.68,3.335));
#7370=DIRECTION('',(-1.0,0.0,6.12303176911189E-17));
#7371=DIRECTION('',(6.12303176911189E-17,0.0,1.0));
#7372=ORIENTED_EDGE('',*,*,#9337,.T.);
#7373=ORIENTED_EDGE('',*,*,#9336,.T.);
#7374=ORIENTED_EDGE('',*,*,#9332,.T.);
#7375=ORIENTED_EDGE('',*,*,#9338,.T.);
#7376=CARTESIAN_POINT('',(-7.62,-2.18,3.335));
#7377=DIRECTION('',(0.0,1.0,0.0));
#7378=DIRECTION('',(-1.0,0.0,6.12303176911189E-17));
#7379=ORIENTED_EDGE('',*,*,#9339,.T.);
#7380=ORIENTED_EDGE('',*,*,#9338,.F.);
#7381=ORIENTED_EDGE('',*,*,#9331,.F.);
#7382=ORIENTED_EDGE('',*,*,#9340,.T.);
#7383=CARTESIAN_POINT('',(-7.005,-0.68,3.335));
#7384=DIRECTION('',(-1.0,0.0,6.12303176911189E-17));
#7385=DIRECTION('',(6.12303176911189E-17,0.0,1.0));
#7386=ORIENTED_EDGE('',*,*,#9337,.F.);
#7387=ORIENTED_EDGE('',*,*,#9339,.F.);
#7388=ORIENTED_EDGE('',*,*,#9341,.F.);
#7389=ORIENTED_EDGE('',*,*,#9334,.F.);
#7390=CARTESIAN_POINT('',(-8.62,-2.04846251177079,4.33567560620025));
#7391=DIRECTION('',(-6.12303091170953E-17,-0.000529205149318344,0.999999859970945));
#7392=DIRECTION('',(3.24033994165382E-20,-0.999999859970945,-0.000529205149318344));
#7393=ORIENTED_EDGE('',*,*,#9330,.F.);
#7394=ORIENTED_EDGE('',*,*,#9335,.F.);
#7395=ORIENTED_EDGE('',*,*,#9341,.T.);
#7396=ORIENTED_EDGE('',*,*,#9340,.F.);
#7397=CARTESIAN_POINT('',(-8.62,-0.153992874670282,4.48046882169708));
#7398=DIRECTION('',(-6.03000915816147E-17,-0.173648177666902,0.984807753012213));
#7399=DIRECTION('',(1.06325330850283E-17,-0.984807753012213,-0.173648177666902));
#7400=VERTEX_POINT('',#9342);
#7401=VERTEX_POINT('',#9343);
#7402=LINE('',#9344,#9345);
#7403=VERTEX_POINT('',#9346);
#7404=LINE('',#9347,#9348);
#7405=VERTEX_POINT('',#9349);
#7406=LINE('',#9350,#9351);
#7407=LINE('',#9352,#9353);
#7408=VERTEX_POINT('',#9354);
#7409=VERTEX_POINT('',#9355);
#7410=LINE('',#9356,#9357);
#7411=VERTEX_POINT('',#9358);
#7412=LINE('',#9359,#9360);
#7413=VERTEX_POINT('',#9361);
#7414=LINE('',#9362,#9363);
#7415=LINE('',#9364,#9365);
#7416=VERTEX_POINT('',#9366);
#7417=VERTEX_POINT('',#9367);
#7418=LINE('',#9368,#9369);
#7419=VERTEX_POINT('',#9370);
#7420=LINE('',#9371,#9372);
#7421=VERTEX_POINT('',#9373);
#7422=LINE('',#9374,#9375);
#7423=VERTEX_POINT('',#9376);
#7424=CIRCLE('',#9377,0.100000000000081);
#7425=VERTEX_POINT('',#9378);
#7426=LINE('',#9379,#9380);
#7427=VERTEX_POINT('',#9381);
#7428=CIRCLE('',#9382,0.100000000000081);
#7429=VERTEX_POINT('',#9383);
#7430=LINE('',#9384,#9385);
#7431=LINE('',#9386,#9387);
#7432=VERTEX_POINT('',#9388);
#7433=LINE('',#9389,#9390);
#7434=VERTEX_POINT('',#9391);
#7435=LINE('',#9392,#9393);
#7436=LINE('',#9394,#9395);
#7437=VERTEX_POINT('',#9396);
#7438=LINE('',#9397,#9398);
#7439=VERTEX_POINT('',#9399);
#7440=CIRCLE('',#9400,0.100000000000081);
#7441=LINE('',#9401,#9402);
#7442=VERTEX_POINT('',#9403);
#7443=LINE('',#9404,#9405);
#7444=LINE('',#9406,#9407);
#7445=VERTEX_POINT('',#9408);
#7446=LINE('',#9409,#9410);
#7447=LINE('',#9411,#9412);
#7448=VERTEX_POINT('',#9413);
#7449=VERTEX_POINT('',#9414);
#7450=LINE('',#9415,#9416);
#7451=VERTEX_POINT('',#9417);
#7452=LINE('',#9418,#9419);
#7453=VERTEX_POINT('',#9420);
#7454=LINE('',#9421,#9422);
#7455=LINE('',#9423,#9424);
#7456=VERTEX_POINT('',#9425);
#7457=LINE('',#9426,#9427);
#7458=VERTEX_POINT('',#9428);
#7459=LINE('',#9429,#9430);
#7460=VERTEX_POINT('',#9431);
#7461=LINE('',#9432,#9433);
#7462=LINE('',#9434,#9435);
#7463=VERTEX_POINT('',#9436);
#7464=LINE('',#9437,#9438);
#7465=VERTEX_POINT('',#9439);
#7466=LINE('',#9440,#9441);
#7467=LINE('',#9442,#9443);
#7468=VERTEX_POINT('',#9444);
#7469=LINE('',#9445,#9446);
#7470=LINE('',#9447,#9448);
#7471=LINE('',#9449,#9450);
#7472=VERTEX_POINT('',#9451);
#7473=LINE('',#9452,#9453);
#7474=LINE('',#9454,#9455);
#7475=VERTEX_POINT('',#9456);
#7476=CIRCLE('',#9457,0.100000000000081);
#7477=LINE('',#9458,#9459);
#7478=LINE('',#9460,#9461);
#7479=LINE('',#9462,#9463);
#7480=VERTEX_POINT('',#9464);
#7481=LINE('',#9465,#9466);
#7482=VERTEX_POINT('',#9467);
#7483=LINE('',#9468,#9469);
#7484=LINE('',#9470,#9471);
#7485=VERTEX_POINT('',#9472);
#7486=CIRCLE('',#9473,0.27499999999992);
#7487=VERTEX_POINT('',#9474);
#7488=LINE('',#9475,#9476);
#7489=CIRCLE('',#9477,0.27499999999992);
#7490=VERTEX_POINT('',#9478);
#7491=LINE('',#9479,#9480);
#7492=VERTEX_POINT('',#9481);
#7493=LINE('',#9482,#9483);
#7494=LINE('',#9484,#9485);
#7495=VERTEX_POINT('',#9486);
#7496=CIRCLE('',#9487,0.274819420335292);
#7497=VERTEX_POINT('',#9488);
#7498=LINE('',#9489,#9490);
#7499=CIRCLE('',#9491,0.274819420335292);
#7500=LINE('',#9492,#9493);
#7501=LINE('',#9494,#9495);
#7502=LINE('',#9496,#9497);
#7503=VERTEX_POINT('',#9498);
#7504=LINE('',#9499,#9500);
#7505=VERTEX_POINT('',#9501);
#7506=LINE('',#9502,#9503);
#7507=VERTEX_POINT('',#9504);
#7508=LINE('',#9505,#9506);
#7509=VERTEX_POINT('',#9507);
#7510=LINE('',#9508,#9509);
#7511=VERTEX_POINT('',#9510);
#7512=LINE('',#9511,#9512);
#7513=VERTEX_POINT('',#9513);
#7514=LINE('',#9514,#9515);
#7515=VERTEX_POINT('',#9516);
#7516=LINE('',#9517,#9518);
#7517=VERTEX_POINT('',#9519);
#7518=LINE('',#9520,#9521);
#7519=VERTEX_POINT('',#9522);
#7520=LINE('',#9523,#9524);
#7521=VERTEX_POINT('',#9525);
#7522=LINE('',#9526,#9527);
#7523=VERTEX_POINT('',#9528);
#7524=LINE('',#9529,#9530);
#7525=VERTEX_POINT('',#9531);
#7526=LINE('',#9532,#9533);
#7527=VERTEX_POINT('',#9534);
#7528=LINE('',#9535,#9536);
#7529=VERTEX_POINT('',#9537);
#7530=LINE('',#9538,#9539);
#7531=VERTEX_POINT('',#9540);
#7532=LINE('',#9541,#9542);
#7533=VERTEX_POINT('',#9543);
#7534=LINE('',#9544,#9545);
#7535=VERTEX_POINT('',#9546);
#7536=LINE('',#9547,#9548);
#7537=VERTEX_POINT('',#9549);
#7538=LINE('',#9550,#9551);
#7539=VERTEX_POINT('',#9552);
#7540=LINE('',#9553,#9554);
#7541=VERTEX_POINT('',#9555);
#7542=LINE('',#9556,#9557);
#7543=VERTEX_POINT('',#9558);
#7544=LINE('',#9559,#9560);
#7545=VERTEX_POINT('',#9561);
#7546=LINE('',#9562,#9563);
#7547=VERTEX_POINT('',#9564);
#7548=LINE('',#9565,#9566);
#7549=VERTEX_POINT('',#9567);
#7550=LINE('',#9568,#9569);
#7551=VERTEX_POINT('',#9570);
#7552=LINE('',#9571,#9572);
#7553=VERTEX_POINT('',#9573);
#7554=LINE('',#9574,#9575);
#7555=VERTEX_POINT('',#9576);
#7556=LINE('',#9577,#9578);
#7557=VERTEX_POINT('',#9579);
#7558=LINE('',#9580,#9581);
#7559=VERTEX_POINT('',#9582);
#7560=LINE('',#9583,#9584);
#7561=VERTEX_POINT('',#9585);
#7562=LINE('',#9586,#9587);
#7563=VERTEX_POINT('',#9588);
#7564=LINE('',#9589,#9590);
#7565=VERTEX_POINT('',#9591);
#7566=LINE('',#9592,#9593);
#7567=VERTEX_POINT('',#9594);
#7568=LINE('',#9595,#9596);
#7569=VERTEX_POINT('',#9597);
#7570=LINE('',#9598,#9599);
#7571=VERTEX_POINT('',#9600);
#7572=LINE('',#9601,#9602);
#7573=VERTEX_POINT('',#9603);
#7574=LINE('',#9604,#9605);
#7575=VERTEX_POINT('',#9606);
#7576=LINE('',#9607,#9608);
#7577=VERTEX_POINT('',#9609);
#7578=LINE('',#9610,#9611);
#7579=VERTEX_POINT('',#9612);
#7580=LINE('',#9613,#9614);
#7581=VERTEX_POINT('',#9615);
#7582=LINE('',#9616,#9617);
#7583=LINE('',#9618,#9619);
#7584=VERTEX_POINT('',#9620);
#7585=LINE('',#9621,#9622);
#7586=VERTEX_POINT('',#9623);
#7587=LINE('',#9624,#9625);
#7588=LINE('',#9626,#9627);
#7589=VERTEX_POINT('',#9628);
#7590=LINE('',#9629,#9630);
#7591=VERTEX_POINT('',#9631);
#7592=LINE('',#9632,#9633);
#7593=LINE('',#9634,#9635);
#7594=VERTEX_POINT('',#9636);
#7595=VERTEX_POINT('',#9637);
#7596=LINE('',#9638,#9639);
#7597=VERTEX_POINT('',#9640);
#7598=LINE('',#9641,#9642);
#7599=VERTEX_POINT('',#9643);
#7600=LINE('',#9644,#9645);
#7601=LINE('',#9646,#9647);
#7602=VERTEX_POINT('',#9648);
#7603=VERTEX_POINT('',#9649);
#7604=LINE('',#9650,#9651);
#7605=VERTEX_POINT('',#9652);
#7606=LINE('',#9653,#9654);
#7607=VERTEX_POINT('',#9655);
#7608=LINE('',#9656,#9657);
#7609=VERTEX_POINT('',#9658);
#7610=CIRCLE('',#9659,0.100000000000081);
#7611=VERTEX_POINT('',#9660);
#7612=LINE('',#9661,#9662);
#7613=VERTEX_POINT('',#9663);
#7614=CIRCLE('',#9664,0.100000000000081);
#7615=VERTEX_POINT('',#9665);
#7616=LINE('',#9666,#9667);
#7617=LINE('',#9668,#9669);
#7618=VERTEX_POINT('',#9670);
#7619=LINE('',#9671,#9672);
#7620=VERTEX_POINT('',#9673);
#7621=LINE('',#9674,#9675);
#7622=LINE('',#9676,#9677);
#7623=VERTEX_POINT('',#9678);
#7624=LINE('',#9679,#9680);
#7625=VERTEX_POINT('',#9681);
#7626=CIRCLE('',#9682,0.100000000000081);
#7627=LINE('',#9683,#9684);
#7628=VERTEX_POINT('',#9685);
#7629=LINE('',#9686,#9687);
#7630=LINE('',#9688,#9689);
#7631=VERTEX_POINT('',#9690);
#7632=LINE('',#9691,#9692);
#7633=LINE('',#9693,#9694);
#7634=VERTEX_POINT('',#9695);
#7635=LINE('',#9696,#9697);
#7636=VERTEX_POINT('',#9698);
#7637=LINE('',#9699,#9700);
#7638=LINE('',#9701,#9702);
#7639=VERTEX_POINT('',#9703);
#7640=LINE('',#9704,#9705);
#7641=VERTEX_POINT('',#9706);
#7642=LINE('',#9707,#9708);
#7643=LINE('',#9709,#9710);
#7644=VERTEX_POINT('',#9711);
#7645=LINE('',#9712,#9713);
#7646=VERTEX_POINT('',#9714);
#7647=LINE('',#9715,#9716);
#7648=LINE('',#9717,#9718);
#7649=LINE('',#9719,#9720);
#7650=LINE('',#9721,#9722);
#7651=VERTEX_POINT('',#9723);
#7652=LINE('',#9724,#9725);
#7653=LINE('',#9726,#9727);
#7654=VERTEX_POINT('',#9728);
#7655=CIRCLE('',#9729,0.100000000000081);
#7656=LINE('',#9730,#9731);
#7657=LINE('',#9732,#9733);
#7658=LINE('',#9734,#9735);
#7659=VERTEX_POINT('',#9736);
#7660=LINE('',#9737,#9738);
#7661=VERTEX_POINT('',#9739);
#7662=LINE('',#9740,#9741);
#7663=LINE('',#9742,#9743);
#7664=VERTEX_POINT('',#9744);
#7665=CIRCLE('',#9745,0.27499999999992);
#7666=VERTEX_POINT('',#9746);
#7667=LINE('',#9747,#9748);
#7668=CIRCLE('',#9749,0.27499999999992);
#7669=VERTEX_POINT('',#9750);
#7670=LINE('',#9751,#9752);
#7671=VERTEX_POINT('',#9753);
#7672=LINE('',#9754,#9755);
#7673=LINE('',#9756,#9757);
#7674=VERTEX_POINT('',#9758);
#7675=CIRCLE('',#9759,0.274819420335292);
#7676=VERTEX_POINT('',#9760);
#7677=LINE('',#9761,#9762);
#7678=CIRCLE('',#9763,0.274819420335292);
#7679=LINE('',#9764,#9765);
#7680=LINE('',#9766,#9767);
#7681=VERTEX_POINT('',#9768);
#7682=LINE('',#9769,#9770);
#7683=VERTEX_POINT('',#9771);
#7684=LINE('',#9772,#9773);
#7685=LINE('',#9774,#9775);
#7686=VERTEX_POINT('',#9776);
#7687=LINE('',#9777,#9778);
#7688=VERTEX_POINT('',#9779);
#7689=LINE('',#9780,#9781);
#7690=LINE('',#9782,#9783);
#7691=VERTEX_POINT('',#9784);
#7692=VERTEX_POINT('',#9785);
#7693=LINE('',#9786,#9787);
#7694=VERTEX_POINT('',#9788);
#7695=LINE('',#9789,#9790);
#7696=VERTEX_POINT('',#9791);
#7697=LINE('',#9792,#9793);
#7698=LINE('',#9794,#9795);
#7699=VERTEX_POINT('',#9796);
#7700=VERTEX_POINT('',#9797);
#7701=LINE('',#9798,#9799);
#7702=VERTEX_POINT('',#9800);
#7703=LINE('',#9801,#9802);
#7704=VERTEX_POINT('',#9803);
#7705=LINE('',#9804,#9805);
#7706=VERTEX_POINT('',#9806);
#7707=CIRCLE('',#9807,0.100000000000081);
#7708=VERTEX_POINT('',#9808);
#7709=LINE('',#9809,#9810);
#7710=VERTEX_POINT('',#9811);
#7711=CIRCLE('',#9812,0.100000000000081);
#7712=VERTEX_POINT('',#9813);
#7713=LINE('',#9814,#9815);
#7714=LINE('',#9816,#9817);
#7715=VERTEX_POINT('',#9818);
#7716=LINE('',#9819,#9820);
#7717=VERTEX_POINT('',#9821);
#7718=LINE('',#9822,#9823);
#7719=LINE('',#9824,#9825);
#7720=VERTEX_POINT('',#9826);
#7721=LINE('',#9827,#9828);
#7722=VERTEX_POINT('',#9829);
#7723=CIRCLE('',#9830,0.100000000000081);
#7724=LINE('',#9831,#9832);
#7725=VERTEX_POINT('',#9833);
#7726=LINE('',#9834,#9835);
#7727=LINE('',#9836,#9837);
#7728=VERTEX_POINT('',#9838);
#7729=LINE('',#9839,#9840);
#7730=LINE('',#9841,#9842);
#7731=VERTEX_POINT('',#9843);
#7732=LINE('',#9844,#9845);
#7733=VERTEX_POINT('',#9846);
#7734=LINE('',#9847,#9848);
#7735=LINE('',#9849,#9850);
#7736=VERTEX_POINT('',#9851);
#7737=LINE('',#9852,#9853);
#7738=VERTEX_POINT('',#9854);
#7739=LINE('',#9855,#9856);
#7740=LINE('',#9857,#9858);
#7741=VERTEX_POINT('',#9859);
#7742=LINE('',#9860,#9861);
#7743=VERTEX_POINT('',#9862);
#7744=LINE('',#9863,#9864);
#7745=LINE('',#9865,#9866);
#7746=LINE('',#9867,#9868);
#7747=LINE('',#9869,#9870);
#7748=VERTEX_POINT('',#9871);
#7749=LINE('',#9872,#9873);
#7750=LINE('',#9874,#9875);
#7751=VERTEX_POINT('',#9876);
#7752=CIRCLE('',#9877,0.100000000000081);
#7753=LINE('',#9878,#9879);
#7754=LINE('',#9880,#9881);
#7755=LINE('',#9882,#9883);
#7756=VERTEX_POINT('',#9884);
#7757=LINE('',#9885,#9886);
#7758=VERTEX_POINT('',#9887);
#7759=LINE('',#9888,#9889);
#7760=LINE('',#9890,#9891);
#7761=VERTEX_POINT('',#9892);
#7762=CIRCLE('',#9893,0.27499999999992);
#7763=VERTEX_POINT('',#9894);
#7764=LINE('',#9895,#9896);
#7765=CIRCLE('',#9897,0.27499999999992);
#7766=VERTEX_POINT('',#9898);
#7767=LINE('',#9899,#9900);
#7768=VERTEX_POINT('',#9901);
#7769=LINE('',#9902,#9903);
#7770=LINE('',#9904,#9905);
#7771=VERTEX_POINT('',#9906);
#7772=CIRCLE('',#9907,0.274819420335292);
#7773=VERTEX_POINT('',#9908);
#7774=LINE('',#9909,#9910);
#7775=CIRCLE('',#9911,0.274819420335292);
#7776=LINE('',#9912,#9913);
#7777=LINE('',#9914,#9915);
#7778=VERTEX_POINT('',#9916);
#7779=LINE('',#9917,#9918);
#7780=VERTEX_POINT('',#9919);
#7781=LINE('',#9920,#9921);
#7782=LINE('',#9922,#9923);
#7783=VERTEX_POINT('',#9924);
#7784=LINE('',#9925,#9926);
#7785=VERTEX_POINT('',#9927);
#7786=LINE('',#9928,#9929);
#7787=LINE('',#9930,#9931);
#7788=VERTEX_POINT('',#9932);
#7789=VERTEX_POINT('',#9933);
#7790=LINE('',#9934,#9935);
#7791=VERTEX_POINT('',#9936);
#7792=LINE('',#9937,#9938);
#7793=VERTEX_POINT('',#9939);
#7794=LINE('',#9940,#9941);
#7795=LINE('',#9942,#9943);
#7796=VERTEX_POINT('',#9944);
#7797=VERTEX_POINT('',#9945);
#7798=LINE('',#9946,#9947);
#7799=VERTEX_POINT('',#9948);
#7800=LINE('',#9949,#9950);
#7801=VERTEX_POINT('',#9951);
#7802=LINE('',#9952,#9953);
#7803=VERTEX_POINT('',#9954);
#7804=CIRCLE('',#9955,0.100000000000081);
#7805=VERTEX_POINT('',#9956);
#7806=LINE('',#9957,#9958);
#7807=VERTEX_POINT('',#9959);
#7808=CIRCLE('',#9960,0.100000000000081);
#7809=VERTEX_POINT('',#9961);
#7810=LINE('',#9962,#9963);
#7811=LINE('',#9964,#9965);
#7812=VERTEX_POINT('',#9966);
#7813=LINE('',#9967,#9968);
#7814=VERTEX_POINT('',#9969);
#7815=LINE('',#9970,#9971);
#7816=LINE('',#9972,#9973);
#7817=VERTEX_POINT('',#9974);
#7818=LINE('',#9975,#9976);
#7819=VERTEX_POINT('',#9977);
#7820=CIRCLE('',#9978,0.100000000000081);
#7821=LINE('',#9979,#9980);
#7822=VERTEX_POINT('',#9981);
#7823=LINE('',#9982,#9983);
#7824=LINE('',#9984,#9985);
#7825=VERTEX_POINT('',#9986);
#7826=LINE('',#9987,#9988);
#7827=LINE('',#9989,#9990);
#7828=VERTEX_POINT('',#9991);
#7829=LINE('',#9992,#9993);
#7830=VERTEX_POINT('',#9994);
#7831=LINE('',#9995,#9996);
#7832=LINE('',#9997,#9998);
#7833=VERTEX_POINT('',#9999);
#7834=LINE('',#10000,#10001);
#7835=VERTEX_POINT('',#10002);
#7836=LINE('',#10003,#10004);
#7837=LINE('',#10005,#10006);
#7838=VERTEX_POINT('',#10007);
#7839=LINE('',#10008,#10009);
#7840=VERTEX_POINT('',#10010);
#7841=LINE('',#10011,#10012);
#7842=LINE('',#10013,#10014);
#7843=LINE('',#10015,#10016);
#7844=LINE('',#10017,#10018);
#7845=VERTEX_POINT('',#10019);
#7846=LINE('',#10020,#10021);
#7847=LINE('',#10022,#10023);
#7848=VERTEX_POINT('',#10024);
#7849=CIRCLE('',#10025,0.100000000000081);
#7850=LINE('',#10026,#10027);
#7851=LINE('',#10028,#10029);
#7852=LINE('',#10030,#10031);
#7853=VERTEX_POINT('',#10032);
#7854=LINE('',#10033,#10034);
#7855=VERTEX_POINT('',#10035);
#7856=LINE('',#10036,#10037);
#7857=LINE('',#10038,#10039);
#7858=VERTEX_POINT('',#10040);
#7859=CIRCLE('',#10041,0.27499999999992);
#7860=VERTEX_POINT('',#10042);
#7861=LINE('',#10043,#10044);
#7862=CIRCLE('',#10045,0.27499999999992);
#7863=VERTEX_POINT('',#10046);
#7864=LINE('',#10047,#10048);
#7865=VERTEX_POINT('',#10049);
#7866=LINE('',#10050,#10051);
#7867=LINE('',#10052,#10053);
#7868=VERTEX_POINT('',#10054);
#7869=CIRCLE('',#10055,0.274819420335292);
#7870=VERTEX_POINT('',#10056);
#7871=LINE('',#10057,#10058);
#7872=CIRCLE('',#10059,0.274819420335292);
#7873=LINE('',#10060,#10061);
#7874=LINE('',#10062,#10063);
#7875=VERTEX_POINT('',#10064);
#7876=LINE('',#10065,#10066);
#7877=VERTEX_POINT('',#10067);
#7878=LINE('',#10068,#10069);
#7879=LINE('',#10070,#10071);
#7880=VERTEX_POINT('',#10072);
#7881=LINE('',#10073,#10074);
#7882=VERTEX_POINT('',#10075);
#7883=LINE('',#10076,#10077);
#7884=LINE('',#10078,#10079);
#7885=VERTEX_POINT('',#10080);
#7886=VERTEX_POINT('',#10081);
#7887=LINE('',#10082,#10083);
#7888=VERTEX_POINT('',#10084);
#7889=LINE('',#10085,#10086);
#7890=VERTEX_POINT('',#10087);
#7891=LINE('',#10088,#10089);
#7892=LINE('',#10090,#10091);
#7893=VERTEX_POINT('',#10092);
#7894=VERTEX_POINT('',#10093);
#7895=LINE('',#10094,#10095);
#7896=VERTEX_POINT('',#10096);
#7897=LINE('',#10097,#10098);
#7898=VERTEX_POINT('',#10099);
#7899=LINE('',#10100,#10101);
#7900=VERTEX_POINT('',#10102);
#7901=CIRCLE('',#10103,0.100000000000081);
#7902=VERTEX_POINT('',#10104);
#7903=LINE('',#10105,#10106);
#7904=VERTEX_POINT('',#10107);
#7905=CIRCLE('',#10108,0.100000000000081);
#7906=VERTEX_POINT('',#10109);
#7907=LINE('',#10110,#10111);
#7908=LINE('',#10112,#10113);
#7909=VERTEX_POINT('',#10114);
#7910=LINE('',#10115,#10116);
#7911=VERTEX_POINT('',#10117);
#7912=LINE('',#10118,#10119);
#7913=LINE('',#10120,#10121);
#7914=VERTEX_POINT('',#10122);
#7915=LINE('',#10123,#10124);
#7916=VERTEX_POINT('',#10125);
#7917=CIRCLE('',#10126,0.100000000000081);
#7918=LINE('',#10127,#10128);
#7919=VERTEX_POINT('',#10129);
#7920=LINE('',#10130,#10131);
#7921=LINE('',#10132,#10133);
#7922=VERTEX_POINT('',#10134);
#7923=LINE('',#10135,#10136);
#7924=LINE('',#10137,#10138);
#7925=VERTEX_POINT('',#10139);
#7926=LINE('',#10140,#10141);
#7927=VERTEX_POINT('',#10142);
#7928=LINE('',#10143,#10144);
#7929=LINE('',#10145,#10146);
#7930=VERTEX_POINT('',#10147);
#7931=LINE('',#10148,#10149);
#7932=VERTEX_POINT('',#10150);
#7933=LINE('',#10151,#10152);
#7934=LINE('',#10153,#10154);
#7935=VERTEX_POINT('',#10155);
#7936=LINE('',#10156,#10157);
#7937=VERTEX_POINT('',#10158);
#7938=LINE('',#10159,#10160);
#7939=LINE('',#10161,#10162);
#7940=LINE('',#10163,#10164);
#7941=LINE('',#10165,#10166);
#7942=VERTEX_POINT('',#10167);
#7943=LINE('',#10168,#10169);
#7944=LINE('',#10170,#10171);
#7945=VERTEX_POINT('',#10172);
#7946=CIRCLE('',#10173,0.100000000000081);
#7947=LINE('',#10174,#10175);
#7948=LINE('',#10176,#10177);
#7949=LINE('',#10178,#10179);
#7950=VERTEX_POINT('',#10180);
#7951=LINE('',#10181,#10182);
#7952=VERTEX_POINT('',#10183);
#7953=LINE('',#10184,#10185);
#7954=LINE('',#10186,#10187);
#7955=VERTEX_POINT('',#10188);
#7956=CIRCLE('',#10189,0.27499999999992);
#7957=VERTEX_POINT('',#10190);
#7958=LINE('',#10191,#10192);
#7959=CIRCLE('',#10193,0.27499999999992);
#7960=VERTEX_POINT('',#10194);
#7961=LINE('',#10195,#10196);
#7962=VERTEX_POINT('',#10197);
#7963=LINE('',#10198,#10199);
#7964=LINE('',#10200,#10201);
#7965=VERTEX_POINT('',#10202);
#7966=CIRCLE('',#10203,0.274819420335292);
#7967=VERTEX_POINT('',#10204);
#7968=LINE('',#10205,#10206);
#7969=CIRCLE('',#10207,0.274819420335292);
#7970=LINE('',#10208,#10209);
#7971=LINE('',#10210,#10211);
#7972=VERTEX_POINT('',#10212);
#7973=LINE('',#10213,#10214);
#7974=VERTEX_POINT('',#10215);
#7975=LINE('',#10216,#10217);
#7976=LINE('',#10218,#10219);
#7977=VERTEX_POINT('',#10220);
#7978=LINE('',#10221,#10222);
#7979=VERTEX_POINT('',#10223);
#7980=LINE('',#10224,#10225);
#7981=LINE('',#10226,#10227);
#7982=VERTEX_POINT('',#10228);
#7983=VERTEX_POINT('',#10229);
#7984=LINE('',#10230,#10231);
#7985=VERTEX_POINT('',#10232);
#7986=LINE('',#10233,#10234);
#7987=VERTEX_POINT('',#10235);
#7988=LINE('',#10236,#10237);
#7989=LINE('',#10238,#10239);
#7990=VERTEX_POINT('',#10240);
#7991=VERTEX_POINT('',#10241);
#7992=LINE('',#10242,#10243);
#7993=VERTEX_POINT('',#10244);
#7994=LINE('',#10245,#10246);
#7995=VERTEX_POINT('',#10247);
#7996=LINE('',#10248,#10249);
#7997=VERTEX_POINT('',#10250);
#7998=CIRCLE('',#10251,0.100000000000081);
#7999=VERTEX_POINT('',#10252);
#8000=LINE('',#10253,#10254);
#8001=VERTEX_POINT('',#10255);
#8002=CIRCLE('',#10256,0.100000000000081);
#8003=VERTEX_POINT('',#10257);
#8004=LINE('',#10258,#10259);
#8005=LINE('',#10260,#10261);
#8006=VERTEX_POINT('',#10262);
#8007=LINE('',#10263,#10264);
#8008=VERTEX_POINT('',#10265);
#8009=LINE('',#10266,#10267);
#8010=LINE('',#10268,#10269);
#8011=VERTEX_POINT('',#10270);
#8012=LINE('',#10271,#10272);
#8013=VERTEX_POINT('',#10273);
#8014=CIRCLE('',#10274,0.100000000000081);
#8015=LINE('',#10275,#10276);
#8016=VERTEX_POINT('',#10277);
#8017=LINE('',#10278,#10279);
#8018=LINE('',#10280,#10281);
#8019=VERTEX_POINT('',#10282);
#8020=LINE('',#10283,#10284);
#8021=LINE('',#10285,#10286);
#8022=VERTEX_POINT('',#10287);
#8023=LINE('',#10288,#10289);
#8024=VERTEX_POINT('',#10290);
#8025=LINE('',#10291,#10292);
#8026=LINE('',#10293,#10294);
#8027=VERTEX_POINT('',#10295);
#8028=LINE('',#10296,#10297);
#8029=VERTEX_POINT('',#10298);
#8030=LINE('',#10299,#10300);
#8031=LINE('',#10301,#10302);
#8032=VERTEX_POINT('',#10303);
#8033=LINE('',#10304,#10305);
#8034=VERTEX_POINT('',#10306);
#8035=LINE('',#10307,#10308);
#8036=LINE('',#10309,#10310);
#8037=LINE('',#10311,#10312);
#8038=LINE('',#10313,#10314);
#8039=VERTEX_POINT('',#10315);
#8040=LINE('',#10316,#10317);
#8041=LINE('',#10318,#10319);
#8042=VERTEX_POINT('',#10320);
#8043=CIRCLE('',#10321,0.100000000000081);
#8044=LINE('',#10322,#10323);
#8045=LINE('',#10324,#10325);
#8046=LINE('',#10326,#10327);
#8047=VERTEX_POINT('',#10328);
#8048=LINE('',#10329,#10330);
#8049=VERTEX_POINT('',#10331);
#8050=LINE('',#10332,#10333);
#8051=LINE('',#10334,#10335);
#8052=VERTEX_POINT('',#10336);
#8053=CIRCLE('',#10337,0.27499999999992);
#8054=VERTEX_POINT('',#10338);
#8055=LINE('',#10339,#10340);
#8056=CIRCLE('',#10341,0.27499999999992);
#8057=VERTEX_POINT('',#10342);
#8058=LINE('',#10343,#10344);
#8059=VERTEX_POINT('',#10345);
#8060=LINE('',#10346,#10347);
#8061=LINE('',#10348,#10349);
#8062=VERTEX_POINT('',#10350);
#8063=CIRCLE('',#10351,0.274819420335292);
#8064=VERTEX_POINT('',#10352);
#8065=LINE('',#10353,#10354);
#8066=CIRCLE('',#10355,0.274819420335292);
#8067=LINE('',#10356,#10357);
#8068=LINE('',#10358,#10359);
#8069=VERTEX_POINT('',#10360);
#8070=LINE('',#10361,#10362);
#8071=VERTEX_POINT('',#10363);
#8072=LINE('',#10364,#10365);
#8073=LINE('',#10366,#10367);
#8074=VERTEX_POINT('',#10368);
#8075=LINE('',#10369,#10370);
#8076=VERTEX_POINT('',#10371);
#8077=LINE('',#10372,#10373);
#8078=LINE('',#10374,#10375);
#8079=VERTEX_POINT('',#10376);
#8080=VERTEX_POINT('',#10377);
#8081=LINE('',#10378,#10379);
#8082=VERTEX_POINT('',#10380);
#8083=LINE('',#10381,#10382);
#8084=VERTEX_POINT('',#10383);
#8085=LINE('',#10384,#10385);
#8086=LINE('',#10386,#10387);
#8087=VERTEX_POINT('',#10388);
#8088=VERTEX_POINT('',#10389);
#8089=LINE('',#10390,#10391);
#8090=VERTEX_POINT('',#10392);
#8091=LINE('',#10393,#10394);
#8092=VERTEX_POINT('',#10395);
#8093=LINE('',#10396,#10397);
#8094=VERTEX_POINT('',#10398);
#8095=CIRCLE('',#10399,0.100000000000081);
#8096=VERTEX_POINT('',#10400);
#8097=LINE('',#10401,#10402);
#8098=VERTEX_POINT('',#10403);
#8099=CIRCLE('',#10404,0.100000000000081);
#8100=VERTEX_POINT('',#10405);
#8101=LINE('',#10406,#10407);
#8102=LINE('',#10408,#10409);
#8103=VERTEX_POINT('',#10410);
#8104=LINE('',#10411,#10412);
#8105=VERTEX_POINT('',#10413);
#8106=LINE('',#10414,#10415);
#8107=LINE('',#10416,#10417);
#8108=VERTEX_POINT('',#10418);
#8109=LINE('',#10419,#10420);
#8110=VERTEX_POINT('',#10421);
#8111=CIRCLE('',#10422,0.100000000000081);
#8112=LINE('',#10423,#10424);
#8113=VERTEX_POINT('',#10425);
#8114=LINE('',#10426,#10427);
#8115=LINE('',#10428,#10429);
#8116=VERTEX_POINT('',#10430);
#8117=LINE('',#10431,#10432);
#8118=LINE('',#10433,#10434);
#8119=VERTEX_POINT('',#10435);
#8120=LINE('',#10436,#10437);
#8121=VERTEX_POINT('',#10438);
#8122=LINE('',#10439,#10440);
#8123=LINE('',#10441,#10442);
#8124=VERTEX_POINT('',#10443);
#8125=LINE('',#10444,#10445);
#8126=VERTEX_POINT('',#10446);
#8127=LINE('',#10447,#10448);
#8128=LINE('',#10449,#10450);
#8129=VERTEX_POINT('',#10451);
#8130=LINE('',#10452,#10453);
#8131=VERTEX_POINT('',#10454);
#8132=LINE('',#10455,#10456);
#8133=LINE('',#10457,#10458);
#8134=LINE('',#10459,#10460);
#8135=LINE('',#10461,#10462);
#8136=VERTEX_POINT('',#10463);
#8137=LINE('',#10464,#10465);
#8138=LINE('',#10466,#10467);
#8139=VERTEX_POINT('',#10468);
#8140=CIRCLE('',#10469,0.100000000000081);
#8141=LINE('',#10470,#10471);
#8142=LINE('',#10472,#10473);
#8143=LINE('',#10474,#10475);
#8144=VERTEX_POINT('',#10476);
#8145=LINE('',#10477,#10478);
#8146=VERTEX_POINT('',#10479);
#8147=LINE('',#10480,#10481);
#8148=LINE('',#10482,#10483);
#8149=VERTEX_POINT('',#10484);
#8150=CIRCLE('',#10485,0.27499999999992);
#8151=VERTEX_POINT('',#10486);
#8152=LINE('',#10487,#10488);
#8153=CIRCLE('',#10489,0.27499999999992);
#8154=VERTEX_POINT('',#10490);
#8155=LINE('',#10491,#10492);
#8156=VERTEX_POINT('',#10493);
#8157=LINE('',#10494,#10495);
#8158=LINE('',#10496,#10497);
#8159=VERTEX_POINT('',#10498);
#8160=CIRCLE('',#10499,0.274819420335292);
#8161=VERTEX_POINT('',#10500);
#8162=LINE('',#10501,#10502);
#8163=CIRCLE('',#10503,0.274819420335292);
#8164=LINE('',#10504,#10505);
#8165=LINE('',#10506,#10507);
#8166=VERTEX_POINT('',#10508);
#8167=LINE('',#10509,#10510);
#8168=VERTEX_POINT('',#10511);
#8169=LINE('',#10512,#10513);
#8170=LINE('',#10514,#10515);
#8171=VERTEX_POINT('',#10516);
#8172=VERTEX_POINT('',#10517);
#8173=LINE('',#10518,#10519);
#8174=VERTEX_POINT('',#10520);
#8175=LINE('',#10521,#10522);
#8176=VERTEX_POINT('',#10523);
#8177=LINE('',#10524,#10525);
#8178=VERTEX_POINT('',#10526);
#8179=LINE('',#10527,#10528);
#8180=LINE('',#10529,#10530);
#8181=VERTEX_POINT('',#10531);
#8182=LINE('',#10532,#10533);
#8183=VERTEX_POINT('',#10534);
#8184=LINE('',#10535,#10536);
#8185=LINE('',#10537,#10538);
#8186=VERTEX_POINT('',#10539);
#8187=VERTEX_POINT('',#10540);
#8188=LINE('',#10541,#10542);
#8189=VERTEX_POINT('',#10543);
#8190=LINE('',#10544,#10545);
#8191=VERTEX_POINT('',#10546);
#8192=LINE('',#10547,#10548);
#8193=LINE('',#10549,#10550);
#8194=VERTEX_POINT('',#10551);
#8195=VERTEX_POINT('',#10552);
#8196=LINE('',#10553,#10554);
#8197=VERTEX_POINT('',#10555);
#8198=LINE('',#10556,#10557);
#8199=VERTEX_POINT('',#10558);
#8200=LINE('',#10559,#10560);
#8201=VERTEX_POINT('',#10561);
#8202=CIRCLE('',#10562,0.100000000000081);
#8203=VERTEX_POINT('',#10563);
#8204=LINE('',#10564,#10565);
#8205=VERTEX_POINT('',#10566);
#8206=CIRCLE('',#10567,0.100000000000081);
#8207=VERTEX_POINT('',#10568);
#8208=LINE('',#10569,#10570);
#8209=LINE('',#10571,#10572);
#8210=VERTEX_POINT('',#10573);
#8211=LINE('',#10574,#10575);
#8212=VERTEX_POINT('',#10576);
#8213=LINE('',#10577,#10578);
#8214=LINE('',#10579,#10580);
#8215=VERTEX_POINT('',#10581);
#8216=LINE('',#10582,#10583);
#8217=VERTEX_POINT('',#10584);
#8218=CIRCLE('',#10585,0.100000000000081);
#8219=LINE('',#10586,#10587);
#8220=VERTEX_POINT('',#10588);
#8221=LINE('',#10589,#10590);
#8222=LINE('',#10591,#10592);
#8223=VERTEX_POINT('',#10593);
#8224=LINE('',#10594,#10595);
#8225=LINE('',#10596,#10597);
#8226=VERTEX_POINT('',#10598);
#8227=VERTEX_POINT('',#10599);
#8228=LINE('',#10600,#10601);
#8229=VERTEX_POINT('',#10602);
#8230=LINE('',#10603,#10604);
#8231=VERTEX_POINT('',#10605);
#8232=LINE('',#10606,#10607);
#8233=LINE('',#10608,#10609);
#8234=VERTEX_POINT('',#10610);
#8235=LINE('',#10611,#10612);
#8236=VERTEX_POINT('',#10613);
#8237=LINE('',#10614,#10615);
#8238=VERTEX_POINT('',#10616);
#8239=LINE('',#10617,#10618);
#8240=LINE('',#10619,#10620);
#8241=LINE('',#10621,#10622);
#8242=LINE('',#10623,#10624);
#8243=VERTEX_POINT('',#10625);
#8244=LINE('',#10626,#10627);
#8245=LINE('',#10628,#10629);
#8246=VERTEX_POINT('',#10630);
#8247=CIRCLE('',#10631,0.100000000000081);
#8248=LINE('',#10632,#10633);
#8249=LINE('',#10634,#10635);
#8250=LINE('',#10636,#10637);
#8251=VERTEX_POINT('',#10638);
#8252=LINE('',#10639,#10640);
#8253=VERTEX_POINT('',#10641);
#8254=LINE('',#10642,#10643);
#8255=LINE('',#10644,#10645);
#8256=VERTEX_POINT('',#10646);
#8257=CIRCLE('',#10647,0.27499999999992);
#8258=VERTEX_POINT('',#10648);
#8259=LINE('',#10649,#10650);
#8260=CIRCLE('',#10651,0.27499999999992);
#8261=VERTEX_POINT('',#10652);
#8262=LINE('',#10653,#10654);
#8263=VERTEX_POINT('',#10655);
#8264=LINE('',#10656,#10657);
#8265=LINE('',#10658,#10659);
#8266=VERTEX_POINT('',#10660);
#8267=CIRCLE('',#10661,0.274819420335292);
#8268=VERTEX_POINT('',#10662);
#8269=LINE('',#10663,#10664);
#8270=CIRCLE('',#10665,0.274819420335292);
#8271=LINE('',#10666,#10667);
#8272=LINE('',#10668,#10669);
#8273=LINE('',#10670,#10671);
#8274=VERTEX_POINT('',#10672);
#8275=LINE('',#10673,#10674);
#8276=VERTEX_POINT('',#10675);
#8277=LINE('',#10676,#10677);
#8278=VERTEX_POINT('',#10678);
#8279=LINE('',#10679,#10680);
#8280=VERTEX_POINT('',#10681);
#8281=LINE('',#10682,#10683);
#8282=VERTEX_POINT('',#10684);
#8283=LINE('',#10685,#10686);
#8284=VERTEX_POINT('',#10687);
#8285=LINE('',#10688,#10689);
#8286=VERTEX_POINT('',#10690);
#8287=LINE('',#10691,#10692);
#8288=VERTEX_POINT('',#10693);
#8289=LINE('',#10694,#10695);
#8290=VERTEX_POINT('',#10696);
#8291=LINE('',#10697,#10698);
#8292=VERTEX_POINT('',#10699);
#8293=LINE('',#10700,#10701);
#8294=VERTEX_POINT('',#10702);
#8295=LINE('',#10703,#10704);
#8296=VERTEX_POINT('',#10705);
#8297=LINE('',#10706,#10707);
#8298=VERTEX_POINT('',#10708);
#8299=LINE('',#10709,#10710);
#8300=VERTEX_POINT('',#10711);
#8301=LINE('',#10712,#10713);
#8302=VERTEX_POINT('',#10714);
#8303=LINE('',#10715,#10716);
#8304=VERTEX_POINT('',#10717);
#8305=LINE('',#10718,#10719);
#8306=VERTEX_POINT('',#10720);
#8307=LINE('',#10721,#10722);
#8308=VERTEX_POINT('',#10723);
#8309=LINE('',#10724,#10725);
#8310=VERTEX_POINT('',#10726);
#8311=LINE('',#10727,#10728);
#8312=VERTEX_POINT('',#10729);
#8313=LINE('',#10730,#10731);
#8314=VERTEX_POINT('',#10732);
#8315=LINE('',#10733,#10734);
#8316=VERTEX_POINT('',#10735);
#8317=LINE('',#10736,#10737);
#8318=VERTEX_POINT('',#10738);
#8319=LINE('',#10739,#10740);
#8320=VERTEX_POINT('',#10741);
#8321=LINE('',#10742,#10743);
#8322=VERTEX_POINT('',#10744);
#8323=LINE('',#10745,#10746);
#8324=VERTEX_POINT('',#10747);
#8325=LINE('',#10748,#10749);
#8326=VERTEX_POINT('',#10750);
#8327=LINE('',#10751,#10752);
#8328=VERTEX_POINT('',#10753);
#8329=LINE('',#10754,#10755);
#8330=VERTEX_POINT('',#10756);
#8331=LINE('',#10757,#10758);
#8332=VERTEX_POINT('',#10759);
#8333=LINE('',#10760,#10761);
#8334=VERTEX_POINT('',#10762);
#8335=LINE('',#10763,#10764);
#8336=VERTEX_POINT('',#10765);
#8337=LINE('',#10766,#10767);
#8338=VERTEX_POINT('',#10768);
#8339=LINE('',#10769,#10770);
#8340=VERTEX_POINT('',#10771);
#8341=LINE('',#10772,#10773);
#8342=VERTEX_POINT('',#10774);
#8343=LINE('',#10775,#10776);
#8344=VERTEX_POINT('',#10777);
#8345=LINE('',#10778,#10779);
#8346=VERTEX_POINT('',#10780);
#8347=LINE('',#10781,#10782);
#8348=VERTEX_POINT('',#10783);
#8349=LINE('',#10784,#10785);
#8350=VERTEX_POINT('',#10786);
#8351=LINE('',#10787,#10788);
#8352=VERTEX_POINT('',#10789);
#8353=LINE('',#10790,#10791);
#8354=LINE('',#10792,#10793);
#8355=VERTEX_POINT('',#10794);
#8356=LINE('',#10795,#10796);
#8357=VERTEX_POINT('',#10797);
#8358=LINE('',#10798,#10799);
#8359=LINE('',#10800,#10801);
#8360=VERTEX_POINT('',#10802);
#8361=LINE('',#10803,#10804);
#8362=VERTEX_POINT('',#10805);
#8363=LINE('',#10806,#10807);
#8364=VERTEX_POINT('',#10808);
#8365=LINE('',#10809,#10810);
#8366=LINE('',#10811,#10812);
#8367=VERTEX_POINT('',#10813);
#8368=LINE('',#10814,#10815);
#8369=LINE('',#10816,#10817);
#8370=VERTEX_POINT('',#10818);
#8371=VERTEX_POINT('',#10819);
#8372=LINE('',#10820,#10821);
#8373=VERTEX_POINT('',#10822);
#8374=LINE('',#10823,#10824);
#8375=VERTEX_POINT('',#10825);
#8376=LINE('',#10826,#10827);
#8377=LINE('',#10828,#10829);
#8378=VERTEX_POINT('',#10830);
#8379=VERTEX_POINT('',#10831);
#8380=LINE('',#10832,#10833);
#8381=VERTEX_POINT('',#10834);
#8382=LINE('',#10835,#10836);
#8383=VERTEX_POINT('',#10837);
#8384=LINE('',#10838,#10839);
#8385=VERTEX_POINT('',#10840);
#8386=CIRCLE('',#10841,0.100000000000081);
#8387=VERTEX_POINT('',#10842);
#8388=LINE('',#10843,#10844);
#8389=VERTEX_POINT('',#10845);
#8390=CIRCLE('',#10846,0.100000000000081);
#8391=VERTEX_POINT('',#10847);
#8392=LINE('',#10848,#10849);
#8393=LINE('',#10850,#10851);
#8394=VERTEX_POINT('',#10852);
#8395=LINE('',#10853,#10854);
#8396=VERTEX_POINT('',#10855);
#8397=LINE('',#10856,#10857);
#8398=LINE('',#10858,#10859);
#8399=VERTEX_POINT('',#10860);
#8400=LINE('',#10861,#10862);
#8401=VERTEX_POINT('',#10863);
#8402=CIRCLE('',#10864,0.100000000000081);
#8403=LINE('',#10865,#10866);
#8404=VERTEX_POINT('',#10867);
#8405=LINE('',#10868,#10869);
#8406=LINE('',#10870,#10871);
#8407=VERTEX_POINT('',#10872);
#8408=LINE('',#10873,#10874);
#8409=LINE('',#10875,#10876);
#8410=VERTEX_POINT('',#10877);
#8411=LINE('',#10878,#10879);
#8412=VERTEX_POINT('',#10880);
#8413=LINE('',#10881,#10882);
#8414=LINE('',#10883,#10884);
#8415=VERTEX_POINT('',#10885);
#8416=LINE('',#10886,#10887);
#8417=VERTEX_POINT('',#10888);
#8418=LINE('',#10889,#10890);
#8419=LINE('',#10891,#10892);
#8420=LINE('',#10893,#10894);
#8421=LINE('',#10895,#10896);
#8422=VERTEX_POINT('',#10897);
#8423=LINE('',#10898,#10899);
#8424=LINE('',#10900,#10901);
#8425=VERTEX_POINT('',#10902);
#8426=CIRCLE('',#10903,0.100000000000081);
#8427=LINE('',#10904,#10905);
#8428=LINE('',#10906,#10907);
#8429=LINE('',#10908,#10909);
#8430=VERTEX_POINT('',#10910);
#8431=LINE('',#10911,#10912);
#8432=VERTEX_POINT('',#10913);
#8433=LINE('',#10914,#10915);
#8434=LINE('',#10916,#10917);
#8435=VERTEX_POINT('',#10918);
#8436=CIRCLE('',#10919,0.27499999999992);
#8437=VERTEX_POINT('',#10920);
#8438=LINE('',#10921,#10922);
#8439=CIRCLE('',#10923,0.27499999999992);
#8440=VERTEX_POINT('',#10924);
#8441=LINE('',#10925,#10926);
#8442=VERTEX_POINT('',#10927);
#8443=LINE('',#10928,#10929);
#8444=LINE('',#10930,#10931);
#8445=VERTEX_POINT('',#10932);
#8446=CIRCLE('',#10933,0.274819420335292);
#8447=VERTEX_POINT('',#10934);
#8448=LINE('',#10935,#10936);
#8449=CIRCLE('',#10937,0.274819420335292);
#8450=LINE('',#10938,#10939);
#8451=LINE('',#10940,#10941);
#8452=VERTEX_POINT('',#10942);
#8453=LINE('',#10943,#10944);
#8454=VERTEX_POINT('',#10945);
#8455=LINE('',#10946,#10947);
#8456=LINE('',#10948,#10949);
#8457=VERTEX_POINT('',#10950);
#8458=LINE('',#10951,#10952);
#8459=VERTEX_POINT('',#10953);
#8460=LINE('',#10954,#10955);
#8461=VERTEX_POINT('',#10956);
#8462=LINE('',#10957,#10958);
#8463=LINE('',#10959,#10960);
#8464=VERTEX_POINT('',#10961);
#8465=LINE('',#10962,#10963);
#8466=LINE('',#10964,#10965);
#8467=VERTEX_POINT('',#10966);
#8468=VERTEX_POINT('',#10967);
#8469=LINE('',#10968,#10969);
#8470=VERTEX_POINT('',#10970);
#8471=LINE('',#10971,#10972);
#8472=VERTEX_POINT('',#10973);
#8473=LINE('',#10974,#10975);
#8474=LINE('',#10976,#10977);
#8475=VERTEX_POINT('',#10978);
#8476=VERTEX_POINT('',#10979);
#8477=LINE('',#10980,#10981);
#8478=VERTEX_POINT('',#10982);
#8479=LINE('',#10983,#10984);
#8480=VERTEX_POINT('',#10985);
#8481=LINE('',#10986,#10987);
#8482=VERTEX_POINT('',#10988);
#8483=CIRCLE('',#10989,0.100000000000081);
#8484=VERTEX_POINT('',#10990);
#8485=LINE('',#10991,#10992);
#8486=VERTEX_POINT('',#10993);
#8487=CIRCLE('',#10994,0.100000000000081);
#8488=VERTEX_POINT('',#10995);
#8489=LINE('',#10996,#10997);
#8490=LINE('',#10998,#10999);
#8491=VERTEX_POINT('',#11000);
#8492=LINE('',#11001,#11002);
#8493=VERTEX_POINT('',#11003);
#8494=LINE('',#11004,#11005);
#8495=LINE('',#11006,#11007);
#8496=VERTEX_POINT('',#11008);
#8497=LINE('',#11009,#11010);
#8498=VERTEX_POINT('',#11011);
#8499=CIRCLE('',#11012,0.100000000000081);
#8500=LINE('',#11013,#11014);
#8501=VERTEX_POINT('',#11015);
#8502=LINE('',#11016,#11017);
#8503=LINE('',#11018,#11019);
#8504=VERTEX_POINT('',#11020);
#8505=LINE('',#11021,#11022);
#8506=LINE('',#11023,#11024);
#8507=VERTEX_POINT('',#11025);
#8508=LINE('',#11026,#11027);
#8509=VERTEX_POINT('',#11028);
#8510=LINE('',#11029,#11030);
#8511=LINE('',#11031,#11032);
#8512=VERTEX_POINT('',#11033);
#8513=LINE('',#11034,#11035);
#8514=VERTEX_POINT('',#11036);
#8515=LINE('',#11037,#11038);
#8516=LINE('',#11039,#11040);
#8517=LINE('',#11041,#11042);
#8518=LINE('',#11043,#11044);
#8519=VERTEX_POINT('',#11045);
#8520=LINE('',#11046,#11047);
#8521=LINE('',#11048,#11049);
#8522=VERTEX_POINT('',#11050);
#8523=CIRCLE('',#11051,0.100000000000081);
#8524=LINE('',#11052,#11053);
#8525=LINE('',#11054,#11055);
#8526=LINE('',#11056,#11057);
#8527=VERTEX_POINT('',#11058);
#8528=LINE('',#11059,#11060);
#8529=VERTEX_POINT('',#11061);
#8530=LINE('',#11062,#11063);
#8531=LINE('',#11064,#11065);
#8532=VERTEX_POINT('',#11066);
#8533=CIRCLE('',#11067,0.27499999999992);
#8534=VERTEX_POINT('',#11068);
#8535=LINE('',#11069,#11070);
#8536=CIRCLE('',#11071,0.27499999999992);
#8537=VERTEX_POINT('',#11072);
#8538=LINE('',#11073,#11074);
#8539=VERTEX_POINT('',#11075);
#8540=LINE('',#11076,#11077);
#8541=LINE('',#11078,#11079);
#8542=VERTEX_POINT('',#11080);
#8543=CIRCLE('',#11081,0.274819420335292);
#8544=VERTEX_POINT('',#11082);
#8545=LINE('',#11083,#11084);
#8546=CIRCLE('',#11085,0.274819420335292);
#8547=LINE('',#11086,#11087);
#8548=LINE('',#11088,#11089);
#8549=VERTEX_POINT('',#11090);
#8550=LINE('',#11091,#11092);
#8551=VERTEX_POINT('',#11093);
#8552=LINE('',#11094,#11095);
#8553=LINE('',#11096,#11097);
#8554=VERTEX_POINT('',#11098);
#8555=LINE('',#11099,#11100);
#8556=VERTEX_POINT('',#11101);
#8557=LINE('',#11102,#11103);
#8558=VERTEX_POINT('',#11104);
#8559=LINE('',#11105,#11106);
#8560=LINE('',#11107,#11108);
#8561=VERTEX_POINT('',#11109);
#8562=LINE('',#11110,#11111);
#8563=LINE('',#11112,#11113);
#8564=VERTEX_POINT('',#11114);
#8565=VERTEX_POINT('',#11115);
#8566=LINE('',#11116,#11117);
#8567=VERTEX_POINT('',#11118);
#8568=LINE('',#11119,#11120);
#8569=VERTEX_POINT('',#11121);
#8570=LINE('',#11122,#11123);
#8571=LINE('',#11124,#11125);
#8572=VERTEX_POINT('',#11126);
#8573=VERTEX_POINT('',#11127);
#8574=LINE('',#11128,#11129);
#8575=VERTEX_POINT('',#11130);
#8576=LINE('',#11131,#11132);
#8577=VERTEX_POINT('',#11133);
#8578=LINE('',#11134,#11135);
#8579=VERTEX_POINT('',#11136);
#8580=CIRCLE('',#11137,0.100000000000081);
#8581=VERTEX_POINT('',#11138);
#8582=LINE('',#11139,#11140);
#8583=VERTEX_POINT('',#11141);
#8584=CIRCLE('',#11142,0.100000000000081);
#8585=VERTEX_POINT('',#11143);
#8586=LINE('',#11144,#11145);
#8587=LINE('',#11146,#11147);
#8588=VERTEX_POINT('',#11148);
#8589=LINE('',#11149,#11150);
#8590=VERTEX_POINT('',#11151);
#8591=LINE('',#11152,#11153);
#8592=LINE('',#11154,#11155);
#8593=VERTEX_POINT('',#11156);
#8594=LINE('',#11157,#11158);
#8595=VERTEX_POINT('',#11159);
#8596=CIRCLE('',#11160,0.100000000000081);
#8597=LINE('',#11161,#11162);
#8598=VERTEX_POINT('',#11163);
#8599=LINE('',#11164,#11165);
#8600=LINE('',#11166,#11167);
#8601=VERTEX_POINT('',#11168);
#8602=LINE('',#11169,#11170);
#8603=LINE('',#11171,#11172);
#8604=VERTEX_POINT('',#11173);
#8605=LINE('',#11174,#11175);
#8606=VERTEX_POINT('',#11176);
#8607=LINE('',#11177,#11178);
#8608=LINE('',#11179,#11180);
#8609=VERTEX_POINT('',#11181);
#8610=LINE('',#11182,#11183);
#8611=VERTEX_POINT('',#11184);
#8612=LINE('',#11185,#11186);
#8613=LINE('',#11187,#11188);
#8614=LINE('',#11189,#11190);
#8615=LINE('',#11191,#11192);
#8616=VERTEX_POINT('',#11193);
#8617=LINE('',#11194,#11195);
#8618=LINE('',#11196,#11197);
#8619=VERTEX_POINT('',#11198);
#8620=CIRCLE('',#11199,0.100000000000081);
#8621=LINE('',#11200,#11201);
#8622=LINE('',#11202,#11203);
#8623=LINE('',#11204,#11205);
#8624=VERTEX_POINT('',#11206);
#8625=LINE('',#11207,#11208);
#8626=VERTEX_POINT('',#11209);
#8627=LINE('',#11210,#11211);
#8628=LINE('',#11212,#11213);
#8629=VERTEX_POINT('',#11214);
#8630=CIRCLE('',#11215,0.27499999999992);
#8631=VERTEX_POINT('',#11216);
#8632=LINE('',#11217,#11218);
#8633=CIRCLE('',#11219,0.27499999999992);
#8634=VERTEX_POINT('',#11220);
#8635=LINE('',#11221,#11222);
#8636=VERTEX_POINT('',#11223);
#8637=LINE('',#11224,#11225);
#8638=LINE('',#11226,#11227);
#8639=VERTEX_POINT('',#11228);
#8640=CIRCLE('',#11229,0.274819420335292);
#8641=VERTEX_POINT('',#11230);
#8642=LINE('',#11231,#11232);
#8643=CIRCLE('',#11233,0.274819420335292);
#8644=LINE('',#11234,#11235);
#8645=LINE('',#11236,#11237);
#8646=VERTEX_POINT('',#11238);
#8647=LINE('',#11239,#11240);
#8648=VERTEX_POINT('',#11241);
#8649=LINE('',#11242,#11243);
#8650=LINE('',#11244,#11245);
#8651=VERTEX_POINT('',#11246);
#8652=LINE('',#11247,#11248);
#8653=VERTEX_POINT('',#11249);
#8654=LINE('',#11250,#11251);
#8655=VERTEX_POINT('',#11252);
#8656=LINE('',#11253,#11254);
#8657=LINE('',#11255,#11256);
#8658=VERTEX_POINT('',#11257);
#8659=LINE('',#11258,#11259);
#8660=LINE('',#11260,#11261);
#8661=VERTEX_POINT('',#11262);
#8662=VERTEX_POINT('',#11263);
#8663=LINE('',#11264,#11265);
#8664=VERTEX_POINT('',#11266);
#8665=LINE('',#11267,#11268);
#8666=VERTEX_POINT('',#11269);
#8667=LINE('',#11270,#11271);
#8668=LINE('',#11272,#11273);
#8669=VERTEX_POINT('',#11274);
#8670=VERTEX_POINT('',#11275);
#8671=LINE('',#11276,#11277);
#8672=VERTEX_POINT('',#11278);
#8673=LINE('',#11279,#11280);
#8674=VERTEX_POINT('',#11281);
#8675=LINE('',#11282,#11283);
#8676=VERTEX_POINT('',#11284);
#8677=CIRCLE('',#11285,0.100000000000081);
#8678=VERTEX_POINT('',#11286);
#8679=LINE('',#11287,#11288);
#8680=VERTEX_POINT('',#11289);
#8681=CIRCLE('',#11290,0.100000000000081);
#8682=VERTEX_POINT('',#11291);
#8683=LINE('',#11292,#11293);
#8684=LINE('',#11294,#11295);
#8685=VERTEX_POINT('',#11296);
#8686=LINE('',#11297,#11298);
#8687=VERTEX_POINT('',#11299);
#8688=LINE('',#11300,#11301);
#8689=LINE('',#11302,#11303);
#8690=VERTEX_POINT('',#11304);
#8691=LINE('',#11305,#11306);
#8692=VERTEX_POINT('',#11307);
#8693=CIRCLE('',#11308,0.100000000000081);
#8694=LINE('',#11309,#11310);
#8695=VERTEX_POINT('',#11311);
#8696=LINE('',#11312,#11313);
#8697=LINE('',#11314,#11315);
#8698=VERTEX_POINT('',#11316);
#8699=LINE('',#11317,#11318);
#8700=LINE('',#11319,#11320);
#8701=VERTEX_POINT('',#11321);
#8702=LINE('',#11322,#11323);
#8703=VERTEX_POINT('',#11324);
#8704=LINE('',#11325,#11326);
#8705=LINE('',#11327,#11328);
#8706=VERTEX_POINT('',#11329);
#8707=LINE('',#11330,#11331);
#8708=VERTEX_POINT('',#11332);
#8709=LINE('',#11333,#11334);
#8710=LINE('',#11335,#11336);
#8711=LINE('',#11337,#11338);
#8712=LINE('',#11339,#11340);
#8713=VERTEX_POINT('',#11341);
#8714=LINE('',#11342,#11343);
#8715=LINE('',#11344,#11345);
#8716=VERTEX_POINT('',#11346);
#8717=CIRCLE('',#11347,0.100000000000081);
#8718=LINE('',#11348,#11349);
#8719=LINE('',#11350,#11351);
#8720=LINE('',#11352,#11353);
#8721=VERTEX_POINT('',#11354);
#8722=LINE('',#11355,#11356);
#8723=VERTEX_POINT('',#11357);
#8724=LINE('',#11358,#11359);
#8725=LINE('',#11360,#11361);
#8726=VERTEX_POINT('',#11362);
#8727=CIRCLE('',#11363,0.27499999999992);
#8728=VERTEX_POINT('',#11364);
#8729=LINE('',#11365,#11366);
#8730=CIRCLE('',#11367,0.27499999999992);
#8731=VERTEX_POINT('',#11368);
#8732=LINE('',#11369,#11370);
#8733=VERTEX_POINT('',#11371);
#8734=LINE('',#11372,#11373);
#8735=LINE('',#11374,#11375);
#8736=VERTEX_POINT('',#11376);
#8737=CIRCLE('',#11377,0.274819420335292);
#8738=VERTEX_POINT('',#11378);
#8739=LINE('',#11379,#11380);
#8740=CIRCLE('',#11381,0.274819420335292);
#8741=LINE('',#11382,#11383);
#8742=LINE('',#11384,#11385);
#8743=VERTEX_POINT('',#11386);
#8744=LINE('',#11387,#11388);
#8745=VERTEX_POINT('',#11389);
#8746=LINE('',#11390,#11391);
#8747=LINE('',#11392,#11393);
#8748=VERTEX_POINT('',#11394);
#8749=LINE('',#11395,#11396);
#8750=VERTEX_POINT('',#11397);
#8751=LINE('',#11398,#11399);
#8752=VERTEX_POINT('',#11400);
#8753=LINE('',#11401,#11402);
#8754=LINE('',#11403,#11404);
#8755=VERTEX_POINT('',#11405);
#8756=LINE('',#11406,#11407);
#8757=LINE('',#11408,#11409);
#8758=VERTEX_POINT('',#11410);
#8759=VERTEX_POINT('',#11411);
#8760=LINE('',#11412,#11413);
#8761=VERTEX_POINT('',#11414);
#8762=LINE('',#11415,#11416);
#8763=VERTEX_POINT('',#11417);
#8764=LINE('',#11418,#11419);
#8765=LINE('',#11420,#11421);
#8766=VERTEX_POINT('',#11422);
#8767=VERTEX_POINT('',#11423);
#8768=LINE('',#11424,#11425);
#8769=VERTEX_POINT('',#11426);
#8770=LINE('',#11427,#11428);
#8771=VERTEX_POINT('',#11429);
#8772=LINE('',#11430,#11431);
#8773=VERTEX_POINT('',#11432);
#8774=CIRCLE('',#11433,0.100000000000081);
#8775=VERTEX_POINT('',#11434);
#8776=LINE('',#11435,#11436);
#8777=VERTEX_POINT('',#11437);
#8778=CIRCLE('',#11438,0.100000000000081);
#8779=VERTEX_POINT('',#11439);
#8780=LINE('',#11440,#11441);
#8781=LINE('',#11442,#11443);
#8782=VERTEX_POINT('',#11444);
#8783=LINE('',#11445,#11446);
#8784=VERTEX_POINT('',#11447);
#8785=LINE('',#11448,#11449);
#8786=LINE('',#11450,#11451);
#8787=VERTEX_POINT('',#11452);
#8788=LINE('',#11453,#11454);
#8789=VERTEX_POINT('',#11455);
#8790=CIRCLE('',#11456,0.100000000000081);
#8791=LINE('',#11457,#11458);
#8792=VERTEX_POINT('',#11459);
#8793=LINE('',#11460,#11461);
#8794=LINE('',#11462,#11463);
#8795=VERTEX_POINT('',#11464);
#8796=LINE('',#11465,#11466);
#8797=LINE('',#11467,#11468);
#8798=VERTEX_POINT('',#11469);
#8799=LINE('',#11470,#11471);
#8800=VERTEX_POINT('',#11472);
#8801=LINE('',#11473,#11474);
#8802=LINE('',#11475,#11476);
#8803=VERTEX_POINT('',#11477);
#8804=LINE('',#11478,#11479);
#8805=VERTEX_POINT('',#11480);
#8806=LINE('',#11481,#11482);
#8807=LINE('',#11483,#11484);
#8808=LINE('',#11485,#11486);
#8809=LINE('',#11487,#11488);
#8810=VERTEX_POINT('',#11489);
#8811=LINE('',#11490,#11491);
#8812=LINE('',#11492,#11493);
#8813=VERTEX_POINT('',#11494);
#8814=CIRCLE('',#11495,0.100000000000081);
#8815=LINE('',#11496,#11497);
#8816=LINE('',#11498,#11499);
#8817=LINE('',#11500,#11501);
#8818=VERTEX_POINT('',#11502);
#8819=LINE('',#11503,#11504);
#8820=VERTEX_POINT('',#11505);
#8821=LINE('',#11506,#11507);
#8822=LINE('',#11508,#11509);
#8823=VERTEX_POINT('',#11510);
#8824=CIRCLE('',#11511,0.27499999999992);
#8825=VERTEX_POINT('',#11512);
#8826=LINE('',#11513,#11514);
#8827=CIRCLE('',#11515,0.27499999999992);
#8828=VERTEX_POINT('',#11516);
#8829=LINE('',#11517,#11518);
#8830=VERTEX_POINT('',#11519);
#8831=LINE('',#11520,#11521);
#8832=LINE('',#11522,#11523);
#8833=VERTEX_POINT('',#11524);
#8834=CIRCLE('',#11525,0.274819420335292);
#8835=VERTEX_POINT('',#11526);
#8836=LINE('',#11527,#11528);
#8837=CIRCLE('',#11529,0.274819420335292);
#8838=LINE('',#11530,#11531);
#8839=LINE('',#11532,#11533);
#8840=VERTEX_POINT('',#11534);
#8841=LINE('',#11535,#11536);
#8842=VERTEX_POINT('',#11537);
#8843=LINE('',#11538,#11539);
#8844=LINE('',#11540,#11541);
#8845=VERTEX_POINT('',#11542);
#8846=LINE('',#11543,#11544);
#8847=VERTEX_POINT('',#11545);
#8848=LINE('',#11546,#11547);
#8849=VERTEX_POINT('',#11548);
#8850=LINE('',#11549,#11550);
#8851=LINE('',#11551,#11552);
#8852=VERTEX_POINT('',#11553);
#8853=LINE('',#11554,#11555);
#8854=LINE('',#11556,#11557);
#8855=VERTEX_POINT('',#11558);
#8856=VERTEX_POINT('',#11559);
#8857=LINE('',#11560,#11561);
#8858=VERTEX_POINT('',#11562);
#8859=LINE('',#11563,#11564);
#8860=VERTEX_POINT('',#11565);
#8861=LINE('',#11566,#11567);
#8862=LINE('',#11568,#11569);
#8863=VERTEX_POINT('',#11570);
#8864=VERTEX_POINT('',#11571);
#8865=LINE('',#11572,#11573);
#8866=VERTEX_POINT('',#11574);
#8867=LINE('',#11575,#11576);
#8868=VERTEX_POINT('',#11577);
#8869=LINE('',#11578,#11579);
#8870=VERTEX_POINT('',#11580);
#8871=CIRCLE('',#11581,0.100000000000081);
#8872=VERTEX_POINT('',#11582);
#8873=LINE('',#11583,#11584);
#8874=VERTEX_POINT('',#11585);
#8875=CIRCLE('',#11586,0.100000000000081);
#8876=VERTEX_POINT('',#11587);
#8877=LINE('',#11588,#11589);
#8878=LINE('',#11590,#11591);
#8879=VERTEX_POINT('',#11592);
#8880=LINE('',#11593,#11594);
#8881=VERTEX_POINT('',#11595);
#8882=LINE('',#11596,#11597);
#8883=LINE('',#11598,#11599);
#8884=VERTEX_POINT('',#11600);
#8885=LINE('',#11601,#11602);
#8886=VERTEX_POINT('',#11603);
#8887=CIRCLE('',#11604,0.100000000000081);
#8888=LINE('',#11605,#11606);
#8889=VERTEX_POINT('',#11607);
#8890=LINE('',#11608,#11609);
#8891=LINE('',#11610,#11611);
#8892=VERTEX_POINT('',#11612);
#8893=LINE('',#11613,#11614);
#8894=LINE('',#11615,#11616);
#8895=VERTEX_POINT('',#11617);
#8896=LINE('',#11618,#11619);
#8897=VERTEX_POINT('',#11620);
#8898=LINE('',#11621,#11622);
#8899=LINE('',#11623,#11624);
#8900=VERTEX_POINT('',#11625);
#8901=LINE('',#11626,#11627);
#8902=VERTEX_POINT('',#11628);
#8903=LINE('',#11629,#11630);
#8904=LINE('',#11631,#11632);
#8905=LINE('',#11633,#11634);
#8906=LINE('',#11635,#11636);
#8907=VERTEX_POINT('',#11637);
#8908=LINE('',#11638,#11639);
#8909=LINE('',#11640,#11641);
#8910=VERTEX_POINT('',#11642);
#8911=CIRCLE('',#11643,0.100000000000081);
#8912=LINE('',#11644,#11645);
#8913=LINE('',#11646,#11647);
#8914=LINE('',#11648,#11649);
#8915=VERTEX_POINT('',#11650);
#8916=LINE('',#11651,#11652);
#8917=VERTEX_POINT('',#11653);
#8918=LINE('',#11654,#11655);
#8919=LINE('',#11656,#11657);
#8920=VERTEX_POINT('',#11658);
#8921=CIRCLE('',#11659,0.27499999999992);
#8922=VERTEX_POINT('',#11660);
#8923=LINE('',#11661,#11662);
#8924=CIRCLE('',#11663,0.27499999999992);
#8925=VERTEX_POINT('',#11664);
#8926=LINE('',#11665,#11666);
#8927=VERTEX_POINT('',#11667);
#8928=LINE('',#11668,#11669);
#8929=LINE('',#11670,#11671);
#8930=VERTEX_POINT('',#11672);
#8931=CIRCLE('',#11673,0.274819420335292);
#8932=VERTEX_POINT('',#11674);
#8933=LINE('',#11675,#11676);
#8934=CIRCLE('',#11677,0.274819420335292);
#8935=LINE('',#11678,#11679);
#8936=LINE('',#11680,#11681);
#8937=VERTEX_POINT('',#11682);
#8938=LINE('',#11683,#11684);
#8939=VERTEX_POINT('',#11685);
#8940=LINE('',#11686,#11687);
#8941=LINE('',#11688,#11689);
#8942=VERTEX_POINT('',#11690);
#8943=LINE('',#11691,#11692);
#8944=VERTEX_POINT('',#11693);
#8945=LINE('',#11694,#11695);
#8946=LINE('',#11696,#11697);
#8947=LINE('',#11698,#11699);
#8948=LINE('',#11700,#11701);
#8949=VERTEX_POINT('',#11702);
#8950=LINE('',#11703,#11704);
#8951=VERTEX_POINT('',#11705);
#8952=LINE('',#11706,#11707);
#8953=LINE('',#11708,#11709);
#8954=LINE('',#11710,#11711);
#8955=LINE('',#11712,#11713);
#8956=VERTEX_POINT('',#11714);
#8957=LINE('',#11715,#11716);
#8958=VERTEX_POINT('',#11717);
#8959=LINE('',#11718,#11719);
#8960=LINE('',#11720,#11721);
#8961=LINE('',#11722,#11723);
#8962=LINE('',#11724,#11725);
#8963=VERTEX_POINT('',#11726);
#8964=LINE('',#11727,#11728);
#8965=VERTEX_POINT('',#11729);
#8966=LINE('',#11730,#11731);
#8967=LINE('',#11732,#11733);
#8968=LINE('',#11734,#11735);
#8969=LINE('',#11736,#11737);
#8970=VERTEX_POINT('',#11738);
#8971=LINE('',#11739,#11740);
#8972=VERTEX_POINT('',#11741);
#8973=LINE('',#11742,#11743);
#8974=LINE('',#11744,#11745);
#8975=LINE('',#11746,#11747);
#8976=LINE('',#11748,#11749);
#8977=VERTEX_POINT('',#11750);
#8978=LINE('',#11751,#11752);
#8979=VERTEX_POINT('',#11753);
#8980=LINE('',#11754,#11755);
#8981=LINE('',#11756,#11757);
#8982=LINE('',#11758,#11759);
#8983=LINE('',#11760,#11761);
#8984=VERTEX_POINT('',#11762);
#8985=LINE('',#11763,#11764);
#8986=VERTEX_POINT('',#11765);
#8987=LINE('',#11766,#11767);
#8988=LINE('',#11768,#11769);
#8989=LINE('',#11770,#11771);
#8990=LINE('',#11772,#11773);
#8991=VERTEX_POINT('',#11774);
#8992=LINE('',#11775,#11776);
#8993=VERTEX_POINT('',#11777);
#8994=LINE('',#11778,#11779);
#8995=LINE('',#11780,#11781);
#8996=LINE('',#11782,#11783);
#8997=LINE('',#11784,#11785);
#8998=VERTEX_POINT('',#11786);
#8999=LINE('',#11787,#11788);
#9000=VERTEX_POINT('',#11789);
#9001=LINE('',#11790,#11791);
#9002=LINE('',#11792,#11793);
#9003=LINE('',#11794,#11795);
#9004=LINE('',#11796,#11797);
#9005=VERTEX_POINT('',#11798);
#9006=LINE('',#11799,#11800);
#9007=VERTEX_POINT('',#11801);
#9008=LINE('',#11802,#11803);
#9009=LINE('',#11804,#11805);
#9010=LINE('',#11806,#11807);
#9011=LINE('',#11808,#11809);
#9012=VERTEX_POINT('',#11810);
#9013=LINE('',#11811,#11812);
#9014=VERTEX_POINT('',#11813);
#9015=LINE('',#11814,#11815);
#9016=LINE('',#11816,#11817);
#9017=LINE('',#11818,#11819);
#9018=LINE('',#11820,#11821);
#9019=VERTEX_POINT('',#11822);
#9020=LINE('',#11823,#11824);
#9021=VERTEX_POINT('',#11825);
#9022=LINE('',#11826,#11827);
#9023=LINE('',#11828,#11829);
#9024=LINE('',#11830,#11831);
#9025=LINE('',#11832,#11833);
#9026=VERTEX_POINT('',#11834);
#9027=LINE('',#11835,#11836);
#9028=VERTEX_POINT('',#11837);
#9029=LINE('',#11838,#11839);
#9030=LINE('',#11840,#11841);
#9031=LINE('',#11842,#11843);
#9032=LINE('',#11844,#11845);
#9033=VERTEX_POINT('',#11846);
#9034=LINE('',#11847,#11848);
#9035=VERTEX_POINT('',#11849);
#9036=LINE('',#11850,#11851);
#9037=LINE('',#11852,#11853);
#9038=LINE('',#11854,#11855);
#9039=LINE('',#11856,#11857);
#9040=VERTEX_POINT('',#11858);
#9041=VERTEX_POINT('',#11859);
#9042=CIRCLE('',#11860,1.0);
#9043=VERTEX_POINT('',#11861);
#9044=LINE('',#11862,#11863);
#9045=VERTEX_POINT('',#11864);
#9046=CIRCLE('',#11865,1.0);
#9047=VERTEX_POINT('',#11866);
#9048=LINE('',#11867,#11868);
#9049=VERTEX_POINT('',#11869);
#9050=CIRCLE('',#11870,1.0);
#9051=VERTEX_POINT('',#11871);
#9052=LINE('',#11872,#11873);
#9053=VERTEX_POINT('',#11874);
#9054=CIRCLE('',#11875,1.0);
#9055=VERTEX_POINT('',#11876);
#9056=LINE('',#11877,#11878);
#9057=VERTEX_POINT('',#11879);
#9058=CIRCLE('',#11880,1.0);
#9059=LINE('',#11881,#11882);
#9060=VERTEX_POINT('',#11883);
#9061=LINE('',#11884,#11885);
#9062=VERTEX_POINT('',#11886);
#9063=LINE('',#11887,#11888);
#9064=LINE('',#11889,#11890);
#9065=VERTEX_POINT('',#11891);
#9066=LINE('',#11892,#11893);
#9067=LINE('',#11894,#11895);
#9068=VERTEX_POINT('',#11896);
#9069=LINE('',#11897,#11898);
#9070=VERTEX_POINT('',#11899);
#9071=LINE('',#11900,#11901);
#9072=VERTEX_POINT('',#11902);
#9073=LINE('',#11903,#11904);
#9074=VERTEX_POINT('',#11905);
#9075=LINE('',#11906,#11907);
#9076=VERTEX_POINT('',#11908);
#9077=LINE('',#11909,#11910);
#9078=LINE('',#11911,#11912);
#9079=VERTEX_POINT('',#11913);
#9080=LINE('',#11914,#11915);
#9081=VERTEX_POINT('',#11916);
#9082=LINE('',#11917,#11918);
#9083=LINE('',#11919,#11920);
#9084=LINE('',#11921,#11922);
#9085=VERTEX_POINT('',#11923);
#9086=LINE('',#11924,#11925);
#9087=VERTEX_POINT('',#11926);
#9088=LINE('',#11927,#11928);
#9089=VERTEX_POINT('',#11929);
#9090=LINE('',#11930,#11931);
#9091=VERTEX_POINT('',#11932);
#9092=LINE('',#11933,#11934);
#9093=VERTEX_POINT('',#11935);
#9094=LINE('',#11936,#11937);
#9095=LINE('',#11938,#11939);
#9096=VERTEX_POINT('',#11940);
#9097=LINE('',#11941,#11942);
#9098=VERTEX_POINT('',#11943);
#9099=LINE('',#11944,#11945);
#9100=LINE('',#11946,#11947);
#9101=VERTEX_POINT('',#11948);
#9102=LINE('',#11949,#11950);
#9103=VERTEX_POINT('',#11951);
#9104=LINE('',#11952,#11953);
#9105=VERTEX_POINT('',#11954);
#9106=LINE('',#11955,#11956);
#9107=VERTEX_POINT('',#11957);
#9108=LINE('',#11958,#11959);
#9109=LINE('',#11960,#11961);
#9110=VERTEX_POINT('',#11962);
#9111=LINE('',#11963,#11964);
#9112=LINE('',#11965,#11966);
#9113=VERTEX_POINT('',#11967);
#9114=LINE('',#11968,#11969);
#9115=LINE('',#11970,#11971);
#9116=VERTEX_POINT('',#11972);
#9117=LINE('',#11973,#11974);
#9118=LINE('',#11975,#11976);
#9119=LINE('',#11977,#11978);
#9120=LINE('',#11979,#11980);
#9121=VERTEX_POINT('',#11981);
#9122=LINE('',#11982,#11983);
#9123=LINE('',#11984,#11985);
#9124=VERTEX_POINT('',#11986);
#9125=LINE('',#11987,#11988);
#9126=VERTEX_POINT('',#11989);
#9127=LINE('',#11990,#11991);
#9128=LINE('',#11992,#11993);
#9129=VERTEX_POINT('',#11994);
#9130=LINE('',#11995,#11996);
#9131=LINE('',#11997,#11998);
#9132=LINE('',#11999,#12000);
#9133=LINE('',#12001,#12002);
#9134=LINE('',#12003,#12004);
#9135=VERTEX_POINT('',#12005);
#9136=LINE('',#12006,#12007);
#9137=VERTEX_POINT('',#12008);
#9138=LINE('',#12009,#12010);
#9139=LINE('',#12011,#12012);
#9140=VERTEX_POINT('',#12013);
#9141=LINE('',#12014,#12015);
#9142=VERTEX_POINT('',#12016);
#9143=LINE('',#12017,#12018);
#9144=LINE('',#12019,#12020);
#9145=VERTEX_POINT('',#12021);
#9146=LINE('',#12022,#12023);
#9147=VERTEX_POINT('',#12024);
#9148=LINE('',#12025,#12026);
#9149=LINE('',#12027,#12028);
#9150=VERTEX_POINT('',#12029);
#9151=LINE('',#12030,#12031);
#9152=VERTEX_POINT('',#12032);
#9153=LINE('',#12033,#12034);
#9154=LINE('',#12035,#12036);
#9155=VERTEX_POINT('',#12037);
#9156=LINE('',#12038,#12039);
#9157=VERTEX_POINT('',#12040);
#9158=LINE('',#12041,#12042);
#9159=LINE('',#12043,#12044);
#9160=VERTEX_POINT('',#12045);
#9161=LINE('',#12046,#12047);
#9162=VERTEX_POINT('',#12048);
#9163=LINE('',#12049,#12050);
#9164=LINE('',#12051,#12052);
#9165=LINE('',#12053,#12054);
#9166=LINE('',#12055,#12056);
#9167=VERTEX_POINT('',#12057);
#9168=LINE('',#12058,#12059);
#9169=LINE('',#12060,#12061);
#9170=VERTEX_POINT('',#12062);
#9171=LINE('',#12063,#12064);
#9172=LINE('',#12065,#12066);
#9173=LINE('',#12067,#12068);
#9174=EDGE_CURVE('',#12069,#12070,#12071,.T.);
#9175=EDGE_CURVE('',#12070,#12072,#12073,.T.);
#9176=EDGE_CURVE('',#12074,#12072,#12075,.T.);
#9177=EDGE_CURVE('',#12074,#12069,#12076,.T.);
#9178=EDGE_CURVE('',#12077,#12078,#12079,.T.);
#9179=EDGE_CURVE('',#12078,#12069,#12080,.T.);
#9180=EDGE_CURVE('',#12077,#12074,#12081,.T.);
#9181=EDGE_CURVE('',#12082,#12077,#12083,.T.);
#9182=EDGE_CURVE('',#12072,#12082,#12084,.T.);
#9183=EDGE_CURVE('',#12085,#12082,#12086,.T.);
#9184=EDGE_CURVE('',#12070,#12085,#12087,.T.);
#9185=EDGE_CURVE('',#12078,#12085,#12088,.T.);
#9186=EDGE_CURVE('',#12089,#12090,#12091,.T.);
#9187=EDGE_CURVE('',#12090,#12092,#12093,.T.);
#9188=EDGE_CURVE('',#12094,#12092,#12095,.T.);
#9189=EDGE_CURVE('',#12094,#12089,#12096,.T.);
#9190=EDGE_CURVE('',#12097,#12098,#12099,.T.);
#9191=EDGE_CURVE('',#12098,#12089,#12100,.T.);
#9192=EDGE_CURVE('',#12097,#12094,#12101,.T.);
#9193=EDGE_CURVE('',#12102,#12097,#12103,.T.);
#9194=EDGE_CURVE('',#12092,#12102,#12104,.T.);
#9195=EDGE_CURVE('',#12105,#12102,#12106,.T.);
#9196=EDGE_CURVE('',#12090,#12105,#12107,.T.);
#9197=EDGE_CURVE('',#12098,#12105,#12108,.T.);
#9198=EDGE_CURVE('',#12109,#12110,#12111,.T.);
#9199=EDGE_CURVE('',#12110,#12112,#12113,.T.);
#9200=EDGE_CURVE('',#12114,#12112,#12115,.T.);
#9201=EDGE_CURVE('',#12114,#12109,#12116,.T.);
#9202=EDGE_CURVE('',#12117,#12118,#12119,.T.);
#9203=EDGE_CURVE('',#12118,#12109,#12120,.T.);
#9204=EDGE_CURVE('',#12117,#12114,#12121,.T.);
#9205=EDGE_CURVE('',#12122,#12117,#12123,.T.);
#9206=EDGE_CURVE('',#12112,#12122,#12124,.T.);
#9207=EDGE_CURVE('',#12125,#12122,#12126,.T.);
#9208=EDGE_CURVE('',#12110,#12125,#12127,.T.);
#9209=EDGE_CURVE('',#12118,#12125,#12128,.T.);
#9210=EDGE_CURVE('',#12129,#12130,#12131,.T.);
#9211=EDGE_CURVE('',#12130,#12132,#12133,.T.);
#9212=EDGE_CURVE('',#12132,#12134,#12135,.T.);
#9213=EDGE_CURVE('',#12134,#12129,#12136,.T.);
#9214=EDGE_CURVE('',#12137,#12138,#12139,.T.);
#9215=EDGE_CURVE('',#12138,#12134,#12140,.T.);
#9216=EDGE_CURVE('',#12132,#12137,#12141,.T.);
#9217=EDGE_CURVE('',#12142,#12129,#12143,.T.);
#9218=EDGE_CURVE('',#12138,#12142,#12144,.T.);
#9219=EDGE_CURVE('',#12130,#12145,#12146,.T.);
#9220=EDGE_CURVE('',#12145,#12137,#12147,.T.);
#9221=EDGE_CURVE('',#12142,#12145,#12148,.T.);
#9222=EDGE_CURVE('',#12149,#12150,#12151,.T.);
#9223=EDGE_CURVE('',#12150,#12152,#12153,.T.);
#9224=EDGE_CURVE('',#12152,#12154,#12155,.T.);
#9225=EDGE_CURVE('',#12154,#12149,#12156,.T.);
#9226=EDGE_CURVE('',#12157,#12158,#12159,.T.);
#9227=EDGE_CURVE('',#12158,#12154,#12160,.T.);
#9228=EDGE_CURVE('',#12152,#12157,#12161,.T.);
#9229=EDGE_CURVE('',#12162,#12149,#12163,.T.);
#9230=EDGE_CURVE('',#12158,#12162,#12164,.T.);
#9231=EDGE_CURVE('',#12150,#12165,#12166,.T.);
#9232=EDGE_CURVE('',#12165,#12157,#12167,.T.);
#9233=EDGE_CURVE('',#12162,#12165,#12168,.T.);
#9234=EDGE_CURVE('',#12169,#12170,#12171,.T.);
#9235=EDGE_CURVE('',#12170,#12172,#12173,.T.);
#9236=EDGE_CURVE('',#12172,#12174,#12175,.T.);
#9237=EDGE_CURVE('',#12174,#12169,#12176,.T.);
#9238=EDGE_CURVE('',#12177,#12178,#12179,.T.);
#9239=EDGE_CURVE('',#12178,#12174,#12180,.T.);
#9240=EDGE_CURVE('',#12172,#12177,#12181,.T.);
#9241=EDGE_CURVE('',#12182,#12169,#12183,.T.);
#9242=EDGE_CURVE('',#12178,#12182,#12184,.T.);
#9243=EDGE_CURVE('',#12170,#12185,#12186,.T.);
#9244=EDGE_CURVE('',#12185,#12177,#12187,.T.);
#9245=EDGE_CURVE('',#12182,#12185,#12188,.T.);
#9246=EDGE_CURVE('',#12189,#12190,#12191,.T.);
#9247=EDGE_CURVE('',#12190,#12192,#12193,.T.);
#9248=EDGE_CURVE('',#12192,#12194,#12195,.T.);
#9249=EDGE_CURVE('',#12194,#12189,#12196,.T.);
#9250=EDGE_CURVE('',#12197,#12198,#12199,.T.);
#9251=EDGE_CURVE('',#12198,#12194,#12200,.T.);
#9252=EDGE_CURVE('',#12192,#12197,#12201,.T.);
#9253=EDGE_CURVE('',#12202,#12189,#12203,.T.);
#9254=EDGE_CURVE('',#12198,#12202,#12204,.T.);
#9255=EDGE_CURVE('',#12190,#12205,#12206,.T.);
#9256=EDGE_CURVE('',#12205,#12197,#12207,.T.);
#9257=EDGE_CURVE('',#12202,#12205,#12208,.T.);
#9258=EDGE_CURVE('',#12209,#12210,#12211,.T.);
#9259=EDGE_CURVE('',#12210,#12212,#12213,.T.);
#9260=EDGE_CURVE('',#12212,#12214,#12215,.T.);
#9261=EDGE_CURVE('',#12214,#12209,#12216,.T.);
#9262=EDGE_CURVE('',#12217,#12218,#12219,.T.);
#9263=EDGE_CURVE('',#12218,#12214,#12220,.T.);
#9264=EDGE_CURVE('',#12212,#12217,#12221,.T.);
#9265=EDGE_CURVE('',#12222,#12209,#12223,.T.);
#9266=EDGE_CURVE('',#12218,#12222,#12224,.T.);
#9267=EDGE_CURVE('',#12210,#12225,#12226,.T.);
#9268=EDGE_CURVE('',#12225,#12217,#12227,.T.);
#9269=EDGE_CURVE('',#12222,#12225,#12228,.T.);
#9270=EDGE_CURVE('',#12229,#12230,#12231,.T.);
#9271=EDGE_CURVE('',#12230,#12232,#12233,.T.);
#9272=EDGE_CURVE('',#12232,#12234,#12235,.T.);
#9273=EDGE_CURVE('',#12234,#12229,#12236,.T.);
#9274=EDGE_CURVE('',#12237,#12238,#12239,.T.);
#9275=EDGE_CURVE('',#12238,#12234,#12240,.T.);
#9276=EDGE_CURVE('',#12232,#12237,#12241,.T.);
#9277=EDGE_CURVE('',#12242,#12229,#12243,.T.);
#9278=EDGE_CURVE('',#12238,#12242,#12244,.T.);
#9279=EDGE_CURVE('',#12230,#12245,#12246,.T.);
#9280=EDGE_CURVE('',#12245,#12237,#12247,.T.);
#9281=EDGE_CURVE('',#12242,#12245,#12248,.T.);
#9282=EDGE_CURVE('',#12249,#12250,#12251,.T.);
#9283=EDGE_CURVE('',#12250,#12252,#12253,.T.);
#9284=EDGE_CURVE('',#12252,#12254,#12255,.T.);
#9285=EDGE_CURVE('',#12254,#12249,#12256,.T.);
#9286=EDGE_CURVE('',#12257,#12258,#12259,.T.);
#9287=EDGE_CURVE('',#12258,#12254,#12260,.T.);
#9288=EDGE_CURVE('',#12252,#12257,#12261,.T.);
#9289=EDGE_CURVE('',#12262,#12249,#12263,.T.);
#9290=EDGE_CURVE('',#12258,#12262,#12264,.T.);
#9291=EDGE_CURVE('',#12250,#12265,#12266,.T.);
#9292=EDGE_CURVE('',#12265,#12257,#12267,.T.);
#9293=EDGE_CURVE('',#12262,#12265,#12268,.T.);
#9294=EDGE_CURVE('',#12269,#12270,#12271,.T.);
#9295=EDGE_CURVE('',#12270,#12272,#12273,.T.);
#9296=EDGE_CURVE('',#12274,#12272,#12275,.T.);
#9297=EDGE_CURVE('',#12274,#12269,#12276,.T.);
#9298=EDGE_CURVE('',#12277,#12278,#12279,.T.);
#9299=EDGE_CURVE('',#12278,#12269,#12280,.T.);
#9300=EDGE_CURVE('',#12277,#12274,#12281,.T.);
#9301=EDGE_CURVE('',#12282,#12277,#12283,.T.);
#9302=EDGE_CURVE('',#12272,#12282,#12284,.T.);
#9303=EDGE_CURVE('',#12285,#12282,#12286,.T.);
#9304=EDGE_CURVE('',#12270,#12285,#12287,.T.);
#9305=EDGE_CURVE('',#12278,#12285,#12288,.T.);
#9306=EDGE_CURVE('',#12289,#12290,#12291,.T.);
#9307=EDGE_CURVE('',#12290,#12292,#12293,.T.);
#9308=EDGE_CURVE('',#12294,#12292,#12295,.T.);
#9309=EDGE_CURVE('',#12294,#12289,#12296,.T.);
#9310=EDGE_CURVE('',#12297,#12298,#12299,.T.);
#9311=EDGE_CURVE('',#12298,#12289,#12300,.T.);
#9312=EDGE_CURVE('',#12297,#12294,#12301,.T.);
#9313=EDGE_CURVE('',#12302,#12297,#12303,.T.);
#9314=EDGE_CURVE('',#12292,#12302,#12304,.T.);
#9315=EDGE_CURVE('',#12305,#12302,#12306,.T.);
#9316=EDGE_CURVE('',#12290,#12305,#12307,.T.);
#9317=EDGE_CURVE('',#12298,#12305,#12308,.T.);
#9318=EDGE_CURVE('',#12309,#12310,#12311,.T.);
#9319=EDGE_CURVE('',#12310,#12312,#12313,.T.);
#9320=EDGE_CURVE('',#12314,#12312,#12315,.T.);
#9321=EDGE_CURVE('',#12314,#12309,#12316,.T.);
#9322=EDGE_CURVE('',#12317,#12318,#12319,.T.);
#9323=EDGE_CURVE('',#12318,#12309,#12320,.T.);
#9324=EDGE_CURVE('',#12317,#12314,#12321,.T.);
#9325=EDGE_CURVE('',#12322,#12317,#12323,.T.);
#9326=EDGE_CURVE('',#12312,#12322,#12324,.T.);
#9327=EDGE_CURVE('',#12325,#12322,#12326,.T.);
#9328=EDGE_CURVE('',#12310,#12325,#12327,.T.);
#9329=EDGE_CURVE('',#12318,#12325,#12328,.T.);
#9330=EDGE_CURVE('',#12329,#12330,#12331,.T.);
#9331=EDGE_CURVE('',#12330,#12332,#12333,.T.);
#9332=EDGE_CURVE('',#12334,#12332,#12335,.T.);
#9333=EDGE_CURVE('',#12334,#12329,#12336,.T.);
#9334=EDGE_CURVE('',#12337,#12338,#12339,.T.);
#9335=EDGE_CURVE('',#12338,#12329,#12340,.T.);
#9336=EDGE_CURVE('',#12337,#12334,#12341,.T.);
#9337=EDGE_CURVE('',#12342,#12337,#12343,.T.);
#9338=EDGE_CURVE('',#12332,#12342,#12344,.T.);
#9339=EDGE_CURVE('',#12345,#12342,#12346,.T.);
#9340=EDGE_CURVE('',#12330,#12345,#12347,.T.);
#9341=EDGE_CURVE('',#12338,#12345,#12348,.T.);
#9342=CARTESIAN_POINT('',(-7.00499999999976,1.82536599591414E-05,4.50367623790432));
#9343=CARTESIAN_POINT('',(-7.10499999999967,3.65073201464838E-05,4.5036794565171));
#9344=CARTESIAN_POINT('',(0.917499999998401,3.6507301905464E-05,4.50367945651389));
#9345=VECTOR('',#12349,1.0);
#9346=CARTESIAN_POINT('',(-7.00499999999976,1.82536599591665E-05,4.35762513895106));
#9347=CARTESIAN_POINT('',(-7.00499999999976,3.65073199191102E-05,10.26));
#9348=VECTOR('',#12350,1.0);
#9349=CARTESIAN_POINT('',(-7.10499999999967,3.65073201464838E-05,4.35762835756385));
#9350=CARTESIAN_POINT('',(-7.83750000000088,3.65073218119988E-05,4.35762835756415));
#9351=VECTOR('',#12351,1.0);
#9352=CARTESIAN_POINT('',(-7.10499999999967,3.65073201464838E-05,10.26));
#9353=VECTOR('',#12352,1.0);
#9354=CARTESIAN_POINT('',(-8.23500000000009,-2.18,2.18510589693829));
#9355=CARTESIAN_POINT('',(-7.00500000000006,-2.18,2.18510589693829));
#9356=CARTESIAN_POINT('',(-8.12,-2.18,2.18510589693829));
#9357=VECTOR('',#12353,1.0);
#9358=CARTESIAN_POINT('',(-8.23500000000021,-0.400000000000057,2.18510589693828));
#9359=CARTESIAN_POINT('',(-8.23500000000016,-1.22125000000001,2.18510589693828));
#9360=VECTOR('',#12354,1.0);
#9361=CARTESIAN_POINT('',(-7.00499999999982,-0.400000000000057,2.18510589693828));
#9362=CARTESIAN_POINT('',(-8.62,-0.400000000000057,2.18510589693828));
#9363=VECTOR('',#12355,1.0);
#9364=CARTESIAN_POINT('',(-7.00499999999993,-1.22125000000001,2.18510589693828));
#9365=VECTOR('',#12356,1.0);
#9366=CARTESIAN_POINT('',(-7.91000000000096,-3.75000000000014,3.88499999985226));
#9367=CARTESIAN_POINT('',(-7.33000000000116,-3.75000000000014,3.88499999985226));
#9368=CARTESIAN_POINT('',(0.135,-3.75000000000014,3.88499999985226));
#9369=VECTOR('',#12357,1.0);
#9370=CARTESIAN_POINT('',(-7.90999999999998,-6.41775508824488,3.88499999985226));
#9371=CARTESIAN_POINT('',(-7.91000000000046,-5.11692964523102,3.88499999985226));
#9372=VECTOR('',#12358,1.0);
#9373=CARTESIAN_POINT('',(-7.7165925826288,-7.17688190451022,3.88499999985226));
#9374=CARTESIAN_POINT('',(-8.01400581452673,-6.00953081263063,3.88499999985226));
#9375=VECTOR('',#12359,1.0);
#9376=CARTESIAN_POINT('',(-7.63410673597969,-7.25,3.88499999985226));
#9377=AXIS2_PLACEMENT_3D('',#12360,#12361,#12362);
#9378=CARTESIAN_POINT('',(-7.60589326402036,-7.25,3.88499999985226));
#9379=CARTESIAN_POINT('',(-8.62,-7.25,3.88499999985226));
#9380=VECTOR('',#12363,1.0);
#9381=CARTESIAN_POINT('',(-7.52340741737103,-7.17688190451016,3.88499999985226));
#9382=AXIS2_PLACEMENT_3D('',#12364,#12365,#12366);
#9383=CARTESIAN_POINT('',(-7.33000000000098,-6.41775508824852,3.88499999985226));
#9384=CARTESIAN_POINT('',(-7.28694848087781,-6.24877727399711,3.88499999985226));
#9385=VECTOR('',#12367,1.0);
#9386=CARTESIAN_POINT('',(-7.33000000000107,-5.11692964523202,3.88499999985226));
#9387=VECTOR('',#12368,1.0);
#9388=CARTESIAN_POINT('',(-7.91000000000096,-3.75000000000011,3.73499999985226));
#9389=CARTESIAN_POINT('',(-7.91000000000096,-3.75000000000102,7.23249999999949));
#9390=VECTOR('',#12369,1.0);
#9391=CARTESIAN_POINT('',(-7.90999999999998,-6.41775508824488,3.73499999985226));
#9392=CARTESIAN_POINT('',(-7.91000000000046,-5.11692964523102,3.73499999985226));
#9393=VECTOR('',#12370,1.0);
#9394=CARTESIAN_POINT('',(-7.90999999999998,-6.41775508824488,10.26));
#9395=VECTOR('',#12371,1.0);
#9396=CARTESIAN_POINT('',(-7.60589326402036,-7.25,3.73499999985226));
#9397=CARTESIAN_POINT('',(-7.60589326402036,-7.25,3.80999999985226));
#9398=VECTOR('',#12372,1.0);
#9399=CARTESIAN_POINT('',(-7.52340741737103,-7.17688190451016,3.73499999985226));
#9400=AXIS2_PLACEMENT_3D('',#12373,#12374,#12375);
#9401=CARTESIAN_POINT('',(-7.52340741737103,-7.17688190451016,10.26));
#9402=VECTOR('',#12376,1.0);
#9403=CARTESIAN_POINT('',(-7.33000000000098,-6.41775508824852,3.73499999985226));
#9404=CARTESIAN_POINT('',(-7.28694848087781,-6.24877727399711,3.73499999985226));
#9405=VECTOR('',#12377,1.0);
#9406=CARTESIAN_POINT('',(-7.33000000000098,-6.41775508824852,10.26));
#9407=VECTOR('',#12378,1.0);
#9408=CARTESIAN_POINT('',(-7.33000000000116,-3.75000000000011,3.73499999985226));
#9409=CARTESIAN_POINT('',(-7.33000000000116,-3.75000000000102,7.23249999999949));
#9410=VECTOR('',#12379,1.0);
#9411=CARTESIAN_POINT('',(-7.33000000000107,-5.11692964523202,3.73499999985226));
#9412=VECTOR('',#12380,1.0);
#9413=CARTESIAN_POINT('',(-8.13500000000033,3.65073203738575E-05,4.50367945651714));
#9414=CARTESIAN_POINT('',(-8.23500000000024,1.82536599591414E-05,4.50367623790432));
#9415=CARTESIAN_POINT('',(0.352500000003339,3.65073589705667E-05,4.50367945652395));
#9416=VECTOR('',#12381,1.0);
#9417=CARTESIAN_POINT('',(-8.13500000000033,3.65073203738575E-05,4.35762835756389));
#9418=CARTESIAN_POINT('',(-8.13500000000033,3.65073203738575E-05,10.26));
#9419=VECTOR('',#12382,1.0);
#9420=CARTESIAN_POINT('',(-8.23500000000024,1.82536599591665E-05,4.35762513895107));
#9421=CARTESIAN_POINT('',(-8.40249999999811,3.65073191574139E-05,4.35762835756368));
#9422=VECTOR('',#12383,1.0);
#9423=CARTESIAN_POINT('',(-8.235,-3.33066907387547E-16,1.6675));
#9424=VECTOR('',#12384,1.0);
#9425=CARTESIAN_POINT('',(-8.13500000000033,0.664614576052041,4.62086250082161));
#9426=CARTESIAN_POINT('',(-8.13500000000033,0.908653669386302,4.66389317732405));
#9427=VECTOR('',#12385,1.0);
#9428=CARTESIAN_POINT('',(-8.13500000000033,0.686500000000024,4.49674409387061));
#9429=CARTESIAN_POINT('',(-8.13500000000033,0.18367026025812,7.34843325523599));
#9430=VECTOR('',#12386,1.0);
#9431=CARTESIAN_POINT('',(-8.13500000000033,0.686500000000024,4.47867039259466));
#9432=CARTESIAN_POINT('',(-8.13500000000033,0.686500000000024,10.26));
#9433=VECTOR('',#12387,1.0);
#9434=CARTESIAN_POINT('',(-8.13500000000033,0.600558214187849,4.46351653698571));
#9435=VECTOR('',#12388,1.0);
#9436=CARTESIAN_POINT('',(-7.10499999999967,0.686500000000024,4.49674409387061));
#9437=CARTESIAN_POINT('',(-8.12,0.686500000000024,4.49674409387061));
#9438=VECTOR('',#12389,1.0);
#9439=CARTESIAN_POINT('',(-7.10499999999967,0.686500000000024,4.47867039259466));
#9440=CARTESIAN_POINT('',(-7.10499999999967,0.686500000000024,10.26));
#9441=VECTOR('',#12390,1.0);
#9442=CARTESIAN_POINT('',(-8.12,0.686500000000024,4.47867039259466));
#9443=VECTOR('',#12391,1.0);
#9444=CARTESIAN_POINT('',(-7.10499999999967,0.66461457605204,4.62086250082161));
#9445=CARTESIAN_POINT('',(-7.10499999999967,0.908653669386246,4.66389317732404));
#9446=VECTOR('',#12392,1.0);
#9447=CARTESIAN_POINT('',(-7.10499999999967,0.600558214187794,4.4635165369857));
#9448=VECTOR('',#12393,1.0);
#9449=CARTESIAN_POINT('',(-7.10499999999967,0.183670260258119,7.348433255236));
#9450=VECTOR('',#12394,1.0);
#9451=CARTESIAN_POINT('',(-7.7165925826288,-7.17688190451022,3.73499999985226));
#9452=CARTESIAN_POINT('',(-8.01400581452673,-6.00953081263063,3.73499999985226));
#9453=VECTOR('',#12395,1.0);
#9454=CARTESIAN_POINT('',(-7.7165925826288,-7.17688190451022,10.26));
#9455=VECTOR('',#12396,1.0);
#9456=CARTESIAN_POINT('',(-7.63410673597969,-7.25,3.73499999985226));
#9457=AXIS2_PLACEMENT_3D('',#12397,#12398,#12399);
#9458=CARTESIAN_POINT('',(-7.63410673597969,-7.25,3.80999999985226));
#9459=VECTOR('',#12400,1.0);
#9460=CARTESIAN_POINT('',(-8.62,-7.25,3.73499999985226));
#9461=VECTOR('',#12401,1.0);
#9462=CARTESIAN_POINT('',(0.135,-3.75000000000011,3.73499999985226));
#9463=VECTOR('',#12402,1.0);
#9464=CARTESIAN_POINT('',(-7.00499999999989,-0.971925023541609,4.18624531546225));
#9465=CARTESIAN_POINT('',(-7.00499999999983,-0.487770629121907,4.271614798027));
#9466=VECTOR('',#12403,1.0);
#9467=CARTESIAN_POINT('',(-8.23500000000017,-0.971925023541609,4.18624531546225));
#9468=CARTESIAN_POINT('',(-8.62,-0.971925023541609,4.18624531546225));
#9469=VECTOR('',#12404,1.0);
#9470=CARTESIAN_POINT('',(-8.2350000000002,-0.487770629121908,4.271614798027));
#9471=VECTOR('',#12405,1.0);
#9472=CARTESIAN_POINT('',(-8.23500000000023,-0.161843013959443,2.59760589693824));
#9473=AXIS2_PLACEMENT_3D('',#12406,#12407,#12408);
#9474=CARTESIAN_POINT('',(-7.00499999999978,-0.161843013959443,2.59760589693824));
#9475=CARTESIAN_POINT('',(-8.62,-0.161843013959443,2.59760589693824));
#9476=VECTOR('',#12409,1.0);
#9477=AXIS2_PLACEMENT_3D('',#12410,#12411,#12412);
#9478=CARTESIAN_POINT('',(-8.23500000000017,-1.07125471375689,4.06303046703911));
#9479=CARTESIAN_POINT('',(-8.23500000000019,-0.626418645678551,3.34622233275378));
#9480=VECTOR('',#12413,1.0);
#9481=CARTESIAN_POINT('',(-7.00499999999991,-1.07125471375689,4.06303046703911));
#9482=CARTESIAN_POINT('',(-8.62,-1.07125471375689,4.06303046703911));
#9483=VECTOR('',#12414,1.0);
#9484=CARTESIAN_POINT('',(-7.00499999999985,-0.626418645678551,3.34622233275378));
#9485=VECTOR('',#12415,1.0);
#9486=CARTESIAN_POINT('',(-8.23500000000016,-1.22703038702192,4.18624531546225));
#9487=AXIS2_PLACEMENT_3D('',#12416,#12417,#12418);
#9488=CARTESIAN_POINT('',(-7.00499999999993,-1.22703038702192,4.18624531546225));
#9489=CARTESIAN_POINT('',(-8.62,-1.22703038702192,4.18624531546225));
#9490=VECTOR('',#12419,1.0);
#9491=AXIS2_PLACEMENT_3D('',#12420,#12421,#12422);
#9492=CARTESIAN_POINT('',(-8.23500000000018,-0.889738852640883,4.18624531546225));
#9493=VECTOR('',#12423,1.0);
#9494=CARTESIAN_POINT('',(-7.00499999999988,-0.889738852640883,4.18624531546225));
#9495=VECTOR('',#12424,1.0);
#9496=CARTESIAN_POINT('',(0.135,0.66461457605204,4.62086250082161));
#9497=VECTOR('',#12425,1.0);
#9498=CARTESIAN_POINT('',(-8.89,-8.2728398924443E-16,4.50367301929157));
#9499=CARTESIAN_POINT('',(8.89,-8.2728398924443E-16,4.50367301929157));
#9500=VECTOR('',#12426,1.0);
#9501=CARTESIAN_POINT('',(-8.89,0.999999999999999,4.67999999999995));
#9502=CARTESIAN_POINT('',(-8.89,0.999999999999999,4.67999999999995));
#9503=VECTOR('',#12427,0.999999999999999);
#9504=CARTESIAN_POINT('',(8.89,0.999999999999999,4.67999999999995));
#9505=CARTESIAN_POINT('',(8.89,0.999999999999999,4.67999999999995));
#9506=VECTOR('',#12428,1.0);
#9507=CARTESIAN_POINT('',(8.89,-8.2728398924443E-16,4.50367301929157));
#9508=CARTESIAN_POINT('',(8.89,0.999999999999999,4.67999999999995));
#9509=VECTOR('',#12429,1.0);
#9510=CARTESIAN_POINT('',(8.23500000000024,1.82536599591414E-05,4.50367623790432));
#9511=CARTESIAN_POINT('',(8.89,-8.2728398924443E-16,4.50367301929157));
#9512=VECTOR('',#12430,1.0);
#9513=CARTESIAN_POINT('',(8.13500000000033,3.65073201464838E-05,4.5036794565171));
#9514=CARTESIAN_POINT('',(8.5374999999984,3.6507319231327E-05,4.50367945651694));
#9515=VECTOR('',#12431,1.0);
#9516=CARTESIAN_POINT('',(8.13500000000033,0.66461457605204,4.6208625008216));
#9517=CARTESIAN_POINT('',(8.13500000000033,0.908653669386247,4.66389317732404));
#9518=VECTOR('',#12432,1.0);
#9519=CARTESIAN_POINT('',(7.10499999999967,0.664614576052041,4.62086250082161));
#9520=CARTESIAN_POINT('',(7.755,0.66461457605204,4.62086250082161));
#9521=VECTOR('',#12433,1.0);
#9522=CARTESIAN_POINT('',(7.10499999999967,3.65073203738575E-05,4.50367945651714));
#9523=CARTESIAN_POINT('',(7.10499999999967,0.908653669386302,4.66389317732405));
#9524=VECTOR('',#12434,1.0);
#9525=CARTESIAN_POINT('',(7.00499999999976,1.82536599591414E-05,4.50367623790432));
#9526=CARTESIAN_POINT('',(7.97250000000334,3.6507324318813E-05,4.50367945651784));
#9527=VECTOR('',#12435,1.0);
#9528=CARTESIAN_POINT('',(5.69500000000024,1.82536599591414E-05,4.50367623790432));
#9529=CARTESIAN_POINT('',(8.89,-8.2728398924443E-16,4.50367301929157));
#9530=VECTOR('',#12436,1.0);
#9531=CARTESIAN_POINT('',(5.59500000000033,3.65073201464838E-05,4.5036794565171));
#9532=CARTESIAN_POINT('',(7.2674999999984,3.65073163436924E-05,4.50367945651643));
#9533=VECTOR('',#12437,1.0);
#9534=CARTESIAN_POINT('',(5.59500000000033,0.66461457605204,4.62086250082161));
#9535=CARTESIAN_POINT('',(5.59500000000033,0.908653669386247,4.66389317732404));
#9536=VECTOR('',#12438,1.0);
#9537=CARTESIAN_POINT('',(4.56499999999967,0.664614576052041,4.62086250082161));
#9538=CARTESIAN_POINT('',(6.485,0.66461457605204,4.62086250082161));
#9539=VECTOR('',#12439,1.0);
#9540=CARTESIAN_POINT('',(4.56499999999967,3.65073203738575E-05,4.50367945651714));
#9541=CARTESIAN_POINT('',(4.56499999999967,0.908653669386302,4.66389317732405));
#9542=VECTOR('',#12440,1.0);
#9543=CARTESIAN_POINT('',(4.46499999999976,1.82536599591414E-05,4.50367623790432));
#9544=CARTESIAN_POINT('',(6.70250000000334,3.65073300941099E-05,4.50367945651886));
#9545=VECTOR('',#12441,1.0);
#9546=CARTESIAN_POINT('',(3.15500000000024,1.82536599591414E-05,4.50367623790432));
#9547=CARTESIAN_POINT('',(8.89,-8.2728398924443E-16,4.50367301929157));
#9548=VECTOR('',#12442,1.0);
#9549=CARTESIAN_POINT('',(3.05500000000033,3.65073201464838E-05,4.5036794565171));
#9550=CARTESIAN_POINT('',(5.9974999999984,3.65073134560301E-05,4.50367945651592));
#9551=VECTOR('',#12443,1.0);
#9552=CARTESIAN_POINT('',(3.05500000000033,0.66461457605204,4.62086250082161));
#9553=CARTESIAN_POINT('',(3.05500000000033,0.908653669386247,4.66389317732404));
#9554=VECTOR('',#12444,1.0);
#9555=CARTESIAN_POINT('',(2.02499999999967,0.664614576052041,4.62086250082161));
#9556=CARTESIAN_POINT('',(5.215,0.66461457605204,4.62086250082161));
#9557=VECTOR('',#12445,1.0);
#9558=CARTESIAN_POINT('',(2.02499999999967,3.65073203738575E-05,4.50367945651714));
#9559=CARTESIAN_POINT('',(2.02499999999967,0.908653669386302,4.66389317732405));
#9560=VECTOR('',#12446,1.0);
#9561=CARTESIAN_POINT('',(1.92499999999976,1.82536599591414E-05,4.50367623790432));
#9562=CARTESIAN_POINT('',(5.43250000000334,3.65073358694068E-05,4.50367945651988));
#9563=VECTOR('',#12447,1.0);
#9564=CARTESIAN_POINT('',(0.615000000000237,1.82536599591414E-05,4.50367623790432));
#9565=CARTESIAN_POINT('',(8.89,-8.2728398924443E-16,4.50367301929157));
#9566=VECTOR('',#12448,1.0);
#9567=CARTESIAN_POINT('',(0.515000000000328,3.65073201464838E-05,4.5036794565171));
#9568=CARTESIAN_POINT('',(4.7274999999984,3.65073105683955E-05,4.50367945651541));
#9569=VECTOR('',#12449,1.0);
#9570=CARTESIAN_POINT('',(0.515000000000328,0.66461457605204,4.62086250082161));
#9571=CARTESIAN_POINT('',(0.515000000000328,0.908653669386247,4.66389317732404));
#9572=VECTOR('',#12450,1.0);
#9573=CARTESIAN_POINT('',(-0.515000000000327,0.664614576052041,4.62086250082161));
#9574=CARTESIAN_POINT('',(3.945,0.66461457605204,4.62086250082161));
#9575=VECTOR('',#12451,1.0);
#9576=CARTESIAN_POINT('',(-0.515000000000325,3.65073203738575E-05,4.50367945651714));
#9577=CARTESIAN_POINT('',(-0.515000000000327,0.908653669386302,4.66389317732405));
#9578=VECTOR('',#12452,1.0);
#9579=CARTESIAN_POINT('',(-0.615000000000234,1.82536599591414E-05,4.50367623790432));
#9580=CARTESIAN_POINT('',(4.16250000000334,3.65073416447037E-05,4.50367945652089));
#9581=VECTOR('',#12453,1.0);
#9582=CARTESIAN_POINT('',(-1.92499999999976,1.82536599591414E-05,4.50367623790432));
#9583=CARTESIAN_POINT('',(8.89,-8.2728398924443E-16,4.50367301929157));
#9584=VECTOR('',#12454,1.0);
#9585=CARTESIAN_POINT('',(-2.02499999999967,3.65073201464838E-05,4.5036794565171));
#9586=CARTESIAN_POINT('',(3.4574999999984,3.65073076807609E-05,4.50367945651491));
#9587=VECTOR('',#12455,1.0);
#9588=CARTESIAN_POINT('',(-2.02499999999967,0.66461457605204,4.62086250082161));
#9589=CARTESIAN_POINT('',(-2.02499999999967,0.908653669386247,4.66389317732404));
#9590=VECTOR('',#12456,1.0);
#9591=CARTESIAN_POINT('',(-3.05500000000033,0.664614576052041,4.62086250082161));
#9592=CARTESIAN_POINT('',(2.675,0.66461457605204,4.62086250082161));
#9593=VECTOR('',#12457,1.0);
#9594=CARTESIAN_POINT('',(-3.05500000000033,3.65073203738575E-05,4.50367945651714));
#9595=CARTESIAN_POINT('',(-3.05500000000033,0.908653669386302,4.66389317732405));
#9596=VECTOR('',#12458,1.0);
#9597=CARTESIAN_POINT('',(-3.15500000000024,1.82536599591414E-05,4.50367623790432));
#9598=CARTESIAN_POINT('',(2.89250000000334,3.65073474199729E-05,4.50367945652191));
#9599=VECTOR('',#12459,1.0);
#9600=CARTESIAN_POINT('',(-4.46499999999976,1.82536599591414E-05,4.50367623790432));
#9601=CARTESIAN_POINT('',(8.89,-8.2728398924443E-16,4.50367301929157));
#9602=VECTOR('',#12460,1.0);
#9603=CARTESIAN_POINT('',(-4.56499999999967,3.65073201464838E-05,4.5036794565171));
#9604=CARTESIAN_POINT('',(2.1874999999984,3.65073047930986E-05,4.5036794565144));
#9605=VECTOR('',#12461,1.0);
#9606=CARTESIAN_POINT('',(-4.56499999999967,0.66461457605204,4.62086250082161));
#9607=CARTESIAN_POINT('',(-4.56499999999967,0.908653669386247,4.66389317732404));
#9608=VECTOR('',#12462,1.0);
#9609=CARTESIAN_POINT('',(-5.59500000000033,0.664614576052041,4.62086250082161));
#9610=CARTESIAN_POINT('',(1.405,0.66461457605204,4.62086250082161));
#9611=VECTOR('',#12463,1.0);
#9612=CARTESIAN_POINT('',(-5.59500000000033,3.65073203738575E-05,4.50367945651714));
#9613=CARTESIAN_POINT('',(-5.59500000000033,0.908653669386302,4.66389317732405));
#9614=VECTOR('',#12464,1.0);
#9615=CARTESIAN_POINT('',(-5.69500000000023,1.82536599591414E-05,4.50367623790432));
#9616=CARTESIAN_POINT('',(1.62250000000334,3.65073531952698E-05,4.50367945652293));
#9617=VECTOR('',#12465,1.0);
#9618=CARTESIAN_POINT('',(8.89,-8.2728398924443E-16,4.50367301929157));
#9619=VECTOR('',#12466,1.0);
#9620=CARTESIAN_POINT('',(-7.005,-4.44089209850063E-16,2.17));
#9621=CARTESIAN_POINT('',(-7.005,-3.33066907387547E-16,1.6675));
#9622=VECTOR('',#12467,1.0);
#9623=CARTESIAN_POINT('',(-7.005,-2.18,2.17));
#9624=CARTESIAN_POINT('',(-7.005,-0.68,2.17));
#9625=VECTOR('',#12468,1.0);
#9626=CARTESIAN_POINT('',(-7.005,-2.18,3.335));
#9627=VECTOR('',#12469,1.0);
#9628=CARTESIAN_POINT('',(-4.46499999999976,1.82536599591665E-05,4.35762513895106));
#9629=CARTESIAN_POINT('',(-4.46499999999976,3.65073199191102E-05,10.26));
#9630=VECTOR('',#12470,1.0);
#9631=CARTESIAN_POINT('',(-4.56499999999967,3.65073201464838E-05,4.35762835756385));
#9632=CARTESIAN_POINT('',(-5.29750000000088,3.65073218119988E-05,4.35762835756415));
#9633=VECTOR('',#12471,1.0);
#9634=CARTESIAN_POINT('',(-4.56499999999967,3.65073201464838E-05,10.26));
#9635=VECTOR('',#12472,1.0);
#9636=CARTESIAN_POINT('',(-5.69500000000009,-2.18,2.18510589693829));
#9637=CARTESIAN_POINT('',(-4.46500000000005,-2.18,2.18510589693829));
#9638=CARTESIAN_POINT('',(-5.58,-2.18,2.18510589693829));
#9639=VECTOR('',#12473,1.0);
#9640=CARTESIAN_POINT('',(-5.69500000000021,-0.400000000000057,2.18510589693828));
#9641=CARTESIAN_POINT('',(-5.69500000000015,-1.22125000000001,2.18510589693828));
#9642=VECTOR('',#12474,1.0);
#9643=CARTESIAN_POINT('',(-4.46499999999982,-0.400000000000057,2.18510589693828));
#9644=CARTESIAN_POINT('',(-6.08,-0.400000000000057,2.18510589693828));
#9645=VECTOR('',#12475,1.0);
#9646=CARTESIAN_POINT('',(-4.46499999999993,-1.22125000000001,2.18510589693828));
#9647=VECTOR('',#12476,1.0);
#9648=CARTESIAN_POINT('',(-5.37000000000096,-3.75000000000014,3.88499999985226));
#9649=CARTESIAN_POINT('',(-4.79000000000116,-3.75000000000014,3.88499999985226));
#9650=CARTESIAN_POINT('',(1.405,-3.75000000000014,3.88499999985226));
#9651=VECTOR('',#12477,1.0);
#9652=CARTESIAN_POINT('',(-5.36999999999998,-6.41775508824488,3.88499999985226));
#9653=CARTESIAN_POINT('',(-5.37000000000046,-5.11692964523102,3.88499999985226));
#9654=VECTOR('',#12478,1.0);
#9655=CARTESIAN_POINT('',(-5.1765925826288,-7.17688190451022,3.88499999985226));
#9656=CARTESIAN_POINT('',(-5.47400581452673,-6.00953081263063,3.88499999985226));
#9657=VECTOR('',#12479,1.0);
#9658=CARTESIAN_POINT('',(-5.09410673597969,-7.25,3.88499999985226));
#9659=AXIS2_PLACEMENT_3D('',#12480,#12481,#12482);
#9660=CARTESIAN_POINT('',(-5.06589326402036,-7.25,3.88499999985226));
#9661=CARTESIAN_POINT('',(-6.08,-7.25,3.88499999985226));
#9662=VECTOR('',#12483,1.0);
#9663=CARTESIAN_POINT('',(-4.98340741737103,-7.17688190451016,3.88499999985226));
#9664=AXIS2_PLACEMENT_3D('',#12484,#12485,#12486);
#9665=CARTESIAN_POINT('',(-4.79000000000098,-6.41775508824852,3.88499999985226));
#9666=CARTESIAN_POINT('',(-4.74694848087781,-6.24877727399711,3.88499999985226));
#9667=VECTOR('',#12487,1.0);
#9668=CARTESIAN_POINT('',(-4.79000000000107,-5.11692964523202,3.88499999985226));
#9669=VECTOR('',#12488,1.0);
#9670=CARTESIAN_POINT('',(-5.37000000000096,-3.75000000000011,3.73499999985226));
#9671=CARTESIAN_POINT('',(-5.37000000000096,-3.75000000000102,7.23249999999949));
#9672=VECTOR('',#12489,1.0);
#9673=CARTESIAN_POINT('',(-5.36999999999998,-6.41775508824488,3.73499999985226));
#9674=CARTESIAN_POINT('',(-5.37000000000046,-5.11692964523102,3.73499999985226));
#9675=VECTOR('',#12490,1.0);
#9676=CARTESIAN_POINT('',(-5.36999999999998,-6.41775508824488,10.26));
#9677=VECTOR('',#12491,1.0);
#9678=CARTESIAN_POINT('',(-5.06589326402036,-7.25,3.73499999985226));
#9679=CARTESIAN_POINT('',(-5.06589326402036,-7.25,3.80999999985226));
#9680=VECTOR('',#12492,1.0);
#9681=CARTESIAN_POINT('',(-4.98340741737103,-7.17688190451016,3.73499999985226));
#9682=AXIS2_PLACEMENT_3D('',#12493,#12494,#12495);
#9683=CARTESIAN_POINT('',(-4.98340741737103,-7.17688190451016,10.26));
#9684=VECTOR('',#12496,1.0);
#9685=CARTESIAN_POINT('',(-4.79000000000098,-6.41775508824852,3.73499999985226));
#9686=CARTESIAN_POINT('',(-4.74694848087781,-6.24877727399711,3.73499999985226));
#9687=VECTOR('',#12497,1.0);
#9688=CARTESIAN_POINT('',(-4.79000000000098,-6.41775508824852,10.26));
#9689=VECTOR('',#12498,1.0);
#9690=CARTESIAN_POINT('',(-4.79000000000116,-3.75000000000011,3.73499999985226));
#9691=CARTESIAN_POINT('',(-4.79000000000116,-3.75000000000102,7.23249999999949));
#9692=VECTOR('',#12499,1.0);
#9693=CARTESIAN_POINT('',(-4.79000000000107,-5.11692964523202,3.73499999985226));
#9694=VECTOR('',#12500,1.0);
#9695=CARTESIAN_POINT('',(-5.59500000000033,3.65073203738575E-05,4.35762835756389));
#9696=CARTESIAN_POINT('',(-5.59500000000033,3.65073203738575E-05,10.26));
#9697=VECTOR('',#12501,1.0);
#9698=CARTESIAN_POINT('',(-5.69500000000024,1.82536599591665E-05,4.35762513895106));
#9699=CARTESIAN_POINT('',(-5.86249999999811,3.65073191574139E-05,4.35762835756368));
#9700=VECTOR('',#12502,1.0);
#9701=CARTESIAN_POINT('',(-5.695,-3.33066907387547E-16,1.6675));
#9702=VECTOR('',#12503,1.0);
#9703=CARTESIAN_POINT('',(-5.59500000000033,0.686500000000024,4.49674409387061));
#9704=CARTESIAN_POINT('',(-5.59500000000033,0.18367026025812,7.34843325523599));
#9705=VECTOR('',#12504,1.0);
#9706=CARTESIAN_POINT('',(-5.59500000000033,0.686500000000024,4.47867039259466));
#9707=CARTESIAN_POINT('',(-5.59500000000033,0.686500000000024,10.26));
#9708=VECTOR('',#12505,1.0);
#9709=CARTESIAN_POINT('',(-5.59500000000033,0.600558214187849,4.46351653698571));
#9710=VECTOR('',#12506,1.0);
#9711=CARTESIAN_POINT('',(-4.56499999999967,0.686500000000024,4.49674409387061));
#9712=CARTESIAN_POINT('',(-5.58,0.686500000000024,4.49674409387061));
#9713=VECTOR('',#12507,1.0);
#9714=CARTESIAN_POINT('',(-4.56499999999967,0.686500000000024,4.47867039259466));
#9715=CARTESIAN_POINT('',(-4.56499999999967,0.686500000000024,10.26));
#9716=VECTOR('',#12508,1.0);
#9717=CARTESIAN_POINT('',(-5.58,0.686500000000024,4.47867039259466));
#9718=VECTOR('',#12509,1.0);
#9719=CARTESIAN_POINT('',(-4.56499999999967,0.600558214187794,4.4635165369857));
#9720=VECTOR('',#12510,1.0);
#9721=CARTESIAN_POINT('',(-4.56499999999967,0.183670260258119,7.348433255236));
#9722=VECTOR('',#12511,1.0);
#9723=CARTESIAN_POINT('',(-5.1765925826288,-7.17688190451022,3.73499999985226));
#9724=CARTESIAN_POINT('',(-5.47400581452673,-6.00953081263063,3.73499999985226));
#9725=VECTOR('',#12512,1.0);
#9726=CARTESIAN_POINT('',(-5.1765925826288,-7.17688190451022,10.26));
#9727=VECTOR('',#12513,1.0);
#9728=CARTESIAN_POINT('',(-5.09410673597969,-7.25,3.73499999985226));
#9729=AXIS2_PLACEMENT_3D('',#12514,#12515,#12516);
#9730=CARTESIAN_POINT('',(-5.09410673597969,-7.25,3.80999999985226));
#9731=VECTOR('',#12517,1.0);
#9732=CARTESIAN_POINT('',(-6.08,-7.25,3.73499999985226));
#9733=VECTOR('',#12518,1.0);
#9734=CARTESIAN_POINT('',(1.405,-3.75000000000011,3.73499999985226));
#9735=VECTOR('',#12519,1.0);
#9736=CARTESIAN_POINT('',(-4.46499999999989,-0.971925023541609,4.18624531546225));
#9737=CARTESIAN_POINT('',(-4.46499999999983,-0.487770629121907,4.271614798027));
#9738=VECTOR('',#12520,1.0);
#9739=CARTESIAN_POINT('',(-5.69500000000017,-0.971925023541609,4.18624531546225));
#9740=CARTESIAN_POINT('',(-6.08,-0.971925023541609,4.18624531546225));
#9741=VECTOR('',#12521,1.0);
#9742=CARTESIAN_POINT('',(-5.6950000000002,-0.487770629121908,4.271614798027));
#9743=VECTOR('',#12522,1.0);
#9744=CARTESIAN_POINT('',(-5.69500000000022,-0.161843013959443,2.59760589693824));
#9745=AXIS2_PLACEMENT_3D('',#12523,#12524,#12525);
#9746=CARTESIAN_POINT('',(-4.46499999999978,-0.161843013959443,2.59760589693824));
#9747=CARTESIAN_POINT('',(-6.08,-0.161843013959443,2.59760589693824));
#9748=VECTOR('',#12526,1.0);
#9749=AXIS2_PLACEMENT_3D('',#12527,#12528,#12529);
#9750=CARTESIAN_POINT('',(-5.69500000000016,-1.07125471375689,4.06303046703911));
#9751=CARTESIAN_POINT('',(-5.69500000000019,-0.626418645678551,3.34622233275378));
#9752=VECTOR('',#12530,1.0);
#9753=CARTESIAN_POINT('',(-4.46499999999991,-1.07125471375689,4.06303046703911));
#9754=CARTESIAN_POINT('',(-6.08,-1.07125471375689,4.06303046703911));
#9755=VECTOR('',#12531,1.0);
#9756=CARTESIAN_POINT('',(-4.46499999999985,-0.626418645678551,3.34622233275378));
#9757=VECTOR('',#12532,1.0);
#9758=CARTESIAN_POINT('',(-5.69500000000015,-1.22703038702192,4.18624531546225));
#9759=AXIS2_PLACEMENT_3D('',#12533,#12534,#12535);
#9760=CARTESIAN_POINT('',(-4.46499999999993,-1.22703038702192,4.18624531546225));
#9761=CARTESIAN_POINT('',(-6.08,-1.22703038702192,4.18624531546225));
#9762=VECTOR('',#12536,1.0);
#9763=AXIS2_PLACEMENT_3D('',#12537,#12538,#12539);
#9764=CARTESIAN_POINT('',(-5.69500000000018,-0.889738852640883,4.18624531546225));
#9765=VECTOR('',#12540,1.0);
#9766=CARTESIAN_POINT('',(-4.46499999999988,-0.889738852640883,4.18624531546225));
#9767=VECTOR('',#12541,1.0);
#9768=CARTESIAN_POINT('',(-4.465,-4.44089209850063E-16,2.17));
#9769=CARTESIAN_POINT('',(-4.465,-3.33066907387547E-16,1.6675));
#9770=VECTOR('',#12542,1.0);
#9771=CARTESIAN_POINT('',(-4.465,-2.18,2.17));
#9772=CARTESIAN_POINT('',(-4.465,-0.68,2.17));
#9773=VECTOR('',#12543,1.0);
#9774=CARTESIAN_POINT('',(-4.465,-2.18,3.335));
#9775=VECTOR('',#12544,1.0);
#9776=CARTESIAN_POINT('',(-1.92499999999976,1.82536599591665E-05,4.35762513895106));
#9777=CARTESIAN_POINT('',(-1.92499999999976,3.65073199191102E-05,10.26));
#9778=VECTOR('',#12545,1.0);
#9779=CARTESIAN_POINT('',(-2.02499999999967,3.65073201464838E-05,4.35762835756385));
#9780=CARTESIAN_POINT('',(-2.75750000000088,3.65073218119988E-05,4.35762835756415));
#9781=VECTOR('',#12546,1.0);
#9782=CARTESIAN_POINT('',(-2.02499999999967,3.65073201464838E-05,10.26));
#9783=VECTOR('',#12547,1.0);
#9784=CARTESIAN_POINT('',(-3.15500000000009,-2.18,2.18510589693829));
#9785=CARTESIAN_POINT('',(-1.92500000000006,-2.18,2.18510589693829));
#9786=CARTESIAN_POINT('',(-3.04,-2.18,2.18510589693829));
#9787=VECTOR('',#12548,1.0);
#9788=CARTESIAN_POINT('',(-3.15500000000021,-0.400000000000057,2.18510589693828));
#9789=CARTESIAN_POINT('',(-3.15500000000015,-1.22125000000001,2.18510589693828));
#9790=VECTOR('',#12549,1.0);
#9791=CARTESIAN_POINT('',(-1.92499999999982,-0.400000000000057,2.18510589693828));
#9792=CARTESIAN_POINT('',(-3.54,-0.400000000000057,2.18510589693828));
#9793=VECTOR('',#12550,1.0);
#9794=CARTESIAN_POINT('',(-1.92499999999993,-1.22125000000001,2.18510589693828));
#9795=VECTOR('',#12551,1.0);
#9796=CARTESIAN_POINT('',(-2.83000000000096,-3.75000000000014,3.88499999985226));
#9797=CARTESIAN_POINT('',(-2.25000000000116,-3.75000000000014,3.88499999985226));
#9798=CARTESIAN_POINT('',(2.675,-3.75000000000014,3.88499999985226));
#9799=VECTOR('',#12552,1.0);
#9800=CARTESIAN_POINT('',(-2.82999999999998,-6.41775508824488,3.88499999985226));
#9801=CARTESIAN_POINT('',(-2.83000000000046,-5.11692964523102,3.88499999985226));
#9802=VECTOR('',#12553,1.0);
#9803=CARTESIAN_POINT('',(-2.6365925826288,-7.17688190451022,3.88499999985226));
#9804=CARTESIAN_POINT('',(-2.93400581452673,-6.00953081263063,3.88499999985226));
#9805=VECTOR('',#12554,1.0);
#9806=CARTESIAN_POINT('',(-2.55410673597969,-7.25,3.88499999985226));
#9807=AXIS2_PLACEMENT_3D('',#12555,#12556,#12557);
#9808=CARTESIAN_POINT('',(-2.52589326402036,-7.25,3.88499999985226));
#9809=CARTESIAN_POINT('',(-3.54,-7.25,3.88499999985226));
#9810=VECTOR('',#12558,1.0);
#9811=CARTESIAN_POINT('',(-2.44340741737103,-7.17688190451016,3.88499999985226));
#9812=AXIS2_PLACEMENT_3D('',#12559,#12560,#12561);
#9813=CARTESIAN_POINT('',(-2.25000000000098,-6.41775508824852,3.88499999985226));
#9814=CARTESIAN_POINT('',(-2.20694848087781,-6.24877727399711,3.88499999985226));
#9815=VECTOR('',#12562,1.0);
#9816=CARTESIAN_POINT('',(-2.25000000000107,-5.11692964523202,3.88499999985226));
#9817=VECTOR('',#12563,1.0);
#9818=CARTESIAN_POINT('',(-2.83000000000096,-3.75000000000011,3.73499999985226));
#9819=CARTESIAN_POINT('',(-2.83000000000096,-3.75000000000102,7.23249999999949));
#9820=VECTOR('',#12564,1.0);
#9821=CARTESIAN_POINT('',(-2.82999999999998,-6.41775508824488,3.73499999985226));
#9822=CARTESIAN_POINT('',(-2.83000000000046,-5.11692964523102,3.73499999985226));
#9823=VECTOR('',#12565,1.0);
#9824=CARTESIAN_POINT('',(-2.82999999999998,-6.41775508824488,10.26));
#9825=VECTOR('',#12566,1.0);
#9826=CARTESIAN_POINT('',(-2.52589326402036,-7.25,3.73499999985226));
#9827=CARTESIAN_POINT('',(-2.52589326402036,-7.25,3.80999999985226));
#9828=VECTOR('',#12567,1.0);
#9829=CARTESIAN_POINT('',(-2.44340741737103,-7.17688190451016,3.73499999985226));
#9830=AXIS2_PLACEMENT_3D('',#12568,#12569,#12570);
#9831=CARTESIAN_POINT('',(-2.44340741737103,-7.17688190451016,10.26));
#9832=VECTOR('',#12571,1.0);
#9833=CARTESIAN_POINT('',(-2.25000000000098,-6.41775508824852,3.73499999985226));
#9834=CARTESIAN_POINT('',(-2.20694848087781,-6.24877727399711,3.73499999985226));
#9835=VECTOR('',#12572,1.0);
#9836=CARTESIAN_POINT('',(-2.25000000000098,-6.41775508824852,10.26));
#9837=VECTOR('',#12573,1.0);
#9838=CARTESIAN_POINT('',(-2.25000000000116,-3.75000000000011,3.73499999985226));
#9839=CARTESIAN_POINT('',(-2.25000000000116,-3.75000000000102,7.23249999999949));
#9840=VECTOR('',#12574,1.0);
#9841=CARTESIAN_POINT('',(-2.25000000000107,-5.11692964523202,3.73499999985226));
#9842=VECTOR('',#12575,1.0);
#9843=CARTESIAN_POINT('',(-3.05500000000033,3.65073203738575E-05,4.35762835756389));
#9844=CARTESIAN_POINT('',(-3.05500000000033,3.65073203738575E-05,10.26));
#9845=VECTOR('',#12576,1.0);
#9846=CARTESIAN_POINT('',(-3.15500000000024,1.82536599591665E-05,4.35762513895106));
#9847=CARTESIAN_POINT('',(-3.32249999999811,3.65073191574139E-05,4.35762835756368));
#9848=VECTOR('',#12577,1.0);
#9849=CARTESIAN_POINT('',(-3.155,-3.33066907387547E-16,1.6675));
#9850=VECTOR('',#12578,1.0);
#9851=CARTESIAN_POINT('',(-3.05500000000033,0.686500000000024,4.49674409387061));
#9852=CARTESIAN_POINT('',(-3.05500000000033,0.18367026025812,7.34843325523599));
#9853=VECTOR('',#12579,1.0);
#9854=CARTESIAN_POINT('',(-3.05500000000033,0.686500000000024,4.47867039259466));
#9855=CARTESIAN_POINT('',(-3.05500000000033,0.686500000000024,10.26));
#9856=VECTOR('',#12580,1.0);
#9857=CARTESIAN_POINT('',(-3.05500000000033,0.600558214187849,4.46351653698571));
#9858=VECTOR('',#12581,1.0);
#9859=CARTESIAN_POINT('',(-2.02499999999967,0.686500000000024,4.49674409387061));
#9860=CARTESIAN_POINT('',(-3.04,0.686500000000024,4.49674409387061));
#9861=VECTOR('',#12582,1.0);
#9862=CARTESIAN_POINT('',(-2.02499999999967,0.686500000000024,4.47867039259466));
#9863=CARTESIAN_POINT('',(-2.02499999999967,0.686500000000024,10.26));
#9864=VECTOR('',#12583,1.0);
#9865=CARTESIAN_POINT('',(-3.04,0.686500000000024,4.47867039259466));
#9866=VECTOR('',#12584,1.0);
#9867=CARTESIAN_POINT('',(-2.02499999999967,0.600558214187794,4.4635165369857));
#9868=VECTOR('',#12585,1.0);
#9869=CARTESIAN_POINT('',(-2.02499999999967,0.183670260258119,7.348433255236));
#9870=VECTOR('',#12586,1.0);
#9871=CARTESIAN_POINT('',(-2.6365925826288,-7.17688190451022,3.73499999985226));
#9872=CARTESIAN_POINT('',(-2.93400581452673,-6.00953081263063,3.73499999985226));
#9873=VECTOR('',#12587,1.0);
#9874=CARTESIAN_POINT('',(-2.6365925826288,-7.17688190451022,10.26));
#9875=VECTOR('',#12588,1.0);
#9876=CARTESIAN_POINT('',(-2.55410673597969,-7.25,3.73499999985226));
#9877=AXIS2_PLACEMENT_3D('',#12589,#12590,#12591);
#9878=CARTESIAN_POINT('',(-2.55410673597969,-7.25,3.80999999985226));
#9879=VECTOR('',#12592,1.0);
#9880=CARTESIAN_POINT('',(-3.54,-7.25,3.73499999985226));
#9881=VECTOR('',#12593,1.0);
#9882=CARTESIAN_POINT('',(2.675,-3.75000000000011,3.73499999985226));
#9883=VECTOR('',#12594,1.0);
#9884=CARTESIAN_POINT('',(-1.92499999999989,-0.971925023541609,4.18624531546225));
#9885=CARTESIAN_POINT('',(-1.92499999999983,-0.487770629121907,4.271614798027));
#9886=VECTOR('',#12595,1.0);
#9887=CARTESIAN_POINT('',(-3.15500000000017,-0.971925023541609,4.18624531546225));
#9888=CARTESIAN_POINT('',(-3.54,-0.971925023541609,4.18624531546225));
#9889=VECTOR('',#12596,1.0);
#9890=CARTESIAN_POINT('',(-3.1550000000002,-0.487770629121908,4.271614798027));
#9891=VECTOR('',#12597,1.0);
#9892=CARTESIAN_POINT('',(-3.15500000000022,-0.161843013959443,2.59760589693824));
#9893=AXIS2_PLACEMENT_3D('',#12598,#12599,#12600);
#9894=CARTESIAN_POINT('',(-1.92499999999978,-0.161843013959443,2.59760589693824));
#9895=CARTESIAN_POINT('',(-3.54,-0.161843013959443,2.59760589693824));
#9896=VECTOR('',#12601,1.0);
#9897=AXIS2_PLACEMENT_3D('',#12602,#12603,#12604);
#9898=CARTESIAN_POINT('',(-3.15500000000016,-1.07125471375689,4.06303046703911));
#9899=CARTESIAN_POINT('',(-3.15500000000019,-0.626418645678551,3.34622233275378));
#9900=VECTOR('',#12605,1.0);
#9901=CARTESIAN_POINT('',(-1.92499999999991,-1.07125471375689,4.06303046703911));
#9902=CARTESIAN_POINT('',(-3.54,-1.07125471375689,4.06303046703911));
#9903=VECTOR('',#12606,1.0);
#9904=CARTESIAN_POINT('',(-1.92499999999985,-0.626418645678551,3.34622233275378));
#9905=VECTOR('',#12607,1.0);
#9906=CARTESIAN_POINT('',(-3.15500000000015,-1.22703038702192,4.18624531546225));
#9907=AXIS2_PLACEMENT_3D('',#12608,#12609,#12610);
#9908=CARTESIAN_POINT('',(-1.92499999999993,-1.22703038702192,4.18624531546225));
#9909=CARTESIAN_POINT('',(-3.54,-1.22703038702192,4.18624531546225));
#9910=VECTOR('',#12611,1.0);
#9911=AXIS2_PLACEMENT_3D('',#12612,#12613,#12614);
#9912=CARTESIAN_POINT('',(-3.15500000000018,-0.889738852640883,4.18624531546225));
#9913=VECTOR('',#12615,1.0);
#9914=CARTESIAN_POINT('',(-1.92499999999988,-0.889738852640883,4.18624531546225));
#9915=VECTOR('',#12616,1.0);
#9916=CARTESIAN_POINT('',(-1.925,-4.44089209850063E-16,2.17));
#9917=CARTESIAN_POINT('',(-1.925,-3.33066907387547E-16,1.6675));
#9918=VECTOR('',#12617,1.0);
#9919=CARTESIAN_POINT('',(-1.925,-2.18,2.17));
#9920=CARTESIAN_POINT('',(-1.925,-0.68,2.17));
#9921=VECTOR('',#12618,1.0);
#9922=CARTESIAN_POINT('',(-1.925,-2.18,3.335));
#9923=VECTOR('',#12619,1.0);
#9924=CARTESIAN_POINT('',(0.615000000000237,1.82536599591665E-05,4.35762513895106));
#9925=CARTESIAN_POINT('',(0.615000000000235,3.65073199191102E-05,10.26));
#9926=VECTOR('',#12620,1.0);
#9927=CARTESIAN_POINT('',(0.515000000000328,3.65073201464838E-05,4.35762835756385));
#9928=CARTESIAN_POINT('',(-0.217500000000877,3.65073218119988E-05,4.35762835756415));
#9929=VECTOR('',#12621,1.0);
#9930=CARTESIAN_POINT('',(0.515000000000326,3.65073201464838E-05,10.26));
#9931=VECTOR('',#12622,1.0);
#9932=CARTESIAN_POINT('',(-0.615000000000089,-2.18,2.18510589693829));
#9933=CARTESIAN_POINT('',(0.614999999999945,-2.18,2.18510589693829));
#9934=CARTESIAN_POINT('',(-0.5,-2.18,2.18510589693829));
#9935=VECTOR('',#12623,1.0);
#9936=CARTESIAN_POINT('',(-0.61500000000021,-0.400000000000057,2.18510589693828));
#9937=CARTESIAN_POINT('',(-0.615000000000153,-1.22125000000001,2.18510589693828));
#9938=VECTOR('',#12624,1.0);
#9939=CARTESIAN_POINT('',(0.615000000000183,-0.400000000000057,2.18510589693828));
#9940=CARTESIAN_POINT('',(-1.0,-0.400000000000057,2.18510589693828));
#9941=VECTOR('',#12625,1.0);
#9942=CARTESIAN_POINT('',(0.615000000000073,-1.22125000000001,2.18510589693828));
#9943=VECTOR('',#12626,1.0);
#9944=CARTESIAN_POINT('',(-0.290000000000962,-3.75000000000014,3.88499999985226));
#9945=CARTESIAN_POINT('',(0.289999999998843,-3.75000000000014,3.88499999985226));
#9946=CARTESIAN_POINT('',(3.945,-3.75000000000014,3.88499999985226));
#9947=VECTOR('',#12627,1.0);
#9948=CARTESIAN_POINT('',(-0.289999999999981,-6.41775508824488,3.88499999985226));
#9949=CARTESIAN_POINT('',(-0.290000000000459,-5.11692964523102,3.88499999985226));
#9950=VECTOR('',#12628,1.0);
#9951=CARTESIAN_POINT('',(-0.0965925826287994,-7.17688190451022,3.88499999985226));
#9952=CARTESIAN_POINT('',(-0.39400581452673,-6.00953081263063,3.88499999985226));
#9953=VECTOR('',#12629,1.0);
#9954=CARTESIAN_POINT('',(-0.0141067359796876,-7.25,3.88499999985226));
#9955=AXIS2_PLACEMENT_3D('',#12630,#12631,#12632);
#9956=CARTESIAN_POINT('',(0.0141067359796365,-7.25,3.88499999985226));
#9957=CARTESIAN_POINT('',(-1.0,-7.25,3.88499999985226));
#9958=VECTOR('',#12633,1.0);
#9959=CARTESIAN_POINT('',(0.0965925826289669,-7.17688190451016,3.88499999985226));
#9960=AXIS2_PLACEMENT_3D('',#12634,#12635,#12636);
#9961=CARTESIAN_POINT('',(0.289999999999019,-6.41775508824852,3.88499999985226));
#9962=CARTESIAN_POINT('',(0.333051519122192,-6.24877727399711,3.88499999985226));
#9963=VECTOR('',#12637,1.0);
#9964=CARTESIAN_POINT('',(0.289999999998934,-5.11692964523202,3.88499999985226));
#9965=VECTOR('',#12638,1.0);
#9966=CARTESIAN_POINT('',(-0.290000000000962,-3.75000000000011,3.73499999985226));
#9967=CARTESIAN_POINT('',(-0.290000000000963,-3.75000000000102,7.23249999999949));
#9968=VECTOR('',#12639,1.0);
#9969=CARTESIAN_POINT('',(-0.289999999999981,-6.41775508824488,3.73499999985226));
#9970=CARTESIAN_POINT('',(-0.290000000000459,-5.11692964523102,3.73499999985226));
#9971=VECTOR('',#12640,1.0);
#9972=CARTESIAN_POINT('',(-0.289999999999981,-6.41775508824488,10.26));
#9973=VECTOR('',#12641,1.0);
#9974=CARTESIAN_POINT('',(0.0141067359796365,-7.25,3.73499999985226));
#9975=CARTESIAN_POINT('',(0.0141067359796365,-7.25,3.80999999985226));
#9976=VECTOR('',#12642,1.0);
#9977=CARTESIAN_POINT('',(0.0965925826289669,-7.17688190451016,3.73499999985226));
#9978=AXIS2_PLACEMENT_3D('',#12643,#12644,#12645);
#9979=CARTESIAN_POINT('',(0.0965925826289673,-7.17688190451016,10.26));
#9980=VECTOR('',#12646,1.0);
#9981=CARTESIAN_POINT('',(0.289999999999019,-6.41775508824852,3.73499999985226));
#9982=CARTESIAN_POINT('',(0.333051519122192,-6.24877727399711,3.73499999985226));
#9983=VECTOR('',#12647,1.0);
#9984=CARTESIAN_POINT('',(0.289999999999019,-6.41775508824852,10.26));
#9985=VECTOR('',#12648,1.0);
#9986=CARTESIAN_POINT('',(0.289999999998843,-3.75000000000011,3.73499999985226));
#9987=CARTESIAN_POINT('',(0.289999999998841,-3.75000000000102,7.23249999999949));
#9988=VECTOR('',#12649,1.0);
#9989=CARTESIAN_POINT('',(0.289999999998934,-5.11692964523202,3.73499999985226));
#9990=VECTOR('',#12650,1.0);
#9991=CARTESIAN_POINT('',(-0.515000000000327,3.65073203738575E-05,4.35762835756389));
#9992=CARTESIAN_POINT('',(-0.515000000000327,3.65073203738575E-05,10.26));
#9993=VECTOR('',#12651,1.0);
#9994=CARTESIAN_POINT('',(-0.615000000000236,1.82536599591665E-05,4.35762513895106));
#9995=CARTESIAN_POINT('',(-0.782499999998105,3.65073191574139E-05,4.35762835756368));
#9996=VECTOR('',#12652,1.0);
#9997=CARTESIAN_POINT('',(-0.615,-3.33066907387547E-16,1.6675));
#9998=VECTOR('',#12653,1.0);
#9999=CARTESIAN_POINT('',(-0.515000000000327,0.686500000000024,4.49674409387061));
#10000=CARTESIAN_POINT('',(-0.515000000000327,0.18367026025812,7.34843325523599));
#10001=VECTOR('',#12654,1.0);
#10002=CARTESIAN_POINT('',(-0.515000000000327,0.686500000000024,4.47867039259466));
#10003=CARTESIAN_POINT('',(-0.515000000000327,0.686500000000024,10.26));
#10004=VECTOR('',#12655,1.0);
#10005=CARTESIAN_POINT('',(-0.515000000000327,0.600558214187849,4.46351653698571));
#10006=VECTOR('',#12656,1.0);
#10007=CARTESIAN_POINT('',(0.515000000000328,0.686500000000024,4.49674409387061));
#10008=CARTESIAN_POINT('',(-0.5,0.686500000000024,4.49674409387061));
#10009=VECTOR('',#12657,1.0);
#10010=CARTESIAN_POINT('',(0.515000000000328,0.686500000000024,4.47867039259466));
#10011=CARTESIAN_POINT('',(0.515000000000326,0.686500000000024,10.26));
#10012=VECTOR('',#12658,1.0);
#10013=CARTESIAN_POINT('',(-0.5,0.686500000000024,4.47867039259466));
#10014=VECTOR('',#12659,1.0);
#10015=CARTESIAN_POINT('',(0.515000000000328,0.600558214187794,4.4635165369857));
#10016=VECTOR('',#12660,1.0);
#10017=CARTESIAN_POINT('',(0.515000000000328,0.183670260258119,7.348433255236));
#10018=VECTOR('',#12661,1.0);
#10019=CARTESIAN_POINT('',(-0.0965925826287994,-7.17688190451022,3.73499999985226));
#10020=CARTESIAN_POINT('',(-0.39400581452673,-6.00953081263063,3.73499999985226));
#10021=VECTOR('',#12662,1.0);
#10022=CARTESIAN_POINT('',(-0.096592582628799,-7.17688190451022,10.26));
#10023=VECTOR('',#12663,1.0);
#10024=CARTESIAN_POINT('',(-0.0141067359796876,-7.25,3.73499999985226));
#10025=AXIS2_PLACEMENT_3D('',#12664,#12665,#12666);
#10026=CARTESIAN_POINT('',(-0.0141067359796876,-7.25,3.80999999985226));
#10027=VECTOR('',#12667,1.0);
#10028=CARTESIAN_POINT('',(-1.0,-7.25,3.73499999985226));
#10029=VECTOR('',#12668,1.0);
#10030=CARTESIAN_POINT('',(3.945,-3.75000000000011,3.73499999985226));
#10031=VECTOR('',#12669,1.0);
#10032=CARTESIAN_POINT('',(0.615000000000107,-0.971925023541609,4.18624531546225));
#10033=CARTESIAN_POINT('',(0.615000000000173,-0.487770629121907,4.271614798027));
#10034=VECTOR('',#12670,1.0);
#10035=CARTESIAN_POINT('',(-0.615000000000171,-0.971925023541609,4.18624531546225));
#10036=CARTESIAN_POINT('',(-1.0,-0.971925023541609,4.18624531546225));
#10037=VECTOR('',#12671,1.0);
#10038=CARTESIAN_POINT('',(-0.615000000000202,-0.487770629121908,4.271614798027));
#10039=VECTOR('',#12672,1.0);
#10040=CARTESIAN_POINT('',(-0.615000000000226,-0.161843013959443,2.59760589693824));
#10041=AXIS2_PLACEMENT_3D('',#12673,#12674,#12675);
#10042=CARTESIAN_POINT('',(0.615000000000215,-0.161843013959443,2.59760589693824));
#10043=CARTESIAN_POINT('',(-1.0,-0.161843013959443,2.59760589693824));
#10044=VECTOR('',#12676,1.0);
#10045=AXIS2_PLACEMENT_3D('',#12677,#12678,#12679);
#10046=CARTESIAN_POINT('',(-0.615000000000165,-1.07125471375689,4.06303046703911));
#10047=CARTESIAN_POINT('',(-0.615000000000194,-0.626418645678551,3.34622233275378));
#10048=VECTOR('',#12680,1.0);
#10049=CARTESIAN_POINT('',(0.615000000000093,-1.07125471375689,4.06303046703911));
#10050=CARTESIAN_POINT('',(-1.0,-1.07125471375689,4.06303046703911));
#10051=VECTOR('',#12681,1.0);
#10052=CARTESIAN_POINT('',(0.615000000000153,-0.626418645678551,3.34622233275378));
#10053=VECTOR('',#12682,1.0);
#10054=CARTESIAN_POINT('',(-0.615000000000155,-1.22703038702192,4.18624531546225));
#10055=AXIS2_PLACEMENT_3D('',#12683,#12684,#12685);
#10056=CARTESIAN_POINT('',(0.615000000000073,-1.22703038702192,4.18624531546225));
#10057=CARTESIAN_POINT('',(-1.0,-1.22703038702192,4.18624531546225));
#10058=VECTOR('',#12686,1.0);
#10059=AXIS2_PLACEMENT_3D('',#12687,#12688,#12689);
#10060=CARTESIAN_POINT('',(-0.615000000000176,-0.889738852640883,4.18624531546225));
#10061=VECTOR('',#12690,1.0);
#10062=CARTESIAN_POINT('',(0.615000000000118,-0.889738852640883,4.18624531546225));
#10063=VECTOR('',#12691,1.0);
#10064=CARTESIAN_POINT('',(0.615,-4.44089209850063E-16,2.17));
#10065=CARTESIAN_POINT('',(0.615,-3.33066907387547E-16,1.6675));
#10066=VECTOR('',#12692,1.0);
#10067=CARTESIAN_POINT('',(0.615,-2.18,2.17));
#10068=CARTESIAN_POINT('',(0.615,-0.68,2.17));
#10069=VECTOR('',#12693,1.0);
#10070=CARTESIAN_POINT('',(0.615,-2.18,3.335));
#10071=VECTOR('',#12694,1.0);
#10072=CARTESIAN_POINT('',(3.15500000000024,1.82536599591665E-05,4.35762513895106));
#10073=CARTESIAN_POINT('',(3.15500000000024,3.65073199191102E-05,10.26));
#10074=VECTOR('',#12695,1.0);
#10075=CARTESIAN_POINT('',(3.05500000000033,3.65073201464838E-05,4.35762835756385));
#10076=CARTESIAN_POINT('',(2.32249999999912,3.65073218119988E-05,4.35762835756415));
#10077=VECTOR('',#12696,1.0);
#10078=CARTESIAN_POINT('',(3.05500000000033,3.65073201464838E-05,10.26));
#10079=VECTOR('',#12697,1.0);
#10080=CARTESIAN_POINT('',(1.92499999999991,-2.18,2.18510589693829));
#10081=CARTESIAN_POINT('',(3.15499999999995,-2.18,2.18510589693829));
#10082=CARTESIAN_POINT('',(2.04,-2.18,2.18510589693829));
#10083=VECTOR('',#12698,1.0);
#10084=CARTESIAN_POINT('',(1.92499999999979,-0.400000000000057,2.18510589693828));
#10085=CARTESIAN_POINT('',(1.92499999999985,-1.22125000000001,2.18510589693828));
#10086=VECTOR('',#12699,1.0);
#10087=CARTESIAN_POINT('',(3.15500000000018,-0.400000000000057,2.18510589693828));
#10088=CARTESIAN_POINT('',(1.54,-0.400000000000057,2.18510589693828));
#10089=VECTOR('',#12700,1.0);
#10090=CARTESIAN_POINT('',(3.15500000000007,-1.22125000000001,2.18510589693828));
#10091=VECTOR('',#12701,1.0);
#10092=CARTESIAN_POINT('',(2.24999999999904,-3.75000000000014,3.88499999985226));
#10093=CARTESIAN_POINT('',(2.82999999999884,-3.75000000000014,3.88499999985226));
#10094=CARTESIAN_POINT('',(5.215,-3.75000000000014,3.88499999985226));
#10095=VECTOR('',#12702,1.0);
#10096=CARTESIAN_POINT('',(2.25000000000002,-6.41775508824488,3.88499999985226));
#10097=CARTESIAN_POINT('',(2.24999999999954,-5.11692964523102,3.88499999985226));
#10098=VECTOR('',#12703,1.0);
#10099=CARTESIAN_POINT('',(2.4434074173712,-7.17688190451022,3.88499999985226));
#10100=CARTESIAN_POINT('',(2.14599418547327,-6.00953081263063,3.88499999985226));
#10101=VECTOR('',#12704,1.0);
#10102=CARTESIAN_POINT('',(2.52589326402031,-7.25,3.88499999985226));
#10103=AXIS2_PLACEMENT_3D('',#12705,#12706,#12707);
#10104=CARTESIAN_POINT('',(2.55410673597964,-7.25,3.88499999985226));
#10105=CARTESIAN_POINT('',(1.54,-7.25,3.88499999985226));
#10106=VECTOR('',#12708,1.0);
#10107=CARTESIAN_POINT('',(2.63659258262897,-7.17688190451016,3.88499999985226));
#10108=AXIS2_PLACEMENT_3D('',#12709,#12710,#12711);
#10109=CARTESIAN_POINT('',(2.82999999999902,-6.41775508824852,3.88499999985226));
#10110=CARTESIAN_POINT('',(2.87305151912219,-6.24877727399711,3.88499999985226));
#10111=VECTOR('',#12712,1.0);
#10112=CARTESIAN_POINT('',(2.82999999999893,-5.11692964523202,3.88499999985226));
#10113=VECTOR('',#12713,1.0);
#10114=CARTESIAN_POINT('',(2.24999999999904,-3.75000000000011,3.73499999985226));
#10115=CARTESIAN_POINT('',(2.24999999999904,-3.75000000000102,7.23249999999949));
#10116=VECTOR('',#12714,1.0);
#10117=CARTESIAN_POINT('',(2.25000000000002,-6.41775508824488,3.73499999985226));
#10118=CARTESIAN_POINT('',(2.24999999999954,-5.11692964523102,3.73499999985226));
#10119=VECTOR('',#12715,1.0);
#10120=CARTESIAN_POINT('',(2.25000000000002,-6.41775508824488,10.26));
#10121=VECTOR('',#12716,1.0);
#10122=CARTESIAN_POINT('',(2.55410673597964,-7.25,3.73499999985226));
#10123=CARTESIAN_POINT('',(2.55410673597964,-7.25,3.80999999985226));
#10124=VECTOR('',#12717,1.0);
#10125=CARTESIAN_POINT('',(2.63659258262897,-7.17688190451016,3.73499999985226));
#10126=AXIS2_PLACEMENT_3D('',#12718,#12719,#12720);
#10127=CARTESIAN_POINT('',(2.63659258262897,-7.17688190451016,10.26));
#10128=VECTOR('',#12721,1.0);
#10129=CARTESIAN_POINT('',(2.82999999999902,-6.41775508824852,3.73499999985226));
#10130=CARTESIAN_POINT('',(2.87305151912219,-6.24877727399711,3.73499999985226));
#10131=VECTOR('',#12722,1.0);
#10132=CARTESIAN_POINT('',(2.82999999999902,-6.41775508824852,10.26));
#10133=VECTOR('',#12723,1.0);
#10134=CARTESIAN_POINT('',(2.82999999999884,-3.75000000000011,3.73499999985226));
#10135=CARTESIAN_POINT('',(2.82999999999884,-3.75000000000102,7.23249999999949));
#10136=VECTOR('',#12724,1.0);
#10137=CARTESIAN_POINT('',(2.82999999999893,-5.11692964523202,3.73499999985226));
#10138=VECTOR('',#12725,1.0);
#10139=CARTESIAN_POINT('',(2.02499999999967,3.65073203738575E-05,4.35762835756389));
#10140=CARTESIAN_POINT('',(2.02499999999967,3.65073203738575E-05,10.26));
#10141=VECTOR('',#12726,1.0);
#10142=CARTESIAN_POINT('',(1.92499999999976,1.82536599591665E-05,4.35762513895106));
#10143=CARTESIAN_POINT('',(1.75750000000189,3.65073191574139E-05,4.35762835756368));
#10144=VECTOR('',#12727,1.0);
#10145=CARTESIAN_POINT('',(1.925,-3.33066907387547E-16,1.6675));
#10146=VECTOR('',#12728,1.0);
#10147=CARTESIAN_POINT('',(2.02499999999967,0.686500000000024,4.49674409387061));
#10148=CARTESIAN_POINT('',(2.02499999999967,0.18367026025812,7.34843325523599));
#10149=VECTOR('',#12729,1.0);
#10150=CARTESIAN_POINT('',(2.02499999999967,0.686500000000024,4.47867039259466));
#10151=CARTESIAN_POINT('',(2.02499999999967,0.686500000000024,10.26));
#10152=VECTOR('',#12730,1.0);
#10153=CARTESIAN_POINT('',(2.02499999999967,0.600558214187849,4.46351653698571));
#10154=VECTOR('',#12731,1.0);
#10155=CARTESIAN_POINT('',(3.05500000000033,0.686500000000024,4.49674409387061));
#10156=CARTESIAN_POINT('',(2.04,0.686500000000024,4.49674409387061));
#10157=VECTOR('',#12732,1.0);
#10158=CARTESIAN_POINT('',(3.05500000000033,0.686500000000024,4.47867039259466));
#10159=CARTESIAN_POINT('',(3.05500000000033,0.686500000000024,10.26));
#10160=VECTOR('',#12733,1.0);
#10161=CARTESIAN_POINT('',(2.04,0.686500000000024,4.47867039259466));
#10162=VECTOR('',#12734,1.0);
#10163=CARTESIAN_POINT('',(3.05500000000033,0.600558214187794,4.4635165369857));
#10164=VECTOR('',#12735,1.0);
#10165=CARTESIAN_POINT('',(3.05500000000033,0.183670260258119,7.348433255236));
#10166=VECTOR('',#12736,1.0);
#10167=CARTESIAN_POINT('',(2.4434074173712,-7.17688190451022,3.73499999985226));
#10168=CARTESIAN_POINT('',(2.14599418547327,-6.00953081263063,3.73499999985226));
#10169=VECTOR('',#12737,1.0);
#10170=CARTESIAN_POINT('',(2.4434074173712,-7.17688190451022,10.26));
#10171=VECTOR('',#12738,1.0);
#10172=CARTESIAN_POINT('',(2.52589326402031,-7.25,3.73499999985226));
#10173=AXIS2_PLACEMENT_3D('',#12739,#12740,#12741);
#10174=CARTESIAN_POINT('',(2.52589326402031,-7.25,3.80999999985226));
#10175=VECTOR('',#12742,1.0);
#10176=CARTESIAN_POINT('',(1.54,-7.25,3.73499999985226));
#10177=VECTOR('',#12743,1.0);
#10178=CARTESIAN_POINT('',(5.215,-3.75000000000011,3.73499999985226));
#10179=VECTOR('',#12744,1.0);
#10180=CARTESIAN_POINT('',(3.15500000000011,-0.971925023541609,4.18624531546225));
#10181=CARTESIAN_POINT('',(3.15500000000017,-0.487770629121907,4.271614798027));
#10182=VECTOR('',#12745,1.0);
#10183=CARTESIAN_POINT('',(1.92499999999983,-0.971925023541609,4.18624531546225));
#10184=CARTESIAN_POINT('',(1.54,-0.971925023541609,4.18624531546225));
#10185=VECTOR('',#12746,1.0);
#10186=CARTESIAN_POINT('',(1.9249999999998,-0.487770629121908,4.271614798027));
#10187=VECTOR('',#12747,1.0);
#10188=CARTESIAN_POINT('',(1.92499999999978,-0.161843013959443,2.59760589693824));
#10189=AXIS2_PLACEMENT_3D('',#12748,#12749,#12750);
#10190=CARTESIAN_POINT('',(3.15500000000022,-0.161843013959443,2.59760589693824));
#10191=CARTESIAN_POINT('',(1.54,-0.161843013959443,2.59760589693824));
#10192=VECTOR('',#12751,1.0);
#10193=AXIS2_PLACEMENT_3D('',#12752,#12753,#12754);
#10194=CARTESIAN_POINT('',(1.92499999999984,-1.07125471375689,4.06303046703911));
#10195=CARTESIAN_POINT('',(1.92499999999981,-0.626418645678551,3.34622233275378));
#10196=VECTOR('',#12755,1.0);
#10197=CARTESIAN_POINT('',(3.15500000000009,-1.07125471375689,4.06303046703911));
#10198=CARTESIAN_POINT('',(1.54,-1.07125471375689,4.06303046703911));
#10199=VECTOR('',#12756,1.0);
#10200=CARTESIAN_POINT('',(3.15500000000015,-0.626418645678551,3.34622233275378));
#10201=VECTOR('',#12757,1.0);
#10202=CARTESIAN_POINT('',(1.92499999999985,-1.22703038702192,4.18624531546225));
#10203=AXIS2_PLACEMENT_3D('',#12758,#12759,#12760);
#10204=CARTESIAN_POINT('',(3.15500000000007,-1.22703038702192,4.18624531546225));
#10205=CARTESIAN_POINT('',(1.54,-1.22703038702192,4.18624531546225));
#10206=VECTOR('',#12761,1.0);
#10207=AXIS2_PLACEMENT_3D('',#12762,#12763,#12764);
#10208=CARTESIAN_POINT('',(1.92499999999982,-0.889738852640883,4.18624531546225));
#10209=VECTOR('',#12765,1.0);
#10210=CARTESIAN_POINT('',(3.15500000000012,-0.889738852640883,4.18624531546225));
#10211=VECTOR('',#12766,1.0);
#10212=CARTESIAN_POINT('',(3.155,-4.44089209850063E-16,2.17));
#10213=CARTESIAN_POINT('',(3.155,-3.33066907387547E-16,1.6675));
#10214=VECTOR('',#12767,1.0);
#10215=CARTESIAN_POINT('',(3.155,-2.18,2.17));
#10216=CARTESIAN_POINT('',(3.155,-0.68,2.17));
#10217=VECTOR('',#12768,1.0);
#10218=CARTESIAN_POINT('',(3.155,-2.18,3.335));
#10219=VECTOR('',#12769,1.0);
#10220=CARTESIAN_POINT('',(5.69500000000024,1.82536599591665E-05,4.35762513895106));
#10221=CARTESIAN_POINT('',(5.69500000000024,3.65073199191102E-05,10.26));
#10222=VECTOR('',#12770,1.0);
#10223=CARTESIAN_POINT('',(5.59500000000033,3.65073201464838E-05,4.35762835756385));
#10224=CARTESIAN_POINT('',(4.86249999999912,3.65073218119988E-05,4.35762835756415));
#10225=VECTOR('',#12771,1.0);
#10226=CARTESIAN_POINT('',(5.59500000000033,3.65073201464838E-05,10.26));
#10227=VECTOR('',#12772,1.0);
#10228=CARTESIAN_POINT('',(4.46499999999991,-2.18,2.18510589693829));
#10229=CARTESIAN_POINT('',(5.69499999999995,-2.18,2.18510589693829));
#10230=CARTESIAN_POINT('',(4.58,-2.18,2.18510589693829));
#10231=VECTOR('',#12773,1.0);
#10232=CARTESIAN_POINT('',(4.46499999999979,-0.400000000000057,2.18510589693828));
#10233=CARTESIAN_POINT('',(4.46499999999985,-1.22125000000001,2.18510589693828));
#10234=VECTOR('',#12774,1.0);
#10235=CARTESIAN_POINT('',(5.69500000000018,-0.400000000000057,2.18510589693828));
#10236=CARTESIAN_POINT('',(4.08,-0.400000000000057,2.18510589693828));
#10237=VECTOR('',#12775,1.0);
#10238=CARTESIAN_POINT('',(5.69500000000007,-1.22125000000001,2.18510589693828));
#10239=VECTOR('',#12776,1.0);
#10240=CARTESIAN_POINT('',(4.78999999999904,-3.75000000000014,3.88499999985226));
#10241=CARTESIAN_POINT('',(5.36999999999884,-3.75000000000014,3.88499999985226));
#10242=CARTESIAN_POINT('',(6.485,-3.75000000000014,3.88499999985226));
#10243=VECTOR('',#12777,1.0);
#10244=CARTESIAN_POINT('',(4.79000000000002,-6.41775508824488,3.88499999985226));
#10245=CARTESIAN_POINT('',(4.78999999999954,-5.11692964523102,3.88499999985226));
#10246=VECTOR('',#12778,1.0);
#10247=CARTESIAN_POINT('',(4.9834074173712,-7.17688190451022,3.88499999985226));
#10248=CARTESIAN_POINT('',(4.68599418547327,-6.00953081263063,3.88499999985226));
#10249=VECTOR('',#12779,1.0);
#10250=CARTESIAN_POINT('',(5.06589326402031,-7.25,3.88499999985226));
#10251=AXIS2_PLACEMENT_3D('',#12780,#12781,#12782);
#10252=CARTESIAN_POINT('',(5.09410673597964,-7.25,3.88499999985226));
#10253=CARTESIAN_POINT('',(4.08,-7.25,3.88499999985226));
#10254=VECTOR('',#12783,1.0);
#10255=CARTESIAN_POINT('',(5.17659258262897,-7.17688190451016,3.88499999985226));
#10256=AXIS2_PLACEMENT_3D('',#12784,#12785,#12786);
#10257=CARTESIAN_POINT('',(5.36999999999902,-6.41775508824852,3.88499999985226));
#10258=CARTESIAN_POINT('',(5.41305151912219,-6.24877727399711,3.88499999985226));
#10259=VECTOR('',#12787,1.0);
#10260=CARTESIAN_POINT('',(5.36999999999893,-5.11692964523202,3.88499999985226));
#10261=VECTOR('',#12788,1.0);
#10262=CARTESIAN_POINT('',(4.78999999999904,-3.75000000000011,3.73499999985226));
#10263=CARTESIAN_POINT('',(4.78999999999904,-3.75000000000102,7.23249999999949));
#10264=VECTOR('',#12789,1.0);
#10265=CARTESIAN_POINT('',(4.79000000000002,-6.41775508824488,3.73499999985226));
#10266=CARTESIAN_POINT('',(4.78999999999954,-5.11692964523102,3.73499999985226));
#10267=VECTOR('',#12790,1.0);
#10268=CARTESIAN_POINT('',(4.79000000000002,-6.41775508824488,10.26));
#10269=VECTOR('',#12791,1.0);
#10270=CARTESIAN_POINT('',(5.09410673597964,-7.25,3.73499999985226));
#10271=CARTESIAN_POINT('',(5.09410673597964,-7.25,3.80999999985226));
#10272=VECTOR('',#12792,1.0);
#10273=CARTESIAN_POINT('',(5.17659258262897,-7.17688190451016,3.73499999985226));
#10274=AXIS2_PLACEMENT_3D('',#12793,#12794,#12795);
#10275=CARTESIAN_POINT('',(5.17659258262897,-7.17688190451016,10.26));
#10276=VECTOR('',#12796,1.0);
#10277=CARTESIAN_POINT('',(5.36999999999902,-6.41775508824852,3.73499999985226));
#10278=CARTESIAN_POINT('',(5.41305151912219,-6.24877727399711,3.73499999985226));
#10279=VECTOR('',#12797,1.0);
#10280=CARTESIAN_POINT('',(5.36999999999902,-6.41775508824852,10.26));
#10281=VECTOR('',#12798,1.0);
#10282=CARTESIAN_POINT('',(5.36999999999884,-3.75000000000011,3.73499999985226));
#10283=CARTESIAN_POINT('',(5.36999999999884,-3.75000000000102,7.23249999999949));
#10284=VECTOR('',#12799,1.0);
#10285=CARTESIAN_POINT('',(5.36999999999893,-5.11692964523202,3.73499999985226));
#10286=VECTOR('',#12800,1.0);
#10287=CARTESIAN_POINT('',(4.56499999999967,3.65073203738575E-05,4.35762835756389));
#10288=CARTESIAN_POINT('',(4.56499999999967,3.65073203738575E-05,10.26));
#10289=VECTOR('',#12801,1.0);
#10290=CARTESIAN_POINT('',(4.46499999999976,1.82536599591665E-05,4.35762513895106));
#10291=CARTESIAN_POINT('',(4.29750000000189,3.65073191574139E-05,4.35762835756368));
#10292=VECTOR('',#12802,1.0);
#10293=CARTESIAN_POINT('',(4.465,-3.33066907387547E-16,1.6675));
#10294=VECTOR('',#12803,1.0);
#10295=CARTESIAN_POINT('',(4.56499999999967,0.686500000000024,4.49674409387061));
#10296=CARTESIAN_POINT('',(4.56499999999967,0.18367026025812,7.34843325523599));
#10297=VECTOR('',#12804,1.0);
#10298=CARTESIAN_POINT('',(4.56499999999967,0.686500000000024,4.47867039259466));
#10299=CARTESIAN_POINT('',(4.56499999999967,0.686500000000024,10.26));
#10300=VECTOR('',#12805,1.0);
#10301=CARTESIAN_POINT('',(4.56499999999967,0.600558214187849,4.46351653698571));
#10302=VECTOR('',#12806,1.0);
#10303=CARTESIAN_POINT('',(5.59500000000033,0.686500000000024,4.49674409387061));
#10304=CARTESIAN_POINT('',(4.58,0.686500000000024,4.49674409387061));
#10305=VECTOR('',#12807,1.0);
#10306=CARTESIAN_POINT('',(5.59500000000033,0.686500000000024,4.47867039259466));
#10307=CARTESIAN_POINT('',(5.59500000000033,0.686500000000024,10.26));
#10308=VECTOR('',#12808,1.0);
#10309=CARTESIAN_POINT('',(4.58,0.686500000000024,4.47867039259466));
#10310=VECTOR('',#12809,1.0);
#10311=CARTESIAN_POINT('',(5.59500000000033,0.600558214187794,4.4635165369857));
#10312=VECTOR('',#12810,1.0);
#10313=CARTESIAN_POINT('',(5.59500000000033,0.183670260258119,7.348433255236));
#10314=VECTOR('',#12811,1.0);
#10315=CARTESIAN_POINT('',(4.9834074173712,-7.17688190451022,3.73499999985226));
#10316=CARTESIAN_POINT('',(4.68599418547327,-6.00953081263063,3.73499999985226));
#10317=VECTOR('',#12812,1.0);
#10318=CARTESIAN_POINT('',(4.9834074173712,-7.17688190451022,10.26));
#10319=VECTOR('',#12813,1.0);
#10320=CARTESIAN_POINT('',(5.06589326402031,-7.25,3.73499999985226));
#10321=AXIS2_PLACEMENT_3D('',#12814,#12815,#12816);
#10322=CARTESIAN_POINT('',(5.06589326402031,-7.25,3.80999999985226));
#10323=VECTOR('',#12817,1.0);
#10324=CARTESIAN_POINT('',(4.08,-7.25,3.73499999985226));
#10325=VECTOR('',#12818,1.0);
#10326=CARTESIAN_POINT('',(6.485,-3.75000000000011,3.73499999985226));
#10327=VECTOR('',#12819,1.0);
#10328=CARTESIAN_POINT('',(5.69500000000011,-0.971925023541609,4.18624531546225));
#10329=CARTESIAN_POINT('',(5.69500000000017,-0.487770629121907,4.271614798027));
#10330=VECTOR('',#12820,1.0);
#10331=CARTESIAN_POINT('',(4.46499999999983,-0.971925023541609,4.18624531546225));
#10332=CARTESIAN_POINT('',(4.08,-0.971925023541609,4.18624531546225));
#10333=VECTOR('',#12821,1.0);
#10334=CARTESIAN_POINT('',(4.4649999999998,-0.487770629121908,4.271614798027));
#10335=VECTOR('',#12822,1.0);
#10336=CARTESIAN_POINT('',(4.46499999999977,-0.161843013959443,2.59760589693824));
#10337=AXIS2_PLACEMENT_3D('',#12823,#12824,#12825);
#10338=CARTESIAN_POINT('',(5.69500000000022,-0.161843013959443,2.59760589693824));
#10339=CARTESIAN_POINT('',(4.08,-0.161843013959443,2.59760589693824));
#10340=VECTOR('',#12826,1.0);
#10341=AXIS2_PLACEMENT_3D('',#12827,#12828,#12829);
#10342=CARTESIAN_POINT('',(4.46499999999984,-1.07125471375689,4.06303046703911));
#10343=CARTESIAN_POINT('',(4.46499999999981,-0.626418645678551,3.34622233275378));
#10344=VECTOR('',#12830,1.0);
#10345=CARTESIAN_POINT('',(5.69500000000009,-1.07125471375689,4.06303046703911));
#10346=CARTESIAN_POINT('',(4.08,-1.07125471375689,4.06303046703911));
#10347=VECTOR('',#12831,1.0);
#10348=CARTESIAN_POINT('',(5.69500000000015,-0.626418645678551,3.34622233275378));
#10349=VECTOR('',#12832,1.0);
#10350=CARTESIAN_POINT('',(4.46499999999985,-1.22703038702192,4.18624531546225));
#10351=AXIS2_PLACEMENT_3D('',#12833,#12834,#12835);
#10352=CARTESIAN_POINT('',(5.69500000000007,-1.22703038702192,4.18624531546225));
#10353=CARTESIAN_POINT('',(4.08,-1.22703038702192,4.18624531546225));
#10354=VECTOR('',#12836,1.0);
#10355=AXIS2_PLACEMENT_3D('',#12837,#12838,#12839);
#10356=CARTESIAN_POINT('',(4.46499999999982,-0.889738852640883,4.18624531546225));
#10357=VECTOR('',#12840,1.0);
#10358=CARTESIAN_POINT('',(5.69500000000012,-0.889738852640883,4.18624531546225));
#10359=VECTOR('',#12841,1.0);
#10360=CARTESIAN_POINT('',(5.695,-4.44089209850063E-16,2.17));
#10361=CARTESIAN_POINT('',(5.695,-3.33066907387547E-16,1.6675));
#10362=VECTOR('',#12842,1.0);
#10363=CARTESIAN_POINT('',(5.695,-2.18,2.17));
#10364=CARTESIAN_POINT('',(5.695,-0.68,2.17));
#10365=VECTOR('',#12843,1.0);
#10366=CARTESIAN_POINT('',(5.695,-2.18,3.335));
#10367=VECTOR('',#12844,1.0);
#10368=CARTESIAN_POINT('',(8.23500000000024,1.82536599591665E-05,4.35762513895106));
#10369=CARTESIAN_POINT('',(8.23500000000024,3.65073199191102E-05,10.26));
#10370=VECTOR('',#12845,1.0);
#10371=CARTESIAN_POINT('',(8.13500000000033,3.65073201464838E-05,4.35762835756385));
#10372=CARTESIAN_POINT('',(7.40249999999912,3.65073218119988E-05,4.35762835756415));
#10373=VECTOR('',#12846,1.0);
#10374=CARTESIAN_POINT('',(8.13500000000033,3.65073201464838E-05,10.26));
#10375=VECTOR('',#12847,1.0);
#10376=CARTESIAN_POINT('',(7.00499999999991,-2.18,2.18510589693829));
#10377=CARTESIAN_POINT('',(8.23499999999995,-2.18,2.18510589693829));
#10378=CARTESIAN_POINT('',(7.12,-2.18,2.18510589693829));
#10379=VECTOR('',#12848,1.0);
#10380=CARTESIAN_POINT('',(7.00499999999979,-0.400000000000057,2.18510589693828));
#10381=CARTESIAN_POINT('',(7.00499999999985,-1.22125000000001,2.18510589693828));
#10382=VECTOR('',#12849,1.0);
#10383=CARTESIAN_POINT('',(8.23500000000018,-0.400000000000057,2.18510589693828));
#10384=CARTESIAN_POINT('',(6.62,-0.400000000000057,2.18510589693828));
#10385=VECTOR('',#12850,1.0);
#10386=CARTESIAN_POINT('',(8.23500000000007,-1.22125000000001,2.18510589693828));
#10387=VECTOR('',#12851,1.0);
#10388=CARTESIAN_POINT('',(7.32999999999904,-3.75000000000014,3.88499999985226));
#10389=CARTESIAN_POINT('',(7.90999999999884,-3.75000000000014,3.88499999985226));
#10390=CARTESIAN_POINT('',(7.755,-3.75000000000014,3.88499999985226));
#10391=VECTOR('',#12852,1.0);
#10392=CARTESIAN_POINT('',(7.33000000000002,-6.41775508824488,3.88499999985226));
#10393=CARTESIAN_POINT('',(7.32999999999954,-5.11692964523102,3.88499999985226));
#10394=VECTOR('',#12853,1.0);
#10395=CARTESIAN_POINT('',(7.5234074173712,-7.17688190451022,3.88499999985226));
#10396=CARTESIAN_POINT('',(7.22599418547327,-6.00953081263063,3.88499999985226));
#10397=VECTOR('',#12854,1.0);
#10398=CARTESIAN_POINT('',(7.60589326402031,-7.25,3.88499999985226));
#10399=AXIS2_PLACEMENT_3D('',#12855,#12856,#12857);
#10400=CARTESIAN_POINT('',(7.63410673597964,-7.25,3.88499999985226));
#10401=CARTESIAN_POINT('',(6.62,-7.25,3.88499999985226));
#10402=VECTOR('',#12858,1.0);
#10403=CARTESIAN_POINT('',(7.71659258262897,-7.17688190451016,3.88499999985226));
#10404=AXIS2_PLACEMENT_3D('',#12859,#12860,#12861);
#10405=CARTESIAN_POINT('',(7.90999999999902,-6.41775508824852,3.88499999985226));
#10406=CARTESIAN_POINT('',(7.95305151912219,-6.24877727399711,3.88499999985226));
#10407=VECTOR('',#12862,1.0);
#10408=CARTESIAN_POINT('',(7.90999999999893,-5.11692964523202,3.88499999985226));
#10409=VECTOR('',#12863,1.0);
#10410=CARTESIAN_POINT('',(7.32999999999904,-3.75000000000011,3.73499999985226));
#10411=CARTESIAN_POINT('',(7.32999999999904,-3.75000000000102,7.23249999999949));
#10412=VECTOR('',#12864,1.0);
#10413=CARTESIAN_POINT('',(7.33000000000002,-6.41775508824488,3.73499999985226));
#10414=CARTESIAN_POINT('',(7.32999999999954,-5.11692964523102,3.73499999985226));
#10415=VECTOR('',#12865,1.0);
#10416=CARTESIAN_POINT('',(7.33000000000002,-6.41775508824488,10.26));
#10417=VECTOR('',#12866,1.0);
#10418=CARTESIAN_POINT('',(7.63410673597964,-7.25,3.73499999985226));
#10419=CARTESIAN_POINT('',(7.63410673597964,-7.25,3.80999999985226));
#10420=VECTOR('',#12867,1.0);
#10421=CARTESIAN_POINT('',(7.71659258262897,-7.17688190451016,3.73499999985226));
#10422=AXIS2_PLACEMENT_3D('',#12868,#12869,#12870);
#10423=CARTESIAN_POINT('',(7.71659258262897,-7.17688190451016,10.26));
#10424=VECTOR('',#12871,1.0);
#10425=CARTESIAN_POINT('',(7.90999999999902,-6.41775508824852,3.73499999985226));
#10426=CARTESIAN_POINT('',(7.95305151912219,-6.24877727399711,3.73499999985226));
#10427=VECTOR('',#12872,1.0);
#10428=CARTESIAN_POINT('',(7.90999999999902,-6.41775508824852,10.26));
#10429=VECTOR('',#12873,1.0);
#10430=CARTESIAN_POINT('',(7.90999999999884,-3.75000000000011,3.73499999985226));
#10431=CARTESIAN_POINT('',(7.90999999999884,-3.75000000000102,7.23249999999949));
#10432=VECTOR('',#12874,1.0);
#10433=CARTESIAN_POINT('',(7.90999999999893,-5.11692964523202,3.73499999985226));
#10434=VECTOR('',#12875,1.0);
#10435=CARTESIAN_POINT('',(7.10499999999967,3.65073203738575E-05,4.35762835756389));
#10436=CARTESIAN_POINT('',(7.10499999999967,3.65073203738575E-05,10.26));
#10437=VECTOR('',#12876,1.0);
#10438=CARTESIAN_POINT('',(7.00499999999976,1.82536599591665E-05,4.35762513895106));
#10439=CARTESIAN_POINT('',(6.83750000000189,3.65073191574139E-05,4.35762835756368));
#10440=VECTOR('',#12877,1.0);
#10441=CARTESIAN_POINT('',(7.005,-3.33066907387547E-16,1.6675));
#10442=VECTOR('',#12878,1.0);
#10443=CARTESIAN_POINT('',(7.10499999999967,0.686500000000024,4.49674409387061));
#10444=CARTESIAN_POINT('',(7.10499999999967,0.18367026025812,7.34843325523599));
#10445=VECTOR('',#12879,1.0);
#10446=CARTESIAN_POINT('',(7.10499999999967,0.686500000000024,4.47867039259466));
#10447=CARTESIAN_POINT('',(7.10499999999967,0.686500000000024,10.26));
#10448=VECTOR('',#12880,1.0);
#10449=CARTESIAN_POINT('',(7.10499999999967,0.600558214187849,4.46351653698571));
#10450=VECTOR('',#12881,1.0);
#10451=CARTESIAN_POINT('',(8.13500000000033,0.686500000000024,4.49674409387061));
#10452=CARTESIAN_POINT('',(7.12,0.686500000000024,4.49674409387061));
#10453=VECTOR('',#12882,1.0);
#10454=CARTESIAN_POINT('',(8.13500000000033,0.686500000000024,4.47867039259466));
#10455=CARTESIAN_POINT('',(8.13500000000033,0.686500000000024,10.26));
#10456=VECTOR('',#12883,1.0);
#10457=CARTESIAN_POINT('',(7.12,0.686500000000024,4.47867039259466));
#10458=VECTOR('',#12884,1.0);
#10459=CARTESIAN_POINT('',(8.13500000000033,0.600558214187794,4.4635165369857));
#10460=VECTOR('',#12885,1.0);
#10461=CARTESIAN_POINT('',(8.13500000000033,0.183670260258119,7.348433255236));
#10462=VECTOR('',#12886,1.0);
#10463=CARTESIAN_POINT('',(7.5234074173712,-7.17688190451022,3.73499999985226));
#10464=CARTESIAN_POINT('',(7.22599418547327,-6.00953081263063,3.73499999985226));
#10465=VECTOR('',#12887,1.0);
#10466=CARTESIAN_POINT('',(7.5234074173712,-7.17688190451022,10.26));
#10467=VECTOR('',#12888,1.0);
#10468=CARTESIAN_POINT('',(7.60589326402031,-7.25,3.73499999985226));
#10469=AXIS2_PLACEMENT_3D('',#12889,#12890,#12891);
#10470=CARTESIAN_POINT('',(7.60589326402031,-7.25,3.80999999985226));
#10471=VECTOR('',#12892,1.0);
#10472=CARTESIAN_POINT('',(6.62,-7.25,3.73499999985226));
#10473=VECTOR('',#12893,1.0);
#10474=CARTESIAN_POINT('',(7.755,-3.75000000000011,3.73499999985226));
#10475=VECTOR('',#12894,1.0);
#10476=CARTESIAN_POINT('',(8.23500000000011,-0.971925023541609,4.18624531546225));
#10477=CARTESIAN_POINT('',(8.23500000000017,-0.487770629121907,4.271614798027));
#10478=VECTOR('',#12895,1.0);
#10479=CARTESIAN_POINT('',(7.00499999999983,-0.971925023541609,4.18624531546225));
#10480=CARTESIAN_POINT('',(6.62,-0.971925023541609,4.18624531546225));
#10481=VECTOR('',#12896,1.0);
#10482=CARTESIAN_POINT('',(7.0049999999998,-0.487770629121908,4.271614798027));
#10483=VECTOR('',#12897,1.0);
#10484=CARTESIAN_POINT('',(7.00499999999978,-0.161843013959443,2.59760589693824));
#10485=AXIS2_PLACEMENT_3D('',#12898,#12899,#12900);
#10486=CARTESIAN_POINT('',(8.23500000000022,-0.161843013959443,2.59760589693824));
#10487=CARTESIAN_POINT('',(6.62,-0.161843013959443,2.59760589693824));
#10488=VECTOR('',#12901,1.0);
#10489=AXIS2_PLACEMENT_3D('',#12902,#12903,#12904);
#10490=CARTESIAN_POINT('',(7.00499999999984,-1.07125471375689,4.06303046703911));
#10491=CARTESIAN_POINT('',(7.00499999999981,-0.626418645678551,3.34622233275378));
#10492=VECTOR('',#12905,1.0);
#10493=CARTESIAN_POINT('',(8.23500000000009,-1.07125471375689,4.06303046703911));
#10494=CARTESIAN_POINT('',(6.62,-1.07125471375689,4.06303046703911));
#10495=VECTOR('',#12906,1.0);
#10496=CARTESIAN_POINT('',(8.23500000000015,-0.626418645678551,3.34622233275378));
#10497=VECTOR('',#12907,1.0);
#10498=CARTESIAN_POINT('',(7.00499999999985,-1.22703038702192,4.18624531546225));
#10499=AXIS2_PLACEMENT_3D('',#12908,#12909,#12910);
#10500=CARTESIAN_POINT('',(8.23500000000007,-1.22703038702192,4.18624531546225));
#10501=CARTESIAN_POINT('',(6.62,-1.22703038702192,4.18624531546225));
#10502=VECTOR('',#12911,1.0);
#10503=AXIS2_PLACEMENT_3D('',#12912,#12913,#12914);
#10504=CARTESIAN_POINT('',(7.00499999999982,-0.889738852640883,4.18624531546225));
#10505=VECTOR('',#12915,1.0);
#10506=CARTESIAN_POINT('',(8.23500000000012,-0.889738852640883,4.18624531546225));
#10507=VECTOR('',#12916,1.0);
#10508=CARTESIAN_POINT('',(8.235,-4.44089209850063E-16,2.17));
#10509=CARTESIAN_POINT('',(8.235,-3.33066907387547E-16,1.6675));
#10510=VECTOR('',#12917,1.0);
#10511=CARTESIAN_POINT('',(8.235,-2.18,2.17));
#10512=CARTESIAN_POINT('',(8.235,-0.68,2.17));
#10513=VECTOR('',#12918,1.0);
#10514=CARTESIAN_POINT('',(8.235,-2.18,3.335));
#10515=VECTOR('',#12919,1.0);
#10516=CARTESIAN_POINT('',(-8.13500000000033,3.65073201464838E-05,-4.5036794565171));
#10517=CARTESIAN_POINT('',(-8.13500000000033,0.664614576052015,-4.62086250082175));
#10518=CARTESIAN_POINT('',(-8.13500000000033,0.908653669386831,-4.66389317732435));
#10519=VECTOR('',#12920,1.0);
#10520=CARTESIAN_POINT('',(-8.13500000000033,3.65073201464838E-05,-4.35762835756385));
#10521=CARTESIAN_POINT('',(-8.13500000000033,3.65073201464838E-05,-10.26));
#10522=VECTOR('',#12921,1.0);
#10523=CARTESIAN_POINT('',(-8.13500000000033,0.686500000000024,-4.47867039259466));
#10524=CARTESIAN_POINT('',(-8.13500000000033,0.600558214187794,-4.4635165369857));
#10525=VECTOR('',#12922,1.0);
#10526=CARTESIAN_POINT('',(-8.13500000000033,0.686500000000024,-4.49674409387061));
#10527=CARTESIAN_POINT('',(-8.13500000000033,0.686500000000024,-10.26));
#10528=VECTOR('',#12923,1.0);
#10529=CARTESIAN_POINT('',(-8.13500000000033,0.183670260258119,-7.348433255236));
#10530=VECTOR('',#12924,1.0);
#10531=CARTESIAN_POINT('',(-8.23500000000024,1.82536599599687E-05,-4.50367623790432));
#10532=CARTESIAN_POINT('',(0.352500000001599,3.65073394448245E-05,-4.50367945652051));
#10533=VECTOR('',#12925,1.0);
#10534=CARTESIAN_POINT('',(-8.23500000000024,1.82536599599437E-05,-4.35762513895106));
#10535=CARTESIAN_POINT('',(-8.23500000000024,3.65073199191102E-05,-10.26));
#10536=VECTOR('',#12926,1.0);
#10537=CARTESIAN_POINT('',(-7.40249999999912,3.65073218119988E-05,-4.35762835756415));
#10538=VECTOR('',#12927,1.0);
#10539=CARTESIAN_POINT('',(-7.00499999999991,-2.18,-2.18510589693829));
#10540=CARTESIAN_POINT('',(-8.23499999999995,-2.18,-2.18510589693829));
#10541=CARTESIAN_POINT('',(-7.12,-2.18,-2.18510589693829));
#10542=VECTOR('',#12928,1.0);
#10543=CARTESIAN_POINT('',(-7.00499999999979,-0.400000000000057,-2.18510589693828));
#10544=CARTESIAN_POINT('',(-7.00499999999985,-1.22125000000001,-2.18510589693828));
#10545=VECTOR('',#12929,1.0);
#10546=CARTESIAN_POINT('',(-8.23500000000018,-0.400000000000057,-2.18510589693828));
#10547=CARTESIAN_POINT('',(-6.62,-0.400000000000057,-2.18510589693828));
#10548=VECTOR('',#12930,1.0);
#10549=CARTESIAN_POINT('',(-8.23500000000007,-1.22125000000001,-2.18510589693828));
#10550=VECTOR('',#12931,1.0);
#10551=CARTESIAN_POINT('',(-7.32999999999904,-3.75000000000014,-3.88499999985226));
#10552=CARTESIAN_POINT('',(-7.90999999999884,-3.75000000000014,-3.88499999985226));
#10553=CARTESIAN_POINT('',(1.135,-3.75000000000014,-3.88499999985226));
#10554=VECTOR('',#12932,1.0);
#10555=CARTESIAN_POINT('',(-7.33000000000002,-6.41775508824488,-3.88499999985226));
#10556=CARTESIAN_POINT('',(-7.32999999999954,-5.11692964523102,-3.88499999985226));
#10557=VECTOR('',#12933,1.0);
#10558=CARTESIAN_POINT('',(-7.5234074173712,-7.17688190451022,-3.88499999985226));
#10559=CARTESIAN_POINT('',(-7.22599418547327,-6.00953081263063,-3.88499999985226));
#10560=VECTOR('',#12934,1.0);
#10561=CARTESIAN_POINT('',(-7.60589326402031,-7.25,-3.88499999985226));
#10562=AXIS2_PLACEMENT_3D('',#12935,#12936,#12937);
#10563=CARTESIAN_POINT('',(-7.63410673597964,-7.25,-3.88499999985226));
#10564=CARTESIAN_POINT('',(-6.62,-7.25,-3.88499999985226));
#10565=VECTOR('',#12938,1.0);
#10566=CARTESIAN_POINT('',(-7.71659258262897,-7.17688190451016,-3.88499999985226));
#10567=AXIS2_PLACEMENT_3D('',#12939,#12940,#12941);
#10568=CARTESIAN_POINT('',(-7.90999999999902,-6.41775508824852,-3.88499999985226));
#10569=CARTESIAN_POINT('',(-7.95305151912219,-6.24877727399711,-3.88499999985226));
#10570=VECTOR('',#12942,1.0);
#10571=CARTESIAN_POINT('',(-7.90999999999893,-5.11692964523202,-3.88499999985226));
#10572=VECTOR('',#12943,1.0);
#10573=CARTESIAN_POINT('',(-7.32999999999904,-3.7500000000001,-3.73499999985226));
#10574=CARTESIAN_POINT('',(-7.32999999999904,-3.75000000000101,-7.2324999999996));
#10575=VECTOR('',#12944,1.0);
#10576=CARTESIAN_POINT('',(-7.33000000000002,-6.41775508824488,-3.73499999985226));
#10577=CARTESIAN_POINT('',(-7.32999999999954,-5.11692964523102,-3.73499999985226));
#10578=VECTOR('',#12945,1.0);
#10579=CARTESIAN_POINT('',(-7.33000000000002,-6.41775508824488,-10.26));
#10580=VECTOR('',#12946,1.0);
#10581=CARTESIAN_POINT('',(-7.63410673597964,-7.25,-3.73499999985226));
#10582=CARTESIAN_POINT('',(-7.63410673597964,-7.25,-3.80999999985226));
#10583=VECTOR('',#12947,1.0);
#10584=CARTESIAN_POINT('',(-7.71659258262897,-7.17688190451016,-3.73499999985226));
#10585=AXIS2_PLACEMENT_3D('',#12948,#12949,#12950);
#10586=CARTESIAN_POINT('',(-7.71659258262897,-7.17688190451016,-10.26));
#10587=VECTOR('',#12951,1.0);
#10588=CARTESIAN_POINT('',(-7.90999999999902,-6.41775508824852,-3.73499999985226));
#10589=CARTESIAN_POINT('',(-7.95305151912219,-6.24877727399711,-3.73499999985226));
#10590=VECTOR('',#12952,1.0);
#10591=CARTESIAN_POINT('',(-7.90999999999902,-6.41775508824852,-10.26));
#10592=VECTOR('',#12953,1.0);
#10593=CARTESIAN_POINT('',(-7.90999999999884,-3.7500000000001,-3.73499999985226));
#10594=CARTESIAN_POINT('',(-7.90999999999884,-3.75000000000101,-7.2324999999996));
#10595=VECTOR('',#12954,1.0);
#10596=CARTESIAN_POINT('',(-7.90999999999893,-5.11692964523202,-3.73499999985226));
#10597=VECTOR('',#12955,1.0);
#10598=CARTESIAN_POINT('',(-7.10499999999967,3.65073203738575E-05,-4.50367945651714));
#10599=CARTESIAN_POINT('',(-7.00499999999976,1.82536599599687E-05,-4.50367623790432));
#10600=CARTESIAN_POINT('',(0.917499999996662,3.65072838917624E-05,-4.50367945651071));
#10601=VECTOR('',#12956,1.0);
#10602=CARTESIAN_POINT('',(-7.10499999999967,3.65073203738575E-05,-4.35762835756389));
#10603=CARTESIAN_POINT('',(-7.10499999999967,3.65073203738575E-05,-10.26));
#10604=VECTOR('',#12957,1.0);
#10605=CARTESIAN_POINT('',(-7.00499999999976,1.82536599599437E-05,-4.35762513895106));
#10606=CARTESIAN_POINT('',(-6.83750000000189,3.65073191574139E-05,-4.35762835756368));
#10607=VECTOR('',#12958,1.0);
#10608=CARTESIAN_POINT('',(-7.005,3.33066907387547E-16,-1.6675));
#10609=VECTOR('',#12959,1.0);
#10610=CARTESIAN_POINT('',(-7.10499999999967,0.664614576052015,-4.62086250082175));
#10611=CARTESIAN_POINT('',(-7.10499999999967,0.908653669386886,-4.66389317732436));
#10612=VECTOR('',#12960,1.0);
#10613=CARTESIAN_POINT('',(-7.10499999999967,0.686500000000024,-4.49674409387061));
#10614=CARTESIAN_POINT('',(-7.10499999999967,0.18367026025812,-7.34843325523599));
#10615=VECTOR('',#12961,1.0);
#10616=CARTESIAN_POINT('',(-7.10499999999967,0.686500000000024,-4.47867039259466));
#10617=CARTESIAN_POINT('',(-7.10499999999967,0.686500000000024,-10.26));
#10618=VECTOR('',#12962,1.0);
#10619=CARTESIAN_POINT('',(-7.10499999999967,0.600558214187849,-4.46351653698571));
#10620=VECTOR('',#12963,1.0);
#10621=CARTESIAN_POINT('',(-7.12,0.686500000000024,-4.49674409387061));
#10622=VECTOR('',#12964,1.0);
#10623=CARTESIAN_POINT('',(-7.12,0.686500000000024,-4.47867039259466));
#10624=VECTOR('',#12965,1.0);
#10625=CARTESIAN_POINT('',(-7.5234074173712,-7.17688190451022,-3.73499999985226));
#10626=CARTESIAN_POINT('',(-7.22599418547327,-6.00953081263063,-3.73499999985226));
#10627=VECTOR('',#12966,1.0);
#10628=CARTESIAN_POINT('',(-7.5234074173712,-7.17688190451022,-10.26));
#10629=VECTOR('',#12967,1.0);
#10630=CARTESIAN_POINT('',(-7.60589326402031,-7.25,-3.73499999985226));
#10631=AXIS2_PLACEMENT_3D('',#12968,#12969,#12970);
#10632=CARTESIAN_POINT('',(-7.60589326402031,-7.25,-3.80999999985226));
#10633=VECTOR('',#12971,1.0);
#10634=CARTESIAN_POINT('',(-6.62,-7.25,-3.73499999985226));
#10635=VECTOR('',#12972,1.0);
#10636=CARTESIAN_POINT('',(1.135,-3.7500000000001,-3.73499999985226));
#10637=VECTOR('',#12973,1.0);
#10638=CARTESIAN_POINT('',(-8.23500000000011,-0.971925023541609,-4.18624531546225));
#10639=CARTESIAN_POINT('',(-8.23500000000017,-0.487770629121907,-4.271614798027));
#10640=VECTOR('',#12974,1.0);
#10641=CARTESIAN_POINT('',(-7.00499999999983,-0.971925023541609,-4.18624531546225));
#10642=CARTESIAN_POINT('',(-6.62,-0.971925023541609,-4.18624531546225));
#10643=VECTOR('',#12975,1.0);
#10644=CARTESIAN_POINT('',(-7.0049999999998,-0.487770629121908,-4.271614798027));
#10645=VECTOR('',#12976,1.0);
#10646=CARTESIAN_POINT('',(-7.00499999999978,-0.161843013959443,-2.59760589693824));
#10647=AXIS2_PLACEMENT_3D('',#12977,#12978,#12979);
#10648=CARTESIAN_POINT('',(-8.23500000000022,-0.161843013959443,-2.59760589693824));
#10649=CARTESIAN_POINT('',(-6.62,-0.161843013959443,-2.59760589693824));
#10650=VECTOR('',#12980,1.0);
#10651=AXIS2_PLACEMENT_3D('',#12981,#12982,#12983);
#10652=CARTESIAN_POINT('',(-7.00499999999984,-1.07125471375689,-4.06303046703911));
#10653=CARTESIAN_POINT('',(-7.00499999999981,-0.626418645678551,-3.34622233275378));
#10654=VECTOR('',#12984,1.0);
#10655=CARTESIAN_POINT('',(-8.23500000000009,-1.07125471375689,-4.06303046703911));
#10656=CARTESIAN_POINT('',(-6.62,-1.07125471375689,-4.06303046703911));
#10657=VECTOR('',#12985,1.0);
#10658=CARTESIAN_POINT('',(-8.23500000000015,-0.626418645678551,-3.34622233275378));
#10659=VECTOR('',#12986,1.0);
#10660=CARTESIAN_POINT('',(-7.00499999999985,-1.22703038702192,-4.18624531546225));
#10661=AXIS2_PLACEMENT_3D('',#12987,#12988,#12989);
#10662=CARTESIAN_POINT('',(-8.23500000000007,-1.22703038702192,-4.18624531546225));
#10663=CARTESIAN_POINT('',(-6.62,-1.22703038702192,-4.18624531546225));
#10664=VECTOR('',#12990,1.0);
#10665=AXIS2_PLACEMENT_3D('',#12991,#12992,#12993);
#10666=CARTESIAN_POINT('',(-7.00499999999982,-0.889738852640883,-4.18624531546225));
#10667=VECTOR('',#12994,1.0);
#10668=CARTESIAN_POINT('',(-8.23500000000012,-0.889738852640883,-4.18624531546225));
#10669=VECTOR('',#12995,1.0);
#10670=CARTESIAN_POINT('',(1.135,0.664614576052015,-4.62086250082175));
#10671=VECTOR('',#12996,1.0);
#10672=CARTESIAN_POINT('',(-5.69500000000023,1.82536599599687E-05,-4.50367623790432));
#10673=CARTESIAN_POINT('',(8.89,8.2728398924443E-16,-4.50367301929157));
#10674=VECTOR('',#12997,1.0);
#10675=CARTESIAN_POINT('',(-5.59500000000033,3.65073201464838E-05,-4.5036794565171));
#10676=CARTESIAN_POINT('',(1.6225000000016,3.650733655719E-05,-4.50367945652));
#10677=VECTOR('',#12998,1.0);
#10678=CARTESIAN_POINT('',(-5.59500000000033,0.664614576052015,-4.62086250082175));
#10679=CARTESIAN_POINT('',(-5.59500000000033,0.908653669386831,-4.66389317732435));
#10680=VECTOR('',#12999,1.0);
#10681=CARTESIAN_POINT('',(-4.56499999999967,0.664614576052015,-4.62086250082175));
#10682=CARTESIAN_POINT('',(2.405,0.664614576052015,-4.62086250082175));
#10683=VECTOR('',#13000,1.0);
#10684=CARTESIAN_POINT('',(-4.56499999999967,3.65073203738575E-05,-4.50367945651714));
#10685=CARTESIAN_POINT('',(-4.56499999999967,0.908653669386886,-4.66389317732436));
#10686=VECTOR('',#13001,1.0);
#10687=CARTESIAN_POINT('',(-4.46499999999976,1.82536599599687E-05,-4.50367623790432));
#10688=CARTESIAN_POINT('',(2.18749999999666,3.65072896670315E-05,-4.50367945651173));
#10689=VECTOR('',#13002,1.0);
#10690=CARTESIAN_POINT('',(-3.15500000000024,1.82536599599687E-05,-4.50367623790432));
#10691=CARTESIAN_POINT('',(8.89,8.2728398924443E-16,-4.50367301929157));
#10692=VECTOR('',#13003,1.0);
#10693=CARTESIAN_POINT('',(-3.05500000000033,3.65073201464838E-05,-4.5036794565171));
#10694=CARTESIAN_POINT('',(2.8925000000016,3.65073336695276E-05,-4.50367945651949));
#10695=VECTOR('',#13004,1.0);
#10696=CARTESIAN_POINT('',(-3.05500000000033,0.664614576052015,-4.62086250082175));
#10697=CARTESIAN_POINT('',(-3.05500000000033,0.908653669386831,-4.66389317732435));
#10698=VECTOR('',#13005,1.0);
#10699=CARTESIAN_POINT('',(-2.02499999999967,0.664614576052015,-4.62086250082175));
#10700=CARTESIAN_POINT('',(3.675,0.664614576052015,-4.62086250082175));
#10701=VECTOR('',#13006,1.0);
#10702=CARTESIAN_POINT('',(-2.02499999999967,3.65073203738575E-05,-4.50367945651714));
#10703=CARTESIAN_POINT('',(-2.02499999999967,0.908653669386886,-4.66389317732436));
#10704=VECTOR('',#13007,1.0);
#10705=CARTESIAN_POINT('',(-1.92499999999976,1.82536599599687E-05,-4.50367623790432));
#10706=CARTESIAN_POINT('',(3.45749999999666,3.65072954423284E-05,-4.50367945651275));
#10707=VECTOR('',#13008,1.0);
#10708=CARTESIAN_POINT('',(-0.615000000000237,1.82536599599687E-05,-4.50367623790432));
#10709=CARTESIAN_POINT('',(8.89,8.2728398924443E-16,-4.50367301929157));
#10710=VECTOR('',#13009,1.0);
#10711=CARTESIAN_POINT('',(-0.515000000000328,3.65073201464838E-05,-4.5036794565171));
#10712=CARTESIAN_POINT('',(4.1625000000016,3.65073307818931E-05,-4.50367945651898));
#10713=VECTOR('',#13010,1.0);
#10714=CARTESIAN_POINT('',(-0.515000000000328,0.664614576052015,-4.62086250082175));
#10715=CARTESIAN_POINT('',(-0.515000000000328,0.908653669386831,-4.66389317732435));
#10716=VECTOR('',#13011,1.0);
#10717=CARTESIAN_POINT('',(0.515000000000327,0.664614576052015,-4.62086250082175));
#10718=CARTESIAN_POINT('',(4.945,0.664614576052015,-4.62086250082175));
#10719=VECTOR('',#13012,1.0);
#10720=CARTESIAN_POINT('',(0.515000000000327,3.65073203738575E-05,-4.50367945651714));
#10721=CARTESIAN_POINT('',(0.515000000000327,0.908653669386886,-4.66389317732436));
#10722=VECTOR('',#13013,1.0);
#10723=CARTESIAN_POINT('',(0.615000000000236,1.82536599599687E-05,-4.50367623790432));
#10724=CARTESIAN_POINT('',(4.72749999999666,3.65073012176254E-05,-4.50367945651377));
#10725=VECTOR('',#13014,1.0);
#10726=CARTESIAN_POINT('',(1.92499999999976,1.82536599599687E-05,-4.50367623790432));
#10727=CARTESIAN_POINT('',(8.89,8.2728398924443E-16,-4.50367301929157));
#10728=VECTOR('',#13015,1.0);
#10729=CARTESIAN_POINT('',(2.02499999999967,3.65073201464838E-05,-4.5036794565171));
#10730=CARTESIAN_POINT('',(5.4325000000016,3.65073278942307E-05,-4.50367945651847));
#10731=VECTOR('',#13016,1.0);
#10732=CARTESIAN_POINT('',(2.02499999999967,0.664614576052015,-4.62086250082175));
#10733=CARTESIAN_POINT('',(2.02499999999967,0.908653669386831,-4.66389317732435));
#10734=VECTOR('',#13017,1.0);
#10735=CARTESIAN_POINT('',(3.05500000000033,0.664614576052015,-4.62086250082175));
#10736=CARTESIAN_POINT('',(6.215,0.664614576052015,-4.62086250082175));
#10737=VECTOR('',#13018,1.0);
#10738=CARTESIAN_POINT('',(3.05500000000033,3.65073203738575E-05,-4.50367945651714));
#10739=CARTESIAN_POINT('',(3.05500000000033,0.908653669386886,-4.66389317732436));
#10740=VECTOR('',#13019,1.0);
#10741=CARTESIAN_POINT('',(3.15500000000024,1.82536599599687E-05,-4.50367623790432));
#10742=CARTESIAN_POINT('',(5.99749999999666,3.65073069929223E-05,-4.50367945651478));
#10743=VECTOR('',#13020,1.0);
#10744=CARTESIAN_POINT('',(4.46499999999976,1.82536599599687E-05,-4.50367623790432));
#10745=CARTESIAN_POINT('',(8.89,8.2728398924443E-16,-4.50367301929157));
#10746=VECTOR('',#13021,1.0);
#10747=CARTESIAN_POINT('',(4.56499999999967,3.65073201464838E-05,-4.5036794565171));
#10748=CARTESIAN_POINT('',(6.7025000000016,3.65073250065961E-05,-4.50367945651796));
#10749=VECTOR('',#13022,1.0);
#10750=CARTESIAN_POINT('',(4.56499999999967,0.664614576052015,-4.62086250082175));
#10751=CARTESIAN_POINT('',(4.56499999999967,0.908653669386831,-4.66389317732435));
#10752=VECTOR('',#13023,1.0);
#10753=CARTESIAN_POINT('',(5.59500000000033,0.664614576052015,-4.62086250082175));
#10754=CARTESIAN_POINT('',(7.485,0.664614576052015,-4.62086250082175));
#10755=VECTOR('',#13024,1.0);
#10756=CARTESIAN_POINT('',(5.59500000000033,3.65073203738575E-05,-4.50367945651714));
#10757=CARTESIAN_POINT('',(5.59500000000033,0.908653669386886,-4.66389317732436));
#10758=VECTOR('',#13025,1.0);
#10759=CARTESIAN_POINT('',(5.69500000000024,1.82536599599687E-05,-4.50367623790432));
#10760=CARTESIAN_POINT('',(7.26749999999666,3.65073127682192E-05,-4.5036794565158));
#10761=VECTOR('',#13026,1.0);
#10762=CARTESIAN_POINT('',(7.00499999999976,1.82536599599687E-05,-4.50367623790432));
#10763=CARTESIAN_POINT('',(8.89,8.2728398924443E-16,-4.50367301929157));
#10764=VECTOR('',#13027,1.0);
#10765=CARTESIAN_POINT('',(7.10499999999967,3.65073201464838E-05,-4.5036794565171));
#10766=CARTESIAN_POINT('',(7.9725000000016,3.65073221189616E-05,-4.50367945651745));
#10767=VECTOR('',#13028,1.0);
#10768=CARTESIAN_POINT('',(7.10499999999967,0.664614576052015,-4.62086250082175));
#10769=CARTESIAN_POINT('',(7.10499999999967,0.908653669386831,-4.66389317732435));
#10770=VECTOR('',#13029,1.0);
#10771=CARTESIAN_POINT('',(8.13500000000033,0.664614576052015,-4.62086250082175));
#10772=CARTESIAN_POINT('',(8.755,0.664614576052015,-4.62086250082175));
#10773=VECTOR('',#13030,1.0);
#10774=CARTESIAN_POINT('',(8.13500000000033,3.65073203738575E-05,-4.50367945651714));
#10775=CARTESIAN_POINT('',(8.13500000000033,0.908653669386886,-4.66389317732436));
#10776=VECTOR('',#13031,1.0);
#10777=CARTESIAN_POINT('',(8.23500000000024,1.82536599599687E-05,-4.50367623790432));
#10778=CARTESIAN_POINT('',(8.53749999999666,3.65073185434883E-05,-4.50367945651682));
#10779=VECTOR('',#13032,1.0);
#10780=CARTESIAN_POINT('',(8.89,8.2728398924443E-16,-4.50367301929157));
#10781=CARTESIAN_POINT('',(8.89,8.2728398924443E-16,-4.50367301929157));
#10782=VECTOR('',#13033,1.0);
#10783=CARTESIAN_POINT('',(8.89,1.0,-4.68000000000018));
#10784=CARTESIAN_POINT('',(8.89,8.2728398924443E-16,-4.50367301929157));
#10785=VECTOR('',#13034,1.0);
#10786=CARTESIAN_POINT('',(-8.89,1.0,-4.68000000000018));
#10787=CARTESIAN_POINT('',(8.89,1.0,-4.68000000000018));
#10788=VECTOR('',#13035,1.0);
#10789=CARTESIAN_POINT('',(-8.89,8.2728398924443E-16,-4.50367301929157));
#10790=CARTESIAN_POINT('',(-8.89,8.2728398924443E-16,-4.50367301929157));
#10791=VECTOR('',#13036,1.0);
#10792=CARTESIAN_POINT('',(8.89,8.2728398924443E-16,-4.50367301929157));
#10793=VECTOR('',#13037,1.0);
#10794=CARTESIAN_POINT('',(-7.005,-2.18,-2.17));
#10795=CARTESIAN_POINT('',(-7.005,-2.18,-3.335));
#10796=VECTOR('',#13038,1.0);
#10797=CARTESIAN_POINT('',(-7.005,4.44089209850063E-16,-2.17));
#10798=CARTESIAN_POINT('',(-7.005,-0.68,-2.17));
#10799=VECTOR('',#13039,1.0);
#10800=CARTESIAN_POINT('',(-7.005,3.33066907387547E-16,-1.6675));
#10801=VECTOR('',#13040,1.0);
#10802=CARTESIAN_POINT('',(-5.59500000000033,3.65073201464838E-05,-4.35762835756385));
#10803=CARTESIAN_POINT('',(-5.59500000000033,3.65073201464838E-05,-10.26));
#10804=VECTOR('',#13041,1.0);
#10805=CARTESIAN_POINT('',(-5.59500000000033,0.686500000000024,-4.47867039259466));
#10806=CARTESIAN_POINT('',(-5.59500000000033,0.600558214187794,-4.4635165369857));
#10807=VECTOR('',#13042,1.0);
#10808=CARTESIAN_POINT('',(-5.59500000000033,0.686500000000024,-4.49674409387061));
#10809=CARTESIAN_POINT('',(-5.59500000000033,0.686500000000024,-10.26));
#10810=VECTOR('',#13043,1.0);
#10811=CARTESIAN_POINT('',(-5.59500000000033,0.183670260258119,-7.348433255236));
#10812=VECTOR('',#13044,1.0);
#10813=CARTESIAN_POINT('',(-5.69500000000023,1.82536599599437E-05,-4.35762513895106));
#10814=CARTESIAN_POINT('',(-5.69500000000024,3.65073199191102E-05,-10.26));
#10815=VECTOR('',#13045,1.0);
#10816=CARTESIAN_POINT('',(-4.86249999999912,3.65073218119988E-05,-4.35762835756415));
#10817=VECTOR('',#13046,1.0);
#10818=CARTESIAN_POINT('',(-4.46499999999991,-2.18,-2.18510589693829));
#10819=CARTESIAN_POINT('',(-5.69499999999994,-2.18,-2.18510589693829));
#10820=CARTESIAN_POINT('',(-4.58,-2.18,-2.18510589693829));
#10821=VECTOR('',#13047,1.0);
#10822=CARTESIAN_POINT('',(-4.46499999999979,-0.400000000000057,-2.18510589693828));
#10823=CARTESIAN_POINT('',(-4.46499999999985,-1.22125000000001,-2.18510589693828));
#10824=VECTOR('',#13048,1.0);
#10825=CARTESIAN_POINT('',(-5.69500000000018,-0.400000000000057,-2.18510589693828));
#10826=CARTESIAN_POINT('',(-4.08,-0.400000000000057,-2.18510589693828));
#10827=VECTOR('',#13049,1.0);
#10828=CARTESIAN_POINT('',(-5.69500000000007,-1.22125000000001,-2.18510589693828));
#10829=VECTOR('',#13050,1.0);
#10830=CARTESIAN_POINT('',(-4.78999999999904,-3.75000000000014,-3.88499999985226));
#10831=CARTESIAN_POINT('',(-5.36999999999884,-3.75000000000014,-3.88499999985226));
#10832=CARTESIAN_POINT('',(2.405,-3.75000000000014,-3.88499999985226));
#10833=VECTOR('',#13051,1.0);
#10834=CARTESIAN_POINT('',(-4.79000000000002,-6.41775508824488,-3.88499999985226));
#10835=CARTESIAN_POINT('',(-4.78999999999954,-5.11692964523102,-3.88499999985226));
#10836=VECTOR('',#13052,1.0);
#10837=CARTESIAN_POINT('',(-4.9834074173712,-7.17688190451022,-3.88499999985226));
#10838=CARTESIAN_POINT('',(-4.68599418547327,-6.00953081263063,-3.88499999985226));
#10839=VECTOR('',#13053,1.0);
#10840=CARTESIAN_POINT('',(-5.06589326402031,-7.25,-3.88499999985226));
#10841=AXIS2_PLACEMENT_3D('',#13054,#13055,#13056);
#10842=CARTESIAN_POINT('',(-5.09410673597963,-7.25,-3.88499999985226));
#10843=CARTESIAN_POINT('',(-4.08,-7.25,-3.88499999985226));
#10844=VECTOR('',#13057,1.0);
#10845=CARTESIAN_POINT('',(-5.17659258262897,-7.17688190451016,-3.88499999985226));
#10846=AXIS2_PLACEMENT_3D('',#13058,#13059,#13060);
#10847=CARTESIAN_POINT('',(-5.36999999999902,-6.41775508824852,-3.88499999985226));
#10848=CARTESIAN_POINT('',(-5.41305151912219,-6.24877727399711,-3.88499999985226));
#10849=VECTOR('',#13061,1.0);
#10850=CARTESIAN_POINT('',(-5.36999999999893,-5.11692964523202,-3.88499999985226));
#10851=VECTOR('',#13062,1.0);
#10852=CARTESIAN_POINT('',(-4.78999999999904,-3.7500000000001,-3.73499999985226));
#10853=CARTESIAN_POINT('',(-4.78999999999904,-3.75000000000101,-7.2324999999996));
#10854=VECTOR('',#13063,1.0);
#10855=CARTESIAN_POINT('',(-4.79000000000002,-6.41775508824488,-3.73499999985226));
#10856=CARTESIAN_POINT('',(-4.78999999999954,-5.11692964523102,-3.73499999985226));
#10857=VECTOR('',#13064,1.0);
#10858=CARTESIAN_POINT('',(-4.79000000000002,-6.41775508824488,-10.26));
#10859=VECTOR('',#13065,1.0);
#10860=CARTESIAN_POINT('',(-5.09410673597963,-7.25,-3.73499999985226));
#10861=CARTESIAN_POINT('',(-5.09410673597963,-7.25,-3.80999999985226));
#10862=VECTOR('',#13066,1.0);
#10863=CARTESIAN_POINT('',(-5.17659258262897,-7.17688190451016,-3.73499999985226));
#10864=AXIS2_PLACEMENT_3D('',#13067,#13068,#13069);
#10865=CARTESIAN_POINT('',(-5.17659258262897,-7.17688190451016,-10.26));
#10866=VECTOR('',#13070,1.0);
#10867=CARTESIAN_POINT('',(-5.36999999999902,-6.41775508824852,-3.73499999985226));
#10868=CARTESIAN_POINT('',(-5.41305151912219,-6.24877727399711,-3.73499999985226));
#10869=VECTOR('',#13071,1.0);
#10870=CARTESIAN_POINT('',(-5.36999999999902,-6.41775508824852,-10.26));
#10871=VECTOR('',#13072,1.0);
#10872=CARTESIAN_POINT('',(-5.36999999999884,-3.7500000000001,-3.73499999985226));
#10873=CARTESIAN_POINT('',(-5.36999999999884,-3.75000000000101,-7.2324999999996));
#10874=VECTOR('',#13073,1.0);
#10875=CARTESIAN_POINT('',(-5.36999999999893,-5.11692964523202,-3.73499999985226));
#10876=VECTOR('',#13074,1.0);
#10877=CARTESIAN_POINT('',(-4.56499999999967,3.65073203738575E-05,-4.35762835756389));
#10878=CARTESIAN_POINT('',(-4.56499999999967,3.65073203738575E-05,-10.26));
#10879=VECTOR('',#13075,1.0);
#10880=CARTESIAN_POINT('',(-4.46499999999976,1.82536599599437E-05,-4.35762513895106));
#10881=CARTESIAN_POINT('',(-4.29750000000189,3.65073191574139E-05,-4.35762835756368));
#10882=VECTOR('',#13076,1.0);
#10883=CARTESIAN_POINT('',(-4.465,3.33066907387547E-16,-1.6675));
#10884=VECTOR('',#13077,1.0);
#10885=CARTESIAN_POINT('',(-4.56499999999967,0.686500000000024,-4.49674409387061));
#10886=CARTESIAN_POINT('',(-4.56499999999967,0.18367026025812,-7.34843325523599));
#10887=VECTOR('',#13078,1.0);
#10888=CARTESIAN_POINT('',(-4.56499999999967,0.686500000000024,-4.47867039259466));
#10889=CARTESIAN_POINT('',(-4.56499999999967,0.686500000000024,-10.26));
#10890=VECTOR('',#13079,1.0);
#10891=CARTESIAN_POINT('',(-4.56499999999967,0.600558214187849,-4.46351653698571));
#10892=VECTOR('',#13080,1.0);
#10893=CARTESIAN_POINT('',(-4.58,0.686500000000024,-4.49674409387061));
#10894=VECTOR('',#13081,1.0);
#10895=CARTESIAN_POINT('',(-4.58,0.686500000000024,-4.47867039259466));
#10896=VECTOR('',#13082,1.0);
#10897=CARTESIAN_POINT('',(-4.9834074173712,-7.17688190451022,-3.73499999985226));
#10898=CARTESIAN_POINT('',(-4.68599418547327,-6.00953081263063,-3.73499999985226));
#10899=VECTOR('',#13083,1.0);
#10900=CARTESIAN_POINT('',(-4.9834074173712,-7.17688190451022,-10.26));
#10901=VECTOR('',#13084,1.0);
#10902=CARTESIAN_POINT('',(-5.06589326402031,-7.25,-3.73499999985226));
#10903=AXIS2_PLACEMENT_3D('',#13085,#13086,#13087);
#10904=CARTESIAN_POINT('',(-5.06589326402031,-7.25,-3.80999999985226));
#10905=VECTOR('',#13088,1.0);
#10906=CARTESIAN_POINT('',(-4.08,-7.25,-3.73499999985226));
#10907=VECTOR('',#13089,1.0);
#10908=CARTESIAN_POINT('',(2.405,-3.7500000000001,-3.73499999985226));
#10909=VECTOR('',#13090,1.0);
#10910=CARTESIAN_POINT('',(-5.69500000000011,-0.971925023541609,-4.18624531546225));
#10911=CARTESIAN_POINT('',(-5.69500000000017,-0.487770629121907,-4.271614798027));
#10912=VECTOR('',#13091,1.0);
#10913=CARTESIAN_POINT('',(-4.46499999999983,-0.971925023541609,-4.18624531546225));
#10914=CARTESIAN_POINT('',(-4.08,-0.971925023541609,-4.18624531546225));
#10915=VECTOR('',#13092,1.0);
#10916=CARTESIAN_POINT('',(-4.4649999999998,-0.487770629121908,-4.271614798027));
#10917=VECTOR('',#13093,1.0);
#10918=CARTESIAN_POINT('',(-4.46499999999977,-0.161843013959443,-2.59760589693824));
#10919=AXIS2_PLACEMENT_3D('',#13094,#13095,#13096);
#10920=CARTESIAN_POINT('',(-5.69500000000021,-0.161843013959443,-2.59760589693824));
#10921=CARTESIAN_POINT('',(-4.08,-0.161843013959443,-2.59760589693824));
#10922=VECTOR('',#13097,1.0);
#10923=AXIS2_PLACEMENT_3D('',#13098,#13099,#13100);
#10924=CARTESIAN_POINT('',(-4.46499999999983,-1.07125471375689,-4.06303046703911));
#10925=CARTESIAN_POINT('',(-4.4649999999998,-0.626418645678551,-3.34622233275378));
#10926=VECTOR('',#13101,1.0);
#10927=CARTESIAN_POINT('',(-5.69500000000009,-1.07125471375689,-4.06303046703911));
#10928=CARTESIAN_POINT('',(-4.08,-1.07125471375689,-4.06303046703911));
#10929=VECTOR('',#13102,1.0);
#10930=CARTESIAN_POINT('',(-5.69500000000015,-0.626418645678551,-3.34622233275378));
#10931=VECTOR('',#13103,1.0);
#10932=CARTESIAN_POINT('',(-4.46499999999984,-1.22703038702192,-4.18624531546225));
#10933=AXIS2_PLACEMENT_3D('',#13104,#13105,#13106);
#10934=CARTESIAN_POINT('',(-5.69500000000007,-1.22703038702192,-4.18624531546225));
#10935=CARTESIAN_POINT('',(-4.08,-1.22703038702192,-4.18624531546225));
#10936=VECTOR('',#13107,1.0);
#10937=AXIS2_PLACEMENT_3D('',#13108,#13109,#13110);
#10938=CARTESIAN_POINT('',(-4.46499999999982,-0.889738852640883,-4.18624531546225));
#10939=VECTOR('',#13111,1.0);
#10940=CARTESIAN_POINT('',(-5.69500000000012,-0.889738852640883,-4.18624531546225));
#10941=VECTOR('',#13112,1.0);
#10942=CARTESIAN_POINT('',(-4.465,-2.18,-2.17));
#10943=CARTESIAN_POINT('',(-4.465,-2.18,-3.335));
#10944=VECTOR('',#13113,1.0);
#10945=CARTESIAN_POINT('',(-4.465,4.44089209850063E-16,-2.17));
#10946=CARTESIAN_POINT('',(-4.465,-0.68,-2.17));
#10947=VECTOR('',#13114,1.0);
#10948=CARTESIAN_POINT('',(-4.465,3.33066907387547E-16,-1.6675));
#10949=VECTOR('',#13115,1.0);
#10950=CARTESIAN_POINT('',(-3.05500000000033,3.65073201464838E-05,-4.35762835756385));
#10951=CARTESIAN_POINT('',(-3.05500000000033,3.65073201464838E-05,-10.26));
#10952=VECTOR('',#13116,1.0);
#10953=CARTESIAN_POINT('',(-3.05500000000033,0.686500000000024,-4.47867039259466));
#10954=CARTESIAN_POINT('',(-3.05500000000033,0.600558214187794,-4.4635165369857));
#10955=VECTOR('',#13117,1.0);
#10956=CARTESIAN_POINT('',(-3.05500000000033,0.686500000000024,-4.49674409387061));
#10957=CARTESIAN_POINT('',(-3.05500000000033,0.686500000000024,-10.26));
#10958=VECTOR('',#13118,1.0);
#10959=CARTESIAN_POINT('',(-3.05500000000033,0.183670260258119,-7.348433255236));
#10960=VECTOR('',#13119,1.0);
#10961=CARTESIAN_POINT('',(-3.15500000000024,1.82536599599437E-05,-4.35762513895106));
#10962=CARTESIAN_POINT('',(-3.15500000000024,3.65073199191102E-05,-10.26));
#10963=VECTOR('',#13120,1.0);
#10964=CARTESIAN_POINT('',(-2.32249999999912,3.65073218119988E-05,-4.35762835756415));
#10965=VECTOR('',#13121,1.0);
#10966=CARTESIAN_POINT('',(-1.92499999999991,-2.18,-2.18510589693829));
#10967=CARTESIAN_POINT('',(-3.15499999999994,-2.18,-2.18510589693829));
#10968=CARTESIAN_POINT('',(-2.04,-2.18,-2.18510589693829));
#10969=VECTOR('',#13122,1.0);
#10970=CARTESIAN_POINT('',(-1.92499999999979,-0.400000000000057,-2.18510589693828));
#10971=CARTESIAN_POINT('',(-1.92499999999985,-1.22125000000001,-2.18510589693828));
#10972=VECTOR('',#13123,1.0);
#10973=CARTESIAN_POINT('',(-3.15500000000018,-0.400000000000057,-2.18510589693828));
#10974=CARTESIAN_POINT('',(-1.54,-0.400000000000057,-2.18510589693828));
#10975=VECTOR('',#13124,1.0);
#10976=CARTESIAN_POINT('',(-3.15500000000007,-1.22125000000001,-2.18510589693828));
#10977=VECTOR('',#13125,1.0);
#10978=CARTESIAN_POINT('',(-2.24999999999904,-3.75000000000014,-3.88499999985226));
#10979=CARTESIAN_POINT('',(-2.82999999999884,-3.75000000000014,-3.88499999985226));
#10980=CARTESIAN_POINT('',(3.675,-3.75000000000014,-3.88499999985226));
#10981=VECTOR('',#13126,1.0);
#10982=CARTESIAN_POINT('',(-2.25000000000002,-6.41775508824488,-3.88499999985226));
#10983=CARTESIAN_POINT('',(-2.24999999999954,-5.11692964523102,-3.88499999985226));
#10984=VECTOR('',#13127,1.0);
#10985=CARTESIAN_POINT('',(-2.4434074173712,-7.17688190451022,-3.88499999985226));
#10986=CARTESIAN_POINT('',(-2.14599418547327,-6.00953081263063,-3.88499999985226));
#10987=VECTOR('',#13128,1.0);
#10988=CARTESIAN_POINT('',(-2.52589326402031,-7.25,-3.88499999985226));
#10989=AXIS2_PLACEMENT_3D('',#13129,#13130,#13131);
#10990=CARTESIAN_POINT('',(-2.55410673597964,-7.25,-3.88499999985226));
#10991=CARTESIAN_POINT('',(-1.54,-7.25,-3.88499999985226));
#10992=VECTOR('',#13132,1.0);
#10993=CARTESIAN_POINT('',(-2.63659258262897,-7.17688190451016,-3.88499999985226));
#10994=AXIS2_PLACEMENT_3D('',#13133,#13134,#13135);
#10995=CARTESIAN_POINT('',(-2.82999999999902,-6.41775508824852,-3.88499999985226));
#10996=CARTESIAN_POINT('',(-2.87305151912219,-6.24877727399711,-3.88499999985226));
#10997=VECTOR('',#13136,1.0);
#10998=CARTESIAN_POINT('',(-2.82999999999893,-5.11692964523202,-3.88499999985226));
#10999=VECTOR('',#13137,1.0);
#11000=CARTESIAN_POINT('',(-2.24999999999904,-3.7500000000001,-3.73499999985226));
#11001=CARTESIAN_POINT('',(-2.24999999999904,-3.75000000000101,-7.2324999999996));
#11002=VECTOR('',#13138,1.0);
#11003=CARTESIAN_POINT('',(-2.25000000000002,-6.41775508824488,-3.73499999985226));
#11004=CARTESIAN_POINT('',(-2.24999999999954,-5.11692964523102,-3.73499999985226));
#11005=VECTOR('',#13139,1.0);
#11006=CARTESIAN_POINT('',(-2.25000000000002,-6.41775508824488,-10.26));
#11007=VECTOR('',#13140,1.0);
#11008=CARTESIAN_POINT('',(-2.55410673597964,-7.25,-3.73499999985226));
#11009=CARTESIAN_POINT('',(-2.55410673597964,-7.25,-3.80999999985226));
#11010=VECTOR('',#13141,1.0);
#11011=CARTESIAN_POINT('',(-2.63659258262897,-7.17688190451016,-3.73499999985226));
#11012=AXIS2_PLACEMENT_3D('',#13142,#13143,#13144);
#11013=CARTESIAN_POINT('',(-2.63659258262897,-7.17688190451016,-10.26));
#11014=VECTOR('',#13145,1.0);
#11015=CARTESIAN_POINT('',(-2.82999999999902,-6.41775508824852,-3.73499999985226));
#11016=CARTESIAN_POINT('',(-2.87305151912219,-6.24877727399711,-3.73499999985226));
#11017=VECTOR('',#13146,1.0);
#11018=CARTESIAN_POINT('',(-2.82999999999902,-6.41775508824852,-10.26));
#11019=VECTOR('',#13147,1.0);
#11020=CARTESIAN_POINT('',(-2.82999999999884,-3.7500000000001,-3.73499999985226));
#11021=CARTESIAN_POINT('',(-2.82999999999884,-3.75000000000101,-7.2324999999996));
#11022=VECTOR('',#13148,1.0);
#11023=CARTESIAN_POINT('',(-2.82999999999893,-5.11692964523202,-3.73499999985226));
#11024=VECTOR('',#13149,1.0);
#11025=CARTESIAN_POINT('',(-2.02499999999967,3.65073203738575E-05,-4.35762835756389));
#11026=CARTESIAN_POINT('',(-2.02499999999967,3.65073203738575E-05,-10.26));
#11027=VECTOR('',#13150,1.0);
#11028=CARTESIAN_POINT('',(-1.92499999999976,1.82536599599437E-05,-4.35762513895106));
#11029=CARTESIAN_POINT('',(-1.75750000000189,3.65073191574139E-05,-4.35762835756368));
#11030=VECTOR('',#13151,1.0);
#11031=CARTESIAN_POINT('',(-1.925,3.33066907387547E-16,-1.6675));
#11032=VECTOR('',#13152,1.0);
#11033=CARTESIAN_POINT('',(-2.02499999999967,0.686500000000024,-4.49674409387061));
#11034=CARTESIAN_POINT('',(-2.02499999999967,0.18367026025812,-7.34843325523599));
#11035=VECTOR('',#13153,1.0);
#11036=CARTESIAN_POINT('',(-2.02499999999967,0.686500000000024,-4.47867039259466));
#11037=CARTESIAN_POINT('',(-2.02499999999967,0.686500000000024,-10.26));
#11038=VECTOR('',#13154,1.0);
#11039=CARTESIAN_POINT('',(-2.02499999999967,0.600558214187849,-4.46351653698571));
#11040=VECTOR('',#13155,1.0);
#11041=CARTESIAN_POINT('',(-2.04,0.686500000000024,-4.49674409387061));
#11042=VECTOR('',#13156,1.0);
#11043=CARTESIAN_POINT('',(-2.04,0.686500000000024,-4.47867039259466));
#11044=VECTOR('',#13157,1.0);
#11045=CARTESIAN_POINT('',(-2.4434074173712,-7.17688190451022,-3.73499999985226));
#11046=CARTESIAN_POINT('',(-2.14599418547327,-6.00953081263063,-3.73499999985226));
#11047=VECTOR('',#13158,1.0);
#11048=CARTESIAN_POINT('',(-2.4434074173712,-7.17688190451022,-10.26));
#11049=VECTOR('',#13159,1.0);
#11050=CARTESIAN_POINT('',(-2.52589326402031,-7.25,-3.73499999985226));
#11051=AXIS2_PLACEMENT_3D('',#13160,#13161,#13162);
#11052=CARTESIAN_POINT('',(-2.52589326402031,-7.25,-3.80999999985226));
#11053=VECTOR('',#13163,1.0);
#11054=CARTESIAN_POINT('',(-1.54,-7.25,-3.73499999985226));
#11055=VECTOR('',#13164,1.0);
#11056=CARTESIAN_POINT('',(3.675,-3.7500000000001,-3.73499999985226));
#11057=VECTOR('',#13165,1.0);
#11058=CARTESIAN_POINT('',(-3.15500000000011,-0.971925023541609,-4.18624531546225));
#11059=CARTESIAN_POINT('',(-3.15500000000017,-0.487770629121907,-4.271614798027));
#11060=VECTOR('',#13166,1.0);
#11061=CARTESIAN_POINT('',(-1.92499999999983,-0.971925023541609,-4.18624531546225));
#11062=CARTESIAN_POINT('',(-1.54,-0.971925023541609,-4.18624531546225));
#11063=VECTOR('',#13167,1.0);
#11064=CARTESIAN_POINT('',(-1.9249999999998,-0.487770629121908,-4.271614798027));
#11065=VECTOR('',#13168,1.0);
#11066=CARTESIAN_POINT('',(-1.92499999999977,-0.161843013959443,-2.59760589693824));
#11067=AXIS2_PLACEMENT_3D('',#13169,#13170,#13171);
#11068=CARTESIAN_POINT('',(-3.15500000000021,-0.161843013959443,-2.59760589693824));
#11069=CARTESIAN_POINT('',(-1.54,-0.161843013959443,-2.59760589693824));
#11070=VECTOR('',#13172,1.0);
#11071=AXIS2_PLACEMENT_3D('',#13173,#13174,#13175);
#11072=CARTESIAN_POINT('',(-1.92499999999984,-1.07125471375689,-4.06303046703911));
#11073=CARTESIAN_POINT('',(-1.92499999999981,-0.626418645678551,-3.34622233275378));
#11074=VECTOR('',#13176,1.0);
#11075=CARTESIAN_POINT('',(-3.15500000000009,-1.07125471375689,-4.06303046703911));
#11076=CARTESIAN_POINT('',(-1.54,-1.07125471375689,-4.06303046703911));
#11077=VECTOR('',#13177,1.0);
#11078=CARTESIAN_POINT('',(-3.15500000000015,-0.626418645678551,-3.34622233275378));
#11079=VECTOR('',#13178,1.0);
#11080=CARTESIAN_POINT('',(-1.92499999999984,-1.22703038702192,-4.18624531546225));
#11081=AXIS2_PLACEMENT_3D('',#13179,#13180,#13181);
#11082=CARTESIAN_POINT('',(-3.15500000000007,-1.22703038702192,-4.18624531546225));
#11083=CARTESIAN_POINT('',(-1.54,-1.22703038702192,-4.18624531546225));
#11084=VECTOR('',#13182,1.0);
#11085=AXIS2_PLACEMENT_3D('',#13183,#13184,#13185);
#11086=CARTESIAN_POINT('',(-1.92499999999982,-0.889738852640883,-4.18624531546225));
#11087=VECTOR('',#13186,1.0);
#11088=CARTESIAN_POINT('',(-3.15500000000012,-0.889738852640883,-4.18624531546225));
#11089=VECTOR('',#13187,1.0);
#11090=CARTESIAN_POINT('',(-1.925,-2.18,-2.17));
#11091=CARTESIAN_POINT('',(-1.925,-2.18,-3.335));
#11092=VECTOR('',#13188,1.0);
#11093=CARTESIAN_POINT('',(-1.925,4.44089209850063E-16,-2.17));
#11094=CARTESIAN_POINT('',(-1.925,-0.68,-2.17));
#11095=VECTOR('',#13189,1.0);
#11096=CARTESIAN_POINT('',(-1.925,3.33066907387547E-16,-1.6675));
#11097=VECTOR('',#13190,1.0);
#11098=CARTESIAN_POINT('',(-0.515000000000328,3.65073201464838E-05,-4.35762835756385));
#11099=CARTESIAN_POINT('',(-0.515000000000328,3.65073201464838E-05,-10.26));
#11100=VECTOR('',#13191,1.0);
#11101=CARTESIAN_POINT('',(-0.515000000000328,0.686500000000024,-4.47867039259466));
#11102=CARTESIAN_POINT('',(-0.515000000000328,0.600558214187794,-4.4635165369857));
#11103=VECTOR('',#13192,1.0);
#11104=CARTESIAN_POINT('',(-0.515000000000328,0.686500000000024,-4.49674409387061));
#11105=CARTESIAN_POINT('',(-0.515000000000328,0.686500000000024,-10.26));
#11106=VECTOR('',#13193,1.0);
#11107=CARTESIAN_POINT('',(-0.515000000000328,0.183670260258119,-7.348433255236));
#11108=VECTOR('',#13194,1.0);
#11109=CARTESIAN_POINT('',(-0.615000000000236,1.82536599599437E-05,-4.35762513895106));
#11110=CARTESIAN_POINT('',(-0.615000000000237,3.65073199191102E-05,-10.26));
#11111=VECTOR('',#13195,1.0);
#11112=CARTESIAN_POINT('',(0.217500000000877,3.65073218119988E-05,-4.35762835756415));
#11113=VECTOR('',#13196,1.0);
#11114=CARTESIAN_POINT('',(0.615000000000091,-2.18,-2.18510589693829));
#11115=CARTESIAN_POINT('',(-0.614999999999945,-2.18,-2.18510589693829));
#11116=CARTESIAN_POINT('',(0.5,-2.18,-2.18510589693829));
#11117=VECTOR('',#13197,1.0);
#11118=CARTESIAN_POINT('',(0.61500000000021,-0.400000000000057,-2.18510589693828));
#11119=CARTESIAN_POINT('',(0.615000000000155,-1.22125000000001,-2.18510589693828));
#11120=VECTOR('',#13198,1.0);
#11121=CARTESIAN_POINT('',(-0.615000000000183,-0.400000000000057,-2.18510589693828));
#11122=CARTESIAN_POINT('',(1.0,-0.400000000000057,-2.18510589693828));
#11123=VECTOR('',#13199,1.0);
#11124=CARTESIAN_POINT('',(-0.615000000000073,-1.22125000000001,-2.18510589693828));
#11125=VECTOR('',#13200,1.0);
#11126=CARTESIAN_POINT('',(0.290000000000962,-3.75000000000014,-3.88499999985226));
#11127=CARTESIAN_POINT('',(-0.289999999998841,-3.75000000000014,-3.88499999985226));
#11128=CARTESIAN_POINT('',(4.945,-3.75000000000014,-3.88499999985226));
#11129=VECTOR('',#13201,1.0);
#11130=CARTESIAN_POINT('',(0.289999999999981,-6.41775508824488,-3.88499999985226));
#11131=CARTESIAN_POINT('',(0.290000000000459,-5.11692964523102,-3.88499999985226));
#11132=VECTOR('',#13202,1.0);
#11133=CARTESIAN_POINT('',(0.0965925826287994,-7.17688190451022,-3.88499999985226));
#11134=CARTESIAN_POINT('',(0.39400581452673,-6.00953081263063,-3.88499999985226));
#11135=VECTOR('',#13203,1.0);
#11136=CARTESIAN_POINT('',(0.0141067359796876,-7.25,-3.88499999985226));
#11137=AXIS2_PLACEMENT_3D('',#13204,#13205,#13206);
#11138=CARTESIAN_POINT('',(-0.0141067359796365,-7.25,-3.88499999985226));
#11139=CARTESIAN_POINT('',(1.0,-7.25,-3.88499999985226));
#11140=VECTOR('',#13207,1.0);
#11141=CARTESIAN_POINT('',(-0.0965925826289669,-7.17688190451016,-3.88499999985226));
#11142=AXIS2_PLACEMENT_3D('',#13208,#13209,#13210);
#11143=CARTESIAN_POINT('',(-0.289999999999019,-6.41775508824852,-3.88499999985226));
#11144=CARTESIAN_POINT('',(-0.333051519122192,-6.24877727399711,-3.88499999985226));
#11145=VECTOR('',#13211,1.0);
#11146=CARTESIAN_POINT('',(-0.289999999998932,-5.11692964523202,-3.88499999985226));
#11147=VECTOR('',#13212,1.0);
#11148=CARTESIAN_POINT('',(0.290000000000962,-3.7500000000001,-3.73499999985226));
#11149=CARTESIAN_POINT('',(0.290000000000963,-3.75000000000101,-7.2324999999996));
#11150=VECTOR('',#13213,1.0);
#11151=CARTESIAN_POINT('',(0.289999999999981,-6.41775508824488,-3.73499999985226));
#11152=CARTESIAN_POINT('',(0.290000000000459,-5.11692964523102,-3.73499999985226));
#11153=VECTOR('',#13214,1.0);
#11154=CARTESIAN_POINT('',(0.289999999999981,-6.41775508824488,-10.26));
#11155=VECTOR('',#13215,1.0);
#11156=CARTESIAN_POINT('',(-0.0141067359796365,-7.25,-3.73499999985226));
#11157=CARTESIAN_POINT('',(-0.0141067359796365,-7.25,-3.80999999985226));
#11158=VECTOR('',#13216,1.0);
#11159=CARTESIAN_POINT('',(-0.0965925826289669,-7.17688190451016,-3.73499999985226));
#11160=AXIS2_PLACEMENT_3D('',#13217,#13218,#13219);
#11161=CARTESIAN_POINT('',(-0.0965925826289673,-7.17688190451016,-10.26));
#11162=VECTOR('',#13220,1.0);
#11163=CARTESIAN_POINT('',(-0.289999999999019,-6.41775508824852,-3.73499999985226));
#11164=CARTESIAN_POINT('',(-0.333051519122192,-6.24877727399711,-3.73499999985226));
#11165=VECTOR('',#13221,1.0);
#11166=CARTESIAN_POINT('',(-0.289999999999019,-6.41775508824852,-10.26));
#11167=VECTOR('',#13222,1.0);
#11168=CARTESIAN_POINT('',(-0.289999999998841,-3.7500000000001,-3.73499999985226));
#11169=CARTESIAN_POINT('',(-0.289999999998841,-3.75000000000101,-7.2324999999996));
#11170=VECTOR('',#13223,1.0);
#11171=CARTESIAN_POINT('',(-0.289999999998932,-5.11692964523202,-3.73499999985226));
#11172=VECTOR('',#13224,1.0);
#11173=CARTESIAN_POINT('',(0.515000000000327,3.65073203738575E-05,-4.35762835756389));
#11174=CARTESIAN_POINT('',(0.515000000000327,3.65073203738575E-05,-10.26));
#11175=VECTOR('',#13225,1.0);
#11176=CARTESIAN_POINT('',(0.615000000000237,1.82536599599437E-05,-4.35762513895106));
#11177=CARTESIAN_POINT('',(0.782499999998105,3.65073191574139E-05,-4.35762835756368));
#11178=VECTOR('',#13226,1.0);
#11179=CARTESIAN_POINT('',(0.615,3.33066907387547E-16,-1.6675));
#11180=VECTOR('',#13227,1.0);
#11181=CARTESIAN_POINT('',(0.515000000000327,0.686500000000024,-4.49674409387061));
#11182=CARTESIAN_POINT('',(0.515000000000327,0.18367026025812,-7.34843325523599));
#11183=VECTOR('',#13228,1.0);
#11184=CARTESIAN_POINT('',(0.515000000000327,0.686500000000024,-4.47867039259466));
#11185=CARTESIAN_POINT('',(0.515000000000327,0.686500000000024,-10.26));
#11186=VECTOR('',#13229,1.0);
#11187=CARTESIAN_POINT('',(0.515000000000327,0.600558214187849,-4.46351653698571));
#11188=VECTOR('',#13230,1.0);
#11189=CARTESIAN_POINT('',(0.5,0.686500000000024,-4.49674409387061));
#11190=VECTOR('',#13231,1.0);
#11191=CARTESIAN_POINT('',(0.5,0.686500000000024,-4.47867039259466));
#11192=VECTOR('',#13232,1.0);
#11193=CARTESIAN_POINT('',(0.0965925826287994,-7.17688190451022,-3.73499999985226));
#11194=CARTESIAN_POINT('',(0.39400581452673,-6.00953081263063,-3.73499999985226));
#11195=VECTOR('',#13233,1.0);
#11196=CARTESIAN_POINT('',(0.096592582628799,-7.17688190451022,-10.26));
#11197=VECTOR('',#13234,1.0);
#11198=CARTESIAN_POINT('',(0.0141067359796876,-7.25,-3.73499999985226));
#11199=AXIS2_PLACEMENT_3D('',#13235,#13236,#13237);
#11200=CARTESIAN_POINT('',(0.0141067359796876,-7.25,-3.80999999985226));
#11201=VECTOR('',#13238,1.0);
#11202=CARTESIAN_POINT('',(1.0,-7.25,-3.73499999985226));
#11203=VECTOR('',#13239,1.0);
#11204=CARTESIAN_POINT('',(4.945,-3.7500000000001,-3.73499999985226));
#11205=VECTOR('',#13240,1.0);
#11206=CARTESIAN_POINT('',(-0.615000000000107,-0.971925023541609,-4.18624531546225));
#11207=CARTESIAN_POINT('',(-0.615000000000171,-0.487770629121907,-4.271614798027));
#11208=VECTOR('',#13241,1.0);
#11209=CARTESIAN_POINT('',(0.615000000000172,-0.971925023541609,-4.18624531546225));
#11210=CARTESIAN_POINT('',(1.0,-0.971925023541609,-4.18624531546225));
#11211=VECTOR('',#13242,1.0);
#11212=CARTESIAN_POINT('',(0.615000000000204,-0.487770629121908,-4.271614798027));
#11213=VECTOR('',#13243,1.0);
#11214=CARTESIAN_POINT('',(0.615000000000226,-0.161843013959443,-2.59760589693824));
#11215=AXIS2_PLACEMENT_3D('',#13244,#13245,#13246);
#11216=CARTESIAN_POINT('',(-0.615000000000215,-0.161843013959443,-2.59760589693824));
#11217=CARTESIAN_POINT('',(1.0,-0.161843013959443,-2.59760589693824));
#11218=VECTOR('',#13247,1.0);
#11219=AXIS2_PLACEMENT_3D('',#13248,#13249,#13250);
#11220=CARTESIAN_POINT('',(0.615000000000165,-1.07125471375689,-4.06303046703911));
#11221=CARTESIAN_POINT('',(0.615000000000195,-0.626418645678551,-3.34622233275378));
#11222=VECTOR('',#13251,1.0);
#11223=CARTESIAN_POINT('',(-0.615000000000093,-1.07125471375689,-4.06303046703911));
#11224=CARTESIAN_POINT('',(1.0,-1.07125471375689,-4.06303046703911));
#11225=VECTOR('',#13252,1.0);
#11226=CARTESIAN_POINT('',(-0.615000000000153,-0.626418645678551,-3.34622233275378));
#11227=VECTOR('',#13253,1.0);
#11228=CARTESIAN_POINT('',(0.615000000000155,-1.22703038702192,-4.18624531546225));
#11229=AXIS2_PLACEMENT_3D('',#13254,#13255,#13256);
#11230=CARTESIAN_POINT('',(-0.615000000000073,-1.22703038702192,-4.18624531546225));
#11231=CARTESIAN_POINT('',(1.0,-1.22703038702192,-4.18624531546225));
#11232=VECTOR('',#13257,1.0);
#11233=AXIS2_PLACEMENT_3D('',#13258,#13259,#13260);
#11234=CARTESIAN_POINT('',(0.615000000000176,-0.889738852640883,-4.18624531546225));
#11235=VECTOR('',#13261,1.0);
#11236=CARTESIAN_POINT('',(-0.615000000000116,-0.889738852640883,-4.18624531546225));
#11237=VECTOR('',#13262,1.0);
#11238=CARTESIAN_POINT('',(0.615,-2.18,-2.17));
#11239=CARTESIAN_POINT('',(0.615,-2.18,-3.335));
#11240=VECTOR('',#13263,1.0);
#11241=CARTESIAN_POINT('',(0.615,4.44089209850063E-16,-2.17));
#11242=CARTESIAN_POINT('',(0.615,-0.68,-2.17));
#11243=VECTOR('',#13264,1.0);
#11244=CARTESIAN_POINT('',(0.615,3.33066907387547E-16,-1.6675));
#11245=VECTOR('',#13265,1.0);
#11246=CARTESIAN_POINT('',(2.02499999999967,3.65073201464838E-05,-4.35762835756385));
#11247=CARTESIAN_POINT('',(2.02499999999967,3.65073201464838E-05,-10.26));
#11248=VECTOR('',#13266,1.0);
#11249=CARTESIAN_POINT('',(2.02499999999967,0.686500000000024,-4.47867039259466));
#11250=CARTESIAN_POINT('',(2.02499999999967,0.600558214187794,-4.4635165369857));
#11251=VECTOR('',#13267,1.0);
#11252=CARTESIAN_POINT('',(2.02499999999967,0.686500000000024,-4.49674409387061));
#11253=CARTESIAN_POINT('',(2.02499999999967,0.686500000000024,-10.26));
#11254=VECTOR('',#13268,1.0);
#11255=CARTESIAN_POINT('',(2.02499999999967,0.183670260258119,-7.348433255236));
#11256=VECTOR('',#13269,1.0);
#11257=CARTESIAN_POINT('',(1.92499999999976,1.82536599599437E-05,-4.35762513895106));
#11258=CARTESIAN_POINT('',(1.92499999999976,3.65073199191102E-05,-10.26));
#11259=VECTOR('',#13270,1.0);
#11260=CARTESIAN_POINT('',(2.75750000000088,3.65073218119988E-05,-4.35762835756415));
#11261=VECTOR('',#13271,1.0);
#11262=CARTESIAN_POINT('',(3.15500000000009,-2.18,-2.18510589693829));
#11263=CARTESIAN_POINT('',(1.92500000000006,-2.18,-2.18510589693829));
#11264=CARTESIAN_POINT('',(3.04,-2.18,-2.18510589693829));
#11265=VECTOR('',#13272,1.0);
#11266=CARTESIAN_POINT('',(3.15500000000021,-0.400000000000057,-2.18510589693828));
#11267=CARTESIAN_POINT('',(3.15500000000015,-1.22125000000001,-2.18510589693828));
#11268=VECTOR('',#13273,1.0);
#11269=CARTESIAN_POINT('',(1.92499999999982,-0.400000000000057,-2.18510589693828));
#11270=CARTESIAN_POINT('',(3.54,-0.400000000000057,-2.18510589693828));
#11271=VECTOR('',#13274,1.0);
#11272=CARTESIAN_POINT('',(1.92499999999993,-1.22125000000001,-2.18510589693828));
#11273=VECTOR('',#13275,1.0);
#11274=CARTESIAN_POINT('',(2.83000000000096,-3.75000000000014,-3.88499999985226));
#11275=CARTESIAN_POINT('',(2.25000000000116,-3.75000000000014,-3.88499999985226));
#11276=CARTESIAN_POINT('',(6.215,-3.75000000000014,-3.88499999985226));
#11277=VECTOR('',#13276,1.0);
#11278=CARTESIAN_POINT('',(2.82999999999998,-6.41775508824488,-3.88499999985226));
#11279=CARTESIAN_POINT('',(2.83000000000046,-5.11692964523102,-3.88499999985226));
#11280=VECTOR('',#13277,1.0);
#11281=CARTESIAN_POINT('',(2.6365925826288,-7.17688190451022,-3.88499999985226));
#11282=CARTESIAN_POINT('',(2.93400581452673,-6.00953081263063,-3.88499999985226));
#11283=VECTOR('',#13278,1.0);
#11284=CARTESIAN_POINT('',(2.55410673597969,-7.25,-3.88499999985226));
#11285=AXIS2_PLACEMENT_3D('',#13279,#13280,#13281);
#11286=CARTESIAN_POINT('',(2.52589326402036,-7.25,-3.88499999985226));
#11287=CARTESIAN_POINT('',(3.54,-7.25,-3.88499999985226));
#11288=VECTOR('',#13282,1.0);
#11289=CARTESIAN_POINT('',(2.44340741737103,-7.17688190451016,-3.88499999985226));
#11290=AXIS2_PLACEMENT_3D('',#13283,#13284,#13285);
#11291=CARTESIAN_POINT('',(2.25000000000098,-6.41775508824852,-3.88499999985226));
#11292=CARTESIAN_POINT('',(2.20694848087781,-6.24877727399711,-3.88499999985226));
#11293=VECTOR('',#13286,1.0);
#11294=CARTESIAN_POINT('',(2.25000000000107,-5.11692964523202,-3.88499999985226));
#11295=VECTOR('',#13287,1.0);
#11296=CARTESIAN_POINT('',(2.83000000000096,-3.7500000000001,-3.73499999985226));
#11297=CARTESIAN_POINT('',(2.83000000000096,-3.75000000000101,-7.2324999999996));
#11298=VECTOR('',#13288,1.0);
#11299=CARTESIAN_POINT('',(2.82999999999998,-6.41775508824488,-3.73499999985226));
#11300=CARTESIAN_POINT('',(2.83000000000046,-5.11692964523102,-3.73499999985226));
#11301=VECTOR('',#13289,1.0);
#11302=CARTESIAN_POINT('',(2.82999999999998,-6.41775508824488,-10.26));
#11303=VECTOR('',#13290,1.0);
#11304=CARTESIAN_POINT('',(2.52589326402036,-7.25,-3.73499999985226));
#11305=CARTESIAN_POINT('',(2.52589326402036,-7.25,-3.80999999985226));
#11306=VECTOR('',#13291,1.0);
#11307=CARTESIAN_POINT('',(2.44340741737103,-7.17688190451016,-3.73499999985226));
#11308=AXIS2_PLACEMENT_3D('',#13292,#13293,#13294);
#11309=CARTESIAN_POINT('',(2.44340741737103,-7.17688190451016,-10.26));
#11310=VECTOR('',#13295,1.0);
#11311=CARTESIAN_POINT('',(2.25000000000098,-6.41775508824852,-3.73499999985226));
#11312=CARTESIAN_POINT('',(2.20694848087781,-6.24877727399711,-3.73499999985226));
#11313=VECTOR('',#13296,1.0);
#11314=CARTESIAN_POINT('',(2.25000000000098,-6.41775508824852,-10.26));
#11315=VECTOR('',#13297,1.0);
#11316=CARTESIAN_POINT('',(2.25000000000116,-3.7500000000001,-3.73499999985226));
#11317=CARTESIAN_POINT('',(2.25000000000116,-3.75000000000101,-7.2324999999996));
#11318=VECTOR('',#13298,1.0);
#11319=CARTESIAN_POINT('',(2.25000000000107,-5.11692964523202,-3.73499999985226));
#11320=VECTOR('',#13299,1.0);
#11321=CARTESIAN_POINT('',(3.05500000000033,3.65073203738575E-05,-4.35762835756389));
#11322=CARTESIAN_POINT('',(3.05500000000033,3.65073203738575E-05,-10.26));
#11323=VECTOR('',#13300,1.0);
#11324=CARTESIAN_POINT('',(3.15500000000024,1.82536599599437E-05,-4.35762513895106));
#11325=CARTESIAN_POINT('',(3.32249999999811,3.65073191574139E-05,-4.35762835756368));
#11326=VECTOR('',#13301,1.0);
#11327=CARTESIAN_POINT('',(3.155,3.33066907387547E-16,-1.6675));
#11328=VECTOR('',#13302,1.0);
#11329=CARTESIAN_POINT('',(3.05500000000033,0.686500000000024,-4.49674409387061));
#11330=CARTESIAN_POINT('',(3.05500000000033,0.18367026025812,-7.34843325523599));
#11331=VECTOR('',#13303,1.0);
#11332=CARTESIAN_POINT('',(3.05500000000033,0.686500000000024,-4.47867039259466));
#11333=CARTESIAN_POINT('',(3.05500000000033,0.686500000000024,-10.26));
#11334=VECTOR('',#13304,1.0);
#11335=CARTESIAN_POINT('',(3.05500000000033,0.600558214187849,-4.46351653698571));
#11336=VECTOR('',#13305,1.0);
#11337=CARTESIAN_POINT('',(3.04,0.686500000000024,-4.49674409387061));
#11338=VECTOR('',#13306,1.0);
#11339=CARTESIAN_POINT('',(3.04,0.686500000000024,-4.47867039259466));
#11340=VECTOR('',#13307,1.0);
#11341=CARTESIAN_POINT('',(2.6365925826288,-7.17688190451022,-3.73499999985226));
#11342=CARTESIAN_POINT('',(2.93400581452673,-6.00953081263063,-3.73499999985226));
#11343=VECTOR('',#13308,1.0);
#11344=CARTESIAN_POINT('',(2.6365925826288,-7.17688190451022,-10.26));
#11345=VECTOR('',#13309,1.0);
#11346=CARTESIAN_POINT('',(2.55410673597969,-7.25,-3.73499999985226));
#11347=AXIS2_PLACEMENT_3D('',#13310,#13311,#13312);
#11348=CARTESIAN_POINT('',(2.55410673597969,-7.25,-3.80999999985226));
#11349=VECTOR('',#13313,1.0);
#11350=CARTESIAN_POINT('',(3.54,-7.25,-3.73499999985226));
#11351=VECTOR('',#13314,1.0);
#11352=CARTESIAN_POINT('',(6.215,-3.7500000000001,-3.73499999985226));
#11353=VECTOR('',#13315,1.0);
#11354=CARTESIAN_POINT('',(1.92499999999989,-0.971925023541609,-4.18624531546225));
#11355=CARTESIAN_POINT('',(1.92499999999983,-0.487770629121907,-4.271614798027));
#11356=VECTOR('',#13316,1.0);
#11357=CARTESIAN_POINT('',(3.15500000000017,-0.971925023541609,-4.18624531546225));
#11358=CARTESIAN_POINT('',(3.54,-0.971925023541609,-4.18624531546225));
#11359=VECTOR('',#13317,1.0);
#11360=CARTESIAN_POINT('',(3.1550000000002,-0.487770629121908,-4.271614798027));
#11361=VECTOR('',#13318,1.0);
#11362=CARTESIAN_POINT('',(3.15500000000023,-0.161843013959443,-2.59760589693824));
#11363=AXIS2_PLACEMENT_3D('',#13319,#13320,#13321);
#11364=CARTESIAN_POINT('',(1.92499999999979,-0.161843013959443,-2.59760589693824));
#11365=CARTESIAN_POINT('',(3.54,-0.161843013959443,-2.59760589693824));
#11366=VECTOR('',#13322,1.0);
#11367=AXIS2_PLACEMENT_3D('',#13323,#13324,#13325);
#11368=CARTESIAN_POINT('',(3.15500000000017,-1.07125471375689,-4.06303046703911));
#11369=CARTESIAN_POINT('',(3.15500000000019,-0.626418645678551,-3.34622233275378));
#11370=VECTOR('',#13326,1.0);
#11371=CARTESIAN_POINT('',(1.92499999999991,-1.07125471375689,-4.06303046703911));
#11372=CARTESIAN_POINT('',(3.54,-1.07125471375689,-4.06303046703911));
#11373=VECTOR('',#13327,1.0);
#11374=CARTESIAN_POINT('',(1.92499999999985,-0.626418645678551,-3.34622233275378));
#11375=VECTOR('',#13328,1.0);
#11376=CARTESIAN_POINT('',(3.15500000000015,-1.22703038702192,-4.18624531546225));
#11377=AXIS2_PLACEMENT_3D('',#13329,#13330,#13331);
#11378=CARTESIAN_POINT('',(1.92499999999993,-1.22703038702192,-4.18624531546225));
#11379=CARTESIAN_POINT('',(3.54,-1.22703038702192,-4.18624531546225));
#11380=VECTOR('',#13332,1.0);
#11381=AXIS2_PLACEMENT_3D('',#13333,#13334,#13335);
#11382=CARTESIAN_POINT('',(3.15500000000018,-0.889738852640883,-4.18624531546225));
#11383=VECTOR('',#13336,1.0);
#11384=CARTESIAN_POINT('',(1.92499999999988,-0.889738852640883,-4.18624531546225));
#11385=VECTOR('',#13337,1.0);
#11386=CARTESIAN_POINT('',(3.155,-2.18,-2.17));
#11387=CARTESIAN_POINT('',(3.155,-2.18,-3.335));
#11388=VECTOR('',#13338,1.0);
#11389=CARTESIAN_POINT('',(3.155,4.44089209850063E-16,-2.17));
#11390=CARTESIAN_POINT('',(3.155,-0.68,-2.17));
#11391=VECTOR('',#13339,1.0);
#11392=CARTESIAN_POINT('',(3.155,3.33066907387547E-16,-1.6675));
#11393=VECTOR('',#13340,1.0);
#11394=CARTESIAN_POINT('',(4.56499999999967,3.65073201464838E-05,-4.35762835756385));
#11395=CARTESIAN_POINT('',(4.56499999999967,3.65073201464838E-05,-10.26));
#11396=VECTOR('',#13341,1.0);
#11397=CARTESIAN_POINT('',(4.56499999999967,0.686500000000024,-4.47867039259466));
#11398=CARTESIAN_POINT('',(4.56499999999967,0.600558214187794,-4.4635165369857));
#11399=VECTOR('',#13342,1.0);
#11400=CARTESIAN_POINT('',(4.56499999999967,0.686500000000024,-4.49674409387061));
#11401=CARTESIAN_POINT('',(4.56499999999967,0.686500000000024,-10.26));
#11402=VECTOR('',#13343,1.0);
#11403=CARTESIAN_POINT('',(4.56499999999967,0.183670260258119,-7.348433255236));
#11404=VECTOR('',#13344,1.0);
#11405=CARTESIAN_POINT('',(4.46499999999976,1.82536599599437E-05,-4.35762513895106));
#11406=CARTESIAN_POINT('',(4.46499999999976,3.65073199191102E-05,-10.26));
#11407=VECTOR('',#13345,1.0);
#11408=CARTESIAN_POINT('',(5.29750000000088,3.65073218119988E-05,-4.35762835756415));
#11409=VECTOR('',#13346,1.0);
#11410=CARTESIAN_POINT('',(5.69500000000009,-2.18,-2.18510589693829));
#11411=CARTESIAN_POINT('',(4.46500000000006,-2.18,-2.18510589693829));
#11412=CARTESIAN_POINT('',(5.58,-2.18,-2.18510589693829));
#11413=VECTOR('',#13347,1.0);
#11414=CARTESIAN_POINT('',(5.69500000000021,-0.400000000000057,-2.18510589693828));
#11415=CARTESIAN_POINT('',(5.69500000000015,-1.22125000000001,-2.18510589693828));
#11416=VECTOR('',#13348,1.0);
#11417=CARTESIAN_POINT('',(4.46499999999982,-0.400000000000057,-2.18510589693828));
#11418=CARTESIAN_POINT('',(6.08,-0.400000000000057,-2.18510589693828));
#11419=VECTOR('',#13349,1.0);
#11420=CARTESIAN_POINT('',(4.46499999999993,-1.22125000000001,-2.18510589693828));
#11421=VECTOR('',#13350,1.0);
#11422=CARTESIAN_POINT('',(5.37000000000096,-3.75000000000014,-3.88499999985226));
#11423=CARTESIAN_POINT('',(4.79000000000116,-3.75000000000014,-3.88499999985226));
#11424=CARTESIAN_POINT('',(7.485,-3.75000000000014,-3.88499999985226));
#11425=VECTOR('',#13351,1.0);
#11426=CARTESIAN_POINT('',(5.36999999999998,-6.41775508824488,-3.88499999985226));
#11427=CARTESIAN_POINT('',(5.37000000000046,-5.11692964523102,-3.88499999985226));
#11428=VECTOR('',#13352,1.0);
#11429=CARTESIAN_POINT('',(5.1765925826288,-7.17688190451022,-3.88499999985226));
#11430=CARTESIAN_POINT('',(5.47400581452673,-6.00953081263063,-3.88499999985226));
#11431=VECTOR('',#13353,1.0);
#11432=CARTESIAN_POINT('',(5.09410673597969,-7.25,-3.88499999985226));
#11433=AXIS2_PLACEMENT_3D('',#13354,#13355,#13356);
#11434=CARTESIAN_POINT('',(5.06589326402036,-7.25,-3.88499999985226));
#11435=CARTESIAN_POINT('',(6.08,-7.25,-3.88499999985226));
#11436=VECTOR('',#13357,1.0);
#11437=CARTESIAN_POINT('',(4.98340741737103,-7.17688190451016,-3.88499999985226));
#11438=AXIS2_PLACEMENT_3D('',#13358,#13359,#13360);
#11439=CARTESIAN_POINT('',(4.79000000000098,-6.41775508824852,-3.88499999985226));
#11440=CARTESIAN_POINT('',(4.74694848087781,-6.24877727399711,-3.88499999985226));
#11441=VECTOR('',#13361,1.0);
#11442=CARTESIAN_POINT('',(4.79000000000107,-5.11692964523202,-3.88499999985226));
#11443=VECTOR('',#13362,1.0);
#11444=CARTESIAN_POINT('',(5.37000000000096,-3.7500000000001,-3.73499999985226));
#11445=CARTESIAN_POINT('',(5.37000000000096,-3.75000000000101,-7.2324999999996));
#11446=VECTOR('',#13363,1.0);
#11447=CARTESIAN_POINT('',(5.36999999999998,-6.41775508824488,-3.73499999985226));
#11448=CARTESIAN_POINT('',(5.37000000000046,-5.11692964523102,-3.73499999985226));
#11449=VECTOR('',#13364,1.0);
#11450=CARTESIAN_POINT('',(5.36999999999998,-6.41775508824488,-10.26));
#11451=VECTOR('',#13365,1.0);
#11452=CARTESIAN_POINT('',(5.06589326402036,-7.25,-3.73499999985226));
#11453=CARTESIAN_POINT('',(5.06589326402036,-7.25,-3.80999999985226));
#11454=VECTOR('',#13366,1.0);
#11455=CARTESIAN_POINT('',(4.98340741737103,-7.17688190451016,-3.73499999985226));
#11456=AXIS2_PLACEMENT_3D('',#13367,#13368,#13369);
#11457=CARTESIAN_POINT('',(4.98340741737103,-7.17688190451016,-10.26));
#11458=VECTOR('',#13370,1.0);
#11459=CARTESIAN_POINT('',(4.79000000000098,-6.41775508824852,-3.73499999985226));
#11460=CARTESIAN_POINT('',(4.74694848087781,-6.24877727399711,-3.73499999985226));
#11461=VECTOR('',#13371,1.0);
#11462=CARTESIAN_POINT('',(4.79000000000098,-6.41775508824852,-10.26));
#11463=VECTOR('',#13372,1.0);
#11464=CARTESIAN_POINT('',(4.79000000000116,-3.7500000000001,-3.73499999985226));
#11465=CARTESIAN_POINT('',(4.79000000000116,-3.75000000000101,-7.2324999999996));
#11466=VECTOR('',#13373,1.0);
#11467=CARTESIAN_POINT('',(4.79000000000107,-5.11692964523202,-3.73499999985226));
#11468=VECTOR('',#13374,1.0);
#11469=CARTESIAN_POINT('',(5.59500000000033,3.65073203738575E-05,-4.35762835756389));
#11470=CARTESIAN_POINT('',(5.59500000000033,3.65073203738575E-05,-10.26));
#11471=VECTOR('',#13375,1.0);
#11472=CARTESIAN_POINT('',(5.69500000000024,1.82536599599437E-05,-4.35762513895106));
#11473=CARTESIAN_POINT('',(5.86249999999811,3.65073191574139E-05,-4.35762835756368));
#11474=VECTOR('',#13376,1.0);
#11475=CARTESIAN_POINT('',(5.695,3.33066907387547E-16,-1.6675));
#11476=VECTOR('',#13377,1.0);
#11477=CARTESIAN_POINT('',(5.59500000000033,0.686500000000024,-4.49674409387061));
#11478=CARTESIAN_POINT('',(5.59500000000033,0.18367026025812,-7.34843325523599));
#11479=VECTOR('',#13378,1.0);
#11480=CARTESIAN_POINT('',(5.59500000000033,0.686500000000024,-4.47867039259466));
#11481=CARTESIAN_POINT('',(5.59500000000033,0.686500000000024,-10.26));
#11482=VECTOR('',#13379,1.0);
#11483=CARTESIAN_POINT('',(5.59500000000033,0.600558214187849,-4.46351653698571));
#11484=VECTOR('',#13380,1.0);
#11485=CARTESIAN_POINT('',(5.58,0.686500000000024,-4.49674409387061));
#11486=VECTOR('',#13381,1.0);
#11487=CARTESIAN_POINT('',(5.58,0.686500000000024,-4.47867039259466));
#11488=VECTOR('',#13382,1.0);
#11489=CARTESIAN_POINT('',(5.1765925826288,-7.17688190451022,-3.73499999985226));
#11490=CARTESIAN_POINT('',(5.47400581452673,-6.00953081263063,-3.73499999985226));
#11491=VECTOR('',#13383,1.0);
#11492=CARTESIAN_POINT('',(5.1765925826288,-7.17688190451022,-10.26));
#11493=VECTOR('',#13384,1.0);
#11494=CARTESIAN_POINT('',(5.09410673597969,-7.25,-3.73499999985226));
#11495=AXIS2_PLACEMENT_3D('',#13385,#13386,#13387);
#11496=CARTESIAN_POINT('',(5.09410673597969,-7.25,-3.80999999985226));
#11497=VECTOR('',#13388,1.0);
#11498=CARTESIAN_POINT('',(6.08,-7.25,-3.73499999985226));
#11499=VECTOR('',#13389,1.0);
#11500=CARTESIAN_POINT('',(7.485,-3.7500000000001,-3.73499999985226));
#11501=VECTOR('',#13390,1.0);
#11502=CARTESIAN_POINT('',(4.46499999999989,-0.971925023541609,-4.18624531546225));
#11503=CARTESIAN_POINT('',(4.46499999999983,-0.487770629121907,-4.271614798027));
#11504=VECTOR('',#13391,1.0);
#11505=CARTESIAN_POINT('',(5.69500000000017,-0.971925023541609,-4.18624531546225));
#11506=CARTESIAN_POINT('',(6.08,-0.971925023541609,-4.18624531546225));
#11507=VECTOR('',#13392,1.0);
#11508=CARTESIAN_POINT('',(5.6950000000002,-0.487770629121908,-4.271614798027));
#11509=VECTOR('',#13393,1.0);
#11510=CARTESIAN_POINT('',(5.69500000000023,-0.161843013959443,-2.59760589693824));
#11511=AXIS2_PLACEMENT_3D('',#13394,#13395,#13396);
#11512=CARTESIAN_POINT('',(4.46499999999978,-0.161843013959443,-2.59760589693824));
#11513=CARTESIAN_POINT('',(6.08,-0.161843013959443,-2.59760589693824));
#11514=VECTOR('',#13397,1.0);
#11515=AXIS2_PLACEMENT_3D('',#13398,#13399,#13400);
#11516=CARTESIAN_POINT('',(5.69500000000017,-1.07125471375689,-4.06303046703911));
#11517=CARTESIAN_POINT('',(5.6950000000002,-0.626418645678551,-3.34622233275378));
#11518=VECTOR('',#13401,1.0);
#11519=CARTESIAN_POINT('',(4.46499999999991,-1.07125471375689,-4.06303046703911));
#11520=CARTESIAN_POINT('',(6.08,-1.07125471375689,-4.06303046703911));
#11521=VECTOR('',#13402,1.0);
#11522=CARTESIAN_POINT('',(4.46499999999985,-0.626418645678551,-3.34622233275378));
#11523=VECTOR('',#13403,1.0);
#11524=CARTESIAN_POINT('',(5.69500000000015,-1.22703038702192,-4.18624531546225));
#11525=AXIS2_PLACEMENT_3D('',#13404,#13405,#13406);
#11526=CARTESIAN_POINT('',(4.46499999999993,-1.22703038702192,-4.18624531546225));
#11527=CARTESIAN_POINT('',(6.08,-1.22703038702192,-4.18624531546225));
#11528=VECTOR('',#13407,1.0);
#11529=AXIS2_PLACEMENT_3D('',#13408,#13409,#13410);
#11530=CARTESIAN_POINT('',(5.69500000000018,-0.889738852640883,-4.18624531546225));
#11531=VECTOR('',#13411,1.0);
#11532=CARTESIAN_POINT('',(4.46499999999988,-0.889738852640883,-4.18624531546225));
#11533=VECTOR('',#13412,1.0);
#11534=CARTESIAN_POINT('',(5.695,-2.18,-2.17));
#11535=CARTESIAN_POINT('',(5.695,-2.18,-3.335));
#11536=VECTOR('',#13413,1.0);
#11537=CARTESIAN_POINT('',(5.695,4.44089209850063E-16,-2.17));
#11538=CARTESIAN_POINT('',(5.695,-0.68,-2.17));
#11539=VECTOR('',#13414,1.0);
#11540=CARTESIAN_POINT('',(5.695,3.33066907387547E-16,-1.6675));
#11541=VECTOR('',#13415,1.0);
#11542=CARTESIAN_POINT('',(7.10499999999967,3.65073201464838E-05,-4.35762835756385));
#11543=CARTESIAN_POINT('',(7.10499999999967,3.65073201464838E-05,-10.26));
#11544=VECTOR('',#13416,1.0);
#11545=CARTESIAN_POINT('',(7.10499999999967,0.686500000000024,-4.47867039259466));
#11546=CARTESIAN_POINT('',(7.10499999999967,0.600558214187794,-4.4635165369857));
#11547=VECTOR('',#13417,1.0);
#11548=CARTESIAN_POINT('',(7.10499999999967,0.686500000000024,-4.49674409387061));
#11549=CARTESIAN_POINT('',(7.10499999999967,0.686500000000024,-10.26));
#11550=VECTOR('',#13418,1.0);
#11551=CARTESIAN_POINT('',(7.10499999999967,0.183670260258119,-7.348433255236));
#11552=VECTOR('',#13419,1.0);
#11553=CARTESIAN_POINT('',(7.00499999999976,1.82536599599437E-05,-4.35762513895106));
#11554=CARTESIAN_POINT('',(7.00499999999976,3.65073199191102E-05,-10.26));
#11555=VECTOR('',#13420,1.0);
#11556=CARTESIAN_POINT('',(7.83750000000088,3.65073218119988E-05,-4.35762835756415));
#11557=VECTOR('',#13421,1.0);
#11558=CARTESIAN_POINT('',(8.23500000000009,-2.18,-2.18510589693829));
#11559=CARTESIAN_POINT('',(7.00500000000006,-2.18,-2.18510589693829));
#11560=CARTESIAN_POINT('',(8.12,-2.18,-2.18510589693829));
#11561=VECTOR('',#13422,1.0);
#11562=CARTESIAN_POINT('',(8.23500000000021,-0.400000000000057,-2.18510589693828));
#11563=CARTESIAN_POINT('',(8.23500000000016,-1.22125000000001,-2.18510589693828));
#11564=VECTOR('',#13423,1.0);
#11565=CARTESIAN_POINT('',(7.00499999999982,-0.400000000000057,-2.18510589693828));
#11566=CARTESIAN_POINT('',(8.62,-0.400000000000057,-2.18510589693828));
#11567=VECTOR('',#13424,1.0);
#11568=CARTESIAN_POINT('',(7.00499999999993,-1.22125000000001,-2.18510589693828));
#11569=VECTOR('',#13425,1.0);
#11570=CARTESIAN_POINT('',(7.91000000000096,-3.75000000000014,-3.88499999985226));
#11571=CARTESIAN_POINT('',(7.33000000000116,-3.75000000000014,-3.88499999985226));
#11572=CARTESIAN_POINT('',(8.755,-3.75000000000014,-3.88499999985226));
#11573=VECTOR('',#13426,1.0);
#11574=CARTESIAN_POINT('',(7.90999999999998,-6.41775508824488,-3.88499999985226));
#11575=CARTESIAN_POINT('',(7.91000000000046,-5.11692964523102,-3.88499999985226));
#11576=VECTOR('',#13427,1.0);
#11577=CARTESIAN_POINT('',(7.7165925826288,-7.17688190451022,-3.88499999985226));
#11578=CARTESIAN_POINT('',(8.01400581452673,-6.00953081263063,-3.88499999985226));
#11579=VECTOR('',#13428,1.0);
#11580=CARTESIAN_POINT('',(7.63410673597969,-7.25,-3.88499999985226));
#11581=AXIS2_PLACEMENT_3D('',#13429,#13430,#13431);
#11582=CARTESIAN_POINT('',(7.60589326402036,-7.25,-3.88499999985226));
#11583=CARTESIAN_POINT('',(8.62,-7.25,-3.88499999985226));
#11584=VECTOR('',#13432,1.0);
#11585=CARTESIAN_POINT('',(7.52340741737103,-7.17688190451016,-3.88499999985226));
#11586=AXIS2_PLACEMENT_3D('',#13433,#13434,#13435);
#11587=CARTESIAN_POINT('',(7.33000000000098,-6.41775508824852,-3.88499999985226));
#11588=CARTESIAN_POINT('',(7.28694848087781,-6.24877727399711,-3.88499999985226));
#11589=VECTOR('',#13436,1.0);
#11590=CARTESIAN_POINT('',(7.33000000000107,-5.11692964523202,-3.88499999985226));
#11591=VECTOR('',#13437,1.0);
#11592=CARTESIAN_POINT('',(7.91000000000096,-3.7500000000001,-3.73499999985226));
#11593=CARTESIAN_POINT('',(7.91000000000096,-3.75000000000101,-7.2324999999996));
#11594=VECTOR('',#13438,1.0);
#11595=CARTESIAN_POINT('',(7.90999999999998,-6.41775508824488,-3.73499999985226));
#11596=CARTESIAN_POINT('',(7.91000000000046,-5.11692964523102,-3.73499999985226));
#11597=VECTOR('',#13439,1.0);
#11598=CARTESIAN_POINT('',(7.90999999999998,-6.41775508824488,-10.26));
#11599=VECTOR('',#13440,1.0);
#11600=CARTESIAN_POINT('',(7.60589326402036,-7.25,-3.73499999985226));
#11601=CARTESIAN_POINT('',(7.60589326402036,-7.25,-3.80999999985226));
#11602=VECTOR('',#13441,1.0);
#11603=CARTESIAN_POINT('',(7.52340741737103,-7.17688190451016,-3.73499999985226));
#11604=AXIS2_PLACEMENT_3D('',#13442,#13443,#13444);
#11605=CARTESIAN_POINT('',(7.52340741737103,-7.17688190451016,-10.26));
#11606=VECTOR('',#13445,1.0);
#11607=CARTESIAN_POINT('',(7.33000000000098,-6.41775508824852,-3.73499999985226));
#11608=CARTESIAN_POINT('',(7.28694848087781,-6.24877727399711,-3.73499999985226));
#11609=VECTOR('',#13446,1.0);
#11610=CARTESIAN_POINT('',(7.33000000000098,-6.41775508824852,-10.26));
#11611=VECTOR('',#13447,1.0);
#11612=CARTESIAN_POINT('',(7.33000000000116,-3.7500000000001,-3.73499999985226));
#11613=CARTESIAN_POINT('',(7.33000000000116,-3.75000000000101,-7.2324999999996));
#11614=VECTOR('',#13448,1.0);
#11615=CARTESIAN_POINT('',(7.33000000000107,-5.11692964523202,-3.73499999985226));
#11616=VECTOR('',#13449,1.0);
#11617=CARTESIAN_POINT('',(8.13500000000033,3.65073203738575E-05,-4.35762835756389));
#11618=CARTESIAN_POINT('',(8.13500000000033,3.65073203738575E-05,-10.26));
#11619=VECTOR('',#13450,1.0);
#11620=CARTESIAN_POINT('',(8.23500000000024,1.82536599599437E-05,-4.35762513895107));
#11621=CARTESIAN_POINT('',(8.40249999999811,3.65073191574139E-05,-4.35762835756368));
#11622=VECTOR('',#13451,1.0);
#11623=CARTESIAN_POINT('',(8.235,3.33066907387547E-16,-1.6675));
#11624=VECTOR('',#13452,1.0);
#11625=CARTESIAN_POINT('',(8.13500000000033,0.686500000000024,-4.49674409387061));
#11626=CARTESIAN_POINT('',(8.13500000000033,0.18367026025812,-7.34843325523599));
#11627=VECTOR('',#13453,1.0);
#11628=CARTESIAN_POINT('',(8.13500000000033,0.686500000000024,-4.47867039259466));
#11629=CARTESIAN_POINT('',(8.13500000000033,0.686500000000024,-10.26));
#11630=VECTOR('',#13454,1.0);
#11631=CARTESIAN_POINT('',(8.13500000000033,0.600558214187849,-4.46351653698571));
#11632=VECTOR('',#13455,1.0);
#11633=CARTESIAN_POINT('',(8.12,0.686500000000024,-4.49674409387061));
#11634=VECTOR('',#13456,1.0);
#11635=CARTESIAN_POINT('',(8.12,0.686500000000024,-4.47867039259466));
#11636=VECTOR('',#13457,1.0);
#11637=CARTESIAN_POINT('',(7.7165925826288,-7.17688190451022,-3.73499999985226));
#11638=CARTESIAN_POINT('',(8.01400581452673,-6.00953081263063,-3.73499999985226));
#11639=VECTOR('',#13458,1.0);
#11640=CARTESIAN_POINT('',(7.7165925826288,-7.17688190451022,-10.26));
#11641=VECTOR('',#13459,1.0);
#11642=CARTESIAN_POINT('',(7.63410673597969,-7.25,-3.73499999985226));
#11643=AXIS2_PLACEMENT_3D('',#13460,#13461,#13462);
#11644=CARTESIAN_POINT('',(7.63410673597969,-7.25,-3.80999999985226));
#11645=VECTOR('',#13463,1.0);
#11646=CARTESIAN_POINT('',(8.62,-7.25,-3.73499999985226));
#11647=VECTOR('',#13464,1.0);
#11648=CARTESIAN_POINT('',(8.755,-3.7500000000001,-3.73499999985226));
#11649=VECTOR('',#13465,1.0);
#11650=CARTESIAN_POINT('',(7.00499999999989,-0.971925023541609,-4.18624531546225));
#11651=CARTESIAN_POINT('',(7.00499999999983,-0.487770629121907,-4.271614798027));
#11652=VECTOR('',#13466,1.0);
#11653=CARTESIAN_POINT('',(8.23500000000017,-0.971925023541609,-4.18624531546225));
#11654=CARTESIAN_POINT('',(8.62,-0.971925023541609,-4.18624531546225));
#11655=VECTOR('',#13467,1.0);
#11656=CARTESIAN_POINT('',(8.2350000000002,-0.487770629121908,-4.271614798027));
#11657=VECTOR('',#13468,1.0);
#11658=CARTESIAN_POINT('',(8.23500000000023,-0.161843013959443,-2.59760589693824));
#11659=AXIS2_PLACEMENT_3D('',#13469,#13470,#13471);
#11660=CARTESIAN_POINT('',(7.00499999999979,-0.161843013959443,-2.59760589693824));
#11661=CARTESIAN_POINT('',(8.62,-0.161843013959443,-2.59760589693824));
#11662=VECTOR('',#13472,1.0);
#11663=AXIS2_PLACEMENT_3D('',#13473,#13474,#13475);
#11664=CARTESIAN_POINT('',(8.23500000000016,-1.07125471375689,-4.06303046703911));
#11665=CARTESIAN_POINT('',(8.23500000000019,-0.626418645678551,-3.34622233275378));
#11666=VECTOR('',#13476,1.0);
#11667=CARTESIAN_POINT('',(7.00499999999991,-1.07125471375689,-4.06303046703911));
#11668=CARTESIAN_POINT('',(8.62,-1.07125471375689,-4.06303046703911));
#11669=VECTOR('',#13477,1.0);
#11670=CARTESIAN_POINT('',(7.00499999999985,-0.626418645678551,-3.34622233275378));
#11671=VECTOR('',#13478,1.0);
#11672=CARTESIAN_POINT('',(8.23500000000016,-1.22703038702192,-4.18624531546225));
#11673=AXIS2_PLACEMENT_3D('',#13479,#13480,#13481);
#11674=CARTESIAN_POINT('',(7.00499999999993,-1.22703038702192,-4.18624531546225));
#11675=CARTESIAN_POINT('',(8.62,-1.22703038702192,-4.18624531546225));
#11676=VECTOR('',#13482,1.0);
#11677=AXIS2_PLACEMENT_3D('',#13483,#13484,#13485);
#11678=CARTESIAN_POINT('',(8.23500000000018,-0.889738852640883,-4.18624531546225));
#11679=VECTOR('',#13486,1.0);
#11680=CARTESIAN_POINT('',(7.00499999999988,-0.889738852640883,-4.18624531546225));
#11681=VECTOR('',#13487,1.0);
#11682=CARTESIAN_POINT('',(8.235,-2.18,-2.17));
#11683=CARTESIAN_POINT('',(8.235,-2.18,-3.335));
#11684=VECTOR('',#13488,1.0);
#11685=CARTESIAN_POINT('',(8.235,4.44089209850063E-16,-2.17));
#11686=CARTESIAN_POINT('',(8.235,-0.68,-2.17));
#11687=VECTOR('',#13489,1.0);
#11688=CARTESIAN_POINT('',(8.235,3.33066907387547E-16,-1.6675));
#11689=VECTOR('',#13490,1.0);
#11690=CARTESIAN_POINT('',(-8.235,-2.18,2.17));
#11691=CARTESIAN_POINT('',(-8.235,-2.18,3.335));
#11692=VECTOR('',#13491,1.0);
#11693=CARTESIAN_POINT('',(-8.235,-4.44089209850063E-16,2.17));
#11694=CARTESIAN_POINT('',(-8.235,-0.68,2.17));
#11695=VECTOR('',#13492,1.0);
#11696=CARTESIAN_POINT('',(-8.235,-3.33066907387547E-16,1.6675));
#11697=VECTOR('',#13493,1.0);
#11698=CARTESIAN_POINT('',(0.635,-3.88578058618805E-16,2.17));
#11699=VECTOR('',#13494,1.0);
#11700=CARTESIAN_POINT('',(-7.62,-2.18,2.17));
#11701=VECTOR('',#13495,1.0);
#11702=CARTESIAN_POINT('',(-5.695,-2.18,2.17));
#11703=CARTESIAN_POINT('',(-5.695,-2.18,3.335));
#11704=VECTOR('',#13496,1.0);
#11705=CARTESIAN_POINT('',(-5.695,-4.44089209850063E-16,2.17));
#11706=CARTESIAN_POINT('',(-5.695,-0.68,2.17));
#11707=VECTOR('',#13497,1.0);
#11708=CARTESIAN_POINT('',(-5.695,-3.33066907387547E-16,1.6675));
#11709=VECTOR('',#13498,1.0);
#11710=CARTESIAN_POINT('',(1.905,-3.88578058618805E-16,2.17));
#11711=VECTOR('',#13499,1.0);
#11712=CARTESIAN_POINT('',(-5.08,-2.18,2.17));
#11713=VECTOR('',#13500,1.0);
#11714=CARTESIAN_POINT('',(-3.155,-2.18,2.17));
#11715=CARTESIAN_POINT('',(-3.155,-2.18,3.335));
#11716=VECTOR('',#13501,1.0);
#11717=CARTESIAN_POINT('',(-3.155,-4.44089209850063E-16,2.17));
#11718=CARTESIAN_POINT('',(-3.155,-0.68,2.17));
#11719=VECTOR('',#13502,1.0);
#11720=CARTESIAN_POINT('',(-3.155,-3.33066907387547E-16,1.6675));
#11721=VECTOR('',#13503,1.0);
#11722=CARTESIAN_POINT('',(3.175,-3.88578058618805E-16,2.17));
#11723=VECTOR('',#13504,1.0);
#11724=CARTESIAN_POINT('',(-2.54,-2.18,2.17));
#11725=VECTOR('',#13505,1.0);
#11726=CARTESIAN_POINT('',(-0.615,-2.18,2.17));
#11727=CARTESIAN_POINT('',(-0.615,-2.18,3.335));
#11728=VECTOR('',#13506,1.0);
#11729=CARTESIAN_POINT('',(-0.615,-4.44089209850063E-16,2.17));
#11730=CARTESIAN_POINT('',(-0.615,-0.68,2.17));
#11731=VECTOR('',#13507,1.0);
#11732=CARTESIAN_POINT('',(-0.615,-3.33066907387547E-16,1.6675));
#11733=VECTOR('',#13508,1.0);
#11734=CARTESIAN_POINT('',(4.445,-3.88578058618805E-16,2.17));
#11735=VECTOR('',#13509,1.0);
#11736=CARTESIAN_POINT('',(1.32869789389728E-16,-2.18,2.17));
#11737=VECTOR('',#13510,1.0);
#11738=CARTESIAN_POINT('',(1.925,-2.18,2.17));
#11739=CARTESIAN_POINT('',(1.925,-2.18,3.335));
#11740=VECTOR('',#13511,1.0);
#11741=CARTESIAN_POINT('',(1.925,-4.44089209850063E-16,2.17));
#11742=CARTESIAN_POINT('',(1.925,-0.68,2.17));
#11743=VECTOR('',#13512,1.0);
#11744=CARTESIAN_POINT('',(1.925,-3.33066907387547E-16,1.6675));
#11745=VECTOR('',#13513,1.0);
#11746=CARTESIAN_POINT('',(5.715,-3.88578058618805E-16,2.17));
#11747=VECTOR('',#13514,1.0);
#11748=CARTESIAN_POINT('',(2.54,-2.18,2.17));
#11749=VECTOR('',#13515,1.0);
#11750=CARTESIAN_POINT('',(4.465,-2.18,2.17));
#11751=CARTESIAN_POINT('',(4.465,-2.18,3.335));
#11752=VECTOR('',#13516,1.0);
#11753=CARTESIAN_POINT('',(4.465,-4.44089209850063E-16,2.17));
#11754=CARTESIAN_POINT('',(4.465,-0.68,2.17));
#11755=VECTOR('',#13517,1.0);
#11756=CARTESIAN_POINT('',(4.465,-3.33066907387547E-16,1.6675));
#11757=VECTOR('',#13518,1.0);
#11758=CARTESIAN_POINT('',(6.985,-3.88578058618805E-16,2.17));
#11759=VECTOR('',#13519,1.0);
#11760=CARTESIAN_POINT('',(5.08,-2.18,2.17));
#11761=VECTOR('',#13520,1.0);
#11762=CARTESIAN_POINT('',(7.005,-2.18,2.17));
#11763=CARTESIAN_POINT('',(7.005,-2.18,3.335));
#11764=VECTOR('',#13521,1.0);
#11765=CARTESIAN_POINT('',(7.005,-4.44089209850063E-16,2.17));
#11766=CARTESIAN_POINT('',(7.005,-0.68,2.17));
#11767=VECTOR('',#13522,1.0);
#11768=CARTESIAN_POINT('',(7.005,-3.33066907387547E-16,1.6675));
#11769=VECTOR('',#13523,1.0);
#11770=CARTESIAN_POINT('',(8.255,-3.88578058618805E-16,2.17));
#11771=VECTOR('',#13524,1.0);
#11772=CARTESIAN_POINT('',(7.62,-2.18,2.17));
#11773=VECTOR('',#13525,1.0);
#11774=CARTESIAN_POINT('',(-8.235,4.44089209850063E-16,-2.17));
#11775=CARTESIAN_POINT('',(-8.235,3.33066907387547E-16,-1.6675));
#11776=VECTOR('',#13526,1.0);
#11777=CARTESIAN_POINT('',(-8.235,-2.18,-2.17));
#11778=CARTESIAN_POINT('',(-8.235,-0.68,-2.17));
#11779=VECTOR('',#13527,1.0);
#11780=CARTESIAN_POINT('',(-8.235,-2.18,-3.335));
#11781=VECTOR('',#13528,1.0);
#11782=CARTESIAN_POINT('',(-7.62,-2.18,-2.17));
#11783=VECTOR('',#13529,1.0);
#11784=CARTESIAN_POINT('',(0.635,3.88578058618805E-16,-2.17));
#11785=VECTOR('',#13530,1.0);
#11786=CARTESIAN_POINT('',(-5.695,4.44089209850063E-16,-2.17));
#11787=CARTESIAN_POINT('',(-5.695,3.33066907387547E-16,-1.6675));
#11788=VECTOR('',#13531,1.0);
#11789=CARTESIAN_POINT('',(-5.695,-2.18,-2.17));
#11790=CARTESIAN_POINT('',(-5.695,-0.68,-2.17));
#11791=VECTOR('',#13532,1.0);
#11792=CARTESIAN_POINT('',(-5.695,-2.18,-3.335));
#11793=VECTOR('',#13533,1.0);
#11794=CARTESIAN_POINT('',(-5.08,-2.18,-2.17));
#11795=VECTOR('',#13534,1.0);
#11796=CARTESIAN_POINT('',(1.905,3.88578058618805E-16,-2.17));
#11797=VECTOR('',#13535,1.0);
#11798=CARTESIAN_POINT('',(-3.155,4.44089209850063E-16,-2.17));
#11799=CARTESIAN_POINT('',(-3.155,3.33066907387547E-16,-1.6675));
#11800=VECTOR('',#13536,1.0);
#11801=CARTESIAN_POINT('',(-3.155,-2.18,-2.17));
#11802=CARTESIAN_POINT('',(-3.155,-0.68,-2.17));
#11803=VECTOR('',#13537,1.0);
#11804=CARTESIAN_POINT('',(-3.155,-2.18,-3.335));
#11805=VECTOR('',#13538,1.0);
#11806=CARTESIAN_POINT('',(-2.54,-2.18,-2.17));
#11807=VECTOR('',#13539,1.0);
#11808=CARTESIAN_POINT('',(3.175,3.88578058618805E-16,-2.17));
#11809=VECTOR('',#13540,1.0);
#11810=CARTESIAN_POINT('',(-0.615,4.44089209850063E-16,-2.17));
#11811=CARTESIAN_POINT('',(-0.615,3.33066907387547E-16,-1.6675));
#11812=VECTOR('',#13541,1.0);
#11813=CARTESIAN_POINT('',(-0.615,-2.18,-2.17));
#11814=CARTESIAN_POINT('',(-0.615,-0.68,-2.17));
#11815=VECTOR('',#13542,1.0);
#11816=CARTESIAN_POINT('',(-0.615,-2.18,-3.335));
#11817=VECTOR('',#13543,1.0);
#11818=CARTESIAN_POINT('',(-1.32869789389728E-16,-2.18,-2.17));
#11819=VECTOR('',#13544,1.0);
#11820=CARTESIAN_POINT('',(4.445,3.88578058618805E-16,-2.17));
#11821=VECTOR('',#13545,1.0);
#11822=CARTESIAN_POINT('',(1.925,4.44089209850063E-16,-2.17));
#11823=CARTESIAN_POINT('',(1.925,3.33066907387547E-16,-1.6675));
#11824=VECTOR('',#13546,1.0);
#11825=CARTESIAN_POINT('',(1.925,-2.18,-2.17));
#11826=CARTESIAN_POINT('',(1.925,-0.68,-2.17));
#11827=VECTOR('',#13547,1.0);
#11828=CARTESIAN_POINT('',(1.925,-2.18,-3.335));
#11829=VECTOR('',#13548,1.0);
#11830=CARTESIAN_POINT('',(2.54,-2.18,-2.17));
#11831=VECTOR('',#13549,1.0);
#11832=CARTESIAN_POINT('',(5.715,3.88578058618805E-16,-2.17));
#11833=VECTOR('',#13550,1.0);
#11834=CARTESIAN_POINT('',(4.465,4.44089209850063E-16,-2.17));
#11835=CARTESIAN_POINT('',(4.465,3.33066907387547E-16,-1.6675));
#11836=VECTOR('',#13551,1.0);
#11837=CARTESIAN_POINT('',(4.465,-2.18,-2.17));
#11838=CARTESIAN_POINT('',(4.465,-0.68,-2.17));
#11839=VECTOR('',#13552,1.0);
#11840=CARTESIAN_POINT('',(4.465,-2.18,-3.335));
#11841=VECTOR('',#13553,1.0);
#11842=CARTESIAN_POINT('',(5.08,-2.18,-2.17));
#11843=VECTOR('',#13554,1.0);
#11844=CARTESIAN_POINT('',(6.985,3.88578058618805E-16,-2.17));
#11845=VECTOR('',#13555,1.0);
#11846=CARTESIAN_POINT('',(7.005,4.44089209850063E-16,-2.17));
#11847=CARTESIAN_POINT('',(7.005,3.33066907387547E-16,-1.6675));
#11848=VECTOR('',#13556,1.0);
#11849=CARTESIAN_POINT('',(7.005,-2.18,-2.17));
#11850=CARTESIAN_POINT('',(7.005,-0.68,-2.17));
#11851=VECTOR('',#13557,1.0);
#11852=CARTESIAN_POINT('',(7.005,-2.18,-3.335));
#11853=VECTOR('',#13558,1.0);
#11854=CARTESIAN_POINT('',(7.62,-2.18,-2.17));
#11855=VECTOR('',#13559,1.0);
#11856=CARTESIAN_POINT('',(8.255,3.88578058618805E-16,-2.17));
#11857=VECTOR('',#13560,1.0);
#11858=CARTESIAN_POINT('',(-8.89,0.0,-0.999999999999999));
#11859=CARTESIAN_POINT('',(-8.89,-2.22044604925031E-16,1.0));
#11860=AXIS2_PLACEMENT_3D('',#13561,#13562,#13563);
#11861=CARTESIAN_POINT('',(-8.89,-3.75,-0.999999999999999));
#11862=CARTESIAN_POINT('',(-8.89,-2.0,-0.999999999999999));
#11863=VECTOR('',#13564,1.0);
#11864=CARTESIAN_POINT('',(-8.49808164115513,-3.75,-0.920000000000187));
#11865=AXIS2_PLACEMENT_3D('',#13565,#13566,#13567);
#11866=CARTESIAN_POINT('',(-8.4980816411546,-3.39999999999964,-0.919999999999959));
#11867=CARTESIAN_POINT('',(-8.49808164115227,-1.875,-0.919999999998968));
#11868=VECTOR('',#13568,1.0);
#11869=CARTESIAN_POINT('',(-8.04833498349987,-3.39999999999918,0.53999999999985));
#11870=AXIS2_PLACEMENT_3D('',#13569,#13570,#13571);
#11871=CARTESIAN_POINT('',(-8.04833498349987,-2.70000000000027,0.53999999999985));
#11872=CARTESIAN_POINT('',(-8.04833498349987,-3.04999999999973,0.53999999999985));
#11873=VECTOR('',#13572,1.0);
#11874=CARTESIAN_POINT('',(-8.49808164115406,-2.70000000000073,0.919999999999732));
#11875=AXIS2_PLACEMENT_3D('',#13573,#13574,#13575);
#11876=CARTESIAN_POINT('',(-8.49808164115513,-3.75,0.920000000000186));
#11877=CARTESIAN_POINT('',(-8.49808164115322,-1.875,0.919999999999375));
#11878=VECTOR('',#13576,1.0);
#11879=CARTESIAN_POINT('',(-8.89,-3.75000000000001,1.0));
#11880=AXIS2_PLACEMENT_3D('',#13577,#13578,#13579);
#11881=CARTESIAN_POINT('',(-8.89,-2.0,1.0));
#11882=VECTOR('',#13580,1.0);
#11883=CARTESIAN_POINT('',(-6.4008,-3.39999999999918,0.53999999999985));
#11884=CARTESIAN_POINT('',(8.89,-3.39999999999918,0.539999999999849));
#11885=VECTOR('',#13581,1.0);
#11886=CARTESIAN_POINT('',(-6.4008,-2.70000000000027,0.53999999999985));
#11887=CARTESIAN_POINT('',(-6.4008,-2.77499999999986,0.53999999999985));
#11888=VECTOR('',#13582,1.0);
#11889=CARTESIAN_POINT('',(8.89,-2.70000000000027,0.539999999999849));
#11890=VECTOR('',#13583,1.0);
#11891=CARTESIAN_POINT('',(-6.4008,-3.39999999999964,-0.92));
#11892=CARTESIAN_POINT('',(8.89,-3.39999999999964,-0.91999999999996));
#11893=VECTOR('',#13584,1.0);
#11894=CARTESIAN_POINT('',(-6.4008,-3.39999999999938,-0.0949999999998871));
#11895=VECTOR('',#13585,1.0);
#11896=CARTESIAN_POINT('',(8.89,-3.75,-0.920000000000188));
#11897=CARTESIAN_POINT('',(8.89,-3.75,-0.920000000000188));
#11898=VECTOR('',#13586,1.0);
#11899=CARTESIAN_POINT('',(8.89,-3.39999999999964,-0.91999999999996));
#11900=CARTESIAN_POINT('',(8.89,-3.75,-0.920000000000188));
#11901=VECTOR('',#13587,1.0);
#11902=CARTESIAN_POINT('',(6.4008,-3.39999999999964,-0.92));
#11903=CARTESIAN_POINT('',(8.89,-3.39999999999964,-0.91999999999996));
#11904=VECTOR('',#13588,1.0);
#11905=CARTESIAN_POINT('',(6.4008,0.0,-0.92));
#11906=CARTESIAN_POINT('',(6.4008,-2.5,-0.92));
#11907=VECTOR('',#13589,1.0);
#11908=CARTESIAN_POINT('',(-6.4008,0.0,-0.92));
#11909=CARTESIAN_POINT('',(4.445,2.22044604925031E-16,-0.92));
#11910=VECTOR('',#13590,1.0);
#11911=CARTESIAN_POINT('',(-6.4008,-2.5,-0.92));
#11912=VECTOR('',#13591,1.0);
#11913=CARTESIAN_POINT('',(-8.89,-3.75,-2.33000000000027));
#11914=CARTESIAN_POINT('',(-8.89,-3.75,-2.33000000000027));
#11915=VECTOR('',#13592,1.0);
#11916=CARTESIAN_POINT('',(8.89,-3.75,-2.33000000000027));
#11917=CARTESIAN_POINT('',(8.89,-3.75,-2.33000000000027));
#11918=VECTOR('',#13593,1.0);
#11919=CARTESIAN_POINT('',(8.89,-3.75,-2.33000000000027));
#11920=VECTOR('',#13594,1.0);
#11921=CARTESIAN_POINT('',(-8.89,-8.2728398924443E-16,4.50367301929157));
#11922=VECTOR('',#13595,1.0);
#11923=CARTESIAN_POINT('',(-8.89,1.0,-5.08000000000004));
#11924=CARTESIAN_POINT('',(-8.89,1.0,-4.68000000000018));
#11925=VECTOR('',#13596,1.0);
#11926=CARTESIAN_POINT('',(-8.89,-3.75000000000045,-5.08000000000004));
#11927=CARTESIAN_POINT('',(-8.89,1.0,-5.08000000000004));
#11928=VECTOR('',#13597,1.0);
#11929=CARTESIAN_POINT('',(-8.89,-3.75,-3.32999999999777));
#11930=CARTESIAN_POINT('',(-8.89,-3.75000000000045,-5.08000000000004));
#11931=VECTOR('',#13598,1.0);
#11932=CARTESIAN_POINT('',(-8.89,-4.10000000000036,-3.32999999999777));
#11933=CARTESIAN_POINT('',(-8.89,-3.75,-3.32999999999777));
#11934=VECTOR('',#13599,1.0);
#11935=CARTESIAN_POINT('',(-8.89,-4.09999999999968,-2.33000000000027));
#11936=CARTESIAN_POINT('',(-8.89,-4.10000000000036,-3.32999999999777));
#11937=VECTOR('',#13600,1.0);
#11938=CARTESIAN_POINT('',(-8.89,-4.09999999999968,-2.33000000000027));
#11939=VECTOR('',#13601,1.0);
#11940=CARTESIAN_POINT('',(-6.4008,0.0,0.92));
#11941=CARTESIAN_POINT('',(-6.4008,0.0,6.21536708819009E-16));
#11942=VECTOR('',#13602,1.0);
#11943=CARTESIAN_POINT('',(-6.4008,-2.70000000000073,0.919999999999732));
#11944=CARTESIAN_POINT('',(-6.4008,-2.5,0.92));
#11945=VECTOR('',#13603,1.0);
#11946=CARTESIAN_POINT('',(-6.4008,-2.70000000000006,0.364999999999776));
#11947=VECTOR('',#13604,1.0);
#11948=CARTESIAN_POINT('',(6.4008,0.0,0.92));
#11949=CARTESIAN_POINT('',(6.4008,0.0,-1.62309326135618E-16));
#11950=VECTOR('',#13605,1.0);
#11951=CARTESIAN_POINT('',(6.4008,-3.39999999999918,0.539999999999849));
#11952=CARTESIAN_POINT('',(6.4008,-3.39999999999938,-0.0949999999998878));
#11953=VECTOR('',#13606,1.0);
#11954=CARTESIAN_POINT('',(6.4008,-2.70000000000027,0.539999999999849));
#11955=CARTESIAN_POINT('',(6.4008,-2.77499999999986,0.539999999999849));
#11956=VECTOR('',#13607,1.0);
#11957=CARTESIAN_POINT('',(6.4008,-2.70000000000073,0.919999999999731));
#11958=CARTESIAN_POINT('',(6.4008,-2.70000000000006,0.364999999999775));
#11959=VECTOR('',#13608,1.0);
#11960=CARTESIAN_POINT('',(6.4008,-2.5,0.92));
#11961=VECTOR('',#13609,1.0);
#11962=CARTESIAN_POINT('',(8.89,-3.39999999999918,0.539999999999849));
#11963=CARTESIAN_POINT('',(8.89,-3.39999999999964,-0.91999999999996));
#11964=VECTOR('',#13610,1.0);
#11965=CARTESIAN_POINT('',(8.89,-3.39999999999918,0.539999999999849));
#11966=VECTOR('',#13611,1.0);
#11967=CARTESIAN_POINT('',(8.89,-2.70000000000027,0.539999999999849));
#11968=CARTESIAN_POINT('',(8.89,-3.39999999999918,0.539999999999849));
#11969=VECTOR('',#13612,1.0);
#11970=CARTESIAN_POINT('',(8.89,-2.70000000000027,0.539999999999849));
#11971=VECTOR('',#13613,1.0);
#11972=CARTESIAN_POINT('',(8.89,-2.70000000000073,0.919999999999731));
#11973=CARTESIAN_POINT('',(8.89,-2.70000000000027,0.539999999999849));
#11974=VECTOR('',#13614,1.0);
#11975=CARTESIAN_POINT('',(8.89,-2.70000000000073,0.919999999999731));
#11976=VECTOR('',#13615,1.0);
#11977=CARTESIAN_POINT('',(8.89,-2.70000000000073,0.919999999999731));
#11978=VECTOR('',#13616,1.0);
#11979=CARTESIAN_POINT('',(4.445,-2.22044604925031E-16,0.92));
#11980=VECTOR('',#13617,1.0);
#11981=CARTESIAN_POINT('',(8.89,-3.75,0.920000000000185));
#11982=CARTESIAN_POINT('',(8.89,-2.70000000000073,0.919999999999731));
#11983=VECTOR('',#13618,1.0);
#11984=CARTESIAN_POINT('',(8.89,-3.75,0.920000000000185));
#11985=VECTOR('',#13619,1.0);
#11986=CARTESIAN_POINT('',(8.89,-3.75000000000045,-5.08000000000004));
#11987=CARTESIAN_POINT('',(8.89,-3.75000000000045,-5.08000000000004));
#11988=VECTOR('',#13620,1.0);
#11989=CARTESIAN_POINT('',(8.89,-3.75,-3.32999999999777));
#11990=CARTESIAN_POINT('',(8.89,-3.75000000000045,-5.08000000000004));
#11991=VECTOR('',#13621,1.0);
#11992=CARTESIAN_POINT('',(8.89,-3.75,-3.32999999999777));
#11993=VECTOR('',#13622,1.0);
#11994=CARTESIAN_POINT('',(8.89,1.0,-5.08000000000004));
#11995=CARTESIAN_POINT('',(8.89,1.0,-5.08000000000004));
#11996=VECTOR('',#13623,1.0);
#11997=CARTESIAN_POINT('',(8.89,1.0,-5.08000000000004));
#11998=VECTOR('',#13624,1.0);
#11999=CARTESIAN_POINT('',(8.89,1.0,-4.68000000000018));
#12000=VECTOR('',#13625,1.0);
#12001=CARTESIAN_POINT('',(8.89,-8.2728398924443E-16,4.50367301929157));
#12002=VECTOR('',#13626,1.0);
#12003=CARTESIAN_POINT('',(-8.89,-8.2728398924443E-16,4.50367301929157));
#12004=VECTOR('',#13627,1.0);
#12005=CARTESIAN_POINT('',(-8.89,0.999999999999999,5.07999999999981));
#12006=CARTESIAN_POINT('',(-8.89,0.999999999999999,5.07999999999981));
#12007=VECTOR('',#13628,1.0);
#12008=CARTESIAN_POINT('',(8.89,0.999999999999999,5.07999999999981));
#12009=CARTESIAN_POINT('',(8.89,0.999999999999999,5.07999999999981));
#12010=VECTOR('',#13629,1.0);
#12011=CARTESIAN_POINT('',(8.89,0.999999999999999,5.07999999999981));
#12012=VECTOR('',#13630,1.0);
#12013=CARTESIAN_POINT('',(-8.89,-3.75000000000046,5.07999999999981));
#12014=CARTESIAN_POINT('',(-8.89,-3.75000000000046,5.07999999999981));
#12015=VECTOR('',#13631,1.0);
#12016=CARTESIAN_POINT('',(8.89,-3.75000000000046,5.07999999999981));
#12017=CARTESIAN_POINT('',(8.89,-3.75000000000046,5.07999999999981));
#12018=VECTOR('',#13632,1.0);
#12019=CARTESIAN_POINT('',(8.89,-3.75000000000046,5.07999999999981));
#12020=VECTOR('',#13633,1.0);
#12021=CARTESIAN_POINT('',(-8.89,-3.75,3.32999999999754));
#12022=CARTESIAN_POINT('',(-8.89,-3.75,3.32999999999754));
#12023=VECTOR('',#13634,1.0);
#12024=CARTESIAN_POINT('',(8.89,-3.75,3.32999999999754));
#12025=CARTESIAN_POINT('',(8.89,-3.75,3.32999999999754));
#12026=VECTOR('',#13635,1.0);
#12027=CARTESIAN_POINT('',(8.89,-3.75,3.32999999999754));
#12028=VECTOR('',#13636,1.0);
#12029=CARTESIAN_POINT('',(-8.89,-4.09999999999991,3.32999999999777));
#12030=CARTESIAN_POINT('',(-8.89,-4.09999999999991,3.32999999999777));
#12031=VECTOR('',#13637,1.0);
#12032=CARTESIAN_POINT('',(8.89,-4.09999999999991,3.32999999999777));
#12033=CARTESIAN_POINT('',(8.89,-4.09999999999991,3.32999999999777));
#12034=VECTOR('',#13638,1.0);
#12035=CARTESIAN_POINT('',(8.89,-4.09999999999991,3.32999999999777));
#12036=VECTOR('',#13639,1.0);
#12037=CARTESIAN_POINT('',(-8.89,-4.09999999999968,2.33000000000004));
#12038=CARTESIAN_POINT('',(-8.89,-4.09999999999968,2.33000000000004));
#12039=VECTOR('',#13640,1.0);
#12040=CARTESIAN_POINT('',(8.89,-4.09999999999968,2.33000000000004));
#12041=CARTESIAN_POINT('',(8.89,-4.09999999999968,2.33000000000004));
#12042=VECTOR('',#13641,1.0);
#12043=CARTESIAN_POINT('',(8.89,-4.09999999999968,2.33000000000004));
#12044=VECTOR('',#13642,1.0);
#12045=CARTESIAN_POINT('',(-8.89,-3.75000000000023,2.33000000000004));
#12046=CARTESIAN_POINT('',(-8.89,-3.75000000000023,2.33000000000004));
#12047=VECTOR('',#13643,1.0);
#12048=CARTESIAN_POINT('',(8.89,-3.75000000000023,2.33000000000004));
#12049=CARTESIAN_POINT('',(8.89,-3.75000000000023,2.33000000000004));
#12050=VECTOR('',#13644,1.0);
#12051=CARTESIAN_POINT('',(8.89,-3.75000000000023,2.33000000000004));
#12052=VECTOR('',#13645,1.0);
#12053=CARTESIAN_POINT('',(8.89,-3.75,0.920000000000185));
#12054=VECTOR('',#13646,1.0);
#12055=CARTESIAN_POINT('',(-8.89,-3.75,0.920000000000186));
#12056=VECTOR('',#13647,1.0);
#12057=CARTESIAN_POINT('',(8.89,-4.09999999999968,-2.33000000000027));
#12058=CARTESIAN_POINT('',(8.89,-4.09999999999968,-2.33000000000027));
#12059=VECTOR('',#13648,1.0);
#12060=CARTESIAN_POINT('',(8.89,-4.09999999999968,-2.33000000000027));
#12061=VECTOR('',#13649,1.0);
#12062=CARTESIAN_POINT('',(8.89,-4.10000000000036,-3.32999999999777));
#12063=CARTESIAN_POINT('',(8.89,-4.10000000000036,-3.32999999999777));
#12064=VECTOR('',#13650,1.0);
#12065=CARTESIAN_POINT('',(8.89,-4.10000000000036,-3.32999999999777));
#12066=VECTOR('',#13651,1.0);
#12067=CARTESIAN_POINT('',(8.89,-3.75,-3.32999999999777));
#12068=VECTOR('',#13652,1.0);
#12069=VERTEX_POINT('',#13653);
#12070=VERTEX_POINT('',#13654);
#12071=LINE('',#13655,#13656);
#12072=VERTEX_POINT('',#13657);
#12073=LINE('',#13658,#13659);
#12074=VERTEX_POINT('',#13660);
#12075=LINE('',#13661,#13662);
#12076=LINE('',#13663,#13664);
#12077=VERTEX_POINT('',#13665);
#12078=VERTEX_POINT('',#13666);
#12079=LINE('',#13667,#13668);
#12080=LINE('',#13669,#13670);
#12081=LINE('',#13671,#13672);
#12082=VERTEX_POINT('',#13673);
#12083=LINE('',#13674,#13675);
#12084=LINE('',#13676,#13677);
#12085=VERTEX_POINT('',#13678);
#12086=LINE('',#13679,#13680);
#12087=LINE('',#13681,#13682);
#12088=LINE('',#13683,#13684);
#12089=VERTEX_POINT('',#13685);
#12090=VERTEX_POINT('',#13686);
#12091=LINE('',#13687,#13688);
#12092=VERTEX_POINT('',#13689);
#12093=LINE('',#13690,#13691);
#12094=VERTEX_POINT('',#13692);
#12095=LINE('',#13693,#13694);
#12096=LINE('',#13695,#13696);
#12097=VERTEX_POINT('',#13697);
#12098=VERTEX_POINT('',#13698);
#12099=LINE('',#13699,#13700);
#12100=LINE('',#13701,#13702);
#12101=LINE('',#13703,#13704);
#12102=VERTEX_POINT('',#13705);
#12103=LINE('',#13706,#13707);
#12104=LINE('',#13708,#13709);
#12105=VERTEX_POINT('',#13710);
#12106=LINE('',#13711,#13712);
#12107=LINE('',#13713,#13714);
#12108=LINE('',#13715,#13716);
#12109=VERTEX_POINT('',#13717);
#12110=VERTEX_POINT('',#13718);
#12111=LINE('',#13719,#13720);
#12112=VERTEX_POINT('',#13721);
#12113=LINE('',#13722,#13723);
#12114=VERTEX_POINT('',#13724);
#12115=LINE('',#13725,#13726);
#12116=LINE('',#13727,#13728);
#12117=VERTEX_POINT('',#13729);
#12118=VERTEX_POINT('',#13730);
#12119=LINE('',#13731,#13732);
#12120=LINE('',#13733,#13734);
#12121=LINE('',#13735,#13736);
#12122=VERTEX_POINT('',#13737);
#12123=LINE('',#13738,#13739);
#12124=LINE('',#13740,#13741);
#12125=VERTEX_POINT('',#13742);
#12126=LINE('',#13743,#13744);
#12127=LINE('',#13745,#13746);
#12128=LINE('',#13747,#13748);
#12129=VERTEX_POINT('',#13749);
#12130=VERTEX_POINT('',#13750);
#12131=LINE('',#13751,#13752);
#12132=VERTEX_POINT('',#13753);
#12133=LINE('',#13754,#13755);
#12134=VERTEX_POINT('',#13756);
#12135=LINE('',#13757,#13758);
#12136=LINE('',#13759,#13760);
#12137=VERTEX_POINT('',#13761);
#12138=VERTEX_POINT('',#13762);
#12139=LINE('',#13763,#13764);
#12140=LINE('',#13765,#13766);
#12141=LINE('',#13767,#13768);
#12142=VERTEX_POINT('',#13769);
#12143=LINE('',#13770,#13771);
#12144=LINE('',#13772,#13773);
#12145=VERTEX_POINT('',#13774);
#12146=LINE('',#13775,#13776);
#12147=LINE('',#13777,#13778);
#12148=LINE('',#13779,#13780);
#12149=VERTEX_POINT('',#13781);
#12150=VERTEX_POINT('',#13782);
#12151=LINE('',#13783,#13784);
#12152=VERTEX_POINT('',#13785);
#12153=LINE('',#13786,#13787);
#12154=VERTEX_POINT('',#13788);
#12155=LINE('',#13789,#13790);
#12156=LINE('',#13791,#13792);
#12157=VERTEX_POINT('',#13793);
#12158=VERTEX_POINT('',#13794);
#12159=LINE('',#13795,#13796);
#12160=LINE('',#13797,#13798);
#12161=LINE('',#13799,#13800);
#12162=VERTEX_POINT('',#13801);
#12163=LINE('',#13802,#13803);
#12164=LINE('',#13804,#13805);
#12165=VERTEX_POINT('',#13806);
#12166=LINE('',#13807,#13808);
#12167=LINE('',#13809,#13810);
#12168=LINE('',#13811,#13812);
#12169=VERTEX_POINT('',#13813);
#12170=VERTEX_POINT('',#13814);
#12171=LINE('',#13815,#13816);
#12172=VERTEX_POINT('',#13817);
#12173=LINE('',#13818,#13819);
#12174=VERTEX_POINT('',#13820);
#12175=LINE('',#13821,#13822);
#12176=LINE('',#13823,#13824);
#12177=VERTEX_POINT('',#13825);
#12178=VERTEX_POINT('',#13826);
#12179=LINE('',#13827,#13828);
#12180=LINE('',#13829,#13830);
#12181=LINE('',#13831,#13832);
#12182=VERTEX_POINT('',#13833);
#12183=LINE('',#13834,#13835);
#12184=LINE('',#13836,#13837);
#12185=VERTEX_POINT('',#13838);
#12186=LINE('',#13839,#13840);
#12187=LINE('',#13841,#13842);
#12188=LINE('',#13843,#13844);
#12189=VERTEX_POINT('',#13845);
#12190=VERTEX_POINT('',#13846);
#12191=LINE('',#13847,#13848);
#12192=VERTEX_POINT('',#13849);
#12193=LINE('',#13850,#13851);
#12194=VERTEX_POINT('',#13852);
#12195=LINE('',#13853,#13854);
#12196=LINE('',#13855,#13856);
#12197=VERTEX_POINT('',#13857);
#12198=VERTEX_POINT('',#13858);
#12199=LINE('',#13859,#13860);
#12200=LINE('',#13861,#13862);
#12201=LINE('',#13863,#13864);
#12202=VERTEX_POINT('',#13865);
#12203=LINE('',#13866,#13867);
#12204=LINE('',#13868,#13869);
#12205=VERTEX_POINT('',#13870);
#12206=LINE('',#13871,#13872);
#12207=LINE('',#13873,#13874);
#12208=LINE('',#13875,#13876);
#12209=VERTEX_POINT('',#13877);
#12210=VERTEX_POINT('',#13878);
#12211=LINE('',#13879,#13880);
#12212=VERTEX_POINT('',#13881);
#12213=LINE('',#13882,#13883);
#12214=VERTEX_POINT('',#13884);
#12215=LINE('',#13885,#13886);
#12216=LINE('',#13887,#13888);
#12217=VERTEX_POINT('',#13889);
#12218=VERTEX_POINT('',#13890);
#12219=LINE('',#13891,#13892);
#12220=LINE('',#13893,#13894);
#12221=LINE('',#13895,#13896);
#12222=VERTEX_POINT('',#13897);
#12223=LINE('',#13898,#13899);
#12224=LINE('',#13900,#13901);
#12225=VERTEX_POINT('',#13902);
#12226=LINE('',#13903,#13904);
#12227=LINE('',#13905,#13906);
#12228=LINE('',#13907,#13908);
#12229=VERTEX_POINT('',#13909);
#12230=VERTEX_POINT('',#13910);
#12231=LINE('',#13911,#13912);
#12232=VERTEX_POINT('',#13913);
#12233=LINE('',#13914,#13915);
#12234=VERTEX_POINT('',#13916);
#12235=LINE('',#13917,#13918);
#12236=LINE('',#13919,#13920);
#12237=VERTEX_POINT('',#13921);
#12238=VERTEX_POINT('',#13922);
#12239=LINE('',#13923,#13924);
#12240=LINE('',#13925,#13926);
#12241=LINE('',#13927,#13928);
#12242=VERTEX_POINT('',#13929);
#12243=LINE('',#13930,#13931);
#12244=LINE('',#13932,#13933);
#12245=VERTEX_POINT('',#13934);
#12246=LINE('',#13935,#13936);
#12247=LINE('',#13937,#13938);
#12248=LINE('',#13939,#13940);
#12249=VERTEX_POINT('',#13941);
#12250=VERTEX_POINT('',#13942);
#12251=LINE('',#13943,#13944);
#12252=VERTEX_POINT('',#13945);
#12253=LINE('',#13946,#13947);
#12254=VERTEX_POINT('',#13948);
#12255=LINE('',#13949,#13950);
#12256=LINE('',#13951,#13952);
#12257=VERTEX_POINT('',#13953);
#12258=VERTEX_POINT('',#13954);
#12259=LINE('',#13955,#13956);
#12260=LINE('',#13957,#13958);
#12261=LINE('',#13959,#13960);
#12262=VERTEX_POINT('',#13961);
#12263=LINE('',#13962,#13963);
#12264=LINE('',#13964,#13965);
#12265=VERTEX_POINT('',#13966);
#12266=LINE('',#13967,#13968);
#12267=LINE('',#13969,#13970);
#12268=LINE('',#13971,#13972);
#12269=VERTEX_POINT('',#13973);
#12270=VERTEX_POINT('',#13974);
#12271=LINE('',#13975,#13976);
#12272=VERTEX_POINT('',#13977);
#12273=LINE('',#13978,#13979);
#12274=VERTEX_POINT('',#13980);
#12275=LINE('',#13981,#13982);
#12276=LINE('',#13983,#13984);
#12277=VERTEX_POINT('',#13985);
#12278=VERTEX_POINT('',#13986);
#12279=LINE('',#13987,#13988);
#12280=LINE('',#13989,#13990);
#12281=LINE('',#13991,#13992);
#12282=VERTEX_POINT('',#13993);
#12283=LINE('',#13994,#13995);
#12284=LINE('',#13996,#13997);
#12285=VERTEX_POINT('',#13998);
#12286=LINE('',#13999,#14000);
#12287=LINE('',#14001,#14002);
#12288=LINE('',#14003,#14004);
#12289=VERTEX_POINT('',#14005);
#12290=VERTEX_POINT('',#14006);
#12291=LINE('',#14007,#14008);
#12292=VERTEX_POINT('',#14009);
#12293=LINE('',#14010,#14011);
#12294=VERTEX_POINT('',#14012);
#12295=LINE('',#14013,#14014);
#12296=LINE('',#14015,#14016);
#12297=VERTEX_POINT('',#14017);
#12298=VERTEX_POINT('',#14018);
#12299=LINE('',#14019,#14020);
#12300=LINE('',#14021,#14022);
#12301=LINE('',#14023,#14024);
#12302=VERTEX_POINT('',#14025);
#12303=LINE('',#14026,#14027);
#12304=LINE('',#14028,#14029);
#12305=VERTEX_POINT('',#14030);
#12306=LINE('',#14031,#14032);
#12307=LINE('',#14033,#14034);
#12308=LINE('',#14035,#14036);
#12309=VERTEX_POINT('',#14037);
#12310=VERTEX_POINT('',#14038);
#12311=LINE('',#14039,#14040);
#12312=VERTEX_POINT('',#14041);
#12313=LINE('',#14042,#14043);
#12314=VERTEX_POINT('',#14044);
#12315=LINE('',#14045,#14046);
#12316=LINE('',#14047,#14048);
#12317=VERTEX_POINT('',#14049);
#12318=VERTEX_POINT('',#14050);
#12319=LINE('',#14051,#14052);
#12320=LINE('',#14053,#14054);
#12321=LINE('',#14055,#14056);
#12322=VERTEX_POINT('',#14057);
#12323=LINE('',#14058,#14059);
#12324=LINE('',#14060,#14061);
#12325=VERTEX_POINT('',#14062);
#12326=LINE('',#14063,#14064);
#12327=LINE('',#14065,#14066);
#12328=LINE('',#14067,#14068);
#12329=VERTEX_POINT('',#14069);
#12330=VERTEX_POINT('',#14070);
#12331=LINE('',#14071,#14072);
#12332=VERTEX_POINT('',#14073);
#12333=LINE('',#14074,#14075);
#12334=VERTEX_POINT('',#14076);
#12335=LINE('',#14077,#14078);
#12336=LINE('',#14079,#14080);
#12337=VERTEX_POINT('',#14081);
#12338=VERTEX_POINT('',#14082);
#12339=LINE('',#14083,#14084);
#12340=LINE('',#14085,#14086);
#12341=LINE('',#14087,#14088);
#12342=VERTEX_POINT('',#14089);
#12343=LINE('',#14090,#14091);
#12344=LINE('',#14092,#14093);
#12345=VERTEX_POINT('',#14094);
#12346=LINE('',#14095,#14096);
#12347=LINE('',#14097,#14098);
#12348=LINE('',#14099,#14100);
#12349=DIRECTION('',(-1.0,2.27373675443439E-12,4.00982367152782E-13));
#12350=DIRECTION('',(1.22460635382238E-16,0.0,-1.0));
#12351=DIRECTION('',(-1.0,2.27373675443439E-12,4.00859906517513E-13));
#12352=DIRECTION('',(1.22460635382238E-16,0.0,-1.0));
#12353=DIRECTION('',(1.0,0.0,6.12303176911189E-17));
#12354=DIRECTION('',(3.34283572101893E-31,-1.0,5.45944533210187E-15));
#12355=DIRECTION('',(1.0,0.0,6.12303176911189E-17));
#12356=DIRECTION('',(-3.34283572101893E-31,1.0,-5.45944533210187E-15));
#12357=DIRECTION('',(1.0,-3.1853161699816E-29,6.12303176911189E-17));
#12358=DIRECTION('',(-3.6811327862151E-13,1.0,-1.73021770071475E-16));
#12359=DIRECTION('',(-0.246889237117142,0.969043706236058,-1.82782763752764E-16));
#12360=CARTESIAN_POINT('',(-7.62000000000003,-7.15099999999992,3.88499999985226));
#12361=DIRECTION('',(6.12303176911189E-17,-1.73021770071453E-16,-1.0));
#12362=DIRECTION('',(-1.0,1.05941779489548E-32,-6.12303176911189E-17));
#12363=DIRECTION('',(1.0,0.0,6.12303176911189E-17));
#12364=CARTESIAN_POINT('',(-7.62000000000003,-7.15099999999992,3.88499999985226));
#12365=DIRECTION('',(6.12303176911189E-17,-1.73021770071453E-16,-1.0));
#12366=DIRECTION('',(-1.0,1.05941779489548E-32,-6.12303176911189E-17));
#12367=DIRECTION('',(-0.246889237116917,-0.969043706236115,1.52548550906387E-16));
#12368=DIRECTION('',(6.6735707317471E-14,-1.0,1.73021770071457E-16));
#12369=DIRECTION('',(-1.22460635286488E-16,-2.60109394340413E-13,1.0));
#12370=DIRECTION('',(3.6811327862151E-13,-1.0,1.73021770071475E-16));
#12371=DIRECTION('',(1.22460635382238E-16,0.0,-1.0));
#12372=DIRECTION('',(1.22460635382238E-16,0.0,-1.0));
#12373=CARTESIAN_POINT('',(-7.62000000000003,-7.15099999999992,3.73499999985226));
#12374=DIRECTION('',(-6.12303176911189E-17,1.73021770071453E-16,1.0));
#12375=DIRECTION('',(-1.0,1.05941779489548E-32,-6.12303176911189E-17));
#12376=DIRECTION('',(1.22460635382238E-16,0.0,-1.0));
#12377=DIRECTION('',(0.246889237116917,0.969043706236115,-1.52548550906387E-16));
#12378=DIRECTION('',(1.22460635382238E-16,0.0,-1.0));
#12379=DIRECTION('',(1.22460635364879E-16,2.60109394340413E-13,-1.0));
#12380=DIRECTION('',(-6.6735707317471E-14,1.0,-1.73021770071457E-16));
#12381=DIRECTION('',(-1.0,-4.54747350886878E-12,-8.0178104335249E-13));
#12382=DIRECTION('',(1.22460635382238E-16,0.0,-1.0));
#12383=DIRECTION('',(-1.0,-4.54747350886878E-12,-8.01903503988099E-13));
#12384=DIRECTION('',(-6.12303176911189E-17,1.83690953073357E-16,-1.0));
#12385=DIRECTION('',(2.12650661700502E-17,-0.984807753012222,-0.173648177666851));
#12386=DIRECTION('',(1.20600183163234E-16,0.173648177666693,-0.98480775301225));
#12387=DIRECTION('',(1.22460635382238E-16,0.0,-1.0));
#12388=DIRECTION('',(2.12650661700561E-17,-0.984807753012214,-0.173648177666898));
#12389=DIRECTION('',(1.0,0.0,6.12303176911189E-17));
#12390=DIRECTION('',(1.22460635382238E-16,0.0,-1.0));
#12391=DIRECTION('',(-1.0,0.0,-6.12303176911189E-17));
#12392=DIRECTION('',(-2.12650661700502E-17,0.984807753012222,0.173648177666851));
#12393=DIRECTION('',(-2.12650661700561E-17,0.984807753012214,0.173648177666898));
#12394=DIRECTION('',(-1.20600183163234E-16,-0.173648177666693,0.98480775301225));
#12395=DIRECTION('',(0.246889237117142,-0.969043706236058,1.82782763752764E-16));
#12396=DIRECTION('',(1.22460635382238E-16,0.0,-1.0));
#12397=CARTESIAN_POINT('',(-7.62000000000003,-7.15099999999992,3.73499999985226));
#12398=DIRECTION('',(-6.12303176911189E-17,1.73021770071453E-16,1.0));
#12399=DIRECTION('',(-1.0,1.05941779489548E-32,-6.12303176911189E-17));
#12400=DIRECTION('',(-1.22460635382238E-16,0.0,1.0));
#12401=DIRECTION('',(1.0,0.0,6.12303176911189E-17));
#12402=DIRECTION('',(-1.0,3.1853161699816E-29,-6.12303176911189E-17));
#12403=DIRECTION('',(1.0632533085028E-17,0.984807753012214,0.173648177666898));
#12404=DIRECTION('',(1.0,0.0,6.12303176911189E-17));
#12405=DIRECTION('',(-1.0632533085028E-17,-0.984807753012214,-0.173648177666898));
#12406=CARTESIAN_POINT('',(-8.235,-0.400000000000057,2.46010589693821));
#12407=DIRECTION('',(-1.0,0.0,6.12303176911189E-17));
#12408=DIRECTION('',(-6.12303176911189E-17,0.0,-1.0));
#12409=DIRECTION('',(1.0,0.0,6.12303176911189E-17));
#12410=CARTESIAN_POINT('',(-7.005,-0.400000000000057,2.46010589693821));
#12411=DIRECTION('',(1.0,0.0,-6.12303176911189E-17));
#12412=DIRECTION('',(-6.12303176911189E-17,0.0,-1.0));
#12413=DIRECTION('',(-5.20263168867858E-17,0.527294980824413,-0.849682295447765));
#12414=DIRECTION('',(1.0,0.0,6.12303176911189E-17));
#12415=DIRECTION('',(5.20263168867858E-17,-0.527294980824413,0.849682295447765));
#12416=CARTESIAN_POINT('',(-8.235,-1.3081119489868,3.92365915036066));
#12417=DIRECTION('',(-1.0,0.0,6.12303176911189E-17));
#12418=DIRECTION('',(-6.12303176911189E-17,0.0,-1.0));
#12419=DIRECTION('',(1.0,0.0,6.12303176911189E-17));
#12420=CARTESIAN_POINT('',(-7.005,-1.3081119489868,3.92365915036066));
#12421=DIRECTION('',(1.0,0.0,-6.12303176911189E-17));
#12422=DIRECTION('',(-6.12303176911189E-17,0.0,-1.0));
#12423=DIRECTION('',(0.0,-1.0,0.0));
#12424=DIRECTION('',(0.0,1.0,0.0));
#12425=DIRECTION('',(-1.0,-2.09420020325643E-17,5.7537677702728E-17));
#12426=DIRECTION('',(-1.0,0.0,6.12303176911189E-17));
#12427=DIRECTION('',(1.06325330850251E-17,0.984807753012222,0.173648177666851));
#12428=DIRECTION('',(-1.0,0.0,6.12303176911189E-17));
#12429=DIRECTION('',(-1.06325330850251E-17,-0.984807753012222,-0.173648177666851));
#12430=DIRECTION('',(-1.0,0.0,6.12303176911189E-17));
#12431=DIRECTION('',(-1.0,2.27373675443439E-12,4.00982367152782E-13));
#12432=DIRECTION('',(-2.12650661700502E-17,0.984807753012222,0.173648177666851));
#12433=DIRECTION('',(-1.0,-2.09420020325643E-17,5.7537677702728E-17));
#12434=DIRECTION('',(2.12650661700502E-17,-0.984807753012222,-0.173648177666851));
#12435=DIRECTION('',(-1.0,-4.54747350886878E-12,-8.0178104335249E-13));
#12436=DIRECTION('',(-1.0,0.0,6.12303176911189E-17));
#12437=DIRECTION('',(-1.0,2.27373675443439E-12,4.00982367152782E-13));
#12438=DIRECTION('',(-2.12650661700502E-17,0.984807753012222,0.173648177666851));
#12439=DIRECTION('',(-1.0,-2.09420020325643E-17,5.7537677702728E-17));
#12440=DIRECTION('',(2.12650661700502E-17,-0.984807753012222,-0.173648177666851));
#12441=DIRECTION('',(-1.0,-4.54747350886878E-12,-8.0178104335249E-13));
#12442=DIRECTION('',(-1.0,0.0,6.12303176911189E-17));
#12443=DIRECTION('',(-1.0,2.27373675443439E-12,4.00982367152782E-13));
#12444=DIRECTION('',(-2.12650661700502E-17,0.984807753012222,0.173648177666851));
#12445=DIRECTION('',(-1.0,-2.09420020325643E-17,5.7537677702728E-17));
#12446=DIRECTION('',(2.12650661700502E-17,-0.984807753012222,-0.173648177666851));
#12447=DIRECTION('',(-1.0,-4.54747350886878E-12,-8.0178104335249E-13));
#12448=DIRECTION('',(-1.0,0.0,6.12303176911189E-17));
#12449=DIRECTION('',(-1.0,2.27373675443439E-12,4.00982367152782E-13));
#12450=DIRECTION('',(-2.12650661700502E-17,0.984807753012222,0.173648177666851));
#12451=DIRECTION('',(-1.0,-2.09420020325643E-17,5.7537677702728E-17));
#12452=DIRECTION('',(2.12650661700502E-17,-0.984807753012222,-0.173648177666851));
#12453=DIRECTION('',(-1.0,-4.54747350886878E-12,-8.0178104335249E-13));
#12454=DIRECTION('',(-1.0,0.0,6.12303176911189E-17));
#12455=DIRECTION('',(-1.0,2.27373675443439E-12,4.00982367152782E-13));
#12456=DIRECTION('',(-2.12650661700502E-17,0.984807753012222,0.173648177666851));
#12457=DIRECTION('',(-1.0,-2.09420020325643E-17,5.7537677702728E-17));
#12458=DIRECTION('',(2.12650661700502E-17,-0.984807753012222,-0.173648177666851));
#12459=DIRECTION('',(-1.0,-4.54747350886878E-12,-8.0178104335249E-13));
#12460=DIRECTION('',(-1.0,0.0,6.12303176911189E-17));
#12461=DIRECTION('',(-1.0,2.27373675443439E-12,4.00982367152782E-13));
#12462=DIRECTION('',(-2.12650661700502E-17,0.984807753012222,0.173648177666851));
#12463=DIRECTION('',(-1.0,-2.09420020325643E-17,5.7537677702728E-17));
#12464=DIRECTION('',(2.12650661700502E-17,-0.984807753012222,-0.173648177666851));
#12465=DIRECTION('',(-1.0,-4.54747350886878E-12,-8.0178104335249E-13));
#12466=DIRECTION('',(-1.0,0.0,6.12303176911189E-17));
#12467=DIRECTION('',(6.12303176911189E-17,-1.83690953073357E-16,1.0));
#12468=DIRECTION('',(0.0,1.0,0.0));
#12469=DIRECTION('',(-6.12303176911189E-17,0.0,-1.0));
#12470=DIRECTION('',(1.22460635382238E-16,0.0,-1.0));
#12471=DIRECTION('',(-1.0,2.27373675443439E-12,4.00859906517513E-13));
#12472=DIRECTION('',(1.22460635382238E-16,0.0,-1.0));
#12473=DIRECTION('',(1.0,0.0,6.12303176911189E-17));
#12474=DIRECTION('',(3.34283572101893E-31,-1.0,5.45944533210187E-15));
#12475=DIRECTION('',(1.0,0.0,6.12303176911189E-17));
#12476=DIRECTION('',(-3.34283572101893E-31,1.0,-5.45944533210187E-15));
#12477=DIRECTION('',(1.0,-3.1853161699816E-29,6.12303176911189E-17));
#12478=DIRECTION('',(-3.6811327862151E-13,1.0,-1.73021770071475E-16));
#12479=DIRECTION('',(-0.246889237117142,0.969043706236058,-1.82782763752764E-16));
#12480=CARTESIAN_POINT('',(-5.08000000000002,-7.15099999999992,3.88499999985226));
#12481=DIRECTION('',(6.12303176911189E-17,-1.73021770071453E-16,-1.0));
#12482=DIRECTION('',(-1.0,1.05941779489548E-32,-6.12303176911189E-17));
#12483=DIRECTION('',(1.0,0.0,6.12303176911189E-17));
#12484=CARTESIAN_POINT('',(-5.08000000000002,-7.15099999999992,3.88499999985226));
#12485=DIRECTION('',(6.12303176911189E-17,-1.73021770071453E-16,-1.0));
#12486=DIRECTION('',(-1.0,1.05941779489548E-32,-6.12303176911189E-17));
#12487=DIRECTION('',(-0.246889237116917,-0.969043706236115,1.52548550906387E-16));
#12488=DIRECTION('',(6.6735707317471E-14,-1.0,1.73021770071457E-16));
#12489=DIRECTION('',(-1.22460635286488E-16,-2.60109394340413E-13,1.0));
#12490=DIRECTION('',(3.6811327862151E-13,-1.0,1.73021770071475E-16));
#12491=DIRECTION('',(1.22460635382238E-16,0.0,-1.0));
#12492=DIRECTION('',(1.22460635382238E-16,0.0,-1.0));
#12493=CARTESIAN_POINT('',(-5.08000000000002,-7.15099999999992,3.73499999985226));
#12494=DIRECTION('',(-6.12303176911189E-17,1.73021770071453E-16,1.0));
#12495=DIRECTION('',(-1.0,1.05941779489548E-32,-6.12303176911189E-17));
#12496=DIRECTION('',(1.22460635382238E-16,0.0,-1.0));
#12497=DIRECTION('',(0.246889237116917,0.969043706236115,-1.52548550906387E-16));
#12498=DIRECTION('',(1.22460635382238E-16,0.0,-1.0));
#12499=DIRECTION('',(1.22460635364879E-16,2.60109394340413E-13,-1.0));
#12500=DIRECTION('',(-6.6735707317471E-14,1.0,-1.73021770071457E-16));
#12501=DIRECTION('',(1.22460635382238E-16,0.0,-1.0));
#12502=DIRECTION('',(-1.0,-4.54747350886878E-12,-8.01903503988099E-13));
#12503=DIRECTION('',(-6.12303176911189E-17,1.83690953073357E-16,-1.0));
#12504=DIRECTION('',(1.20600183163234E-16,0.173648177666693,-0.98480775301225));
#12505=DIRECTION('',(1.22460635382238E-16,0.0,-1.0));
#12506=DIRECTION('',(2.12650661700561E-17,-0.984807753012214,-0.173648177666898));
#12507=DIRECTION('',(1.0,0.0,6.12303176911189E-17));
#12508=DIRECTION('',(1.22460635382238E-16,0.0,-1.0));
#12509=DIRECTION('',(-1.0,0.0,-6.12303176911189E-17));
#12510=DIRECTION('',(-2.12650661700561E-17,0.984807753012214,0.173648177666898));
#12511=DIRECTION('',(-1.20600183163234E-16,-0.173648177666693,0.98480775301225));
#12512=DIRECTION('',(0.246889237117142,-0.969043706236058,1.82782763752764E-16));
#12513=DIRECTION('',(1.22460635382238E-16,0.0,-1.0));
#12514=CARTESIAN_POINT('',(-5.08000000000002,-7.15099999999992,3.73499999985226));
#12515=DIRECTION('',(-6.12303176911189E-17,1.73021770071453E-16,1.0));
#12516=DIRECTION('',(-1.0,1.05941779489548E-32,-6.12303176911189E-17));
#12517=DIRECTION('',(-1.22460635382238E-16,0.0,1.0));
#12518=DIRECTION('',(1.0,0.0,6.12303176911189E-17));
#12519=DIRECTION('',(-1.0,3.1853161699816E-29,-6.12303176911189E-17));
#12520=DIRECTION('',(1.0632533085028E-17,0.984807753012214,0.173648177666898));
#12521=DIRECTION('',(1.0,0.0,6.12303176911189E-17));
#12522=DIRECTION('',(-1.0632533085028E-17,-0.984807753012214,-0.173648177666898));
#12523=CARTESIAN_POINT('',(-5.695,-0.400000000000057,2.46010589693821));
#12524=DIRECTION('',(-1.0,0.0,6.12303176911189E-17));
#12525=DIRECTION('',(-6.12303176911189E-17,0.0,-1.0));
#12526=DIRECTION('',(1.0,0.0,6.12303176911189E-17));
#12527=CARTESIAN_POINT('',(-4.465,-0.400000000000057,2.46010589693821));
#12528=DIRECTION('',(1.0,0.0,-6.12303176911189E-17));
#12529=DIRECTION('',(-6.12303176911189E-17,0.0,-1.0));
#12530=DIRECTION('',(-5.20263168867858E-17,0.527294980824413,-0.849682295447765));
#12531=DIRECTION('',(1.0,0.0,6.12303176911189E-17));
#12532=DIRECTION('',(5.20263168867858E-17,-0.527294980824413,0.849682295447765));
#12533=CARTESIAN_POINT('',(-5.695,-1.3081119489868,3.92365915036066));
#12534=DIRECTION('',(-1.0,0.0,6.12303176911189E-17));
#12535=DIRECTION('',(-6.12303176911189E-17,0.0,-1.0));
#12536=DIRECTION('',(1.0,0.0,6.12303176911189E-17));
#12537=CARTESIAN_POINT('',(-4.465,-1.3081119489868,3.92365915036066));
#12538=DIRECTION('',(1.0,0.0,-6.12303176911189E-17));
#12539=DIRECTION('',(-6.12303176911189E-17,0.0,-1.0));
#12540=DIRECTION('',(0.0,-1.0,0.0));
#12541=DIRECTION('',(0.0,1.0,0.0));
#12542=DIRECTION('',(6.12303176911189E-17,-1.83690953073357E-16,1.0));
#12543=DIRECTION('',(0.0,1.0,0.0));
#12544=DIRECTION('',(-6.12303176911189E-17,0.0,-1.0));
#12545=DIRECTION('',(1.22460635382238E-16,0.0,-1.0));
#12546=DIRECTION('',(-1.0,2.27373675443439E-12,4.00859906517513E-13));
#12547=DIRECTION('',(1.22460635382238E-16,0.0,-1.0));
#12548=DIRECTION('',(1.0,0.0,6.12303176911189E-17));
#12549=DIRECTION('',(3.34283572101893E-31,-1.0,5.45944533210187E-15));
#12550=DIRECTION('',(1.0,0.0,6.12303176911189E-17));
#12551=DIRECTION('',(-3.34283572101893E-31,1.0,-5.45944533210187E-15));
#12552=DIRECTION('',(1.0,-3.1853161699816E-29,6.12303176911189E-17));
#12553=DIRECTION('',(-3.6811327862151E-13,1.0,-1.73021770071475E-16));
#12554=DIRECTION('',(-0.246889237117142,0.969043706236058,-1.82782763752764E-16));
#12555=CARTESIAN_POINT('',(-2.54000000000003,-7.15099999999992,3.88499999985226));
#12556=DIRECTION('',(6.12303176911189E-17,-1.73021770071453E-16,-1.0));
#12557=DIRECTION('',(-1.0,1.05941779489548E-32,-6.12303176911189E-17));
#12558=DIRECTION('',(1.0,0.0,6.12303176911189E-17));
#12559=CARTESIAN_POINT('',(-2.54000000000003,-7.15099999999992,3.88499999985226));
#12560=DIRECTION('',(6.12303176911189E-17,-1.73021770071453E-16,-1.0));
#12561=DIRECTION('',(-1.0,1.05941779489548E-32,-6.12303176911189E-17));
#12562=DIRECTION('',(-0.246889237116917,-0.969043706236115,1.52548550906387E-16));
#12563=DIRECTION('',(6.6735707317471E-14,-1.0,1.73021770071457E-16));
#12564=DIRECTION('',(-1.22460635286488E-16,-2.60109394340413E-13,1.0));
#12565=DIRECTION('',(3.6811327862151E-13,-1.0,1.73021770071475E-16));
#12566=DIRECTION('',(1.22460635382238E-16,0.0,-1.0));
#12567=DIRECTION('',(1.22460635382238E-16,0.0,-1.0));
#12568=CARTESIAN_POINT('',(-2.54000000000003,-7.15099999999992,3.73499999985226));
#12569=DIRECTION('',(-6.12303176911189E-17,1.73021770071453E-16,1.0));
#12570=DIRECTION('',(-1.0,1.05941779489548E-32,-6.12303176911189E-17));
#12571=DIRECTION('',(1.22460635382238E-16,0.0,-1.0));
#12572=DIRECTION('',(0.246889237116917,0.969043706236115,-1.52548550906387E-16));
#12573=DIRECTION('',(1.22460635382238E-16,0.0,-1.0));
#12574=DIRECTION('',(1.22460635364879E-16,2.60109394340413E-13,-1.0));
#12575=DIRECTION('',(-6.6735707317471E-14,1.0,-1.73021770071457E-16));
#12576=DIRECTION('',(1.22460635382238E-16,0.0,-1.0));
#12577=DIRECTION('',(-1.0,-4.54747350886878E-12,-8.01903503988099E-13));
#12578=DIRECTION('',(-6.12303176911189E-17,1.83690953073357E-16,-1.0));
#12579=DIRECTION('',(1.20600183163234E-16,0.173648177666693,-0.98480775301225));
#12580=DIRECTION('',(1.22460635382238E-16,0.0,-1.0));
#12581=DIRECTION('',(2.12650661700561E-17,-0.984807753012214,-0.173648177666898));
#12582=DIRECTION('',(1.0,0.0,6.12303176911189E-17));
#12583=DIRECTION('',(1.22460635382238E-16,0.0,-1.0));
#12584=DIRECTION('',(-1.0,0.0,-6.12303176911189E-17));
#12585=DIRECTION('',(-2.12650661700561E-17,0.984807753012214,0.173648177666898));
#12586=DIRECTION('',(-1.20600183163234E-16,-0.173648177666693,0.98480775301225));
#12587=DIRECTION('',(0.246889237117142,-0.969043706236058,1.82782763752764E-16));
#12588=DIRECTION('',(1.22460635382238E-16,0.0,-1.0));
#12589=CARTESIAN_POINT('',(-2.54000000000003,-7.15099999999992,3.73499999985226));
#12590=DIRECTION('',(-6.12303176911189E-17,1.73021770071453E-16,1.0));
#12591=DIRECTION('',(-1.0,1.05941779489548E-32,-6.12303176911189E-17));
#12592=DIRECTION('',(-1.22460635382238E-16,0.0,1.0));
#12593=DIRECTION('',(1.0,0.0,6.12303176911189E-17));
#12594=DIRECTION('',(-1.0,3.1853161699816E-29,-6.12303176911189E-17));
#12595=DIRECTION('',(1.0632533085028E-17,0.984807753012214,0.173648177666898));
#12596=DIRECTION('',(1.0,0.0,6.12303176911189E-17));
#12597=DIRECTION('',(-1.0632533085028E-17,-0.984807753012214,-0.173648177666898));
#12598=CARTESIAN_POINT('',(-3.155,-0.400000000000057,2.46010589693821));
#12599=DIRECTION('',(-1.0,0.0,6.12303176911189E-17));
#12600=DIRECTION('',(-6.12303176911189E-17,0.0,-1.0));
#12601=DIRECTION('',(1.0,0.0,6.12303176911189E-17));
#12602=CARTESIAN_POINT('',(-1.925,-0.400000000000057,2.46010589693821));
#12603=DIRECTION('',(1.0,0.0,-6.12303176911189E-17));
#12604=DIRECTION('',(-6.12303176911189E-17,0.0,-1.0));
#12605=DIRECTION('',(-5.20263168867858E-17,0.527294980824413,-0.849682295447765));
#12606=DIRECTION('',(1.0,0.0,6.12303176911189E-17));
#12607=DIRECTION('',(5.20263168867858E-17,-0.527294980824413,0.849682295447765));
#12608=CARTESIAN_POINT('',(-3.155,-1.3081119489868,3.92365915036066));
#12609=DIRECTION('',(-1.0,0.0,6.12303176911189E-17));
#12610=DIRECTION('',(-6.12303176911189E-17,0.0,-1.0));
#12611=DIRECTION('',(1.0,0.0,6.12303176911189E-17));
#12612=CARTESIAN_POINT('',(-1.925,-1.3081119489868,3.92365915036066));
#12613=DIRECTION('',(1.0,0.0,-6.12303176911189E-17));
#12614=DIRECTION('',(-6.12303176911189E-17,0.0,-1.0));
#12615=DIRECTION('',(0.0,-1.0,0.0));
#12616=DIRECTION('',(0.0,1.0,0.0));
#12617=DIRECTION('',(6.12303176911189E-17,-1.83690953073357E-16,1.0));
#12618=DIRECTION('',(0.0,1.0,0.0));
#12619=DIRECTION('',(-6.12303176911189E-17,0.0,-1.0));
#12620=DIRECTION('',(1.22460635382238E-16,0.0,-1.0));
#12621=DIRECTION('',(-1.0,2.27373675443439E-12,4.00859906517513E-13));
#12622=DIRECTION('',(1.22460635382238E-16,0.0,-1.0));
#12623=DIRECTION('',(1.0,0.0,6.12303176911189E-17));
#12624=DIRECTION('',(3.34283572101893E-31,-1.0,5.45944533210187E-15));
#12625=DIRECTION('',(1.0,0.0,6.12303176911189E-17));
#12626=DIRECTION('',(-3.34283572101893E-31,1.0,-5.45944533210187E-15));
#12627=DIRECTION('',(1.0,-3.1853161699816E-29,6.12303176911189E-17));
#12628=DIRECTION('',(-3.6811327862151E-13,1.0,-1.73021770071475E-16));
#12629=DIRECTION('',(-0.246889237117142,0.969043706236058,-1.82782763752764E-16));
#12630=CARTESIAN_POINT('',(-2.64074728067828E-14,-7.15099999999992,3.88499999985226));
#12631=DIRECTION('',(6.12303176911189E-17,-1.73021770071453E-16,-1.0));
#12632=DIRECTION('',(-1.0,1.05941779489548E-32,-6.12303176911189E-17));
#12633=DIRECTION('',(1.0,0.0,6.12303176911189E-17));
#12634=CARTESIAN_POINT('',(-2.64074728067828E-14,-7.15099999999992,3.88499999985226));
#12635=DIRECTION('',(6.12303176911189E-17,-1.73021770071453E-16,-1.0));
#12636=DIRECTION('',(-1.0,1.05941779489548E-32,-6.12303176911189E-17));
#12637=DIRECTION('',(-0.246889237116917,-0.969043706236115,1.52548550906387E-16));
#12638=DIRECTION('',(6.6735707317471E-14,-1.0,1.73021770071457E-16));
#12639=DIRECTION('',(-1.22460635286488E-16,-2.60109394340413E-13,1.0));
#12640=DIRECTION('',(3.6811327862151E-13,-1.0,1.73021770071475E-16));
#12641=DIRECTION('',(1.22460635382238E-16,0.0,-1.0));
#12642=DIRECTION('',(1.22460635382238E-16,0.0,-1.0));
#12643=CARTESIAN_POINT('',(-2.64166573544365E-14,-7.15099999999992,3.73499999985226));
#12644=DIRECTION('',(-6.12303176911189E-17,1.73021770071453E-16,1.0));
#12645=DIRECTION('',(-1.0,1.05941779489548E-32,-6.12303176911189E-17));
#12646=DIRECTION('',(1.22460635382238E-16,0.0,-1.0));
#12647=DIRECTION('',(0.246889237116917,0.969043706236115,-1.52548550906387E-16));
#12648=DIRECTION('',(1.22460635382238E-16,0.0,-1.0));
#12649=DIRECTION('',(1.22460635364879E-16,2.60109394340413E-13,-1.0));
#12650=DIRECTION('',(-6.6735707317471E-14,1.0,-1.73021770071457E-16));
#12651=DIRECTION('',(1.22460635382238E-16,0.0,-1.0));
#12652=DIRECTION('',(-1.0,-4.54747350886878E-12,-8.01903503988099E-13));
#12653=DIRECTION('',(-6.12303176911189E-17,1.83690953073357E-16,-1.0));
#12654=DIRECTION('',(1.20600183163234E-16,0.173648177666693,-0.98480775301225));
#12655=DIRECTION('',(1.22460635382238E-16,0.0,-1.0));
#12656=DIRECTION('',(2.12650661700561E-17,-0.984807753012214,-0.173648177666898));
#12657=DIRECTION('',(1.0,0.0,6.12303176911189E-17));
#12658=DIRECTION('',(1.22460635382238E-16,0.0,-1.0));
#12659=DIRECTION('',(-1.0,0.0,-6.12303176911189E-17));
#12660=DIRECTION('',(-2.12650661700561E-17,0.984807753012214,0.173648177666898));
#12661=DIRECTION('',(-1.20600183163234E-16,-0.173648177666693,0.98480775301225));
#12662=DIRECTION('',(0.246889237117142,-0.969043706236058,1.82782763752764E-16));
#12663=DIRECTION('',(1.22460635382238E-16,0.0,-1.0));
#12664=CARTESIAN_POINT('',(-2.64166573544365E-14,-7.15099999999992,3.73499999985226));
#12665=DIRECTION('',(-6.12303176911189E-17,1.73021770071453E-16,1.0));
#12666=DIRECTION('',(-1.0,1.05941779489548E-32,-6.12303176911189E-17));
#12667=DIRECTION('',(-1.22460635382238E-16,0.0,1.0));
#12668=DIRECTION('',(1.0,0.0,6.12303176911189E-17));
#12669=DIRECTION('',(-1.0,3.1853161699816E-29,-6.12303176911189E-17));
#12670=DIRECTION('',(1.0632533085028E-17,0.984807753012214,0.173648177666898));
#12671=DIRECTION('',(1.0,0.0,6.12303176911189E-17));
#12672=DIRECTION('',(-1.0632533085028E-17,-0.984807753012214,-0.173648177666898));
#12673=CARTESIAN_POINT('',(-0.615,-0.400000000000057,2.46010589693821));
#12674=DIRECTION('',(-1.0,0.0,6.12303176911189E-17));
#12675=DIRECTION('',(-6.12303176911189E-17,0.0,-1.0));
#12676=DIRECTION('',(1.0,0.0,6.12303176911189E-17));
#12677=CARTESIAN_POINT('',(0.615,-0.400000000000057,2.46010589693821));
#12678=DIRECTION('',(1.0,0.0,-6.12303176911189E-17));
#12679=DIRECTION('',(-6.12303176911189E-17,0.0,-1.0));
#12680=DIRECTION('',(-5.20263168867858E-17,0.527294980824413,-0.849682295447765));
#12681=DIRECTION('',(1.0,0.0,6.12303176911189E-17));
#12682=DIRECTION('',(5.20263168867858E-17,-0.527294980824413,0.849682295447765));
#12683=CARTESIAN_POINT('',(-0.615,-1.3081119489868,3.92365915036066));
#12684=DIRECTION('',(-1.0,0.0,6.12303176911189E-17));
#12685=DIRECTION('',(-6.12303176911189E-17,0.0,-1.0));
#12686=DIRECTION('',(1.0,0.0,6.12303176911189E-17));
#12687=CARTESIAN_POINT('',(0.615,-1.3081119489868,3.92365915036066));
#12688=DIRECTION('',(1.0,0.0,-6.12303176911189E-17));
#12689=DIRECTION('',(-6.12303176911189E-17,0.0,-1.0));
#12690=DIRECTION('',(0.0,-1.0,0.0));
#12691=DIRECTION('',(0.0,1.0,0.0));
#12692=DIRECTION('',(6.12303176911189E-17,-1.83690953073357E-16,1.0));
#12693=DIRECTION('',(0.0,1.0,0.0));
#12694=DIRECTION('',(-6.12303176911189E-17,0.0,-1.0));
#12695=DIRECTION('',(1.22460635382238E-16,0.0,-1.0));
#12696=DIRECTION('',(-1.0,2.27373675443439E-12,4.00859906517513E-13));
#12697=DIRECTION('',(1.22460635382238E-16,0.0,-1.0));
#12698=DIRECTION('',(1.0,0.0,6.12303176911189E-17));
#12699=DIRECTION('',(3.34283572101893E-31,-1.0,5.45944533210187E-15));
#12700=DIRECTION('',(1.0,0.0,6.12303176911189E-17));
#12701=DIRECTION('',(-3.34283572101893E-31,1.0,-5.45944533210187E-15));
#12702=DIRECTION('',(1.0,-3.1853161699816E-29,6.12303176911189E-17));
#12703=DIRECTION('',(-3.6811327862151E-13,1.0,-1.73021770071475E-16));
#12704=DIRECTION('',(-0.246889237117142,0.969043706236058,-1.82782763752764E-16));
#12705=CARTESIAN_POINT('',(2.53999999999997,-7.15099999999992,3.88499999985226));
#12706=DIRECTION('',(6.12303176911189E-17,-1.73021770071453E-16,-1.0));
#12707=DIRECTION('',(-1.0,1.05941779489548E-32,-6.12303176911189E-17));
#12708=DIRECTION('',(1.0,0.0,6.12303176911189E-17));
#12709=CARTESIAN_POINT('',(2.53999999999997,-7.15099999999992,3.88499999985226));
#12710=DIRECTION('',(6.12303176911189E-17,-1.73021770071453E-16,-1.0));
#12711=DIRECTION('',(-1.0,1.05941779489548E-32,-6.12303176911189E-17));
#12712=DIRECTION('',(-0.246889237116917,-0.969043706236115,1.52548550906387E-16));
#12713=DIRECTION('',(6.6735707317471E-14,-1.0,1.73021770071457E-16));
#12714=DIRECTION('',(-1.22460635286488E-16,-2.60109394340413E-13,1.0));
#12715=DIRECTION('',(3.6811327862151E-13,-1.0,1.73021770071475E-16));
#12716=DIRECTION('',(1.22460635382238E-16,0.0,-1.0));
#12717=DIRECTION('',(1.22460635382238E-16,0.0,-1.0));
#12718=CARTESIAN_POINT('',(2.53999999999997,-7.15099999999992,3.73499999985226));
#12719=DIRECTION('',(-6.12303176911189E-17,1.73021770071453E-16,1.0));
#12720=DIRECTION('',(-1.0,1.05941779489548E-32,-6.12303176911189E-17));
#12721=DIRECTION('',(1.22460635382238E-16,0.0,-1.0));
#12722=DIRECTION('',(0.246889237116917,0.969043706236115,-1.52548550906387E-16));
#12723=DIRECTION('',(1.22460635382238E-16,0.0,-1.0));
#12724=DIRECTION('',(1.22460635364879E-16,2.60109394340413E-13,-1.0));
#12725=DIRECTION('',(-6.6735707317471E-14,1.0,-1.73021770071457E-16));
#12726=DIRECTION('',(1.22460635382238E-16,0.0,-1.0));
#12727=DIRECTION('',(-1.0,-4.54747350886878E-12,-8.01903503988099E-13));
#12728=DIRECTION('',(-6.12303176911189E-17,1.83690953073357E-16,-1.0));
#12729=DIRECTION('',(1.20600183163234E-16,0.173648177666693,-0.98480775301225));
#12730=DIRECTION('',(1.22460635382238E-16,0.0,-1.0));
#12731=DIRECTION('',(2.12650661700561E-17,-0.984807753012214,-0.173648177666898));
#12732=DIRECTION('',(1.0,0.0,6.12303176911189E-17));
#12733=DIRECTION('',(1.22460635382238E-16,0.0,-1.0));
#12734=DIRECTION('',(-1.0,0.0,-6.12303176911189E-17));
#12735=DIRECTION('',(-2.12650661700561E-17,0.984807753012214,0.173648177666898));
#12736=DIRECTION('',(-1.20600183163234E-16,-0.173648177666693,0.98480775301225));
#12737=DIRECTION('',(0.246889237117142,-0.969043706236058,1.82782763752764E-16));
#12738=DIRECTION('',(1.22460635382238E-16,0.0,-1.0));
#12739=CARTESIAN_POINT('',(2.53999999999997,-7.15099999999992,3.73499999985226));
#12740=DIRECTION('',(-6.12303176911189E-17,1.73021770071453E-16,1.0));
#12741=DIRECTION('',(-1.0,1.05941779489548E-32,-6.12303176911189E-17));
#12742=DIRECTION('',(-1.22460635382238E-16,0.0,1.0));
#12743=DIRECTION('',(1.0,0.0,6.12303176911189E-17));
#12744=DIRECTION('',(-1.0,3.1853161699816E-29,-6.12303176911189E-17));
#12745=DIRECTION('',(1.0632533085028E-17,0.984807753012214,0.173648177666898));
#12746=DIRECTION('',(1.0,0.0,6.12303176911189E-17));
#12747=DIRECTION('',(-1.0632533085028E-17,-0.984807753012214,-0.173648177666898));
#12748=CARTESIAN_POINT('',(1.925,-0.400000000000057,2.46010589693821));
#12749=DIRECTION('',(-1.0,0.0,6.12303176911189E-17));
#12750=DIRECTION('',(-6.12303176911189E-17,0.0,-1.0));
#12751=DIRECTION('',(1.0,0.0,6.12303176911189E-17));
#12752=CARTESIAN_POINT('',(3.155,-0.400000000000057,2.46010589693821));
#12753=DIRECTION('',(1.0,0.0,-6.12303176911189E-17));
#12754=DIRECTION('',(-6.12303176911189E-17,0.0,-1.0));
#12755=DIRECTION('',(-5.20263168867858E-17,0.527294980824413,-0.849682295447765));
#12756=DIRECTION('',(1.0,0.0,6.12303176911189E-17));
#12757=DIRECTION('',(5.20263168867858E-17,-0.527294980824413,0.849682295447765));
#12758=CARTESIAN_POINT('',(1.925,-1.3081119489868,3.92365915036066));
#12759=DIRECTION('',(-1.0,0.0,6.12303176911189E-17));
#12760=DIRECTION('',(-6.12303176911189E-17,0.0,-1.0));
#12761=DIRECTION('',(1.0,0.0,6.12303176911189E-17));
#12762=CARTESIAN_POINT('',(3.155,-1.3081119489868,3.92365915036066));
#12763=DIRECTION('',(1.0,0.0,-6.12303176911189E-17));
#12764=DIRECTION('',(-6.12303176911189E-17,0.0,-1.0));
#12765=DIRECTION('',(0.0,-1.0,0.0));
#12766=DIRECTION('',(0.0,1.0,0.0));
#12767=DIRECTION('',(6.12303176911189E-17,-1.83690953073357E-16,1.0));
#12768=DIRECTION('',(0.0,1.0,0.0));
#12769=DIRECTION('',(-6.12303176911189E-17,0.0,-1.0));
#12770=DIRECTION('',(1.22460635382238E-16,0.0,-1.0));
#12771=DIRECTION('',(-1.0,2.27373675443439E-12,4.00859906517513E-13));
#12772=DIRECTION('',(1.22460635382238E-16,0.0,-1.0));
#12773=DIRECTION('',(1.0,0.0,6.12303176911189E-17));
#12774=DIRECTION('',(3.34283572101893E-31,-1.0,5.45944533210187E-15));
#12775=DIRECTION('',(1.0,0.0,6.12303176911189E-17));
#12776=DIRECTION('',(-3.34283572101893E-31,1.0,-5.45944533210187E-15));
#12777=DIRECTION('',(1.0,-3.1853161699816E-29,6.12303176911189E-17));
#12778=DIRECTION('',(-3.6811327862151E-13,1.0,-1.73021770071475E-16));
#12779=DIRECTION('',(-0.246889237117142,0.969043706236058,-1.82782763752764E-16));
#12780=CARTESIAN_POINT('',(5.07999999999997,-7.15099999999992,3.88499999985226));
#12781=DIRECTION('',(6.12303176911189E-17,-1.73021770071453E-16,-1.0));
#12782=DIRECTION('',(-1.0,1.05941779489548E-32,-6.12303176911189E-17));
#12783=DIRECTION('',(1.0,0.0,6.12303176911189E-17));
#12784=CARTESIAN_POINT('',(5.07999999999997,-7.15099999999992,3.88499999985226));
#12785=DIRECTION('',(6.12303176911189E-17,-1.73021770071453E-16,-1.0));
#12786=DIRECTION('',(-1.0,1.05941779489548E-32,-6.12303176911189E-17));
#12787=DIRECTION('',(-0.246889237116917,-0.969043706236115,1.52548550906387E-16));
#12788=DIRECTION('',(6.6735707317471E-14,-1.0,1.73021770071457E-16));
#12789=DIRECTION('',(-1.22460635286488E-16,-2.60109394340413E-13,1.0));
#12790=DIRECTION('',(3.6811327862151E-13,-1.0,1.73021770071475E-16));
#12791=DIRECTION('',(1.22460635382238E-16,0.0,-1.0));
#12792=DIRECTION('',(1.22460635382238E-16,0.0,-1.0));
#12793=CARTESIAN_POINT('',(5.07999999999997,-7.15099999999992,3.73499999985226));
#12794=DIRECTION('',(-6.12303176911189E-17,1.73021770071453E-16,1.0));
#12795=DIRECTION('',(-1.0,1.05941779489548E-32,-6.12303176911189E-17));
#12796=DIRECTION('',(1.22460635382238E-16,0.0,-1.0));
#12797=DIRECTION('',(0.246889237116917,0.969043706236115,-1.52548550906387E-16));
#12798=DIRECTION('',(1.22460635382238E-16,0.0,-1.0));
#12799=DIRECTION('',(1.22460635364879E-16,2.60109394340413E-13,-1.0));
#12800=DIRECTION('',(-6.6735707317471E-14,1.0,-1.73021770071457E-16));
#12801=DIRECTION('',(1.22460635382238E-16,0.0,-1.0));
#12802=DIRECTION('',(-1.0,-4.54747350886878E-12,-8.01903503988099E-13));
#12803=DIRECTION('',(-6.12303176911189E-17,1.83690953073357E-16,-1.0));
#12804=DIRECTION('',(1.20600183163234E-16,0.173648177666693,-0.98480775301225));
#12805=DIRECTION('',(1.22460635382238E-16,0.0,-1.0));
#12806=DIRECTION('',(2.12650661700561E-17,-0.984807753012214,-0.173648177666898));
#12807=DIRECTION('',(1.0,0.0,6.12303176911189E-17));
#12808=DIRECTION('',(1.22460635382238E-16,0.0,-1.0));
#12809=DIRECTION('',(-1.0,0.0,-6.12303176911189E-17));
#12810=DIRECTION('',(-2.12650661700561E-17,0.984807753012214,0.173648177666898));
#12811=DIRECTION('',(-1.20600183163234E-16,-0.173648177666693,0.98480775301225));
#12812=DIRECTION('',(0.246889237117142,-0.969043706236058,1.82782763752764E-16));
#12813=DIRECTION('',(1.22460635382238E-16,0.0,-1.0));
#12814=CARTESIAN_POINT('',(5.07999999999997,-7.15099999999992,3.73499999985226));
#12815=DIRECTION('',(-6.12303176911189E-17,1.73021770071453E-16,1.0));
#12816=DIRECTION('',(-1.0,1.05941779489548E-32,-6.12303176911189E-17));
#12817=DIRECTION('',(-1.22460635382238E-16,0.0,1.0));
#12818=DIRECTION('',(1.0,0.0,6.12303176911189E-17));
#12819=DIRECTION('',(-1.0,3.1853161699816E-29,-6.12303176911189E-17));
#12820=DIRECTION('',(1.0632533085028E-17,0.984807753012214,0.173648177666898));
#12821=DIRECTION('',(1.0,0.0,6.12303176911189E-17));
#12822=DIRECTION('',(-1.0632533085028E-17,-0.984807753012214,-0.173648177666898));
#12823=CARTESIAN_POINT('',(4.465,-0.400000000000057,2.46010589693821));
#12824=DIRECTION('',(-1.0,0.0,6.12303176911189E-17));
#12825=DIRECTION('',(-6.12303176911189E-17,0.0,-1.0));
#12826=DIRECTION('',(1.0,0.0,6.12303176911189E-17));
#12827=CARTESIAN_POINT('',(5.695,-0.400000000000057,2.46010589693821));
#12828=DIRECTION('',(1.0,0.0,-6.12303176911189E-17));
#12829=DIRECTION('',(-6.12303176911189E-17,0.0,-1.0));
#12830=DIRECTION('',(-5.20263168867858E-17,0.527294980824413,-0.849682295447765));
#12831=DIRECTION('',(1.0,0.0,6.12303176911189E-17));
#12832=DIRECTION('',(5.20263168867858E-17,-0.527294980824413,0.849682295447765));
#12833=CARTESIAN_POINT('',(4.465,-1.3081119489868,3.92365915036066));
#12834=DIRECTION('',(-1.0,0.0,6.12303176911189E-17));
#12835=DIRECTION('',(-6.12303176911189E-17,0.0,-1.0));
#12836=DIRECTION('',(1.0,0.0,6.12303176911189E-17));
#12837=CARTESIAN_POINT('',(5.695,-1.3081119489868,3.92365915036066));
#12838=DIRECTION('',(1.0,0.0,-6.12303176911189E-17));
#12839=DIRECTION('',(-6.12303176911189E-17,0.0,-1.0));
#12840=DIRECTION('',(0.0,-1.0,0.0));
#12841=DIRECTION('',(0.0,1.0,0.0));
#12842=DIRECTION('',(6.12303176911189E-17,-1.83690953073357E-16,1.0));
#12843=DIRECTION('',(0.0,1.0,0.0));
#12844=DIRECTION('',(-6.12303176911189E-17,0.0,-1.0));
#12845=DIRECTION('',(1.22460635382238E-16,0.0,-1.0));
#12846=DIRECTION('',(-1.0,2.27373675443439E-12,4.00859906517513E-13));
#12847=DIRECTION('',(1.22460635382238E-16,0.0,-1.0));
#12848=DIRECTION('',(1.0,0.0,6.12303176911189E-17));
#12849=DIRECTION('',(3.34283572101893E-31,-1.0,5.45944533210187E-15));
#12850=DIRECTION('',(1.0,0.0,6.12303176911189E-17));
#12851=DIRECTION('',(-3.34283572101893E-31,1.0,-5.45944533210187E-15));
#12852=DIRECTION('',(1.0,-3.1853161699816E-29,6.12303176911189E-17));
#12853=DIRECTION('',(-3.6811327862151E-13,1.0,-1.73021770071475E-16));
#12854=DIRECTION('',(-0.246889237117142,0.969043706236058,-1.82782763752764E-16));
#12855=CARTESIAN_POINT('',(7.61999999999997,-7.15099999999992,3.88499999985226));
#12856=DIRECTION('',(6.12303176911189E-17,-1.73021770071453E-16,-1.0));
#12857=DIRECTION('',(-1.0,1.05941779489548E-32,-6.12303176911189E-17));
#12858=DIRECTION('',(1.0,0.0,6.12303176911189E-17));
#12859=CARTESIAN_POINT('',(7.61999999999997,-7.15099999999992,3.88499999985226));
#12860=DIRECTION('',(6.12303176911189E-17,-1.73021770071453E-16,-1.0));
#12861=DIRECTION('',(-1.0,1.05941779489548E-32,-6.12303176911189E-17));
#12862=DIRECTION('',(-0.246889237116917,-0.969043706236115,1.52548550906387E-16));
#12863=DIRECTION('',(6.6735707317471E-14,-1.0,1.73021770071457E-16));
#12864=DIRECTION('',(-1.22460635286488E-16,-2.60109394340413E-13,1.0));
#12865=DIRECTION('',(3.6811327862151E-13,-1.0,1.73021770071475E-16));
#12866=DIRECTION('',(1.22460635382238E-16,0.0,-1.0));
#12867=DIRECTION('',(1.22460635382238E-16,0.0,-1.0));
#12868=CARTESIAN_POINT('',(7.61999999999997,-7.15099999999992,3.73499999985226));
#12869=DIRECTION('',(-6.12303176911189E-17,1.73021770071453E-16,1.0));
#12870=DIRECTION('',(-1.0,1.05941779489548E-32,-6.12303176911189E-17));
#12871=DIRECTION('',(1.22460635382238E-16,0.0,-1.0));
#12872=DIRECTION('',(0.246889237116917,0.969043706236115,-1.52548550906387E-16));
#12873=DIRECTION('',(1.22460635382238E-16,0.0,-1.0));
#12874=DIRECTION('',(1.22460635364879E-16,2.60109394340413E-13,-1.0));
#12875=DIRECTION('',(-6.6735707317471E-14,1.0,-1.73021770071457E-16));
#12876=DIRECTION('',(1.22460635382238E-16,0.0,-1.0));
#12877=DIRECTION('',(-1.0,-4.54747350886878E-12,-8.01903503988099E-13));
#12878=DIRECTION('',(-6.12303176911189E-17,1.83690953073357E-16,-1.0));
#12879=DIRECTION('',(1.20600183163234E-16,0.173648177666693,-0.98480775301225));
#12880=DIRECTION('',(1.22460635382238E-16,0.0,-1.0));
#12881=DIRECTION('',(2.12650661700561E-17,-0.984807753012214,-0.173648177666898));
#12882=DIRECTION('',(1.0,0.0,6.12303176911189E-17));
#12883=DIRECTION('',(1.22460635382238E-16,0.0,-1.0));
#12884=DIRECTION('',(-1.0,0.0,-6.12303176911189E-17));
#12885=DIRECTION('',(-2.12650661700561E-17,0.984807753012214,0.173648177666898));
#12886=DIRECTION('',(-1.20600183163234E-16,-0.173648177666693,0.98480775301225));
#12887=DIRECTION('',(0.246889237117142,-0.969043706236058,1.82782763752764E-16));
#12888=DIRECTION('',(1.22460635382238E-16,0.0,-1.0));
#12889=CARTESIAN_POINT('',(7.61999999999997,-7.15099999999992,3.73499999985226));
#12890=DIRECTION('',(-6.12303176911189E-17,1.73021770071453E-16,1.0));
#12891=DIRECTION('',(-1.0,1.05941779489548E-32,-6.12303176911189E-17));
#12892=DIRECTION('',(-1.22460635382238E-16,0.0,1.0));
#12893=DIRECTION('',(1.0,0.0,6.12303176911189E-17));
#12894=DIRECTION('',(-1.0,3.1853161699816E-29,-6.12303176911189E-17));
#12895=DIRECTION('',(1.0632533085028E-17,0.984807753012214,0.173648177666898));
#12896=DIRECTION('',(1.0,0.0,6.12303176911189E-17));
#12897=DIRECTION('',(-1.0632533085028E-17,-0.984807753012214,-0.173648177666898));
#12898=CARTESIAN_POINT('',(7.005,-0.400000000000057,2.46010589693821));
#12899=DIRECTION('',(-1.0,0.0,6.12303176911189E-17));
#12900=DIRECTION('',(-6.12303176911189E-17,0.0,-1.0));
#12901=DIRECTION('',(1.0,0.0,6.12303176911189E-17));
#12902=CARTESIAN_POINT('',(8.235,-0.400000000000057,2.46010589693821));
#12903=DIRECTION('',(1.0,0.0,-6.12303176911189E-17));
#12904=DIRECTION('',(-6.12303176911189E-17,0.0,-1.0));
#12905=DIRECTION('',(-5.20263168867858E-17,0.527294980824413,-0.849682295447765));
#12906=DIRECTION('',(1.0,0.0,6.12303176911189E-17));
#12907=DIRECTION('',(5.20263168867858E-17,-0.527294980824413,0.849682295447765));
#12908=CARTESIAN_POINT('',(7.005,-1.3081119489868,3.92365915036066));
#12909=DIRECTION('',(-1.0,0.0,6.12303176911189E-17));
#12910=DIRECTION('',(-6.12303176911189E-17,0.0,-1.0));
#12911=DIRECTION('',(1.0,0.0,6.12303176911189E-17));
#12912=CARTESIAN_POINT('',(8.235,-1.3081119489868,3.92365915036066));
#12913=DIRECTION('',(1.0,0.0,-6.12303176911189E-17));
#12914=DIRECTION('',(-6.12303176911189E-17,0.0,-1.0));
#12915=DIRECTION('',(0.0,-1.0,0.0));
#12916=DIRECTION('',(0.0,1.0,0.0));
#12917=DIRECTION('',(6.12303176911189E-17,-1.83690953073357E-16,1.0));
#12918=DIRECTION('',(0.0,1.0,0.0));
#12919=DIRECTION('',(-6.12303176911189E-17,0.0,-1.0));
#12920=DIRECTION('',(0.0,0.984807753012184,-0.173648177667068));
#12921=DIRECTION('',(0.0,0.0,1.0));
#12922=DIRECTION('',(0.0,0.984807753012214,-0.173648177666898));
#12923=DIRECTION('',(0.0,0.0,1.0));
#12924=DIRECTION('',(0.0,-0.173648177666693,-0.98480775301225));
#12925=DIRECTION('',(1.0,2.27373675443439E-12,-4.00982367153299E-13));
#12926=DIRECTION('',(0.0,0.0,1.0));
#12927=DIRECTION('',(1.0,2.27373675443439E-12,-4.00982367152895E-13));
#12928=DIRECTION('',(-1.0,0.0,6.12303176911189E-17));
#12929=DIRECTION('',(-3.34283572101893E-31,-1.0,-5.45944533210187E-15));
#12930=DIRECTION('',(-1.0,0.0,6.12303176911189E-17));
#12931=DIRECTION('',(3.34283572101893E-31,1.0,5.45944533210187E-15));
#12932=DIRECTION('',(-1.0,0.0,6.12303176911189E-17));
#12933=DIRECTION('',(3.6811327862151E-13,1.0,1.7302177007143E-16));
#12934=DIRECTION('',(0.246889237117142,0.969043706236058,1.52548550906363E-16));
#12935=CARTESIAN_POINT('',(-7.61999999999997,-7.15099999999992,-3.88499999985226));
#12936=DIRECTION('',(6.12303176911189E-17,-1.73021770071453E-16,1.0));
#12937=DIRECTION('',(1.0,1.05941779489548E-32,-6.12303176911189E-17));
#12938=DIRECTION('',(-1.0,0.0,6.12303176911189E-17));
#12939=CARTESIAN_POINT('',(-7.61999999999997,-7.15099999999992,-3.88499999985226));
#12940=DIRECTION('',(6.12303176911189E-17,-1.73021770071453E-16,1.0));
#12941=DIRECTION('',(1.0,1.05941779489548E-32,-6.12303176911189E-17));
#12942=DIRECTION('',(0.246889237116917,-0.969043706236115,-1.8278276375276E-16));
#12943=DIRECTION('',(-6.6735707317471E-14,-1.0,-1.73021770071449E-16));
#12944=DIRECTION('',(-9.55628935553612E-26,-2.59601863814871E-13,-1.0));
#12945=DIRECTION('',(-3.6811327862151E-13,-1.0,-1.7302177007143E-16));
#12946=DIRECTION('',(0.0,0.0,1.0));
#12947=DIRECTION('',(0.0,0.0,1.0));
#12948=CARTESIAN_POINT('',(-7.61999999999997,-7.15099999999992,-3.73499999985226));
#12949=DIRECTION('',(-6.12303176911189E-17,1.73021770071453E-16,-1.0));
#12950=DIRECTION('',(1.0,1.05941779489548E-32,-6.12303176911189E-17));
#12951=DIRECTION('',(0.0,0.0,1.0));
#12952=DIRECTION('',(-0.246889237116917,0.969043706236115,1.8278276375276E-16));
#12953=DIRECTION('',(0.0,0.0,1.0));
#12954=DIRECTION('',(1.7324716681431E-26,2.59601863814871E-13,1.0));
#12955=DIRECTION('',(6.6735707317471E-14,1.0,1.73021770071449E-16));
#12956=DIRECTION('',(1.0,-4.54747350886878E-12,8.01781043353524E-13));
#12957=DIRECTION('',(0.0,0.0,1.0));
#12958=DIRECTION('',(1.0,-4.54747350886878E-12,8.01781043352717E-13));
#12959=DIRECTION('',(6.12303176911189E-17,-1.83690953073357E-16,1.0));
#12960=DIRECTION('',(0.0,-0.984807753012184,0.173648177667068));
#12961=DIRECTION('',(0.0,0.173648177666693,0.98480775301225));
#12962=DIRECTION('',(0.0,0.0,1.0));
#12963=DIRECTION('',(0.0,-0.984807753012214,0.173648177666898));
#12964=DIRECTION('',(-1.0,0.0,6.12303176911189E-17));
#12965=DIRECTION('',(1.0,0.0,-6.12303176911189E-17));
#12966=DIRECTION('',(-0.246889237117142,-0.969043706236058,-1.52548550906363E-16));
#12967=DIRECTION('',(0.0,0.0,1.0));
#12968=CARTESIAN_POINT('',(-7.61999999999997,-7.15099999999992,-3.73499999985226));
#12969=DIRECTION('',(-6.12303176911189E-17,1.73021770071453E-16,-1.0));
#12970=DIRECTION('',(1.0,1.05941779489548E-32,-6.12303176911189E-17));
#12971=DIRECTION('',(0.0,-0.0,-1.0));
#12972=DIRECTION('',(-1.0,0.0,6.12303176911189E-17));
#12973=DIRECTION('',(1.0,0.0,-6.12303176911189E-17));
#12974=DIRECTION('',(-1.0632533085028E-17,0.984807753012214,-0.173648177666898));
#12975=DIRECTION('',(-1.0,0.0,6.12303176911189E-17));
#12976=DIRECTION('',(1.0632533085028E-17,-0.984807753012214,0.173648177666898));
#12977=CARTESIAN_POINT('',(-7.005,-0.400000000000057,-2.46010589693821));
#12978=DIRECTION('',(1.0,0.0,-6.12303176911189E-17));
#12979=DIRECTION('',(6.12303176911189E-17,0.0,1.0));
#12980=DIRECTION('',(-1.0,0.0,6.12303176911189E-17));
#12981=CARTESIAN_POINT('',(-8.235,-0.400000000000057,-2.46010589693821));
#12982=DIRECTION('',(-1.0,0.0,6.12303176911189E-17));
#12983=DIRECTION('',(6.12303176911189E-17,0.0,1.0));
#12984=DIRECTION('',(5.20263168867858E-17,0.527294980824413,0.849682295447765));
#12985=DIRECTION('',(-1.0,0.0,6.12303176911189E-17));
#12986=DIRECTION('',(-5.20263168867858E-17,-0.527294980824413,-0.849682295447765));
#12987=CARTESIAN_POINT('',(-7.005,-1.3081119489868,-3.92365915036066));
#12988=DIRECTION('',(1.0,0.0,-6.12303176911189E-17));
#12989=DIRECTION('',(6.12303176911189E-17,0.0,1.0));
#12990=DIRECTION('',(-1.0,0.0,6.12303176911189E-17));
#12991=CARTESIAN_POINT('',(-8.235,-1.3081119489868,-3.92365915036066));
#12992=DIRECTION('',(-1.0,0.0,6.12303176911189E-17));
#12993=DIRECTION('',(6.12303176911189E-17,0.0,1.0));
#12994=DIRECTION('',(0.0,-1.0,0.0));
#12995=DIRECTION('',(0.0,1.0,0.0));
#12996=DIRECTION('',(1.0,0.0,-6.12303176911189E-17));
#12997=DIRECTION('',(-1.0,0.0,6.12303176911189E-17));
#12998=DIRECTION('',(1.0,2.27373675443439E-12,-4.00982367153299E-13));
#12999=DIRECTION('',(0.0,0.984807753012184,-0.173648177667068));
#13000=DIRECTION('',(1.0,0.0,-6.12303176911189E-17));
#13001=DIRECTION('',(0.0,-0.984807753012184,0.173648177667068));
#13002=DIRECTION('',(1.0,-4.54747350886878E-12,8.01781043353524E-13));
#13003=DIRECTION('',(-1.0,0.0,6.12303176911189E-17));
#13004=DIRECTION('',(1.0,2.27373675443439E-12,-4.00982367153299E-13));
#13005=DIRECTION('',(0.0,0.984807753012184,-0.173648177667068));
#13006=DIRECTION('',(1.0,0.0,-6.12303176911189E-17));
#13007=DIRECTION('',(0.0,-0.984807753012184,0.173648177667068));
#13008=DIRECTION('',(1.0,-4.54747350886878E-12,8.01781043353524E-13));
#13009=DIRECTION('',(-1.0,0.0,6.12303176911189E-17));
#13010=DIRECTION('',(1.0,2.27373675443439E-12,-4.00982367153299E-13));
#13011=DIRECTION('',(0.0,0.984807753012184,-0.173648177667068));
#13012=DIRECTION('',(1.0,0.0,-6.12303176911189E-17));
#13013=DIRECTION('',(0.0,-0.984807753012184,0.173648177667068));
#13014=DIRECTION('',(1.0,-4.54747350886878E-12,8.01781043353524E-13));
#13015=DIRECTION('',(-1.0,0.0,6.12303176911189E-17));
#13016=DIRECTION('',(1.0,2.27373675443439E-12,-4.00982367153299E-13));
#13017=DIRECTION('',(0.0,0.984807753012184,-0.173648177667068));
#13018=DIRECTION('',(1.0,0.0,-6.12303176911189E-17));
#13019=DIRECTION('',(0.0,-0.984807753012184,0.173648177667068));
#13020=DIRECTION('',(1.0,-4.54747350886878E-12,8.01781043353524E-13));
#13021=DIRECTION('',(-1.0,0.0,6.12303176911189E-17));
#13022=DIRECTION('',(1.0,2.27373675443439E-12,-4.00982367153299E-13));
#13023=DIRECTION('',(0.0,0.984807753012184,-0.173648177667068));
#13024=DIRECTION('',(1.0,0.0,-6.12303176911189E-17));
#13025=DIRECTION('',(0.0,-0.984807753012184,0.173648177667068));
#13026=DIRECTION('',(1.0,-4.54747350886878E-12,8.01781043353524E-13));
#13027=DIRECTION('',(-1.0,0.0,6.12303176911189E-17));
#13028=DIRECTION('',(1.0,2.27373675443439E-12,-4.00982367153299E-13));
#13029=DIRECTION('',(0.0,0.984807753012184,-0.173648177667068));
#13030=DIRECTION('',(1.0,0.0,-6.12303176911189E-17));
#13031=DIRECTION('',(0.0,-0.984807753012184,0.173648177667068));
#13032=DIRECTION('',(1.0,-4.54747350886878E-12,8.01781043353524E-13));
#13033=DIRECTION('',(-1.0,0.0,6.12303176911189E-17));
#13034=DIRECTION('',(-1.06325330850384E-17,0.984807753012184,-0.173648177667068));
#13035=DIRECTION('',(-1.0,0.0,6.12303176911189E-17));
#13036=DIRECTION('',(1.06325330850384E-17,-0.984807753012184,0.173648177667068));
#13037=DIRECTION('',(-1.0,0.0,6.12303176911189E-17));
#13038=DIRECTION('',(-6.12303176911189E-17,0.0,-1.0));
#13039=DIRECTION('',(0.0,-1.0,0.0));
#13040=DIRECTION('',(6.12303176911189E-17,-1.83690953073357E-16,1.0));
#13041=DIRECTION('',(0.0,0.0,1.0));
#13042=DIRECTION('',(0.0,0.984807753012214,-0.173648177666898));
#13043=DIRECTION('',(0.0,0.0,1.0));
#13044=DIRECTION('',(0.0,-0.173648177666693,-0.98480775301225));
#13045=DIRECTION('',(0.0,0.0,1.0));
#13046=DIRECTION('',(1.0,2.27373675443439E-12,-4.00982367152895E-13));
#13047=DIRECTION('',(-1.0,0.0,6.12303176911189E-17));
#13048=DIRECTION('',(-3.34283572101893E-31,-1.0,-5.45944533210187E-15));
#13049=DIRECTION('',(-1.0,0.0,6.12303176911189E-17));
#13050=DIRECTION('',(3.34283572101893E-31,1.0,5.45944533210187E-15));
#13051=DIRECTION('',(-1.0,0.0,6.12303176911189E-17));
#13052=DIRECTION('',(3.6811327862151E-13,1.0,1.7302177007143E-16));
#13053=DIRECTION('',(0.246889237117142,0.969043706236058,1.52548550906363E-16));
#13054=CARTESIAN_POINT('',(-5.07999999999997,-7.15099999999992,-3.88499999985226));
#13055=DIRECTION('',(6.12303176911189E-17,-1.73021770071453E-16,1.0));
#13056=DIRECTION('',(1.0,1.05941779489548E-32,-6.12303176911189E-17));
#13057=DIRECTION('',(-1.0,0.0,6.12303176911189E-17));
#13058=CARTESIAN_POINT('',(-5.07999999999997,-7.15099999999992,-3.88499999985226));
#13059=DIRECTION('',(6.12303176911189E-17,-1.73021770071453E-16,1.0));
#13060=DIRECTION('',(1.0,1.05941779489548E-32,-6.12303176911189E-17));
#13061=DIRECTION('',(0.246889237116917,-0.969043706236115,-1.8278276375276E-16));
#13062=DIRECTION('',(-6.6735707317471E-14,-1.0,-1.73021770071449E-16));
#13063=DIRECTION('',(-9.55628935553612E-26,-2.59601863814871E-13,-1.0));
#13064=DIRECTION('',(-3.6811327862151E-13,-1.0,-1.7302177007143E-16));
#13065=DIRECTION('',(0.0,0.0,1.0));
#13066=DIRECTION('',(0.0,0.0,1.0));
#13067=CARTESIAN_POINT('',(-5.07999999999997,-7.15099999999992,-3.73499999985226));
#13068=DIRECTION('',(-6.12303176911189E-17,1.73021770071453E-16,-1.0));
#13069=DIRECTION('',(1.0,1.05941779489548E-32,-6.12303176911189E-17));
#13070=DIRECTION('',(0.0,0.0,1.0));
#13071=DIRECTION('',(-0.246889237116917,0.969043706236115,1.8278276375276E-16));
#13072=DIRECTION('',(0.0,0.0,1.0));
#13073=DIRECTION('',(1.7324716681431E-26,2.59601863814871E-13,1.0));
#13074=DIRECTION('',(6.6735707317471E-14,1.0,1.73021770071449E-16));
#13075=DIRECTION('',(0.0,0.0,1.0));
#13076=DIRECTION('',(1.0,-4.54747350886878E-12,8.01781043352717E-13));
#13077=DIRECTION('',(6.12303176911189E-17,-1.83690953073357E-16,1.0));
#13078=DIRECTION('',(0.0,0.173648177666693,0.98480775301225));
#13079=DIRECTION('',(0.0,0.0,1.0));
#13080=DIRECTION('',(0.0,-0.984807753012214,0.173648177666898));
#13081=DIRECTION('',(-1.0,0.0,6.12303176911189E-17));
#13082=DIRECTION('',(1.0,0.0,-6.12303176911189E-17));
#13083=DIRECTION('',(-0.246889237117142,-0.969043706236058,-1.52548550906363E-16));
#13084=DIRECTION('',(0.0,0.0,1.0));
#13085=CARTESIAN_POINT('',(-5.07999999999997,-7.15099999999992,-3.73499999985226));
#13086=DIRECTION('',(-6.12303176911189E-17,1.73021770071453E-16,-1.0));
#13087=DIRECTION('',(1.0,1.05941779489548E-32,-6.12303176911189E-17));
#13088=DIRECTION('',(0.0,-0.0,-1.0));
#13089=DIRECTION('',(-1.0,0.0,6.12303176911189E-17));
#13090=DIRECTION('',(1.0,0.0,-6.12303176911189E-17));
#13091=DIRECTION('',(-1.0632533085028E-17,0.984807753012214,-0.173648177666898));
#13092=DIRECTION('',(-1.0,0.0,6.12303176911189E-17));
#13093=DIRECTION('',(1.0632533085028E-17,-0.984807753012214,0.173648177666898));
#13094=CARTESIAN_POINT('',(-4.465,-0.400000000000057,-2.46010589693821));
#13095=DIRECTION('',(1.0,0.0,-6.12303176911189E-17));
#13096=DIRECTION('',(6.12303176911189E-17,0.0,1.0));
#13097=DIRECTION('',(-1.0,0.0,6.12303176911189E-17));
#13098=CARTESIAN_POINT('',(-5.695,-0.400000000000057,-2.46010589693821));
#13099=DIRECTION('',(-1.0,0.0,6.12303176911189E-17));
#13100=DIRECTION('',(6.12303176911189E-17,0.0,1.0));
#13101=DIRECTION('',(5.20263168867858E-17,0.527294980824413,0.849682295447765));
#13102=DIRECTION('',(-1.0,0.0,6.12303176911189E-17));
#13103=DIRECTION('',(-5.20263168867858E-17,-0.527294980824413,-0.849682295447765));
#13104=CARTESIAN_POINT('',(-4.465,-1.3081119489868,-3.92365915036066));
#13105=DIRECTION('',(1.0,0.0,-6.12303176911189E-17));
#13106=DIRECTION('',(6.12303176911189E-17,0.0,1.0));
#13107=DIRECTION('',(-1.0,0.0,6.12303176911189E-17));
#13108=CARTESIAN_POINT('',(-5.695,-1.3081119489868,-3.92365915036066));
#13109=DIRECTION('',(-1.0,0.0,6.12303176911189E-17));
#13110=DIRECTION('',(6.12303176911189E-17,0.0,1.0));
#13111=DIRECTION('',(0.0,-1.0,0.0));
#13112=DIRECTION('',(0.0,1.0,0.0));
#13113=DIRECTION('',(-6.12303176911189E-17,0.0,-1.0));
#13114=DIRECTION('',(0.0,-1.0,0.0));
#13115=DIRECTION('',(6.12303176911189E-17,-1.83690953073357E-16,1.0));
#13116=DIRECTION('',(0.0,0.0,1.0));
#13117=DIRECTION('',(0.0,0.984807753012214,-0.173648177666898));
#13118=DIRECTION('',(0.0,0.0,1.0));
#13119=DIRECTION('',(0.0,-0.173648177666693,-0.98480775301225));
#13120=DIRECTION('',(0.0,0.0,1.0));
#13121=DIRECTION('',(1.0,2.27373675443439E-12,-4.00982367152895E-13));
#13122=DIRECTION('',(-1.0,0.0,6.12303176911189E-17));
#13123=DIRECTION('',(-3.34283572101893E-31,-1.0,-5.45944533210187E-15));
#13124=DIRECTION('',(-1.0,0.0,6.12303176911189E-17));
#13125=DIRECTION('',(3.34283572101893E-31,1.0,5.45944533210187E-15));
#13126=DIRECTION('',(-1.0,0.0,6.12303176911189E-17));
#13127=DIRECTION('',(3.6811327862151E-13,1.0,1.7302177007143E-16));
#13128=DIRECTION('',(0.246889237117142,0.969043706236058,1.52548550906363E-16));
#13129=CARTESIAN_POINT('',(-2.53999999999997,-7.15099999999992,-3.88499999985226));
#13130=DIRECTION('',(6.12303176911189E-17,-1.73021770071453E-16,1.0));
#13131=DIRECTION('',(1.0,1.05941779489548E-32,-6.12303176911189E-17));
#13132=DIRECTION('',(-1.0,0.0,6.12303176911189E-17));
#13133=CARTESIAN_POINT('',(-2.53999999999997,-7.15099999999992,-3.88499999985226));
#13134=DIRECTION('',(6.12303176911189E-17,-1.73021770071453E-16,1.0));
#13135=DIRECTION('',(1.0,1.05941779489548E-32,-6.12303176911189E-17));
#13136=DIRECTION('',(0.246889237116917,-0.969043706236115,-1.8278276375276E-16));
#13137=DIRECTION('',(-6.6735707317471E-14,-1.0,-1.73021770071449E-16));
#13138=DIRECTION('',(-9.55628935553612E-26,-2.59601863814871E-13,-1.0));
#13139=DIRECTION('',(-3.6811327862151E-13,-1.0,-1.7302177007143E-16));
#13140=DIRECTION('',(0.0,0.0,1.0));
#13141=DIRECTION('',(0.0,0.0,1.0));
#13142=CARTESIAN_POINT('',(-2.53999999999997,-7.15099999999992,-3.73499999985226));
#13143=DIRECTION('',(-6.12303176911189E-17,1.73021770071453E-16,-1.0));
#13144=DIRECTION('',(1.0,1.05941779489548E-32,-6.12303176911189E-17));
#13145=DIRECTION('',(0.0,0.0,1.0));
#13146=DIRECTION('',(-0.246889237116917,0.969043706236115,1.8278276375276E-16));
#13147=DIRECTION('',(0.0,0.0,1.0));
#13148=DIRECTION('',(1.7324716681431E-26,2.59601863814871E-13,1.0));
#13149=DIRECTION('',(6.6735707317471E-14,1.0,1.73021770071449E-16));
#13150=DIRECTION('',(0.0,0.0,1.0));
#13151=DIRECTION('',(1.0,-4.54747350886878E-12,8.01781043352717E-13));
#13152=DIRECTION('',(6.12303176911189E-17,-1.83690953073357E-16,1.0));
#13153=DIRECTION('',(0.0,0.173648177666693,0.98480775301225));
#13154=DIRECTION('',(0.0,0.0,1.0));
#13155=DIRECTION('',(0.0,-0.984807753012214,0.173648177666898));
#13156=DIRECTION('',(-1.0,0.0,6.12303176911189E-17));
#13157=DIRECTION('',(1.0,0.0,-6.12303176911189E-17));
#13158=DIRECTION('',(-0.246889237117142,-0.969043706236058,-1.52548550906363E-16));
#13159=DIRECTION('',(0.0,0.0,1.0));
#13160=CARTESIAN_POINT('',(-2.53999999999997,-7.15099999999992,-3.73499999985226));
#13161=DIRECTION('',(-6.12303176911189E-17,1.73021770071453E-16,-1.0));
#13162=DIRECTION('',(1.0,1.05941779489548E-32,-6.12303176911189E-17));
#13163=DIRECTION('',(0.0,-0.0,-1.0));
#13164=DIRECTION('',(-1.0,0.0,6.12303176911189E-17));
#13165=DIRECTION('',(1.0,0.0,-6.12303176911189E-17));
#13166=DIRECTION('',(-1.0632533085028E-17,0.984807753012214,-0.173648177666898));
#13167=DIRECTION('',(-1.0,0.0,6.12303176911189E-17));
#13168=DIRECTION('',(1.0632533085028E-17,-0.984807753012214,0.173648177666898));
#13169=CARTESIAN_POINT('',(-1.925,-0.400000000000057,-2.46010589693821));
#13170=DIRECTION('',(1.0,0.0,-6.12303176911189E-17));
#13171=DIRECTION('',(6.12303176911189E-17,0.0,1.0));
#13172=DIRECTION('',(-1.0,0.0,6.12303176911189E-17));
#13173=CARTESIAN_POINT('',(-3.155,-0.400000000000057,-2.46010589693821));
#13174=DIRECTION('',(-1.0,0.0,6.12303176911189E-17));
#13175=DIRECTION('',(6.12303176911189E-17,0.0,1.0));
#13176=DIRECTION('',(5.20263168867858E-17,0.527294980824413,0.849682295447765));
#13177=DIRECTION('',(-1.0,0.0,6.12303176911189E-17));
#13178=DIRECTION('',(-5.20263168867858E-17,-0.527294980824413,-0.849682295447765));
#13179=CARTESIAN_POINT('',(-1.925,-1.3081119489868,-3.92365915036066));
#13180=DIRECTION('',(1.0,0.0,-6.12303176911189E-17));
#13181=DIRECTION('',(6.12303176911189E-17,0.0,1.0));
#13182=DIRECTION('',(-1.0,0.0,6.12303176911189E-17));
#13183=CARTESIAN_POINT('',(-3.155,-1.3081119489868,-3.92365915036066));
#13184=DIRECTION('',(-1.0,0.0,6.12303176911189E-17));
#13185=DIRECTION('',(6.12303176911189E-17,0.0,1.0));
#13186=DIRECTION('',(0.0,-1.0,0.0));
#13187=DIRECTION('',(0.0,1.0,0.0));
#13188=DIRECTION('',(-6.12303176911189E-17,0.0,-1.0));
#13189=DIRECTION('',(0.0,-1.0,0.0));
#13190=DIRECTION('',(6.12303176911189E-17,-1.83690953073357E-16,1.0));
#13191=DIRECTION('',(0.0,0.0,1.0));
#13192=DIRECTION('',(0.0,0.984807753012214,-0.173648177666898));
#13193=DIRECTION('',(0.0,0.0,1.0));
#13194=DIRECTION('',(0.0,-0.173648177666693,-0.98480775301225));
#13195=DIRECTION('',(0.0,0.0,1.0));
#13196=DIRECTION('',(1.0,2.27373675443439E-12,-4.00982367152895E-13));
#13197=DIRECTION('',(-1.0,0.0,6.12303176911189E-17));
#13198=DIRECTION('',(-3.34283572101893E-31,-1.0,-5.45944533210187E-15));
#13199=DIRECTION('',(-1.0,0.0,6.12303176911189E-17));
#13200=DIRECTION('',(3.34283572101893E-31,1.0,5.45944533210187E-15));
#13201=DIRECTION('',(-1.0,0.0,6.12303176911189E-17));
#13202=DIRECTION('',(3.6811327862151E-13,1.0,1.7302177007143E-16));
#13203=DIRECTION('',(0.246889237117142,0.969043706236058,1.52548550906363E-16));
#13204=CARTESIAN_POINT('',(2.64074728067828E-14,-7.15099999999992,-3.88499999985226));
#13205=DIRECTION('',(6.12303176911189E-17,-1.73021770071453E-16,1.0));
#13206=DIRECTION('',(1.0,1.05941779489548E-32,-6.12303176911189E-17));
#13207=DIRECTION('',(-1.0,0.0,6.12303176911189E-17));
#13208=CARTESIAN_POINT('',(2.64074728067828E-14,-7.15099999999992,-3.88499999985226));
#13209=DIRECTION('',(6.12303176911189E-17,-1.73021770071453E-16,1.0));
#13210=DIRECTION('',(1.0,1.05941779489548E-32,-6.12303176911189E-17));
#13211=DIRECTION('',(0.246889237116917,-0.969043706236115,-1.8278276375276E-16));
#13212=DIRECTION('',(-6.6735707317471E-14,-1.0,-1.73021770071449E-16));
#13213=DIRECTION('',(-9.55628935553612E-26,-2.59601863814871E-13,-1.0));
#13214=DIRECTION('',(-3.6811327862151E-13,-1.0,-1.7302177007143E-16));
#13215=DIRECTION('',(0.0,0.0,1.0));
#13216=DIRECTION('',(0.0,0.0,1.0));
#13217=CARTESIAN_POINT('',(2.64166573544365E-14,-7.15099999999992,-3.73499999985226));
#13218=DIRECTION('',(-6.12303176911189E-17,1.73021770071453E-16,-1.0));
#13219=DIRECTION('',(1.0,1.05941779489548E-32,-6.12303176911189E-17));
#13220=DIRECTION('',(0.0,0.0,1.0));
#13221=DIRECTION('',(-0.246889237116917,0.969043706236115,1.8278276375276E-16));
#13222=DIRECTION('',(0.0,0.0,1.0));
#13223=DIRECTION('',(1.7324716681431E-26,2.59601863814871E-13,1.0));
#13224=DIRECTION('',(6.6735707317471E-14,1.0,1.73021770071449E-16));
#13225=DIRECTION('',(0.0,0.0,1.0));
#13226=DIRECTION('',(1.0,-4.54747350886878E-12,8.01781043352717E-13));
#13227=DIRECTION('',(6.12303176911189E-17,-1.83690953073357E-16,1.0));
#13228=DIRECTION('',(0.0,0.173648177666693,0.98480775301225));
#13229=DIRECTION('',(0.0,0.0,1.0));
#13230=DIRECTION('',(0.0,-0.984807753012214,0.173648177666898));
#13231=DIRECTION('',(-1.0,0.0,6.12303176911189E-17));
#13232=DIRECTION('',(1.0,0.0,-6.12303176911189E-17));
#13233=DIRECTION('',(-0.246889237117142,-0.969043706236058,-1.52548550906363E-16));
#13234=DIRECTION('',(0.0,0.0,1.0));
#13235=CARTESIAN_POINT('',(2.64166573544365E-14,-7.15099999999992,-3.73499999985226));
#13236=DIRECTION('',(-6.12303176911189E-17,1.73021770071453E-16,-1.0));
#13237=DIRECTION('',(1.0,1.05941779489548E-32,-6.12303176911189E-17));
#13238=DIRECTION('',(0.0,-0.0,-1.0));
#13239=DIRECTION('',(-1.0,0.0,6.12303176911189E-17));
#13240=DIRECTION('',(1.0,0.0,-6.12303176911189E-17));
#13241=DIRECTION('',(-1.0632533085028E-17,0.984807753012214,-0.173648177666898));
#13242=DIRECTION('',(-1.0,0.0,6.12303176911189E-17));
#13243=DIRECTION('',(1.0632533085028E-17,-0.984807753012214,0.173648177666898));
#13244=CARTESIAN_POINT('',(0.615,-0.400000000000057,-2.46010589693821));
#13245=DIRECTION('',(1.0,0.0,-6.12303176911189E-17));
#13246=DIRECTION('',(6.12303176911189E-17,0.0,1.0));
#13247=DIRECTION('',(-1.0,0.0,6.12303176911189E-17));
#13248=CARTESIAN_POINT('',(-0.615,-0.400000000000057,-2.46010589693821));
#13249=DIRECTION('',(-1.0,0.0,6.12303176911189E-17));
#13250=DIRECTION('',(6.12303176911189E-17,0.0,1.0));
#13251=DIRECTION('',(5.20263168867858E-17,0.527294980824413,0.849682295447765));
#13252=DIRECTION('',(-1.0,0.0,6.12303176911189E-17));
#13253=DIRECTION('',(-5.20263168867858E-17,-0.527294980824413,-0.849682295447765));
#13254=CARTESIAN_POINT('',(0.615,-1.3081119489868,-3.92365915036066));
#13255=DIRECTION('',(1.0,0.0,-6.12303176911189E-17));
#13256=DIRECTION('',(6.12303176911189E-17,0.0,1.0));
#13257=DIRECTION('',(-1.0,0.0,6.12303176911189E-17));
#13258=CARTESIAN_POINT('',(-0.615,-1.3081119489868,-3.92365915036066));
#13259=DIRECTION('',(-1.0,0.0,6.12303176911189E-17));
#13260=DIRECTION('',(6.12303176911189E-17,0.0,1.0));
#13261=DIRECTION('',(0.0,-1.0,0.0));
#13262=DIRECTION('',(0.0,1.0,0.0));
#13263=DIRECTION('',(-6.12303176911189E-17,0.0,-1.0));
#13264=DIRECTION('',(0.0,-1.0,0.0));
#13265=DIRECTION('',(6.12303176911189E-17,-1.83690953073357E-16,1.0));
#13266=DIRECTION('',(0.0,0.0,1.0));
#13267=DIRECTION('',(0.0,0.984807753012214,-0.173648177666898));
#13268=DIRECTION('',(0.0,0.0,1.0));
#13269=DIRECTION('',(0.0,-0.173648177666693,-0.98480775301225));
#13270=DIRECTION('',(0.0,0.0,1.0));
#13271=DIRECTION('',(1.0,2.27373675443439E-12,-4.00982367152895E-13));
#13272=DIRECTION('',(-1.0,0.0,6.12303176911189E-17));
#13273=DIRECTION('',(-3.34283572101893E-31,-1.0,-5.45944533210187E-15));
#13274=DIRECTION('',(-1.0,0.0,6.12303176911189E-17));
#13275=DIRECTION('',(3.34283572101893E-31,1.0,5.45944533210187E-15));
#13276=DIRECTION('',(-1.0,0.0,6.12303176911189E-17));
#13277=DIRECTION('',(3.6811327862151E-13,1.0,1.7302177007143E-16));
#13278=DIRECTION('',(0.246889237117142,0.969043706236058,1.52548550906363E-16));
#13279=CARTESIAN_POINT('',(2.54000000000003,-7.15099999999992,-3.88499999985226));
#13280=DIRECTION('',(6.12303176911189E-17,-1.73021770071453E-16,1.0));
#13281=DIRECTION('',(1.0,1.05941779489548E-32,-6.12303176911189E-17));
#13282=DIRECTION('',(-1.0,0.0,6.12303176911189E-17));
#13283=CARTESIAN_POINT('',(2.54000000000003,-7.15099999999992,-3.88499999985226));
#13284=DIRECTION('',(6.12303176911189E-17,-1.73021770071453E-16,1.0));
#13285=DIRECTION('',(1.0,1.05941779489548E-32,-6.12303176911189E-17));
#13286=DIRECTION('',(0.246889237116917,-0.969043706236115,-1.8278276375276E-16));
#13287=DIRECTION('',(-6.6735707317471E-14,-1.0,-1.73021770071449E-16));
#13288=DIRECTION('',(-9.55628935553612E-26,-2.59601863814871E-13,-1.0));
#13289=DIRECTION('',(-3.6811327862151E-13,-1.0,-1.7302177007143E-16));
#13290=DIRECTION('',(0.0,0.0,1.0));
#13291=DIRECTION('',(0.0,0.0,1.0));
#13292=CARTESIAN_POINT('',(2.54000000000003,-7.15099999999992,-3.73499999985226));
#13293=DIRECTION('',(-6.12303176911189E-17,1.73021770071453E-16,-1.0));
#13294=DIRECTION('',(1.0,1.05941779489548E-32,-6.12303176911189E-17));
#13295=DIRECTION('',(0.0,0.0,1.0));
#13296=DIRECTION('',(-0.246889237116917,0.969043706236115,1.8278276375276E-16));
#13297=DIRECTION('',(0.0,0.0,1.0));
#13298=DIRECTION('',(1.7324716681431E-26,2.59601863814871E-13,1.0));
#13299=DIRECTION('',(6.6735707317471E-14,1.0,1.73021770071449E-16));
#13300=DIRECTION('',(0.0,0.0,1.0));
#13301=DIRECTION('',(1.0,-4.54747350886878E-12,8.01781043352717E-13));
#13302=DIRECTION('',(6.12303176911189E-17,-1.83690953073357E-16,1.0));
#13303=DIRECTION('',(0.0,0.173648177666693,0.98480775301225));
#13304=DIRECTION('',(0.0,0.0,1.0));
#13305=DIRECTION('',(0.0,-0.984807753012214,0.173648177666898));
#13306=DIRECTION('',(-1.0,0.0,6.12303176911189E-17));
#13307=DIRECTION('',(1.0,0.0,-6.12303176911189E-17));
#13308=DIRECTION('',(-0.246889237117142,-0.969043706236058,-1.52548550906363E-16));
#13309=DIRECTION('',(0.0,0.0,1.0));
#13310=CARTESIAN_POINT('',(2.54000000000003,-7.15099999999992,-3.73499999985226));
#13311=DIRECTION('',(-6.12303176911189E-17,1.73021770071453E-16,-1.0));
#13312=DIRECTION('',(1.0,1.05941779489548E-32,-6.12303176911189E-17));
#13313=DIRECTION('',(0.0,-0.0,-1.0));
#13314=DIRECTION('',(-1.0,0.0,6.12303176911189E-17));
#13315=DIRECTION('',(1.0,0.0,-6.12303176911189E-17));
#13316=DIRECTION('',(-1.0632533085028E-17,0.984807753012214,-0.173648177666898));
#13317=DIRECTION('',(-1.0,0.0,6.12303176911189E-17));
#13318=DIRECTION('',(1.0632533085028E-17,-0.984807753012214,0.173648177666898));
#13319=CARTESIAN_POINT('',(3.155,-0.400000000000057,-2.46010589693821));
#13320=DIRECTION('',(1.0,0.0,-6.12303176911189E-17));
#13321=DIRECTION('',(6.12303176911189E-17,0.0,1.0));
#13322=DIRECTION('',(-1.0,0.0,6.12303176911189E-17));
#13323=CARTESIAN_POINT('',(1.925,-0.400000000000057,-2.46010589693821));
#13324=DIRECTION('',(-1.0,0.0,6.12303176911189E-17));
#13325=DIRECTION('',(6.12303176911189E-17,0.0,1.0));
#13326=DIRECTION('',(5.20263168867858E-17,0.527294980824413,0.849682295447765));
#13327=DIRECTION('',(-1.0,0.0,6.12303176911189E-17));
#13328=DIRECTION('',(-5.20263168867858E-17,-0.527294980824413,-0.849682295447765));
#13329=CARTESIAN_POINT('',(3.155,-1.3081119489868,-3.92365915036066));
#13330=DIRECTION('',(1.0,0.0,-6.12303176911189E-17));
#13331=DIRECTION('',(6.12303176911189E-17,0.0,1.0));
#13332=DIRECTION('',(-1.0,0.0,6.12303176911189E-17));
#13333=CARTESIAN_POINT('',(1.925,-1.3081119489868,-3.92365915036066));
#13334=DIRECTION('',(-1.0,0.0,6.12303176911189E-17));
#13335=DIRECTION('',(6.12303176911189E-17,0.0,1.0));
#13336=DIRECTION('',(0.0,-1.0,0.0));
#13337=DIRECTION('',(0.0,1.0,0.0));
#13338=DIRECTION('',(-6.12303176911189E-17,0.0,-1.0));
#13339=DIRECTION('',(0.0,-1.0,0.0));
#13340=DIRECTION('',(6.12303176911189E-17,-1.83690953073357E-16,1.0));
#13341=DIRECTION('',(0.0,0.0,1.0));
#13342=DIRECTION('',(0.0,0.984807753012214,-0.173648177666898));
#13343=DIRECTION('',(0.0,0.0,1.0));
#13344=DIRECTION('',(0.0,-0.173648177666693,-0.98480775301225));
#13345=DIRECTION('',(0.0,0.0,1.0));
#13346=DIRECTION('',(1.0,2.27373675443439E-12,-4.00982367152895E-13));
#13347=DIRECTION('',(-1.0,0.0,6.12303176911189E-17));
#13348=DIRECTION('',(-3.34283572101893E-31,-1.0,-5.45944533210187E-15));
#13349=DIRECTION('',(-1.0,0.0,6.12303176911189E-17));
#13350=DIRECTION('',(3.34283572101893E-31,1.0,5.45944533210187E-15));
#13351=DIRECTION('',(-1.0,0.0,6.12303176911189E-17));
#13352=DIRECTION('',(3.6811327862151E-13,1.0,1.7302177007143E-16));
#13353=DIRECTION('',(0.246889237117142,0.969043706236058,1.52548550906363E-16));
#13354=CARTESIAN_POINT('',(5.08000000000003,-7.15099999999992,-3.88499999985226));
#13355=DIRECTION('',(6.12303176911189E-17,-1.73021770071453E-16,1.0));
#13356=DIRECTION('',(1.0,1.05941779489548E-32,-6.12303176911189E-17));
#13357=DIRECTION('',(-1.0,0.0,6.12303176911189E-17));
#13358=CARTESIAN_POINT('',(5.08000000000003,-7.15099999999992,-3.88499999985226));
#13359=DIRECTION('',(6.12303176911189E-17,-1.73021770071453E-16,1.0));
#13360=DIRECTION('',(1.0,1.05941779489548E-32,-6.12303176911189E-17));
#13361=DIRECTION('',(0.246889237116917,-0.969043706236115,-1.8278276375276E-16));
#13362=DIRECTION('',(-6.6735707317471E-14,-1.0,-1.73021770071449E-16));
#13363=DIRECTION('',(-9.55628935553612E-26,-2.59601863814871E-13,-1.0));
#13364=DIRECTION('',(-3.6811327862151E-13,-1.0,-1.7302177007143E-16));
#13365=DIRECTION('',(0.0,0.0,1.0));
#13366=DIRECTION('',(0.0,0.0,1.0));
#13367=CARTESIAN_POINT('',(5.08000000000003,-7.15099999999992,-3.73499999985226));
#13368=DIRECTION('',(-6.12303176911189E-17,1.73021770071453E-16,-1.0));
#13369=DIRECTION('',(1.0,1.05941779489548E-32,-6.12303176911189E-17));
#13370=DIRECTION('',(0.0,0.0,1.0));
#13371=DIRECTION('',(-0.246889237116917,0.969043706236115,1.8278276375276E-16));
#13372=DIRECTION('',(0.0,0.0,1.0));
#13373=DIRECTION('',(1.7324716681431E-26,2.59601863814871E-13,1.0));
#13374=DIRECTION('',(6.6735707317471E-14,1.0,1.73021770071449E-16));
#13375=DIRECTION('',(0.0,0.0,1.0));
#13376=DIRECTION('',(1.0,-4.54747350886878E-12,8.01781043352717E-13));
#13377=DIRECTION('',(6.12303176911189E-17,-1.83690953073357E-16,1.0));
#13378=DIRECTION('',(0.0,0.173648177666693,0.98480775301225));
#13379=DIRECTION('',(0.0,0.0,1.0));
#13380=DIRECTION('',(0.0,-0.984807753012214,0.173648177666898));
#13381=DIRECTION('',(-1.0,0.0,6.12303176911189E-17));
#13382=DIRECTION('',(1.0,0.0,-6.12303176911189E-17));
#13383=DIRECTION('',(-0.246889237117142,-0.969043706236058,-1.52548550906363E-16));
#13384=DIRECTION('',(0.0,0.0,1.0));
#13385=CARTESIAN_POINT('',(5.08000000000003,-7.15099999999992,-3.73499999985226));
#13386=DIRECTION('',(-6.12303176911189E-17,1.73021770071453E-16,-1.0));
#13387=DIRECTION('',(1.0,1.05941779489548E-32,-6.12303176911189E-17));
#13388=DIRECTION('',(0.0,-0.0,-1.0));
#13389=DIRECTION('',(-1.0,0.0,6.12303176911189E-17));
#13390=DIRECTION('',(1.0,0.0,-6.12303176911189E-17));
#13391=DIRECTION('',(-1.0632533085028E-17,0.984807753012214,-0.173648177666898));
#13392=DIRECTION('',(-1.0,0.0,6.12303176911189E-17));
#13393=DIRECTION('',(1.0632533085028E-17,-0.984807753012214,0.173648177666898));
#13394=CARTESIAN_POINT('',(5.695,-0.400000000000057,-2.46010589693821));
#13395=DIRECTION('',(1.0,0.0,-6.12303176911189E-17));
#13396=DIRECTION('',(6.12303176911189E-17,0.0,1.0));
#13397=DIRECTION('',(-1.0,0.0,6.12303176911189E-17));
#13398=CARTESIAN_POINT('',(4.465,-0.400000000000057,-2.46010589693821));
#13399=DIRECTION('',(-1.0,0.0,6.12303176911189E-17));
#13400=DIRECTION('',(6.12303176911189E-17,0.0,1.0));
#13401=DIRECTION('',(5.20263168867858E-17,0.527294980824413,0.849682295447765));
#13402=DIRECTION('',(-1.0,0.0,6.12303176911189E-17));
#13403=DIRECTION('',(-5.20263168867858E-17,-0.527294980824413,-0.849682295447765));
#13404=CARTESIAN_POINT('',(5.695,-1.3081119489868,-3.92365915036066));
#13405=DIRECTION('',(1.0,0.0,-6.12303176911189E-17));
#13406=DIRECTION('',(6.12303176911189E-17,0.0,1.0));
#13407=DIRECTION('',(-1.0,0.0,6.12303176911189E-17));
#13408=CARTESIAN_POINT('',(4.465,-1.3081119489868,-3.92365915036066));
#13409=DIRECTION('',(-1.0,0.0,6.12303176911189E-17));
#13410=DIRECTION('',(6.12303176911189E-17,0.0,1.0));
#13411=DIRECTION('',(0.0,-1.0,0.0));
#13412=DIRECTION('',(0.0,1.0,0.0));
#13413=DIRECTION('',(-6.12303176911189E-17,0.0,-1.0));
#13414=DIRECTION('',(0.0,-1.0,0.0));
#13415=DIRECTION('',(6.12303176911189E-17,-1.83690953073357E-16,1.0));
#13416=DIRECTION('',(0.0,0.0,1.0));
#13417=DIRECTION('',(0.0,0.984807753012214,-0.173648177666898));
#13418=DIRECTION('',(0.0,0.0,1.0));
#13419=DIRECTION('',(0.0,-0.173648177666693,-0.98480775301225));
#13420=DIRECTION('',(0.0,0.0,1.0));
#13421=DIRECTION('',(1.0,2.27373675443439E-12,-4.00982367152895E-13));
#13422=DIRECTION('',(-1.0,0.0,6.12303176911189E-17));
#13423=DIRECTION('',(-3.34283572101893E-31,-1.0,-5.45944533210187E-15));
#13424=DIRECTION('',(-1.0,0.0,6.12303176911189E-17));
#13425=DIRECTION('',(3.34283572101893E-31,1.0,5.45944533210187E-15));
#13426=DIRECTION('',(-1.0,0.0,6.12303176911189E-17));
#13427=DIRECTION('',(3.6811327862151E-13,1.0,1.7302177007143E-16));
#13428=DIRECTION('',(0.246889237117142,0.969043706236058,1.52548550906363E-16));
#13429=CARTESIAN_POINT('',(7.62000000000003,-7.15099999999992,-3.88499999985226));
#13430=DIRECTION('',(6.12303176911189E-17,-1.73021770071453E-16,1.0));
#13431=DIRECTION('',(1.0,1.05941779489548E-32,-6.12303176911189E-17));
#13432=DIRECTION('',(-1.0,0.0,6.12303176911189E-17));
#13433=CARTESIAN_POINT('',(7.62000000000003,-7.15099999999992,-3.88499999985226));
#13434=DIRECTION('',(6.12303176911189E-17,-1.73021770071453E-16,1.0));
#13435=DIRECTION('',(1.0,1.05941779489548E-32,-6.12303176911189E-17));
#13436=DIRECTION('',(0.246889237116917,-0.969043706236115,-1.8278276375276E-16));
#13437=DIRECTION('',(-6.6735707317471E-14,-1.0,-1.73021770071449E-16));
#13438=DIRECTION('',(-9.55628935553612E-26,-2.59601863814871E-13,-1.0));
#13439=DIRECTION('',(-3.6811327862151E-13,-1.0,-1.7302177007143E-16));
#13440=DIRECTION('',(0.0,0.0,1.0));
#13441=DIRECTION('',(0.0,0.0,1.0));
#13442=CARTESIAN_POINT('',(7.62000000000003,-7.15099999999992,-3.73499999985226));
#13443=DIRECTION('',(-6.12303176911189E-17,1.73021770071453E-16,-1.0));
#13444=DIRECTION('',(1.0,1.05941779489548E-32,-6.12303176911189E-17));
#13445=DIRECTION('',(0.0,0.0,1.0));
#13446=DIRECTION('',(-0.246889237116917,0.969043706236115,1.8278276375276E-16));
#13447=DIRECTION('',(0.0,0.0,1.0));
#13448=DIRECTION('',(1.7324716681431E-26,2.59601863814871E-13,1.0));
#13449=DIRECTION('',(6.6735707317471E-14,1.0,1.73021770071449E-16));
#13450=DIRECTION('',(0.0,0.0,1.0));
#13451=DIRECTION('',(1.0,-4.54747350886878E-12,8.01781043352717E-13));
#13452=DIRECTION('',(6.12303176911189E-17,-1.83690953073357E-16,1.0));
#13453=DIRECTION('',(0.0,0.173648177666693,0.98480775301225));
#13454=DIRECTION('',(0.0,0.0,1.0));
#13455=DIRECTION('',(0.0,-0.984807753012214,0.173648177666898));
#13456=DIRECTION('',(-1.0,0.0,6.12303176911189E-17));
#13457=DIRECTION('',(1.0,0.0,-6.12303176911189E-17));
#13458=DIRECTION('',(-0.246889237117142,-0.969043706236058,-1.52548550906363E-16));
#13459=DIRECTION('',(0.0,0.0,1.0));
#13460=CARTESIAN_POINT('',(7.62000000000003,-7.15099999999992,-3.73499999985226));
#13461=DIRECTION('',(-6.12303176911189E-17,1.73021770071453E-16,-1.0));
#13462=DIRECTION('',(1.0,1.05941779489548E-32,-6.12303176911189E-17));
#13463=DIRECTION('',(0.0,-0.0,-1.0));
#13464=DIRECTION('',(-1.0,0.0,6.12303176911189E-17));
#13465=DIRECTION('',(1.0,0.0,-6.12303176911189E-17));
#13466=DIRECTION('',(-1.0632533085028E-17,0.984807753012214,-0.173648177666898));
#13467=DIRECTION('',(-1.0,0.0,6.12303176911189E-17));
#13468=DIRECTION('',(1.0632533085028E-17,-0.984807753012214,0.173648177666898));
#13469=CARTESIAN_POINT('',(8.235,-0.400000000000057,-2.46010589693821));
#13470=DIRECTION('',(1.0,0.0,-6.12303176911189E-17));
#13471=DIRECTION('',(6.12303176911189E-17,0.0,1.0));
#13472=DIRECTION('',(-1.0,0.0,6.12303176911189E-17));
#13473=CARTESIAN_POINT('',(7.005,-0.400000000000057,-2.46010589693821));
#13474=DIRECTION('',(-1.0,0.0,6.12303176911189E-17));
#13475=DIRECTION('',(6.12303176911189E-17,0.0,1.0));
#13476=DIRECTION('',(5.20263168867858E-17,0.527294980824413,0.849682295447765));
#13477=DIRECTION('',(-1.0,0.0,6.12303176911189E-17));
#13478=DIRECTION('',(-5.20263168867858E-17,-0.527294980824413,-0.849682295447765));
#13479=CARTESIAN_POINT('',(8.235,-1.3081119489868,-3.92365915036066));
#13480=DIRECTION('',(1.0,0.0,-6.12303176911189E-17));
#13481=DIRECTION('',(6.12303176911189E-17,0.0,1.0));
#13482=DIRECTION('',(-1.0,0.0,6.12303176911189E-17));
#13483=CARTESIAN_POINT('',(7.005,-1.3081119489868,-3.92365915036066));
#13484=DIRECTION('',(-1.0,0.0,6.12303176911189E-17));
#13485=DIRECTION('',(6.12303176911189E-17,0.0,1.0));
#13486=DIRECTION('',(0.0,-1.0,0.0));
#13487=DIRECTION('',(0.0,1.0,0.0));
#13488=DIRECTION('',(-6.12303176911189E-17,0.0,-1.0));
#13489=DIRECTION('',(0.0,-1.0,0.0));
#13490=DIRECTION('',(6.12303176911189E-17,-1.83690953073357E-16,1.0));
#13491=DIRECTION('',(6.12303176911189E-17,0.0,1.0));
#13492=DIRECTION('',(0.0,-1.0,0.0));
#13493=DIRECTION('',(-6.12303176911189E-17,1.83690953073357E-16,-1.0));
#13494=DIRECTION('',(1.0,0.0,-6.12303176911189E-17));
#13495=DIRECTION('',(1.0,0.0,-6.12303176911189E-17));
#13496=DIRECTION('',(6.12303176911189E-17,0.0,1.0));
#13497=DIRECTION('',(0.0,-1.0,0.0));
#13498=DIRECTION('',(-6.12303176911189E-17,1.83690953073357E-16,-1.0));
#13499=DIRECTION('',(1.0,0.0,-6.12303176911189E-17));
#13500=DIRECTION('',(1.0,0.0,-6.12303176911189E-17));
#13501=DIRECTION('',(6.12303176911189E-17,0.0,1.0));
#13502=DIRECTION('',(0.0,-1.0,0.0));
#13503=DIRECTION('',(-6.12303176911189E-17,1.83690953073357E-16,-1.0));
#13504=DIRECTION('',(1.0,0.0,-6.12303176911189E-17));
#13505=DIRECTION('',(1.0,0.0,-6.12303176911189E-17));
#13506=DIRECTION('',(6.12303176911189E-17,0.0,1.0));
#13507=DIRECTION('',(0.0,-1.0,0.0));
#13508=DIRECTION('',(-6.12303176911189E-17,1.83690953073357E-16,-1.0));
#13509=DIRECTION('',(1.0,0.0,-6.12303176911189E-17));
#13510=DIRECTION('',(1.0,0.0,-6.12303176911189E-17));
#13511=DIRECTION('',(6.12303176911189E-17,0.0,1.0));
#13512=DIRECTION('',(0.0,-1.0,0.0));
#13513=DIRECTION('',(-6.12303176911189E-17,1.83690953073357E-16,-1.0));
#13514=DIRECTION('',(1.0,0.0,-6.12303176911189E-17));
#13515=DIRECTION('',(1.0,0.0,-6.12303176911189E-17));
#13516=DIRECTION('',(6.12303176911189E-17,0.0,1.0));
#13517=DIRECTION('',(0.0,-1.0,0.0));
#13518=DIRECTION('',(-6.12303176911189E-17,1.83690953073357E-16,-1.0));
#13519=DIRECTION('',(1.0,0.0,-6.12303176911189E-17));
#13520=DIRECTION('',(1.0,0.0,-6.12303176911189E-17));
#13521=DIRECTION('',(6.12303176911189E-17,0.0,1.0));
#13522=DIRECTION('',(0.0,-1.0,0.0));
#13523=DIRECTION('',(-6.12303176911189E-17,1.83690953073357E-16,-1.0));
#13524=DIRECTION('',(1.0,0.0,-6.12303176911189E-17));
#13525=DIRECTION('',(1.0,0.0,-6.12303176911189E-17));
#13526=DIRECTION('',(-6.12303176911189E-17,1.83690953073357E-16,-1.0));
#13527=DIRECTION('',(0.0,1.0,0.0));
#13528=DIRECTION('',(6.12303176911189E-17,0.0,1.0));
#13529=DIRECTION('',(1.0,0.0,-6.12303176911189E-17));
#13530=DIRECTION('',(-1.0,0.0,6.12303176911189E-17));
#13531=DIRECTION('',(-6.12303176911189E-17,1.83690953073357E-16,-1.0));
#13532=DIRECTION('',(0.0,1.0,0.0));
#13533=DIRECTION('',(6.12303176911189E-17,0.0,1.0));
#13534=DIRECTION('',(1.0,0.0,-6.12303176911189E-17));
#13535=DIRECTION('',(-1.0,0.0,6.12303176911189E-17));
#13536=DIRECTION('',(-6.12303176911189E-17,1.83690953073357E-16,-1.0));
#13537=DIRECTION('',(0.0,1.0,0.0));
#13538=DIRECTION('',(6.12303176911189E-17,0.0,1.0));
#13539=DIRECTION('',(1.0,0.0,-6.12303176911189E-17));
#13540=DIRECTION('',(-1.0,0.0,6.12303176911189E-17));
#13541=DIRECTION('',(-6.12303176911189E-17,1.83690953073357E-16,-1.0));
#13542=DIRECTION('',(0.0,1.0,0.0));
#13543=DIRECTION('',(6.12303176911189E-17,0.0,1.0));
#13544=DIRECTION('',(1.0,0.0,-6.12303176911189E-17));
#13545=DIRECTION('',(-1.0,0.0,6.12303176911189E-17));
#13546=DIRECTION('',(-6.12303176911189E-17,1.83690953073357E-16,-1.0));
#13547=DIRECTION('',(0.0,1.0,0.0));
#13548=DIRECTION('',(6.12303176911189E-17,0.0,1.0));
#13549=DIRECTION('',(1.0,0.0,-6.12303176911189E-17));
#13550=DIRECTION('',(-1.0,0.0,6.12303176911189E-17));
#13551=DIRECTION('',(-6.12303176911189E-17,1.83690953073357E-16,-1.0));
#13552=DIRECTION('',(0.0,1.0,0.0));
#13553=DIRECTION('',(6.12303176911189E-17,0.0,1.0));
#13554=DIRECTION('',(1.0,0.0,-6.12303176911189E-17));
#13555=DIRECTION('',(-1.0,0.0,6.12303176911189E-17));
#13556=DIRECTION('',(-6.12303176911189E-17,1.83690953073357E-16,-1.0));
#13557=DIRECTION('',(0.0,1.0,0.0));
#13558=DIRECTION('',(6.12303176911189E-17,0.0,1.0));
#13559=DIRECTION('',(1.0,0.0,-6.12303176911189E-17));
#13560=DIRECTION('',(-1.0,0.0,6.12303176911189E-17));
#13561=CARTESIAN_POINT('',(-8.89,0.0,5.44337524274047E-16));
#13562=DIRECTION('',(-1.1247455413666E-32,-1.0,-1.83690953073357E-16));
#13563=DIRECTION('',(6.12303176911189E-17,-1.83690953073357E-16,1.0));
#13564=DIRECTION('',(0.0,1.0,0.0));
#13565=CARTESIAN_POINT('',(-8.89,-3.75,5.44337524274047E-16));
#13566=DIRECTION('',(1.92849102144083E-32,1.0,3.14956886418466E-16));
#13567=DIRECTION('',(6.12303176911189E-17,-3.14956886418466E-16,1.0));
#13568=DIRECTION('',(0.0,-1.0,-0.0));
#13569=CARTESIAN_POINT('',(-8.89,-3.39999999999941,5.44337524274047E-16));
#13570=DIRECTION('',(-1.90714553177922E-29,1.0,-3.11470788278441E-13));
#13571=DIRECTION('',(6.12303176911189E-17,3.11470788278441E-13,1.0));
#13572=DIRECTION('',(0.0,-1.0,-0.0));
#13573=CARTESIAN_POINT('',(-8.89,-2.7000000000005,5.44337524274047E-16));
#13574=DIRECTION('',(7.32745388525831E-29,1.0,1.19670355496475E-12));
#13575=DIRECTION('',(6.12303176911189E-17,-1.19670355496475E-12,1.0));
#13576=DIRECTION('',(0.0,1.0,0.0));
#13577=CARTESIAN_POINT('',(-8.89,-3.75000000000011,5.44337524274047E-16));
#13578=DIRECTION('',(9.89315893999306E-30,1.0,1.61572882732699E-13));
#13579=DIRECTION('',(6.12303176911189E-17,-1.61572882732699E-13,1.0));
#13580=DIRECTION('',(0.0,-1.0,-0.0));
#13581=DIRECTION('',(-1.0,0.0,6.12303176911189E-17));
#13582=DIRECTION('',(1.94226595731141E-32,1.0,3.17206578464825E-16));
#13583=DIRECTION('',(-1.0,0.0,6.12303176911189E-17));
#13584=DIRECTION('',(-1.0,0.0,6.12303176911189E-17));
#13585=DIRECTION('',(6.12303176911189E-17,3.11470788278441E-13,1.0));
#13586=DIRECTION('',(-1.0,0.0,6.12303176911189E-17));
#13587=DIRECTION('',(3.97776068056342E-29,1.0,6.49639072694274E-13));
#13588=DIRECTION('',(-1.0,0.0,6.12303176911189E-17));
#13589=DIRECTION('',(0.0,1.0,0.0));
#13590=DIRECTION('',(1.0,0.0,-6.12303176911189E-17));
#13591=DIRECTION('',(0.0,-1.0,0.0));
#13592=DIRECTION('',(-6.12303176911189E-17,3.14956886418466E-16,-1.0));
#13593=DIRECTION('',(-1.0,0.0,6.12303176911189E-17));
#13594=DIRECTION('',(6.12303176911189E-17,-3.14956886418466E-16,1.0));
#13595=DIRECTION('',(6.12303176911189E-17,-1.83690953073357E-16,1.0));
#13596=DIRECTION('',(6.12303176911189E-17,0.0,1.0));
#13597=DIRECTION('',(1.14491466957114E-32,1.0,1.86984930463166E-16));
#13598=DIRECTION('',(-6.12303176911189E-17,-2.59601863814871E-13,-1.0));
#13599=DIRECTION('',(0.0,1.0,0.0));
#13600=DIRECTION('',(-6.12303176911189E-17,-6.812328479117E-13,-1.0));
#13601=DIRECTION('',(0.0,-1.0,-0.0));
#13602=DIRECTION('',(-6.12303176911189E-17,1.83690953073357E-16,-1.0));
#13603=DIRECTION('',(0.0,1.0,0.0));
#13604=DIRECTION('',(6.12303176911189E-17,-1.19670355496475E-12,1.0));
#13605=DIRECTION('',(6.12303176911189E-17,-1.83690953073357E-16,1.0));
#13606=DIRECTION('',(-6.12303176911189E-17,-3.11470788278441E-13,-1.0));
#13607=DIRECTION('',(-1.94226595731141E-32,-1.0,-3.17206578464825E-16));
#13608=DIRECTION('',(-6.12303176911189E-17,1.19670355496475E-12,-1.0));
#13609=DIRECTION('',(0.0,-1.0,0.0));
#13610=DIRECTION('',(6.12303176911189E-17,3.11470788278441E-13,1.0));
#13611=DIRECTION('',(-1.0,0.0,6.12303176911189E-17));
#13612=DIRECTION('',(1.94226595731141E-32,1.0,3.17206578464825E-16));
#13613=DIRECTION('',(-1.0,0.0,6.12303176911189E-17));
#13614=DIRECTION('',(6.12303176911189E-17,-1.19670355496475E-12,1.0));
#13615=DIRECTION('',(-1.0,0.0,6.12303176911189E-17));
#13616=DIRECTION('',(-1.0,0.0,6.12303176911189E-17));
#13617=DIRECTION('',(-1.0,0.0,6.12303176911189E-17));
#13618=DIRECTION('',(2.650545609742E-29,-1.0,4.32881244077956E-13));
#13619=DIRECTION('',(-1.0,0.0,6.12303176911189E-17));
#13620=DIRECTION('',(-1.0,0.0,6.12303176911189E-17));
#13621=DIRECTION('',(6.12303176911189E-17,2.59601863814871E-13,1.0));
#13622=DIRECTION('',(-1.0,0.0,6.12303176911189E-17));
#13623=DIRECTION('',(-1.0,0.0,6.12303176911189E-17));
#13624=DIRECTION('',(-1.14491466957114E-32,-1.0,-1.86984930463166E-16));
#13625=DIRECTION('',(-6.12303176911189E-17,0.0,-1.0));
#13626=DIRECTION('',(-6.12303176911189E-17,1.83690953073357E-16,-1.0));
#13627=DIRECTION('',(6.12303176911189E-17,-1.83690953073357E-16,1.0));
#13628=DIRECTION('',(6.12303176911189E-17,0.0,1.0));
#13629=DIRECTION('',(-1.0,0.0,6.12303176911189E-17));
#13630=DIRECTION('',(-6.12303176911189E-17,0.0,-1.0));
#13631=DIRECTION('',(-1.14491466957114E-32,-1.0,-1.86984930463166E-16));
#13632=DIRECTION('',(-1.0,0.0,6.12303176911189E-17));
#13633=DIRECTION('',(1.14491466957114E-32,1.0,1.86984930463166E-16));
#13634=DIRECTION('',(-6.12303176911189E-17,2.60109394340413E-13,-1.0));
#13635=DIRECTION('',(-1.0,0.0,6.12303176911189E-17));
#13636=DIRECTION('',(6.12303176911189E-17,-2.60109394340413E-13,1.0));
#13637=DIRECTION('',(3.97776068056859E-29,-1.0,6.49639072695117E-13));
#13638=DIRECTION('',(-1.0,0.0,6.12303176911189E-17));
#13639=DIRECTION('',(-3.97776068056859E-29,1.0,-6.49639072695117E-13));
#13640=DIRECTION('',(-6.12303176911189E-17,2.28261853863451E-13,-1.0));
#13641=DIRECTION('',(-1.0,0.0,6.12303176911189E-17));
#13642=DIRECTION('',(6.12303176911189E-17,-2.28261853863451E-13,1.0));
#13643=DIRECTION('',(0.0,1.0,0.0));
#13644=DIRECTION('',(-1.0,0.0,6.12303176911189E-17));
#13645=DIRECTION('',(0.0,-1.0,0.0));
#13646=DIRECTION('',(6.12303176911189E-17,-1.61572882732699E-13,1.0));
#13647=DIRECTION('',(-6.12303176911189E-17,1.61572882732699E-13,-1.0));
#13648=DIRECTION('',(-1.0,0.0,6.12303176911189E-17));
#13649=DIRECTION('',(0.0,1.0,0.0));
#13650=DIRECTION('',(-1.0,0.0,6.12303176911189E-17));
#13651=DIRECTION('',(6.12303176911189E-17,6.812328479117E-13,1.0));
#13652=DIRECTION('',(0.0,-1.0,0.0));
#13653=CARTESIAN_POINT('',(-5.69500000000023,-0.0432260582451708,4.5));
#13654=CARTESIAN_POINT('',(-4.46499999999977,-0.0432260582451672,4.5));
#13655=CARTESIAN_POINT('',(-5.58,-0.043226058245171,4.5));
#13656=VECTOR('',#14101,1.0);
#13657=CARTESIAN_POINT('',(-4.465,-2.18,4.5));
#13658=CARTESIAN_POINT('',(-4.465,-0.68,4.5));
#13659=VECTOR('',#14102,1.0);
#13660=CARTESIAN_POINT('',(-5.695,-2.18,4.5));
#13661=CARTESIAN_POINT('',(-5.08,-2.18,4.5));
#13662=VECTOR('',#14103,1.0);
#13663=CARTESIAN_POINT('',(-5.695,-0.68,4.5));
#13664=VECTOR('',#14104,1.0);
#13665=CARTESIAN_POINT('',(-5.69500000000009,-2.18,4.3356059958744));
#13666=CARTESIAN_POINT('',(-5.69500000000017,-0.971925023541609,4.33624531546223));
#13667=CARTESIAN_POINT('',(-5.695,-1.36449622881461,4.33603756472984));
#13668=VECTOR('',#14105,1.0);
#13669=CARTESIAN_POINT('',(-5.695,-0.507009262183964,4.41822250794619));
#13670=VECTOR('',#14106,1.0);
#13671=CARTESIAN_POINT('',(-5.695,-2.18,3.335));
#13672=VECTOR('',#14107,1.0);
#13673=CARTESIAN_POINT('',(-4.46500000000005,-2.18,4.3356059958744));
#13674=CARTESIAN_POINT('',(-5.58,-2.18,4.3356059958744));
#13675=VECTOR('',#14108,1.0);
#13676=CARTESIAN_POINT('',(-4.465,-2.18,3.335));
#13677=VECTOR('',#14109,1.0);
#13678=CARTESIAN_POINT('',(-4.46499999999989,-0.971925023541609,4.33624531546223));
#13679=CARTESIAN_POINT('',(-4.465,-1.36449622881461,4.33603756472984));
#13680=VECTOR('',#14110,1.0);
#13681=CARTESIAN_POINT('',(-4.465,-0.507009262183964,4.41822250794619));
#13682=VECTOR('',#14111,1.0);
#13683=CARTESIAN_POINT('',(-6.08,-0.971925023541609,4.33624531546223));
#13684=VECTOR('',#14112,1.0);
#13685=CARTESIAN_POINT('',(-0.615000000000233,-0.0432260582451708,4.5));
#13686=CARTESIAN_POINT('',(0.615000000000231,-0.0432260582451672,4.5));
#13687=CARTESIAN_POINT('',(-0.5,-0.043226058245171,4.5));
#13688=VECTOR('',#14113,1.0);
#13689=CARTESIAN_POINT('',(0.615,-2.18,4.5));
#13690=CARTESIAN_POINT('',(0.615,-0.68,4.5));
#13691=VECTOR('',#14114,1.0);
#13692=CARTESIAN_POINT('',(-0.615,-2.18,4.5));
#13693=CARTESIAN_POINT('',(2.75536429610035E-16,-2.18,4.5));
#13694=VECTOR('',#14115,1.0);
#13695=CARTESIAN_POINT('',(-0.615,-0.68,4.5));
#13696=VECTOR('',#14116,1.0);
#13697=CARTESIAN_POINT('',(-0.615000000000091,-2.18,4.3356059958744));
#13698=CARTESIAN_POINT('',(-0.615000000000172,-0.971925023541609,4.33624531546223));
#13699=CARTESIAN_POINT('',(-0.615,-1.36449622881461,4.33603756472984));
#13700=VECTOR('',#14117,1.0);
#13701=CARTESIAN_POINT('',(-0.615,-0.507009262183964,4.41822250794619));
#13702=VECTOR('',#14118,1.0);
#13703=CARTESIAN_POINT('',(-0.615,-2.18,3.335));
#13704=VECTOR('',#14119,1.0);
#13705=CARTESIAN_POINT('',(0.614999999999945,-2.18,4.3356059958744));
#13706=CARTESIAN_POINT('',(-0.5,-2.18,4.3356059958744));
#13707=VECTOR('',#14120,1.0);
#13708=CARTESIAN_POINT('',(0.615,-2.18,3.335));
#13709=VECTOR('',#14121,1.0);
#13710=CARTESIAN_POINT('',(0.615000000000107,-0.971925023541609,4.33624531546223));
#13711=CARTESIAN_POINT('',(0.615,-1.36449622881461,4.33603756472984));
#13712=VECTOR('',#14122,1.0);
#13713=CARTESIAN_POINT('',(0.615,-0.507009262183964,4.41822250794619));
#13714=VECTOR('',#14123,1.0);
#13715=CARTESIAN_POINT('',(-1.0,-0.971925023541609,4.33624531546223));
#13716=VECTOR('',#14124,1.0);
#13717=CARTESIAN_POINT('',(4.46499999999977,-0.0432260582451708,4.5));
#13718=CARTESIAN_POINT('',(5.69500000000023,-0.0432260582451672,4.5));
#13719=CARTESIAN_POINT('',(4.58,-0.043226058245171,4.5));
#13720=VECTOR('',#14125,1.0);
#13721=CARTESIAN_POINT('',(5.695,-2.18,4.5));
#13722=CARTESIAN_POINT('',(5.695,-0.68,4.5));
#13723=VECTOR('',#14126,1.0);
#13724=CARTESIAN_POINT('',(4.465,-2.18,4.5));
#13725=CARTESIAN_POINT('',(5.08,-2.18,4.5));
#13726=VECTOR('',#14127,1.0);
#13727=CARTESIAN_POINT('',(4.465,-0.68,4.5));
#13728=VECTOR('',#14128,1.0);
#13729=CARTESIAN_POINT('',(4.46499999999991,-2.18,4.3356059958744));
#13730=CARTESIAN_POINT('',(4.46499999999983,-0.971925023541609,4.33624531546223));
#13731=CARTESIAN_POINT('',(4.465,-1.36449622881461,4.33603756472984));
#13732=VECTOR('',#14129,1.0);
#13733=CARTESIAN_POINT('',(4.465,-0.507009262183964,4.41822250794619));
#13734=VECTOR('',#14130,1.0);
#13735=CARTESIAN_POINT('',(4.465,-2.18,3.335));
#13736=VECTOR('',#14131,1.0);
#13737=CARTESIAN_POINT('',(5.69499999999995,-2.18,4.3356059958744));
#13738=CARTESIAN_POINT('',(4.58,-2.18,4.3356059958744));
#13739=VECTOR('',#14132,1.0);
#13740=CARTESIAN_POINT('',(5.695,-2.18,3.335));
#13741=VECTOR('',#14133,1.0);
#13742=CARTESIAN_POINT('',(5.69500000000011,-0.971925023541609,4.33624531546223));
#13743=CARTESIAN_POINT('',(5.695,-1.36449622881461,4.33603756472984));
#13744=VECTOR('',#14134,1.0);
#13745=CARTESIAN_POINT('',(5.695,-0.507009262183964,4.41822250794619));
#13746=VECTOR('',#14135,1.0);
#13747=CARTESIAN_POINT('',(4.08,-0.971925023541609,4.33624531546223));
#13748=VECTOR('',#14136,1.0);
#13749=CARTESIAN_POINT('',(-7.00499999999977,-0.0432260582451708,-4.5));
#13750=CARTESIAN_POINT('',(-8.23500000000023,-0.0432260582451672,-4.5));
#13751=CARTESIAN_POINT('',(-7.12,-0.043226058245171,-4.5));
#13752=VECTOR('',#14137,1.0);
#13753=CARTESIAN_POINT('',(-8.235,-2.18,-4.5));
#13754=CARTESIAN_POINT('',(-8.235,-0.68,-4.5));
#13755=VECTOR('',#14138,1.0);
#13756=CARTESIAN_POINT('',(-7.005,-2.18,-4.5));
#13757=CARTESIAN_POINT('',(-7.62,-2.18,-4.5));
#13758=VECTOR('',#14139,1.0);
#13759=CARTESIAN_POINT('',(-7.005,-0.68,-4.5));
#13760=VECTOR('',#14140,1.0);
#13761=CARTESIAN_POINT('',(-8.23499999999994,-2.18,-4.3356059958744));
#13762=CARTESIAN_POINT('',(-7.00499999999991,-2.18,-4.3356059958744));
#13763=CARTESIAN_POINT('',(-7.12,-2.18,-4.3356059958744));
#13764=VECTOR('',#14141,1.0);
#13765=CARTESIAN_POINT('',(-7.005,-2.18,-3.335));
#13766=VECTOR('',#14142,1.0);
#13767=CARTESIAN_POINT('',(-8.235,-2.18,-3.335));
#13768=VECTOR('',#14143,1.0);
#13769=CARTESIAN_POINT('',(-7.00499999999983,-0.971925023541609,-4.33624531546223));
#13770=CARTESIAN_POINT('',(-7.005,-0.507009262183964,-4.41822250794619));
#13771=VECTOR('',#14144,1.0);
#13772=CARTESIAN_POINT('',(-7.005,-1.36449622881461,-4.33603756472984));
#13773=VECTOR('',#14145,1.0);
#13774=CARTESIAN_POINT('',(-8.23500000000011,-0.971925023541609,-4.33624531546223));
#13775=CARTESIAN_POINT('',(-8.235,-0.507009262183964,-4.41822250794619));
#13776=VECTOR('',#14146,1.0);
#13777=CARTESIAN_POINT('',(-8.235,-1.36449622881461,-4.33603756472983));
#13778=VECTOR('',#14147,1.0);
#13779=CARTESIAN_POINT('',(-6.62,-0.971925023541609,-4.33624531546223));
#13780=VECTOR('',#14148,1.0);
#13781=CARTESIAN_POINT('',(-1.92499999999977,-0.0432260582451708,-4.5));
#13782=CARTESIAN_POINT('',(-3.15500000000023,-0.0432260582451672,-4.5));
#13783=CARTESIAN_POINT('',(-2.04,-0.043226058245171,-4.5));
#13784=VECTOR('',#14149,1.0);
#13785=CARTESIAN_POINT('',(-3.155,-2.18,-4.5));
#13786=CARTESIAN_POINT('',(-3.155,-0.68,-4.5));
#13787=VECTOR('',#14150,1.0);
#13788=CARTESIAN_POINT('',(-1.925,-2.18,-4.5));
#13789=CARTESIAN_POINT('',(-2.54,-2.18,-4.5));
#13790=VECTOR('',#14151,1.0);
#13791=CARTESIAN_POINT('',(-1.925,-0.68,-4.5));
#13792=VECTOR('',#14152,1.0);
#13793=CARTESIAN_POINT('',(-3.15499999999994,-2.18,-4.3356059958744));
#13794=CARTESIAN_POINT('',(-1.92499999999991,-2.18,-4.3356059958744));
#13795=CARTESIAN_POINT('',(-2.04,-2.18,-4.3356059958744));
#13796=VECTOR('',#14153,1.0);
#13797=CARTESIAN_POINT('',(-1.925,-2.18,-3.335));
#13798=VECTOR('',#14154,1.0);
#13799=CARTESIAN_POINT('',(-3.155,-2.18,-3.335));
#13800=VECTOR('',#14155,1.0);
#13801=CARTESIAN_POINT('',(-1.92499999999983,-0.971925023541609,-4.33624531546223));
#13802=CARTESIAN_POINT('',(-1.925,-0.507009262183964,-4.41822250794619));
#13803=VECTOR('',#14156,1.0);
#13804=CARTESIAN_POINT('',(-1.925,-1.36449622881461,-4.33603756472984));
#13805=VECTOR('',#14157,1.0);
#13806=CARTESIAN_POINT('',(-3.15500000000011,-0.971925023541609,-4.33624531546223));
#13807=CARTESIAN_POINT('',(-3.155,-0.507009262183964,-4.41822250794619));
#13808=VECTOR('',#14158,1.0);
#13809=CARTESIAN_POINT('',(-3.155,-1.36449622881461,-4.33603756472984));
#13810=VECTOR('',#14159,1.0);
#13811=CARTESIAN_POINT('',(-1.54,-0.971925023541609,-4.33624531546223));
#13812=VECTOR('',#14160,1.0);
#13813=CARTESIAN_POINT('',(3.15500000000023,-0.0432260582451708,-4.5));
#13814=CARTESIAN_POINT('',(1.92499999999977,-0.0432260582451672,-4.5));
#13815=CARTESIAN_POINT('',(3.04,-0.043226058245171,-4.5));
#13816=VECTOR('',#14161,1.0);
#13817=CARTESIAN_POINT('',(1.925,-2.18,-4.5));
#13818=CARTESIAN_POINT('',(1.925,-0.68,-4.5));
#13819=VECTOR('',#14162,1.0);
#13820=CARTESIAN_POINT('',(3.155,-2.18,-4.5));
#13821=CARTESIAN_POINT('',(2.54,-2.18,-4.5));
#13822=VECTOR('',#14163,1.0);
#13823=CARTESIAN_POINT('',(3.155,-0.68,-4.5));
#13824=VECTOR('',#14164,1.0);
#13825=CARTESIAN_POINT('',(1.92500000000005,-2.18,-4.3356059958744));
#13826=CARTESIAN_POINT('',(3.15500000000009,-2.18,-4.3356059958744));
#13827=CARTESIAN_POINT('',(3.04,-2.18,-4.3356059958744));
#13828=VECTOR('',#14165,1.0);
#13829=CARTESIAN_POINT('',(3.155,-2.18,-3.335));
#13830=VECTOR('',#14166,1.0);
#13831=CARTESIAN_POINT('',(1.925,-2.18,-3.335));
#13832=VECTOR('',#14167,1.0);
#13833=CARTESIAN_POINT('',(3.15500000000017,-0.971925023541609,-4.33624531546223));
#13834=CARTESIAN_POINT('',(3.155,-0.507009262183964,-4.41822250794619));
#13835=VECTOR('',#14168,1.0);
#13836=CARTESIAN_POINT('',(3.155,-1.36449622881461,-4.33603756472984));
#13837=VECTOR('',#14169,1.0);
#13838=CARTESIAN_POINT('',(1.92499999999989,-0.971925023541609,-4.33624531546223));
#13839=CARTESIAN_POINT('',(1.925,-0.507009262183964,-4.41822250794619));
#13840=VECTOR('',#14170,1.0);
#13841=CARTESIAN_POINT('',(1.925,-1.36449622881461,-4.33603756472984));
#13842=VECTOR('',#14171,1.0);
#13843=CARTESIAN_POINT('',(3.54,-0.971925023541609,-4.33624531546223));
#13844=VECTOR('',#14172,1.0);
#13845=CARTESIAN_POINT('',(8.23500000000023,-0.0432260582451708,-4.5));
#13846=CARTESIAN_POINT('',(7.00499999999977,-0.0432260582451672,-4.5));
#13847=CARTESIAN_POINT('',(8.12,-0.043226058245171,-4.5));
#13848=VECTOR('',#14173,1.0);
#13849=CARTESIAN_POINT('',(7.005,-2.18,-4.5));
#13850=CARTESIAN_POINT('',(7.005,-0.68,-4.5));
#13851=VECTOR('',#14174,1.0);
#13852=CARTESIAN_POINT('',(8.235,-2.18,-4.5));
#13853=CARTESIAN_POINT('',(7.62,-2.18,-4.5));
#13854=VECTOR('',#14175,1.0);
#13855=CARTESIAN_POINT('',(8.235,-0.68,-4.5));
#13856=VECTOR('',#14176,1.0);
#13857=CARTESIAN_POINT('',(7.00500000000006,-2.18,-4.3356059958744));
#13858=CARTESIAN_POINT('',(8.23500000000009,-2.18,-4.3356059958744));
#13859=CARTESIAN_POINT('',(8.12,-2.18,-4.3356059958744));
#13860=VECTOR('',#14177,1.0);
#13861=CARTESIAN_POINT('',(8.235,-2.18,-3.335));
#13862=VECTOR('',#14178,1.0);
#13863=CARTESIAN_POINT('',(7.005,-2.18,-3.335));
#13864=VECTOR('',#14179,1.0);
#13865=CARTESIAN_POINT('',(8.23500000000017,-0.971925023541609,-4.33624531546223));
#13866=CARTESIAN_POINT('',(8.235,-0.507009262183964,-4.41822250794619));
#13867=VECTOR('',#14180,1.0);
#13868=CARTESIAN_POINT('',(8.235,-1.36449622881461,-4.33603756472984));
#13869=VECTOR('',#14181,1.0);
#13870=CARTESIAN_POINT('',(7.00499999999989,-0.971925023541609,-4.33624531546223));
#13871=CARTESIAN_POINT('',(7.005,-0.507009262183964,-4.41822250794619));
#13872=VECTOR('',#14182,1.0);
#13873=CARTESIAN_POINT('',(7.005,-1.36449622881461,-4.33603756472984));
#13874=VECTOR('',#14183,1.0);
#13875=CARTESIAN_POINT('',(8.62,-0.971925023541609,-4.33624531546223));
#13876=VECTOR('',#14184,1.0);
#13877=CARTESIAN_POINT('',(5.69500000000023,-0.0432260582451708,-4.5));
#13878=CARTESIAN_POINT('',(4.46499999999977,-0.0432260582451672,-4.5));
#13879=CARTESIAN_POINT('',(5.58,-0.043226058245171,-4.5));
#13880=VECTOR('',#14185,1.0);
#13881=CARTESIAN_POINT('',(4.465,-2.18,-4.5));
#13882=CARTESIAN_POINT('',(4.465,-0.68,-4.5));
#13883=VECTOR('',#14186,1.0);
#13884=CARTESIAN_POINT('',(5.695,-2.18,-4.5));
#13885=CARTESIAN_POINT('',(5.08,-2.18,-4.5));
#13886=VECTOR('',#14187,1.0);
#13887=CARTESIAN_POINT('',(5.695,-0.68,-4.5));
#13888=VECTOR('',#14188,1.0);
#13889=CARTESIAN_POINT('',(4.46500000000005,-2.18,-4.3356059958744));
#13890=CARTESIAN_POINT('',(5.69500000000009,-2.18,-4.3356059958744));
#13891=CARTESIAN_POINT('',(5.58,-2.18,-4.3356059958744));
#13892=VECTOR('',#14189,1.0);
#13893=CARTESIAN_POINT('',(5.695,-2.18,-3.335));
#13894=VECTOR('',#14190,1.0);
#13895=CARTESIAN_POINT('',(4.465,-2.18,-3.335));
#13896=VECTOR('',#14191,1.0);
#13897=CARTESIAN_POINT('',(5.69500000000017,-0.971925023541609,-4.33624531546223));
#13898=CARTESIAN_POINT('',(5.695,-0.507009262183964,-4.41822250794619));
#13899=VECTOR('',#14192,1.0);
#13900=CARTESIAN_POINT('',(5.695,-1.36449622881461,-4.33603756472984));
#13901=VECTOR('',#14193,1.0);
#13902=CARTESIAN_POINT('',(4.46499999999989,-0.971925023541609,-4.33624531546223));
#13903=CARTESIAN_POINT('',(4.465,-0.507009262183964,-4.41822250794619));
#13904=VECTOR('',#14194,1.0);
#13905=CARTESIAN_POINT('',(4.465,-1.36449622881461,-4.33603756472984));
#13906=VECTOR('',#14195,1.0);
#13907=CARTESIAN_POINT('',(6.08,-0.971925023541609,-4.33624531546223));
#13908=VECTOR('',#14196,1.0);
#13909=CARTESIAN_POINT('',(0.615000000000234,-0.0432260582451708,-4.5));
#13910=CARTESIAN_POINT('',(-0.615000000000231,-0.0432260582451672,-4.5));
#13911=CARTESIAN_POINT('',(0.5,-0.043226058245171,-4.5));
#13912=VECTOR('',#14197,1.0);
#13913=CARTESIAN_POINT('',(-0.615,-2.18,-4.5));
#13914=CARTESIAN_POINT('',(-0.615,-0.68,-4.5));
#13915=VECTOR('',#14198,1.0);
#13916=CARTESIAN_POINT('',(0.615,-2.18,-4.5));
#13917=CARTESIAN_POINT('',(-2.75536429610035E-16,-2.18,-4.5));
#13918=VECTOR('',#14199,1.0);
#13919=CARTESIAN_POINT('',(0.615,-0.68,-4.5));
#13920=VECTOR('',#14200,1.0);
#13921=CARTESIAN_POINT('',(-0.614999999999945,-2.18,-4.3356059958744));
#13922=CARTESIAN_POINT('',(0.615000000000091,-2.18,-4.3356059958744));
#13923=CARTESIAN_POINT('',(0.5,-2.18,-4.3356059958744));
#13924=VECTOR('',#14201,1.0);
#13925=CARTESIAN_POINT('',(0.615,-2.18,-3.335));
#13926=VECTOR('',#14202,1.0);
#13927=CARTESIAN_POINT('',(-0.615,-2.18,-3.335));
#13928=VECTOR('',#14203,1.0);
#13929=CARTESIAN_POINT('',(0.615000000000172,-0.971925023541609,-4.33624531546223));
#13930=CARTESIAN_POINT('',(0.615,-0.507009262183964,-4.41822250794619));
#13931=VECTOR('',#14204,1.0);
#13932=CARTESIAN_POINT('',(0.615,-1.36449622881461,-4.33603756472984));
#13933=VECTOR('',#14205,1.0);
#13934=CARTESIAN_POINT('',(-0.615000000000107,-0.971925023541609,-4.33624531546223));
#13935=CARTESIAN_POINT('',(-0.615,-0.507009262183964,-4.41822250794619));
#13936=VECTOR('',#14206,1.0);
#13937=CARTESIAN_POINT('',(-0.615,-1.36449622881461,-4.33603756472984));
#13938=VECTOR('',#14207,1.0);
#13939=CARTESIAN_POINT('',(1.0,-0.971925023541609,-4.33624531546223));
#13940=VECTOR('',#14208,1.0);
#13941=CARTESIAN_POINT('',(-4.46499999999977,-0.0432260582451708,-4.5));
#13942=CARTESIAN_POINT('',(-5.69500000000023,-0.0432260582451672,-4.5));
#13943=CARTESIAN_POINT('',(-4.58,-0.043226058245171,-4.5));
#13944=VECTOR('',#14209,1.0);
#13945=CARTESIAN_POINT('',(-5.695,-2.18,-4.5));
#13946=CARTESIAN_POINT('',(-5.695,-0.68,-4.5));
#13947=VECTOR('',#14210,1.0);
#13948=CARTESIAN_POINT('',(-4.465,-2.18,-4.5));
#13949=CARTESIAN_POINT('',(-5.08,-2.18,-4.5));
#13950=VECTOR('',#14211,1.0);
#13951=CARTESIAN_POINT('',(-4.465,-0.68,-4.5));
#13952=VECTOR('',#14212,1.0);
#13953=CARTESIAN_POINT('',(-5.69499999999994,-2.18,-4.3356059958744));
#13954=CARTESIAN_POINT('',(-4.46499999999991,-2.18,-4.3356059958744));
#13955=CARTESIAN_POINT('',(-4.58,-2.18,-4.3356059958744));
#13956=VECTOR('',#14213,1.0);
#13957=CARTESIAN_POINT('',(-4.465,-2.18,-3.335));
#13958=VECTOR('',#14214,1.0);
#13959=CARTESIAN_POINT('',(-5.695,-2.18,-3.335));
#13960=VECTOR('',#14215,1.0);
#13961=CARTESIAN_POINT('',(-4.46499999999983,-0.971925023541609,-4.33624531546223));
#13962=CARTESIAN_POINT('',(-4.465,-0.507009262183964,-4.41822250794619));
#13963=VECTOR('',#14216,1.0);
#13964=CARTESIAN_POINT('',(-4.465,-1.36449622881461,-4.33603756472984));
#13965=VECTOR('',#14217,1.0);
#13966=CARTESIAN_POINT('',(-5.69500000000011,-0.971925023541609,-4.33624531546223));
#13967=CARTESIAN_POINT('',(-5.695,-0.507009262183964,-4.41822250794619));
#13968=VECTOR('',#14218,1.0);
#13969=CARTESIAN_POINT('',(-5.695,-1.36449622881461,-4.33603756472984));
#13970=VECTOR('',#14219,1.0);
#13971=CARTESIAN_POINT('',(-4.08,-0.971925023541609,-4.33624531546223));
#13972=VECTOR('',#14220,1.0);
#13973=CARTESIAN_POINT('',(7.00499999999977,-0.0432260582451708,4.5));
#13974=CARTESIAN_POINT('',(8.23500000000023,-0.0432260582451672,4.5));
#13975=CARTESIAN_POINT('',(7.12,-0.043226058245171,4.5));
#13976=VECTOR('',#14221,1.0);
#13977=CARTESIAN_POINT('',(8.235,-2.18,4.5));
#13978=CARTESIAN_POINT('',(8.235,-0.68,4.5));
#13979=VECTOR('',#14222,1.0);
#13980=CARTESIAN_POINT('',(7.005,-2.18,4.5));
#13981=CARTESIAN_POINT('',(7.62,-2.18,4.5));
#13982=VECTOR('',#14223,1.0);
#13983=CARTESIAN_POINT('',(7.005,-0.68,4.5));
#13984=VECTOR('',#14224,1.0);
#13985=CARTESIAN_POINT('',(7.00499999999991,-2.18,4.3356059958744));
#13986=CARTESIAN_POINT('',(7.00499999999983,-0.971925023541609,4.33624531546223));
#13987=CARTESIAN_POINT('',(7.005,-1.36449622881461,4.33603756472984));
#13988=VECTOR('',#14225,1.0);
#13989=CARTESIAN_POINT('',(7.005,-0.507009262183964,4.41822250794619));
#13990=VECTOR('',#14226,1.0);
#13991=CARTESIAN_POINT('',(7.005,-2.18,3.335));
#13992=VECTOR('',#14227,1.0);
#13993=CARTESIAN_POINT('',(8.23499999999995,-2.18,4.3356059958744));
#13994=CARTESIAN_POINT('',(7.12,-2.18,4.3356059958744));
#13995=VECTOR('',#14228,1.0);
#13996=CARTESIAN_POINT('',(8.235,-2.18,3.335));
#13997=VECTOR('',#14229,1.0);
#13998=CARTESIAN_POINT('',(8.23500000000011,-0.971925023541609,4.33624531546223));
#13999=CARTESIAN_POINT('',(8.235,-1.36449622881461,4.33603756472983));
#14000=VECTOR('',#14230,1.0);
#14001=CARTESIAN_POINT('',(8.235,-0.507009262183964,4.41822250794619));
#14002=VECTOR('',#14231,1.0);
#14003=CARTESIAN_POINT('',(6.62,-0.971925023541609,4.33624531546223));
#14004=VECTOR('',#14232,1.0);
#14005=CARTESIAN_POINT('',(1.92499999999977,-0.0432260582451708,4.5));
#14006=CARTESIAN_POINT('',(3.15500000000023,-0.0432260582451672,4.5));
#14007=CARTESIAN_POINT('',(2.04,-0.043226058245171,4.5));
#14008=VECTOR('',#14233,1.0);
#14009=CARTESIAN_POINT('',(3.155,-2.18,4.5));
#14010=CARTESIAN_POINT('',(3.155,-0.68,4.5));
#14011=VECTOR('',#14234,1.0);
#14012=CARTESIAN_POINT('',(1.925,-2.18,4.5));
#14013=CARTESIAN_POINT('',(2.54,-2.18,4.5));
#14014=VECTOR('',#14235,1.0);
#14015=CARTESIAN_POINT('',(1.925,-0.68,4.5));
#14016=VECTOR('',#14236,1.0);
#14017=CARTESIAN_POINT('',(1.92499999999991,-2.18,4.3356059958744));
#14018=CARTESIAN_POINT('',(1.92499999999983,-0.971925023541609,4.33624531546223));
#14019=CARTESIAN_POINT('',(1.925,-1.36449622881461,4.33603756472984));
#14020=VECTOR('',#14237,1.0);
#14021=CARTESIAN_POINT('',(1.925,-0.507009262183964,4.41822250794619));
#14022=VECTOR('',#14238,1.0);
#14023=CARTESIAN_POINT('',(1.925,-2.18,3.335));
#14024=VECTOR('',#14239,1.0);
#14025=CARTESIAN_POINT('',(3.15499999999995,-2.18,4.3356059958744));
#14026=CARTESIAN_POINT('',(2.04,-2.18,4.3356059958744));
#14027=VECTOR('',#14240,1.0);
#14028=CARTESIAN_POINT('',(3.155,-2.18,3.335));
#14029=VECTOR('',#14241,1.0);
#14030=CARTESIAN_POINT('',(3.15500000000011,-0.971925023541609,4.33624531546223));
#14031=CARTESIAN_POINT('',(3.155,-1.36449622881461,4.33603756472984));
#14032=VECTOR('',#14242,1.0);
#14033=CARTESIAN_POINT('',(3.155,-0.507009262183964,4.41822250794619));
#14034=VECTOR('',#14243,1.0);
#14035=CARTESIAN_POINT('',(1.54,-0.971925023541609,4.33624531546223));
#14036=VECTOR('',#14244,1.0);
#14037=CARTESIAN_POINT('',(-3.15500000000023,-0.0432260582451708,4.5));
#14038=CARTESIAN_POINT('',(-1.92499999999977,-0.0432260582451672,4.5));
#14039=CARTESIAN_POINT('',(-3.04,-0.043226058245171,4.5));
#14040=VECTOR('',#14245,1.0);
#14041=CARTESIAN_POINT('',(-1.925,-2.18,4.5));
#14042=CARTESIAN_POINT('',(-1.925,-0.68,4.5));
#14043=VECTOR('',#14246,1.0);
#14044=CARTESIAN_POINT('',(-3.155,-2.18,4.5));
#14045=CARTESIAN_POINT('',(-2.54,-2.18,4.5));
#14046=VECTOR('',#14247,1.0);
#14047=CARTESIAN_POINT('',(-3.155,-0.68,4.5));
#14048=VECTOR('',#14248,1.0);
#14049=CARTESIAN_POINT('',(-3.15500000000009,-2.18,4.3356059958744));
#14050=CARTESIAN_POINT('',(-3.15500000000017,-0.971925023541609,4.33624531546223));
#14051=CARTESIAN_POINT('',(-3.155,-1.36449622881461,4.33603756472984));
#14052=VECTOR('',#14249,1.0);
#14053=CARTESIAN_POINT('',(-3.155,-0.507009262183964,4.41822250794619));
#14054=VECTOR('',#14250,1.0);
#14055=CARTESIAN_POINT('',(-3.155,-2.18,3.335));
#14056=VECTOR('',#14251,1.0);
#14057=CARTESIAN_POINT('',(-1.92500000000005,-2.18,4.3356059958744));
#14058=CARTESIAN_POINT('',(-3.04,-2.18,4.3356059958744));
#14059=VECTOR('',#14252,1.0);
#14060=CARTESIAN_POINT('',(-1.925,-2.18,3.335));
#14061=VECTOR('',#14253,1.0);
#14062=CARTESIAN_POINT('',(-1.92499999999989,-0.971925023541609,4.33624531546223));
#14063=CARTESIAN_POINT('',(-1.925,-1.36449622881461,4.33603756472984));
#14064=VECTOR('',#14254,1.0);
#14065=CARTESIAN_POINT('',(-1.925,-0.507009262183964,4.41822250794619));
#14066=VECTOR('',#14255,1.0);
#14067=CARTESIAN_POINT('',(-3.54,-0.971925023541609,4.33624531546223));
#14068=VECTOR('',#14256,1.0);
#14069=CARTESIAN_POINT('',(-8.23500000000023,-0.0432260582451708,4.5));
#14070=CARTESIAN_POINT('',(-7.00499999999977,-0.0432260582451672,4.5));
#14071=CARTESIAN_POINT('',(-8.12,-0.043226058245171,4.5));
#14072=VECTOR('',#14257,1.0);
#14073=CARTESIAN_POINT('',(-7.005,-2.18,4.5));
#14074=CARTESIAN_POINT('',(-7.005,-0.68,4.5));
#14075=VECTOR('',#14258,1.0);
#14076=CARTESIAN_POINT('',(-8.235,-2.18,4.5));
#14077=CARTESIAN_POINT('',(-7.62,-2.18,4.5));
#14078=VECTOR('',#14259,1.0);
#14079=CARTESIAN_POINT('',(-8.235,-0.68,4.5));
#14080=VECTOR('',#14260,1.0);
#14081=CARTESIAN_POINT('',(-8.23500000000009,-2.18,4.3356059958744));
#14082=CARTESIAN_POINT('',(-8.23500000000017,-0.971925023541609,4.33624531546223));
#14083=CARTESIAN_POINT('',(-8.235,-1.36449622881461,4.33603756472984));
#14084=VECTOR('',#14261,1.0);
#14085=CARTESIAN_POINT('',(-8.235,-0.507009262183964,4.41822250794619));
#14086=VECTOR('',#14262,1.0);
#14087=CARTESIAN_POINT('',(-8.235,-2.18,3.335));
#14088=VECTOR('',#14263,1.0);
#14089=CARTESIAN_POINT('',(-7.00500000000005,-2.18,4.3356059958744));
#14090=CARTESIAN_POINT('',(-8.12,-2.18,4.3356059958744));
#14091=VECTOR('',#14264,1.0);
#14092=CARTESIAN_POINT('',(-7.005,-2.18,3.335));
#14093=VECTOR('',#14265,1.0);
#14094=CARTESIAN_POINT('',(-7.00499999999989,-0.971925023541609,4.33624531546223));
#14095=CARTESIAN_POINT('',(-7.005,-1.36449622881461,4.33603756472984));
#14096=VECTOR('',#14266,1.0);
#14097=CARTESIAN_POINT('',(-7.005,-0.507009262183964,4.41822250794619));
#14098=VECTOR('',#14267,1.0);
#14099=CARTESIAN_POINT('',(-8.62,-0.971925023541609,4.33624531546223));
#14100=VECTOR('',#14268,1.0);
#14101=DIRECTION('',(1.0,-6.94508775062236E-16,-6.12303176911189E-17));
#14102=DIRECTION('',(0.0,-1.0,0.0));
#14103=DIRECTION('',(1.0,0.0,-6.12303176911189E-17));
#14104=DIRECTION('',(0.0,1.0,0.0));
#14105=DIRECTION('',(3.24033994165382E-20,0.999999859970945,0.000529205149318344));
#14106=DIRECTION('',(1.06325330850282E-17,0.984807753012213,0.173648177666902));
#14107=DIRECTION('',(6.12303176911189E-17,0.0,1.0));
#14108=DIRECTION('',(-1.0,0.0,-6.12303176911189E-17));
#14109=DIRECTION('',(-6.12303176911189E-17,0.0,-1.0));
#14110=DIRECTION('',(-3.24033994165382E-20,-0.999999859970945,-0.000529205149318344));
#14111=DIRECTION('',(-1.06325330850282E-17,-0.984807753012213,-0.173648177666902));
#14112=DIRECTION('',(1.0,0.0,6.12303176911189E-17));
#14113=DIRECTION('',(1.0,-6.94508775062236E-16,-6.12303176911189E-17));
#14114=DIRECTION('',(0.0,-1.0,0.0));
#14115=DIRECTION('',(1.0,0.0,-6.12303176911189E-17));
#14116=DIRECTION('',(0.0,1.0,0.0));
#14117=DIRECTION('',(3.24033994165382E-20,0.999999859970945,0.000529205149318344));
#14118=DIRECTION('',(1.06325330850282E-17,0.984807753012213,0.173648177666902));
#14119=DIRECTION('',(6.12303176911189E-17,0.0,1.0));
#14120=DIRECTION('',(-1.0,0.0,-6.12303176911189E-17));
#14121=DIRECTION('',(-6.12303176911189E-17,0.0,-1.0));
#14122=DIRECTION('',(-3.24033994165382E-20,-0.999999859970945,-0.000529205149318344));
#14123=DIRECTION('',(-1.06325330850282E-17,-0.984807753012213,-0.173648177666902));
#14124=DIRECTION('',(1.0,0.0,6.12303176911189E-17));
#14125=DIRECTION('',(1.0,-6.94508775062236E-16,-6.12303176911189E-17));
#14126=DIRECTION('',(0.0,-1.0,0.0));
#14127=DIRECTION('',(1.0,0.0,-6.12303176911189E-17));
#14128=DIRECTION('',(0.0,1.0,0.0));
#14129=DIRECTION('',(3.24033994165382E-20,0.999999859970945,0.000529205149318344));
#14130=DIRECTION('',(1.06325330850282E-17,0.984807753012213,0.173648177666902));
#14131=DIRECTION('',(6.12303176911189E-17,0.0,1.0));
#14132=DIRECTION('',(-1.0,0.0,-6.12303176911189E-17));
#14133=DIRECTION('',(-6.12303176911189E-17,0.0,-1.0));
#14134=DIRECTION('',(-3.24033994165382E-20,-0.999999859970945,-0.000529205149318344));
#14135=DIRECTION('',(-1.06325330850282E-17,-0.984807753012213,-0.173648177666902));
#14136=DIRECTION('',(1.0,0.0,6.12303176911189E-17));
#14137=DIRECTION('',(-1.0,0.0,6.12303176911189E-17));
#14138=DIRECTION('',(0.0,-1.0,0.0));
#14139=DIRECTION('',(1.0,0.0,-6.12303176911189E-17));
#14140=DIRECTION('',(0.0,1.0,0.0));
#14141=DIRECTION('',(1.0,0.0,-6.12303176911189E-17));
#14142=DIRECTION('',(-6.12303176911189E-17,0.0,-1.0));
#14143=DIRECTION('',(6.12303176911189E-17,0.0,1.0));
#14144=DIRECTION('',(-1.06325330850282E-17,0.984807753012213,-0.173648177666902));
#14145=DIRECTION('',(-3.24033994165382E-20,0.999999859970945,-0.000529205149318344));
#14146=DIRECTION('',(1.06325330850282E-17,-0.984807753012213,0.173648177666902));
#14147=DIRECTION('',(3.24033994165382E-20,-0.999999859970945,0.000529205149318344));
#14148=DIRECTION('',(-1.0,0.0,6.12303176911189E-17));
#14149=DIRECTION('',(-1.0,0.0,6.12303176911189E-17));
#14150=DIRECTION('',(0.0,-1.0,0.0));
#14151=DIRECTION('',(1.0,0.0,-6.12303176911189E-17));
#14152=DIRECTION('',(0.0,1.0,0.0));
#14153=DIRECTION('',(1.0,0.0,-6.12303176911189E-17));
#14154=DIRECTION('',(-6.12303176911189E-17,0.0,-1.0));
#14155=DIRECTION('',(6.12303176911189E-17,0.0,1.0));
#14156=DIRECTION('',(-1.06325330850282E-17,0.984807753012213,-0.173648177666902));
#14157=DIRECTION('',(-3.24033994165382E-20,0.999999859970945,-0.000529205149318344));
#14158=DIRECTION('',(1.06325330850282E-17,-0.984807753012213,0.173648177666902));
#14159=DIRECTION('',(3.24033994165382E-20,-0.999999859970945,0.000529205149318344));
#14160=DIRECTION('',(-1.0,0.0,6.12303176911189E-17));
#14161=DIRECTION('',(-1.0,0.0,6.12303176911189E-17));
#14162=DIRECTION('',(0.0,-1.0,0.0));
#14163=DIRECTION('',(1.0,0.0,-6.12303176911189E-17));
#14164=DIRECTION('',(0.0,1.0,0.0));
#14165=DIRECTION('',(1.0,0.0,-6.12303176911189E-17));
#14166=DIRECTION('',(-6.12303176911189E-17,0.0,-1.0));
#14167=DIRECTION('',(6.12303176911189E-17,0.0,1.0));
#14168=DIRECTION('',(-1.06325330850282E-17,0.984807753012213,-0.173648177666902));
#14169=DIRECTION('',(-3.24033994165382E-20,0.999999859970945,-0.000529205149318344));
#14170=DIRECTION('',(1.06325330850282E-17,-0.984807753012213,0.173648177666902));
#14171=DIRECTION('',(3.24033994165382E-20,-0.999999859970945,0.000529205149318344));
#14172=DIRECTION('',(-1.0,0.0,6.12303176911189E-17));
#14173=DIRECTION('',(-1.0,0.0,6.12303176911189E-17));
#14174=DIRECTION('',(0.0,-1.0,0.0));
#14175=DIRECTION('',(1.0,0.0,-6.12303176911189E-17));
#14176=DIRECTION('',(0.0,1.0,0.0));
#14177=DIRECTION('',(1.0,0.0,-6.12303176911189E-17));
#14178=DIRECTION('',(-6.12303176911189E-17,0.0,-1.0));
#14179=DIRECTION('',(6.12303176911189E-17,0.0,1.0));
#14180=DIRECTION('',(-1.06325330850282E-17,0.984807753012213,-0.173648177666902));
#14181=DIRECTION('',(-3.24033994165382E-20,0.999999859970945,-0.000529205149318344));
#14182=DIRECTION('',(1.06325330850282E-17,-0.984807753012213,0.173648177666902));
#14183=DIRECTION('',(3.24033994165382E-20,-0.999999859970945,0.000529205149318344));
#14184=DIRECTION('',(-1.0,0.0,6.12303176911189E-17));
#14185=DIRECTION('',(-1.0,0.0,6.12303176911189E-17));
#14186=DIRECTION('',(0.0,-1.0,0.0));
#14187=DIRECTION('',(1.0,0.0,-6.12303176911189E-17));
#14188=DIRECTION('',(0.0,1.0,0.0));
#14189=DIRECTION('',(1.0,0.0,-6.12303176911189E-17));
#14190=DIRECTION('',(-6.12303176911189E-17,0.0,-1.0));
#14191=DIRECTION('',(6.12303176911189E-17,0.0,1.0));
#14192=DIRECTION('',(-1.06325330850282E-17,0.984807753012213,-0.173648177666902));
#14193=DIRECTION('',(-3.24033994165382E-20,0.999999859970945,-0.000529205149318344));
#14194=DIRECTION('',(1.06325330850282E-17,-0.984807753012213,0.173648177666902));
#14195=DIRECTION('',(3.24033994165382E-20,-0.999999859970945,0.000529205149318344));
#14196=DIRECTION('',(-1.0,0.0,6.12303176911189E-17));
#14197=DIRECTION('',(-1.0,0.0,6.12303176911189E-17));
#14198=DIRECTION('',(0.0,-1.0,0.0));
#14199=DIRECTION('',(1.0,0.0,-6.12303176911189E-17));
#14200=DIRECTION('',(0.0,1.0,0.0));
#14201=DIRECTION('',(1.0,0.0,-6.12303176911189E-17));
#14202=DIRECTION('',(-6.12303176911189E-17,0.0,-1.0));
#14203=DIRECTION('',(6.12303176911189E-17,0.0,1.0));
#14204=DIRECTION('',(-1.06325330850282E-17,0.984807753012213,-0.173648177666902));
#14205=DIRECTION('',(-3.24033994165382E-20,0.999999859970945,-0.000529205149318344));
#14206=DIRECTION('',(1.06325330850282E-17,-0.984807753012213,0.173648177666902));
#14207=DIRECTION('',(3.24033994165382E-20,-0.999999859970945,0.000529205149318344));
#14208=DIRECTION('',(-1.0,0.0,6.12303176911189E-17));
#14209=DIRECTION('',(-1.0,0.0,6.12303176911189E-17));
#14210=DIRECTION('',(0.0,-1.0,0.0));
#14211=DIRECTION('',(1.0,0.0,-6.12303176911189E-17));
#14212=DIRECTION('',(0.0,1.0,0.0));
#14213=DIRECTION('',(1.0,0.0,-6.12303176911189E-17));
#14214=DIRECTION('',(-6.12303176911189E-17,0.0,-1.0));
#14215=DIRECTION('',(6.12303176911189E-17,0.0,1.0));
#14216=DIRECTION('',(-1.06325330850282E-17,0.984807753012213,-0.173648177666902));
#14217=DIRECTION('',(-3.24033994165382E-20,0.999999859970945,-0.000529205149318344));
#14218=DIRECTION('',(1.06325330850282E-17,-0.984807753012213,0.173648177666902));
#14219=DIRECTION('',(3.24033994165382E-20,-0.999999859970945,0.000529205149318344));
#14220=DIRECTION('',(-1.0,0.0,6.12303176911189E-17));
#14221=DIRECTION('',(1.0,-6.94508775062236E-16,-6.12303176911189E-17));
#14222=DIRECTION('',(0.0,-1.0,0.0));
#14223=DIRECTION('',(1.0,0.0,-6.12303176911189E-17));
#14224=DIRECTION('',(0.0,1.0,0.0));
#14225=DIRECTION('',(3.24033994165382E-20,0.999999859970945,0.000529205149318344));
#14226=DIRECTION('',(1.06325330850282E-17,0.984807753012213,0.173648177666902));
#14227=DIRECTION('',(6.12303176911189E-17,0.0,1.0));
#14228=DIRECTION('',(-1.0,0.0,-6.12303176911189E-17));
#14229=DIRECTION('',(-6.12303176911189E-17,0.0,-1.0));
#14230=DIRECTION('',(-3.24033994165382E-20,-0.999999859970945,-0.000529205149318344));
#14231=DIRECTION('',(-1.06325330850282E-17,-0.984807753012213,-0.173648177666902));
#14232=DIRECTION('',(1.0,0.0,6.12303176911189E-17));
#14233=DIRECTION('',(1.0,-6.94508775062236E-16,-6.12303176911189E-17));
#14234=DIRECTION('',(0.0,-1.0,0.0));
#14235=DIRECTION('',(1.0,0.0,-6.12303176911189E-17));
#14236=DIRECTION('',(0.0,1.0,0.0));
#14237=DIRECTION('',(3.24033994165382E-20,0.999999859970945,0.000529205149318344));
#14238=DIRECTION('',(1.06325330850282E-17,0.984807753012213,0.173648177666902));
#14239=DIRECTION('',(6.12303176911189E-17,0.0,1.0));
#14240=DIRECTION('',(-1.0,0.0,-6.12303176911189E-17));
#14241=DIRECTION('',(-6.12303176911189E-17,0.0,-1.0));
#14242=DIRECTION('',(-3.24033994165382E-20,-0.999999859970945,-0.000529205149318344));
#14243=DIRECTION('',(-1.06325330850282E-17,-0.984807753012213,-0.173648177666902));
#14244=DIRECTION('',(1.0,0.0,6.12303176911189E-17));
#14245=DIRECTION('',(1.0,-6.94508775062236E-16,-6.12303176911189E-17));
#14246=DIRECTION('',(0.0,-1.0,0.0));
#14247=DIRECTION('',(1.0,0.0,-6.12303176911189E-17));
#14248=DIRECTION('',(0.0,1.0,0.0));
#14249=DIRECTION('',(3.24033994165382E-20,0.999999859970945,0.000529205149318344));
#14250=DIRECTION('',(1.06325330850282E-17,0.984807753012213,0.173648177666902));
#14251=DIRECTION('',(6.12303176911189E-17,0.0,1.0));
#14252=DIRECTION('',(-1.0,0.0,-6.12303176911189E-17));
#14253=DIRECTION('',(-6.12303176911189E-17,0.0,-1.0));
#14254=DIRECTION('',(-3.24033994165382E-20,-0.999999859970945,-0.000529205149318344));
#14255=DIRECTION('',(-1.06325330850282E-17,-0.984807753012213,-0.173648177666902));
#14256=DIRECTION('',(1.0,0.0,6.12303176911189E-17));
#14257=DIRECTION('',(1.0,-6.94508775062236E-16,-6.12303176911189E-17));
#14258=DIRECTION('',(0.0,-1.0,0.0));
#14259=DIRECTION('',(1.0,0.0,-6.12303176911189E-17));
#14260=DIRECTION('',(0.0,1.0,0.0));
#14261=DIRECTION('',(3.24033994165382E-20,0.999999859970945,0.000529205149318344));
#14262=DIRECTION('',(1.06325330850282E-17,0.984807753012213,0.173648177666902));
#14263=DIRECTION('',(6.12303176911189E-17,0.0,1.0));
#14264=DIRECTION('',(-1.0,0.0,-6.12303176911189E-17));
#14265=DIRECTION('',(-6.12303176911189E-17,0.0,-1.0));
#14266=DIRECTION('',(-3.24033994165382E-20,-0.999999859970945,-0.000529205149318344));
#14267=DIRECTION('',(-1.06325330850282E-17,-0.984807753012213,-0.173648177666902));
#14268=DIRECTION('',(1.0,0.0,6.12303176911189E-17));
ENDSEC;
END-ISO-10303-21;
